 -3.5000E+01  2.4329E-04
 -3.4988E+01  2.6390E-04
 -3.4976E+01  2.8053E-04
 -3.4964E+01  2.9243E-04
 -3.4952E+01  2.9931E-04
 -3.4940E+01  3.0140E-04
 -3.4929E+01  2.9942E-04
 -3.4917E+01  2.9460E-04
 -3.4905E+01  2.8859E-04
 -3.4893E+01  2.8332E-04
 -3.4881E+01  2.8098E-04
 -3.4869E+01  2.8376E-04
 -3.4857E+01  2.9383E-04
 -3.4845E+01  3.1310E-04
 -3.4833E+01  3.4313E-04
 -3.4821E+01  3.8504E-04
 -3.4809E+01  4.3939E-04
 -3.4798E+01  5.0614E-04
 -3.4786E+01  5.8464E-04
 -3.4774E+01  6.7364E-04
 -3.4762E+01  7.7134E-04
 -3.4750E+01  8.7547E-04
 -3.4738E+01  9.8342E-04
 -3.4726E+01  1.0923E-03
 -3.4714E+01  1.1992E-03
 -3.4702E+01  1.3012E-03
 -3.4690E+01  1.3955E-03
 -3.4678E+01  1.4797E-03
 -3.4667E+01  1.5515E-03
 -3.4655E+01  1.6094E-03
 -3.4643E+01  1.6521E-03
 -3.4631E+01  1.6789E-03
 -3.4619E+01  1.6898E-03
 -3.4607E+01  1.6849E-03
 -3.4595E+01  1.6651E-03
 -3.4583E+01  1.6315E-03
 -3.4571E+01  1.5854E-03
 -3.4559E+01  1.5286E-03
 -3.4547E+01  1.4628E-03
 -3.4536E+01  1.3900E-03
 -3.4524E+01  1.3118E-03
 -3.4512E+01  1.2302E-03
 -3.4500E+01  1.1466E-03
 -3.4488E+01  1.0627E-03
 -3.4476E+01  9.7972E-04
 -3.4464E+01  8.9862E-04
 -3.4452E+01  8.2031E-04
 -3.4440E+01  7.4542E-04
 -3.4428E+01  6.7441E-04
 -3.4416E+01  6.0759E-04
 -3.4405E+01  5.4511E-04
 -3.4393E+01  4.8703E-04
 -3.4381E+01  4.3330E-04
 -3.4369E+01  3.8383E-04
 -3.4357E+01  3.3848E-04
 -3.4345E+01  2.9709E-04
 -3.4333E+01  2.5949E-04
 -3.4321E+01  2.2549E-04
 -3.4309E+01  1.9492E-04
 -3.4297E+01  1.6761E-04
 -3.4285E+01  1.4339E-04
 -3.4274E+01  1.2210E-04
 -3.4262E+01  1.0359E-04
 -3.4250E+01  8.7706E-05
 -3.4238E+01  7.4287E-05
 -3.4226E+01  6.3182E-05
 -3.4214E+01  5.4229E-05
 -3.4202E+01  4.7260E-05
 -3.4190E+01  4.2100E-05
 -3.4178E+01  3.8563E-05
 -3.4166E+01  3.6455E-05
 -3.4154E+01  3.5573E-05
 -3.4143E+01  3.5707E-05
 -3.4131E+01  3.6641E-05
 -3.4119E+01  3.8158E-05
 -3.4107E+01  4.0043E-05
 -3.4095E+01  4.2092E-05
 -3.4083E+01  4.4114E-05
 -3.4071E+01  4.5941E-05
 -3.4059E+01  4.7433E-05
 -3.4047E+01  4.8488E-05
 -3.4035E+01  4.9042E-05
 -3.4023E+01  4.9081E-05
 -3.4012E+01  4.8639E-05
 -3.4000E+01  4.7800E-05
 -3.3988E+01  4.6697E-05
 -3.3976E+01  4.5507E-05
 -3.3964E+01  4.4445E-05
 -3.3952E+01  4.3755E-05
 -3.3940E+01  4.3696E-05
 -3.3928E+01  4.4534E-05
 -3.3916E+01  4.6524E-05
 -3.3904E+01  4.9896E-05
 -3.3892E+01  5.4845E-05
 -3.3881E+01  6.1517E-05
 -3.3869E+01  6.9999E-05
 -3.3857E+01  8.0316E-05
 -3.3845E+01  9.2422E-05
 -3.3833E+01  1.0621E-04
 -3.3821E+01  1.2149E-04
 -3.3809E+01  1.3805E-04
 -3.3797E+01  1.5560E-04
 -3.3785E+01  1.7383E-04
 -3.3773E+01  1.9240E-04
 -3.3761E+01  2.1096E-04
 -3.3750E+01  2.2917E-04
 -3.3738E+01  2.4671E-04
 -3.3726E+01  2.6328E-04
 -3.3714E+01  2.7861E-04
 -3.3702E+01  2.9248E-04
 -3.3690E+01  3.0472E-04
 -3.3678E+01  3.1521E-04
 -3.3666E+01  3.2386E-04
 -3.3654E+01  3.3064E-04
 -3.3642E+01  3.3558E-04
 -3.3630E+01  3.3870E-04
 -3.3619E+01  3.4009E-04
 -3.3607E+01  3.3985E-04
 -3.3595E+01  3.3808E-04
 -3.3583E+01  3.3491E-04
 -3.3571E+01  3.3045E-04
 -3.3559E+01  3.2482E-04
 -3.3547E+01  3.1813E-04
 -3.3535E+01  3.1049E-04
 -3.3523E+01  3.0200E-04
 -3.3511E+01  2.9272E-04
 -3.3499E+01  2.8274E-04
 -3.3488E+01  2.7212E-04
 -3.3476E+01  2.6091E-04
 -3.3464E+01  2.4917E-04
 -3.3452E+01  2.3696E-04
 -3.3440E+01  2.2432E-04
 -3.3428E+01  2.1131E-04
 -3.3416E+01  1.9799E-04
 -3.3404E+01  1.8444E-04
 -3.3392E+01  1.7074E-04
 -3.3380E+01  1.5698E-04
 -3.3368E+01  1.4327E-04
 -3.3357E+01  1.2975E-04
 -3.3345E+01  1.1655E-04
 -3.3333E+01  1.0382E-04
 -3.3321E+01  9.1719E-05
 -3.3309E+01  8.0421E-05
 -3.3297E+01  7.0084E-05
 -3.3285E+01  6.0860E-05
 -3.3273E+01  5.2886E-05
 -3.3261E+01  4.6267E-05
 -3.3249E+01  4.1078E-05
 -3.3237E+01  3.7348E-05
 -3.3226E+01  3.5057E-05
 -3.3214E+01  3.4137E-05
 -3.3202E+01  3.4465E-05
 -3.3190E+01  3.5867E-05
 -3.3178E+01  3.8129E-05
 -3.3166E+01  4.1003E-05
 -3.3154E+01  4.4218E-05
 -3.3142E+01  4.7497E-05
 -3.3130E+01  5.0572E-05
 -3.3118E+01  5.3201E-05
 -3.3106E+01  5.5182E-05
 -3.3095E+01  5.6365E-05
 -3.3083E+01  5.6668E-05
 -3.3071E+01  5.6074E-05
 -3.3059E+01  5.4644E-05
 -3.3047E+01  5.2504E-05
 -3.3035E+01  4.9845E-05
 -3.3023E+01  4.6908E-05
 -3.3011E+01  4.3967E-05
 -3.2999E+01  4.1313E-05
 -3.2987E+01  3.9236E-05
 -3.2976E+01  3.8001E-05
 -3.2964E+01  3.7835E-05
 -3.2952E+01  3.8912E-05
 -3.2940E+01  4.1341E-05
 -3.2928E+01  4.5161E-05
 -3.2916E+01  5.0346E-05
 -3.2904E+01  5.6804E-05
 -3.2892E+01  6.4392E-05
 -3.2880E+01  7.2927E-05
 -3.2868E+01  8.2204E-05
 -3.2856E+01  9.2014E-05
 -3.2845E+01  1.0216E-04
 -3.2833E+01  1.1247E-04
 -3.2821E+01  1.2281E-04
 -3.2809E+01  1.3310E-04
 -3.2797E+01  1.4329E-04
 -3.2785E+01  1.5340E-04
 -3.2773E+01  1.6348E-04
 -3.2761E+01  1.7358E-04
 -3.2749E+01  1.8379E-04
 -3.2737E+01  1.9419E-04
 -3.2725E+01  2.0481E-04
 -3.2714E+01  2.1567E-04
 -3.2702E+01  2.2673E-04
 -3.2690E+01  2.3788E-04
 -3.2678E+01  2.4897E-04
 -3.2666E+01  2.5978E-04
 -3.2654E+01  2.7005E-04
 -3.2642E+01  2.7950E-04
 -3.2630E+01  2.8782E-04
 -3.2618E+01  2.9471E-04
 -3.2606E+01  2.9993E-04
 -3.2594E+01  3.0327E-04
 -3.2583E+01  3.0458E-04
 -3.2571E+01  3.0382E-04
 -3.2559E+01  3.0101E-04
 -3.2547E+01  2.9627E-04
 -3.2535E+01  2.8978E-04
 -3.2523E+01  2.8182E-04
 -3.2511E+01  2.7266E-04
 -3.2499E+01  2.6263E-04
 -3.2487E+01  2.5204E-04
 -3.2475E+01  2.4116E-04
 -3.2463E+01  2.3023E-04
 -3.2452E+01  2.1942E-04
 -3.2440E+01  2.0883E-04
 -3.2428E+01  1.9847E-04
 -3.2416E+01  1.8832E-04
 -3.2404E+01  1.7828E-04
 -3.2392E+01  1.6823E-04
 -3.2380E+01  1.5803E-04
 -3.2368E+01  1.4757E-04
 -3.2356E+01  1.3677E-04
 -3.2344E+01  1.2560E-04
 -3.2332E+01  1.1412E-04
 -3.2321E+01  1.0245E-04
 -3.2309E+01  9.0809E-05
 -3.2297E+01  7.9461E-05
 -3.2285E+01  6.8726E-05
 -3.2273E+01  5.8947E-05
 -3.2261E+01  5.0454E-05
 -3.2249E+01  4.3540E-05
 -3.2237E+01  3.8429E-05
 -3.2225E+01  3.5244E-05
 -3.2213E+01  3.3996E-05
 -3.2201E+01  3.4569E-05
 -3.2190E+01  3.6724E-05
 -3.2178E+01  4.0109E-05
 -3.2166E+01  4.4283E-05
 -3.2154E+01  4.8751E-05
 -3.2142E+01  5.3000E-05
 -3.2130E+01  5.6548E-05
 -3.2118E+01  5.8982E-05
 -3.2106E+01  6.0004E-05
 -3.2094E+01  5.9459E-05
 -3.2082E+01  5.7356E-05
 -3.2070E+01  5.3879E-05
 -3.2059E+01  4.9376E-05
 -3.2047E+01  4.4336E-05
 -3.2035E+01  3.9359E-05
 -3.2023E+01  3.5107E-05
 -3.2011E+01  3.2249E-05
 -3.1999E+01  3.1415E-05
 -3.1987E+01  3.3137E-05
 -3.1975E+01  3.7810E-05
 -3.1963E+01  4.5664E-05
 -3.1951E+01  5.6744E-05
 -3.1939E+01  7.0918E-05
 -3.1928E+01  8.7900E-05
 -3.1916E+01  1.0729E-04
 -3.1904E+01  1.2864E-04
 -3.1892E+01  1.5150E-04
 -3.1880E+01  1.7552E-04
 -3.1868E+01  2.0051E-04
 -3.1856E+01  2.2648E-04
 -3.1844E+01  2.5373E-04
 -3.1832E+01  2.8283E-04
 -3.1820E+01  3.1465E-04
 -3.1808E+01  3.5032E-04
 -3.1797E+01  3.9116E-04
 -3.1785E+01  4.3858E-04
 -3.1773E+01  4.9400E-04
 -3.1761E+01  5.5871E-04
 -3.1749E+01  6.3372E-04
 -3.1737E+01  7.1963E-04
 -3.1725E+01  8.1653E-04
 -3.1713E+01  9.2387E-04
 -3.1701E+01  1.0405E-03
 -3.1689E+01  1.1643E-03
 -3.1677E+01  1.2930E-03
 -3.1666E+01  1.4231E-03
 -3.1654E+01  1.5511E-03
 -3.1642E+01  1.6729E-03
 -3.1630E+01  1.7844E-03
 -3.1618E+01  1.8817E-03
 -3.1606E+01  1.9609E-03
 -3.1594E+01  2.0189E-03
 -3.1582E+01  2.0531E-03
 -3.1570E+01  2.0620E-03
 -3.1558E+01  2.0448E-03
 -3.1546E+01  2.0020E-03
 -3.1535E+01  1.9349E-03
 -3.1523E+01  1.8460E-03
 -3.1511E+01  1.7384E-03
 -3.1499E+01  1.6163E-03
 -3.1487E+01  1.4840E-03
 -3.1475E+01  1.3463E-03
 -3.1463E+01  1.2079E-03
 -3.1451E+01  1.0734E-03
 -3.1439E+01  9.4669E-04
 -3.1427E+01  8.3118E-04
 -3.1415E+01  7.2936E-04
 -3.1404E+01  6.4278E-04
 -3.1392E+01  5.7203E-04
 -3.1380E+01  5.1676E-04
 -3.1368E+01  4.7577E-04
 -3.1356E+01  4.4715E-04
 -3.1344E+01  4.2845E-04
 -3.1332E+01  4.1692E-04
 -3.1320E+01  4.0973E-04
 -3.1308E+01  4.0416E-04
 -3.1296E+01  3.9780E-04
 -3.1284E+01  3.8877E-04
 -3.1273E+01  3.7576E-04
 -3.1261E+01  3.5816E-04
 -3.1249E+01  3.3605E-04
 -3.1237E+01  3.1016E-04
 -3.1225E+01  2.8178E-04
 -3.1213E+01  2.5261E-04
 -3.1201E+01  2.2460E-04
 -3.1189E+01  1.9977E-04
 -3.1177E+01  1.8002E-04
 -3.1165E+01  1.6695E-04
 -3.1153E+01  1.6172E-04
 -3.1142E+01  1.6495E-04
 -3.1130E+01  1.7664E-04
 -3.1118E+01  1.9618E-04
 -3.1106E+01  2.2237E-04
 -3.1094E+01  2.5354E-04
 -3.1082E+01  2.8764E-04
 -3.1070E+01  3.2244E-04
 -3.1058E+01  3.5570E-04
 -3.1046E+01  3.8536E-04
 -3.1034E+01  4.0971E-04
 -3.1022E+01  4.2755E-04
 -3.1011E+01  4.3834E-04
 -3.0999E+01  4.4224E-04
 -3.0987E+01  4.4013E-04
 -3.0975E+01  4.3365E-04
 -3.0963E+01  4.2504E-04
 -3.0951E+01  4.1705E-04
 -3.0939E+01  4.1277E-04
 -3.0927E+01  4.1545E-04
 -3.0915E+01  4.2825E-04
 -3.0903E+01  4.5408E-04
 -3.0891E+01  4.9540E-04
 -3.0880E+01  5.5402E-04
 -3.0868E+01  6.3098E-04
 -3.0856E+01  7.2646E-04
 -3.0844E+01  8.3975E-04
 -3.0832E+01  9.6924E-04
 -3.0820E+01  1.1125E-03
 -3.0808E+01  1.2663E-03
 -3.0796E+01  1.4270E-03
 -3.0784E+01  1.5903E-03
 -3.0772E+01  1.7520E-03
 -3.0760E+01  1.9076E-03
 -3.0749E+01  2.0530E-03
 -3.0737E+01  2.1844E-03
 -3.0725E+01  2.2985E-03
 -3.0713E+01  2.3928E-03
 -3.0701E+01  2.4651E-03
 -3.0689E+01  2.5145E-03
 -3.0677E+01  2.5403E-03
 -3.0665E+01  2.5430E-03
 -3.0653E+01  2.5234E-03
 -3.0641E+01  2.4829E-03
 -3.0629E+01  2.4236E-03
 -3.0618E+01  2.3475E-03
 -3.0606E+01  2.2574E-03
 -3.0594E+01  2.1556E-03
 -3.0582E+01  2.0449E-03
 -3.0570E+01  1.9278E-03
 -3.0558E+01  1.8067E-03
 -3.0546E+01  1.6837E-03
 -3.0534E+01  1.5607E-03
 -3.0522E+01  1.4395E-03
 -3.0510E+01  1.3213E-03
 -3.0498E+01  1.2072E-03
 -3.0487E+01  1.0981E-03
 -3.0475E+01  9.9443E-04
 -3.0463E+01  8.9668E-04
 -3.0451E+01  8.0505E-04
 -3.0439E+01  7.1962E-04
 -3.0427E+01  6.4038E-04
 -3.0415E+01  5.6725E-04
 -3.0403E+01  5.0011E-04
 -3.0391E+01  4.3877E-04
 -3.0379E+01  3.8305E-04
 -3.0367E+01  3.3274E-04
 -3.0356E+01  2.8761E-04
 -3.0344E+01  2.4744E-04
 -3.0332E+01  2.1198E-04
 -3.0320E+01  1.8100E-04
 -3.0308E+01  1.5423E-04
 -3.0296E+01  1.3141E-04
 -3.0284E+01  1.1229E-04
 -3.0272E+01  9.6599E-05
 -3.0260E+01  8.4066E-05
 -3.0248E+01  7.4422E-05
 -3.0236E+01  6.7392E-05
 -3.0225E+01  6.2698E-05
 -3.0213E+01  6.0058E-05
 -3.0201E+01  5.9182E-05
 -3.0189E+01  5.9772E-05
 -3.0177E+01  6.1527E-05
 -3.0165E+01  6.4138E-05
 -3.0153E+01  6.7298E-05
 -3.0141E+01  7.0705E-05
 -3.0129E+01  7.4075E-05
 -3.0117E+01  7.7148E-05
 -3.0105E+01  7.9705E-05
 -3.0094E+01  8.1577E-05
 -3.0082E+01  8.2659E-05
 -3.0070E+01  8.2924E-05
 -3.0058E+01  8.2424E-05
 -3.0046E+01  8.1301E-05
 -3.0034E+01  7.9784E-05
 -3.0022E+01  7.8185E-05
 -3.0010E+01  7.6891E-05
 -2.9998E+01  7.6342E-05
 -2.9986E+01  7.7022E-05
 -2.9974E+01  7.9428E-05
 -2.9963E+01  8.4047E-05
 -2.9951E+01  9.1330E-05
 -2.9939E+01  1.0166E-04
 -2.9927E+01  1.1535E-04
 -2.9915E+01  1.3259E-04
 -2.9903E+01  1.5344E-04
 -2.9891E+01  1.7787E-04
 -2.9879E+01  2.0567E-04
 -2.9867E+01  2.3655E-04
 -2.9855E+01  2.7007E-04
 -2.9843E+01  3.0572E-04
 -2.9832E+01  3.4290E-04
 -2.9820E+01  3.8095E-04
 -2.9808E+01  4.1922E-04
 -2.9796E+01  4.5701E-04
 -2.9784E+01  4.9366E-04
 -2.9772E+01  5.2857E-04
 -2.9760E+01  5.6116E-04
 -2.9748E+01  5.9094E-04
 -2.9736E+01  6.1750E-04
 -2.9724E+01  6.4049E-04
 -2.9712E+01  6.5968E-04
 -2.9701E+01  6.7489E-04
 -2.9689E+01  6.8604E-04
 -2.9677E+01  6.9312E-04
 -2.9665E+01  6.9617E-04
 -2.9653E+01  6.9531E-04
 -2.9641E+01  6.9069E-04
 -2.9629E+01  6.8251E-04
 -2.9617E+01  6.7098E-04
 -2.9605E+01  6.5637E-04
 -2.9593E+01  6.3893E-04
 -2.9581E+01  6.1895E-04
 -2.9570E+01  5.9672E-04
 -2.9558E+01  5.7255E-04
 -2.9546E+01  5.4673E-04
 -2.9534E+01  5.1958E-04
 -2.9522E+01  4.9141E-04
 -2.9510E+01  4.6252E-04
 -2.9498E+01  4.3320E-04
 -2.9486E+01  4.0375E-04
 -2.9474E+01  3.7443E-04
 -2.9462E+01  3.4550E-04
 -2.9450E+01  3.1719E-04
 -2.9439E+01  2.8969E-04
 -2.9427E+01  2.6319E-04
 -2.9415E+01  2.3785E-04
 -2.9403E+01  2.1379E-04
 -2.9391E+01  1.9113E-04
 -2.9379E+01  1.6996E-04
 -2.9367E+01  1.5039E-04
 -2.9355E+01  1.3248E-04
 -2.9343E+01  1.1630E-04
 -2.9331E+01  1.0193E-04
 -2.9319E+01  8.9428E-05
 -2.9308E+01  7.8832E-05
 -2.9296E+01  7.0173E-05
 -2.9284E+01  6.3454E-05
 -2.9272E+01  5.8646E-05
 -2.9260E+01  5.5679E-05
 -2.9248E+01  5.4440E-05
 -2.9236E+01  5.4767E-05
 -2.9224E+01  5.6448E-05
 -2.9212E+01  5.9230E-05
 -2.9200E+01  6.2823E-05
 -2.9188E+01  6.6910E-05
 -2.9177E+01  7.1166E-05
 -2.9165E+01  7.5273E-05
 -2.9153E+01  7.8938E-05
 -2.9141E+01  8.1912E-05
 -2.9129E+01  8.4006E-05
 -2.9117E+01  8.5106E-05
 -2.9105E+01  8.5185E-05
 -2.9093E+01  8.4305E-05
 -2.9081E+01  8.2618E-05
 -2.9069E+01  8.0365E-05
 -2.9058E+01  7.7860E-05
 -2.9046E+01  7.5475E-05
 -2.9034E+01  7.3621E-05
 -2.9022E+01  7.2731E-05
 -2.9010E+01  7.3229E-05
 -2.8998E+01  7.5518E-05
 -2.8986E+01  7.9953E-05
 -2.8974E+01  8.6837E-05
 -2.8962E+01  9.6405E-05
 -2.8950E+01  1.0882E-04
 -2.8938E+01  1.2419E-04
 -2.8927E+01  1.4256E-04
 -2.8915E+01  1.6390E-04
 -2.8903E+01  1.8819E-04
 -2.8891E+01  2.1536E-04
 -2.8879E+01  2.4531E-04
 -2.8867E+01  2.7796E-04
 -2.8855E+01  3.1322E-04
 -2.8843E+01  3.5098E-04
 -2.8831E+01  3.9114E-04
 -2.8819E+01  4.3355E-04
 -2.8807E+01  4.7803E-04
 -2.8796E+01  5.2434E-04
 -2.8784E+01  5.7217E-04
 -2.8772E+01  6.2109E-04
 -2.8760E+01  6.7059E-04
 -2.8748E+01  7.2002E-04
 -2.8736E+01  7.6863E-04
 -2.8724E+01  8.1556E-04
 -2.8712E+01  8.5986E-04
 -2.8700E+01  9.0052E-04
 -2.8688E+01  9.3652E-04
 -2.8676E+01  9.6685E-04
 -2.8665E+01  9.9058E-04
 -2.8653E+01  1.0069E-03
 -2.8641E+01  1.0151E-03
 -2.8629E+01  1.0149E-03
 -2.8617E+01  1.0060E-03
 -2.8605E+01  9.8849E-04
 -2.8593E+01  9.6279E-04
 -2.8581E+01  9.2952E-04
 -2.8569E+01  8.8956E-04
 -2.8557E+01  8.4400E-04
 -2.8545E+01  7.9407E-04
 -2.8534E+01  7.4110E-04
 -2.8522E+01  6.8642E-04
 -2.8510E+01  6.3133E-04
 -2.8498E+01  5.7702E-04
 -2.8486E+01  5.2452E-04
 -2.8474E+01  4.7467E-04
 -2.8462E+01  4.2808E-04
 -2.8450E+01  3.8516E-04
 -2.8438E+01  3.4608E-04
 -2.8426E+01  3.1082E-04
 -2.8414E+01  2.7920E-04
 -2.8403E+01  2.5091E-04
 -2.8391E+01  2.2560E-04
 -2.8379E+01  2.0285E-04
 -2.8367E+01  1.8229E-04
 -2.8355E+01  1.6359E-04
 -2.8343E+01  1.4648E-04
 -2.8331E+01  1.3081E-04
 -2.8319E+01  1.1652E-04
 -2.8307E+01  1.0360E-04
 -2.8295E+01  9.2143E-05
 -2.8283E+01  8.2255E-05
 -2.8272E+01  7.4047E-05
 -2.8260E+01  6.7601E-05
 -2.8248E+01  6.2938E-05
 -2.8236E+01  5.9999E-05
 -2.8224E+01  5.8633E-05
 -2.8212E+01  5.8591E-05
 -2.8200E+01  5.9543E-05
 -2.8188E+01  6.1100E-05
 -2.8176E+01  6.2842E-05
 -2.8164E+01  6.4360E-05
 -2.8152E+01  6.5299E-05
 -2.8141E+01  6.5395E-05
 -2.8129E+01  6.4514E-05
 -2.8117E+01  6.2674E-05
 -2.8105E+01  6.0060E-05
 -2.8093E+01  5.7026E-05
 -2.8081E+01  5.4070E-05
 -2.8069E+01  5.1815E-05
 -2.8057E+01  5.0962E-05
 -2.8045E+01  5.2245E-05
 -2.8033E+01  5.6379E-05
 -2.8021E+01  6.4015E-05
 -2.8010E+01  7.5701E-05
 -2.7998E+01  9.1852E-05
 -2.7986E+01  1.1274E-04
 -2.7974E+01  1.3850E-04
 -2.7962E+01  1.6915E-04
 -2.7950E+01  2.0465E-04
 -2.7938E+01  2.4495E-04
 -2.7926E+01  2.9003E-04
 -2.7914E+01  3.4003E-04
 -2.7902E+01  3.9524E-04
 -2.7890E+01  4.5619E-04
 -2.7879E+01  5.2368E-04
 -2.7867E+01  5.9877E-04
 -2.7855E+01  6.8274E-04
 -2.7843E+01  7.7703E-04
 -2.7831E+01  8.8315E-04
 -2.7819E+01  1.0026E-03
 -2.7807E+01  1.1365E-03
 -2.7795E+01  1.2858E-03
 -2.7783E+01  1.4507E-03
 -2.7771E+01  1.6310E-03
 -2.7759E+01  1.8253E-03
 -2.7748E+01  2.0315E-03
 -2.7736E+01  2.2466E-03
 -2.7724E+01  2.4665E-03
 -2.7712E+01  2.6864E-03
 -2.7700E+01  2.9007E-03
 -2.7688E+01  3.1033E-03
 -2.7676E+01  3.2880E-03
 -2.7664E+01  3.4487E-03
 -2.7652E+01  3.5795E-03
 -2.7640E+01  3.6754E-03
 -2.7628E+01  3.7323E-03
 -2.7617E+01  3.7474E-03
 -2.7605E+01  3.7191E-03
 -2.7593E+01  3.6477E-03
 -2.7581E+01  3.5349E-03
 -2.7569E+01  3.3838E-03
 -2.7557E+01  3.1992E-03
 -2.7545E+01  2.9870E-03
 -2.7533E+01  2.7541E-03
 -2.7521E+01  2.5081E-03
 -2.7509E+01  2.2568E-03
 -2.7497E+01  2.0079E-03
 -2.7486E+01  1.7686E-03
 -2.7474E+01  1.5454E-03
 -2.7462E+01  1.3436E-03
 -2.7450E+01  1.1669E-03
 -2.7438E+01  1.0179E-03
 -2.7426E+01  8.9716E-04
 -2.7414E+01  8.0408E-04
 -2.7402E+01  7.3650E-04
 -2.7390E+01  6.9114E-04
 -2.7378E+01  6.6385E-04
 -2.7366E+01  6.4993E-04
 -2.7355E+01  6.4451E-04
 -2.7343E+01  6.4283E-04
 -2.7331E+01  6.4062E-04
 -2.7319E+01  6.3436E-04
 -2.7307E+01  6.2146E-04
 -2.7295E+01  6.0038E-04
 -2.7283E+01  5.7076E-04
 -2.7271E+01  5.3325E-04
 -2.7259E+01  4.8952E-04
 -2.7247E+01  4.4199E-04
 -2.7235E+01  3.9359E-04
 -2.7224E+01  3.4754E-04
 -2.7212E+01  3.0698E-04
 -2.7200E+01  2.7477E-04
 -2.7188E+01  2.5318E-04
 -2.7176E+01  2.4375E-04
 -2.7164E+01  2.4711E-04
 -2.7152E+01  2.6299E-04
 -2.7140E+01  2.9019E-04
 -2.7128E+01  3.2671E-04
 -2.7116E+01  3.6988E-04
 -2.7104E+01  4.1662E-04
 -2.7093E+01  4.6368E-04
 -2.7081E+01  5.0789E-04
 -2.7069E+01  5.4646E-04
 -2.7057E+01  5.7723E-04
 -2.7045E+01  5.9886E-04
 -2.7033E+01  6.1099E-04
 -2.7021E+01  6.1429E-04
 -2.7009E+01  6.1052E-04
 -2.6997E+01  6.0239E-04
 -2.6985E+01  5.9340E-04
 -2.6973E+01  5.8769E-04
 -2.6962E+01  5.8971E-04
 -2.6950E+01  6.0394E-04
 -2.6938E+01  6.3463E-04
 -2.6926E+01  6.8542E-04
 -2.6914E+01  7.5918E-04
 -2.6902E+01  8.5770E-04
 -2.6890E+01  9.8158E-04
 -2.6878E+01  1.1301E-03
 -2.6866E+01  1.3013E-03
 -2.6854E+01  1.4918E-03
 -2.6842E+01  1.6973E-03
 -2.6831E+01  1.9124E-03
 -2.6819E+01  2.1312E-03
 -2.6807E+01  2.3472E-03
 -2.6795E+01  2.5541E-03
 -2.6783E+01  2.7458E-03
 -2.6771E+01  2.9164E-03
 -2.6759E+01  3.0613E-03
 -2.6747E+01  3.1764E-03
 -2.6735E+01  3.2589E-03
 -2.6723E+01  3.3074E-03
 -2.6711E+01  3.3213E-03
 -2.6700E+01  3.3013E-03
 -2.6688E+01  3.2491E-03
 -2.6676E+01  3.1674E-03
 -2.6664E+01  3.0595E-03
 -2.6652E+01  2.9292E-03
 -2.6640E+01  2.7807E-03
 -2.6628E+01  2.6184E-03
 -2.6616E+01  2.4466E-03
 -2.6604E+01  2.2694E-03
 -2.6592E+01  2.0906E-03
 -2.6580E+01  1.9135E-03
 -2.6569E+01  1.7409E-03
 -2.6557E+01  1.5751E-03
 -2.6545E+01  1.4178E-03
 -2.6533E+01  1.2701E-03
 -2.6521E+01  1.1328E-03
 -2.6509E+01  1.0062E-03
 -2.6497E+01  8.9006E-04
 -2.6485E+01  7.8422E-04
 -2.6473E+01  6.8814E-04
 -2.6461E+01  6.0126E-04
 -2.6449E+01  5.2295E-04
 -2.6438E+01  4.5258E-04
 -2.6426E+01  3.8960E-04
 -2.6414E+01  3.3348E-04
 -2.6402E+01  2.8375E-04
 -2.6390E+01  2.4001E-04
 -2.6378E+01  2.0189E-04
 -2.6366E+01  1.6906E-04
 -2.6354E+01  1.4119E-04
 -2.6342E+01  1.1794E-04
 -2.6330E+01  9.8973E-05
 -2.6318E+01  8.3904E-05
 -2.6307E+01  7.2340E-05
 -2.6295E+01  6.3863E-05
 -2.6283E+01  5.8037E-05
 -2.6271E+01  5.4424E-05
 -2.6259E+01  5.2590E-05
 -2.6247E+01  5.2119E-05
 -2.6235E+01  5.2626E-05
 -2.6223E+01  5.3761E-05
 -2.6211E+01  5.5223E-05
 -2.6199E+01  5.6761E-05
 -2.6187E+01  5.8175E-05
 -2.6176E+01  5.9319E-05
 -2.6164E+01  6.0099E-05
 -2.6152E+01  6.0469E-05
 -2.6140E+01  6.0427E-05
 -2.6128E+01  6.0008E-05
 -2.6116E+01  5.9288E-05
 -2.6104E+01  5.8373E-05
 -2.6092E+01  5.7398E-05
 -2.6080E+01  5.6529E-05
 -2.6068E+01  5.5955E-05
 -2.6056E+01  5.5893E-05
 -2.6045E+01  5.6579E-05
 -2.6033E+01  5.8268E-05
 -2.6021E+01  6.1231E-05
 -2.6009E+01  6.5742E-05
 -2.5997E+01  7.2074E-05
 -2.5985E+01  8.0483E-05
 -2.5973E+01  9.1202E-05
 -2.5961E+01  1.0442E-04
 -2.5949E+01  1.2028E-04
 -2.5937E+01  1.3884E-04
 -2.5925E+01  1.6011E-04
 -2.5914E+01  1.8400E-04
 -2.5902E+01  2.1032E-04
 -2.5890E+01  2.3884E-04
 -2.5878E+01  2.6919E-04
 -2.5866E+01  3.0098E-04
 -2.5854E+01  3.3372E-04
 -2.5842E+01  3.6691E-04
 -2.5830E+01  3.9998E-04
 -2.5818E+01  4.3239E-04
 -2.5806E+01  4.6357E-04
 -2.5794E+01  4.9299E-04
 -2.5783E+01  5.2013E-04
 -2.5771E+01  5.4456E-04
 -2.5759E+01  5.6587E-04
 -2.5747E+01  5.8375E-04
 -2.5735E+01  5.9794E-04
 -2.5723E+01  6.0828E-04
 -2.5711E+01  6.1467E-04
 -2.5699E+01  6.1710E-04
 -2.5687E+01  6.1562E-04
 -2.5675E+01  6.1034E-04
 -2.5663E+01  6.0144E-04
 -2.5652E+01  5.8913E-04
 -2.5640E+01  5.7365E-04
 -2.5628E+01  5.5529E-04
 -2.5616E+01  5.3433E-04
 -2.5604E+01  5.1110E-04
 -2.5592E+01  4.8592E-04
 -2.5580E+01  4.5912E-04
 -2.5568E+01  4.3105E-04
 -2.5556E+01  4.0207E-04
 -2.5544E+01  3.7252E-04
 -2.5532E+01  3.4278E-04
 -2.5521E+01  3.1321E-04
 -2.5509E+01  2.8415E-04
 -2.5497E+01  2.5593E-04
 -2.5485E+01  2.2889E-04
 -2.5473E+01  2.0329E-04
 -2.5461E+01  1.7939E-04
 -2.5449E+01  1.5738E-04
 -2.5437E+01  1.3740E-04
 -2.5425E+01  1.1957E-04
 -2.5413E+01  1.0391E-04
 -2.5401E+01  9.0412E-05
 -2.5390E+01  7.9025E-05
 -2.5378E+01  6.9645E-05
 -2.5366E+01  6.2136E-05
 -2.5354E+01  5.6336E-05
 -2.5342E+01  5.2061E-05
 -2.5330E+01  4.9116E-05
 -2.5318E+01  4.7303E-05
 -2.5306E+01  4.6423E-05
 -2.5294E+01  4.6285E-05
 -2.5282E+01  4.6708E-05
 -2.5271E+01  4.7527E-05
 -2.5259E+01  4.8591E-05
 -2.5247E+01  4.9768E-05
 -2.5235E+01  5.0942E-05
 -2.5223E+01  5.2018E-05
 -2.5211E+01  5.2920E-05
 -2.5199E+01  5.3588E-05
 -2.5187E+01  5.3989E-05
 -2.5175E+01  5.4105E-05
 -2.5163E+01  5.3949E-05
 -2.5151E+01  5.3556E-05
 -2.5140E+01  5.2992E-05
 -2.5128E+01  5.2353E-05
 -2.5116E+01  5.1767E-05
 -2.5104E+01  5.1398E-05
 -2.5092E+01  5.1439E-05
 -2.5080E+01  5.2115E-05
 -2.5068E+01  5.3676E-05
 -2.5056E+01  5.6393E-05
 -2.5044E+01  6.0552E-05
 -2.5032E+01  6.6444E-05
 -2.5020E+01  7.4358E-05
 -2.5009E+01  8.4574E-05
 -2.4997E+01  9.7354E-05
 -2.4985E+01  1.1293E-04
 -2.4973E+01  1.3152E-04
 -2.4961E+01  1.5329E-04
 -2.4949E+01  1.7836E-04
 -2.4937E+01  2.0682E-04
 -2.4925E+01  2.3872E-04
 -2.4913E+01  2.7404E-04
 -2.4901E+01  3.1271E-04
 -2.4889E+01  3.5462E-04
 -2.4878E+01  3.9956E-04
 -2.4866E+01  4.4729E-04
 -2.4854E+01  4.9748E-04
 -2.4842E+01  5.4971E-04
 -2.4830E+01  6.0352E-04
 -2.4818E+01  6.5832E-04
 -2.4806E+01  7.1350E-04
 -2.4794E+01  7.6832E-04
 -2.4782E+01  8.2200E-04
 -2.4770E+01  8.7370E-04
 -2.4758E+01  9.2253E-04
 -2.4747E+01  9.6757E-04
 -2.4735E+01  1.0079E-03
 -2.4723E+01  1.0426E-03
 -2.4711E+01  1.0707E-03
 -2.4699E+01  1.0916E-03
 -2.4687E+01  1.1045E-03
 -2.4675E+01  1.1088E-03
 -2.4663E+01  1.1043E-03
 -2.4651E+01  1.0908E-03
 -2.4639E+01  1.0683E-03
 -2.4627E+01  1.0372E-03
 -2.4616E+01  9.9797E-04
 -2.4604E+01  9.5152E-04
 -2.4592E+01  8.9882E-04
 -2.4580E+01  8.4106E-04
 -2.4568E+01  7.7955E-04
 -2.4556E+01  7.1568E-04
 -2.4544E+01  6.5087E-04
 -2.4532E+01  5.8647E-04
 -2.4520E+01  5.2377E-04
 -2.4508E+01  4.6390E-04
 -2.4496E+01  4.0783E-04
 -2.4485E+01  3.5631E-04
 -2.4473E+01  3.0988E-04
 -2.4461E+01  2.6885E-04
 -2.4449E+01  2.3331E-04
 -2.4437E+01  2.0316E-04
 -2.4425E+01  1.7809E-04
 -2.4413E+01  1.5769E-04
 -2.4401E+01  1.4142E-04
 -2.4389E+01  1.2866E-04
 -2.4377E+01  1.1878E-04
 -2.4365E+01  1.1117E-04
 -2.4354E+01  1.0524E-04
 -2.4342E+01  1.0047E-04
 -2.4330E+01  9.6440E-05
 -2.4318E+01  9.2813E-05
 -2.4306E+01  8.9344E-05
 -2.4294E+01  8.5879E-05
 -2.4282E+01  8.2341E-05
 -2.4270E+01  7.8709E-05
 -2.4258E+01  7.5010E-05
 -2.4246E+01  7.1297E-05
 -2.4234E+01  6.7638E-05
 -2.4223E+01  6.4104E-05
 -2.4211E+01  6.0765E-05
 -2.4199E+01  5.7689E-05
 -2.4187E+01  5.4946E-05
 -2.4175E+01  5.2617E-05
 -2.4163E+01  5.0799E-05
 -2.4151E+01  4.9623E-05
 -2.4139E+01  4.9260E-05
 -2.4127E+01  4.9930E-05
 -2.4115E+01  5.1909E-05
 -2.4103E+01  5.5533E-05
 -2.4092E+01  6.1190E-05
 -2.4080E+01  6.9320E-05
 -2.4068E+01  8.0406E-05
 -2.4056E+01  9.4958E-05
 -2.4044E+01  1.1351E-04
 -2.4032E+01  1.3662E-04
 -2.4020E+01  1.6482E-04
 -2.4008E+01  1.9868E-04
 -2.3996E+01  2.3876E-04
 -2.3984E+01  2.8562E-04
 -2.3972E+01  3.3986E-04
 -2.3961E+01  4.0210E-04
 -2.3949E+01  4.7300E-04
 -2.3937E+01  5.5329E-04
 -2.3925E+01  6.4374E-04
 -2.3913E+01  7.4517E-04
 -2.3901E+01  8.5843E-04
 -2.3889E+01  9.8438E-04
 -2.3877E+01  1.1238E-03
 -2.3865E+01  1.2773E-03
 -2.3853E+01  1.4455E-03
 -2.3841E+01  1.6283E-03
 -2.3830E+01  1.8256E-03
 -2.3818E+01  2.0366E-03
 -2.3806E+01  2.2598E-03
 -2.3794E+01  2.4930E-03
 -2.3782E+01  2.7335E-03
 -2.3770E+01  2.9775E-03
 -2.3758E+01  3.2208E-03
 -2.3746E+01  3.4581E-03
 -2.3734E+01  3.6841E-03
 -2.3722E+01  3.8927E-03
 -2.3710E+01  4.0782E-03
 -2.3699E+01  4.2345E-03
 -2.3687E+01  4.3564E-03
 -2.3675E+01  4.4390E-03
 -2.3663E+01  4.4787E-03
 -2.3651E+01  4.4729E-03
 -2.3639E+01  4.4202E-03
 -2.3627E+01  4.3208E-03
 -2.3615E+01  4.1766E-03
 -2.3603E+01  3.9908E-03
 -2.3591E+01  3.7681E-03
 -2.3579E+01  3.5145E-03
 -2.3568E+01  3.2373E-03
 -2.3556E+01  2.9444E-03
 -2.3544E+01  2.6444E-03
 -2.3532E+01  2.3459E-03
 -2.3520E+01  2.0573E-03
 -2.3508E+01  1.7864E-03
 -2.3496E+01  1.5397E-03
 -2.3484E+01  1.3227E-03
 -2.3472E+01  1.1392E-03
 -2.3460E+01  9.9107E-04
 -2.3448E+01  8.7855E-04
 -2.3437E+01  8.0009E-04
 -2.3425E+01  7.5255E-04
 -2.3413E+01  7.3143E-04
 -2.3401E+01  7.3124E-04
 -2.3389E+01  7.4580E-04
 -2.3377E+01  7.6872E-04
 -2.3365E+01  7.9374E-04
 -2.3353E+01  8.1514E-04
 -2.3341E+01  8.2810E-04
 -2.3329E+01  8.2896E-04
 -2.3317E+01  8.1541E-04
 -2.3306E+01  7.8661E-04
 -2.3294E+01  7.4320E-04
 -2.3282E+01  6.8719E-04
 -2.3270E+01  6.2175E-04
 -2.3258E+01  5.5095E-04
 -2.3246E+01  4.7941E-04
 -2.3234E+01  4.1193E-04
 -2.3222E+01  3.5312E-04
 -2.3210E+01  3.0704E-04
 -2.3198E+01  2.7685E-04
 -2.3186E+01  2.6465E-04
 -2.3175E+01  2.7124E-04
 -2.3163E+01  2.9612E-04
 -2.3151E+01  3.3752E-04
 -2.3139E+01  3.9251E-04
 -2.3127E+01  4.5728E-04
 -2.3115E+01  5.2737E-04
 -2.3103E+01  5.9809E-04
 -2.3091E+01  6.6487E-04
 -2.3079E+01  7.2366E-04
 -2.3067E+01  7.7126E-04
 -2.3055E+01  8.0564E-04
 -2.3044E+01  8.2619E-04
 -2.3032E+01  8.3378E-04
 -2.3020E+01  8.3079E-04
 -2.3008E+01  8.2106E-04
 -2.2996E+01  8.0958E-04
 -2.2984E+01  8.0226E-04
 -2.2972E+01  8.0553E-04
 -2.2960E+01  8.2590E-04
 -2.2948E+01  8.6949E-04
 -2.2936E+01  9.4164E-04
 -2.2924E+01  1.0464E-03
 -2.2913E+01  1.1864E-03
 -2.2901E+01  1.3622E-03
 -2.2889E+01  1.5726E-03
 -2.2877E+01  1.8140E-03
 -2.2865E+01  2.0811E-03
 -2.2853E+01  2.3669E-03
 -2.2841E+01  2.6628E-03
 -2.2829E+01  2.9591E-03
 -2.2817E+01  3.2459E-03
 -2.2805E+01  3.5130E-03
 -2.2793E+01  3.7509E-03
 -2.2782E+01  3.9511E-03
 -2.2770E+01  4.1064E-03
 -2.2758E+01  4.2115E-03
 -2.2746E+01  4.2630E-03
 -2.2734E+01  4.2597E-03
 -2.2722E+01  4.2024E-03
 -2.2710E+01  4.0939E-03
 -2.2698E+01  3.9388E-03
 -2.2686E+01  3.7435E-03
 -2.2674E+01  3.5152E-03
 -2.2662E+01  3.2622E-03
 -2.2651E+01  2.9930E-03
 -2.2639E+01  2.7161E-03
 -2.2627E+01  2.4397E-03
 -2.2615E+01  2.1710E-03
 -2.2603E+01  1.9162E-03
 -2.2591E+01  1.6801E-03
 -2.2579E+01  1.4663E-03
 -2.2567E+01  1.2766E-03
 -2.2555E+01  1.1117E-03
 -2.2543E+01  9.7086E-04
 -2.2531E+01  8.5238E-04
 -2.2520E+01  7.5377E-04
 -2.2508E+01  6.7201E-04
 -2.2496E+01  6.0386E-04
 -2.2484E+01  5.4608E-04
 -2.2472E+01  4.9569E-04
 -2.2460E+01  4.5012E-04
 -2.2448E+01  4.0734E-04
 -2.2436E+01  3.6594E-04
 -2.2424E+01  3.2512E-04
 -2.2412E+01  2.8467E-04
 -2.2400E+01  2.4488E-04
 -2.2389E+01  2.0642E-04
 -2.2377E+01  1.7018E-04
 -2.2365E+01  1.3717E-04
 -2.2353E+01  1.0832E-04
 -2.2341E+01  8.4438E-05
 -2.2329E+01  6.6025E-05
 -2.2317E+01  5.3278E-05
 -2.2305E+01  4.6043E-05
 -2.2293E+01  4.3826E-05
 -2.2281E+01  4.5835E-05
 -2.2269E+01  5.1050E-05
 -2.2258E+01  5.8311E-05
 -2.2246E+01  6.6411E-05
 -2.2234E+01  7.4197E-05
 -2.2222E+01  8.0658E-05
 -2.2210E+01  8.5001E-05
 -2.2198E+01  8.6706E-05
 -2.2186E+01  8.5552E-05
 -2.2174E+01  8.1622E-05
 -2.2162E+01  7.5270E-05
 -2.2150E+01  6.7083E-05
 -2.2138E+01  5.7805E-05
 -2.2127E+01  4.8263E-05
 -2.2115E+01  3.9286E-05
 -2.2103E+01  3.1629E-05
 -2.2091E+01  2.5901E-05
 -2.2079E+01  2.2519E-05
 -2.2067E+01  2.1674E-05
 -2.2055E+01  2.3323E-05
 -2.2043E+01  2.7199E-05
 -2.2031E+01  3.2844E-05
 -2.2019E+01  3.9653E-05
 -2.2007E+01  4.6933E-05
 -2.1996E+01  5.3973E-05
 -2.1984E+01  6.0101E-05
 -2.1972E+01  6.4747E-05
 -2.1960E+01  6.7494E-05
 -2.1948E+01  6.8106E-05
 -2.1936E+01  6.6545E-05
 -2.1924E+01  6.2970E-05
 -2.1912E+01  5.7710E-05
 -2.1900E+01  5.1233E-05
 -2.1888E+01  4.4094E-05
 -2.1876E+01  3.6883E-05
 -2.1865E+01  3.0165E-05
 -2.1853E+01  2.4438E-05
 -2.1841E+01  2.0081E-05
 -2.1829E+01  1.7329E-05
 -2.1817E+01  1.6256E-05
 -2.1805E+01  1.6774E-05
 -2.1793E+01  1.8650E-05
 -2.1781E+01  2.1533E-05
 -2.1769E+01  2.4995E-05
 -2.1757E+01  2.8577E-05
 -2.1745E+01  3.1840E-05
 -2.1734E+01  3.4409E-05
 -2.1722E+01  3.6016E-05
 -2.1710E+01  3.6526E-05
 -2.1698E+01  3.5953E-05
 -2.1686E+01  3.4460E-05
 -2.1674E+01  3.2345E-05
 -2.1662E+01  3.0008E-05
 -2.1650E+01  2.7915E-05
 -2.1638E+01  2.6550E-05
 -2.1626E+01  2.6364E-05
 -2.1614E+01  2.7729E-05
 -2.1603E+01  3.0897E-05
 -2.1591E+01  3.5965E-05
 -2.1579E+01  4.2862E-05
 -2.1567E+01  5.1342E-05
 -2.1555E+01  6.0996E-05
 -2.1543E+01  7.1283E-05
 -2.1531E+01  8.1570E-05
 -2.1519E+01  9.1184E-05
 -2.1507E+01  9.9462E-05
 -2.1495E+01  1.0582E-04
 -2.1483E+01  1.0978E-04
 -2.1472E+01  1.1105E-04
 -2.1460E+01  1.0952E-04
 -2.1448E+01  1.0527E-04
 -2.1436E+01  9.8602E-05
 -2.1424E+01  8.9978E-05
 -2.1412E+01  8.0010E-05
 -2.1400E+01  6.9402E-05
 -2.1388E+01  5.8897E-05
 -2.1376E+01  4.9219E-05
 -2.1364E+01  4.1017E-05
 -2.1353E+01  3.4811E-05
 -2.1341E+01  3.0955E-05
 -2.1329E+01  2.9606E-05
 -2.1317E+01  3.0718E-05
 -2.1305E+01  3.4044E-05
 -2.1293E+01  3.9162E-05
 -2.1281E+01  4.5515E-05
 -2.1269E+01  5.2458E-05
 -2.1257E+01  5.9317E-05
 -2.1245E+01  6.5451E-05
 -2.1233E+01  7.0305E-05
 -2.1222E+01  7.3459E-05
 -2.1210E+01  7.4664E-05
 -2.1198E+01  7.3867E-05
 -2.1186E+01  7.1209E-05
 -2.1174E+01  6.7018E-05
 -2.1162E+01  6.1780E-05
 -2.1150E+01  5.6101E-05
 -2.1138E+01  5.0651E-05
 -2.1126E+01  4.6114E-05
 -2.1114E+01  4.3125E-05
 -2.1102E+01  4.2220E-05
 -2.1091E+01  4.3789E-05
 -2.1079E+01  4.8043E-05
 -2.1067E+01  5.4996E-05
 -2.1055E+01  6.4464E-05
 -2.1043E+01  7.6077E-05
 -2.1031E+01  8.9317E-05
 -2.1019E+01  1.0355E-04
 -2.1007E+01  1.1810E-04
 -2.0995E+01  1.3226E-04
 -2.0983E+01  1.4539E-04
 -2.0971E+01  1.5694E-04
 -2.0960E+01  1.6652E-04
 -2.0948E+01  1.7385E-04
 -2.0936E+01  1.7888E-04
 -2.0924E+01  1.8170E-04
 -2.0912E+01  1.8255E-04
 -2.0900E+01  1.8182E-04
 -2.0888E+01  1.7998E-04
 -2.0876E+01  1.7753E-04
 -2.0864E+01  1.7498E-04
 -2.0852E+01  1.7278E-04
 -2.0840E+01  1.7130E-04
 -2.0829E+01  1.7080E-04
 -2.0817E+01  1.7137E-04
 -2.0805E+01  1.7298E-04
 -2.0793E+01  1.7548E-04
 -2.0781E+01  1.7859E-04
 -2.0769E+01  1.8196E-04
 -2.0757E+01  1.8520E-04
 -2.0745E+01  1.8792E-04
 -2.0733E+01  1.8977E-04
 -2.0721E+01  1.9049E-04
 -2.0709E+01  1.8990E-04
 -2.0698E+01  1.8796E-04
 -2.0686E+01  1.8475E-04
 -2.0674E+01  1.8046E-04
 -2.0662E+01  1.7539E-04
 -2.0650E+01  1.6991E-04
 -2.0638E+01  1.6440E-04
 -2.0626E+01  1.5925E-04
 -2.0614E+01  1.5478E-04
 -2.0602E+01  1.5125E-04
 -2.0590E+01  1.4878E-04
 -2.0578E+01  1.4739E-04
 -2.0567E+01  1.4692E-04
 -2.0555E+01  1.4714E-04
 -2.0543E+01  1.4767E-04
 -2.0531E+01  1.4810E-04
 -2.0519E+01  1.4797E-04
 -2.0507E+01  1.4683E-04
 -2.0495E+01  1.4432E-04
 -2.0483E+01  1.4014E-04
 -2.0471E+01  1.3417E-04
 -2.0459E+01  1.2642E-04
 -2.0447E+01  1.1706E-04
 -2.0436E+01  1.0643E-04
 -2.0424E+01  9.5016E-05
 -2.0412E+01  8.3380E-05
 -2.0400E+01  7.2160E-05
 -2.0388E+01  6.1992E-05
 -2.0376E+01  5.3465E-05
 -2.0364E+01  4.7065E-05
 -2.0352E+01  4.3136E-05
 -2.0340E+01  4.1848E-05
 -2.0328E+01  4.3177E-05
 -2.0316E+01  4.6908E-05
 -2.0305E+01  5.2646E-05
 -2.0293E+01  5.9847E-05
 -2.0281E+01  6.7864E-05
 -2.0269E+01  7.5992E-05
 -2.0257E+01  8.3531E-05
 -2.0245E+01  8.9844E-05
 -2.0233E+01  9.4408E-05
 -2.0221E+01  9.6863E-05
 -2.0209E+01  9.7046E-05
 -2.0197E+01  9.5007E-05
 -2.0185E+01  9.1009E-05
 -2.0174E+01  8.5512E-05
 -2.0162E+01  7.9139E-05
 -2.0150E+01  7.2626E-05
 -2.0138E+01  6.6773E-05
 -2.0126E+01  6.2377E-05
 -2.0114E+01  6.0176E-05
 -2.0102E+01  6.0797E-05
 -2.0090E+01  6.4712E-05
 -2.0078E+01  7.2212E-05
 -2.0066E+01  8.3386E-05
 -2.0054E+01  9.8130E-05
 -2.0043E+01  1.1616E-04
 -2.0031E+01  1.3705E-04
 -2.0019E+01  1.6025E-04
 -2.0007E+01  1.8519E-04
 -1.9995E+01  2.1126E-04
 -1.9983E+01  2.3792E-04
 -1.9971E+01  2.6471E-04
 -1.9959E+01  2.9133E-04
 -1.9947E+01  3.1759E-04
 -1.9935E+01  3.4347E-04
 -1.9923E+01  3.6909E-04
 -1.9912E+01  3.9470E-04
 -1.9900E+01  4.2060E-04
 -1.9888E+01  4.4714E-04
 -1.9876E+01  4.7466E-04
 -1.9864E+01  5.0341E-04
 -1.9852E+01  5.3353E-04
 -1.9840E+01  5.6501E-04
 -1.9828E+01  5.9767E-04
 -1.9816E+01  6.3114E-04
 -1.9804E+01  6.6486E-04
 -1.9792E+01  6.9814E-04
 -1.9781E+01  7.3017E-04
 -1.9769E+01  7.6005E-04
 -1.9757E+01  7.8689E-04
 -1.9745E+01  8.0982E-04
 -1.9733E+01  8.2806E-04
 -1.9721E+01  8.4100E-04
 -1.9709E+01  8.4815E-04
 -1.9697E+01  8.4926E-04
 -1.9685E+01  8.4424E-04
 -1.9673E+01  8.3321E-04
 -1.9661E+01  8.1644E-04
 -1.9650E+01  7.9435E-04
 -1.9638E+01  7.6745E-04
 -1.9626E+01  7.3636E-04
 -1.9614E+01  7.0170E-04
 -1.9602E+01  6.6413E-04
 -1.9590E+01  6.2429E-04
 -1.9578E+01  5.8282E-04
 -1.9566E+01  5.4031E-04
 -1.9554E+01  4.9736E-04
 -1.9542E+01  4.5452E-04
 -1.9530E+01  4.1234E-04
 -1.9519E+01  3.7138E-04
 -1.9507E+01  3.3219E-04
 -1.9495E+01  2.9534E-04
 -1.9483E+01  2.6138E-04
 -1.9471E+01  2.3086E-04
 -1.9459E+01  2.0430E-04
 -1.9447E+01  1.8215E-04
 -1.9435E+01  1.6478E-04
 -1.9423E+01  1.5241E-04
 -1.9411E+01  1.4512E-04
 -1.9399E+01  1.4280E-04
 -1.9388E+01  1.4511E-04
 -1.9376E+01  1.5149E-04
 -1.9364E+01  1.6117E-04
 -1.9352E+01  1.7320E-04
 -1.9340E+01  1.8646E-04
 -1.9328E+01  1.9975E-04
 -1.9316E+01  2.1188E-04
 -1.9304E+01  2.2169E-04
 -1.9292E+01  2.2821E-04
 -1.9280E+01  2.3068E-04
 -1.9268E+01  2.2865E-04
 -1.9257E+01  2.2202E-04
 -1.9245E+01  2.1103E-04
 -1.9233E+01  1.9633E-04
 -1.9221E+01  1.7884E-04
 -1.9209E+01  1.5979E-04
 -1.9197E+01  1.4058E-04
 -1.9185E+01  1.2268E-04
 -1.9173E+01  1.0755E-04
 -1.9161E+01  9.6481E-05
 -1.9149E+01  9.0531E-05
 -1.9137E+01  9.0393E-05
 -1.9126E+01  9.6347E-05
 -1.9114E+01  1.0822E-04
 -1.9102E+01  1.2536E-04
 -1.9090E+01  1.4673E-04
 -1.9078E+01  1.7093E-04
 -1.9066E+01  1.9632E-04
 -1.9054E+01  2.2117E-04
 -1.9042E+01  2.4379E-04
 -1.9030E+01  2.6269E-04
 -1.9018E+01  2.7669E-04
 -1.9006E+01  2.8508E-04
 -1.8995E+01  2.8767E-04
 -1.8983E+01  2.8481E-04
 -1.8971E+01  2.7743E-04
 -1.8959E+01  2.6697E-04
 -1.8947E+01  2.5528E-04
 -1.8935E+01  2.4449E-04
 -1.8923E+01  2.3685E-04
 -1.8911E+01  2.3452E-04
 -1.8899E+01  2.3944E-04
 -1.8887E+01  2.5309E-04
 -1.8875E+01  2.7637E-04
 -1.8864E+01  3.0949E-04
 -1.8852E+01  3.5191E-04
 -1.8840E+01  4.0233E-04
 -1.8828E+01  4.5874E-04
 -1.8816E+01  5.1859E-04
 -1.8804E+01  5.7886E-04
 -1.8792E+01  6.3637E-04
 -1.8780E+01  6.8787E-04
 -1.8768E+01  7.3040E-04
 -1.8756E+01  7.6139E-04
 -1.8744E+01  7.7890E-04
 -1.8733E+01  7.8175E-04
 -1.8721E+01  7.6965E-04
 -1.8709E+01  7.4316E-04
 -1.8697E+01  7.0376E-04
 -1.8685E+01  6.5366E-04
 -1.8673E+01  5.9574E-04
 -1.8661E+01  5.3328E-04
 -1.8649E+01  4.6978E-04
 -1.8637E+01  4.0866E-04
 -1.8625E+01  3.5306E-04
 -1.8613E+01  3.0562E-04
 -1.8602E+01  2.6824E-04
 -1.8590E+01  2.4204E-04
 -1.8578E+01  2.2728E-04
 -1.8566E+01  2.2334E-04
 -1.8554E+01  2.2885E-04
 -1.8542E+01  2.4178E-04
 -1.8530E+01  2.5965E-04
 -1.8518E+01  2.7976E-04
 -1.8506E+01  2.9935E-04
 -1.8494E+01  3.1586E-04
 -1.8482E+01  3.2716E-04
 -1.8471E+01  3.3165E-04
 -1.8459E+01  3.2841E-04
 -1.8447E+01  3.1727E-04
 -1.8435E+01  2.9875E-04
 -1.8423E+01  2.7406E-04
 -1.8411E+01  2.4493E-04
 -1.8399E+01  2.1346E-04
 -1.8387E+01  1.8190E-04
 -1.8375E+01  1.5249E-04
 -1.8363E+01  1.2723E-04
 -1.8351E+01  1.0771E-04
 -1.8340E+01  9.5007E-05
 -1.8328E+01  8.9584E-05
 -1.8316E+01  9.1268E-05
 -1.8304E+01  9.9285E-05
 -1.8292E+01  1.1234E-04
 -1.8280E+01  1.2876E-04
 -1.8268E+01  1.4662E-04
 -1.8256E+01  1.6396E-04
 -1.8244E+01  1.7895E-04
 -1.8232E+01  1.9004E-04
 -1.8220E+01  1.9615E-04
 -1.8209E+01  1.9673E-04
 -1.8197E+01  1.9182E-04
 -1.8185E+01  1.8205E-04
 -1.8173E+01  1.6859E-04
 -1.8161E+01  1.5300E-04
 -1.8149E+01  1.3717E-04
 -1.8137E+01  1.2305E-04
 -1.8125E+01  1.1259E-04
 -1.8113E+01  1.0747E-04
 -1.8101E+01  1.0904E-04
 -1.8089E+01  1.1819E-04
 -1.8078E+01  1.3528E-04
 -1.8066E+01  1.6011E-04
 -1.8054E+01  1.9203E-04
 -1.8042E+01  2.2993E-04
 -1.8030E+01  2.7243E-04
 -1.8018E+01  3.1797E-04
 -1.8006E+01  3.6504E-04
 -1.7994E+01  4.1224E-04
 -1.7982E+01  4.5851E-04
 -1.7970E+01  5.0315E-04
 -1.7958E+01  5.4594E-04
 -1.7947E+01  5.8712E-04
 -1.7935E+01  6.2732E-04
 -1.7923E+01  6.6750E-04
 -1.7911E+01  7.0882E-04
 -1.7899E+01  7.5242E-04
 -1.7887E+01  7.9931E-04
 -1.7875E+01  8.5017E-04
 -1.7863E+01  9.0522E-04
 -1.7851E+01  9.6409E-04
 -1.7839E+01  1.0258E-03
 -1.7827E+01  1.0887E-03
 -1.7816E+01  1.1507E-03
 -1.7804E+01  1.2091E-03
 -1.7792E+01  1.2610E-03
 -1.7780E+01  1.3035E-03
 -1.7768E+01  1.3338E-03
 -1.7756E+01  1.3497E-03
 -1.7744E+01  1.3495E-03
 -1.7732E+01  1.3323E-03
 -1.7720E+01  1.2981E-03
 -1.7708E+01  1.2479E-03
 -1.7696E+01  1.1835E-03
 -1.7685E+01  1.1078E-03
 -1.7673E+01  1.0240E-03
 -1.7661E+01  9.3581E-04
 -1.7649E+01  8.4725E-04
 -1.7637E+01  7.6212E-04
 -1.7625E+01  6.8388E-04
 -1.7613E+01  6.1540E-04
 -1.7601E+01  5.5877E-04
 -1.7589E+01  5.1516E-04
 -1.7577E+01  4.8475E-04
 -1.7565E+01  4.6675E-04
 -1.7554E+01  4.5947E-04
 -1.7542E+01  4.6054E-04
 -1.7530E+01  4.6704E-04
 -1.7518E+01  4.7585E-04
 -1.7506E+01  4.8386E-04
 -1.7494E+01  4.8825E-04
 -1.7482E+01  4.8674E-04
 -1.7470E+01  4.7774E-04
 -1.7458E+01  4.6050E-04
 -1.7446E+01  4.3512E-04
 -1.7435E+01  4.0251E-04
 -1.7423E+01  3.6432E-04
 -1.7411E+01  3.2274E-04
 -1.7399E+01  2.8030E-04
 -1.7387E+01  2.3963E-04
 -1.7375E+01  2.0321E-04
 -1.7363E+01  1.7314E-04
 -1.7351E+01  1.5097E-04
 -1.7339E+01  1.3752E-04
 -1.7327E+01  1.3284E-04
 -1.7315E+01  1.3623E-04
 -1.7304E+01  1.4627E-04
 -1.7292E+01  1.6102E-04
 -1.7280E+01  1.7818E-04
 -1.7268E+01  1.9537E-04
 -1.7256E+01  2.1032E-04
 -1.7244E+01  2.2112E-04
 -1.7232E+01  2.2641E-04
 -1.7220E+01  2.2553E-04
 -1.7208E+01  2.1859E-04
 -1.7196E+01  2.0644E-04
 -1.7184E+01  1.9065E-04
 -1.7173E+01  1.7333E-04
 -1.7161E+01  1.5700E-04
 -1.7149E+01  1.4430E-04
 -1.7137E+01  1.3780E-04
 -1.7125E+01  1.3974E-04
 -1.7113E+01  1.5188E-04
 -1.7101E+01  1.7531E-04
 -1.7089E+01  2.1041E-04
 -1.7077E+01  2.5685E-04
 -1.7065E+01  3.1368E-04
 -1.7053E+01  3.7951E-04
 -1.7042E+01  4.5268E-04
 -1.7030E+01  5.3155E-04
 -1.7018E+01  6.1473E-04
 -1.7006E+01  7.0131E-04
 -1.6994E+01  7.9107E-04
 -1.6982E+01  8.8453E-04
 -1.6970E+01  9.8306E-04
 -1.6958E+01  1.0887E-03
 -1.6946E+01  1.2042E-03
 -1.6934E+01  1.3324E-03
 -1.6922E+01  1.4762E-03
 -1.6911E+01  1.6382E-03
 -1.6899E+01  1.8201E-03
 -1.6887E+01  2.0224E-03
 -1.6875E+01  2.2443E-03
 -1.6863E+01  2.4832E-03
 -1.6851E+01  2.7348E-03
 -1.6839E+01  2.9931E-03
 -1.6827E+01  3.2505E-03
 -1.6815E+01  3.4984E-03
 -1.6803E+01  3.7273E-03
 -1.6791E+01  3.9276E-03
 -1.6780E+01  4.0898E-03
 -1.6768E+01  4.2058E-03
 -1.6756E+01  4.2686E-03
 -1.6744E+01  4.2736E-03
 -1.6732E+01  4.2186E-03
 -1.6720E+01  4.1041E-03
 -1.6708E+01  3.9335E-03
 -1.6696E+01  3.7130E-03
 -1.6684E+01  3.4515E-03
 -1.6672E+01  3.1597E-03
 -1.6660E+01  2.8497E-03
 -1.6649E+01  2.5342E-03
 -1.6637E+01  2.2260E-03
 -1.6625E+01  1.9367E-03
 -1.6613E+01  1.6761E-03
 -1.6601E+01  1.4520E-03
 -1.6589E+01  1.2693E-03
 -1.6577E+01  1.1300E-03
 -1.6565E+01  1.0332E-03
 -1.6553E+01  9.7545E-04
 -1.6541E+01  9.5082E-04
 -1.6529E+01  9.5170E-04
 -1.6518E+01  9.6938E-04
 -1.6506E+01  9.9479E-04
 -1.6494E+01  1.0192E-03
 -1.6482E+01  1.0348E-03
 -1.6470E+01  1.0355E-03
 -1.6458E+01  1.0172E-03
 -1.6446E+01  9.7795E-04
 -1.6434E+01  9.1826E-04
 -1.6422E+01  8.4068E-04
 -1.6410E+01  7.4955E-04
 -1.6398E+01  6.5055E-04
 -1.6387E+01  5.5004E-04
 -1.6375E+01  4.5448E-04
 -1.6363E+01  3.6981E-04
 -1.6351E+01  3.0086E-04
 -1.6339E+01  2.5098E-04
 -1.6327E+01  2.2177E-04
 -1.6315E+01  2.1292E-04
 -1.6303E+01  2.2234E-04
 -1.6291E+01  2.4642E-04
 -1.6279E+01  2.8035E-04
 -1.6267E+01  3.1870E-04
 -1.6256E+01  3.5594E-04
 -1.6244E+01  3.8701E-04
 -1.6232E+01  4.0788E-04
 -1.6220E+01  4.1598E-04
 -1.6208E+01  4.1043E-04
 -1.6196E+01  3.9225E-04
 -1.6184E+01  3.6420E-04
 -1.6172E+01  3.3063E-04
 -1.6160E+01  2.9701E-04
 -1.6148E+01  2.6950E-04
 -1.6136E+01  2.5435E-04
 -1.6125E+01  2.5739E-04
 -1.6113E+01  2.8351E-04
 -1.6101E+01  3.3629E-04
 -1.6089E+01  4.1777E-04
 -1.6077E+01  5.2840E-04
 -1.6065E+01  6.6717E-04
 -1.6053E+01  8.3194E-04
 -1.6041E+01  1.0199E-03
 -1.6029E+01  1.2283E-03
 -1.6017E+01  1.4549E-03
 -1.6005E+01  1.6987E-03
 -1.5994E+01  1.9607E-03
 -1.5982E+01  2.2441E-03
 -1.5970E+01  2.5543E-03
 -1.5958E+01  2.8992E-03
 -1.5946E+01  3.2883E-03
 -1.5934E+01  3.7326E-03
 -1.5922E+01  4.2432E-03
 -1.5910E+01  4.8303E-03
 -1.5898E+01  5.5017E-03
 -1.5886E+01  6.2620E-03
 -1.5874E+01  7.1109E-03
 -1.5863E+01  8.0424E-03
 -1.5851E+01  9.0441E-03
 -1.5839E+01  1.0097E-02
 -1.5827E+01  1.1175E-02
 -1.5815E+01  1.2247E-02
 -1.5803E+01  1.3277E-02
 -1.5791E+01  1.4227E-02
 -1.5779E+01  1.5057E-02
 -1.5767E+01  1.5730E-02
 -1.5755E+01  1.6212E-02
 -1.5743E+01  1.6479E-02
 -1.5732E+01  1.6510E-02
 -1.5720E+01  1.6299E-02
 -1.5708E+01  1.5848E-02
 -1.5696E+01  1.5170E-02
 -1.5684E+01  1.4292E-02
 -1.5672E+01  1.3247E-02
 -1.5660E+01  1.2078E-02
 -1.5648E+01  1.0834E-02
 -1.5636E+01  9.5673E-03
 -1.5624E+01  8.3304E-03
 -1.5612E+01  7.1734E-03
 -1.5601E+01  6.1410E-03
 -1.5589E+01  5.2694E-03
 -1.5577E+01  4.5845E-03
 -1.5565E+01  4.0999E-03
 -1.5553E+01  3.8167E-03
 -1.5541E+01  3.7230E-03
 -1.5529E+01  3.7951E-03
 -1.5517E+01  3.9999E-03
 -1.5505E+01  4.2969E-03
 -1.5493E+01  4.6413E-03
 -1.5481E+01  4.9877E-03
 -1.5470E+01  5.2933E-03
 -1.5458E+01  5.5208E-03
 -1.5446E+01  5.6414E-03
 -1.5434E+01  5.6370E-03
 -1.5422E+01  5.5012E-03
 -1.5410E+01  5.2401E-03
 -1.5398E+01  4.8715E-03
 -1.5386E+01  4.4241E-03
 -1.5374E+01  3.9348E-03
 -1.5362E+01  3.4461E-03
 -1.5350E+01  3.0029E-03
 -1.5339E+01  2.6484E-03
 -1.5327E+01  2.4209E-03
 -1.5315E+01  2.3509E-03
 -1.5303E+01  2.4578E-03
 -1.5291E+01  2.7489E-03
 -1.5279E+01  3.2182E-03
 -1.5267E+01  3.8470E-03
 -1.5255E+01  4.6051E-03
 -1.5243E+01  5.4533E-03
 -1.5231E+01  6.3462E-03
 -1.5219E+01  7.2362E-03
 -1.5208E+01  8.0776E-03
 -1.5196E+01  8.8304E-03
 -1.5184E+01  9.4647E-03
 -1.5172E+01  9.9639E-03
 -1.5160E+01  1.0327E-02
 -1.5148E+01  1.0572E-02
 -1.5136E+01  1.0734E-02
 -1.5124E+01  1.0864E-02
 -1.5112E+01  1.1031E-02
 -1.5100E+01  1.1313E-02
 -1.5088E+01  1.1795E-02
 -1.5077E+01  1.2564E-02
 -1.5065E+01  1.3705E-02
 -1.5053E+01  1.5290E-02
 -1.5041E+01  1.7379E-02
 -1.5029E+01  2.0010E-02
 -1.5017E+01  2.3201E-02
 -1.5005E+01  2.6940E-02
 -1.4993E+01  3.1190E-02
 -1.4981E+01  3.5886E-02
 -1.4969E+01  4.0936E-02
 -1.4957E+01  4.6226E-02
 -1.4946E+01  5.1623E-02
 -1.4934E+01  5.6979E-02
 -1.4922E+01  6.2141E-02
 -1.4910E+01  6.6958E-02
 -1.4898E+01  7.1283E-02
 -1.4886E+01  7.4987E-02
 -1.4874E+01  7.7960E-02
 -1.4862E+01  8.0118E-02
 -1.4850E+01  8.1404E-02
 -1.4838E+01  8.1794E-02
 -1.4826E+01  8.1289E-02
 -1.4815E+01  7.9923E-02
 -1.4803E+01  7.7753E-02
 -1.4791E+01  7.4860E-02
 -1.4779E+01  7.1339E-02
 -1.4767E+01  6.7303E-02
 -1.4755E+01  6.2869E-02
 -1.4743E+01  5.8159E-02
 -1.4731E+01  5.3295E-02
 -1.4719E+01  4.8391E-02
 -1.4707E+01  4.3552E-02
 -1.4695E+01  3.8872E-02
 -1.4684E+01  3.4426E-02
 -1.4672E+01  3.0276E-02
 -1.4660E+01  2.6464E-02
 -1.4648E+01  2.3013E-02
 -1.4636E+01  1.9934E-02
 -1.4624E+01  1.7221E-02
 -1.4612E+01  1.4855E-02
 -1.4600E+01  1.2811E-02
 -1.4588E+01  1.1057E-02
 -1.4576E+01  9.5551E-03
 -1.4564E+01  8.2705E-03
 -1.4553E+01  7.1680E-03
 -1.4541E+01  6.2156E-03
 -1.4529E+01  5.3856E-03
 -1.4517E+01  4.6551E-03
 -1.4505E+01  4.0062E-03
 -1.4493E+01  3.4259E-03
 -1.4481E+01  2.9052E-03
 -1.4469E+01  2.4384E-03
 -1.4457E+01  2.0227E-03
 -1.4445E+01  1.6566E-03
 -1.4433E+01  1.3394E-03
 -1.4422E+01  1.0703E-03
 -1.4410E+01  8.4823E-04
 -1.4398E+01  6.7084E-04
 -1.4386E+01  5.3479E-04
 -1.4374E+01  4.3566E-04
 -1.4362E+01  3.6808E-04
 -1.4350E+01  3.2603E-04
 -1.4338E+01  3.0327E-04
 -1.4326E+01  2.9365E-04
 -1.4314E+01  2.9153E-04
 -1.4302E+01  2.9209E-04
 -1.4291E+01  2.9152E-04
 -1.4279E+01  2.8721E-04
 -1.4267E+01  2.7776E-04
 -1.4255E+01  2.6289E-04
 -1.4243E+01  2.4329E-04
 -1.4231E+01  2.2039E-04
 -1.4219E+01  1.9608E-04
 -1.4207E+01  1.7247E-04
 -1.4195E+01  1.5160E-04
 -1.4183E+01  1.3521E-04
 -1.4171E+01  1.2465E-04
 -1.4160E+01  1.2073E-04
 -1.4148E+01  1.2374E-04
 -1.4136E+01  1.3350E-04
 -1.4124E+01  1.4947E-04
 -1.4112E+01  1.7087E-04
 -1.4100E+01  1.9686E-04
 -1.4088E+01  2.2667E-04
 -1.4076E+01  2.5976E-04
 -1.4064E+01  2.9587E-04
 -1.4052E+01  3.3511E-04
 -1.4040E+01  3.7794E-04
 -1.4029E+01  4.2508E-04
 -1.4017E+01  4.7744E-04
 -1.4005E+01  5.3598E-04
 -1.3993E+01  6.0150E-04
 -1.3981E+01  6.7454E-04
 -1.3969E+01  7.5521E-04
 -1.3957E+01  8.4303E-04
 -1.3945E+01  9.3694E-04
 -1.3933E+01  1.0352E-03
 -1.3921E+01  1.1355E-03
 -1.3909E+01  1.2348E-03
 -1.3898E+01  1.3301E-03
 -1.3886E+01  1.4178E-03
 -1.3874E+01  1.4944E-03
 -1.3862E+01  1.5567E-03
 -1.3850E+01  1.6019E-03
 -1.3838E+01  1.6277E-03
 -1.3826E+01  1.6329E-03
 -1.3814E+01  1.6169E-03
 -1.3802E+01  1.5803E-03
 -1.3790E+01  1.5244E-03
 -1.3778E+01  1.4514E-03
 -1.3767E+01  1.3643E-03
 -1.3755E+01  1.2664E-03
 -1.3743E+01  1.1615E-03
 -1.3731E+01  1.0533E-03
 -1.3719E+01  9.4518E-04
 -1.3707E+01  8.4045E-04
 -1.3695E+01  7.4173E-04
 -1.3683E+01  6.5109E-04
 -1.3671E+01  5.6989E-04
 -1.3659E+01  4.9884E-04
 -1.3647E+01  4.3801E-04
 -1.3636E+01  3.8689E-04
 -1.3624E+01  3.4456E-04
 -1.3612E+01  3.0974E-04
 -1.3600E+01  2.8100E-04
 -1.3588E+01  2.5684E-04
 -1.3576E+01  2.3587E-04
 -1.3564E+01  2.1685E-04
 -1.3552E+01  1.9882E-04
 -1.3540E+01  1.8113E-04
 -1.3528E+01  1.6343E-04
 -1.3517E+01  1.4568E-04
 -1.3505E+01  1.2808E-04
 -1.3493E+01  1.1103E-04
 -1.3481E+01  9.5029E-05
 -1.3469E+01  8.0635E-05
 -1.3457E+01  6.8351E-05
 -1.3445E+01  5.8587E-05
 -1.3433E+01  5.1604E-05
 -1.3421E+01  4.7489E-05
 -1.3409E+01  4.6141E-05
 -1.3397E+01  4.7284E-05
 -1.3386E+01  5.0490E-05
 -1.3374E+01  5.5220E-05
 -1.3362E+01  6.0872E-05
 -1.3350E+01  6.6833E-05
 -1.3338E+01  7.2530E-05
 -1.3326E+01  7.7470E-05
 -1.3314E+01  8.1277E-05
 -1.3302E+01  8.3713E-05
 -1.3290E+01  8.4684E-05
 -1.3278E+01  8.4237E-05
 -1.3266E+01  8.2549E-05
 -1.3255E+01  7.9898E-05
 -1.3243E+01  7.6640E-05
 -1.3231E+01  7.3177E-05
 -1.3219E+01  6.9930E-05
 -1.3207E+01  6.7310E-05
 -1.3195E+01  6.5702E-05
 -1.3183E+01  6.5441E-05
 -1.3171E+01  6.6812E-05
 -1.3159E+01  7.0037E-05
 -1.3147E+01  7.5280E-05
 -1.3135E+01  8.2648E-05
 -1.3124E+01  9.2199E-05
 -1.3112E+01  1.0395E-04
 -1.3100E+01  1.1786E-04
 -1.3088E+01  1.3387E-04
 -1.3076E+01  1.5189E-04
 -1.3064E+01  1.7176E-04
 -1.3052E+01  1.9331E-04
 -1.3040E+01  2.1631E-04
 -1.3028E+01  2.4047E-04
 -1.3016E+01  2.6545E-04
 -1.3004E+01  2.9089E-04
 -1.2993E+01  3.1634E-04
 -1.2981E+01  3.4136E-04
 -1.2969E+01  3.6547E-04
 -1.2957E+01  3.8822E-04
 -1.2945E+01  4.0918E-04
 -1.2933E+01  4.2798E-04
 -1.2921E+01  4.4433E-04
 -1.2909E+01  4.5803E-04
 -1.2897E+01  4.6899E-04
 -1.2885E+01  4.7723E-04
 -1.2873E+01  4.8285E-04
 -1.2862E+01  4.8603E-04
 -1.2850E+01  4.8702E-04
 -1.2838E+01  4.8608E-04
 -1.2826E+01  4.8346E-04
 -1.2814E+01  4.7939E-04
 -1.2802E+01  4.7403E-04
 -1.2790E+01  4.6746E-04
 -1.2778E+01  4.5970E-04
 -1.2766E+01  4.5066E-04
 -1.2754E+01  4.4021E-04
 -1.2742E+01  4.2816E-04
 -1.2731E+01  4.1431E-04
 -1.2719E+01  3.9848E-04
 -1.2707E+01  3.8056E-04
 -1.2695E+01  3.6051E-04
 -1.2683E+01  3.3843E-04
 -1.2671E+01  3.1453E-04
 -1.2659E+01  2.8918E-04
 -1.2647E+01  2.6286E-04
 -1.2635E+01  2.3619E-04
 -1.2623E+01  2.0983E-04
 -1.2611E+01  1.8451E-04
 -1.2600E+01  1.6095E-04
 -1.2588E+01  1.3978E-04
 -1.2576E+01  1.2155E-04
 -1.2564E+01  1.0667E-04
 -1.2552E+01  9.5366E-05
 -1.2540E+01  8.7651E-05
 -1.2528E+01  8.3351E-05
 -1.2516E+01  8.2096E-05
 -1.2504E+01  8.3352E-05
 -1.2492E+01  8.6457E-05
 -1.2480E+01  9.0681E-05
 -1.2469E+01  9.5275E-05
 -1.2457E+01  9.9537E-05
 -1.2445E+01  1.0286E-04
 -1.2433E+01  1.0479E-04
 -1.2421E+01  1.0502E-04
 -1.2409E+01  1.0347E-04
 -1.2397E+01  1.0022E-04
 -1.2385E+01  9.5513E-05
 -1.2373E+01  8.9742E-05
 -1.2361E+01  8.3380E-05
 -1.2349E+01  7.6944E-05
 -1.2338E+01  7.0938E-05
 -1.2326E+01  6.5813E-05
 -1.2314E+01  6.1921E-05
 -1.2302E+01  5.9496E-05
 -1.2290E+01  5.8638E-05
 -1.2278E+01  5.9324E-05
 -1.2266E+01  6.1426E-05
 -1.2254E+01  6.4746E-05
 -1.2242E+01  6.9065E-05
 -1.2230E+01  7.4188E-05
 -1.2218E+01  7.9997E-05
 -1.2207E+01  8.6489E-05
 -1.2195E+01  9.3808E-05
 -1.2183E+01  1.0226E-04
 -1.2171E+01  1.1232E-04
 -1.2159E+01  1.2459E-04
 -1.2147E+01  1.3979E-04
 -1.2135E+01  1.5871E-04
 -1.2123E+01  1.8216E-04
 -1.2111E+01  2.1089E-04
 -1.2099E+01  2.4559E-04
 -1.2087E+01  2.8684E-04
 -1.2076E+01  3.3508E-04
 -1.2064E+01  3.9066E-04
 -1.2052E+01  4.5379E-04
 -1.2040E+01  5.2466E-04
 -1.2028E+01  6.0347E-04
 -1.2016E+01  6.9048E-04
 -1.2004E+01  7.8608E-04
 -1.1992E+01  8.9085E-04
 -1.1980E+01  1.0056E-03
 -1.1968E+01  1.1312E-03
 -1.1956E+01  1.2688E-03
 -1.1945E+01  1.4196E-03
 -1.1933E+01  1.5844E-03
 -1.1921E+01  1.7641E-03
 -1.1909E+01  1.9589E-03
 -1.1897E+01  2.1681E-03
 -1.1885E+01  2.3904E-03
 -1.1873E+01  2.6233E-03
 -1.1861E+01  2.8631E-03
 -1.1849E+01  3.1047E-03
 -1.1837E+01  3.3422E-03
 -1.1825E+01  3.5684E-03
 -1.1814E+01  3.7756E-03
 -1.1802E+01  3.9557E-03
 -1.1790E+01  4.1007E-03
 -1.1778E+01  4.2031E-03
 -1.1766E+01  4.2565E-03
 -1.1754E+01  4.2563E-03
 -1.1742E+01  4.1995E-03
 -1.1730E+01  4.0857E-03
 -1.1718E+01  3.9170E-03
 -1.1706E+01  3.6981E-03
 -1.1694E+01  3.4365E-03
 -1.1683E+01  3.1420E-03
 -1.1671E+01  2.8263E-03
 -1.1659E+01  2.5029E-03
 -1.1647E+01  2.1857E-03
 -1.1635E+01  1.8888E-03
 -1.1623E+01  1.6254E-03
 -1.1611E+01  1.4069E-03
 -1.1599E+01  1.2421E-03
 -1.1587E+01  1.1364E-03
 -1.1575E+01  1.0920E-03
 -1.1563E+01  1.1066E-03
 -1.1552E+01  1.1746E-03
 -1.1540E+01  1.2867E-03
 -1.1528E+01  1.4306E-03
 -1.1516E+01  1.5923E-03
 -1.1504E+01  1.7565E-03
 -1.1492E+01  1.9082E-03
 -1.1480E+01  2.0332E-03
 -1.1468E+01  2.1200E-03
 -1.1456E+01  2.1601E-03
 -1.1444E+01  2.1490E-03
 -1.1432E+01  2.0868E-03
 -1.1421E+01  1.9782E-03
 -1.1409E+01  1.8322E-03
 -1.1397E+01  1.6622E-03
 -1.1385E+01  1.4842E-03
 -1.1373E+01  1.3164E-03
 -1.1361E+01  1.1776E-03
 -1.1349E+01  1.0857E-03
 -1.1337E+01  1.0562E-03
 -1.1325E+01  1.1012E-03
 -1.1313E+01  1.2284E-03
 -1.1301E+01  1.4401E-03
 -1.1290E+01  1.7332E-03
 -1.1278E+01  2.0996E-03
 -1.1266E+01  2.5263E-03
 -1.1254E+01  2.9972E-03
 -1.1242E+01  3.4940E-03
 -1.1230E+01  3.9984E-03
 -1.1218E+01  4.4936E-03
 -1.1206E+01  4.9668E-03
 -1.1194E+01  5.4111E-03
 -1.1182E+01  5.8266E-03
 -1.1170E+01  6.2224E-03
 -1.1159E+01  6.6166E-03
 -1.1147E+01  7.0367E-03
 -1.1135E+01  7.5188E-03
 -1.1123E+01  8.1057E-03
 -1.1111E+01  8.8455E-03
 -1.1099E+01  9.7883E-03
 -1.1087E+01  1.0983E-02
 -1.1075E+01  1.2476E-02
 -1.1063E+01  1.4303E-02
 -1.1051E+01  1.6491E-02
 -1.1039E+01  1.9052E-02
 -1.1028E+01  2.1981E-02
 -1.1016E+01  2.5256E-02
 -1.1004E+01  2.8834E-02
 -1.0992E+01  3.2655E-02
 -1.0980E+01  3.6639E-02
 -1.0968E+01  4.0692E-02
 -1.0956E+01  4.4709E-02
 -1.0944E+01  4.8576E-02
 -1.0932E+01  5.2180E-02
 -1.0920E+01  5.5408E-02
 -1.0908E+01  5.8158E-02
 -1.0897E+01  6.0342E-02
 -1.0885E+01  6.1888E-02
 -1.0873E+01  6.2746E-02
 -1.0861E+01  6.2889E-02
 -1.0849E+01  6.2313E-02
 -1.0837E+01  6.1039E-02
 -1.0825E+01  5.9109E-02
 -1.0813E+01  5.6587E-02
 -1.0801E+01  5.3554E-02
 -1.0789E+01  5.0104E-02
 -1.0777E+01  4.6343E-02
 -1.0766E+01  4.2380E-02
 -1.0754E+01  3.8328E-02
 -1.0742E+01  3.4292E-02
 -1.0730E+01  3.0371E-02
 -1.0718E+01  2.6651E-02
 -1.0706E+01  2.3201E-02
 -1.0694E+01  2.0073E-02
 -1.0682E+01  1.7300E-02
 -1.0670E+01  1.4897E-02
 -1.0658E+01  1.2860E-02
 -1.0646E+01  1.1170E-02
 -1.0635E+01  9.7951E-03
 -1.0623E+01  8.6952E-03
 -1.0611E+01  7.8237E-03
 -1.0599E+01  7.1319E-03
 -1.0587E+01  6.5723E-03
 -1.0575E+01  6.1009E-03
 -1.0563E+01  5.6799E-03
 -1.0551E+01  5.2791E-03
 -1.0539E+01  4.8770E-03
 -1.0527E+01  4.4604E-03
 -1.0515E+01  4.0250E-03
 -1.0504E+01  3.5732E-03
 -1.0492E+01  3.1137E-03
 -1.0480E+01  2.6590E-03
 -1.0468E+01  2.2239E-03
 -1.0456E+01  1.8235E-03
 -1.0444E+01  1.4711E-03
 -1.0432E+01  1.1777E-03
 -1.0420E+01  9.4987E-04
 -1.0408E+01  7.9015E-04
 -1.0396E+01  6.9635E-04
 -1.0384E+01  6.6204E-04
 -1.0373E+01  6.7721E-04
 -1.0361E+01  7.2922E-04
 -1.0349E+01  8.0389E-04
 -1.0337E+01  8.8676E-04
 -1.0325E+01  9.6424E-04
 -1.0313E+01  1.0247E-03
 -1.0301E+01  1.0592E-03
 -1.0289E+01  1.0624E-03
 -1.0277E+01  1.0322E-03
 -1.0265E+01  9.7040E-04
 -1.0253E+01  8.8162E-04
 -1.0242E+01  7.7307E-04
 -1.0230E+01  6.5356E-04
 -1.0218E+01  5.3255E-04
 -1.0206E+01  4.1924E-04
 -1.0194E+01  3.2172E-04
 -1.0182E+01  2.4620E-04
 -1.0170E+01  1.9658E-04
 -1.0158E+01  1.7421E-04
 -1.0146E+01  1.7786E-04
 -1.0134E+01  2.0401E-04
 -1.0122E+01  2.4734E-04
 -1.0111E+01  3.0132E-04
 -1.0099E+01  3.5905E-04
 -1.0087E+01  4.1394E-04
 -1.0075E+01  4.6049E-04
 -1.0063E+01  4.9490E-04
 -1.0051E+01  5.1546E-04
 -1.0039E+01  5.2280E-04
 -1.0027E+01  5.1980E-04
 -1.0015E+01  5.1136E-04
 -1.0003E+01  5.0383E-04
 -9.9915E+00  5.0444E-04
 -9.9796E+00  5.2047E-04
 -9.9677E+00  5.5851E-04
 -9.9558E+00  6.2372E-04
 -9.9439E+00  7.1914E-04
 -9.9319E+00  8.4533E-04
 -9.9200E+00  1.0000E-03
 -9.9081E+00  1.1781E-03
 -9.8962E+00  1.3721E-03
 -9.8843E+00  1.5722E-03
 -9.8724E+00  1.7674E-03
 -9.8605E+00  1.9462E-03
 -9.8486E+00  2.0975E-03
 -9.8367E+00  2.2113E-03
 -9.8248E+00  2.2800E-03
 -9.8129E+00  2.2989E-03
 -9.8010E+00  2.2663E-03
 -9.7890E+00  2.1842E-03
 -9.7771E+00  2.0580E-03
 -9.7652E+00  1.8957E-03
 -9.7533E+00  1.7083E-03
 -9.7414E+00  1.5078E-03
 -9.7295E+00  1.3073E-03
 -9.7176E+00  1.1195E-03
 -9.7057E+00  9.5586E-04
 -9.6938E+00  8.2581E-04
 -9.6819E+00  7.3601E-04
 -9.6700E+00  6.8990E-04
 -9.6580E+00  6.8745E-04
 -9.6461E+00  7.2520E-04
 -9.6342E+00  7.9660E-04
 -9.6223E+00  8.9260E-04
 -9.6104E+00  1.0024E-03
 -9.5985E+00  1.1144E-03
 -9.5866E+00  1.2171E-03
 -9.5747E+00  1.3002E-03
 -9.5628E+00  1.3554E-03
 -9.5509E+00  1.3767E-03
 -9.5390E+00  1.3613E-03
 -9.5271E+00  1.3096E-03
 -9.5151E+00  1.2249E-03
 -9.5032E+00  1.1132E-03
 -9.4913E+00  9.8256E-04
 -9.4794E+00  8.4260E-04
 -9.4675E+00  7.0334E-04
 -9.4556E+00  5.7449E-04
 -9.4437E+00  4.6463E-04
 -9.4318E+00  3.8044E-04
 -9.4199E+00  3.2620E-04
 -9.4080E+00  3.0342E-04
 -9.3961E+00  3.1083E-04
 -9.3841E+00  3.4450E-04
 -9.3722E+00  3.9832E-04
 -9.3603E+00  4.6461E-04
 -9.3484E+00  5.3485E-04
 -9.3365E+00  6.0051E-04
 -9.3246E+00  6.5385E-04
 -9.3127E+00  6.8862E-04
 -9.3008E+00  7.0059E-04
 -9.2889E+00  6.8795E-04
 -9.2770E+00  6.5141E-04
 -9.2651E+00  5.9413E-04
 -9.2531E+00  5.2137E-04
 -9.2412E+00  4.4002E-04
 -9.2293E+00  3.5787E-04
 -9.2174E+00  2.8291E-04
 -9.2055E+00  2.2253E-04
 -9.1936E+00  1.8280E-04
 -9.1817E+00  1.6790E-04
 -9.1698E+00  1.7967E-04
 -9.1579E+00  2.1744E-04
 -9.1460E+00  2.7814E-04
 -9.1341E+00  3.5652E-04
 -9.1222E+00  4.4578E-04
 -9.1102E+00  5.3813E-04
 -9.0983E+00  6.2567E-04
 -9.0864E+00  7.0113E-04
 -9.0745E+00  7.5865E-04
 -9.0626E+00  7.9440E-04
 -9.0507E+00  8.0706E-04
 -9.0388E+00  7.9801E-04
 -9.0269E+00  7.7138E-04
 -9.0150E+00  7.3369E-04
 -9.0031E+00  6.9340E-04
 -8.9912E+00  6.6009E-04
 -8.9792E+00  6.4363E-04
 -8.9673E+00  6.5322E-04
 -8.9554E+00  6.9640E-04
 -8.9435E+00  7.7826E-04
 -8.9316E+00  9.0076E-04
 -8.9197E+00  1.0624E-03
 -8.9078E+00  1.2581E-03
 -8.8959E+00  1.4793E-03
 -8.8840E+00  1.7149E-03
 -8.8721E+00  1.9514E-03
 -8.8602E+00  2.1744E-03
 -8.8482E+00  2.3694E-03
 -8.8363E+00  2.5234E-03
 -8.8244E+00  2.6253E-03
 -8.8125E+00  2.6673E-03
 -8.8006E+00  2.6458E-03
 -8.7887E+00  2.5613E-03
 -8.7768E+00  2.4192E-03
 -8.7649E+00  2.2287E-03
 -8.7530E+00  2.0030E-03
 -8.7411E+00  1.7577E-03
 -8.7292E+00  1.5098E-03
 -8.7173E+00  1.2765E-03
 -8.7053E+00  1.0738E-03
 -8.6934E+00  9.1487E-04
 -8.6815E+00  8.0953E-04
 -8.6696E+00  7.6308E-04
 -8.6577E+00  7.7611E-04
 -8.6458E+00  8.4439E-04
 -8.6339E+00  9.5930E-04
 -8.6220E+00  1.1085E-03
 -8.6101E+00  1.2770E-03
 -8.5982E+00  1.4484E-03
 -8.5863E+00  1.6063E-03
 -8.5743E+00  1.7355E-03
 -8.5624E+00  1.8235E-03
 -8.5505E+00  1.8614E-03
 -8.5386E+00  1.8450E-03
 -8.5267E+00  1.7748E-03
 -8.5148E+00  1.6559E-03
 -8.5029E+00  1.4979E-03
 -8.4910E+00  1.3140E-03
 -8.4791E+00  1.1195E-03
 -8.4672E+00  9.3077E-04
 -8.4553E+00  7.6363E-04
 -8.4433E+00  6.3211E-04
 -8.4314E+00  5.4713E-04
 -8.4195E+00  5.1559E-04
 -8.4076E+00  5.3977E-04
 -8.3957E+00  6.1710E-04
 -8.3838E+00  7.4035E-04
 -8.3719E+00  8.9822E-04
 -8.3600E+00  1.0764E-03
 -8.3481E+00  1.2585E-03
 -8.3362E+00  1.4279E-03
 -8.3243E+00  1.5689E-03
 -8.3124E+00  1.6684E-03
 -8.3004E+00  1.7167E-03
 -8.2885E+00  1.7087E-03
 -8.2766E+00  1.6445E-03
 -8.2647E+00  1.5289E-03
 -8.2528E+00  1.3715E-03
 -8.2409E+00  1.1855E-03
 -8.2290E+00  9.8656E-04
 -8.2171E+00  7.9168E-04
 -8.2052E+00  6.1731E-04
 -8.1933E+00  4.7808E-04
 -8.1814E+00  3.8545E-04
 -8.1694E+00  3.4668E-04
 -8.1575E+00  3.6417E-04
 -8.1456E+00  4.3523E-04
 -8.1337E+00  5.5234E-04
 -8.1218E+00  7.0385E-04
 -8.1099E+00  8.7516E-04
 -8.0980E+00  1.0501E-03
 -8.0861E+00  1.2128E-03
 -8.0742E+00  1.3490E-03
 -8.0623E+00  1.4481E-03
 -8.0504E+00  1.5039E-03
 -8.0384E+00  1.5160E-03
 -8.0265E+00  1.4897E-03
 -8.0146E+00  1.4359E-03
 -8.0027E+00  1.3704E-03
 -7.9908E+00  1.3128E-03
 -7.9789E+00  1.2842E-03
 -7.9670E+00  1.3060E-03
 -7.9551E+00  1.3973E-03
 -7.9432E+00  1.5731E-03
 -7.9313E+00  1.8425E-03
 -7.9194E+00  2.2072E-03
 -7.9075E+00  2.6609E-03
 -7.8955E+00  3.1891E-03
 -7.8836E+00  3.7695E-03
 -7.8717E+00  4.3736E-03
 -7.8598E+00  4.9683E-03
 -7.8479E+00  5.5186E-03
 -7.8360E+00  5.9903E-03
 -7.8241E+00  6.3525E-03
 -7.8122E+00  6.5803E-03
 -7.8003E+00  6.6572E-03
 -7.7884E+00  6.5762E-03
 -7.7765E+00  6.3412E-03
 -7.7645E+00  5.9665E-03
 -7.7526E+00  5.4768E-03
 -7.7407E+00  4.9050E-03
 -7.7288E+00  4.2904E-03
 -7.7169E+00  3.6759E-03
 -7.7050E+00  3.1048E-03
 -7.6931E+00  2.6173E-03
 -7.6812E+00  2.2478E-03
 -7.6693E+00  2.0217E-03
 -7.6574E+00  1.9533E-03
 -7.6455E+00  2.0445E-03
 -7.6335E+00  2.2848E-03
 -7.6216E+00  2.6513E-03
 -7.6097E+00  3.1113E-03
 -7.5978E+00  3.6243E-03
 -7.5859E+00  4.1458E-03
 -7.5740E+00  4.6306E-03
 -7.5621E+00  5.0368E-03
 -7.5502E+00  5.3294E-03
 -7.5383E+00  5.4836E-03
 -7.5264E+00  5.4868E-03
 -7.5145E+00  5.3404E-03
 -7.5026E+00  5.0603E-03
 -7.4906E+00  4.6756E-03
 -7.4787E+00  4.2273E-03
 -7.4668E+00  3.7652E-03
 -7.4549E+00  3.3438E-03
 -7.4430E+00  3.0180E-03
 -7.4311E+00  2.8386E-03
 -7.4192E+00  2.8478E-03
 -7.4073E+00  3.0755E-03
 -7.3954E+00  3.5359E-03
 -7.3835E+00  4.2266E-03
 -7.3716E+00  5.1279E-03
 -7.3596E+00  6.2042E-03
 -7.3477E+00  7.4065E-03
 -7.3358E+00  8.6763E-03
 -7.3239E+00  9.9507E-03
 -7.3120E+00  1.1168E-02
 -7.3001E+00  1.2272E-02
 -7.2882E+00  1.3221E-02
 -7.2763E+00  1.3989E-02
 -7.2644E+00  1.4574E-02
 -7.2525E+00  1.4996E-02
 -7.2406E+00  1.5303E-02
 -7.2286E+00  1.5568E-02
 -7.2167E+00  1.5885E-02
 -7.2048E+00  1.6368E-02
 -7.1929E+00  1.7139E-02
 -7.1810E+00  1.8328E-02
 -7.1691E+00  2.0057E-02
 -7.1572E+00  2.2438E-02
 -7.1453E+00  2.5562E-02
 -7.1334E+00  2.9491E-02
 -7.1215E+00  3.4255E-02
 -7.1096E+00  3.9846E-02
 -7.0977E+00  4.6215E-02
 -7.0857E+00  5.3273E-02
 -7.0738E+00  6.0890E-02
 -7.0619E+00  6.8904E-02
 -7.0500E+00  7.7119E-02
 -7.0381E+00  8.5320E-02
 -7.0262E+00  9.3282E-02
 -7.0143E+00  1.0077E-01
 -7.0024E+00  1.0758E-01
 -6.9905E+00  1.1350E-01
 -6.9786E+00  1.1836E-01
 -6.9667E+00  1.2203E-01
 -6.9547E+00  1.2442E-01
 -6.9428E+00  1.2548E-01
 -6.9309E+00  1.2521E-01
 -6.9190E+00  1.2365E-01
 -6.9071E+00  1.2088E-01
 -6.8952E+00  1.1700E-01
 -6.8833E+00  1.1216E-01
 -6.8714E+00  1.0650E-01
 -6.8595E+00  1.0019E-01
 -6.8476E+00  9.3409E-02
 -6.8357E+00  8.6322E-02
 -6.8237E+00  7.9095E-02
 -6.8118E+00  7.1882E-02
 -6.7999E+00  6.4818E-02
 -6.7880E+00  5.8018E-02
 -6.7761E+00  5.1578E-02
 -6.7642E+00  4.5566E-02
 -6.7523E+00  4.0030E-02
 -6.7404E+00  3.4993E-02
 -6.7285E+00  3.0460E-02
 -6.7166E+00  2.6420E-02
 -6.7047E+00  2.2847E-02
 -6.6928E+00  1.9706E-02
 -6.6808E+00  1.6957E-02
 -6.6689E+00  1.4559E-02
 -6.6570E+00  1.2469E-02
 -6.6451E+00  1.0648E-02
 -6.6332E+00  9.0604E-03
 -6.6213E+00  7.6762E-03
 -6.6094E+00  6.4694E-03
 -6.5975E+00  5.4183E-03
 -6.5856E+00  4.5058E-03
 -6.5737E+00  3.7173E-03
 -6.5618E+00  3.0410E-03
 -6.5498E+00  2.4664E-03
 -6.5379E+00  1.9840E-03
 -6.5260E+00  1.5845E-03
 -6.5141E+00  1.2590E-03
 -6.5022E+00  9.9833E-04
 -6.4903E+00  7.9348E-04
 -6.4784E+00  6.3563E-04
 -6.4665E+00  5.1640E-04
 -6.4546E+00  4.2810E-04
 -6.4427E+00  3.6394E-04
 -6.4308E+00  3.1820E-04
 -6.4188E+00  2.8629E-04
 -6.4069E+00  2.6476E-04
 -6.3950E+00  2.5116E-04
 -6.3831E+00  2.4388E-04
 -6.3712E+00  2.4191E-04
 -6.3593E+00  2.4460E-04
 -6.3474E+00  2.5139E-04
 -6.3355E+00  2.6168E-04
 -6.3236E+00  2.7465E-04
 -6.3117E+00  2.8925E-04
 -6.2998E+00  3.0423E-04
 -6.2879E+00  3.1828E-04
 -6.2759E+00  3.3016E-04
 -6.2640E+00  3.3894E-04
 -6.2521E+00  3.4418E-04
 -6.2402E+00  3.4611E-04
 -6.2283E+00  3.4571E-04
 -6.2164E+00  3.4480E-04
 -6.2045E+00  3.4590E-04
 -6.1926E+00  3.5214E-04
 -6.1807E+00  3.6699E-04
 -6.1688E+00  3.9394E-04
 -6.1569E+00  4.3614E-04
 -6.1449E+00  4.9606E-04
 -6.1330E+00  5.7512E-04
 -6.1211E+00  6.7346E-04
 -6.1092E+00  7.8979E-04
 -6.0973E+00  9.2133E-04
 -6.0854E+00  1.0640E-03
 -6.0735E+00  1.2124E-03
 -6.0616E+00  1.3606E-03
 -6.0497E+00  1.5021E-03
 -6.0378E+00  1.6305E-03
 -6.0259E+00  1.7398E-03
 -6.0140E+00  1.8251E-03
 -6.0020E+00  1.8827E-03
 -5.9901E+00  1.9103E-03
 -5.9782E+00  1.9076E-03
 -5.9663E+00  1.8757E-03
 -5.9544E+00  1.8174E-03
 -5.9425E+00  1.7367E-03
 -5.9306E+00  1.6388E-03
 -5.9187E+00  1.5292E-03
 -5.9068E+00  1.4137E-03
 -5.8949E+00  1.2975E-03
 -5.8830E+00  1.1854E-03
 -5.8710E+00  1.0808E-03
 -5.8591E+00  9.8600E-04
 -5.8472E+00  9.0217E-04
 -5.8353E+00  8.2919E-04
 -5.8234E+00  7.6602E-04
 -5.8115E+00  7.1095E-04
 -5.7996E+00  6.6200E-04
 -5.7877E+00  6.1720E-04
 -5.7758E+00  5.7492E-04
 -5.7639E+00  5.3418E-04
 -5.7520E+00  4.9471E-04
 -5.7400E+00  4.5708E-04
 -5.7281E+00  4.2257E-04
 -5.7162E+00  3.9302E-04
 -5.7043E+00  3.7053E-04
 -5.6924E+00  3.5717E-04
 -5.6805E+00  3.5463E-04
 -5.6686E+00  3.6387E-04
 -5.6567E+00  3.8494E-04
 -5.6448E+00  4.1680E-04
 -5.6329E+00  4.5730E-04
 -5.6210E+00  5.0328E-04
 -5.6091E+00  5.5082E-04
 -5.5971E+00  5.9556E-04
 -5.5852E+00  6.3307E-04
 -5.5733E+00  6.5933E-04
 -5.5614E+00  6.7115E-04
 -5.5495E+00  6.6653E-04
 -5.5376E+00  6.4497E-04
 -5.5257E+00  6.0765E-04
 -5.5138E+00  5.5739E-04
 -5.5019E+00  4.9851E-04
 -5.4900E+00  4.3649E-04
 -5.4781E+00  3.7750E-04
 -5.4661E+00  3.2779E-04
 -5.4542E+00  2.9310E-04
 -5.4423E+00  2.7805E-04
 -5.4304E+00  2.8562E-04
 -5.4185E+00  3.1684E-04
 -5.4066E+00  3.7051E-04
 -5.3947E+00  4.4331E-04
 -5.3828E+00  5.3000E-04
 -5.3709E+00  6.2381E-04
 -5.3590E+00  7.1706E-04
 -5.3471E+00  8.0185E-04
 -5.3351E+00  8.7080E-04
 -5.3232E+00  9.1779E-04
 -5.3113E+00  9.3867E-04
 -5.2994E+00  9.3172E-04
 -5.2875E+00  8.9801E-04
 -5.2756E+00  8.4139E-04
 -5.2637E+00  7.6826E-04
 -5.2518E+00  6.8710E-04
 -5.2399E+00  6.0768E-04
 -5.2280E+00  5.4018E-04
 -5.2161E+00  4.9423E-04
 -5.2042E+00  4.7799E-04
 -5.1922E+00  4.9736E-04
 -5.1803E+00  5.5532E-04
 -5.1684E+00  6.5169E-04
 -5.1565E+00  7.8300E-04
 -5.1446E+00  9.4283E-04
 -5.1327E+00  1.1223E-03
 -5.1208E+00  1.3110E-03
 -5.1089E+00  1.4977E-03
 -5.0970E+00  1.6719E-03
 -5.0851E+00  1.8247E-03
 -5.0732E+00  1.9496E-03
 -5.0612E+00  2.0437E-03
 -5.0493E+00  2.1080E-03
 -5.0374E+00  2.1471E-03
 -5.0255E+00  2.1696E-03
 -5.0136E+00  2.1867E-03
 -5.0017E+00  2.2112E-03
 -4.9898E+00  2.2566E-03
 -4.9779E+00  2.3351E-03
 -4.9660E+00  2.4564E-03
 -4.9541E+00  2.6267E-03
 -4.9422E+00  2.8473E-03
 -4.9302E+00  3.1141E-03
 -4.9183E+00  3.4177E-03
 -4.9064E+00  3.7433E-03
 -4.8945E+00  4.0719E-03
 -4.8826E+00  4.3817E-03
 -4.8707E+00  4.6496E-03
 -4.8588E+00  4.8533E-03
 -4.8469E+00  4.9737E-03
 -4.8350E+00  4.9964E-03
 -4.8231E+00  4.9140E-03
 -4.8112E+00  4.7264E-03
 -4.7993E+00  4.4422E-03
 -4.7873E+00  4.0778E-03
 -4.7754E+00  3.6564E-03
 -4.7635E+00  3.2070E-03
 -4.7516E+00  2.7615E-03
 -4.7397E+00  2.3529E-03
 -4.7278E+00  2.0122E-03
 -4.7159E+00  1.7662E-03
 -4.7040E+00  1.6352E-03
 -4.6921E+00  1.6305E-03
 -4.6802E+00  1.7538E-03
 -4.6683E+00  1.9963E-03
 -4.6563E+00  2.3390E-03
 -4.6444E+00  2.7539E-03
 -4.6325E+00  3.2062E-03
 -4.6206E+00  3.6573E-03
 -4.6087E+00  4.0677E-03
 -4.5968E+00  4.4010E-03
 -4.5849E+00  4.6271E-03
 -4.5730E+00  4.7248E-03
 -4.5611E+00  4.6840E-03
 -4.5492E+00  4.5068E-03
 -4.5373E+00  4.2077E-03
 -4.5253E+00  3.8122E-03
 -4.5134E+00  3.3550E-03
 -4.5015E+00  2.8775E-03
 -4.4896E+00  2.4240E-03
 -4.4777E+00  2.0382E-03
 -4.4658E+00  1.7592E-03
 -4.4539E+00  1.6177E-03
 -4.4420E+00  1.6333E-03
 -4.4301E+00  1.8120E-03
 -4.4182E+00  2.1449E-03
 -4.4063E+00  2.6091E-03
 -4.3944E+00  3.1691E-03
 -4.3824E+00  3.7796E-03
 -4.3705E+00  4.3896E-03
 -4.3586E+00  4.9471E-03
 -4.3467E+00  5.4035E-03
 -4.3348E+00  5.7177E-03
 -4.3229E+00  5.8606E-03
 -4.3110E+00  5.8169E-03
 -4.2991E+00  5.5876E-03
 -4.2872E+00  5.1897E-03
 -4.2753E+00  4.6554E-03
 -4.2634E+00  4.0299E-03
 -4.2514E+00  3.3678E-03
 -4.2395E+00  2.7283E-03
 -4.2276E+00  2.1705E-03
 -4.2157E+00  1.7474E-03
 -4.2038E+00  1.5012E-03
 -4.1919E+00  1.4587E-03
 -4.1800E+00  1.6288E-03
 -4.1681E+00  2.0010E-03
 -4.1562E+00  2.5462E-03
 -4.1443E+00  3.2194E-03
 -4.1324E+00  3.9637E-03
 -4.1204E+00  4.7157E-03
 -4.1085E+00  5.4119E-03
 -4.0966E+00  5.9946E-03
 -4.0847E+00  6.4180E-03
 -4.0728E+00  6.6537E-03
 -4.0609E+00  6.6944E-03
 -4.0490E+00  6.5566E-03
 -4.0371E+00  6.2804E-03
 -4.0252E+00  5.9279E-03
 -4.0133E+00  5.5787E-03
 -4.0014E+00  5.3233E-03
 -3.9895E+00  5.2549E-03
 -3.9775E+00  5.4603E-03
 -3.9656E+00  6.0107E-03
 -3.9537E+00  6.9533E-03
 -3.9418E+00  8.3052E-03
 -3.9299E+00  1.0049E-02
 -3.9180E+00  1.2132E-02
 -3.9061E+00  1.4467E-02
 -3.8942E+00  1.6938E-02
 -3.8823E+00  1.9408E-02
 -3.8704E+00  2.1725E-02
 -3.8585E+00  2.3736E-02
 -3.8465E+00  2.5301E-02
 -3.8346E+00  2.6298E-02
 -3.8227E+00  2.6645E-02
 -3.8108E+00  2.6303E-02
 -3.7989E+00  2.5286E-02
 -3.7870E+00  2.3660E-02
 -3.7751E+00  2.1548E-02
 -3.7632E+00  1.9113E-02
 -3.7513E+00  1.6555E-02
 -3.7394E+00  1.4087E-02
 -3.7275E+00  1.1925E-02
 -3.7155E+00  1.0264E-02
 -3.7036E+00  9.2687E-03
 -3.6917E+00  9.0520E-03
 -3.6798E+00  9.6707E-03
 -3.6679E+00  1.1116E-02
 -3.6560E+00  1.3315E-02
 -3.6441E+00  1.6128E-02
 -3.6322E+00  1.9364E-02
 -3.6203E+00  2.2787E-02
 -3.6084E+00  2.6140E-02
 -3.5965E+00  2.9161E-02
 -3.5846E+00  3.1610E-02
 -3.5726E+00  3.3295E-02
 -3.5607E+00  3.4084E-02
 -3.5488E+00  3.3931E-02
 -3.5369E+00  3.2879E-02
 -3.5250E+00  3.1063E-02
 -3.5131E+00  2.8702E-02
 -3.5012E+00  2.6087E-02
 -3.4893E+00  2.3561E-02
 -3.4774E+00  2.1493E-02
 -3.4655E+00  2.0256E-02
 -3.4536E+00  2.0197E-02
 -3.4416E+00  2.1608E-02
 -3.4297E+00  2.4702E-02
 -3.4178E+00  2.9592E-02
 -3.4059E+00  3.6277E-02
 -3.3940E+00  4.4632E-02
 -3.3821E+00  5.4419E-02
 -3.3702E+00  6.5305E-02
 -3.3583E+00  7.6890E-02
 -3.3464E+00  8.8751E-02
 -3.3345E+00  1.0049E-01
 -3.3226E+00  1.1179E-01
 -3.3106E+00  1.2245E-01
 -3.2987E+00  1.3243E-01
 -3.2868E+00  1.4190E-01
 -3.2749E+00  1.5122E-01
 -3.2630E+00  1.6100E-01
 -3.2511E+00  1.7204E-01
 -3.2392E+00  1.8535E-01
 -3.2273E+00  2.0209E-01
 -3.2154E+00  2.2351E-01
 -3.2035E+00  2.5089E-01
 -3.1916E+00  2.8543E-01
 -3.1797E+00  3.2818E-01
 -3.1677E+00  3.7993E-01
 -3.1558E+00  4.4116E-01
 -3.1439E+00  5.1194E-01
 -3.1320E+00  5.9197E-01
 -3.1201E+00  6.8051E-01
 -3.1082E+00  7.7643E-01
 -3.0963E+00  8.7822E-01
 -3.0844E+00  9.8404E-01
 -3.0725E+00  1.0917E+00
 -3.0606E+00  1.1989E+00
 -3.0487E+00  1.3028E+00
 -3.0367E+00  1.4007E+00
 -3.0248E+00  1.4895E+00
 -3.0129E+00  1.5665E+00
 -3.0010E+00  1.6288E+00
 -2.9891E+00  1.6743E+00
 -2.9772E+00  1.7010E+00
 -2.9653E+00  1.7081E+00
 -2.9534E+00  1.6954E+00
 -2.9415E+00  1.6634E+00
 -2.9296E+00  1.6136E+00
 -2.9177E+00  1.5481E+00
 -2.9058E+00  1.4694E+00
 -2.8938E+00  1.3802E+00
 -2.8819E+00  1.2833E+00
 -2.8700E+00  1.1815E+00
 -2.8581E+00  1.0772E+00
 -2.8462E+00  9.7272E-01
 -2.8343E+00  8.7016E-01
 -2.8224E+00  7.7129E-01
 -2.8105E+00  6.7769E-01
 -2.7986E+00  5.9068E-01
 -2.7867E+00  5.1133E-01
 -2.7748E+00  4.4041E-01
 -2.7628E+00  3.7834E-01
 -2.7509E+00  3.2517E-01
 -2.7390E+00  2.8058E-01
 -2.7271E+00  2.4390E-01
 -2.7152E+00  2.1420E-01
 -2.7033E+00  1.9039E-01
 -2.6914E+00  1.7129E-01
 -2.6795E+00  1.5575E-01
 -2.6676E+00  1.4270E-01
 -2.6557E+00  1.3125E-01
 -2.6438E+00  1.2068E-01
 -2.6318E+00  1.1046E-01
 -2.6199E+00  1.0028E-01
 -2.6080E+00  8.9981E-02
 -2.5961E+00  7.9566E-02
 -2.5842E+00  6.9165E-02
 -2.5723E+00  5.8981E-02
 -2.5604E+00  4.9289E-02
 -2.5485E+00  4.0383E-02
 -2.5366E+00  3.2526E-02
 -2.5247E+00  2.5924E-02
 -2.5128E+00  2.0705E-02
 -2.5009E+00  1.6909E-02
 -2.4889E+00  1.4489E-02
 -2.4770E+00  1.3321E-02
 -2.4651E+00  1.3215E-02
 -2.4532E+00  1.3932E-02
 -2.4413E+00  1.5202E-02
 -2.4294E+00  1.6740E-02
 -2.4175E+00  1.8278E-02
 -2.4056E+00  1.9582E-02
 -2.3937E+00  2.0468E-02
 -2.3818E+00  2.0814E-02
 -2.3699E+00  2.0562E-02
 -2.3579E+00  1.9720E-02
 -2.3460E+00  1.8354E-02
 -2.3341E+00  1.6576E-02
 -2.3222E+00  1.4526E-02
 -2.3103E+00  1.2354E-02
 -2.2984E+00  1.0208E-02
 -2.2865E+00  8.2198E-03
 -2.2746E+00  6.4971E-03
 -2.2627E+00  5.1186E-03
 -2.2508E+00  4.1292E-03
 -2.2389E+00  3.5391E-03
 -2.2269E+00  3.3241E-03
 -2.2150E+00  3.4295E-03
 -2.2031E+00  3.7755E-03
 -2.1912E+00  4.2662E-03
 -2.1793E+00  4.8014E-03
 -2.1674E+00  5.2887E-03
 -2.1555E+00  5.6530E-03
 -2.1436E+00  5.8425E-03
 -2.1317E+00  5.8326E-03
 -2.1198E+00  5.6253E-03
 -2.1079E+00  5.2476E-03
 -2.0960E+00  4.7478E-03
 -2.0840E+00  4.1910E-03
 -2.0721E+00  3.6537E-03
 -2.0602E+00  3.2180E-03
 -2.0483E+00  2.9625E-03
 -2.0364E+00  2.9520E-03
 -2.0245E+00  3.2261E-03
 -2.0126E+00  3.7917E-03
 -2.0007E+00  4.6239E-03
 -1.9888E+00  5.6788E-03
 -1.9769E+00  6.9095E-03
 -1.9650E+00  8.2743E-03
 -1.9530E+00  9.7338E-03
 -1.9411E+00  1.1230E-02
 -1.9292E+00  1.2653E-02
 -1.9173E+00  1.3811E-02
 -1.9054E+00  1.4438E-02
 -1.8935E+00  1.4308E-02
 -1.8816E+00  1.3420E-02
 -1.8697E+00  1.2059E-02
 -1.8578E+00  1.0674E-02
 -1.8459E+00  9.9671E-03
 -1.8340E+00  1.6027E-02
 -1.8220E+00  6.6081E-03
 -1.8101E+00  6.8964E-03
 -1.7982E+00  3.2558E-03
 -1.7863E+00  7.3193E-03
 -1.7744E+00  4.9659E-03
 -1.7625E+00  2.6816E-03
 -1.7506E+00  1.9668E-03
 -1.7387E+00  3.3773E-03
 -1.7268E+00  5.3041E-03
 -1.7149E+00  2.2901E-03
 -1.7030E+00  2.3233E-03
 -1.6911E+00  8.7518E-03
 -1.6791E+00  2.6704E-02
 -1.6672E+00  6.0741E-03
 -1.6553E+00  2.7275E-03
 -1.6434E+00  5.3384E-03
 -1.6315E+00  3.7903E-03
 -1.6196E+00  5.3897E-03
 -1.6077E+00  2.0606E-03
 -1.5958E+00  1.2982E-03
 -1.5839E+00  1.9631E-03
 -1.5720E+00  2.8786E-03
 -1.5601E+00  4.5204E-03
 -1.5481E+00  8.2795E-03
 -1.5362E+00  2.0575E-02
 -1.5243E+00  3.5496E-03
 -1.5124E+00  1.8351E-03
 -1.5005E+00  2.1406E-03
 -1.4886E+00  4.2148E-03
 -1.4767E+00  1.2689E-02
 -1.4648E+00  3.5085E-03
 -1.4529E+00  7.7834E-04
 -1.4410E+00  5.4003E-04
 -1.4291E+00  4.0996E-04
 -1.4171E+00  3.6666E-04
 -1.4052E+00  3.4271E-04
 -1.3933E+00  3.2222E-04
 -1.3814E+00  3.0137E-04
 -1.3695E+00  2.7905E-04
 -1.3576E+00  2.5523E-04
 -1.3457E+00  2.3033E-04
 -1.3338E+00  2.0500E-04
 -1.3219E+00  1.7993E-04
 -1.3100E+00  1.5582E-04
 -1.2981E+00  1.3328E-04
 -1.2862E+00  1.1284E-04
 -1.2742E+00  9.4917E-05
 -1.2623E+00  7.9838E-05
 -1.2504E+00  6.7836E-05
 -1.2385E+00  5.9125E-05
 -1.2266E+00  5.3970E-05
 -1.2147E+00  5.2902E-05
 -1.2028E+00  5.7006E-05
 -1.1909E+00  6.9647E-05
 -1.1790E+00  9.7233E-05
 -1.1671E+00  1.7029E-04
 -1.1552E+00  6.6059E-04
 -1.1432E+00  6.8590E-03
 -1.1313E+00  1.0669E-02
 -1.1194E+00  1.9509E-03
 -1.1075E+00  2.1837E-03
 -1.0956E+00  9.9695E-03
 -1.0837E+00  4.8530E-02
 -1.0718E+00  2.3585E-02
 -1.0599E+00  1.2685E-02
 -1.0480E+00  1.0711E-02
 -1.0361E+00  2.7619E-02
 -1.0242E+00  3.7354E-03
 -1.0122E+00  1.0619E-03
 -1.0003E+00  4.5178E-04
 -9.8843E-01  1.2396E-04
 -9.7652E-01  8.5834E-05
 -9.6461E-01  1.9277E-04
 -9.5271E-01  2.1191E-03
 -9.4080E-01  8.1150E-04
 -9.2889E-01  2.9994E-04
 -9.1698E-01  1.9179E-04
 -9.0507E-01  1.4257E-04
 -8.9316E-01  1.1231E-04
 -8.8125E-01  9.6934E-05
 -8.6934E-01  1.6837E-04
 -8.5743E-01  2.9216E-04
 -8.4553E-01  8.5889E-05
 -8.3362E-01  5.8221E-05
 -8.2171E-01  5.8118E-05
 -8.0980E-01  1.7527E-04
 -7.9789E-01  2.1860E-04
 -7.8598E-01  3.8054E-05
 -7.7407E-01  4.1629E-05
 -7.6216E-01  7.7647E-04
 -7.5026E-01  3.0070E-05
 -7.3835E-01  4.1956E-05
 -7.2644E-01  1.2242E-04
 -7.1453E-01  3.8714E-05
 -7.0262E-01  5.4479E-04
 -6.9071E-01  4.7185E-05
 -6.7880E-01  8.6839E-05
 -6.6689E-01  4.9863E-05
 -6.5498E-01  5.2889E-05
 -6.4308E-01  4.2171E-05
 -6.3117E-01  4.0562E-05
 -6.1926E-01  3.2905E-05
 -6.0735E-01  3.8420E-05
 -5.9544E-01  2.5946E-05
 -5.8353E-01  1.5750E-04
 -5.7162E-01  2.0040E-05
 -5.5971E-01  3.6159E-05
 -5.4781E-01  1.6980E-05
 -5.3590E-01  1.3172E-05
 -5.2399E-01  3.4539E-05
 -5.1208E-01  1.2846E-05
 -5.0017E-01  1.4861E-05
 -4.8826E-01  1.9219E-05
 -4.7635E-01  2.1356E-05
 -4.6444E-01  3.1037E-05
 -4.5253E-01  5.4245E-05
 -4.4063E-01  3.4144E-05
 -4.2872E-01  4.0487E-05
 -4.1681E-01  1.2368E-03
 -4.0490E-01  4.2196E-05
 -3.9299E-01  3.9544E-05
 -3.8108E-01  4.4084E-05
 -3.6917E-01  1.4452E-04
 -3.5726E-01  3.7035E-05
 -3.4536E-01  3.3551E-05
 -3.3345E-01  4.1172E-05
 -3.2154E-01  6.7517E-04
 -3.0963E-01  8.1565E-05
 -2.9772E-01  3.9603E-05
 -2.8581E-01  3.9221E-05
 -2.7390E-01  6.6254E-05
 -2.6199E-01  3.8832E-04
 -2.5009E-01  6.6273E-04
 -2.3818E-01  9.5680E-05
 -2.2627E-01  6.0186E-05
 -2.1436E-01  5.7732E-05
 -2.0245E-01  6.6970E-05
 -1.9054E-01  9.3257E-05
 -1.7863E-01  2.1135E-04
 -1.6672E-01  5.7976E-03
 -1.5481E-01  1.6290E-04
 -1.4291E-01  7.7890E-05
 -1.3100E-01  6.4058E-05
 -1.1909E-01  5.9217E-05
 -1.0718E-01  5.6122E-05
 -9.5271E-02  5.3326E-05
 -8.3362E-02  5.0655E-05
 -7.1453E-02  4.8321E-05
 -5.9544E-02  4.6610E-05
 -4.7635E-02  4.5699E-05
 -3.5726E-02  4.5512E-05
 -2.3818E-02  4.5674E-05
 -1.1909E-02  4.5632E-05
  0.0000E+00  4.4929E-05
  1.1909E-02  4.3486E-05
  2.3818E-02  4.1653E-05
  3.5726E-02  4.0004E-05
  4.7635E-02  3.9014E-05
  5.9544E-02  3.8861E-05
  7.1453E-02  3.9428E-05
  8.3362E-02  4.0412E-05
  9.5271E-02  4.1482E-05
  1.0718E-01  4.2426E-05
  1.1909E-01  4.3350E-05
  1.3100E-01  4.5197E-05
  1.4291E-01  5.2319E-05
  1.5481E-01  9.9173E-05
  1.6672E-01  2.9284E-03
  1.7863E-01  9.4494E-05
  1.9054E-01  3.9615E-05
  2.0245E-01  2.7465E-05
  2.1436E-01  2.3350E-05
  2.2627E-01  2.4697E-05
  2.3818E-01  3.9339E-05
  2.5009E-01  2.5508E-04
  2.6199E-01  1.6569E-04
  2.7390E-01  4.4246E-05
  2.8581E-01  3.9320E-05
  2.9772E-01  4.7513E-05
  3.0963E-01  8.8454E-05
  3.2154E-01  6.5988E-04
  3.3345E-01  6.6888E-05
  3.4536E-01  5.9508E-05
  3.5726E-01  6.2908E-05
  3.6917E-01  1.7906E-04
  3.8108E-01  5.7351E-05
  3.9299E-01  5.0890E-05
  4.0490E-01  4.7251E-05
  4.1681E-01  5.8490E-04
  4.2872E-01  4.6027E-05
  4.4063E-01  4.5407E-05
  4.5253E-01  2.0844E-04
  4.6444E-01  1.0519E-04
  4.7635E-01  6.9533E-05
  4.8826E-01  3.5767E-04
  5.0017E-01  1.8883E-04
  5.1208E-01  1.2116E-04
  5.2399E-01  2.0487E-03
  5.3590E-01  1.7584E-04
  5.4781E-01  1.9725E-04
  5.5971E-01  5.0987E-04
  5.7162E-01  1.7669E-04
  5.8353E-01  9.5711E-04
  5.9544E-01  1.8854E-04
  6.0735E-01  1.9669E-04
  6.1926E-01  2.0842E-04
  6.3117E-01  2.4850E-04
  6.4308E-01  2.7786E-04
  6.5498E-01  3.7670E-04
  6.6689E-01  3.7676E-04
  6.7880E-01  7.2969E-04
  6.9071E-01  4.1712E-04
  7.0262E-01  5.2656E-03
  7.1453E-01  4.3069E-04
  7.2644E-01  1.3417E-03
  7.3835E-01  5.4696E-04
  7.5026E-01  5.1001E-04
  7.6216E-01  3.5666E-03
  7.7407E-01  6.2381E-04
  7.8598E-01  7.2010E-04
  7.9789E-01  1.2029E-03
  8.0980E-01  1.3695E-03
  8.2171E-01  1.2287E-03
  8.3362E-01  1.4043E-03
  8.4553E-01  1.6816E-03
  8.5743E-01  2.5812E-03
  8.6934E-01  2.9861E-03
  8.8125E-01  2.9537E-03
  8.9316E-01  3.4847E-03
  9.0507E-01  4.2633E-03
  9.1698E-01  5.3830E-03
  9.2889E-01  7.4053E-03
  9.4080E-01  1.5099E-02
  9.5271E-01  2.9009E-02
  9.6461E-01  5.1745E-03
  9.7652E-01  4.6578E-03
  9.8843E-01  8.6192E-03
  1.0003E+00  1.5485E-02
  1.0122E+00  1.8146E-02
  1.0242E+00  3.5575E-02
  1.0361E+00  1.1951E-01
  1.0480E+00  2.2800E-02
  1.0599E+00  1.1138E-02
  1.0718E+00  1.1348E-02
  1.0837E+00  6.9642E-02
  1.0956E+00  6.6208E-02
  1.1075E+00  9.0341E-02
  1.1194E+00  2.4896E-01
  1.1313E+00  4.6985E-01
  1.1432E+00  4.2998E-01
  1.1552E+00  2.1652E-02
  1.1671E+00  4.9527E-03
  1.1790E+00  2.7850E-03
  1.1909E+00  2.0789E-03
  1.2028E+00  1.7509E-03
  1.2147E+00  1.5620E-03
  1.2266E+00  1.4364E-03
  1.2385E+00  1.3448E-03
  1.2504E+00  1.2741E-03
  1.2623E+00  1.2183E-03
  1.2742E+00  1.1736E-03
  1.2862E+00  1.1381E-03
  1.2981E+00  1.1102E-03
  1.3100E+00  1.0890E-03
  1.3219E+00  1.0737E-03
  1.3338E+00  1.0642E-03
  1.3457E+00  1.0605E-03
  1.3576E+00  1.0635E-03
  1.3695E+00  1.0754E-03
  1.3814E+00  1.1007E-03
  1.3933E+00  1.1495E-03
  1.4052E+00  1.2464E-03
  1.4171E+00  1.4662E-03
  1.4291E+00  2.1512E-03
  1.4410E+00  7.3414E-03
  1.4529E+00  1.9789E-02
  1.4648E+00  4.7452E-03
  1.4767E+00  4.5152E-03
  1.4886E+00  6.5980E-03
  1.5005E+00  2.4118E-02
  1.5124E+00  8.7685E-03
  1.5243E+00  5.7379E-03
  1.5362E+00  6.7312E-03
  1.5481E+00  1.1903E-02
  1.5601E+00  4.8992E-02
  1.5720E+00  4.9480E-02
  1.5839E+00  7.3209E-03
  1.5958E+00  2.5913E-03
  1.6077E+00  2.1300E-03
  1.6196E+00  3.8302E-03
  1.6315E+00  3.0035E-03
  1.6434E+00  6.7903E-03
  1.6553E+00  3.7583E-02
  1.6672E+00  1.8510E-02
  1.6791E+00  4.3643E-03
  1.6911E+00  2.3689E-03
  1.7030E+00  2.7056E-03
  1.7149E+00  6.2113E-03
  1.7268E+00  2.6054E-03
  1.7387E+00  2.4956E-03
  1.7506E+00  4.4982E-03
  1.7625E+00  3.4367E-03
  1.7744E+00  9.0566E-03
  1.7863E+00  2.7999E-03
  1.7982E+00  5.3146E-03
  1.8101E+00  5.3709E-03
  1.8220E+00  1.1954E-02
  1.8340E+00  5.2975E-03
  1.8459E+00  5.9626E-03
  1.8578E+00  7.2584E-03
  1.8697E+00  8.3756E-03
  1.8816E+00  9.0659E-03
  1.8935E+00  9.2274E-03
  1.9054E+00  8.9769E-03
  1.9173E+00  8.5188E-03
  1.9292E+00  8.0147E-03
  1.9411E+00  7.5518E-03
  1.9530E+00  7.1651E-03
  1.9650E+00  6.8653E-03
  1.9769E+00  6.6537E-03
  1.9888E+00  6.5273E-03
  2.0007E+00  6.4781E-03
  2.0126E+00  6.4918E-03
  2.0245E+00  6.5471E-03
  2.0364E+00  6.6183E-03
  2.0483E+00  6.6780E-03
  2.0602E+00  6.7002E-03
  2.0721E+00  6.6629E-03
  2.0840E+00  6.5496E-03
  2.0960E+00  6.3510E-03
  2.1079E+00  6.0649E-03
  2.1198E+00  5.6975E-03
  2.1317E+00  5.2629E-03
  2.1436E+00  4.7831E-03
  2.1555E+00  4.2867E-03
  2.1674E+00  3.8076E-03
  2.1793E+00  3.3829E-03
  2.1912E+00  3.0494E-03
  2.2031E+00  2.8396E-03
  2.2150E+00  2.7778E-03
  2.2269E+00  2.8770E-03
  2.2389E+00  3.1367E-03
  2.2508E+00  3.5432E-03
  2.2627E+00  4.0709E-03
  2.2746E+00  4.6845E-03
  2.2865E+00  5.3423E-03
  2.2984E+00  5.9988E-03
  2.3103E+00  6.6071E-03
  2.3222E+00  7.1220E-03
  2.3341E+00  7.5025E-03
  2.3460E+00  7.7153E-03
  2.3579E+00  7.7384E-03
  2.3699E+00  7.5644E-03
  2.3818E+00  7.2031E-03
  2.3937E+00  6.6817E-03
  2.4056E+00  6.0428E-03
  2.4175E+00  5.3402E-03
  2.4294E+00  4.6327E-03
  2.4413E+00  3.9783E-03
  2.4532E+00  3.4282E-03
  2.4651E+00  3.0225E-03
  2.4770E+00  2.7879E-03
  2.4889E+00  2.7365E-03
  2.5009E+00  2.8651E-03
  2.5128E+00  3.1558E-03
  2.5247E+00  3.5773E-03
  2.5366E+00  4.0864E-03
  2.5485E+00  4.6319E-03
  2.5604E+00  5.1587E-03
  2.5723E+00  5.6140E-03
  2.5842E+00  5.9521E-03
  2.5961E+00  6.1415E-03
  2.6080E+00  6.1667E-03
  2.6199E+00  6.0279E-03
  2.6318E+00  5.7416E-03
  2.6438E+00  5.3378E-03
  2.6557E+00  4.8569E-03
  2.6676E+00  4.3458E-03
  2.6795E+00  3.8535E-03
  2.6914E+00  3.4276E-03
  2.7033E+00  3.1101E-03
  2.7152E+00  2.9339E-03
  2.7271E+00  2.9195E-03
  2.7390E+00  3.0731E-03
  2.7509E+00  3.3847E-03
  2.7628E+00  3.8291E-03
  2.7748E+00  4.3681E-03
  2.7867E+00  4.9537E-03
  2.7986E+00  5.5333E-03
  2.8105E+00  6.0542E-03
  2.8224E+00  6.4694E-03
  2.8343E+00  6.7406E-03
  2.8462E+00  6.8421E-03
  2.8581E+00  6.7622E-03
  2.8700E+00  6.5041E-03
  2.8819E+00  6.0855E-03
  2.8938E+00  5.5378E-03
  2.9058E+00  4.9035E-03
  2.9177E+00  4.2336E-03
  2.9296E+00  3.5832E-03
  2.9415E+00  3.0072E-03
  2.9534E+00  2.5552E-03
  2.9653E+00  2.2663E-03
  2.9772E+00  2.1657E-03
  2.9891E+00  2.2616E-03
  3.0010E+00  2.5446E-03
  3.0129E+00  2.9886E-03
  3.0248E+00  3.5534E-03
  3.0367E+00  4.1888E-03
  3.0487E+00  4.8384E-03
  3.0606E+00  5.4451E-03
  3.0725E+00  5.9559E-03
  3.0844E+00  6.3255E-03
  3.0963E+00  6.5210E-03
  3.1082E+00  6.5245E-03
  3.1201E+00  6.3352E-03
  3.1320E+00  5.9697E-03
  3.1439E+00  5.4618E-03
  3.1558E+00  4.8590E-03
  3.1677E+00  4.2188E-03
  3.1797E+00  3.6030E-03
  3.1916E+00  3.0716E-03
  3.2035E+00  2.6772E-03
  3.2154E+00  2.4594E-03
  3.2273E+00  2.4419E-03
  3.2392E+00  2.6299E-03
  3.2511E+00  3.0098E-03
  3.2630E+00  3.5510E-03
  3.2749E+00  4.2082E-03
  3.2868E+00  4.9255E-03
  3.2987E+00  5.6410E-03
  3.3106E+00  6.2921E-03
  3.3226E+00  6.8212E-03
  3.3345E+00  7.1810E-03
  3.3464E+00  7.3397E-03
  3.3583E+00  7.2841E-03
  3.3702E+00  7.0217E-03
  3.3821E+00  6.5805E-03
  3.3940E+00  6.0064E-03
  3.4059E+00  5.3597E-03
  3.4178E+00  4.7086E-03
  3.4297E+00  4.1236E-03
  3.4416E+00  3.6708E-03
  3.4536E+00  3.4059E-03
  3.4655E+00  3.3695E-03
  3.4774E+00  3.5831E-03
  3.4893E+00  4.0473E-03
  3.5012E+00  4.7408E-03
  3.5131E+00  5.6217E-03
  3.5250E+00  6.6303E-03
  3.5369E+00  7.6936E-03
  3.5488E+00  8.7312E-03
  3.5607E+00  9.6627E-03
  3.5726E+00  1.0415E-02
  3.5846E+00  1.0929E-02
  3.5965E+00  1.1166E-02
  3.6084E+00  1.1113E-02
  3.6203E+00  1.0782E-02
  3.6322E+00  1.0211E-02
  3.6441E+00  9.4622E-03
  3.6560E+00  8.6144E-03
  3.6679E+00  7.7586E-03
  3.6798E+00  6.9907E-03
  3.6917E+00  6.4032E-03
  3.7036E+00  6.0778E-03
  3.7155E+00  6.0788E-03
  3.7275E+00  6.4465E-03
  3.7394E+00  7.1931E-03
  3.7513E+00  8.2999E-03
  3.7632E+00  9.7179E-03
  3.7751E+00  1.1370E-02
  3.7870E+00  1.3158E-02
  3.7989E+00  1.4969E-02
  3.8108E+00  1.6683E-02
  3.8227E+00  1.8187E-02
  3.8346E+00  1.9381E-02
  3.8465E+00  2.0186E-02
  3.8585E+00  2.0551E-02
  3.8704E+00  2.0456E-02
  3.8823E+00  1.9910E-02
  3.8942E+00  1.8956E-02
  3.9061E+00  1.7661E-02
  3.9180E+00  1.6113E-02
  3.9299E+00  1.4417E-02
  3.9418E+00  1.2682E-02
  3.9537E+00  1.1017E-02
  3.9656E+00  9.5183E-03
  3.9775E+00  8.2662E-03
  3.9895E+00  7.3154E-03
  4.0014E+00  6.6918E-03
  4.0133E+00  6.3916E-03
  4.0252E+00  6.3818E-03
  4.0371E+00  6.6051E-03
  4.0490E+00  6.9857E-03
  4.0609E+00  7.4377E-03
  4.0728E+00  7.8730E-03
  4.0847E+00  8.2102E-03
  4.0966E+00  8.3819E-03
  4.1085E+00  8.3410E-03
  4.1204E+00  8.0653E-03
  4.1324E+00  7.5591E-03
  4.1443E+00  6.8534E-03
  4.1562E+00  6.0032E-03
  4.1681E+00  5.0829E-03
  4.1800E+00  4.1787E-03
  4.1919E+00  3.3809E-03
  4.2038E+00  2.7746E-03
  4.2157E+00  2.4310E-03
  4.2276E+00  2.3996E-03
  4.2395E+00  2.7029E-03
  4.2514E+00  3.3331E-03
  4.2634E+00  4.2524E-03
  4.2753E+00  5.3955E-03
  4.2872E+00  6.6752E-03
  4.2991E+00  7.9901E-03
  4.3110E+00  9.2335E-03
  4.3229E+00  1.0303E-02
  4.3348E+00  1.1112E-02
  4.3467E+00  1.1595E-02
  4.3586E+00  1.1720E-02
  4.3705E+00  1.1490E-02
  4.3824E+00  1.0949E-02
  4.3944E+00  1.0177E-02
  4.4063E+00  9.2873E-03
  4.4182E+00  8.4195E-03
  4.4301E+00  7.7259E-03
  4.4420E+00  7.3603E-03
  4.4539E+00  7.4637E-03
  4.4658E+00  8.1520E-03
  4.4777E+00  9.5051E-03
  4.4896E+00  1.1559E-02
  4.5015E+00  1.4301E-02
  4.5134E+00  1.7673E-02
  4.5253E+00  2.1570E-02
  4.5373E+00  2.5856E-02
  4.5492E+00  3.0369E-02
  4.5611E+00  3.4943E-02
  4.5730E+00  3.9422E-02
  4.5849E+00  4.3683E-02
  4.5968E+00  4.7650E-02
  4.6087E+00  5.1313E-02
  4.6206E+00  5.4744E-02
  4.6325E+00  5.8096E-02
  4.6444E+00  6.1611E-02
  4.6563E+00  6.5610E-02
  4.6683E+00  7.0480E-02
  4.6802E+00  7.6656E-02
  4.6921E+00  8.4594E-02
  4.7040E+00  9.4745E-02
  4.7159E+00  1.0753E-01
  4.7278E+00  1.2329E-01
  4.7397E+00  1.4229E-01
  4.7516E+00  1.6465E-01
  4.7635E+00  1.9037E-01
  4.7754E+00  2.1925E-01
  4.7873E+00  2.5094E-01
  4.7993E+00  2.8491E-01
  4.8112E+00  3.2046E-01
  4.8231E+00  3.5677E-01
  4.8350E+00  3.9290E-01
  4.8469E+00  4.2785E-01
  4.8588E+00  4.6061E-01
  4.8707E+00  4.9021E-01
  4.8826E+00  5.1577E-01
  4.8945E+00  5.3652E-01
  4.9064E+00  5.5186E-01
  4.9183E+00  5.6136E-01
  4.9302E+00  5.6476E-01
  4.9422E+00  5.6202E-01
  4.9541E+00  5.5326E-01
  4.9660E+00  5.3879E-01
  4.9779E+00  5.1907E-01
  4.9898E+00  4.9471E-01
  5.0017E+00  4.6643E-01
  5.0136E+00  4.3506E-01
  5.0255E+00  4.0146E-01
  5.0374E+00  3.6655E-01
  5.0493E+00  3.3121E-01
  5.0612E+00  2.9628E-01
  5.0732E+00  2.6253E-01
  5.0851E+00  2.3060E-01
  5.0970E+00  2.0099E-01
  5.1089E+00  1.7409E-01
  5.1208E+00  1.5009E-01
  5.1327E+00  1.2908E-01
  5.1446E+00  1.1100E-01
  5.1565E+00  9.5692E-02
  5.1684E+00  8.2912E-02
  5.1803E+00  7.2356E-02
  5.1922E+00  6.3688E-02
  5.2042E+00  5.6564E-02
  5.2161E+00  5.0648E-02
  5.2280E+00  4.5635E-02
  5.2399E+00  4.1259E-02
  5.2518E+00  3.7307E-02
  5.2637E+00  3.3619E-02
  5.2756E+00  3.0089E-02
  5.2875E+00  2.6663E-02
  5.2994E+00  2.3329E-02
  5.3113E+00  2.0112E-02
  5.3232E+00  1.7056E-02
  5.3351E+00  1.4222E-02
  5.3471E+00  1.1669E-02
  5.3590E+00  9.4508E-03
  5.3709E+00  7.6083E-03
  5.3828E+00  6.1630E-03
  5.3947E+00  5.1162E-03
  5.4066E+00  4.4481E-03
  5.4185E+00  4.1201E-03
  5.4304E+00  4.0773E-03
  5.4423E+00  4.2537E-03
  5.4542E+00  4.5769E-03
  5.4661E+00  4.9739E-03
  5.4781E+00  5.3760E-03
  5.4900E+00  5.7239E-03
  5.5019E+00  5.9712E-03
  5.5138E+00  6.0864E-03
  5.5257E+00  6.0545E-03
  5.5376E+00  5.8757E-03
  5.5495E+00  5.5643E-03
  5.5614E+00  5.1460E-03
  5.5733E+00  4.6544E-03
  5.5852E+00  4.1274E-03
  5.5971E+00  3.6039E-03
  5.6091E+00  3.1203E-03
  5.6210E+00  2.7079E-03
  5.6329E+00  2.3906E-03
  5.6448E+00  2.1836E-03
  5.6567E+00  2.0929E-03
  5.6686E+00  2.1152E-03
  5.6805E+00  2.2390E-03
  5.6924E+00  2.4461E-03
  5.7043E+00  2.7131E-03
  5.7162E+00  3.0143E-03
  5.7281E+00  3.3231E-03
  5.7400E+00  3.6146E-03
  5.7520E+00  3.8673E-03
  5.7639E+00  4.0642E-03
  5.7758E+00  4.1936E-03
  5.7877E+00  4.2496E-03
  5.7996E+00  4.2314E-03
  5.8115E+00  4.1435E-03
  5.8234E+00  3.9941E-03
  5.8353E+00  3.7943E-03
  5.8472E+00  3.5569E-03
  5.8591E+00  3.2956E-03
  5.8710E+00  3.0236E-03
  5.8830E+00  2.7527E-03
  5.8949E+00  2.4931E-03
  5.9068E+00  2.2524E-03
  5.9187E+00  2.0358E-03
  5.9306E+00  1.8461E-03
  5.9425E+00  1.6836E-03
  5.9544E+00  1.5469E-03
  5.9663E+00  1.4332E-03
  5.9782E+00  1.3389E-03
  5.9901E+00  1.2599E-03
  6.0020E+00  1.1924E-03
  6.0140E+00  1.1325E-03
  6.0259E+00  1.0776E-03
  6.0378E+00  1.0252E-03
  6.0497E+00  9.7395E-04
  6.0616E+00  9.2297E-04
  6.0735E+00  8.7198E-04
  6.0854E+00  8.2108E-04
  6.0973E+00  7.7059E-04
  6.1092E+00  7.2092E-04
  6.1211E+00  6.7247E-04
  6.1330E+00  6.2553E-04
  6.1449E+00  5.8028E-04
  6.1569E+00  5.3681E-04
  6.1688E+00  4.9512E-04
  6.1807E+00  4.5522E-04
  6.1926E+00  4.1717E-04
  6.2045E+00  3.8112E-04
  6.2164E+00  3.4734E-04
  6.2283E+00  3.1623E-04
  6.2402E+00  2.8826E-04
  6.2521E+00  2.6395E-04
  6.2640E+00  2.4376E-04
  6.2759E+00  2.2805E-04
  6.2879E+00  2.1695E-04
  6.2998E+00  2.1037E-04
  6.3117E+00  2.0789E-04
  6.3236E+00  2.0882E-04
  6.3355E+00  2.1220E-04
  6.3474E+00  2.1691E-04
  6.3593E+00  2.2173E-04
  6.3712E+00  2.2550E-04
  6.3831E+00  2.2723E-04
  6.3950E+00  2.2622E-04
  6.4069E+00  2.2215E-04
  6.4188E+00  2.1511E-04
  6.4308E+00  2.0565E-04
  6.4427E+00  1.9471E-04
  6.4546E+00  1.8354E-04
  6.4665E+00  1.7358E-04
  6.4784E+00  1.6634E-04
  6.4903E+00  1.6321E-04
  6.5022E+00  1.6531E-04
  6.5141E+00  1.7340E-04
  6.5260E+00  1.8770E-04
  6.5379E+00  2.0793E-04
  6.5498E+00  2.3322E-04
  6.5618E+00  2.6226E-04
  6.5737E+00  2.9334E-04
  6.5856E+00  3.2453E-04
  6.5975E+00  3.5388E-04
  6.6094E+00  3.7957E-04
  6.6213E+00  4.0010E-04
  6.6332E+00  4.1445E-04
  6.6451E+00  4.2210E-04
  6.6570E+00  4.2318E-04
  6.6689E+00  4.1834E-04
  6.6808E+00  4.0874E-04
  6.6928E+00  3.9591E-04
  6.7047E+00  3.8157E-04
  6.7166E+00  3.6750E-04
  6.7285E+00  3.5531E-04
  6.7404E+00  3.4633E-04
  6.7523E+00  3.4144E-04
  6.7642E+00  3.4102E-04
  6.7761E+00  3.4492E-04
  6.7880E+00  3.5252E-04
  6.7999E+00  3.6279E-04
  6.8118E+00  3.7448E-04
  6.8237E+00  3.8625E-04
  6.8357E+00  3.9689E-04
  6.8476E+00  4.0546E-04
  6.8595E+00  4.1144E-04
  6.8714E+00  4.1481E-04
  6.8833E+00  4.1605E-04
  6.8952E+00  4.1613E-04
  6.9071E+00  4.1643E-04
  6.9190E+00  4.1849E-04
  6.9309E+00  4.2392E-04
  6.9428E+00  4.3412E-04
  6.9547E+00  4.5010E-04
  6.9667E+00  4.7227E-04
  6.9786E+00  5.0035E-04
  6.9905E+00  5.3327E-04
  7.0024E+00  5.6924E-04
  7.0143E+00  6.0581E-04
  7.0262E+00  6.4010E-04
  7.0381E+00  6.6903E-04
  7.0500E+00  6.8965E-04
  7.0619E+00  6.9939E-04
  7.0738E+00  6.9640E-04
  7.0857E+00  6.7976E-04
  7.0977E+00  6.4963E-04
  7.1096E+00  6.0735E-04
  7.1215E+00  5.5539E-04
  7.1334E+00  4.9718E-04
  7.1453E+00  4.3692E-04
  7.1572E+00  3.7919E-04
  7.1691E+00  3.2862E-04
  7.1810E+00  2.8940E-04
  7.1929E+00  2.6495E-04
  7.2048E+00  2.5749E-04
  7.2167E+00  2.6785E-04
  7.2286E+00  2.9529E-04
  7.2406E+00  3.3752E-04
  7.2525E+00  3.9088E-04
  7.2644E+00  4.5062E-04
  7.2763E+00  5.1136E-04
  7.2882E+00  5.6758E-04
  7.3001E+00  6.1412E-04
  7.3120E+00  6.4675E-04
  7.3239E+00  6.6260E-04
  7.3358E+00  6.6046E-04
  7.3477E+00  6.4103E-04
  7.3596E+00  6.0695E-04
  7.3716E+00  5.6257E-04
  7.3835E+00  5.1371E-04
  7.3954E+00  4.6712E-04
  7.4073E+00  4.2986E-04
  7.4192E+00  4.0870E-04
  7.4311E+00  4.0933E-04
  7.4430E+00  4.3587E-04
  7.4549E+00  4.9026E-04
  7.4668E+00  5.7210E-04
  7.4787E+00  6.7845E-04
  7.4906E+00  8.0411E-04
  7.5026E+00  9.4197E-04
  7.5145E+00  1.0836E-03
  7.5264E+00  1.2202E-03
  7.5383E+00  1.3431E-03
  7.5502E+00  1.4450E-03
  7.5621E+00  1.5207E-03
  7.5740E+00  1.5675E-03
  7.5859E+00  1.5863E-03
  7.5978E+00  1.5811E-03
  7.6097E+00  1.5598E-03
  7.6216E+00  1.5328E-03
  7.6335E+00  1.5134E-03
  7.6455E+00  1.5159E-03
  7.6574E+00  1.5550E-03
  7.6693E+00  1.6444E-03
  7.6812E+00  1.7954E-03
  7.6931E+00  2.0161E-03
  7.7050E+00  2.3100E-03
  7.7169E+00  2.6757E-03
  7.7288E+00  3.1063E-03
  7.7407E+00  3.5902E-03
  7.7526E+00  4.1108E-03
  7.7645E+00  4.6477E-03
  7.7765E+00  5.1780E-03
  7.7884E+00  5.6778E-03
  7.8003E+00  6.1231E-03
  7.8122E+00  6.4922E-03
  7.8241E+00  6.7667E-03
  7.8360E+00  6.9332E-03
  7.8479E+00  6.9839E-03
  7.8598E+00  6.9176E-03
  7.8717E+00  6.7395E-03
  7.8836E+00  6.4611E-03
  7.8955E+00  6.0990E-03
  7.9075E+00  5.6739E-03
  7.9194E+00  5.2089E-03
  7.9313E+00  4.7277E-03
  7.9432E+00  4.2528E-03
  7.9551E+00  3.8040E-03
  7.9670E+00  3.3971E-03
  7.9789E+00  3.0431E-03
  7.9908E+00  2.7472E-03
  8.0027E+00  2.5094E-03
  8.0146E+00  2.3246E-03
  8.0265E+00  2.1837E-03
  8.0384E+00  2.0747E-03
  8.0504E+00  1.9840E-03
  8.0623E+00  1.8981E-03
  8.0742E+00  1.8054E-03
  8.0861E+00  1.6969E-03
  8.0980E+00  1.5676E-03
  8.1099E+00  1.4172E-03
  8.1218E+00  1.2497E-03
  8.1337E+00  1.0734E-03
  8.1456E+00  8.9991E-04
  8.1575E+00  7.4273E-04
  8.1694E+00  6.1604E-04
  8.1814E+00  5.3288E-04
  8.1933E+00  5.0373E-04
  8.2052E+00  5.3509E-04
  8.2171E+00  6.2855E-04
  8.2290E+00  7.8025E-04
  8.2409E+00  9.8089E-04
  8.2528E+00  1.2162E-03
  8.2647E+00  1.4684E-03
  8.2766E+00  1.7172E-03
  8.2885E+00  1.9424E-03
  8.3004E+00  2.1256E-03
  8.3124E+00  2.2525E-03
  8.3243E+00  2.3149E-03
  8.3362E+00  2.3119E-03
  8.3481E+00  2.2509E-03
  8.3600E+00  2.1476E-03
  8.3719E+00  2.0257E-03
  8.3838E+00  1.9150E-03
  8.3957E+00  1.8497E-03
  8.4076E+00  1.8657E-03
  8.4195E+00  1.9978E-03
  8.4314E+00  2.2768E-03
  8.4433E+00  2.7268E-03
  8.4553E+00  3.3631E-03
  8.4672E+00  4.1903E-03
  8.4791E+00  5.2026E-03
  8.4910E+00  6.3836E-03
  8.5029E+00  7.7088E-03
  8.5148E+00  9.1480E-03
  8.5267E+00  1.0670E-02
  8.5386E+00  1.2247E-02
  8.5505E+00  1.3860E-02
  8.5624E+00  1.5504E-02
  8.5743E+00  1.7193E-02
  8.5863E+00  1.8964E-02
  8.5982E+00  2.0877E-02
  8.6101E+00  2.3021E-02
  8.6220E+00  2.5506E-02
  8.6339E+00  2.8466E-02
  8.6458E+00  3.2049E-02
  8.6577E+00  3.6410E-02
  8.6696E+00  4.1704E-02
  8.6815E+00  4.8076E-02
  8.6934E+00  5.5642E-02
  8.7053E+00  6.4488E-02
  8.7173E+00  7.4652E-02
  8.7292E+00  8.6118E-02
  8.7411E+00  9.8808E-02
  8.7530E+00  1.1258E-01
  8.7649E+00  1.2723E-01
  8.7768E+00  1.4250E-01
  8.7887E+00  1.5806E-01
  8.8006E+00  1.7357E-01
  8.8125E+00  1.8863E-01
  8.8244E+00  2.0284E-01
  8.8363E+00  2.1581E-01
  8.8482E+00  2.2716E-01
  8.8602E+00  2.3654E-01
  8.8721E+00  2.4364E-01
  8.8840E+00  2.4825E-01
  8.8959E+00  2.5018E-01
  8.9078E+00  2.4935E-01
  8.9197E+00  2.4579E-01
  8.9316E+00  2.3956E-01
  8.9435E+00  2.3087E-01
  8.9554E+00  2.1998E-01
  8.9673E+00  2.0721E-01
  8.9792E+00  1.9296E-01
  8.9912E+00  1.7765E-01
  9.0031E+00  1.6172E-01
  9.0150E+00  1.4559E-01
  9.0269E+00  1.2969E-01
  9.0388E+00  1.1437E-01
  9.0507E+00  9.9964E-02
  9.0626E+00  8.6711E-02
  9.0745E+00  7.4794E-02
  9.0864E+00  6.4320E-02
  9.0983E+00  5.5330E-02
  9.1102E+00  4.7796E-02
  9.1222E+00  4.1634E-02
  9.1341E+00  3.6715E-02
  9.1460E+00  3.2872E-02
  9.1579E+00  2.9918E-02
  9.1698E+00  2.7655E-02
  9.1817E+00  2.5889E-02
  9.1936E+00  2.4438E-02
  9.2055E+00  2.3145E-02
  9.2174E+00  2.1883E-02
  9.2293E+00  2.0559E-02
  9.2412E+00  1.9117E-02
  9.2531E+00  1.7535E-02
  9.2651E+00  1.5824E-02
  9.2770E+00  1.4020E-02
  9.2889E+00  1.2178E-02
  9.3008E+00  1.0367E-02
  9.3127E+00  8.6591E-03
  9.3246E+00  7.1229E-03
  9.3365E+00  5.8190E-03
  9.3484E+00  4.7928E-03
  9.3603E+00  4.0717E-03
  9.3722E+00  3.6629E-03
  9.3841E+00  3.5527E-03
  9.3961E+00  3.7086E-03
  9.4080E+00  4.0818E-03
  9.4199E+00  4.6114E-03
  9.4318E+00  5.2299E-03
  9.4437E+00  5.8682E-03
  9.4556E+00  6.4607E-03
  9.4675E+00  6.9509E-03
  9.4794E+00  7.2941E-03
  9.4913E+00  7.4614E-03
  9.5032E+00  7.4399E-03
  9.5151E+00  7.2340E-03
  9.5271E+00  6.8635E-03
  9.5390E+00  6.3617E-03
  9.5509E+00  5.7724E-03
  9.5628E+00  5.1460E-03
  9.5747E+00  4.5358E-03
  9.5866E+00  3.9935E-03
  9.5985E+00  3.5654E-03
  9.6104E+00  3.2890E-03
  9.6223E+00  3.1906E-03
  9.6342E+00  3.2833E-03
  9.6461E+00  3.5667E-03
  9.6580E+00  4.0271E-03
  9.6700E+00  4.6390E-03
  9.6819E+00  5.3671E-03
  9.6938E+00  6.1694E-03
  9.7057E+00  7.0003E-03
  9.7176E+00  7.8132E-03
  9.7295E+00  8.5642E-03
  9.7414E+00  9.2144E-03
  9.7533E+00  9.7319E-03
  9.7652E+00  1.0094E-02
  9.7771E+00  1.0286E-02
  9.7890E+00  1.0306E-02
  9.8010E+00  1.0160E-02
  9.8129E+00  9.8601E-03
  9.8248E+00  9.4290E-03
  9.8367E+00  8.8924E-03
  9.8486E+00  8.2794E-03
  9.8605E+00  7.6195E-03
  9.8724E+00  6.9412E-03
  9.8843E+00  6.2701E-03
  9.8962E+00  5.6273E-03
  9.9081E+00  5.0287E-03
  9.9200E+00  4.4848E-03
  9.9319E+00  4.0007E-03
  9.9439E+00  3.5765E-03
  9.9558E+00  3.2085E-03
  9.9677E+00  2.8900E-03
  9.9796E+00  2.6124E-03
  9.9915E+00  2.3668E-03
  1.0003E+01  2.1445E-03
  1.0015E+01  1.9384E-03
  1.0027E+01  1.7430E-03
  1.0039E+01  1.5554E-03
  1.0051E+01  1.3747E-03
  1.0063E+01  1.2024E-03
  1.0075E+01  1.0413E-03
  1.0087E+01  8.9555E-04
  1.0099E+01  7.6930E-04
  1.0111E+01  6.6650E-04
  1.0122E+01  5.9007E-04
  1.0134E+01  5.4143E-04
  1.0146E+01  5.2021E-04
  1.0158E+01  5.2413E-04
  1.0170E+01  5.4912E-04
  1.0182E+01  5.8960E-04
  1.0194E+01  6.3896E-04
  1.0206E+01  6.9005E-04
  1.0218E+01  7.3587E-04
  1.0230E+01  7.7017E-04
  1.0242E+01  7.8796E-04
  1.0253E+01  7.8602E-04
  1.0265E+01  7.6312E-04
  1.0277E+01  7.2019E-04
  1.0289E+01  6.6015E-04
  1.0301E+01  5.8766E-04
  1.0313E+01  5.0867E-04
  1.0325E+01  4.2985E-04
  1.0337E+01  3.5796E-04
  1.0349E+01  2.9923E-04
  1.0361E+01  2.5879E-04
  1.0373E+01  2.4021E-04
  1.0384E+01  2.4517E-04
  1.0396E+01  2.7334E-04
  1.0408E+01  3.2239E-04
  1.0420E+01  3.8818E-04
  1.0432E+01  4.6517E-04
  1.0444E+01  5.4686E-04
  1.0456E+01  6.2637E-04
  1.0468E+01  6.9710E-04
  1.0480E+01  7.5327E-04
  1.0492E+01  7.9048E-04
  1.0504E+01  8.0613E-04
  1.0515E+01  7.9966E-04
  1.0527E+01  7.7265E-04
  1.0539E+01  7.2868E-04
  1.0551E+01  6.7307E-04
  1.0563E+01  6.1245E-04
  1.0575E+01  5.5419E-04
  1.0587E+01  5.0581E-04
  1.0599E+01  4.7435E-04
  1.0611E+01  4.6582E-04
  1.0623E+01  4.8465E-04
  1.0635E+01  5.3334E-04
  1.0646E+01  6.1222E-04
  1.0658E+01  7.1936E-04
  1.0670E+01  8.5067E-04
  1.0682E+01  1.0002E-03
  1.0694E+01  1.1604E-03
  1.0706E+01  1.3229E-03
  1.0718E+01  1.4788E-03
  1.0730E+01  1.6198E-03
  1.0742E+01  1.7381E-03
  1.0754E+01  1.8274E-03
  1.0766E+01  1.8833E-03
  1.0777E+01  1.9034E-03
  1.0789E+01  1.8874E-03
  1.0801E+01  1.8371E-03
  1.0813E+01  1.7560E-03
  1.0825E+01  1.6494E-03
  1.0837E+01  1.5234E-03
  1.0849E+01  1.3848E-03
  1.0861E+01  1.2407E-03
  1.0873E+01  1.0974E-03
  1.0885E+01  9.6098E-04
  1.0897E+01  8.3599E-04
  1.0908E+01  7.2582E-04
  1.0920E+01  6.3238E-04
  1.0932E+01  5.5613E-04
  1.0944E+01  4.9621E-04
  1.0956E+01  4.5064E-04
  1.0968E+01  4.1663E-04
  1.0980E+01  3.9095E-04
  1.0992E+01  3.7024E-04
  1.1004E+01  3.5137E-04
  1.1016E+01  3.3174E-04
  1.1028E+01  3.0945E-04
  1.1039E+01  2.8347E-04
  1.1051E+01  2.5366E-04
  1.1063E+01  2.2069E-04
  1.1075E+01  1.8595E-04
  1.1087E+01  1.5129E-04
  1.1099E+01  1.1886E-04
  1.1111E+01  9.0784E-05
  1.1123E+01  6.8952E-05
  1.1135E+01  5.4789E-05
  1.1147E+01  4.9090E-05
  1.1159E+01  5.1924E-05
  1.1170E+01  6.2614E-05
  1.1182E+01  7.9792E-05
  1.1194E+01  1.0153E-04
  1.1206E+01  1.2552E-04
  1.1218E+01  1.4932E-04
  1.1230E+01  1.7053E-04
  1.1242E+01  1.8711E-04
  1.1254E+01  1.9749E-04
  1.1266E+01  2.0076E-04
  1.1278E+01  1.9675E-04
  1.1290E+01  1.8607E-04
  1.1301E+01  1.7000E-04
  1.1313E+01  1.5045E-04
  1.1325E+01  1.2970E-04
  1.1337E+01  1.1026E-04
  1.1349E+01  9.4606E-05
  1.1361E+01  8.4924E-05
  1.1373E+01  8.2915E-05
  1.1385E+01  8.9617E-05
  1.1397E+01  1.0529E-04
  1.1409E+01  1.2937E-04
  1.1421E+01  1.6052E-04
  1.1432E+01  1.9672E-04
  1.1444E+01  2.3544E-04
  1.1456E+01  2.7386E-04
  1.1468E+01  3.0913E-04
  1.1480E+01  3.3860E-04
  1.1492E+01  3.6005E-04
  1.1504E+01  3.7192E-04
  1.1516E+01  3.7344E-04
  1.1528E+01  3.6470E-04
  1.1540E+01  3.4672E-04
  1.1552E+01  3.2131E-04
  1.1563E+01  2.9100E-04
  1.1575E+01  2.5881E-04
  1.1587E+01  2.2803E-04
  1.1599E+01  2.0192E-04
  1.1611E+01  1.8345E-04
  1.1623E+01  1.7508E-04
  1.1635E+01  1.7846E-04
  1.1647E+01  1.9439E-04
  1.1659E+01  2.2267E-04
  1.1671E+01  2.6214E-04
  1.1683E+01  3.1073E-04
  1.1694E+01  3.6566E-04
  1.1706E+01  4.2360E-04
  1.1718E+01  4.8094E-04
  1.1730E+01  5.3405E-04
  1.1742E+01  5.7952E-04
  1.1754E+01  6.1445E-04
  1.1766E+01  6.3662E-04
  1.1778E+01  6.4467E-04
  1.1790E+01  6.3817E-04
  1.1802E+01  6.1763E-04
  1.1814E+01  5.8450E-04
  1.1825E+01  5.4095E-04
  1.1837E+01  4.8975E-04
  1.1849E+01  4.3404E-04
  1.1861E+01  3.7703E-04
  1.1873E+01  3.2181E-04
  1.1885E+01  2.7107E-04
  1.1897E+01  2.2699E-04
  1.1909E+01  1.9104E-04
  1.1921E+01  1.6393E-04
  1.1933E+01  1.4567E-04
  1.1945E+01  1.3552E-04
  1.1956E+01  1.3219E-04
  1.1968E+01  1.3395E-04
  1.1980E+01  1.3884E-04
  1.1992E+01  1.4481E-04
  1.2004E+01  1.4998E-04
  1.2016E+01  1.5273E-04
  1.2028E+01  1.5190E-04
  1.2040E+01  1.4683E-04
  1.2052E+01  1.3743E-04
  1.2064E+01  1.2414E-04
  1.2076E+01  1.0785E-04
  1.2087E+01  8.9807E-05
  1.2099E+01  7.1472E-05
  1.2111E+01  5.4344E-05
  1.2123E+01  3.9819E-05
  1.2135E+01  2.9041E-05
  1.2147E+01  2.2798E-05
  1.2159E+01  2.1440E-05
  1.2171E+01  2.4853E-05
  1.2183E+01  3.2476E-05
  1.2195E+01  4.3354E-05
  1.2207E+01  5.6242E-05
  1.2218E+01  6.9727E-05
  1.2230E+01  8.2376E-05
  1.2242E+01  9.2876E-05
  1.2254E+01  1.0018E-04
  1.2266E+01  1.0360E-04
  1.2278E+01  1.0291E-04
  1.2290E+01  9.8336E-05
  1.2302E+01  9.0581E-05
  1.2314E+01  8.0730E-05
  1.2326E+01  7.0162E-05
  1.2338E+01  6.0416E-05
  1.2349E+01  5.3044E-05
  1.2361E+01  4.9461E-05
  1.2373E+01  5.0805E-05
  1.2385E+01  5.7827E-05
  1.2397E+01  7.0807E-05
  1.2409E+01  8.9521E-05
  1.2421E+01  1.1325E-04
  1.2433E+01  1.4085E-04
  1.2445E+01  1.7084E-04
  1.2457E+01  2.0156E-04
  1.2469E+01  2.3134E-04
  1.2480E+01  2.5865E-04
  1.2492E+01  2.8231E-04
  1.2504E+01  3.0164E-04
  1.2516E+01  3.1652E-04
  1.2528E+01  3.2752E-04
  1.2540E+01  3.3587E-04
  1.2552E+01  3.4342E-04
  1.2564E+01  3.5254E-04
  1.2576E+01  3.6595E-04
  1.2588E+01  3.8659E-04
  1.2600E+01  4.1734E-04
  1.2611E+01  4.6085E-04
  1.2623E+01  5.1931E-04
  1.2635E+01  5.9429E-04
  1.2647E+01  6.8654E-04
  1.2659E+01  7.9593E-04
  1.2671E+01  9.2141E-04
  1.2683E+01  1.0610E-03
  1.2695E+01  1.2119E-03
  1.2707E+01  1.3707E-03
  1.2719E+01  1.5333E-03
  1.2731E+01  1.6957E-03
  1.2742E+01  1.8535E-03
  1.2754E+01  2.0027E-03
  1.2766E+01  2.1397E-03
  1.2778E+01  2.2614E-03
  1.2790E+01  2.3652E-03
  1.2802E+01  2.4494E-03
  1.2814E+01  2.5131E-03
  1.2826E+01  2.5557E-03
  1.2838E+01  2.5777E-03
  1.2850E+01  2.5797E-03
  1.2862E+01  2.5629E-03
  1.2873E+01  2.5287E-03
  1.2885E+01  2.4788E-03
  1.2897E+01  2.4147E-03
  1.2909E+01  2.3380E-03
  1.2921E+01  2.2504E-03
  1.2933E+01  2.1532E-03
  1.2945E+01  2.0476E-03
  1.2957E+01  1.9351E-03
  1.2969E+01  1.8165E-03
  1.2981E+01  1.6932E-03
  1.2993E+01  1.5663E-03
  1.3004E+01  1.4370E-03
  1.3016E+01  1.3070E-03
  1.3028E+01  1.1777E-03
  1.3040E+01  1.0510E-03
  1.3052E+01  9.2883E-04
  1.3064E+01  8.1312E-04
  1.3076E+01  7.0583E-04
  1.3088E+01  6.0876E-04
  1.3100E+01  5.2346E-04
  1.3112E+01  4.5107E-04
  1.3124E+01  3.9226E-04
  1.3135E+01  3.4710E-04
  1.3147E+01  3.1509E-04
  1.3159E+01  2.9511E-04
  1.3171E+01  2.8549E-04
  1.3183E+01  2.8412E-04
  1.3195E+01  2.8857E-04
  1.3207E+01  2.9628E-04
  1.3219E+01  3.0471E-04
  1.3231E+01  3.1151E-04
  1.3243E+01  3.1473E-04
  1.3255E+01  3.1291E-04
  1.3266E+01  3.0518E-04
  1.3278E+01  2.9134E-04
  1.3290E+01  2.7184E-04
  1.3302E+01  2.4770E-04
  1.3314E+01  2.2049E-04
  1.3326E+01  1.9211E-04
  1.3338E+01  1.6465E-04
  1.3350E+01  1.4021E-04
  1.3362E+01  1.2069E-04
  1.3374E+01  1.0764E-04
  1.3386E+01  1.0208E-04
  1.3397E+01  1.0445E-04
  1.3409E+01  1.1455E-04
  1.3421E+01  1.3152E-04
  1.3433E+01  1.5397E-04
  1.3445E+01  1.8005E-04
  1.3457E+01  2.0763E-04
  1.3469E+01  2.3447E-04
  1.3481E+01  2.5841E-04
  1.3493E+01  2.7755E-04
  1.3505E+01  2.9043E-04
  1.3517E+01  2.9615E-04
  1.3528E+01  2.9443E-04
  1.3540E+01  2.8567E-04
  1.3552E+01  2.7092E-04
  1.3564E+01  2.5176E-04
  1.3576E+01  2.3023E-04
  1.3588E+01  2.0860E-04
  1.3600E+01  1.8918E-04
  1.3612E+01  1.7416E-04
  1.3624E+01  1.6538E-04
  1.3636E+01  1.6417E-04
  1.3647E+01  1.7126E-04
  1.3659E+01  1.8670E-04
  1.3671E+01  2.0985E-04
  1.3683E+01  2.3944E-04
  1.3695E+01  2.7367E-04
  1.3707E+01  3.1034E-04
  1.3719E+01  3.4706E-04
  1.3731E+01  3.8138E-04
  1.3743E+01  4.1106E-04
  1.3755E+01  4.3419E-04
  1.3767E+01  4.4936E-04
  1.3778E+01  4.5577E-04
  1.3790E+01  4.5328E-04
  1.3802E+01  4.4241E-04
  1.3814E+01  4.2428E-04
  1.3826E+01  4.0047E-04
  1.3838E+01  3.7291E-04
  1.3850E+01  3.4368E-04
  1.3862E+01  3.1482E-04
  1.3874E+01  2.8818E-04
  1.3886E+01  2.6521E-04
  1.3898E+01  2.4693E-04
  1.3909E+01  2.3379E-04
  1.3921E+01  2.2569E-04
  1.3933E+01  2.2204E-04
  1.3945E+01  2.2179E-04
  1.3957E+01  2.2359E-04
  1.3969E+01  2.2592E-04
  1.3981E+01  2.2728E-04
  1.3993E+01  2.2634E-04
  1.4005E+01  2.2205E-04
  1.4017E+01  2.1382E-04
  1.4029E+01  2.0152E-04
  1.4040E+01  1.8557E-04
  1.4052E+01  1.6684E-04
  1.4064E+01  1.4660E-04
  1.4076E+01  1.2640E-04
  1.4088E+01  1.0792E-04
  1.4100E+01  9.2759E-05
  1.4112E+01  8.2349E-05
  1.4124E+01  7.7744E-05
  1.4136E+01  7.9535E-05
  1.4148E+01  8.7767E-05
  1.4160E+01  1.0192E-04
  1.4171E+01  1.2093E-04
  1.4183E+01  1.4328E-04
  1.4195E+01  1.6710E-04
  1.4207E+01  1.9037E-04
  1.4219E+01  2.1104E-04
  1.4231E+01  2.2728E-04
  1.4243E+01  2.3763E-04
  1.4255E+01  2.4111E-04
  1.4267E+01  2.3738E-04
  1.4279E+01  2.2675E-04
  1.4291E+01  2.1015E-04
  1.4302E+01  1.8908E-04
  1.4314E+01  1.6547E-04
  1.4326E+01  1.4151E-04
  1.4338E+01  1.1946E-04
  1.4350E+01  1.0146E-04
  1.4362E+01  8.9314E-05
  1.4374E+01  8.4342E-05
  1.4386E+01  8.7253E-05
  1.4398E+01  9.8072E-05
  1.4410E+01  1.1613E-04
  1.4422E+01  1.4011E-04
  1.4433E+01  1.6817E-04
  1.4445E+01  1.9811E-04
  1.4457E+01  2.2757E-04
  1.4469E+01  2.5425E-04
  1.4481E+01  2.7615E-04
  1.4493E+01  2.9173E-04
  1.4505E+01  3.0011E-04
  1.4517E+01  3.0116E-04
  1.4529E+01  2.9548E-04
  1.4541E+01  2.8444E-04
  1.4553E+01  2.6998E-04
  1.4564E+01  2.5452E-04
  1.4576E+01  2.4071E-04
  1.4588E+01  2.3118E-04
  1.4600E+01  2.2832E-04
  1.4612E+01  2.3405E-04
  1.4624E+01  2.4957E-04
  1.4636E+01  2.7530E-04
  1.4648E+01  3.1072E-04
  1.4660E+01  3.5444E-04
  1.4672E+01  4.0423E-04
  1.4684E+01  4.5721E-04
  1.4695E+01  5.1007E-04
  1.4707E+01  5.5932E-04
  1.4719E+01  6.0159E-04
  1.4731E+01  6.3392E-04
  1.4743E+01  6.5399E-04
  1.4755E+01  6.6031E-04
  1.4767E+01  6.5239E-04
  1.4779E+01  6.3073E-04
  1.4791E+01  5.9682E-04
  1.4803E+01  5.5303E-04
  1.4815E+01  5.0240E-04
  1.4826E+01  4.4839E-04
  1.4838E+01  3.9465E-04
  1.4850E+01  3.4468E-04
  1.4862E+01  3.0155E-04
  1.4874E+01  2.6766E-04
  1.4886E+01  2.4454E-04
  1.4898E+01  2.3275E-04
  1.4910E+01  2.3181E-04
  1.4922E+01  2.4030E-04
  1.4934E+01  2.5600E-04
  1.4946E+01  2.7608E-04
  1.4957E+01  2.9743E-04
  1.4969E+01  3.1691E-04
  1.4981E+01  3.3167E-04
  1.4993E+01  3.3941E-04
  1.5005E+01  3.3858E-04
  1.5017E+01  3.2854E-04
  1.5029E+01  3.0963E-04
  1.5041E+01  2.8311E-04
  1.5053E+01  2.5104E-04
  1.5065E+01  2.1614E-04
  1.5077E+01  1.8146E-04
  1.5088E+01  1.5015E-04
  1.5100E+01  1.2510E-04
  1.5112E+01  1.0869E-04
  1.5124E+01  1.0252E-04
  1.5136E+01  1.0728E-04
  1.5148E+01  1.2261E-04
  1.5160E+01  1.4718E-04
  1.5172E+01  1.7878E-04
  1.5184E+01  2.1451E-04
  1.5196E+01  2.5112E-04
  1.5208E+01  2.8525E-04
  1.5219E+01  3.1381E-04
  1.5231E+01  3.3431E-04
  1.5243E+01  3.4506E-04
  1.5255E+01  3.4544E-04
  1.5267E+01  3.3595E-04
  1.5279E+01  3.1821E-04
  1.5291E+01  2.9490E-04
  1.5303E+01  2.6947E-04
  1.5315E+01  2.4589E-04
  1.5327E+01  2.2824E-04
  1.5339E+01  2.2036E-04
  1.5350E+01  2.2544E-04
  1.5362E+01  2.4564E-04
  1.5374E+01  2.8192E-04
  1.5386E+01  3.3384E-04
  1.5398E+01  3.9956E-04
  1.5410E+01  4.7597E-04
  1.5422E+01  5.5897E-04
  1.5434E+01  6.4380E-04
  1.5446E+01  7.2549E-04
  1.5458E+01  7.9938E-04
  1.5470E+01  8.6163E-04
  1.5481E+01  9.0961E-04
  1.5493E+01  9.4237E-04
  1.5505E+01  9.6084E-04
  1.5517E+01  9.6795E-04
  1.5529E+01  9.6860E-04
  1.5541E+01  9.6934E-04
  1.5553E+01  9.7802E-04
  1.5565E+01  1.0032E-03
  1.5577E+01  1.0534E-03
  1.5589E+01  1.1364E-03
  1.5601E+01  1.2588E-03
  1.5612E+01  1.4249E-03
  1.5624E+01  1.6364E-03
  1.5636E+01  1.8921E-03
  1.5648E+01  2.1878E-03
  1.5660E+01  2.5160E-03
  1.5672E+01  2.8665E-03
  1.5684E+01  3.2270E-03
  1.5696E+01  3.5834E-03
  1.5708E+01  3.9206E-03
  1.5720E+01  4.2240E-03
  1.5732E+01  4.4796E-03
  1.5743E+01  4.6756E-03
  1.5755E+01  4.8028E-03
  1.5767E+01  4.8554E-03
  1.5779E+01  4.8314E-03
  1.5791E+01  4.7327E-03
  1.5803E+01  4.5648E-03
  1.5815E+01  4.3368E-03
  1.5827E+01  4.0602E-03
  1.5839E+01  3.7485E-03
  1.5851E+01  3.4161E-03
  1.5863E+01  3.0770E-03
  1.5874E+01  2.7446E-03
  1.5886E+01  2.4303E-03
  1.5898E+01  2.1430E-03
  1.5910E+01  1.8888E-03
  1.5922E+01  1.6710E-03
  1.5934E+01  1.4897E-03
  1.5946E+01  1.3424E-03
  1.5958E+01  1.2244E-03
  1.5970E+01  1.1296E-03
  1.5982E+01  1.0508E-03
  1.5994E+01  9.8116E-04
  1.6005E+01  9.1416E-04
  1.6017E+01  8.4475E-04
  1.6029E+01  7.6960E-04
  1.6041E+01  6.8740E-04
  1.6053E+01  5.9887E-04
  1.6065E+01  5.0660E-04
  1.6077E+01  4.1467E-04
  1.6089E+01  3.2813E-04
  1.6101E+01  2.5235E-04
  1.6113E+01  1.9237E-04
  1.6125E+01  1.5231E-04
  1.6136E+01  1.3478E-04
  1.6148E+01  1.4056E-04
  1.6160E+01  1.6839E-04
  1.6172E+01  2.1497E-04
  1.6184E+01  2.7526E-04
  1.6196E+01  3.4293E-04
  1.6208E+01  4.1098E-04
  1.6220E+01  4.7249E-04
  1.6232E+01  5.2142E-04
  1.6244E+01  5.5336E-04
  1.6256E+01  5.6613E-04
  1.6267E+01  5.6025E-04
  1.6279E+01  5.3911E-04
  1.6291E+01  5.0890E-04
  1.6303E+01  4.7828E-04
  1.6315E+01  4.5774E-04
  1.6327E+01  4.5881E-04
  1.6339E+01  4.9315E-04
  1.6351E+01  5.7152E-04
  1.6363E+01  7.0286E-04
  1.6375E+01  8.9349E-04
  1.6387E+01  1.1466E-03
  1.6398E+01  1.4618E-03
  1.6410E+01  1.8357E-03
  1.6422E+01  2.2619E-03
  1.6434E+01  2.7324E-03
  1.6446E+01  3.2388E-03
  1.6458E+01  3.7739E-03
  1.6470E+01  4.3331E-03
  1.6482E+01  4.9167E-03
  1.6494E+01  5.5307E-03
  1.6506E+01  6.1887E-03
  1.6518E+01  6.9122E-03
  1.6529E+01  7.7306E-03
  1.6541E+01  8.6810E-03
  1.6553E+01  9.8064E-03
  1.6565E+01  1.1154E-02
  1.6577E+01  1.2773E-02
  1.6589E+01  1.4710E-02
  1.6601E+01  1.7007E-02
  1.6613E+01  1.9694E-02
  1.6625E+01  2.2793E-02
  1.6637E+01  2.6304E-02
  1.6649E+01  3.0212E-02
  1.6660E+01  3.4479E-02
  1.6672E+01  3.9048E-02
  1.6684E+01  4.3840E-02
  1.6696E+01  4.8757E-02
  1.6708E+01  5.3687E-02
  1.6720E+01  5.8505E-02
  1.6732E+01  6.3082E-02
  1.6744E+01  6.7285E-02
  1.6756E+01  7.0986E-02
  1.6768E+01  7.4067E-02
  1.6780E+01  7.6424E-02
  1.6791E+01  7.7974E-02
  1.6803E+01  7.8658E-02
  1.6815E+01  7.8444E-02
  1.6827E+01  7.7330E-02
  1.6839E+01  7.5344E-02
  1.6851E+01  7.2545E-02
  1.6863E+01  6.9020E-02
  1.6875E+01  6.4880E-02
  1.6887E+01  6.0255E-02
  1.6899E+01  5.5289E-02
  1.6911E+01  5.0131E-02
  1.6922E+01  4.4930E-02
  1.6934E+01  3.9827E-02
  1.6946E+01  3.4948E-02
  1.6958E+01  3.0400E-02
  1.6970E+01  2.6266E-02
  1.6982E+01  2.2606E-02
  1.6994E+01  1.9451E-02
  1.7006E+01  1.6809E-02
  1.7018E+01  1.4663E-02
  1.7030E+01  1.2975E-02
  1.7042E+01  1.1692E-02
  1.7053E+01  1.0749E-02
  1.7065E+01  1.0071E-02
  1.7077E+01  9.5847E-03
  1.7089E+01  9.2170E-03
  1.7101E+01  8.9026E-03
  1.7113E+01  8.5868E-03
  1.7125E+01  8.2275E-03
  1.7137E+01  7.7975E-03
  1.7149E+01  7.2841E-03
  1.7161E+01  6.6888E-03
  1.7173E+01  6.0256E-03
  1.7184E+01  5.3181E-03
  1.7196E+01  4.5969E-03
  1.7208E+01  3.8961E-03
  1.7220E+01  3.2502E-03
  1.7232E+01  2.6908E-03
  1.7244E+01  2.2440E-03
  1.7256E+01  1.9285E-03
  1.7268E+01  1.7536E-03
  1.7280E+01  1.7193E-03
  1.7292E+01  1.8159E-03
  1.7304E+01  2.0249E-03
  1.7315E+01  2.3209E-03
  1.7327E+01  2.6735E-03
  1.7339E+01  3.0496E-03
  1.7351E+01  3.4164E-03
  1.7363E+01  3.7437E-03
  1.7375E+01  4.0060E-03
  1.7387E+01  4.1848E-03
  1.7399E+01  4.2695E-03
  1.7411E+01  4.2582E-03
  1.7423E+01  4.1577E-03
  1.7435E+01  3.9827E-03
  1.7446E+01  3.7549E-03
  1.7458E+01  3.5014E-03
  1.7470E+01  3.2523E-03
  1.7482E+01  3.0391E-03
  1.7494E+01  2.8921E-03
  1.7506E+01  2.8384E-03
  1.7518E+01  2.9003E-03
  1.7530E+01  3.0929E-03
  1.7542E+01  3.4243E-03
  1.7554E+01  3.8938E-03
  1.7565E+01  4.4928E-03
  1.7577E+01  5.2052E-03
  1.7589E+01  6.0083E-03
  1.7601E+01  6.8741E-03
  1.7613E+01  7.7715E-03
  1.7625E+01  8.6676E-03
  1.7637E+01  9.5296E-03
  1.7649E+01  1.0327E-02
  1.7661E+01  1.1031E-02
  1.7673E+01  1.1620E-02
  1.7685E+01  1.2075E-02
  1.7696E+01  1.2384E-02
  1.7708E+01  1.2543E-02
  1.7720E+01  1.2551E-02
  1.7732E+01  1.2414E-02
  1.7744E+01  1.2144E-02
  1.7756E+01  1.1756E-02
  1.7768E+01  1.1267E-02
  1.7780E+01  1.0697E-02
  1.7792E+01  1.0068E-02
  1.7804E+01  9.3998E-03
  1.7816E+01  8.7109E-03
  1.7827E+01  8.0183E-03
  1.7839E+01  7.3365E-03
  1.7851E+01  6.6767E-03
  1.7863E+01  6.0477E-03
  1.7875E+01  5.4552E-03
  1.7887E+01  4.9025E-03
  1.7899E+01  4.3910E-03
  1.7911E+01  3.9203E-03
  1.7923E+01  3.4890E-03
  1.7935E+01  3.0950E-03
  1.7947E+01  2.7357E-03
  1.7958E+01  2.4086E-03
  1.7970E+01  2.1113E-03
  1.7982E+01  1.8419E-03
  1.7994E+01  1.5984E-03
  1.8006E+01  1.3795E-03
  1.8018E+01  1.1839E-03
  1.8030E+01  1.0105E-03
  1.8042E+01  8.5839E-04
  1.8054E+01  7.2631E-04
  1.8066E+01  6.1302E-04
  1.8078E+01  5.1709E-04
  1.8089E+01  4.3689E-04
  1.8101E+01  3.7063E-04
  1.8113E+01  3.1643E-04
  1.8125E+01  2.7242E-04
  1.8137E+01  2.3676E-04
  1.8149E+01  2.0780E-04
  1.8161E+01  1.8412E-04
  1.8173E+01  1.6460E-04
  1.8185E+01  1.4846E-04
  1.8197E+01  1.3522E-04
  1.8209E+01  1.2472E-04
  1.8220E+01  1.1701E-04
  1.8232E+01  1.1233E-04
  1.8244E+01  1.1094E-04
  1.8256E+01  1.1310E-04
  1.8268E+01  1.1891E-04
  1.8280E+01  1.2833E-04
  1.8292E+01  1.4103E-04
  1.8304E+01  1.5647E-04
  1.8316E+01  1.7388E-04
  1.8328E+01  1.9230E-04
  1.8340E+01  2.1067E-04
  1.8351E+01  2.2794E-04
  1.8363E+01  2.4314E-04
  1.8375E+01  2.5554E-04
  1.8387E+01  2.6468E-04
  1.8399E+01  2.7051E-04
  1.8411E+01  2.7343E-04
  1.8423E+01  2.7426E-04
  1.8435E+01  2.7425E-04
  1.8447E+01  2.7500E-04
  1.8459E+01  2.7839E-04
  1.8471E+01  2.8642E-04
  1.8482E+01  3.0107E-04
  1.8494E+01  3.2419E-04
  1.8506E+01  3.5730E-04
  1.8518E+01  4.0152E-04
  1.8530E+01  4.5744E-04
  1.8542E+01  5.2503E-04
  1.8554E+01  6.0365E-04
  1.8566E+01  6.9203E-04
  1.8578E+01  7.8831E-04
  1.8590E+01  8.9013E-04
  1.8602E+01  9.9473E-04
  1.8613E+01  1.0991E-03
  1.8625E+01  1.2002E-03
  1.8637E+01  1.2950E-03
  1.8649E+01  1.3807E-03
  1.8661E+01  1.4549E-03
  1.8673E+01  1.5156E-03
  1.8685E+01  1.5615E-03
  1.8697E+01  1.5917E-03
  1.8709E+01  1.6061E-03
  1.8721E+01  1.6050E-03
  1.8733E+01  1.5891E-03
  1.8744E+01  1.5598E-03
  1.8756E+01  1.5186E-03
  1.8768E+01  1.4672E-03
  1.8780E+01  1.4074E-03
  1.8792E+01  1.3410E-03
  1.8804E+01  1.2699E-03
  1.8816E+01  1.1956E-03
  1.8828E+01  1.1198E-03
  1.8840E+01  1.0435E-03
  1.8852E+01  9.6792E-04
  1.8864E+01  8.9386E-04
  1.8875E+01  8.2197E-04
  1.8887E+01  7.5272E-04
  1.8899E+01  6.8643E-04
  1.8911E+01  6.2330E-04
  1.8923E+01  5.6344E-04
  1.8935E+01  5.0692E-04
  1.8947E+01  4.5376E-04
  1.8959E+01  4.0397E-04
  1.8971E+01  3.5757E-04
  1.8983E+01  3.1456E-04
  1.8995E+01  2.7498E-04
  1.9006E+01  2.3885E-04
  1.9018E+01  2.0618E-04
  1.9030E+01  1.7699E-04
  1.9042E+01  1.5125E-04
  1.9054E+01  1.2892E-04
  1.9066E+01  1.0992E-04
  1.9078E+01  9.4104E-05
  1.9090E+01  8.1313E-05
  1.9102E+01  7.1336E-05
  1.9114E+01  6.3928E-05
  1.9126E+01  5.8819E-05
  1.9137E+01  5.5717E-05
  1.9149E+01  5.4320E-05
  1.9161E+01  5.4321E-05
  1.9173E+01  5.5418E-05
  1.9185E+01  5.7315E-05
  1.9197E+01  5.9729E-05
  1.9209E+01  6.2395E-05
  1.9221E+01  6.5066E-05
  1.9233E+01  6.7522E-05
  1.9245E+01  6.9568E-05
  1.9257E+01  7.1044E-05
  1.9268E+01  7.1827E-05
  1.9280E+01  7.1841E-05
  1.9292E+01  7.1058E-05
  1.9304E+01  6.9505E-05
  1.9316E+01  6.7265E-05
  1.9328E+01  6.4479E-05
  1.9340E+01  6.1342E-05
  1.9352E+01  5.8097E-05
  1.9364E+01  5.5028E-05
  1.9376E+01  5.2443E-05
  1.9388E+01  5.0667E-05
  1.9399E+01  5.0019E-05
  1.9411E+01  5.0803E-05
  1.9423E+01  5.3287E-05
  1.9435E+01  5.7696E-05
  1.9447E+01  6.4191E-05
  1.9459E+01  7.2870E-05
  1.9471E+01  8.3758E-05
  1.9483E+01  9.6813E-05
  1.9495E+01  1.1192E-04
  1.9507E+01  1.2892E-04
  1.9519E+01  1.4759E-04
  1.9530E+01  1.6769E-04
  1.9542E+01  1.8897E-04
  1.9554E+01  2.1115E-04
  1.9566E+01  2.3400E-04
  1.9578E+01  2.5727E-04
  1.9590E+01  2.8076E-04
  1.9602E+01  3.0430E-04
  1.9614E+01  3.2771E-04
  1.9626E+01  3.5084E-04
  1.9638E+01  3.7354E-04
  1.9650E+01  3.9566E-04
  1.9661E+01  4.1700E-04
  1.9673E+01  4.3736E-04
  1.9685E+01  4.5648E-04
  1.9697E+01  4.7409E-04
  1.9709E+01  4.8988E-04
  1.9721E+01  5.0352E-04
  1.9733E+01  5.1468E-04
  1.9745E+01  5.2306E-04
  1.9757E+01  5.2836E-04
  1.9769E+01  5.3038E-04
  1.9781E+01  5.2896E-04
  1.9792E+01  5.2404E-04
  1.9804E+01  5.1563E-04
  1.9816E+01  5.0387E-04
  1.9828E+01  4.8895E-04
  1.9840E+01  4.7118E-04
  1.9852E+01  4.5090E-04
  1.9864E+01  4.2852E-04
  1.9876E+01  4.0447E-04
  1.9888E+01  3.7921E-04
  1.9900E+01  3.5317E-04
  1.9912E+01  3.2677E-04
  1.9923E+01  3.0039E-04
  1.9935E+01  2.7437E-04
  1.9947E+01  2.4901E-04
  1.9959E+01  2.2454E-04
  1.9971E+01  2.0115E-04
  1.9983E+01  1.7901E-04
  1.9995E+01  1.5824E-04
  2.0007E+01  1.3896E-04
  2.0019E+01  1.2126E-04
  2.0031E+01  1.0523E-04
  2.0043E+01  9.0974E-05
  2.0054E+01  7.8567E-05
  2.0066E+01  6.8086E-05
  2.0078E+01  5.9585E-05
  2.0090E+01  5.3085E-05
  2.0102E+01  4.8557E-05
  2.0114E+01  4.5914E-05
  2.0126E+01  4.5001E-05
  2.0138E+01  4.5585E-05
  2.0150E+01  4.7364E-05
  2.0162E+01  4.9975E-05
  2.0174E+01  5.3015E-05
  2.0185E+01  5.6065E-05
  2.0197E+01  5.8728E-05
  2.0209E+01  6.0664E-05
  2.0221E+01  6.1623E-05
  2.0233E+01  6.1485E-05
  2.0245E+01  6.0279E-05
  2.0257E+01  5.8205E-05
  2.0269E+01  5.5634E-05
  2.0281E+01  5.3095E-05
  2.0293E+01  5.1255E-05
  2.0305E+01  5.0883E-05
  2.0316E+01  5.2800E-05
  2.0328E+01  5.7830E-05
  2.0340E+01  6.6747E-05
  2.0352E+01  8.0226E-05
  2.0364E+01  9.8808E-05
  2.0376E+01  1.2288E-04
  2.0388E+01  1.5266E-04
  2.0400E+01  1.8824E-04
  2.0412E+01  2.2964E-04
  2.0424E+01  2.7684E-04
  2.0436E+01  3.2990E-04
  2.0447E+01  3.8906E-04
  2.0459E+01  4.5484E-04
  2.0471E+01  5.2813E-04
  2.0483E+01  6.1026E-04
  2.0495E+01  7.0307E-04
  2.0507E+01  8.0889E-04
  2.0519E+01  9.3051E-04
  2.0531E+01  1.0711E-03
  2.0543E+01  1.2339E-03
  2.0555E+01  1.4225E-03
  2.0567E+01  1.6397E-03
  2.0578E+01  1.8884E-03
  2.0590E+01  2.1702E-03
  2.0602E+01  2.4857E-03
  2.0614E+01  2.8343E-03
  2.0626E+01  3.2137E-03
  2.0638E+01  3.6198E-03
  2.0650E+01  4.0470E-03
  2.0662E+01  4.4877E-03
  2.0674E+01  4.9331E-03
  2.0686E+01  5.3729E-03
  2.0698E+01  5.7959E-03
  2.0709E+01  6.1904E-03
  2.0721E+01  6.5446E-03
  2.0733E+01  6.8471E-03
  2.0745E+01  7.0876E-03
  2.0757E+01  7.2571E-03
  2.0769E+01  7.3486E-03
  2.0781E+01  7.3575E-03
  2.0793E+01  7.2818E-03
  2.0805E+01  7.1224E-03
  2.0817E+01  6.8833E-03
  2.0829E+01  6.5714E-03
  2.0840E+01  6.1962E-03
  2.0852E+01  5.7694E-03
  2.0864E+01  5.3046E-03
  2.0876E+01  4.8163E-03
  2.0888E+01  4.3194E-03
  2.0900E+01  3.8286E-03
  2.0912E+01  3.3571E-03
  2.0924E+01  2.9170E-03
  2.0936E+01  2.5176E-03
  2.0948E+01  2.1661E-03
  2.0960E+01  1.8668E-03
  2.0971E+01  1.6211E-03
  2.0983E+01  1.4278E-03
  2.0995E+01  1.2833E-03
  2.1007E+01  1.1819E-03
  2.1019E+01  1.1161E-03
  2.1031E+01  1.0778E-03
  2.1043E+01  1.0581E-03
  2.1055E+01  1.0484E-03
  2.1067E+01  1.0408E-03
  2.1079E+01  1.0286E-03
  2.1091E+01  1.0067E-03
  2.1102E+01  9.7188E-04
  2.1114E+01  9.2265E-04
  2.1126E+01  8.5956E-04
  2.1138E+01  7.8483E-04
  2.1150E+01  7.0208E-04
  2.1162E+01  6.1597E-04
  2.1174E+01  5.3170E-04
  2.1186E+01  4.5460E-04
  2.1198E+01  3.8963E-04
  2.1210E+01  3.4098E-04
  2.1222E+01  3.1173E-04
  2.1233E+01  3.0358E-04
  2.1245E+01  3.1671E-04
  2.1257E+01  3.4978E-04
  2.1269E+01  4.0002E-04
  2.1281E+01  4.6348E-04
  2.1293E+01  5.3530E-04
  2.1305E+01  6.1016E-04
  2.1317E+01  6.8267E-04
  2.1329E+01  7.4787E-04
  2.1341E+01  8.0157E-04
  2.1353E+01  8.4077E-04
  2.1364E+01  8.6388E-04
  2.1376E+01  8.7092E-04
  2.1388E+01  8.6350E-04
  2.1400E+01  8.4482E-04
  2.1412E+01  8.1942E-04
  2.1424E+01  7.9294E-04
  2.1436E+01  7.7171E-04
  2.1448E+01  7.6237E-04
  2.1460E+01  7.7134E-04
  2.1472E+01  8.0446E-04
  2.1483E+01  8.6647E-04
  2.1495E+01  9.6072E-04
  2.1507E+01  1.0888E-03
  2.1519E+01  1.2506E-03
  2.1531E+01  1.4438E-03
  2.1543E+01  1.6646E-03
  2.1555E+01  1.9074E-03
  2.1567E+01  2.1651E-03
  2.1579E+01  2.4298E-03
  2.1591E+01  2.6931E-03
  2.1603E+01  2.9463E-03
  2.1614E+01  3.1810E-03
  2.1626E+01  3.3895E-03
  2.1638E+01  3.5653E-03
  2.1650E+01  3.7029E-03
  2.1662E+01  3.7987E-03
  2.1674E+01  3.8503E-03
  2.1686E+01  3.8575E-03
  2.1698E+01  3.8213E-03
  2.1710E+01  3.7444E-03
  2.1722E+01  3.6307E-03
  2.1734E+01  3.4853E-03
  2.1745E+01  3.3139E-03
  2.1757E+01  3.1225E-03
  2.1769E+01  2.9173E-03
  2.1781E+01  2.7042E-03
  2.1793E+01  2.4886E-03
  2.1805E+01  2.2753E-03
  2.1817E+01  2.0681E-03
  2.1829E+01  1.8701E-03
  2.1841E+01  1.6835E-03
  2.1853E+01  1.5095E-03
  2.1865E+01  1.3489E-03
  2.1876E+01  1.2015E-03
  2.1888E+01  1.0670E-03
  2.1900E+01  9.4469E-04
  2.1912E+01  8.3357E-04
  2.1924E+01  7.3274E-04
  2.1936E+01  6.4127E-04
  2.1948E+01  5.5835E-04
  2.1960E+01  4.8333E-04
  2.1972E+01  4.1569E-04
  2.1984E+01  3.5505E-04
  2.1996E+01  3.0114E-04
  2.2007E+01  2.5375E-04
  2.2019E+01  2.1267E-04
  2.2031E+01  1.7766E-04
  2.2043E+01  1.4843E-04
  2.2055E+01  1.2457E-04
  2.2067E+01  1.0559E-04
  2.2079E+01  9.0885E-05
  2.2091E+01  7.9799E-05
  2.2103E+01  7.1617E-05
  2.2115E+01  6.5625E-05
  2.2127E+01  6.1150E-05
  2.2138E+01  5.7601E-05
  2.2150E+01  5.4508E-05
  2.2162E+01  5.1543E-05
  2.2174E+01  4.8536E-05
  2.2186E+01  4.5474E-05
  2.2198E+01  4.2479E-05
  2.2210E+01  3.9783E-05
  2.2222E+01  3.7688E-05
  2.2234E+01  3.6514E-05
  2.2246E+01  3.6561E-05
  2.2258E+01  3.8061E-05
  2.2269E+01  4.1142E-05
  2.2281E+01  4.5810E-05
  2.2293E+01  5.1937E-05
  2.2305E+01  5.9268E-05
  2.2317E+01  6.7448E-05
  2.2329E+01  7.6050E-05
  2.2341E+01  8.4632E-05
  2.2353E+01  9.2779E-05
  2.2365E+01  1.0017E-04
  2.2377E+01  1.0661E-04
  2.2389E+01  1.1209E-04
  2.2400E+01  1.1680E-04
  2.2412E+01  1.2116E-04
  2.2424E+01  1.2576E-04
  2.2436E+01  1.3140E-04
  2.2448E+01  1.3897E-04
  2.2460E+01  1.4945E-04
  2.2472E+01  1.6377E-04
  2.2484E+01  1.8281E-04
  2.2496E+01  2.0724E-04
  2.2508E+01  2.3753E-04
  2.2520E+01  2.7380E-04
  2.2531E+01  3.1588E-04
  2.2543E+01  3.6319E-04
  2.2555E+01  4.1484E-04
  2.2567E+01  4.6956E-04
  2.2579E+01  5.2584E-04
  2.2591E+01  5.8194E-04
  2.2603E+01  6.3602E-04
  2.2615E+01  6.8623E-04
  2.2627E+01  7.3079E-04
  2.2639E+01  7.6815E-04
  2.2651E+01  7.9699E-04
  2.2662E+01  8.1637E-04
  2.2674E+01  8.2573E-04
  2.2686E+01  8.2493E-04
  2.2698E+01  8.1421E-04
  2.2710E+01  7.9421E-04
  2.2722E+01  7.6590E-04
  2.2734E+01  7.3049E-04
  2.2746E+01  6.8940E-04
  2.2758E+01  6.4413E-04
  2.2770E+01  5.9622E-04
  2.2782E+01  5.4715E-04
  2.2793E+01  4.9825E-04
  2.2805E+01  4.5069E-04
  2.2817E+01  4.0539E-04
  2.2829E+01  3.6306E-04
  2.2841E+01  3.2412E-04
  2.2853E+01  2.8876E-04
  2.2865E+01  2.5696E-04
  2.2877E+01  2.2852E-04
  2.2889E+01  2.0313E-04
  2.2901E+01  1.8040E-04
  2.2913E+01  1.5992E-04
  2.2924E+01  1.4129E-04
  2.2936E+01  1.2418E-04
  2.2948E+01  1.0835E-04
  2.2960E+01  9.3638E-05
  2.2972E+01  7.9989E-05
  2.2984E+01  6.7428E-05
  2.2996E+01  5.6044E-05
  2.3008E+01  4.5963E-05
  2.3020E+01  3.7318E-05
  2.3032E+01  3.0219E-05
  2.3044E+01  2.4731E-05
  2.3055E+01  2.0850E-05
  2.3067E+01  1.8494E-05
  2.3079E+01  1.7503E-05
  2.3091E+01  1.7645E-05
  2.3103E+01  1.8631E-05
  2.3115E+01  2.0142E-05
  2.3127E+01  2.1852E-05
  2.3139E+01  2.3459E-05
  2.3151E+01  2.4711E-05
  2.3163E+01  2.5423E-05
  2.3175E+01  2.5502E-05
  2.3186E+01  2.4945E-05
  2.3198E+01  2.3842E-05
  2.3210E+01  2.2363E-05
  2.3222E+01  2.0744E-05
  2.3234E+01  1.9255E-05
  2.3246E+01  1.8179E-05
  2.3258E+01  1.7773E-05
  2.3270E+01  1.8248E-05
  2.3282E+01  1.9741E-05
  2.3294E+01  2.2297E-05
  2.3306E+01  2.5869E-05
  2.3317E+01  3.0313E-05
  2.3329E+01  3.5407E-05
  2.3341E+01  4.0868E-05
  2.3353E+01  4.6389E-05
  2.3365E+01  5.1666E-05
  2.3377E+01  5.6437E-05
  2.3389E+01  6.0515E-05
  2.3401E+01  6.3816E-05
  2.3413E+01  6.6382E-05
  2.3425E+01  6.8388E-05
  2.3437E+01  7.0142E-05
  2.3448E+01  7.2073E-05
  2.3460E+01  7.4700E-05
  2.3472E+01  7.8601E-05
  2.3484E+01  8.4361E-05
  2.3496E+01  9.2528E-05
  2.3508E+01  1.0356E-04
  2.3520E+01  1.1777E-04
  2.3532E+01  1.3531E-04
  2.3544E+01  1.5612E-04
  2.3556E+01  1.7992E-04
  2.3568E+01  2.0620E-04
  2.3579E+01  2.3428E-04
  2.3591E+01  2.6328E-04
  2.3603E+01  2.9221E-04
  2.3615E+01  3.1999E-04
  2.3627E+01  3.4555E-04
  2.3639E+01  3.6784E-04
  2.3651E+01  3.8594E-04
  2.3663E+01  3.9911E-04
  2.3675E+01  4.0679E-04
  2.3687E+01  4.0870E-04
  2.3699E+01  4.0481E-04
  2.3710E+01  3.9536E-04
  2.3722E+01  3.8085E-04
  2.3734E+01  3.6197E-04
  2.3746E+01  3.3961E-04
  2.3758E+01  3.1473E-04
  2.3770E+01  2.8838E-04
  2.3782E+01  2.6154E-04
  2.3794E+01  2.3515E-04
  2.3806E+01  2.1002E-04
  2.3818E+01  1.8676E-04
  2.3830E+01  1.6583E-04
  2.3841E+01  1.4747E-04
  2.3853E+01  1.3173E-04
  2.3865E+01  1.1848E-04
  2.3877E+01  1.0745E-04
  2.3889E+01  9.8281E-05
  2.3901E+01  9.0530E-05
  2.3913E+01  8.3754E-05
  2.3925E+01  7.7534E-05
  2.3937E+01  7.1518E-05
  2.3949E+01  6.5443E-05
  2.3961E+01  5.9159E-05
  2.3972E+01  5.2631E-05
  2.3984E+01  4.5930E-05
  2.3996E+01  3.9221E-05
  2.4008E+01  3.2731E-05
  2.4020E+01  2.6725E-05
  2.4032E+01  2.1467E-05
  2.4044E+01  1.7192E-05
  2.4056E+01  1.4075E-05
  2.4068E+01  1.2208E-05
  2.4080E+01  1.1592E-05
  2.4092E+01  1.2129E-05
  2.4103E+01  1.3632E-05
  2.4115E+01  1.5838E-05
  2.4127E+01  1.8436E-05
  2.4139E+01  2.1091E-05
  2.4151E+01  2.3481E-05
  2.4163E+01  2.5328E-05
  2.4175E+01  2.6424E-05
  2.4187E+01  2.6652E-05
  2.4199E+01  2.6001E-05
  2.4211E+01  2.4568E-05
  2.4223E+01  2.2549E-05
  2.4234E+01  2.0219E-05
  2.4246E+01  1.7913E-05
  2.4258E+01  1.5990E-05
  2.4270E+01  1.4798E-05
  2.4282E+01  1.4647E-05
  2.4294E+01  1.5774E-05
  2.4306E+01  1.8322E-05
  2.4318E+01  2.2329E-05
  2.4330E+01  2.7725E-05
  2.4342E+01  3.4341E-05
  2.4354E+01  4.1932E-05
  2.4365E+01  5.0206E-05
  2.4377E+01  5.8867E-05
  2.4389E+01  6.7653E-05
  2.4401E+01  7.6384E-05
  2.4413E+01  8.4995E-05
  2.4425E+01  9.3573E-05
  2.4437E+01  1.0237E-04
  2.4449E+01  1.1180E-04
  2.4461E+01  1.2245E-04
  2.4473E+01  1.3503E-04
  2.4485E+01  1.5032E-04
  2.4496E+01  1.6914E-04
  2.4508E+01  1.9228E-04
  2.4520E+01  2.2039E-04
  2.4532E+01  2.5396E-04
  2.4544E+01  2.9322E-04
  2.4556E+01  3.3810E-04
  2.4568E+01  3.8818E-04
  2.4580E+01  4.4269E-04
  2.4592E+01  5.0051E-04
  2.4604E+01  5.6019E-04
  2.4616E+01  6.2004E-04
  2.4627E+01  6.7816E-04
  2.4639E+01  7.3258E-04
  2.4651E+01  7.8131E-04
  2.4663E+01  8.2251E-04
  2.4675E+01  8.5454E-04
  2.4687E+01  8.7606E-04
  2.4699E+01  8.8613E-04
  2.4711E+01  8.8425E-04
  2.4723E+01  8.7038E-04
  2.4735E+01  8.4499E-04
  2.4747E+01  8.0898E-04
  2.4758E+01  7.6370E-04
  2.4770E+01  7.1085E-04
  2.4782E+01  6.5237E-04
  2.4794E+01  5.9041E-04
  2.4806E+01  5.2714E-04
  2.4818E+01  4.6467E-04
  2.4830E+01  4.0496E-04
  2.4842E+01  3.4967E-04
  2.4854E+01  3.0013E-04
  2.4866E+01  2.5728E-04
  2.4878E+01  2.2161E-04
  2.4889E+01  1.9322E-04
  2.4901E+01  1.7177E-04
  2.4913E+01  1.5661E-04
  2.4925E+01  1.4680E-04
  2.4937E+01  1.4121E-04
  2.4949E+01  1.3861E-04
  2.4961E+01  1.3777E-04
  2.4973E+01  1.3750E-04
  2.4985E+01  1.3680E-04
  2.4997E+01  1.3485E-04
  2.5009E+01  1.3108E-04
  2.5020E+01  1.2522E-04
  2.5032E+01  1.1723E-04
  2.5044E+01  1.0736E-04
  2.5056E+01  9.6034E-05
  2.5068E+01  8.3871E-05
  2.5080E+01  7.1573E-05
  2.5092E+01  5.9875E-05
  2.5104E+01  4.9485E-05
  2.5116E+01  4.1018E-05
  2.5128E+01  3.4952E-05
  2.5140E+01  3.1591E-05
  2.5151E+01  3.1045E-05
  2.5163E+01  3.3225E-05
  2.5175E+01  3.7856E-05
  2.5187E+01  4.4503E-05
  2.5199E+01  5.2602E-05
  2.5211E+01  6.1513E-05
  2.5223E+01  7.0567E-05
  2.5235E+01  7.9116E-05
  2.5247E+01  8.6590E-05
  2.5259E+01  9.2529E-05
  2.5271E+01  9.6630E-05
  2.5282E+01  9.8760E-05
  2.5294E+01  9.8971E-05
  2.5306E+01  9.7493E-05
  2.5318E+01  9.4723E-05
  2.5330E+01  9.1194E-05
  2.5342E+01  8.7545E-05
  2.5354E+01  8.4475E-05
  2.5366E+01  8.2704E-05
  2.5378E+01  8.2927E-05
  2.5390E+01  8.5775E-05
  2.5401E+01  9.1778E-05
  2.5413E+01  1.0134E-04
  2.5425E+01  1.1469E-04
  2.5437E+01  1.3193E-04
  2.5449E+01  1.5296E-04
  2.5461E+01  1.7753E-04
  2.5473E+01  2.0523E-04
  2.5485E+01  2.3553E-04
  2.5497E+01  2.6777E-04
  2.5509E+01  3.0124E-04
  2.5521E+01  3.3518E-04
  2.5532E+01  3.6880E-04
  2.5544E+01  4.0134E-04
  2.5556E+01  4.3207E-04
  2.5568E+01  4.6033E-04
  2.5580E+01  4.8553E-04
  2.5592E+01  5.0717E-04
  2.5604E+01  5.2486E-04
  2.5616E+01  5.3830E-04
  2.5628E+01  5.4730E-04
  2.5640E+01  5.5177E-04
  2.5652E+01  5.5175E-04
  2.5663E+01  5.4734E-04
  2.5675E+01  5.3876E-04
  2.5687E+01  5.2630E-04
  2.5699E+01  5.1032E-04
  2.5711E+01  4.9125E-04
  2.5723E+01  4.6955E-04
  2.5735E+01  4.4570E-04
  2.5747E+01  4.2022E-04
  2.5759E+01  3.9361E-04
  2.5771E+01  3.6634E-04
  2.5783E+01  3.3886E-04
  2.5794E+01  3.1158E-04
  2.5806E+01  2.8486E-04
  2.5818E+01  2.5898E-04
  2.5830E+01  2.3420E-04
  2.5842E+01  2.1070E-04
  2.5854E+01  1.8861E-04
  2.5866E+01  1.6802E-04
  2.5878E+01  1.4895E-04
  2.5890E+01  1.3142E-04
  2.5902E+01  1.1541E-04
  2.5914E+01  1.0087E-04
  2.5925E+01  8.7767E-05
  2.5937E+01  7.6033E-05
  2.5949E+01  6.5619E-05
  2.5961E+01  5.6473E-05
  2.5973E+01  4.8549E-05
  2.5985E+01  4.1804E-05
  2.5997E+01  3.6196E-05
  2.6009E+01  3.1681E-05
  2.6021E+01  2.8207E-05
  2.6033E+01  2.5715E-05
  2.6045E+01  2.4126E-05
  2.6056E+01  2.3346E-05
  2.6068E+01  2.3263E-05
  2.6080E+01  2.3743E-05
  2.6092E+01  2.4641E-05
  2.6104E+01  2.5798E-05
  2.6116E+01  2.7052E-05
  2.6128E+01  2.8246E-05
  2.6140E+01  2.9235E-05
  2.6152E+01  2.9896E-05
  2.6164E+01  3.0135E-05
  2.6176E+01  2.9897E-05
  2.6187E+01  2.9161E-05
  2.6199E+01  2.7951E-05
  2.6211E+01  2.6329E-05
  2.6223E+01  2.4388E-05
  2.6235E+01  2.2250E-05
  2.6247E+01  2.0053E-05
  2.6259E+01  1.7943E-05
  2.6271E+01  1.6058E-05
  2.6283E+01  1.4525E-05
  2.6295E+01  1.3443E-05
  2.6307E+01  1.2880E-05
  2.6318E+01  1.2868E-05
  2.6330E+01  1.3400E-05
  2.6342E+01  1.4432E-05
  2.6354E+01  1.5888E-05
  2.6366E+01  1.7668E-05
  2.6378E+01  1.9655E-05
  2.6390E+01  2.1726E-05
  2.6402E+01  2.3765E-05
  2.6414E+01  2.5671E-05
  2.6426E+01  2.7365E-05
  2.6438E+01  2.8796E-05
  2.6449E+01  2.9946E-05
  2.6461E+01  3.0825E-05
  2.6473E+01  3.1474E-05
  2.6485E+01  3.1951E-05
  2.6497E+01  3.2333E-05
  2.6509E+01  3.2697E-05
  2.6521E+01  3.3119E-05
  2.6533E+01  3.3660E-05
  2.6545E+01  3.4364E-05
  2.6557E+01  3.5248E-05
  2.6569E+01  3.6305E-05
  2.6580E+01  3.7502E-05
  2.6592E+01  3.8785E-05
  2.6604E+01  4.0086E-05
  2.6616E+01  4.1330E-05
  2.6628E+01  4.2443E-05
  2.6640E+01  4.3363E-05
  2.6652E+01  4.4047E-05
  2.6664E+01  4.4476E-05
  2.6676E+01  4.4658E-05
  2.6688E+01  4.4631E-05
  2.6700E+01  4.4454E-05
  2.6711E+01  4.4207E-05
  2.6723E+01  4.3980E-05
  2.6735E+01  4.3861E-05
  2.6747E+01  4.3928E-05
  2.6759E+01  4.4240E-05
  2.6771E+01  4.4821E-05
  2.6783E+01  4.5661E-05
  2.6795E+01  4.6713E-05
  2.6807E+01  4.7889E-05
  2.6819E+01  4.9069E-05
  2.6831E+01  5.0110E-05
  2.6842E+01  5.0858E-05
  2.6854E+01  5.1162E-05
  2.6866E+01  5.0890E-05
  2.6878E+01  4.9940E-05
  2.6890E+01  4.8259E-05
  2.6902E+01  4.5844E-05
  2.6914E+01  4.2755E-05
  2.6926E+01  3.9108E-05
  2.6938E+01  3.5074E-05
  2.6950E+01  3.0864E-05
  2.6962E+01  2.6718E-05
  2.6973E+01  2.2887E-05
  2.6985E+01  1.9608E-05
  2.6997E+01  1.7087E-05
  2.7009E+01  1.5480E-05
  2.7021E+01  1.4877E-05
  2.7033E+01  1.5293E-05
  2.7045E+01  1.6661E-05
  2.7057E+01  1.8840E-05
  2.7069E+01  2.1621E-05
  2.7081E+01  2.4746E-05
  2.7093E+01  2.7924E-05
  2.7104E+01  3.0862E-05
  2.7116E+01  3.3287E-05
  2.7128E+01  3.4969E-05
  2.7140E+01  3.5746E-05
  2.7152E+01  3.5536E-05
  2.7164E+01  3.4349E-05
  2.7176E+01  3.2288E-05
  2.7188E+01  2.9544E-05
  2.7200E+01  2.6377E-05
  2.7212E+01  2.3102E-05
  2.7224E+01  2.0055E-05
  2.7235E+01  1.7569E-05
  2.7247E+01  1.5941E-05
  2.7259E+01  1.5403E-05
  2.7271E+01  1.6103E-05
  2.7283E+01  1.8084E-05
  2.7295E+01  2.1281E-05
  2.7307E+01  2.5519E-05
  2.7319E+01  3.0530E-05
  2.7331E+01  3.5969E-05
  2.7343E+01  4.1445E-05
  2.7355E+01  4.6553E-05
  2.7366E+01  5.0909E-05
  2.7378E+01  5.4186E-05
  2.7390E+01  5.6139E-05
  2.7402E+01  5.6637E-05
  2.7414E+01  5.5674E-05
  2.7426E+01  5.3372E-05
  2.7438E+01  4.9981E-05
  2.7450E+01  4.5856E-05
  2.7462E+01  4.1430E-05
  2.7474E+01  3.7182E-05
  2.7486E+01  3.3594E-05
  2.7497E+01  3.1109E-05
  2.7509E+01  3.0093E-05
  2.7521E+01  3.0797E-05
  2.7533E+01  3.3339E-05
  2.7545E+01  3.7681E-05
  2.7557E+01  4.3634E-05
  2.7569E+01  5.0868E-05
  2.7581E+01  5.8934E-05
  2.7593E+01  6.7296E-05
  2.7605E+01  7.5377E-05
  2.7617E+01  8.2604E-05
  2.7628E+01  8.8452E-05
  2.7640E+01  9.2491E-05
  2.7652E+01  9.4421E-05
  2.7664E+01  9.4100E-05
  2.7676E+01  9.1558E-05
  2.7688E+01  8.6995E-05
  2.7700E+01  8.0768E-05
  2.7712E+01  7.3361E-05
  2.7724E+01  6.5346E-05
  2.7736E+01  5.7335E-05
  2.7748E+01  4.9930E-05
  2.7759E+01  4.3670E-05
  2.7771E+01  3.8987E-05
  2.7783E+01  3.6174E-05
  2.7795E+01  3.5352E-05
  2.7807E+01  3.6470E-05
  2.7819E+01  3.9303E-05
  2.7831E+01  4.3476E-05
  2.7843E+01  4.8498E-05
  2.7855E+01  5.3800E-05
  2.7867E+01  5.8794E-05
  2.7879E+01  6.2920E-05
  2.7890E+01  6.5699E-05
  2.7902E+01  6.6774E-05
  2.7914E+01  6.5950E-05
  2.7926E+01  6.3204E-05
  2.7938E+01  5.8694E-05
  2.7950E+01  5.2742E-05
  2.7962E+01  4.5806E-05
  2.7974E+01  3.8440E-05
  2.7986E+01  3.1241E-05
  2.7998E+01  2.4796E-05
  2.8010E+01  1.9624E-05
  2.8021E+01  1.6134E-05
  2.8033E+01  1.4580E-05
  2.8045E+01  1.5041E-05
  2.8057E+01  1.7405E-05
  2.8069E+01  2.1387E-05
  2.8081E+01  2.6546E-05
  2.8093E+01  3.2328E-05
  2.8105E+01  3.8120E-05
  2.8117E+01  4.3304E-05
  2.8129E+01  4.7324E-05
  2.8141E+01  4.9738E-05
  2.8152E+01  5.0268E-05
  2.8164E+01  4.8831E-05
  2.8176E+01  4.5555E-05
  2.8188E+01  4.0778E-05
  2.8200E+01  3.5019E-05
  2.8212E+01  2.8939E-05
  2.8224E+01  2.3285E-05
  2.8236E+01  1.8825E-05
  2.8248E+01  1.6279E-05
  2.8260E+01  1.6256E-05
  2.8272E+01  1.9193E-05
  2.8283E+01  2.5319E-05
  2.8295E+01  3.4631E-05
  2.8307E+01  4.6898E-05
  2.8319E+01  6.1682E-05
  2.8331E+01  7.8397E-05
  2.8343E+01  9.6367E-05
  2.8355E+01  1.1492E-04
  2.8367E+01  1.3347E-04
  2.8379E+01  1.5162E-04
  2.8391E+01  1.6922E-04
  2.8403E+01  1.8645E-04
  2.8414E+01  2.0387E-04
  2.8426E+01  2.2236E-04
  2.8438E+01  2.4318E-04
  2.8450E+01  2.6783E-04
  2.8462E+01  2.9801E-04
  2.8474E+01  3.3544E-04
  2.8486E+01  3.8178E-04
  2.8498E+01  4.3841E-04
  2.8510E+01  5.0635E-04
  2.8522E+01  5.8605E-04
  2.8534E+01  6.7732E-04
  2.8545E+01  7.7924E-04
  2.8557E+01  8.9013E-04
  2.8569E+01  1.0076E-03
  2.8581E+01  1.1285E-03
  2.8593E+01  1.2492E-03
  2.8605E+01  1.3657E-03
  2.8617E+01  1.4739E-03
  2.8629E+01  1.5695E-03
  2.8641E+01  1.6488E-03
  2.8653E+01  1.7084E-03
  2.8665E+01  1.7457E-03
  2.8676E+01  1.7588E-03
  2.8688E+01  1.7470E-03
  2.8700E+01  1.7106E-03
  2.8712E+01  1.6509E-03
  2.8724E+01  1.5702E-03
  2.8736E+01  1.4717E-03
  2.8748E+01  1.3594E-03
  2.8760E+01  1.2377E-03
  2.8772E+01  1.1112E-03
  2.8784E+01  9.8475E-04
  2.8796E+01  8.6274E-04
  2.8807E+01  7.4911E-04
  2.8819E+01  6.4713E-04
  2.8831E+01  5.5916E-04
  2.8843E+01  4.8665E-04
  2.8855E+01  4.3002E-04
  2.8867E+01  3.8877E-04
  2.8879E+01  3.6153E-04
  2.8891E+01  3.4621E-04
  2.8903E+01  3.4021E-04
  2.8915E+01  3.4061E-04
  2.8927E+01  3.4444E-04
  2.8938E+01  3.4885E-04
  2.8950E+01  3.5133E-04
  2.8962E+01  3.4989E-04
  2.8974E+01  3.4318E-04
  2.8986E+01  3.3055E-04
  2.8998E+01  3.1207E-04
  2.9010E+01  2.8849E-04
  2.9022E+01  2.6116E-04
  2.9034E+01  2.3186E-04
  2.9046E+01  2.0267E-04
  2.9058E+01  1.7575E-04
  2.9069E+01  1.5318E-04
  2.9081E+01  1.3677E-04
  2.9093E+01  1.2788E-04
  2.9105E+01  1.2737E-04
  2.9117E+01  1.3547E-04
  2.9129E+01  1.5179E-04
  2.9141E+01  1.7533E-04
  2.9153E+01  2.0460E-04
  2.9165E+01  2.3767E-04
  2.9177E+01  2.7239E-04
  2.9188E+01  3.0651E-04
  2.9200E+01  3.3789E-04
  2.9212E+01  3.6468E-04
  2.9224E+01  3.8545E-04
  2.9236E+01  3.9935E-04
  2.9248E+01  4.0618E-04
  2.9260E+01  4.0643E-04
  2.9272E+01  4.0130E-04
  2.9284E+01  3.9259E-04
  2.9296E+01  3.8266E-04
  2.9308E+01  3.7423E-04
  2.9319E+01  3.7027E-04
  2.9331E+01  3.7376E-04
  2.9343E+01  3.8756E-04
  2.9355E+01  4.1416E-04
  2.9367E+01  4.5560E-04
  2.9379E+01  5.1325E-04
  2.9391E+01  5.8776E-04
  2.9403E+01  6.7901E-04
  2.9415E+01  7.8605E-04
  2.9427E+01  9.0715E-04
  2.9439E+01  1.0399E-03
  2.9450E+01  1.1813E-03
  2.9462E+01  1.3278E-03
  2.9474E+01  1.4758E-03
  2.9486E+01  1.6213E-03
  2.9498E+01  1.7605E-03
  2.9510E+01  1.8899E-03
  2.9522E+01  2.0061E-03
  2.9534E+01  2.1065E-03
  2.9546E+01  2.1887E-03
  2.9558E+01  2.2513E-03
  2.9570E+01  2.2931E-03
  2.9581E+01  2.3140E-03
  2.9593E+01  2.3140E-03
  2.9605E+01  2.2941E-03
  2.9617E+01  2.2554E-03
  2.9629E+01  2.1997E-03
  2.9641E+01  2.1289E-03
  2.9653E+01  2.0451E-03
  2.9665E+01  1.9508E-03
  2.9677E+01  1.8481E-03
  2.9689E+01  1.7395E-03
  2.9701E+01  1.6270E-03
  2.9712E+01  1.5128E-03
  2.9724E+01  1.3986E-03
  2.9736E+01  1.2859E-03
  2.9748E+01  1.1762E-03
  2.9760E+01  1.0704E-03
  2.9772E+01  9.6951E-04
  2.9784E+01  8.7399E-04
  2.9796E+01  7.8429E-04
  2.9808E+01  7.0065E-04
  2.9820E+01  6.2315E-04
  2.9832E+01  5.5176E-04
  2.9843E+01  4.8635E-04
  2.9855E+01  4.2675E-04
  2.9867E+01  3.7272E-04
  2.9879E+01  3.2399E-04
  2.9891E+01  2.8029E-04
  2.9903E+01  2.4134E-04
  2.9915E+01  2.0685E-04
  2.9927E+01  1.7655E-04
  2.9939E+01  1.5020E-04
  2.9951E+01  1.2753E-04
  2.9963E+01  1.0833E-04
  2.9974E+01  9.2351E-05
  2.9986E+01  7.9377E-05
  2.9998E+01  6.9177E-05
  3.0010E+01  6.1517E-05
  3.0022E+01  5.6151E-05
  3.0034E+01  5.2818E-05
  3.0046E+01  5.1237E-05
  3.0058E+01  5.1114E-05
  3.0070E+01  5.2138E-05
  3.0082E+01  5.3989E-05
  3.0094E+01  5.6346E-05
  3.0105E+01  5.8895E-05
  3.0117E+01  6.1345E-05
  3.0129E+01  6.3436E-05
  3.0141E+01  6.4954E-05
  3.0153E+01  6.5742E-05
  3.0165E+01  6.5709E-05
  3.0177E+01  6.4838E-05
  3.0189E+01  6.3188E-05
  3.0201E+01  6.0890E-05
  3.0213E+01  5.8146E-05
  3.0225E+01  5.5215E-05
  3.0236E+01  5.2404E-05
  3.0248E+01  5.0046E-05
  3.0260E+01  4.8484E-05
  3.0272E+01  4.8053E-05
  3.0284E+01  4.9056E-05
  3.0296E+01  5.1749E-05
  3.0308E+01  5.6321E-05
  3.0320E+01  6.2888E-05
  3.0332E+01  7.1479E-05
  3.0344E+01  8.2038E-05
  3.0356E+01  9.4424E-05
  3.0367E+01  1.0842E-04
  3.0379E+01  1.2373E-04
  3.0391E+01  1.4004E-04
  3.0403E+01  1.5697E-04
  3.0415E+01  1.7414E-04
  3.0427E+01  1.9117E-04
  3.0439E+01  2.0771E-04
  3.0451E+01  2.2341E-04
  3.0463E+01  2.3801E-04
  3.0475E+01  2.5126E-04
  3.0487E+01  2.6300E-04
  3.0498E+01  2.7311E-04
  3.0510E+01  2.8153E-04
  3.0522E+01  2.8825E-04
  3.0534E+01  2.9331E-04
  3.0546E+01  2.9677E-04
  3.0558E+01  2.9874E-04
  3.0570E+01  2.9933E-04
  3.0582E+01  2.9869E-04
  3.0594E+01  2.9694E-04
  3.0606E+01  2.9422E-04
  3.0618E+01  2.9065E-04
  3.0629E+01  2.8636E-04
  3.0641E+01  2.8143E-04
  3.0653E+01  2.7597E-04
  3.0665E+01  2.7003E-04
  3.0677E+01  2.6367E-04
  3.0689E+01  2.5694E-04
  3.0701E+01  2.4987E-04
  3.0713E+01  2.4246E-04
  3.0725E+01  2.3472E-04
  3.0737E+01  2.2663E-04
  3.0749E+01  2.1819E-04
  3.0760E+01  2.0937E-04
  3.0772E+01  2.0016E-04
  3.0784E+01  1.9052E-04
  3.0796E+01  1.8045E-04
  3.0808E+01  1.6995E-04
  3.0820E+01  1.5904E-04
  3.0832E+01  1.4777E-04
  3.0844E+01  1.3621E-04
  3.0856E+01  1.2446E-04
  3.0868E+01  1.1268E-04
  3.0880E+01  1.0101E-04
  3.0891E+01  8.9669E-05
  3.0903E+01  7.8859E-05
  3.0915E+01  6.8808E-05
  3.0927E+01  5.9739E-05
  3.0939E+01  5.1861E-05
  3.0951E+01  4.5349E-05
  3.0963E+01  4.0337E-05
  3.0975E+01  3.6900E-05
  3.0987E+01  3.5049E-05
  3.0999E+01  3.4719E-05
  3.1011E+01  3.5775E-05
  3.1022E+01  3.8011E-05
  3.1034E+01  4.1160E-05
  3.1046E+01  4.4912E-05
  3.1058E+01  4.8929E-05
  3.1070E+01  5.2867E-05
  3.1082E+01  5.6399E-05
  3.1094E+01  5.9238E-05
  3.1106E+01  6.1157E-05
  3.1118E+01  6.2006E-05
  3.1130E+01  6.1722E-05
  3.1142E+01  6.0337E-05
  3.1153E+01  5.7977E-05
  3.1165E+01  5.4852E-05
  3.1177E+01  5.1244E-05
  3.1189E+01  4.7485E-05
  3.1201E+01  4.3936E-05
  3.1213E+01  4.0956E-05
  3.1225E+01  3.8880E-05
  3.1237E+01  3.7989E-05
  3.1249E+01  3.8494E-05
  3.1261E+01  4.0517E-05
  3.1273E+01  4.4084E-05
  3.1284E+01  4.9123E-05
  3.1296E+01  5.5473E-05
  3.1308E+01  6.2896E-05
  3.1320E+01  7.1095E-05
  3.1332E+01  7.9742E-05
  3.1344E+01  8.8501E-05
  3.1356E+01  9.7053E-05
  3.1368E+01  1.0512E-04
  3.1380E+01  1.1250E-04
  3.1392E+01  1.1904E-04
  3.1404E+01  1.2469E-04
  3.1415E+01  1.2949E-04
  3.1427E+01  1.3352E-04
  3.1439E+01  1.3696E-04
  3.1451E+01  1.4001E-04
  3.1463E+01  1.4288E-04
  3.1475E+01  1.4579E-04
  3.1487E+01  1.4892E-04
  3.1499E+01  1.5240E-04
  3.1511E+01  1.5628E-04
  3.1523E+01  1.6057E-04
  3.1535E+01  1.6516E-04
  3.1546E+01  1.6990E-04
  3.1558E+01  1.7457E-04
  3.1570E+01  1.7893E-04
  3.1582E+01  1.8270E-04
  3.1594E+01  1.8563E-04
  3.1606E+01  1.8750E-04
  3.1618E+01  1.8815E-04
  3.1630E+01  1.8748E-04
  3.1642E+01  1.8549E-04
  3.1654E+01  1.8226E-04
  3.1666E+01  1.7795E-04
  3.1677E+01  1.7280E-04
  3.1689E+01  1.6708E-04
  3.1701E+01  1.6108E-04
  3.1713E+01  1.5510E-04
  3.1725E+01  1.4940E-04
  3.1737E+01  1.4418E-04
  3.1749E+01  1.3958E-04
  3.1761E+01  1.3564E-04
  3.1773E+01  1.3230E-04
  3.1785E+01  1.2943E-04
  3.1797E+01  1.2682E-04
  3.1808E+01  1.2421E-04
  3.1820E+01  1.2132E-04
  3.1832E+01  1.1788E-04
  3.1844E+01  1.1364E-04
  3.1856E+01  1.0843E-04
  3.1868E+01  1.0216E-04
  3.1880E+01  9.4871E-05
  3.1892E+01  8.6677E-05
  3.1904E+01  7.7820E-05
  3.1916E+01  6.8626E-05
  3.1928E+01  5.9490E-05
  3.1939E+01  5.0840E-05
  3.1951E+01  4.3103E-05
  3.1963E+01  3.6668E-05
  3.1975E+01  3.1848E-05
  3.1987E+01  2.8851E-05
  3.1999E+01  2.7759E-05
  3.2011E+01  2.8513E-05
  3.2023E+01  3.0915E-05
  3.2035E+01  3.4639E-05
  3.2047E+01  3.9256E-05
  3.2059E+01  4.4268E-05
  3.2070E+01  4.9148E-05
  3.2082E+01  5.3385E-05
  3.2094E+01  5.6530E-05
  3.2106E+01  5.8238E-05
  3.2118E+01  5.8298E-05
  3.2130E+01  5.6658E-05
  3.2142E+01  5.3433E-05
  3.2154E+01  4.8899E-05
  3.2166E+01  4.3471E-05
  3.2178E+01  3.7675E-05
  3.2190E+01  3.2100E-05
  3.2201E+01  2.7348E-05
  3.2213E+01  2.3989E-05
  3.2225E+01  2.2504E-05
  3.2237E+01  2.3250E-05
  3.2249E+01  2.6424E-05
  3.2261E+01  3.2047E-05
  3.2273E+01  3.9965E-05
  3.2285E+01  4.9865E-05
  3.2297E+01  6.1307E-05
  3.2309E+01  7.3769E-05
  3.2321E+01  8.6706E-05
  3.2332E+01  9.9608E-05
  3.2344E+01  1.1207E-04
  3.2356E+01  1.2382E-04
  3.2368E+01  1.3481E-04
  3.2380E+01  1.4520E-04
  3.2392E+01  1.5538E-04
  3.2404E+01  1.6595E-04
  3.2416E+01  1.7770E-04
  3.2428E+01  1.9153E-04
  3.2440E+01  2.0840E-04
  3.2452E+01  2.2923E-04
  3.2463E+01  2.5480E-04
  3.2475E+01  2.8569E-04
  3.2487E+01  3.2220E-04
  3.2499E+01  3.6424E-04
  3.2511E+01  4.1136E-04
  3.2523E+01  4.6267E-04
  3.2535E+01  5.1692E-04
  3.2547E+01  5.7251E-04
  3.2559E+01  6.2754E-04
  3.2571E+01  6.7999E-04
  3.2583E+01  7.2774E-04
  3.2594E+01  7.6878E-04
  3.2606E+01  8.0129E-04
  3.2618E+01  8.2374E-04
  3.2630E+01  8.3504E-04
  3.2642E+01  8.3461E-04
  3.2654E+01  8.2236E-04
  3.2666E+01  7.9879E-04
  3.2678E+01  7.6491E-04
  3.2690E+01  7.2222E-04
  3.2702E+01  6.7258E-04
  3.2714E+01  6.1816E-04
  3.2725E+01  5.6123E-04
  3.2737E+01  5.0412E-04
  3.2749E+01  4.4900E-04
  3.2761E+01  3.9779E-04
  3.2773E+01  3.5204E-04
  3.2785E+01  3.1288E-04
  3.2797E+01  2.8092E-04
  3.2809E+01  2.5626E-04
  3.2821E+01  2.3854E-04
  3.2833E+01  2.2696E-04
  3.2845E+01  2.2038E-04
  3.2856E+01  2.1742E-04
  3.2868E+01  2.1662E-04
  3.2880E+01  2.1651E-04
  3.2892E+01  2.1574E-04
  3.2904E+01  2.1323E-04
  3.2916E+01  2.0820E-04
  3.2928E+01  2.0023E-04
  3.2940E+01  1.8933E-04
  3.2952E+01  1.7585E-04
  3.2964E+01  1.6051E-04
  3.2976E+01  1.4430E-04
  3.2987E+01  1.2837E-04
  3.2999E+01  1.1395E-04
  3.3011E+01  1.0224E-04
  3.3023E+01  9.4276E-05
  3.3035E+01  9.0866E-05
  3.3047E+01  9.2492E-05
  3.3059E+01  9.9278E-05
  3.3071E+01  1.1096E-04
  3.3083E+01  1.2691E-04
  3.3095E+01  1.4619E-04
  3.3106E+01  1.6758E-04
  3.3118E+01  1.8973E-04
  3.3130E+01  2.1124E-04
  3.3142E+01  2.3075E-04
  3.3154E+01  2.4710E-04
  3.3166E+01  2.5942E-04
  3.3178E+01  2.6717E-04
  3.3190E+01  2.7026E-04
  3.3202E+01  2.6904E-04
  3.3214E+01  2.6430E-04
  3.3226E+01  2.5726E-04
  3.3237E+01  2.4948E-04
  3.3249E+01  2.4276E-04
  3.3261E+01  2.3906E-04
  3.3273E+01  2.4034E-04
  3.3285E+01  2.4846E-04
  3.3297E+01  2.6507E-04
  3.3309E+01  2.9146E-04
  3.3321E+01  3.2849E-04
  3.3333E+01  3.7656E-04
  3.3345E+01  4.3551E-04
  3.3357E+01  5.0467E-04
  3.3368E+01  5.8286E-04
  3.3380E+01  6.6843E-04
  3.3392E+01  7.5937E-04
  3.3404E+01  8.5336E-04
  3.3416E+01  9.4795E-04
  3.3428E+01  1.0406E-03
  3.3440E+01  1.1288E-03
  3.3452E+01  1.2103E-03
  3.3464E+01  1.2830E-03
  3.3476E+01  1.3453E-03
  3.3488E+01  1.3957E-03
  3.3499E+01  1.4335E-03
  3.3511E+01  1.4581E-03
  3.3523E+01  1.4694E-03
  3.3535E+01  1.4679E-03
  3.3547E+01  1.4542E-03
  3.3559E+01  1.4291E-03
  3.3571E+01  1.3939E-03
  3.3583E+01  1.3499E-03
  3.3595E+01  1.2985E-03
  3.3607E+01  1.2410E-03
  3.3619E+01  1.1788E-03
  3.3630E+01  1.1134E-03
  3.3642E+01  1.0458E-03
  3.3654E+01  9.7737E-04
  3.3666E+01  9.0891E-04
  3.3678E+01  8.4130E-04
  3.3690E+01  7.7523E-04
  3.3702E+01  7.1127E-04
  3.3714E+01  6.4983E-04
  3.3726E+01  5.9126E-04
  3.3738E+01  5.3576E-04
  3.3750E+01  4.8348E-04
  3.3761E+01  4.3451E-04
  3.3773E+01  3.8886E-04
  3.3785E+01  3.4652E-04
  3.3797E+01  3.0744E-04
  3.3809E+01  2.7153E-04
  3.3821E+01  2.3871E-04
  3.3833E+01  2.0887E-04
  3.3845E+01  1.8188E-04
  3.3857E+01  1.5763E-04
  3.3869E+01  1.3598E-04
  3.3881E+01  1.1682E-04
  3.3892E+01  1.0001E-04
  3.3904E+01  8.5431E-05
  3.3916E+01  7.2968E-05
  3.3928E+01  6.2501E-05
  3.3940E+01  5.3915E-05
  3.3952E+01  4.7093E-05
  3.3964E+01  4.1913E-05
  3.3976E+01  3.8249E-05
  3.3988E+01  3.5958E-05
  3.4000E+01  3.4889E-05
  3.4012E+01  3.4873E-05
  3.4023E+01  3.5723E-05
  3.4035E+01  3.7242E-05
  3.4047E+01  3.9219E-05
  3.4059E+01  4.1440E-05
  3.4071E+01  4.3695E-05
  3.4083E+01  4.5786E-05
  3.4095E+01  4.7541E-05
  3.4107E+01  4.8818E-05
  3.4119E+01  4.9524E-05
  3.4131E+01  4.9616E-05
  3.4143E+01  4.9109E-05
  3.4154E+01  4.8081E-05
  3.4166E+01  4.6668E-05
  3.4178E+01  4.5064E-05
  3.4190E+01  4.3507E-05
  3.4202E+01  4.2271E-05
  3.4214E+01  4.1652E-05
  3.4226E+01  4.1949E-05
  3.4238E+01  4.3448E-05
  3.4250E+01  4.6405E-05
  3.4262E+01  5.1032E-05
  3.4274E+01  5.7479E-05
  3.4285E+01  6.5830E-05
  3.4297E+01  7.6091E-05
  3.4309E+01  8.8193E-05
  3.4321E+01  1.0199E-04
  3.4333E+01  1.1727E-04
  3.4345E+01  1.3377E-04
  3.4357E+01  1.5117E-04
  3.4369E+01  1.6913E-04
  3.4381E+01  1.8730E-04
  3.4393E+01  2.0530E-04
  3.4405E+01  2.2282E-04
  3.4416E+01  2.3952E-04
  3.4428E+01  2.5514E-04
  3.4440E+01  2.6944E-04
  3.4452E+01  2.8221E-04
  3.4464E+01  2.9332E-04
  3.4476E+01  3.0267E-04
  3.4488E+01  3.1019E-04
  3.4500E+01  3.1586E-04
  3.4512E+01  3.1969E-04
  3.4524E+01  3.2170E-04
  3.4536E+01  3.2196E-04
  3.4547E+01  3.2053E-04
  3.4559E+01  3.1750E-04
  3.4571E+01  3.1298E-04
  3.4583E+01  3.0706E-04
  3.4595E+01  2.9985E-04
  3.4607E+01  2.9150E-04
  3.4619E+01  2.8212E-04
  3.4631E+01  2.7185E-04
  3.4643E+01  2.6083E-04
  3.4655E+01  2.4921E-04
  3.4667E+01  2.3713E-04
  3.4678E+01  2.2475E-04
  3.4690E+01  2.1218E-04
  3.4702E+01  1.9957E-04
  3.4714E+01  1.8704E-04
  3.4726E+01  1.7467E-04
  3.4738E+01  1.6255E-04
  3.4750E+01  1.5075E-04
  3.4762E+01  1.3932E-04
  3.4774E+01  1.2828E-04
  3.4786E+01  1.1765E-04
  3.4798E+01  1.0745E-04
  3.4809E+01  9.7680E-05
  3.4821E+01  8.8352E-05
  3.4833E+01  7.9480E-05
  3.4845E+01  7.1091E-05
  3.4857E+01  6.3222E-05
  3.4869E+01  5.5923E-05
  3.4881E+01  4.9256E-05
  3.4893E+01  4.3289E-05
  3.4905E+01  3.8093E-05
  3.4917E+01  3.3732E-05
  3.4929E+01  3.0257E-05
  3.4940E+01  2.7701E-05
  3.4952E+01  2.6068E-05
  3.4964E+01  2.5328E-05
  3.4976E+01  2.5417E-05
  3.4988E+01  2.6234E-05
  3.5000E+01  2.7646E-05
