  -17.50000      3.0665225E-05
  -17.49000      3.1040108E-05
  -17.48000      3.0928350E-05
  -17.47000      3.1588126E-05
  -17.46000      3.1695723E-05
  -17.45000      3.2747779E-05
  -17.44000      3.4366440E-05
  -17.43000      3.5461027E-05
  -17.42000      3.5498069E-05
  -17.41000      3.4875244E-05
  -17.40000      3.3789453E-05
  -17.39000      3.3587323E-05
  -17.38000      3.3614451E-05
  -17.37000      3.3096479E-05
  -17.36000      3.2413609E-05
  -17.35000      3.1248590E-05
  -17.34000      3.0479534E-05
  -17.33000      3.0133782E-05
  -17.32000      3.0892530E-05
  -17.31000      3.2123724E-05
  -17.30000      3.4347937E-05
  -17.29000      3.6966663E-05
  -17.28000      4.1500763E-05
  -17.27000      4.9702969E-05
  -17.26000      6.0240960E-05
  -17.25000      6.8035632E-05
  -17.24000      7.2938979E-05
  -17.23000      7.8784375E-05
  -17.22000      8.6717904E-05
  -17.21000      9.2730807E-05
  -17.20000      9.3755203E-05
  -17.19000      8.9620939E-05
  -17.18000      8.2475162E-05
  -17.17000      7.2524359E-05
  -17.16000      6.0502331E-05
  -17.15000      4.7877929E-05
  -17.14000      3.5701785E-05
  -17.13000      2.4955252E-05
  -17.12000      1.7075463E-05
  -17.11000      1.2815281E-05
  -17.10000      1.2721504E-05
  -17.09000      1.7472325E-05
  -17.08000      2.7049009E-05
  -17.07000      4.0214712E-05
  -17.06000      5.6387486E-05
  -17.05000      7.5179101E-05
  -17.04000      9.5693191E-05
  -17.03000      1.1533926E-04
  -17.02000      1.3210365E-04
  -17.01000      1.4483058E-04
  -17.00000      1.5264252E-04
  -16.99000      1.5476416E-04
  -16.98000      1.5096065E-04
  -16.97000      1.4150231E-04
  -16.96000      1.2722574E-04
  -16.95000      1.0938328E-04
  -16.94000      8.9731140E-05
  -16.93000      7.0307084E-05
  -16.92000      5.3267522E-05
  -16.91000      4.0898725E-05
  -16.90000      3.5220008E-05
  -16.89000      3.8052560E-05
  -16.88000      5.0656075E-05
  -16.87000      7.3835450E-05
  -16.86000      1.0761654E-04
  -16.85000      1.5142307E-04
  -16.84000      2.0389380E-04
  -16.83000      2.6292287E-04
  -16.82000      3.2620868E-04
  -16.81000      3.9073793E-04
  -16.80000      4.5338721E-04
  -16.79000      5.1107642E-04
  -16.78000      5.6063174E-04
  -16.77000      5.9948832E-04
  -16.76000      6.2550011E-04
  -16.75000      6.3705008E-04
  -16.74000      6.3348521E-04
  -16.73000      6.1490160E-04
  -16.72000      5.8225176E-04
  -16.71000      5.3717452E-04
  -16.70000      4.8227416E-04
  -16.69000      4.2023481E-04
  -16.68000      3.5463131E-04
  -16.67000      2.8867365E-04
  -16.66000      2.2571578E-04
  -16.65000      1.6888164E-04
  -16.64000      1.2069276E-04
  -16.63000      8.3059393E-05
  -16.62000      5.7299963E-05
  -16.61000      4.3711880E-05
  -16.60000      4.2022664E-05
  -16.59000      5.0988732E-05
  -16.58000      6.8854053E-05
  -16.57000      9.3167335E-05
  -16.56000      1.2138027E-04
  -16.55000      1.5049885E-04
  -16.54000      1.7787701E-04
  -16.53000      2.0095451E-04
  -16.52000      2.1765743E-04
  -16.51000      2.2650769E-04
  -16.50000      2.2667216E-04
  -16.49000      2.1807884E-04
  -16.48000      2.0134555E-04
  -16.47000      1.7778543E-04
  -16.46000      1.4924158E-04
  -16.45000      1.1793280E-04
  -16.44000      8.6460976E-05
  -16.43000      5.7131190E-05
  -16.42000      3.2439886E-05
  -16.41000      1.4222563E-05
  -16.40000      3.9689612E-06
  -16.39000      2.4377548E-06
  -16.38000      9.7401253E-06
  -16.37000      2.5261164E-05
  -16.36000      4.7716294E-05
  -16.35000      7.5294462E-05
  -16.34000      1.0571851E-04
  -16.33000      1.3649726E-04
  -16.32000      1.6513716E-04
  -16.31000      1.8912670E-04
  -16.30000      2.0659110E-04
  -16.29000      2.1593666E-04
  -16.28000      2.1642636E-04
  -16.27000      2.0794316E-04
  -16.26000      1.9127062E-04
  -16.25000      1.6778443E-04
  -16.24000      1.3965230E-04
  -16.23000      1.0937439E-04
  -16.22000      7.9513680E-05
  -16.21000      5.3148742E-05
  -16.20000      3.2690321E-05
  -16.19000      2.0346359E-05
  -16.18000      1.7549231E-05
  -16.17000      2.4943782E-05
  -16.16000      4.2221589E-05
  -16.15000      6.8173431E-05
  -16.14000      1.0072626E-04
  -16.13000      1.3701501E-04
  -16.12000      1.7370189E-04
  -16.11000      2.0726891E-04
  -16.10000      2.3409016E-04
  -16.09000      2.5128183E-04
  -16.08000      2.5643976E-04
  -16.07000      2.4860271E-04
  -16.06000      2.2800740E-04
  -16.05000      1.9674575E-04
  -16.04000      1.5832580E-04
  -16.03000      1.1837580E-04
  -16.02000      8.3693587E-05
  -16.01000      6.2624327E-05
  -16.00000      6.4313412E-05
  -15.99000      9.8343749E-05
  -15.98000      1.7430716E-04
  -15.97000      3.0059495E-04
  -15.96000      4.8520946E-04
  -15.95000      7.3306239E-04
  -15.94000      1.0474374E-03
  -15.93000      1.4287955E-03
  -15.92000      1.8724935E-03
  -15.91000      2.3744374E-03
  -15.90000      2.9231268E-03
  -15.89000      3.5068847E-03
  -15.88000      4.1097756E-03
  -15.87000      4.7138995E-03
  -15.86000      5.3013484E-03
  -15.85000      5.8521521E-03
  -15.84000      6.3465037E-03
  -15.83000      6.7675058E-03
  -15.82000      7.0982901E-03
  -15.81000      7.3261834E-03
  -15.80000      7.4416953E-03
  -15.79000      7.4391905E-03
  -15.78000      7.3180227E-03
  -15.77000      7.0821969E-03
  -15.76000      6.7397966E-03
  -15.75000      6.3019679E-03
  -15.74000      5.7862517E-03
  -15.73000      5.2087232E-03
  -15.72000      4.5914645E-03
  -15.71000      3.9544026E-03
  -15.70000      3.3181454E-03
  -15.69000      2.7038248E-03
  -15.68000      2.1284814E-03
  -15.67000      1.6067869E-03
  -15.66000      1.1527389E-03
  -15.65000      7.7256869E-04
  -15.64000      4.7297316E-04
  -15.63000      2.5298799E-04
  -15.62000      1.0988133E-04
  -15.61000      3.7355043E-05
  -15.60000      2.5814585E-05
  -15.59000      6.4001884E-05
  -15.58000      1.3913310E-04
  -15.57000      2.3818371E-04
  -15.56000      3.4813219E-04
  -15.55000      4.5719062E-04
  -15.54000      5.5536418E-04
  -15.53000      6.3427590E-04
  -15.52000      6.8872317E-04
  -15.51000      7.1520434E-04
  -15.50000      7.1344635E-04
  -15.49000      6.8499363E-04
  -15.48000      6.3376653E-04
  -15.47000      5.6451437E-04
  -15.46000      4.8367845E-04
  -15.45000      3.9742768E-04
  -15.44000      3.1225028E-04
  -15.43000      2.3327903E-04
  -15.42000      1.6493752E-04
  -15.41000      1.1053944E-04
  -15.40000      7.1675175E-05
  -15.39000      4.8220143E-05
  -15.38000      3.8928159E-05
  -15.37000      4.1122763E-05
  -15.36000      5.1474613E-05
  -15.35000      6.6116641E-05
  -15.34000      8.1281032E-05
  -15.33000      9.3570794E-05
  -15.32000      1.0036466E-04
  -15.31000      1.0014780E-04
  -15.30000      9.2540315E-05
  -15.29000      7.8453253E-05
  -15.28000      5.9822996E-05
  -15.27000      3.9630417E-05
  -15.26000      2.1145122E-05
  -15.25000      7.9713591E-06
  -15.24000      3.1679608E-06
  -15.23000      9.1059237E-06
  -15.22000      2.6857953E-05
  -15.21000      5.6091048E-05
  -15.20000      9.4796102E-05
  -15.19000      1.3939275E-04
  -15.18000      1.8507737E-04
  -15.17000      2.2595763E-04
  -15.16000      2.5618673E-04
  -15.15000      2.7041516E-04
  -15.14000      2.6490487E-04
  -15.13000      2.3849208E-04
  -15.12000      1.9384125E-04
  -15.11000      1.3788848E-04
  -15.10000      8.2891878E-05
  -15.09000      4.7084523E-05
  -15.08000      5.4254368E-05
  -15.07000      1.3404236E-04
  -15.06000      3.2070288E-04
  -15.05000      6.5309927E-04
  -15.04000      1.1718905E-03
  -15.03000      1.9177868E-03
  -15.02000      2.9332559E-03
  -15.01000      4.2498261E-03
  -15.00000      5.9040594E-03
  -14.99000      7.9097953E-03
  -14.98000      1.0277349E-02
  -14.97000      1.3008064E-02
  -14.96000      1.6070845E-02
  -14.95000      1.9445654E-02
  -14.94000      2.3068223E-02
  -14.93000      2.6879275E-02
  -14.92000      3.0797606E-02
  -14.91000      3.4728542E-02
  -14.90000      3.8573638E-02
  -14.89000      4.2226329E-02
  -14.88000      4.5571052E-02
  -14.87000      4.8514806E-02
  -14.86000      5.0950602E-02
  -14.85000      5.2794319E-02
  -14.84000      5.3976875E-02
  -14.83000      5.4443125E-02
  -14.82000      5.4167505E-02
  -14.81000      5.3142712E-02
  -14.80000      5.1386569E-02
  -14.79000      4.8943609E-02
  -14.78000      4.5885418E-02
  -14.77000      4.2293157E-02
  -14.76000      3.8276665E-02
  -14.75000      3.3960190E-02
  -14.74000      2.9466970E-02
  -14.73000      2.4938237E-02
  -14.72000      2.0506984E-02
  -14.71000      1.6291231E-02
  -14.70000      1.2428091E-02
  -14.69000      8.9934031E-03
  -14.68000      6.0832771E-03
  -14.67000      3.7408925E-03
  -14.66000      1.9967309E-03
  -14.65000      8.5584715E-04
  -14.64000      2.8931169E-04
  -14.63000      2.5072385E-04
  -14.62000      6.6981948E-04
  -14.61000      1.4654079E-03
  -14.60000      2.5357078E-03
  -14.59000      3.7790253E-03
  -14.58000      5.0912523E-03
  -14.57000      6.3641039E-03
  -14.56000      7.5133760E-03
  -14.55000      8.4551759E-03
  -14.54000      9.1308011E-03
  -14.53000      9.4986968E-03
  -14.52000      9.5378663E-03
  -14.51000      9.2517259E-03
  -14.50000      8.6619547E-03
  -14.49000      7.8147445E-03
  -14.48000      6.7635695E-03
  -14.47000      5.5861953E-03
  -14.46000      4.3582455E-03
  -14.45000      3.1620269E-03
  -14.44000      2.0800766E-03
  -14.43000      1.1801419E-03
  -14.42000      5.2769395E-04
  -14.41000      1.6482835E-04
  -14.40000      1.1970566E-04
  -14.39000      3.9919792E-04
  -14.38000      9.9035958E-04
  -14.37000      1.8620511E-03
  -14.36000      2.9600982E-03
  -14.35000      4.2250156E-03
  -14.34000      5.5751549E-03
  -14.33000      6.9299340E-03
  -14.32000      8.2043549E-03
  -14.31000      9.3127498E-03
  -14.30000      1.0187451E-02
  -14.29000      1.0764103E-02
  -14.28000      1.1001619E-02
  -14.27000      1.0876248E-02
  -14.26000      1.0389372E-02
  -14.25000      9.5640775E-03
  -14.24000      8.4471591E-03
  -14.23000      7.1091205E-03
  -14.22000      5.6352047E-03
  -14.21000      4.1314284E-03
  -14.20000      2.7107545E-03
  -14.19000      1.4905874E-03
  -14.18000      5.9521175E-04
  -14.17000      1.3144582E-04
  -14.16000      2.0442247E-04
  -14.15000      8.9339883E-04
  -14.14000      2.2654047E-03
  -14.13000      4.3500252E-03
  -14.12000      7.1662306E-03
  -14.11000      1.0689618E-02
  -14.10000      1.4873534E-02
  -14.09000      1.9650485E-02
  -14.08000      2.4910077E-02
  -14.07000      3.0533325E-02
  -14.06000      3.6399882E-02
  -14.05000      4.2329270E-02
  -14.04000      4.8193730E-02
  -14.03000      5.3809527E-02
  -14.02000      5.9035264E-02
  -14.01000      6.3740730E-02
  -14.00000      6.7781091E-02
  -13.99000      7.1072005E-02
  -13.98000      7.3518947E-02
  -13.97000      7.5079486E-02
  -13.96000      7.5728536E-02
  -13.95000      7.5466298E-02
  -13.94000      7.4321255E-02
  -13.93000      7.2344631E-02
  -13.92000      6.9614343E-02
  -13.91000      6.6212974E-02
  -13.90000      6.2253445E-02
  -13.89000      5.7851478E-02
  -13.88000      5.3113338E-02
  -13.87000      4.8181910E-02
  -13.86000      4.3143738E-02
  -13.85000      3.8137820E-02
  -13.84000      3.3248343E-02
  -13.83000      2.8567428E-02
  -13.82000      2.4169842E-02
  -13.81000      2.0116867E-02
  -13.80000      1.6432682E-02
  -13.79000      1.3162754E-02
  -13.78000      1.0304930E-02
  -13.77000      7.8685572E-03
  -13.76000      5.8358442E-03
  -13.75000      4.1824919E-03
  -13.74000      2.8733441E-03
  -13.73000      1.8709194E-03
  -13.72000      1.1350049E-03
  -13.71000      6.2400062E-04
  -13.70000      2.9452943E-04
  -13.69000      1.0849557E-04
  -13.68000      2.8680655E-05
  -13.67000      2.3866825E-05
  -13.66000      6.6343833E-05
  -13.65000      1.3431875E-04
  -13.64000      2.1026077E-04
  -13.63000      2.8184595E-04
  -13.62000      3.4076138E-04
  -13.61000      3.8221970E-04
  -13.60000      4.0472645E-04
  -13.59000      4.0881938E-04
  -13.58000      3.9677939E-04
  -13.57000      3.7181468E-04
  -13.56000      3.3766718E-04
  -13.55000      2.9807628E-04
  -13.54000      2.5632168E-04
  -13.53000      2.1547306E-04
  -13.52000      1.7748118E-04
  -13.51000      1.4408333E-04
  -13.50000      1.1592716E-04
  -13.49000      9.3306175E-05
  -13.48000      7.6025273E-05
  -13.47000      6.3486616E-05
  -13.46000      5.5026703E-05
  -13.45000      4.9805130E-05
  -13.44000      4.7064554E-05
  -13.43000      4.6121229E-05
  -13.42000      4.6401445E-05
  -13.41000      4.7484427E-05
  -13.40000      4.9032653E-05
  -13.39000      5.0822637E-05
  -13.38000      5.2653366E-05
  -13.37000      5.4343072E-05
  -13.36000      5.5699631E-05
  -13.35000      5.6485271E-05
  -13.34000      5.6447432E-05
  -13.33000      5.5319917E-05
  -13.32000      5.2873798E-05
  -13.31000      4.8959253E-05
  -13.30000      4.3578344E-05
  -13.29000      3.6930232E-05
  -13.28000      2.9471439E-05
  -13.27000      2.1996024E-05
  -13.26000      1.5562517E-05
  -13.25000      1.1623856E-05
  -13.24000      1.1879256E-05
  -13.23000      1.8319080E-05
  -13.22000      3.3001026E-05
  -13.21000      5.8150905E-05
  -13.20000      9.5805037E-05
  -13.19000      1.4779042E-04
  -13.18000      2.1568239E-04
  -13.17000      3.0034312E-04
  -13.16000      4.0227300E-04
  -13.15000      5.2127219E-04
  -13.14000      6.5598427E-04
  -13.13000      8.0490642E-04
  -13.12000      9.6533570E-04
  -13.11000      1.1337944E-03
  -13.10000      1.3071758E-03
  -13.09000      1.4801192E-03
  -13.08000      1.6491411E-03
  -13.07000      1.8089763E-03
  -13.06000      1.9554016E-03
  -13.05000      2.0844664E-03
  -13.04000      2.1920360E-03
  -13.03000      2.2755261E-03
  -13.02000      2.3324699E-03
  -13.01000      2.3614545E-03
  -13.00000      2.3621379E-03
  -12.99000      2.3345950E-03
  -12.98000      2.2801936E-03
  -12.97000      2.2007830E-03
  -12.96000      2.0995999E-03
  -12.95000      1.9792798E-03
  -12.94000      1.8440769E-03
  -12.93000      1.6976822E-03
  -12.92000      1.5441707E-03
  -12.91000      1.3876986E-03
  -12.90000      1.2321181E-03
  -12.89000      1.0805080E-03
  -12.88000      9.3648880E-04
  -12.87000      8.0162584E-04
  -12.86000      6.7869812E-04
  -12.85000      5.6839926E-04
  -12.84000      4.7153980E-04
  -12.83000      3.8835409E-04
  -12.82000      3.1812489E-04
  -12.81000      2.6040236E-04
  -12.80000      2.1385487E-04
  -12.79000      1.7721753E-04
  -12.78000      1.4899719E-04
  -12.77000      1.2765673E-04
  -12.76000      1.1172440E-04
  -12.75000      9.9840203E-05
  -12.74000      9.0725196E-05
  -12.73000      8.3377046E-05
  -12.72000      7.6937838E-05
  -12.71000      7.0792121E-05
  -12.70000      6.4555170E-05
  -12.69000      5.7992955E-05
  -12.68000      5.1088082E-05
  -12.67000      4.3942178E-05
  -12.66000      3.6769645E-05
  -12.65000      2.9857647E-05
  -12.64000      2.3532562E-05
  -12.63000      1.8107743E-05
  -12.62000      1.3907199E-05
  -12.61000      1.1168188E-05
  -12.60000      1.0095408E-05
  -12.59000      1.0788176E-05
  -12.58000      1.3288272E-05
  -12.57000      1.7510274E-05
  -12.56000      2.3323591E-05
  -12.55000      3.0481115E-05
  -12.54000      3.8677143E-05
  -12.53000      4.7565245E-05
  -12.52000      5.6700195E-05
  -12.51000      6.5674103E-05
  -12.50000      7.4032403E-05
  -12.49000      8.1328195E-05
  -12.48000      8.7175642E-05
  -12.47000      9.1204703E-05
  -12.46000      9.3149705E-05
  -12.45000      9.2829490E-05
  -12.44000      9.0164671E-05
  -12.43000      8.5193249E-05
  -12.42000      7.8094541E-05
  -12.41000      6.9171525E-05
  -12.40000      5.8814046E-05
  -12.39000      4.7607376E-05
  -12.38000      3.6138445E-05
  -12.37000      2.5154819E-05
  -12.36000      1.5401649E-05
  -12.35000      7.6567503E-06
  -12.34000      2.7071462E-06
  -12.33000      1.2842786E-06
  -12.32000      4.0544487E-06
  -12.31000      1.1573889E-05
  -12.30000      2.4301975E-05
  -12.29000      4.2537034E-05
  -12.28000      6.6360983E-05
  -12.27000      9.5866526E-05
  -12.26000      1.3070300E-04
  -12.25000      1.7074420E-04
  -12.24000      2.1539615E-04
  -12.23000      2.6414162E-04
  -12.22000      3.1637668E-04
  -12.21000      3.7144151E-04
  -12.20000      4.2852279E-04
  -12.19000      4.8731087E-04
  -12.18000      5.4680486E-04
  -12.17000      6.0667552E-04
  -12.16000      6.6627725E-04
  -12.15000      7.2502438E-04
  -12.14000      7.8263448E-04
  -12.13000      8.3874789E-04
  -12.12000      8.9295203E-04
  -12.11000      9.4493123E-04
  -12.10000      9.9408440E-04
  -12.09000      1.0401409E-03
  -12.08000      1.0824519E-03
  -12.07000      1.1203770E-03
  -12.06000      1.1533226E-03
  -12.05000      1.1803111E-03
  -12.04000      1.2007129E-03
  -12.03000      1.2136503E-03
  -12.02000      1.2183384E-03
  -12.01000      1.2141118E-03
  -12.00000      1.2004040E-03
  -11.99000      1.1767865E-03
  -11.98000      1.1432245E-03
  -11.97000      1.0998057E-03
  -11.96000      1.0468947E-03
  -11.95000      9.8534650E-04
  -11.94000      9.1618358E-04
  -11.93000      8.4056228E-04
  -11.92000      7.6044636E-04
  -11.91000      6.7717570E-04
  -11.90000      5.9313112E-04
  -11.89000      5.1003991E-04
  -11.88000      4.2978404E-04
  -11.87000      3.5439638E-04
  -11.86000      2.8528343E-04
  -11.85000      2.2396969E-04
  -11.84000      1.7142900E-04
  -11.83000      1.2824989E-04
  -11.82000      9.4780233E-05
  -11.81000      7.0833543E-05
  -11.80000      5.5845896E-05
  -11.79000      4.8998903E-05
  -11.78000      4.9085513E-05
  -11.77000      5.4758166E-05
  -11.76000      6.4482665E-05
  -11.75000      7.6761207E-05
  -11.74000      9.0068359E-05
  -11.73000      1.0312297E-04
  -11.72000      1.1476268E-04
  -11.71000      1.2411711E-04
  -11.70000      1.3061924E-04
  -11.69000      1.3398360E-04
  -11.68000      1.3418405E-04
  -11.67000      1.3148376E-04
  -11.66000      1.2633018E-04
  -11.65000      1.1930589E-04
  -11.64000      1.1108805E-04
  -11.63000      1.0236692E-04
  -11.62000      9.3742099E-05
  -11.61000      8.5785679E-05
  -11.60000      7.8810088E-05
  -11.59000      7.3046882E-05
  -11.58000      6.8505462E-05
  -11.57000      6.5045620E-05
  -11.56000      6.2393105E-05
  -11.55000      6.0187165E-05
  -11.54000      5.8021746E-05
  -11.53000      5.5522672E-05
  -11.52000      5.2371612E-05
  -11.51000      4.8369249E-05
  -11.50000      4.3464381E-05
  -11.49000      3.7721948E-05
  -11.48000      3.1423184E-05
  -11.47000      2.4888262E-05
  -11.46000      1.8586117E-05
  -11.45000      1.2977030E-05
  -11.44000      8.5011725E-06
  -11.43000      5.5425294E-06
  -11.42000      4.3604632E-06
  -11.41000      5.0930953E-06
  -11.40000      7.7837922E-06
  -11.39000      1.2417164E-05
  -11.38000      1.9036241E-05
  -11.37000      2.7854148E-05
  -11.36000      3.9485592E-05
  -11.35000      5.5033561E-05
  -11.34000      7.6472839E-05
  -11.33000      1.0665164E-04
  -11.32000      1.4992002E-04
  -11.31000      2.1185380E-04
  -11.30000      2.9964835E-04
  -11.29000      4.2161273E-04
  -11.28000      5.8857450E-04
  -11.27000      8.1095123E-04
  -11.26000      1.1024945E-03
  -11.25000      1.4751386E-03
  -11.24000      1.9417007E-03
  -11.23000      2.5155984E-03
  -11.22000      3.2052740E-03
  -11.21000      4.0222895E-03
  -11.20000      4.9697468E-03
  -11.19000      6.0494319E-03
  -11.18000      7.2587063E-03
  -11.17000      8.5893907E-03
  -11.16000      1.0026197E-02
  -11.15000      1.1553191E-02
  -11.14000      1.3136403E-02
  -11.13000      1.4753670E-02
  -11.12000      1.6362889E-02
  -11.11000      1.7925210E-02
  -11.10000      1.9401252E-02
  -11.09000      2.0741107E-02
  -11.08000      2.1909026E-02
  -11.07000      2.2861652E-02
  -11.06000      2.3563189E-02
  -11.05000      2.3984356E-02
  -11.04000      2.4103181E-02
  -11.03000      2.3905518E-02
  -11.02000      2.3387736E-02
  -11.01000      2.2557301E-02
  -11.00000      2.1429399E-02
  -10.99000      2.0033106E-02
  -10.98000      1.8407049E-02
  -10.97000      1.6591547E-02
  -10.96000      1.4650693E-02
  -10.95000      1.2632392E-02
  -10.94000      1.0606335E-02
  -10.93000      8.6303977E-03
  -10.92000      6.7621535E-03
  -10.91000      5.0620805E-03
  -10.90000      3.5710812E-03
  -10.89000      2.3298918E-03
  -10.88000      1.3651992E-03
  -10.87000      6.8926852E-04
  -10.86000      3.0612203E-04
  -10.85000      2.0165135E-04
  -10.84000      3.5290941E-04
  -10.83000      7.2364282E-04
  -10.82000      1.2709878E-03
  -10.81000      1.9425460E-03
  -10.80000      2.6825760E-03
  -10.79000      3.4376576E-03
  -10.78000      4.1499194E-03
  -10.77000      4.7726813E-03
  -10.76000      5.2619018E-03
  -10.75000      5.5859447E-03
  -10.74000      5.7238941E-03
  -10.73000      5.6666965E-03
  -10.72000      5.4193456E-03
  -10.71000      4.9979938E-03
  -10.70000      4.4333977E-03
  -10.69000      3.7624387E-03
  -10.68000      3.0332343E-03
  -10.67000      2.2984473E-03
  -10.66000      1.6088582E-03
  -10.65000      1.0195790E-03
  -10.64000      5.7357736E-04
  -10.63000      3.1167496E-04
  -10.62000      2.6046557E-04
  -10.61000      4.3460930E-04
  -10.60000      8.3494291E-04
  -10.59000      1.4455153E-03
  -10.58000      2.2421954E-03
  -10.57000      3.1784456E-03
  -10.56000      4.2051249E-03
  -10.55000      5.2602328E-03
  -10.54000      6.2749223E-03
  -10.53000      7.1858722E-03
  -10.52000      7.9311691E-03
  -10.51000      8.4545165E-03
  -10.50000      8.7135481E-03
  -10.49000      8.6784288E-03
  -10.48000      8.3413366E-03
  -10.47000      7.7127866E-03
  -10.46000      6.8281246E-03
  -10.45000      5.7388199E-03
  -10.44000      4.5286394E-03
  -10.43000      3.2858448E-03
  -10.42000      2.1261347E-03
  -10.41000      1.1672799E-03
  -10.40000      5.3550908E-04
  -10.39000      3.5815223E-04
  -10.38000      7.5256638E-04
  -10.37000      1.8278417E-03
  -10.36000      3.6701052E-03
  -10.35000      6.3498593E-03
  -10.34000      9.9035446E-03
  -10.33000      1.4330171E-02
  -10.32000      1.9628039E-02
  -10.31000      2.5704602E-02
  -10.30000      3.2502346E-02
  -10.29000      3.9867081E-02
  -10.28000      4.7656462E-02
  -10.27000      5.5710401E-02
  -10.26000      6.3813798E-02
  -10.25000      7.1786083E-02
  -10.24000      7.9408824E-02
  -10.23000      8.6478576E-02
  -10.22000      9.2821091E-02
  -10.21000      9.8256439E-02
  -10.20000      0.1026383    
  -10.19000      0.1058645    
  -10.18000      0.1078372    
  -10.17000      0.1085272    
  -10.16000      0.1079224    
  -10.15000      0.1060607    
  -10.14000      0.1030026    
  -10.13000      9.8862447E-02
  -10.12000      9.3744017E-02
  -10.11000      8.7814726E-02
  -10.10000      8.1237510E-02
  -10.09000      7.4178308E-02
  -10.08000      6.6819534E-02
  -10.07000      5.9339546E-02
  -10.06000      5.1890500E-02
  -10.05000      4.4664383E-02
  -10.04000      3.7764329E-02
  -10.03000      3.1318720E-02
  -10.02000      2.5428798E-02
  -10.01000      2.0142308E-02
  -10.00000      1.5540203E-02
  -9.990000      1.1590331E-02
  -9.980000      8.3136400E-03
  -9.970000      5.6797522E-03
  -9.960000      3.6423178E-03
  -9.950000      2.1428792E-03
  -9.940000      1.1130974E-03
  -9.930000      4.7775338E-04
  -9.920000      1.6108889E-04
  -9.910000      8.7633322E-05
  -9.900000      1.8686778E-04
  -9.890000      3.9503217E-04
  -9.880000      6.5713638E-04
  -9.870000      9.2806685E-04
  -9.860000      1.1731772E-03
  -9.850000      1.3680945E-03
  -9.840000      1.4982049E-03
  -9.830000      1.5577133E-03
  -9.820000      1.5480801E-03
  -9.810000      1.4766566E-03
  -9.800000      1.3549093E-03
  -9.790000      1.1967563E-03
  -9.780000      1.0170569E-03
  -9.770000      8.3020306E-04
  -9.760000      6.4904394E-04
  -9.750000      4.8409525E-04
  -9.740000      3.4291775E-04
  -9.730000      2.3002439E-04
  -9.720000      1.4687036E-04
  -9.710000      9.2335482E-05
  -9.700000      6.3051506E-05
  -9.690000      5.4166310E-05
  -9.680000      5.9925886E-05
  -9.670000      7.4372510E-05
  -9.660000      9.1941336E-05
  -9.650000      1.0792877E-04
  -9.640000      1.1886497E-04
  -9.630000      1.2265524E-04
  -9.620000      1.1865090E-04
  -9.610000      1.0750617E-04
  -9.600000      9.0937298E-05
  -9.590000      7.1403934E-05
  -9.580000      5.1689785E-05
  -9.570000      3.4531127E-05
  -9.560000      2.2226122E-05
  -9.550000      1.6349259E-05
  -9.540000      1.7527338E-05
  -9.530000      2.5387189E-05
  -9.520000      3.8568618E-05
  -9.510000      5.4924803E-05
  -9.500000      7.1773538E-05
  -9.490000      8.6285690E-05
  -9.480000      9.5889693E-05
  -9.470000      9.8688201E-05
  -9.460000      9.3879287E-05
  -9.450000      8.2061968E-05
  -9.440000      6.5512941E-05
  -9.430000      4.8241480E-05
  -9.420000      3.6004869E-05
  -9.410000      3.6062975E-05
  -9.400000      5.6880246E-05
  -9.390000      1.0761179E-04
  -9.380000      1.9751400E-04
  -9.370000      3.3532630E-04
  -9.360000      5.2844023E-04
  -9.350000      7.8254286E-04
  -9.340000      1.1006123E-03
  -9.330000      1.4825715E-03
  -9.320000      1.9251222E-03
  -9.310000      2.4216988E-03
  -9.300000      2.9617953E-03
  -9.290000      3.5325498E-03
  -9.280000      4.1176779E-03
  -9.270000      4.6995357E-03
  -9.260000      5.2589332E-03
  -9.250000      5.7765557E-03
  -9.240000      6.2335255E-03
  -9.230000      6.6130185E-03
  -9.220000      6.9002756E-03
  -9.210000      7.0838868E-03
  -9.200000      7.1564736E-03
  -9.190000      7.1145357E-03
  -9.180000      6.9592390E-03
  -9.170000      6.6966028E-03
  -9.160000      6.3362364E-03
  -9.150000      5.8919666E-03
  -9.140000      5.3804079E-03
  -9.130000      4.8206146E-03
  -9.120000      4.2328173E-03
  -9.110000      3.6376866E-03
  -9.100000      3.0549960E-03
  -9.090000      2.5030691E-03
  -9.080000      1.9972816E-03
  -9.070000      1.5502045E-03
  -9.060000      1.1704531E-03
  -9.050000      8.6307444E-04
  -9.040000      6.2892016E-04
  -9.030000      4.6535142E-04
  -9.020000      3.6627144E-04
  -9.010000      3.2312909E-04
  -9.000000      3.2525603E-04
  -8.990000      3.6085589E-04
  -8.980000      4.1774081E-04
  -8.970000      4.8407877E-04
  -8.960000      5.4918759E-04
  -8.950000      6.0396607E-04
  -8.940000      6.4152945E-04
  -8.930000      6.5728661E-04
  -8.920000      6.4922485E-04
  -8.910000      6.1767874E-04
  -8.900000      5.6516571E-04
  -8.890000      4.9596152E-04
  -8.880000      4.1564627E-04
  -8.870000      3.3048098E-04
  -8.860000      2.4688282E-04
  -8.850000      1.7086175E-04
  -8.840000      1.0753055E-04
  -8.830000      6.0657065E-05
  -8.820000      3.2492098E-05
  -8.810000      2.3608338E-05
  -8.800000      3.2923683E-05
  -8.790000      5.7869027E-05
  -8.780000      9.4652525E-05
  -8.770000      1.3866136E-04
  -8.760000      1.8484129E-04
  -8.750000      2.2822237E-04
  -8.740000      2.6426927E-04
  -8.730000      2.8936012E-04
  -8.720000      3.0099458E-04
  -8.710000      2.9809217E-04
  -8.700000      2.8097469E-04
  -8.690000      2.5138890E-04
  -8.680000      2.1227282E-04
  -8.670000      1.6743920E-04
  -8.660000      1.2127980E-04
  -8.650000      7.8240490E-05
  -8.640000      4.2464042E-05
  -8.630000      1.7285354E-05
  -8.620000      4.9464461E-06
  -8.610000      6.2977974E-06
  -8.600000      2.0714680E-05
  -8.590000      4.6097837E-05
  -8.580000      7.9057703E-05
  -8.570000      1.1523615E-04
  -8.560000      1.4976630E-04
  -8.550000      1.7778220E-04
  -8.540000      1.9506100E-04
  -8.530000      1.9864940E-04
  -8.520000      1.8740188E-04
  -8.510000      1.6251195E-04
  -8.500000      1.2789186E-04
  -8.490000      9.0345413E-05
  -8.480000      5.9535552E-05
  -8.470000      4.7779009E-05
  -8.460000      6.9568297E-05
  -8.450000      1.4083841E-04
  -8.440000      2.7814263E-04
  -8.430000      4.9751997E-04
  -8.420000      8.1358256E-04
  -8.410000      1.2381732E-03
  -8.400000      1.7795250E-03
  -8.390000      2.4409168E-03
  -8.380000      3.2208369E-03
  -8.370000      4.1113431E-03
  -8.360000      5.0983196E-03
  -8.350000      6.1623058E-03
  -8.340000      7.2784037E-03
  -8.330000      8.4162159E-03
  -8.320000      9.5430715E-03
  -8.310000      1.0622417E-02
  -8.300000      1.1618307E-02
  -8.290000      1.2494857E-02
  -8.280000      1.3219420E-02
  -8.270000      1.3763379E-02
  -8.260000      1.4104025E-02
  -8.250000      1.4225321E-02
  -8.240000      1.4120011E-02
  -8.230000      1.3788789E-02
  -8.220000      1.3241740E-02
  -8.210000      1.2496747E-02
  -8.200000      1.1580165E-02
  -8.190000      1.0523593E-02
  -8.180000      9.3645463E-03
  -8.170000      8.1435321E-03
  -8.160000      6.9022989E-03
  -8.150000      5.6817783E-03
  -8.140000      4.5207697E-03
  -8.130000      3.4531686E-03
  -8.120000      2.5078219E-03
  -8.110000      1.7058293E-03
  -8.100000      1.0615820E-03
  -8.090000      5.8084860E-04
  -8.080000      2.6201527E-04
  -8.070000      9.5730080E-05
  -8.060000      6.6294495E-05
  -8.050000      1.5262391E-04
  -8.040000      3.2963685E-04
  -8.030000      5.7010818E-04
  -8.020000      8.4590109E-04
  -8.010000      1.1298383E-03
  -8.000000      1.3971771E-03
  -7.990000      1.6269661E-03
  -7.980000      1.8027017E-03
  -7.970000      1.9133062E-03
  -7.960000      1.9532209E-03
  -7.950000      1.9224676E-03
  -7.940000      1.8259689E-03
  -7.930000      1.6731471E-03
  -7.920000      1.4765054E-03
  -7.910000      1.2509609E-03
  -7.900000      1.0121498E-03
  -7.890000      7.7568006E-04
  -7.880000      5.5580924E-04
  -7.870000      3.6458965E-04
  -7.860000      2.1088617E-04
  -7.850000      1.0033277E-04
  -7.840000      3.4898119E-05
  -7.830000      1.2967801E-05
  -7.820000      2.9814373E-05
  -7.810000      7.8060657E-05
  -7.800000      1.4854402E-04
  -7.790000      2.3105326E-04
  -7.780000      3.1538226E-04
  -7.770000      3.9205962E-04
  -7.760000      4.5321265E-04
  -7.750000      4.9307582E-04
  -7.740000      5.0842320E-04
  -7.730000      4.9866724E-04
  -7.720000      4.6576938E-04
  -7.710000      4.1386974E-04
  -7.700000      3.4876019E-04
  -7.690000      2.7723724E-04
  -7.680000      2.0625752E-04
  -7.670000      1.4228898E-04
  -7.660000      9.0521105E-05
  -7.650000      5.4368564E-05
  -7.640000      3.5070094E-05
  -7.630000      3.1613010E-05
  -7.620000      4.0859559E-05
  -7.610000      5.8027610E-05
  -7.600000      7.7364020E-05
  -7.590000      9.3104238E-05
  -7.580000      1.0053613E-04
  -7.570000      9.7185970E-05
  -7.560000      8.3950152E-05
  -7.550000      6.6077395E-05
  -7.540000      5.4008779E-05
  -7.530000      6.3770334E-05
  -7.520000      1.1703958E-04
  -7.510000      2.4080869E-04
  -7.500000      4.6635044E-04
  -7.490000      8.2818343E-04
  -7.480000      1.3617993E-03
  -7.470000      2.1022474E-03
  -7.460000      3.0810672E-03
  -7.450000      4.3247649E-03
  -7.440000      5.8509945E-03
  -7.430000      7.6678339E-03
  -7.420000      9.7701661E-03
  -7.410000      1.2140845E-02
  -7.400000      1.4746582E-02
  -7.390000      1.7539473E-02
  -7.380000      2.0458909E-02
  -7.370000      2.3430884E-02
  -7.360000      2.6371237E-02
  -7.350000      2.9191352E-02
  -7.340000      3.1795796E-02
  -7.330000      3.4093793E-02
  -7.320000      3.5996471E-02
  -7.310000      3.7427898E-02
  -7.300000      3.8324740E-02
  -7.290000      3.8641006E-02
  -7.280000      3.8352568E-02
  -7.270000      3.7455536E-02
  -7.260000      3.5969656E-02
  -7.250000      3.3938210E-02
  -7.240000      3.1423926E-02
  -7.230000      2.8512683E-02
  -7.220000      2.5300365E-02
  -7.210000      2.1898728E-02
  -7.200000      1.8424051E-02
  -7.190000      1.4994449E-02
  -7.180000      1.1725983E-02
  -7.170000      8.7259561E-03
  -7.160000      6.0853921E-03
  -7.150000      3.8798428E-03
  -7.140000      2.1614502E-03
  -7.130000      9.6006686E-04
  -7.120000      2.7922896E-04
  -7.110000      9.8319462E-05
  -7.100000      3.7280729E-04
  -7.090000      1.0379909E-03
  -7.080000      2.0119373E-03
  -7.070000      3.2006877E-03
  -7.060000      4.5045828E-03
  -7.050000      5.8220439E-03
  -7.040000      7.0560491E-03
  -7.030000      8.1198625E-03
  -7.020000      8.9417044E-03
  -7.010000      9.4669880E-03
  -7.000000      9.6634431E-03
  -6.990000      9.5203957E-03
  -6.980000      9.0501858E-03
  -6.970000      8.2870591E-03
  -6.960000      7.2842669E-03
  -6.950000      6.1110198E-03
  -6.940000      4.8487978E-03
  -6.930000      3.5846401E-03
  -6.920000      2.4071040E-03
  -6.910000      1.3999509E-03
  -6.900000      6.3737744E-04
  -6.890000      1.7791422E-04
  -6.880000      6.2158761E-05
  -6.870000      3.0892738E-04
  -6.860000      9.1384980E-04
  -6.850000      1.8501695E-03
  -6.840000      3.0682923E-03
  -6.830000      4.5008319E-03
  -6.820000      6.0639796E-03
  -6.810000      7.6652998E-03
  -6.800000      9.2059551E-03
  -6.790000      1.0589793E-02
  -6.780000      1.1726392E-02
  -6.770000      1.2539530E-02
  -6.760000      1.2970500E-02
  -6.750000      1.2982619E-02
  -6.740000      1.2565332E-02
  -6.730000      1.1735041E-02
  -6.720000      1.0536355E-02
  -6.710000      9.0403566E-03
  -6.700000      7.3431302E-03
  -6.690000      5.5606645E-03
  -6.680000      3.8250422E-03
  -6.670000      2.2763107E-03
  -6.660000      1.0578885E-03
  -6.650000      3.0780892E-04
  -6.640000      1.5280821E-04
  -6.630000      7.0075499E-04
  -6.620000      2.0368758E-03
  -6.610000      4.2155669E-03
  -6.600000      7.2628218E-03
  -6.590000      1.1167102E-02
  -6.580000      1.5887663E-02
  -6.570000      2.1349356E-02
  -6.560000      2.7444853E-02
  -6.550000      3.4039896E-02
  -6.540000      4.0984169E-02
  -6.530000      4.8105456E-02
  -6.520000      5.5225395E-02
  -6.510000      6.2157609E-02
  -6.500000      6.8725027E-02
  -6.490000      7.4753642E-02
  -6.480000      8.0092564E-02
  -6.470000      8.4608130E-02
  -6.460000      8.8194430E-02
  -6.450000      9.0775713E-02
  -6.440000      9.2303954E-02
  -6.430000      9.2765249E-02
  -6.420000      9.2178039E-02
  -6.410000      9.0588123E-02
  -6.400000      8.8068910E-02
  -6.390000      8.4715530E-02
  -6.380000      8.0634214E-02
  -6.370000      7.5951226E-02
  -6.360000      7.0796207E-02
  -6.350000      6.5303132E-02
  -6.340000      5.9601989E-02
  -6.330000      5.3817801E-02
  -6.320000      4.8065204E-02
  -6.310000      4.2446483E-02
  -6.300000      3.7053064E-02
  -6.290000      3.1956095E-02
  -6.280000      2.7216392E-02
  -6.270000      2.2873884E-02
  -6.260000      1.8958112E-02
  -6.250000      1.5478267E-02
  -6.240000      1.2435992E-02
  -6.230000      9.8198224E-03
  -6.220000      7.6086330E-03
  -6.210000      5.7749688E-03
  -6.200000      4.2854194E-03
  -6.190000      3.1027058E-03
  -6.180000      2.1891510E-03
  -6.170000      1.5056786E-03
  -6.160000      1.0151376E-03
  -6.150000      6.8211847E-04
  -6.140000      4.7438915E-04
  -6.130000      3.6298434E-04
  -6.120000      3.2257449E-04
  -6.110000      3.3150055E-04
  -6.100000      3.7173502E-04
  -6.090000      4.2863560E-04
  -6.080000      4.9063435E-04
  -6.070000      5.4893037E-04
  -6.060000      5.9727667E-04
  -6.050000      6.3151499E-04
  -6.040000      6.4930535E-04
  -6.030000      6.4988632E-04
  -6.020000      6.3372671E-04
  -6.010000      6.0239615E-04
  -6.000000      5.5821257E-04
  -5.990000      5.0407788E-04
  -5.980000      4.4324750E-04
  -5.970000      3.7914197E-04
  -5.960000      3.1510962E-04
  -5.950000      2.5430921E-04
  -5.940000      1.9949174E-04
  -5.930000      1.5291592E-04
  -5.920000      1.1616101E-04
  -5.910000      9.0158326E-05
  -5.900000      7.5079966E-05
  -5.890000      7.0407405E-05
  -5.880000      7.4962758E-05
  -5.870000      8.7003442E-05
  -5.860000      1.0437271E-04
  -5.850000      1.2464583E-04
  -5.840000      1.4533894E-04
  -5.830000      1.6407274E-04
  -5.820000      1.7877502E-04
  -5.810000      1.8782391E-04
  -5.800000      1.9019235E-04
  -5.790000      1.8550601E-04
  -5.780000      1.7410184E-04
  -5.770000      1.5697184E-04
  -5.760000      1.3568277E-04
  -5.750000      1.1226395E-04
  -5.740000      8.9003013E-05
  -5.730000      6.8302732E-05
  -5.720000      5.2436211E-05
  -5.710000      4.3380755E-05
  -5.700000      4.2617758E-05
  -5.690000      5.1032737E-05
  -5.680000      6.8799491E-05
  -5.670000      9.5366173E-05
  -5.660000      1.2945662E-04
  -5.650000      1.6919285E-04
  -5.640000      2.1216103E-04
  -5.630000      2.5567124E-04
  -5.620000      2.9686160E-04
  -5.610000      3.3303202E-04
  -5.600000      3.6178093E-04
  -5.590000      3.8122651E-04
  -5.580000      3.9014826E-04
  -5.570000      3.8813826E-04
  -5.560000      3.7560557E-04
  -5.550000      3.5375627E-04
  -5.540000      3.2454569E-04
  -5.530000      2.9047613E-04
  -5.520000      2.5446070E-04
  -5.510000      2.1953021E-04
  -5.500000      1.8864997E-04
  -5.490000      1.6444772E-04
  -5.480000      1.4903389E-04
  -5.470000      1.4380534E-04
  -5.460000      1.4933757E-04
  -5.450000      1.6533858E-04
  -5.440000      1.9065621E-04
  -5.430000      2.2334175E-04
  -5.420000      2.6083496E-04
  -5.410000      3.0015191E-04
  -5.400000      3.3806294E-04
  -5.390000      3.7142602E-04
  -5.380000      3.9737931E-04
  -5.370000      4.1361008E-04
  -5.360000      4.1855985E-04
  -5.350000      4.1153954E-04
  -5.340000      3.9278387E-04
  -5.330000      3.6347631E-04
  -5.320000      3.2562774E-04
  -5.310000      2.8195480E-04
  -5.300000      2.3561806E-04
  -5.290000      1.9001853E-04
  -5.280000      1.4846498E-04
  -5.270000      1.1398314E-04
  -5.260000      8.8983536E-05
  -5.250000      7.5143224E-05
  -5.240000      7.3260519E-05
  -5.230000      8.3132334E-05
  -5.220000      1.0362700E-04
  -5.210000      1.3272969E-04
  -5.200000      1.6775390E-04
  -5.190000      2.0549430E-04
  -5.180000      2.4255949E-04
  -5.170000      2.7558554E-04
  -5.160000      3.0159348E-04
  -5.150000      3.1818589E-04
  -5.140000      3.2379307E-04
  -5.130000      3.1781528E-04
  -5.120000      3.0067167E-04
  -5.110000      2.7377784E-04
  -5.100000      2.3944484E-04
  -5.090000      2.0064303E-04
  -5.080000      1.6078322E-04
  -5.070000      1.2344330E-04
  -5.060000      9.2004389E-05
  -5.050000      6.9403359E-05
  -5.040000      5.7845293E-05
  -5.030000      5.8632613E-05
  -5.020000      7.2007941E-05
  -5.010000      9.7160024E-05
  -5.000000      1.3223301E-04
  -4.990000      1.7453021E-04
  -4.980000      2.2066821E-04
  -4.970000      2.6692796E-04
  -4.960000      3.0952159E-04
  -4.950000      3.4500254E-04
  -4.940000      3.7048722E-04
  -4.930000      3.8400246E-04
  -4.920000      3.8461512E-04
  -4.910000      3.7253447E-04
  -4.900000      3.4910429E-04
  -4.890000      3.1664356E-04
  -4.880000      2.7821408E-04
  -4.870000      2.3726553E-04
  -4.860000      1.9731944E-04
  -4.850000      1.6150498E-04
  -4.840000      1.3228670E-04
  -4.830000      1.1112213E-04
  -4.820000      9.8313969E-05
  -4.810000      9.2979157E-05
  -4.800000      9.3196744E-05
  -4.790000      9.6317250E-05
  -4.780000      9.9453908E-05
  -4.770000      1.0012767E-04
  -4.760000      9.7029988E-05
  -4.750000      9.0836205E-05
  -4.740000      8.5055275E-05
  -4.730000      8.6746055E-05
  -4.720000      1.0710250E-04
  -4.710000      1.6184059E-04
  -4.700000      2.7115387E-04
  -4.690000      4.5941546E-04
  -4.680000      7.5459405E-04
  -4.670000      1.1867414E-03
  -4.660000      1.7871610E-03
  -4.650000      2.5857338E-03
  -4.640000      3.6105851E-03
  -4.630000      4.8840982E-03
  -4.620000      6.4215669E-03
  -4.610000      8.2291784E-03
  -4.600000      1.0304082E-02
  -4.590000      1.2628830E-02
  -4.580000      1.5175574E-02
  -4.570000      1.7899955E-02
  -4.560000      2.0747336E-02
  -4.550000      2.3648743E-02
  -4.540000      2.6527384E-02
  -4.530000      2.9297177E-02
  -4.520000      3.1869981E-02
  -4.510000      3.4155156E-02
  -4.500000      3.6067627E-02
  -4.490000      3.7530538E-02
  -4.480000      3.8480688E-02
  -4.470000      3.8870238E-02
  -4.460000      3.8671933E-02
  -4.450000      3.7878901E-02
  -4.440000      3.6506664E-02
  -4.430000      3.4594025E-02
  -4.420000      3.2200187E-02
  -4.410000      2.9402390E-02
  -4.400000      2.6293833E-02
  -4.390000      2.2978073E-02
  -4.380000      1.9565817E-02
  -4.370000      1.6168917E-02
  -4.360000      1.2898299E-02
  -4.350000      9.8544937E-03
  -4.340000      7.1281348E-03
  -4.330000      4.7913902E-03
  -4.320000      2.8995229E-03
  -4.310000      1.4833597E-03
  -4.300000      5.5294990E-04
  -4.290000      9.3819690E-05
  -4.280000      7.0556416E-05
  -4.270000      4.2827055E-04
  -4.260000      1.0960423E-03
  -4.250000      1.9922424E-03
  -4.240000      3.0280629E-03
  -4.230000      4.1147741E-03
  -4.220000      5.1667490E-03
  -4.210000      6.1080195E-03
  -4.200000      6.8745278E-03
  -4.190000      7.4190726E-03
  -4.180000      7.7112629E-03
  -4.170000      7.7395653E-03
  -4.160000      7.5103203E-03
  -4.150000      7.0459615E-03
  -4.140000      6.3837911E-03
  -4.130000      5.5724354E-03
  -4.120000      4.6666726E-03
  -4.110000      3.7254600E-03
  -4.100000      2.8067613E-03
  -4.090000      1.9634340E-03
  -4.080000      1.2404282E-03
  -4.070000      6.7127333E-04
  -4.060000      2.7633898E-04
  -4.050000      6.2165309E-05
  -4.040000      2.1395821E-05
  -4.030000      1.3424028E-04
  -4.020000      3.7101278E-04
  -4.010000      6.9448905E-04
  -4.000000      1.0639544E-03
  -3.990000      1.4383034E-03
  -3.980000      1.7799144E-03
  -3.970000      2.0567554E-03
  -3.960000      2.2457328E-03
  -3.950000      2.3332159E-03
  -3.940000      2.3158737E-03
  -3.930000      2.2003998E-03
  -3.920000      2.0018925E-03
  -3.910000      1.7422428E-03
  -3.900000      1.4470994E-03
  -3.890000      1.1431794E-03
  -3.880000      8.5505290E-04
  -3.870000      6.0276216E-04
  -3.860000      3.9950421E-04
  -3.850000      2.5060921E-04
  -3.840000      1.5356112E-04
  -3.830000      9.9275596E-05
  -3.820000      7.4732568E-05
  -3.810000      6.6801993E-05
  -3.800000      6.6955654E-05
  -3.790000      7.6609744E-05
  -3.780000      1.1267267E-04
  -3.770000      2.1285101E-04
  -3.760000      4.3978042E-04
  -3.750000      8.8468404E-04
  -3.740000      1.6683491E-03
  -3.730000      2.9411670E-03
  -3.720000      4.8788353E-03
  -3.710000      7.6783374E-03
  -3.700000      1.1546806E-02
  -3.690000      1.6694676E-02
  -3.680000      2.3315221E-02
  -3.670000      3.1581711E-02
  -3.660000      4.1618682E-02
  -3.650000      5.3492472E-02
  -3.640000      6.7199476E-02
  -3.630000      8.2662746E-02
  -3.620000      9.9700063E-02
  -3.610000      0.1180595    
  -3.600000      0.1373805    
  -3.590000      0.1572409    
  -3.580000      0.1771340    
  -3.570000      0.1965139    
  -3.560000      0.2147892    
  -3.550000      0.2313688    
  -3.540000      0.2456645    
  -3.530000      0.2571287    
  -3.520000      0.2652700    
  -3.510000      0.2696819    
  -3.500000      0.2700595    
  -3.490000      0.2662462    
  -3.480000      0.2582237    
  -3.470000      0.2461261    
  -3.460000      0.2302668    
  -3.450000      0.2111079    
  -3.440000      0.1892704    
  -3.430000      0.1655112    
  -3.420000      0.1406641    
  -3.410000      0.1156371    
  -3.400000      9.1332830E-02
  -3.390000      6.8635367E-02
  -3.380000      4.8332375E-02
  -3.370000      3.1111125E-02
  -3.360000      1.7488215E-02
  -3.350000      7.8180199E-03
  -3.340000      2.2497473E-03
  -3.330000      7.4123719E-04
  -3.320000      3.0558563E-03
  -3.310000      8.7731974E-03
  -3.300000      1.7310767E-02
  -3.290000      2.7950672E-02
  -3.280000      3.9887577E-02
  -3.270000      5.2246243E-02
  -3.260000      6.4155936E-02
  -3.250000      7.4778438E-02
  -3.240000      8.3376147E-02
  -3.230000      8.9346506E-02
  -3.220000      9.2269361E-02
  -3.210000      9.1927469E-02
  -3.200000      8.8340066E-02
  -3.190000      8.1743293E-02
  -3.180000      7.2587296E-02
  -3.170000      6.1504740E-02
  -3.160000      4.9276017E-02
  -3.150000      3.6767878E-02
  -3.140000      2.4894491E-02
  -3.130000      1.4557366E-02
  -3.120000      6.5856823E-03
  -3.110000      1.6985183E-03
  -3.100000      4.3872566E-04
  -3.090000      3.1493981E-03
  -3.080000      9.9335993E-03
  -3.070000      2.0642517E-02
  -3.060000      3.4856401E-02
  -3.050000      5.1913064E-02
  -3.040000      7.0912302E-02
  -3.030000      9.0788551E-02
  -3.020000      0.1103442    
  -3.010000      0.1283509    
  -3.000000      0.1436030    
  -2.990000      0.1550392    
  -2.980000      0.1617697    
  -2.970000      0.1631933    
  -2.960000      0.1590255    
  -2.950000      0.1493342    
  -2.940000      0.1345813    
  -2.930000      0.1155907    
  -2.920000      9.3575612E-02
  -2.910000      7.0082687E-02
  -2.900000      4.6971235E-02
  -2.890000      2.6334634E-02
  -2.880000      1.0447104E-02
  -2.870000      1.6609798E-03
  -2.860000      2.3064623E-03
  -2.850000      1.4563656E-02
  -2.840000      4.0358946E-02
  -2.830000      8.1235349E-02
  -2.820000      0.1382415    
  -2.810000      0.2118163    
  -2.800000      0.3018284    
  -2.790000      0.4074782    
  -2.780000      0.5273694    
  -2.770000      0.6595098    
  -2.760000      0.8015065    
  -2.750000      0.9504408    
  -2.740000       1.103230    
  -2.730000       1.256466    
  -2.720000       1.406690    
  -2.710000       1.550272    
  -2.700000       1.683724    
  -2.690000       1.803524    
  -2.680000       1.906398    
  -2.670000       1.989374    
  -2.660000       2.050037    
  -2.650000       2.086404    
  -2.640000       2.097147    
  -2.630000       2.081891    
  -2.620000       2.041177    
  -2.610000       1.976431    
  -2.600000       1.889938    
  -2.590000       1.784692    
  -2.580000       1.664119    
  -2.570000       1.531910    
  -2.560000       1.391791    
  -2.550000       1.247447    
  -2.540000       1.102305    
  -2.530000      0.9593982    
  -2.520000      0.8215252    
  -2.510000      0.6909316    
  -2.500000      0.5695195    
  -2.490000      0.4588855    
  -2.480000      0.3601686    
  -2.470000      0.2740560    
  -2.460000      0.2008688    
  -2.450000      0.1405364    
  -2.440000      9.2593238E-02
  -2.430000      5.6204773E-02
  -2.420000      3.0253444E-02
  -2.410000      1.3381251E-02
  -2.400000      4.0978114E-03
  -2.390000      8.5211825E-04
  -2.380000      2.1290772E-03
  -2.370000      6.5122899E-03
  -2.360000      1.2735600E-02
  -2.350000      1.9726342E-02
  -2.340000      2.6606457E-02
  -2.330000      3.2702271E-02
  -2.320000      3.7535820E-02
  -2.310000      4.0815495E-02
  -2.300000      4.2404275E-02
  -2.290000      4.2315174E-02
  -2.280000      4.0678259E-02
  -2.270000      3.7723955E-02
  -2.260000      3.3757932E-02
  -2.250000      2.9126538E-02
  -2.240000      2.4181431E-02
  -2.230000      1.9249126E-02
  -2.220000      1.4608998E-02
  -2.210000      1.0472355E-02
  -2.200000      6.9808401E-03
  -2.190000      4.2246603E-03
  -2.180000      2.2244246E-03
  -2.170000      9.3997357E-04
  -2.160000      2.9160475E-04
  -2.150000      1.7246389E-04
  -2.140000      4.5763640E-04
  -2.130000      1.0130906E-03
  -2.120000      1.7050226E-03
  -2.110000      2.4170859E-03
  -2.100000      3.0605965E-03
  -2.090000      3.5528555E-03
  -2.080000      3.8477818E-03
  -2.070000      3.9315713E-03
  -2.060000      3.7859874E-03
  -2.050000      3.4255947E-03
  -2.040000      2.9305485E-03
  -2.030000      2.4072719E-03
  -2.020000      1.9163889E-03
  -2.010000      1.4669289E-03
  -2.000000      1.0643270E-03
  -1.990000      7.1632280E-04
  -1.980000      4.3935876E-04
  -1.970000      2.6092044E-04
  -1.960000      1.8374948E-04
  -1.950000      1.8136845E-04
  -1.940000      2.2395687E-04
  -1.930000      2.7853469E-04
  -1.920000      3.0888760E-04
  -1.910000      3.0519013E-04
  -1.900000      2.7869141E-04
  -1.890000      2.6465175E-04
  -1.880000      3.3046180E-04
  -1.870000      5.3083187E-04
  -1.860000      8.4863696E-04
  -1.850000      1.2413133E-03
  -1.840000      2.0548161E-03
  -1.830000      3.6382396E-03
  -1.820000      5.2546412E-03
  -1.810000      9.8400936E-03
  -1.800000      1.9589482E-02
  -1.790000      2.5778253E-02
  -1.780000      2.6021449E-02
  -1.770000      2.0546624E-02
  -1.760000      1.4979099E-02
  -1.750000      1.5676619E-02
  -1.740000      2.4423080E-02
  -1.730000      3.7132446E-02
  -1.720000      4.5432903E-02
  -1.710000      5.9592329E-02
  -1.700000      7.7694014E-02
  -1.690000      7.6871611E-02
  -1.680000      4.7210000E-02
  -1.670000      2.6223501E-02
  -1.660000      2.3063535E-02
  -1.650000      2.4883345E-02
  -1.640000      2.4143007E-02
  -1.630000      1.7144084E-02
  -1.620000      1.4026119E-02
  -1.610000      1.6985228E-02
  -1.600000      2.6471930E-02
  -1.590000      3.3763520E-02
  -1.580000      4.6784926E-02
  -1.570000      8.6333163E-02
  -1.560000      9.2774399E-02
  -1.550000      4.0012386E-02
  -1.540000      1.4443291E-02
  -1.530000      7.8947451E-03
  -1.520000      3.9560520E-03
  -1.510000      1.1800617E-03
  -1.500000      6.7607878E-04
  -1.490000      8.1862754E-04
  -1.480000      1.0801516E-03
  -1.470000      1.1642828E-03
  -1.460000      9.7001373E-04
  -1.450000      8.5745566E-04
  -1.440000      1.0207399E-03
  -1.430000      1.3195312E-03
  -1.420000      1.0383560E-03
  -1.410000      8.1382768E-04
  -1.400000      9.8055461E-04
  -1.390000      1.5894937E-03
  -1.380000      1.8658406E-03
  -1.370000      1.2745132E-03
  -1.360000      1.3162459E-03
  -1.350000      2.5394598E-03
  -1.340000      6.5703881E-03
  -1.330000      9.8880678E-03
  -1.320000      6.4356341E-03
  -1.310000      3.2617250E-03
  -1.300000      2.3251094E-03
  -1.290000      1.6859769E-03
  -1.280000      7.3491439E-04
  -1.270000      2.2126384E-04
  -1.260000      1.2021982E-04
  -1.250000      9.0052657E-05
  -1.240000      6.9017551E-05
  -1.230000      4.9295664E-05
  -1.220000      3.7394635E-05
  -1.210000      3.7210353E-05
  -1.200000      4.3361601E-05
  -1.190000      5.3982683E-05
  -1.180000      6.9197056E-05
  -1.170000      8.9793997E-05
  -1.160000      1.1578653E-04
  -1.150000      1.2532252E-04
  -1.140000      1.5020742E-04
  -1.130000      1.0381818E-04
  -1.120000     -2.4642082E-04
  -1.110000      2.2343364E-04
  -1.100000      1.8081905E-02
  -1.090000      6.4811721E-02
  -1.080000      4.8391942E-02
  -1.070000      3.3735022E-02
  -1.060000      1.5025686E-02
  -1.050000      1.6928260E-03
  -1.040000      1.7129081E-04
  -1.030000      1.6033380E-04
  -1.020000      1.2079601E-03
  -1.010000      2.7587048E-03
  -1.000000      4.0813247E-03
 -0.9900000      2.0039706E-03
 -0.9800000      7.5697765E-04
 -0.9700000      7.4267556E-04
 -0.9600000      1.5117757E-03
 -0.9500000      1.4368338E-03
 -0.9400000      2.9468074E-04
 -0.9300000      3.2396114E-05
 -0.9200000      3.2953125E-05
 -0.9100000      8.9186331E-05
 -0.9000000      9.5505828E-05
 -0.8900000      5.9205591E-05
 -0.8800000      4.4013062E-04
 -0.8700000      7.0798787E-04
 -0.8600000      1.6900465E-04
 -0.8500000      1.0820589E-04
 -0.8400000      1.2777210E-04
 -0.8300000      1.4382383E-04
 -0.8200000      1.7325557E-04
 -0.8100000      1.9350972E-04
 -0.8000000      2.4853763E-04
 -0.7900000      4.2481028E-04
 -0.7800000      8.1721612E-04
 -0.7700000      1.0620961E-03
 -0.7600000      9.1441884E-04
 -0.7500000      6.5977086E-04
 -0.7400000      5.9779326E-04
 -0.7300000      1.1301416E-03
 -0.7200000      1.7539976E-03
 -0.7100000      6.5952714E-04
 -0.7000000      4.4945593E-04
 -0.6900000      3.4912329E-04
 -0.6800000      3.4378332E-04
 -0.6700000      4.2819610E-04
 -0.6600000      3.0450799E-04
 -0.6500000      2.5573163E-04
 -0.6400000      2.5825336E-04
 -0.6300000      2.1104078E-04
 -0.6200000      1.9961703E-04
 -0.6100000      2.5113311E-04
 -0.6000000      1.4457840E-04
 -0.5900000      1.5667846E-04
 -0.5800000      2.8070563E-03
 -0.5700000      3.9039126E-03
 -0.5600000      4.6472749E-04
 -0.5500000     -5.5984416E-05
 -0.5400000      4.7435340E-05
 -0.5300000      2.2480516E-04
 -0.5200000      6.5032735E-05
 -0.5100000      9.2177760E-07
 -0.5000000      9.0044487E-05
 -0.4900000      7.2216947E-04
 -0.4800000      6.2446238E-04
 -0.4700000      1.1982429E-04
 -0.4600000      5.4609591E-05
 -0.4500000      6.9632442E-05
 -0.4400000      1.9243939E-04
 -0.4300000      5.0569623E-04
 -0.4200000      6.6288968E-04
 -0.4100000      3.0178484E-04
 -0.4000000      7.6143799E-05
 -0.3900000      4.9229729E-05
 -0.3800000      4.0185965E-05
 -0.3700000      1.7537373E-05
 -0.3600000      4.0128278E-05
 -0.3500000      9.5563615E-04
 -0.3400000      3.0070718E-03
 -0.3300000      9.1493380E-04
 -0.3200000      7.4212803E-06
 -0.3100000     -1.7888930E-05
 -0.3000000      2.3365496E-06
 -0.2900000      7.8639077E-06
 -0.2800000      9.0608464E-06
 -0.2700000      1.2232003E-05
 -0.2600000      1.4632739E-05
 -0.2500000      1.6861666E-05
 -0.2400000      1.8864395E-05
 -0.2300000      2.0487660E-05
 -0.2200000      2.1319715E-05
 -0.2100000      2.1234338E-05
 -0.2000000      2.0427395E-05
 -0.1900000      1.8711080E-05
 -0.1800000      1.6365764E-05
 -0.1700000      1.3894622E-05
 -0.1600000      1.1472514E-05
 -0.1500000      9.2742821E-06
 -0.1400000      7.4535446E-06
 -0.1300000      5.9903359E-06
 -0.1200000      4.8531178E-06
 -0.1100000      4.0726995E-06
 -0.1000000      3.6291992E-06
 -9.0000004E-02  3.5131811E-06
 -7.9999998E-02  3.7177679E-06
 -7.0000000E-02  4.0876098E-06
 -5.9999999E-02  4.7350177E-06
 -5.0000001E-02  5.2816085E-06
 -3.9999999E-02  5.3299445E-06
 -2.9999999E-02  1.0667757E-05
 -2.0000000E-02  8.2312850E-05
 -9.9999998E-03  1.6451822E-04
  0.0000000E+00  3.7136178E-05
  9.9999998E-03  4.1822641E-06
  2.0000000E-02  7.6743881E-06
  2.9999999E-02  1.3304762E-05
  3.9999999E-02  1.9495552E-05
  5.0000001E-02  2.9218643E-05
  5.9999999E-02  6.2021936E-05
  7.0000000E-02  2.1544816E-04
  7.9999998E-02  2.9933036E-04
  9.0000004E-02  2.4175382E-04
  0.1000000      1.6647197E-04
  0.1100000      1.7304045E-04
  0.1200000      1.9757896E-04
  0.1300000      4.3157354E-04
  0.1400000      2.3745033E-03
  0.1500000      3.6120228E-03
  0.1600000      8.9712715E-04
  0.1700000      4.2483117E-04
  0.1800000      6.6895765E-04
  0.1900000      3.6602118E-03
  0.2000000      5.8014416E-03
  0.2100000      1.4187418E-03
  0.2200000     -1.3915567E-04
  0.2300000      1.4429881E-03
  0.2400000      3.6776774E-02
  0.2500000      6.2197905E-02
  0.2600000      7.5299977E-03
  0.2700000     -9.0341964E-05
  0.2800000      1.7252316E-03
  0.2900000      2.5643031E-03
  0.3000000      1.2228289E-03
  0.3100000      7.7046128E-04
  0.3200000      1.4817236E-03
  0.3300000      1.3857813E-03
  0.3400000      6.4413738E-04
  0.3500000      6.2813429E-04
  0.3600000      2.3820132E-03
  0.3700000      1.3530873E-03
  0.3800000      1.5973007E-04
  0.3900000      6.7215391E-05
  0.4000000      6.4861873E-05
  0.4100000      3.1758656E-05
  0.4200000      2.8294904E-04
  0.4300000      4.7592650E-04
  0.4400000      1.1159871E-04
  0.4500000      2.5328845E-04
  0.4600000      2.9240950E-04
  0.4700000      2.5195073E-04
  0.4800000      4.3413663E-04
  0.4900000      4.2517242E-04
  0.5000000      4.3926897E-04
  0.5100000      5.0791033E-04
  0.5200000      4.3549688E-04
  0.5300000      5.5056182E-04
  0.5400000      4.6798799E-04
  0.5500000      6.6406600E-04
  0.5600000      1.7502329E-03
  0.5700000      5.9814204E-04
  0.5800000      1.5574369E-04
  0.5900000      1.3589607E-04
  0.6000000      8.1899350E-05
  0.6100000      7.6267352E-05
  0.6200000      6.3989667E-04
  0.6300000      1.2711814E-03
  0.6400000      2.8088418E-04
  0.6500000      5.4562901E-05
  0.6600000      1.2528841E-04
  0.6700000      2.9148193E-04
  0.6800000      1.6780643E-04
  0.6900000      1.0996321E-04
  0.7000000      8.0593498E-05
  0.7100000      9.3058828E-05
  0.7200000      1.3393906E-04
  0.7300000      4.9128500E-04
  0.7400000      1.5659152E-03
  0.7500000      2.0387883E-03
  0.7600000      1.9740944E-03
  0.7700000      9.2435931E-04
  0.7800000      6.2193954E-04
  0.7900000      4.9779954E-04
  0.8000000      3.9313472E-04
  0.8100000      2.9461650E-04
  0.8200000      2.1891009E-04
  0.8300000      1.9517243E-04
  0.8400000      7.0525275E-04
  0.8500000      2.7012627E-03
  0.8600000      7.5511364E-03
  0.8700000      2.5907813E-03
  0.8800000      7.9827721E-04
  0.8900000      5.4330513E-04
  0.9000000      8.2198455E-04
  0.9100000      1.1676443E-03
  0.9200000      9.7941980E-04
  0.9300000      8.0877019E-04
  0.9400000      1.2578545E-03
  0.9500000      3.3508858E-03
  0.9600000      7.8564296E-03
  0.9700000      3.0073503E-02
  0.9800000      2.2226248E-02
  0.9900000      1.0077985E-02
   1.000000      6.6726357E-03
   1.010000      6.7167450E-03
   1.020000      4.9253521E-03
   1.030000      6.6908062E-03
   1.040000      2.2469131E-02
   1.050000      2.6309116E-02
   1.060000      2.7044322E-02
   1.070000      3.3341520E-02
   1.080000      2.6312388E-02
   1.090000      3.4582142E-02
   1.100000      1.0204628E-02
   1.110000      1.3620299E-02
   1.120000      2.7716056E-02
   1.130000      0.2984345    
   1.140000      0.4204499    
   1.150000      0.1022499    
   1.160000      0.2137879    
   1.170000      0.5184899    
   1.180000      0.1690959    
   1.190000      8.1488080E-03
   1.200000      3.0607888E-03
   1.210000      8.1814723E-03
   1.220000      8.2575306E-03
   1.230000      9.5951511E-03
   1.240000      1.8656176E-02
   1.250000      1.8848566E-02
   1.260000      1.7263258E-02
   1.270000      3.5282705E-02
   1.280000      3.2601055E-02
   1.290000      5.5984993E-02
   1.300000      0.1376224    
   1.310000      0.1002102    
   1.320000      3.4192763E-02
   1.330000      1.2835257E-02
   1.340000      4.7790213E-03
   1.350000      3.6708736E-03
   1.360000      3.3985537E-03
   1.370000      2.6013884E-03
   1.380000      2.4517523E-03
   1.390000      4.2187511E-03
   1.400000      1.2818839E-02
   1.410000      2.7363207E-02
   1.420000      2.8474391E-02
   1.430000      1.5262277E-02
   1.440000      9.9880956E-03
   1.450000      7.6880371E-03
   1.460000      5.2660629E-03
   1.470000      4.9354122E-03
   1.480000      4.7327667E-03
   1.490000      5.5290232E-03
   1.500000      7.0135263E-03
   1.510000      1.4736676E-02
   1.520000      2.7207371E-02
   1.530000      2.5392536E-02
   1.540000      1.0124744E-02
   1.550000      2.7487699E-03
   1.560000      1.4098071E-03
   1.570000      8.4533897E-04
   1.580000      5.4377626E-04
   1.590000      6.2814238E-04
   1.600000      6.5680343E-04
   1.610000      6.3605118E-04
   1.620000      8.3406287E-04
   1.630000      1.0075090E-03
   1.640000      1.2002609E-03
   1.650000      1.2577531E-03
   1.660000      1.2300623E-03
   1.670000      1.8062919E-03
   1.680000      3.1093403E-03
   1.690000      3.8087501E-03
   1.700000      2.6910829E-03
   1.710000      1.4028682E-03
   1.720000      1.1408941E-03
   1.730000      1.1221617E-03
   1.740000      1.0737440E-03
   1.750000      1.6651303E-03
   1.760000      3.0039831E-03
   1.770000      3.7748469E-03
   1.780000      3.1679929E-03
   1.790000      1.8988805E-03
   1.800000      1.1641452E-03
   1.810000      1.1269172E-03
   1.820000      1.1013335E-03
   1.830000      8.7421475E-04
   1.840000      6.4124138E-04
   1.850000      3.8930887E-04
   1.860000      1.8658697E-04
   1.870000      1.0004757E-04
   1.880000      1.4521494E-04
   1.890000      3.6008676E-04
   1.900000      8.3956408E-04
   1.910000      1.6604854E-03
   1.920000      2.7605724E-03
   1.930000      3.7992438E-03
   1.940000      4.7094864E-03
   1.950000      5.8381204E-03
   1.960000      7.3584621E-03
   1.970000      9.2640473E-03
   1.980000      1.1962068E-02
   1.990000      1.5756149E-02
   2.000000      1.9592686E-02
   2.010000      2.1996461E-02
   2.020000      2.3061257E-02
   2.030000      2.4615116E-02
   2.040000      2.7317004E-02
   2.050000      3.0565878E-02
   2.060000      3.3561852E-02
   2.070000      3.5868291E-02
   2.080000      3.7440263E-02
   2.090000      3.8408548E-02
   2.100000      3.8899757E-02
   2.110000      3.8967617E-02
   2.120000      3.8602669E-02
   2.130000      3.7783030E-02
   2.140000      3.6529474E-02
   2.150000      3.4879766E-02
   2.160000      3.2830101E-02
   2.170000      3.0393295E-02
   2.180000      2.7678024E-02
   2.190000      2.4803307E-02
   2.200000      2.1852896E-02
   2.210000      1.8878367E-02
   2.220000      1.5938038E-02
   2.230000      1.3103606E-02
   2.240000      1.0460686E-02
   2.250000      8.0841063E-03
   2.260000      6.0318671E-03
   2.270000      4.3411762E-03
   2.280000      3.0319486E-03
   2.290000      2.1059676E-03
   2.300000      1.5467698E-03
   2.310000      1.3220874E-03
   2.320000      1.3870989E-03
   2.330000      1.6880024E-03
   2.340000      2.1665106E-03
   2.350000      2.7620005E-03
   2.360000      3.4146213E-03
   2.370000      4.0674298E-03
   2.380000      4.6693003E-03
   2.390000      5.1752860E-03
   2.400000      5.5499994E-03
   2.410000      5.7685305E-03
   2.420000      5.8181123E-03
   2.430000      5.6984699E-03
   2.440000      5.4214420E-03
   2.450000      5.0094314E-03
   2.460000      4.4926009E-03
   2.470000      3.9065597E-03
   2.480000      3.2886579E-03
   2.490000      2.6751428E-03
   2.500000      2.0980509E-03
   2.510000      1.5841794E-03
   2.520000      1.1536556E-03
   2.530000      8.1909716E-04
   2.540000      5.8572285E-04
   2.550000      4.5222524E-04
   2.560000      4.1087641E-04
   2.570000      4.4894050E-04
   2.580000      5.4969231E-04
   2.590000      6.9388573E-04
   2.600000      8.6130010E-04
   2.610000      1.0325079E-03
   2.620000      1.1901576E-03
   2.630000      1.3204502E-03
   2.640000      1.4138242E-03
   2.650000      1.4654598E-03
   2.660000      1.4748788E-03
   2.670000      1.4454161E-03
   2.680000      1.3832212E-03
   2.690000      1.2960993E-03
   2.700000      1.1924945E-03
   2.710000      1.0804109E-03
   2.720000      9.6666813E-04
   2.730000      8.5634080E-04
   2.740000      7.5285148E-04
   2.750000      6.5816869E-04
   2.760000      5.7366688E-04
   2.770000      5.0108659E-04
   2.780000      4.4410425E-04
   2.790000      4.0966831E-04
   2.800000      4.0973534E-04
   2.810000      4.6251083E-04
   2.820000      5.9369899E-04
   2.830000      8.3684450E-04
   2.840000      1.2335002E-03
   2.850000      1.8319630E-03
   2.860000      2.6869420E-03
   2.870000      3.8561726E-03
   2.880000      5.3985184E-03
   2.890000      7.3710233E-03
   2.900000      9.8240627E-03
   2.910000      1.2798059E-02
   2.920000      1.6320296E-02
   2.930000      2.0397495E-02
   2.940000      2.5016470E-02
   2.950000      3.0135926E-02
   2.960000      3.5690021E-02
   2.970000      4.1579597E-02
   2.980000      4.7681939E-02
   2.990000      5.3844139E-02
   3.000000      5.9898056E-02
   3.010000      6.5659694E-02
   3.020000      7.0945628E-02
   3.030000      7.5570568E-02
   3.040000      7.9369128E-02
   3.050000      8.2192428E-02
   3.060000      8.3927020E-02
   3.070000      8.4492788E-02
   3.080000      8.3849706E-02
   3.090000      8.1998400E-02
   3.100000      7.8980260E-02
   3.110000      7.4876666E-02
   3.120000      6.9805503E-02
   3.130000      6.3917391E-02
   3.140000      5.7395231E-02
   3.150000      5.0439045E-02
   3.160000      4.3263853E-02
   3.170000      3.6094081E-02
   3.180000      2.9145310E-02
   3.190000      2.2630265E-02
   3.200000      1.6735295E-02
   3.210000      1.1614049E-02
   3.220000      7.3823058E-03
   3.230000      4.1143671E-03
   3.240000      1.8352485E-03
   3.250000      5.2411313E-04
   3.260000      1.1602986E-04
   3.270000      5.0811103E-04
   3.280000      1.5663364E-03
   3.290000      3.1354730E-03
   3.300000      5.0464305E-03
   3.310000      7.1298582E-03
   3.320000      9.2201373E-03
   3.330000      1.1166438E-02
   3.340000      1.2838429E-02
   3.350000      1.4134063E-02
   3.360000      1.4979389E-02
   3.370000      1.5334934E-02
   3.380000      1.5193297E-02
   3.390000      1.4579103E-02
   3.400000      1.3546241E-02
   3.410000      1.2171269E-02
   3.420000      1.0549701E-02
   3.430000      8.7867752E-03
   3.440000      6.9909706E-03
   3.450000      5.2659372E-03
   3.460000      3.7038673E-03
   3.470000      2.3803788E-03
   3.480000      1.3498440E-03
   3.490000      6.4394850E-04
   3.500000      2.7042214E-04
   3.510000      2.1462416E-04
   3.520000      4.4264423E-04
   3.530000      9.0409449E-04
   3.540000      1.5371261E-03
   3.550000      2.2731298E-03
   3.560000      3.0421675E-03
   3.570000      3.7773219E-03
   3.580000      4.4198749E-03
   3.590000      4.9221334E-03
   3.600000      5.2509289E-03
   3.610000      5.3888145E-03
   3.620000      5.3343405E-03
   3.630000      5.1010759E-03
   3.640000      4.7153290E-03
   3.650000      4.2132749E-03
   3.660000      3.6366887E-03
   3.670000      3.0290408E-03
   3.680000      2.4317533E-03
   3.690000      1.8803420E-03
   3.700000      1.4014955E-03
   3.710000      1.0123407E-03
   3.720000      7.1909098E-04
   3.730000      5.1852985E-04
   3.740000      3.9946972E-04
   3.750000      3.4611413E-04
   3.760000      3.4145417E-04
   3.770000      3.7167792E-04
   3.780000      4.3026745E-04
   3.790000      5.2217930E-04
   3.800000      6.6696119E-04
   3.810000      9.0109557E-04
   3.820000      1.2785520E-03
   3.830000      1.8705841E-03
   3.840000      2.7622106E-03
   3.850000      4.0485072E-03
   3.860000      5.8287526E-03
   3.870000      8.1986450E-03
   3.880000      1.1243312E-02
   3.890000      1.5029250E-02
   3.900000      1.9594906E-02
   3.910000      2.4948511E-02
   3.920000      3.1055838E-02
   3.930000      3.7845556E-02
   3.940000      4.5195565E-02
   3.950000      5.2948158E-02
   3.960000      6.0900114E-02
   3.970000      6.8821646E-02
   3.980000      7.6446347E-02
   3.990000      8.3504140E-02
   4.000000      8.9715406E-02
   4.010000      9.4817840E-02
   4.020000      9.8570682E-02
   4.030000      0.1007790    
   4.040000      0.1012965    
   4.050000      0.1000471    
   4.060000      9.7029336E-02
   4.070000      9.2314735E-02
   4.080000      8.6053669E-02
   4.090000      7.8465186E-02
   4.100000      6.9831163E-02
   4.110000      6.0481321E-02
   4.120000      5.0775100E-02
   4.130000      4.1091152E-02
   4.140000      3.1799927E-02
   4.150000      2.3247313E-02
   4.160000      1.5747186E-02
   4.170000      9.5559275E-03
   4.180000      4.8618307E-03
   4.190000      1.7777807E-03
   4.200000      3.3629892E-04
   4.210000      4.8383558E-04
   4.220000      2.0883435E-03
   4.230000      4.9402229E-03
   4.240000      8.7707555E-03
   4.250000      1.3259939E-02
   4.260000      1.8063001E-02
   4.270000      2.2822220E-02
   4.280000      2.7197147E-02
   4.290000      3.0877311E-02
   4.300000      3.3606499E-02
   4.310000      3.5197433E-02
   4.320000      3.5542272E-02
   4.330000      3.4617756E-02
   4.340000      3.2486849E-02
   4.350000      2.9297953E-02
   4.360000      2.5272369E-02
   4.370000      2.0691598E-02
   4.380000      1.5878970E-02
   4.390000      1.1184200E-02
   4.400000      6.9560320E-03
   4.410000      3.5253759E-03
   4.420000      1.1794170E-03
   4.430000      1.4556684E-04
   4.440000      5.7061837E-04
   4.450000      2.5128198E-03
   4.460000      5.9280926E-03
   4.470000      1.0676449E-02
   4.480000      1.6522052E-02
   4.490000      2.3144461E-02
   4.500000      3.0161288E-02
   4.510000      3.7143584E-02
   4.520000      4.3646201E-02
   4.530000      4.9239349E-02
   4.540000      5.3532150E-02
   4.550000      5.6202404E-02
   4.560000      5.7018716E-02
   4.570000      5.5864848E-02
   4.580000      5.2750416E-02
   4.590000      4.7820147E-02
   4.600000      4.1361708E-02
   4.610000      3.3785876E-02
   4.620000      2.5634455E-02
   4.630000      1.7538821E-02
   4.640000      1.0213626E-02
   4.650000      4.4189147E-03
   4.660000      9.2220731E-04
   4.670000      4.6030554E-04
   4.680000      3.7054471E-03
   4.690000      1.1229616E-02
   4.700000      2.3457704E-02
   4.710000      4.0655158E-02
   4.720000      6.2901050E-02
   4.730000      9.0074450E-02
   4.740000      0.1218594    
   4.750000      0.1577307    
   4.760000      0.1970076    
   4.770000      0.2388494    
   4.780000      0.2822893    
   4.790000      0.3262462    
   4.800000      0.3696336    
   4.810000      0.4113052    
   4.820000      0.4501576    
   4.830000      0.4851666    
   4.840000      0.5153702    
   4.850000      0.5399606    
   4.860000      0.5582808    
   4.870000      0.5698432    
   4.880000      0.5744002    
   4.890000      0.5718920    
   4.900000      0.5624565    
   4.910000      0.5464655    
   4.920000      0.5244401    
   4.930000      0.4970899    
   4.940000      0.4652452    
   4.950000      0.4298520    
   4.960000      0.3918658    
   4.970000      0.3523105    
   4.980000      0.3121438    
   4.990000      0.2723076    
   5.000000      0.2336428    
   5.010000      0.1969084    
   5.020000      0.1626987    
   5.030000      0.1315128    
   5.040000      0.1036856    
   5.050000      7.9435475E-02
   5.060000      5.8835037E-02
   5.070000      4.1839894E-02
   5.080000      2.8299065E-02
   5.090000      1.7966665E-02
   5.100000      1.0526501E-02
   5.110000      5.6075137E-03
   5.120000      2.8033215E-03
   5.130000      1.6999688E-03
   5.140000      1.8846213E-03
   5.150000      2.9676983E-03
   5.160000      4.5942850E-03
   5.170000      6.4566177E-03
   5.180000      8.2998099E-03
   5.190000      9.9267717E-03
   5.200000      1.1197330E-02
   5.210000      1.2026818E-02
   5.220000      1.2380759E-02
   5.230000      1.2267494E-02
   5.240000      1.1730429E-02
   5.250000      1.0838587E-02
   5.260000      9.6780350E-03
   5.270000      8.3440281E-03
   5.280000      6.9317254E-03
   5.290000      5.5300347E-03
   5.300000      4.2179613E-03
   5.310000      3.0575788E-03
   5.320000      2.0949431E-03
   5.330000      1.3563362E-03
   5.340000      8.5069076E-04
   5.350000      5.6979858E-04
   5.360000      4.9169309E-04
   5.370000      5.8325217E-04
   5.380000      8.0422231E-04
   5.390000      1.1106832E-03
   5.400000      1.4586485E-03
   5.410000      1.8070458E-03
   5.420000      2.1205167E-03
   5.430000      2.3709524E-03
   5.440000      2.5387781E-03
   5.450000      2.6133503E-03
   5.460000      2.5924961E-03
   5.470000      2.4819737E-03
   5.480000      2.2940340E-03
   5.490000      2.0459017E-03
   5.500000      1.7579464E-03
   5.510000      1.4521279E-03
   5.520000      1.1499607E-03
   5.530000      8.7140902E-04
   5.540000      6.3311873E-04
   5.550000      4.4805970E-04
   5.560000      3.2437145E-04
   5.570000      2.6564617E-04
   5.580000      2.7075812E-04
   5.590000      3.3447350E-04
   5.600000      4.4819471E-04
   5.610000      6.0067838E-04
   5.620000      7.7910168E-04
   5.630000      9.7002694E-04
   5.640000      1.1604851E-03
   5.650000      1.3383904E-03
   5.660000      1.4936322E-03
   5.670000      1.6181845E-03
   5.680000      1.7065774E-03
   5.690000      1.7558414E-03
   5.700000      1.7655223E-03
   5.710000      1.7374265E-03
   5.720000      1.6751814E-03
   5.730000      1.5838139E-03
   5.740000      1.4694104E-03
   5.750000      1.3384809E-03
   5.760000      1.1977368E-03
   5.770000      1.0533874E-03
   5.780000      9.1109867E-04
   5.790000      7.7559566E-04
   5.800000      6.5059221E-04
   5.810000      5.3874077E-04
   5.820000      4.4163957E-04
   5.830000      3.5993446E-04
   5.840000      2.9347910E-04
   5.850000      2.4147170E-04
   5.860000      2.0271869E-04
   5.870000      1.7574754E-04
   5.880000      1.5902132E-04
   5.890000      1.5103303E-04
   5.900000      1.5041990E-04
   5.910000      1.5599630E-04
   5.920000      1.6679105E-04
   5.930000      1.8201896E-04
   5.940000      2.0103762E-04
   5.950000      2.2332424E-04
   5.960000      2.4836764E-04
   5.970000      2.7565396E-04
   5.980000      3.0459513E-04
   5.990000      3.3453858E-04
   6.000000      3.6471873E-04
   6.010000      3.9429040E-04
   6.020000      4.2235956E-04
   6.030000      4.4802375E-04
   6.040000      4.7040483E-04
   6.050000      4.8873760E-04
   6.060000      5.0240324E-04
   6.070000      5.1097095E-04
   6.080000      5.1422598E-04
   6.090000      5.1216804E-04
   6.100000      5.0504174E-04
   6.110000      4.9330224E-04
   6.120000      4.7754296E-04
   6.130000      4.5852183E-04
   6.140000      4.3703889E-04
   6.150000      4.1392801E-04
   6.160000      3.8998705E-04
   6.170000      3.6594979E-04
   6.180000      3.4243191E-04
   6.190000      3.1992170E-04
   6.200000      2.9874264E-04
   6.210000      2.7910632E-04
   6.220000      2.6106735E-04
   6.230000      2.4460876E-04
   6.240000      2.2961955E-04
   6.250000      2.1595119E-04
   6.260000      2.0344093E-04
   6.270000      1.9194886E-04
   6.280000      1.8135796E-04
   6.290000      1.7161276E-04
   6.300000      1.6268410E-04
   6.310000      1.5459699E-04
   6.320000      1.4739434E-04
   6.330000      1.4112018E-04
   6.340000      1.3580869E-04
   6.350000      1.3145844E-04
   6.360000      1.2801614E-04
   6.370000      1.2537191E-04
   6.380000      1.2335356E-04
   6.390000      1.2174117E-04
   6.400000      1.2028347E-04
   6.410000      1.1872409E-04
   6.420000      1.1683086E-04
   6.430000      1.1443110E-04
   6.440000      1.1144910E-04
   6.450000      1.0793941E-04
   6.460000      1.0410703E-04
   6.470000      1.0032894E-04
   6.480000      9.7157543E-05
   6.490000      9.5321106E-05
   6.500000      9.5707386E-05
   6.510000      9.9351382E-05
   6.520000      1.0739909E-04
   6.530000      1.2110256E-04
   6.540000      1.4176825E-04
   6.550000      1.7075907E-04
   6.560000      2.0945094E-04
   6.570000      2.5928815E-04
   6.580000      3.2171689E-04
   6.590000      3.9820591E-04
   6.600000      4.9027393E-04
   6.610000      5.9953384E-04
   6.620000      7.2754512E-04
   6.630000      8.7603182E-04
   6.640000      1.0465813E-03
   6.650000      1.2408614E-03
   6.660000      1.4602955E-03
   6.670000      1.7061541E-03
   6.680000      1.9793138E-03
   6.690000      2.2800453E-03
   6.700000      2.6081542E-03
   6.710000      2.9623862E-03
   6.720000      3.3405926E-03
   6.730000      3.7392613E-03
   6.740000      4.1539636E-03
   6.750000      4.5785089E-03
   6.760000      5.0057997E-03
   6.770000      5.4272395E-03
   6.780000      5.8331187E-03
   6.790000      6.2127365E-03
   6.800000      6.5549905E-03
   6.810000      6.8484340E-03
   6.820000      7.0820795E-03
   6.830000      7.2457939E-03
   6.840000      7.3307781E-03
   6.850000      7.3298798E-03
   6.860000      7.2385767E-03
   6.870000      7.0548975E-03
   6.880000      6.7805890E-03
   6.890000      6.4202696E-03
   6.900000      5.9816213E-03
   6.910000      5.4759318E-03
   6.920000      4.9166749E-03
   6.930000      4.3203649E-03
   6.940000      3.7046629E-03
   6.950000      3.0883157E-03
   6.960000      2.4900106E-03
   6.970000      1.9279268E-03
   6.980000      1.4183490E-03
   6.990000      9.7557710E-04
   7.000000      6.1070657E-04
   7.010000      3.3139696E-04
   7.020000      1.4140848E-04
   7.030000      4.0539941E-05
   7.040000      2.4491306E-05
   7.050000      8.5330670E-05
   7.060000      2.1173852E-04
   7.070000      3.8967113E-04
   7.080000      6.0312572E-04
   7.090000      8.3524472E-04
   7.100000      1.0688121E-03
   7.110000      1.2876246E-03
   7.120000      1.4770541E-03
   7.130000      1.6250915E-03
   7.140000      1.7228322E-03
   7.150000      1.7649080E-03
   7.160000      1.7496416E-03
   7.170000      1.6792687E-03
   7.180000      1.5593308E-03
   7.190000      1.3983606E-03
   7.200000      1.2072987E-03
   7.210000      9.9862774E-04
   7.220000      7.8556366E-04
   7.230000      5.8116950E-04
   7.240000      3.9756243E-04
   7.250000      2.4492943E-04
   7.260000      1.3132572E-04
   7.270000      6.1779385E-05
   7.280000      3.8305214E-05
   7.290000      5.9708884E-05
   7.300000      1.2178116E-04
   7.310000      2.1769053E-04
   7.320000      3.3853235E-04
   7.330000      4.7396461E-04
   7.340000      6.1308872E-04
   7.350000      7.4512546E-04
   7.360000      8.6031092E-04
   7.370000      9.5042266E-04
   7.380000      1.0095148E-03
   7.390000      1.0340717E-03
   7.400000      1.0233579E-03
   7.410000      9.7920082E-04
   7.420000      9.0579962E-04
   7.430000      8.0935471E-04
   7.440000      6.9733086E-04
   7.450000      5.7800784E-04
   7.460000      4.5960228E-04
   7.470000      3.4972708E-04
   7.480000      2.5465284E-04
   7.490000      1.7897299E-04
   7.500000      1.2519180E-04
   7.510000      9.3748131E-05
   7.520000      8.3046587E-05
   7.530000      8.9856971E-05
   7.540000      1.0984828E-04
   7.550000      1.3828716E-04
   7.560000      1.7080779E-04
   7.570000      2.0427766E-04
   7.580000      2.3757611E-04
   7.590000      2.7220178E-04
   7.600000      3.1281036E-04
   7.610000      3.6737105E-04
   7.620000      4.4713300E-04
   7.630000      5.6622119E-04
   7.640000      7.4089528E-04
   7.650000      9.8867482E-04
   7.660000      1.3268915E-03
   7.670000      1.7715765E-03
   7.680000      2.3355810E-03
   7.690000      3.0275083E-03
   7.700000      3.8497439E-03
   7.710000      4.7985124E-03
   7.720000      5.8612186E-03
   7.730000      7.0181717E-03
   7.740000      8.2409177E-03
   7.750000      9.4941454E-03
   7.760000      1.0736069E-02
   7.770000      1.1921049E-02
   7.780000      1.3000197E-02
   7.790000      1.3926386E-02
   7.800000      1.4654043E-02
   7.810000      1.5144410E-02
   7.820000      1.5366379E-02
   7.830000      1.5299589E-02
   7.840000      1.4935974E-02
   7.850000      1.4280640E-02
   7.860000      1.3352036E-02
   7.870000      1.2183220E-02
   7.880000      1.0819674E-02
   7.890000      9.3160998E-03
   7.900000      7.7369930E-03
   7.910000      6.1510401E-03
   7.920000      4.6294425E-03
   7.930000      3.2401662E-03
   7.940000      2.0461262E-03
   7.950000      1.0999124E-03
   7.960000      4.4178287E-04
   7.970000      9.5987736E-05
   7.980000      6.9764450E-05
   7.990000      3.5191589E-04
   8.000000      9.1357721E-04
   8.010000      1.7088124E-03
   8.020000      2.6784095E-03
   8.030000      3.7520467E-03
   8.040000      4.8528356E-03
   8.050000      5.9020487E-03
   8.060000      6.8251253E-03
   8.070000      7.5545451E-03
   8.080000      8.0360118E-03
   8.090000      8.2313092E-03
   8.100000      8.1223231E-03
   8.110000      7.7122259E-03
   8.120000      7.0256828E-03
   8.130000      6.1093802E-03
   8.140000      5.0280020E-03
   8.150000      3.8626143E-03
   8.160000      2.7045624E-03
   8.170000      1.6507608E-03
   8.180000      7.9678069E-04
   8.190000      2.3047313E-04
   8.200000      2.5491578E-05
   8.210000      2.3535817E-04
   8.220000      8.8895182E-04
   8.230000      1.9861488E-03
   8.240000      3.4963784E-03
   8.250000      5.3592068E-03
   8.260000      7.4858642E-03
   8.270000      9.7623598E-03
   8.280000      1.2057309E-02
   8.290000      1.4228201E-02
   8.300000      1.6130282E-02
   8.310000      1.7626598E-02
   8.320000      1.8596712E-02
   8.330000      1.8947782E-02
   8.340000      1.8623773E-02
   8.350000      1.7611306E-02
   8.360000      1.5947994E-02
   8.370000      1.3723678E-02
   8.380000      1.1082175E-02
   8.390000      8.2229944E-03
   8.400000      5.3932611E-03
   8.410000      2.8791591E-03
   8.420000      9.9898840E-04
   8.430000      8.8706991E-05
   8.440000      4.8581933E-04
   8.450000      2.5162515E-03
   8.460000      6.4761406E-03
   8.470000      1.2616647E-02
   8.480000      2.1129593E-02
   8.490000      3.2133728E-02
   8.500000      4.5661487E-02
   8.510000      6.1668571E-02
   8.520000      8.0004655E-02
   8.530000      0.1004236    
   8.540000      0.1226030    
   8.550000      0.1461369    
   8.560000      0.1705330    
   8.570000      0.1952647    
   8.580000      0.2197425    
   8.590000      0.2433709    
   8.600000      0.2655480    
   8.610000      0.2856912    
   8.620000      0.3032557    
   8.630000      0.3177699    
   8.640000      0.3288307    
   8.650000      0.3361418    
   8.660000      0.3395019    
   8.670000      0.3388273    
   8.680000      0.3341516    
   8.690000      0.3256275    
   8.700000      0.3135131    
   8.710000      0.2981570    
   8.720000      0.2799957    
   8.730000      0.2595388    
   8.740000      0.2373184    
   8.750000      0.2139232    
   8.760000      0.1899194    
   8.770000      0.1658839    
   8.780000      0.1423370    
   8.790000      0.1197689    
   8.800000      9.8593526E-02
   8.810000      7.9166040E-02
   8.820000      6.1753135E-02
   8.830000      4.6540443E-02
   8.840000      3.3622254E-02
   8.850000      2.3020282E-02
   8.860000      1.4666759E-02
   8.870000      8.4380303E-03
   8.880000      4.1472842E-03
   8.890000      1.5628171E-03
   8.900000      4.1941786E-04
   8.910000      4.3565198E-04
   8.920000      1.3248519E-03
   8.930000      2.8082591E-03
   8.940000      4.6265530E-03
   8.950000      6.5492024E-03
   8.960000      8.3805807E-03
   8.970000      9.9659041E-03
   8.980000      1.1191748E-02
   8.990000      1.1988278E-02
   9.000000      1.2324810E-02
   9.010000      1.2207358E-02
   9.020000      1.1672669E-02
   9.030000      1.0781320E-02
   9.040000      9.6134609E-03
   9.050000      8.2581919E-03
   9.060000      6.8093361E-03
   9.070000      5.3573772E-03
   9.080000      3.9853109E-03
   9.090000      2.7624434E-03
   9.100000      1.7430447E-03
   9.110000      9.6241926E-04
   9.120000      4.3798145E-04
   9.130000      1.6853132E-04
   9.140000      1.3684714E-04
   9.150000      3.1168477E-04
   9.160000      6.5165793E-04
   9.170000      1.1082898E-03
   9.180000      1.6301812E-03
   9.190000      2.1669057E-03
   9.200000      2.6713004E-03
   9.210000      3.1031102E-03
   9.220000      3.4310606E-03
   9.230000      3.6338787E-03
   9.240000      3.7007781E-03
   9.250000      3.6319729E-03
   9.260000      3.4370488E-03
   9.270000      3.1344334E-03
   9.280000      2.7488440E-03
   9.290000      2.3096097E-03
   9.300000      1.8478871E-03
   9.310000      1.3951038E-03
   9.320000      9.7978336E-04
   9.330000      6.2681001E-04
   9.340000      3.5510387E-04
   9.350000      1.7706931E-04
   9.360000      9.8194374E-05
   9.370000      1.1689842E-04
   9.380000      2.2507884E-04
   9.390000      4.0912186E-04
   9.400000      6.5124361E-04
   9.410000      9.3070482E-04
   9.420000      1.2257592E-03
   9.430000      1.5146902E-03
   9.440000      1.7778116E-03
   9.450000      1.9982916E-03
   9.460000      2.1633750E-03
   9.470000      2.2647062E-03
   9.480000      2.2990387E-03
   9.490000      2.2677511E-03
   9.500000      2.1767654E-03
   9.510000      2.0357610E-03
   9.520000      1.8572351E-03
   9.530000      1.6556561E-03
   9.540000      1.4459833E-03
   9.550000      1.2428410E-03
   9.560000      1.0594137E-03
   9.570000      9.0651843E-04
   9.580000      7.9194276E-04
   9.590000      7.2006078E-04
   9.600000      6.9164712E-04
   9.610000      7.0403027E-04
   9.620000      7.5145985E-04
   9.630000      8.2573626E-04
   9.640000      9.1682299E-04
   9.650000      1.0138106E-03
   9.660000      1.1056489E-03
   9.670000      1.1821527E-03
   9.680000      1.2345671E-03
   9.690000      1.2563067E-03
   9.700000      1.2433474E-03
   9.710000      1.1945000E-03
   9.720000      1.1114699E-03
   9.730000      9.9852844E-04
   9.740000      8.6247403E-04
   9.750000      7.1174320E-04
   9.760000      5.5604457E-04
   9.770000      4.0548024E-04
   9.780000      2.6989364E-04
   9.790000      1.5808981E-04
   9.800000      7.7311481E-05
   9.810000      3.2642416E-05
   9.820000      2.6745072E-05
   9.830000      5.9696853E-05
   9.840000      1.2898973E-04
   9.850000      2.2972251E-04
   9.860000      3.5504182E-04
   9.870000      4.9657351E-04
   9.880000      6.4491777E-04
   9.890000      7.9043949E-04
   9.900000      9.2376804E-04
   9.910000      1.0364484E-03
   9.920000      1.1215515E-03
   9.930000      1.1739183E-03
   9.940000      1.1905810E-03
   9.950000      1.1709528E-03
   9.960000      1.1166054E-03
   9.970000      1.0313566E-03
   9.980000      9.2086307E-04
   9.990000      7.9209724E-04
   10.00000      6.5290736E-04
   10.01000      5.1257067E-04
   10.02000      3.7767267E-04
   10.03000      2.5687486E-04
   10.04000      1.5585202E-04
   10.05000      7.9726815E-05
   10.06000      3.1288200E-05
   10.07000      1.1476870E-05
   10.08000      1.9516125E-05
   10.09000      5.2688574E-05
   10.10000      1.0684427E-04
   10.11000      1.7657007E-04
   10.12000      2.5588422E-04
   10.13000      3.3836480E-04
   10.14000      4.1742713E-04
   10.15000      4.8766055E-04
   10.16000      5.4383872E-04
   10.17000      5.8248243E-04
   10.18000      6.0116645E-04
   10.19000      5.9915788E-04
   10.20000      5.7709072E-04
   10.21000      5.3711917E-04
   10.22000      4.8237873E-04
   10.23000      4.1689575E-04
   10.24000      3.4535027E-04
   10.25000      2.7232501E-04
   10.26000      2.0234370E-04
   10.27000      1.3949603E-04
   10.28000      8.6776156E-05
   10.29000      4.6515721E-05
   10.30000      1.9618348E-05
   10.31000      6.0376437E-06
   10.32000      4.6064724E-06
   10.33000      1.3235047E-05
   10.34000      2.9118508E-05
   10.35000      4.9093240E-05
   10.36000      6.9897869E-05
   10.37000      8.8402856E-05
   10.38000      1.0212003E-04
   10.39000      1.0921249E-04
   10.40000      1.0887966E-04
   10.41000      1.0132526E-04
   10.42000      8.7917593E-05
   10.43000      7.1026450E-05
   10.44000      5.3893986E-05
   10.45000      4.0507919E-05
   10.46000      3.5085624E-05
   10.47000      4.2070045E-05
   10.48000      6.5310021E-05
   10.49000      1.0836877E-04
   10.50000      1.7334227E-04
   10.51000      2.6172266E-04
   10.52000      3.7299315E-04
   10.53000      5.0546991E-04
   10.54000      6.5591664E-04
   10.55000      8.1985712E-04
   10.56000      9.9190860E-04
   10.57000      1.1651473E-03
   10.58000      1.3320108E-03
   10.59000      1.4858691E-03
   10.60000      1.6187420E-03
   10.61000      1.7249744E-03
   10.62000      1.7990606E-03
   10.63000      1.8370356E-03
   10.64000      1.8366707E-03
   10.65000      1.7973820E-03
   10.66000      1.7208495E-03
   10.67000      1.6098500E-03
   10.68000      1.4698585E-03
   10.69000      1.3067920E-03
   10.70000      1.1280763E-03
   10.71000      9.4231684E-04
   10.72000      7.5683423E-04
   10.73000      5.8047276E-04
   10.74000      4.1994738E-04
   10.75000      2.8180401E-04
   10.76000      1.7091553E-04
   10.77000      9.0399604E-05
   10.78000      4.1843126E-05
   10.79000      2.5053088E-05
   10.80000      3.8049093E-05
   10.81000      7.7350473E-05
   10.82000      1.3811712E-04
   10.83000      2.1481032E-04
   10.84000      3.0063145E-04
   10.85000      3.8944502E-04
   10.86000      4.7437067E-04
   10.87000      5.4987904E-04
   10.88000      6.1098143E-04
   10.89000      6.5376412E-04
   10.90000      6.7587063E-04
   10.91000      6.7623990E-04
   10.92000      6.5539335E-04
   10.93000      6.1495689E-04
   10.94000      5.5801030E-04
   10.95000      4.8839039E-04
   10.96000      4.1047129E-04
   10.97000      3.2943455E-04
   10.98000      2.4965982E-04
   10.99000      1.7620793E-04
   11.00000      1.1268242E-04
   11.01000      6.2309147E-05
   11.02000      2.7239563E-05
   11.03000      8.3947534E-06
   11.04000      5.8267910E-06
   11.05000      1.8345128E-05
   11.06000      4.3949043E-05
   11.07000      7.9811900E-05
   11.08000      1.2259133E-04
   11.09000      1.6874255E-04
   11.10000      2.1443865E-04
   11.11000      2.5650457E-04
   11.12000      2.9173555E-04
   11.13000      3.1788833E-04
   11.14000      3.3334357E-04
   11.15000      3.3736660E-04
   11.16000      3.3004192E-04
   11.17000      3.1228003E-04
   11.18000      2.8563573E-04
   11.19000      2.5219109E-04
   11.20000      2.1439276E-04
   11.21000      1.7478592E-04
   11.22000      1.3586291E-04
   11.23000      1.0001104E-04
   11.24000      6.8943125E-05
   11.25000      4.4136421E-05
   11.26000      2.6254134E-05
   11.27000      1.5455546E-05
   11.28000      1.1269580E-05
   11.29000      1.2681178E-05
   11.30000      1.8299290E-05
   11.31000      2.6482408E-05
   11.32000      3.5522418E-05
   11.33000      4.3794596E-05
   11.34000      4.9970142E-05
   11.35000      5.3157506E-05
   11.36000      5.2964482E-05
   11.37000      4.9596161E-05
   11.38000      4.3914264E-05
   11.39000      3.7332640E-05
   11.40000      3.1754753E-05
   11.41000      2.9470126E-05
   11.42000      3.2898421E-05
   11.43000      4.4550816E-05
   11.44000      6.6573630E-05
   11.45000      1.0089967E-04
   11.46000      1.4865286E-04
   11.47000      2.1024172E-04
   11.48000      2.8551987E-04
   11.49000      3.7272775E-04
   11.50000      4.7021260E-04
   11.51000      5.7431136E-04
   11.52000      6.8157649E-04
   11.53000      7.8772055E-04
   11.54000      8.8797894E-04
   11.55000      9.7798789E-04
   11.56000      1.0532076E-03
   11.57000      1.1098661E-03
   11.58000      1.1449741E-03
   11.59000      1.1563399E-03
   11.60000      1.1430304E-03
   11.61000      1.1051573E-03
   11.62000      1.0444666E-03
   11.63000      9.6313807E-04
   11.64000      8.6526311E-04
   11.65000      7.5510913E-04
   11.66000      6.3781836E-04
   11.67000      5.1907718E-04
   11.68000      4.0380700E-04
   11.69000      2.9762794E-04
   11.70000      2.0497911E-04
   11.71000      1.2960105E-04
   11.72000      7.4291514E-05
   11.73000      4.0503877E-05
   11.74000      2.8586610E-05
   11.75000      3.7565762E-05
   11.76000      6.5300861E-05
   11.77000      1.0856946E-04
   11.78000      1.6329711E-04
   11.79000      2.2504359E-04
   11.80000      2.8860648E-04
   11.81000      3.4950711E-04
   11.82000      4.0303994E-04
   11.83000      4.4547228E-04
   11.84000      4.7382119E-04
   11.85000      4.8615003E-04
   11.86000      4.8166467E-04
   11.87000      4.6071716E-04
   11.88000      4.2490262E-04
   11.89000      3.7663931E-04
   11.90000      3.1941890E-04
   11.91000      2.5725039E-04
   11.92000      1.9427773E-04
   11.93000      1.3528123E-04
   11.94000      8.4081134E-05
   11.95000      4.4636876E-05
   11.96000      1.9654348E-05
   11.97000      1.1155052E-05
   11.98000      1.9945333E-05
   11.99000      4.5761270E-05
   12.00000      8.7104745E-05
   12.01000      1.4146681E-04
   12.02000      2.0557636E-04
   12.03000      2.7519377E-04
   12.04000      3.4585231E-04
   12.05000      4.1308062E-04
   12.06000      4.7215234E-04
   12.07000      5.1938335E-04
   12.08000      5.5123051E-04
   12.09000      5.6559482E-04
   12.10000      5.6120113E-04
   12.11000      5.3823640E-04
   12.12000      4.9782899E-04
   12.13000      4.4270491E-04
   12.14000      3.7641314E-04
   12.15000      3.0362615E-04
   12.16000      2.2954190E-04
   12.17000      1.5970701E-04
   12.18000      1.0026510E-04
   12.19000      5.6995381E-05
   12.20000      3.5056226E-05
   12.21000      3.9169456E-05
   12.22000      7.2841256E-05
   12.23000      1.3865942E-04
   12.24000      2.3780188E-04
   12.25000      3.7023891E-04
   12.26000      5.3490401E-04
   12.27000      7.2845141E-04
   12.28000      9.4827294E-04
   12.29000      1.1888235E-03
   12.30000      1.4454188E-03
   12.31000      1.7123278E-03
   12.32000      1.9827010E-03
   12.33000      2.2517738E-03
   12.34000      2.5127984E-03
   12.35000      2.7610408E-03
   12.36000      2.9914447E-03
   12.37000      3.1997773E-03
   12.38000      3.3827012E-03
   12.39000      3.5378931E-03
   12.40000      3.6628642E-03
   12.41000      3.7570531E-03
   12.42000      3.8195823E-03
   12.43000      3.8507849E-03
   12.44000      3.8513714E-03
   12.45000      3.8225101E-03
   12.46000      3.7654971E-03
   12.47000      3.6825771E-03
   12.48000      3.5753327E-03
   12.49000      3.4458560E-03
   12.50000      3.2968619E-03
   12.51000      3.1303281E-03
   12.52000      2.9489612E-03
   12.53000      2.7554794E-03
   12.54000      2.5518248E-03
   12.55000      2.3415741E-03
   12.56000      2.1272691E-03
   12.57000      1.9116409E-03
   12.58000      1.6985097E-03
   12.59000      1.4898116E-03
   12.60000      1.2898531E-03
   12.61000      1.1008362E-03
   12.62000      9.2571165E-04
   12.63000      7.6709065E-04
   12.64000      6.2668929E-04
   12.65000      5.0640613E-04
   12.66000      4.0701262E-04
   12.67000      3.2889153E-04
   12.68000      2.7178990E-04
   12.69000      2.3467549E-04
   12.70000      2.1595087E-04
   12.71000      2.1339025E-04
   12.72000      2.2430549E-04
   12.73000      2.4569346E-04
   12.74000      2.7423285E-04
   12.75000      3.0673869E-04
   12.76000      3.3986254E-04
   12.77000      3.7083784E-04
   12.78000      3.9701790E-04
   12.79000      4.1642334E-04
   12.80000      4.2763667E-04
   12.81000      4.2988130E-04
   12.82000      4.2303890E-04
   12.83000      4.0757205E-04
   12.84000      3.8463605E-04
   12.85000      3.5570408E-04
   12.86000      3.2274146E-04
   12.87000      2.8787149E-04
   12.88000      2.5314762E-04
   12.89000      2.2086391E-04
   12.90000      1.9264175E-04
   12.91000      1.7012520E-04
   12.92000      1.5423486E-04
   12.93000      1.4552752E-04
   12.94000      1.4398075E-04
   12.95000      1.4902851E-04
   12.96000      1.5972690E-04
   12.97000      1.7463138E-04
   12.98000      1.9218004E-04
   12.99000      2.1055699E-04
   13.00000      2.2796898E-04
   13.01000      2.4287295E-04
   13.02000      2.5381093E-04
   13.03000      2.5990204E-04
   13.04000      2.6064817E-04
   13.05000      2.5603329E-04
   13.06000      2.4657202E-04
   13.07000      2.3333196E-04
   13.08000      2.1779782E-04
   13.09000      2.0178915E-04
   13.10000      1.8745613E-04
   13.11000      1.7692304E-04
   13.12000      1.7240415E-04
   13.13000      1.7582699E-04
   13.14000      1.8888901E-04
   13.15000      2.1276608E-04
   13.16000      2.4827968E-04
   13.17000      2.9552900E-04
   13.18000      3.5411341E-04
   13.19000      4.2316920E-04
   13.20000      5.0123647E-04
   13.21000      5.8641477E-04
   13.22000      6.7680242E-04
   13.23000      7.6962035E-04
   13.24000      8.6311903E-04
   13.25000      9.5452240E-04
   13.26000      1.0419793E-03
   13.27000      1.1236945E-03
   13.28000      1.1981090E-03
   13.29000      1.2644597E-03
   13.30000      1.3220120E-03
   13.31000      1.3706615E-03
   13.32000      1.4106715E-03
   13.33000      1.4425439E-03
   13.34000      1.4670042E-03
   13.35000      1.4849304E-03
   13.36000      1.4970707E-03
   13.37000      1.5042404E-03
   13.38000      1.5069525E-03
   13.39000      1.5054799E-03
   13.40000      1.4998394E-03
   13.41000      1.4897909E-03
   13.42000      1.4746729E-03
   13.43000      1.4538321E-03
   13.44000      1.4262811E-03
   13.45000      1.3910340E-03
   13.46000      1.3473053E-03
   13.47000      1.2942387E-03
   13.48000      1.2313518E-03
   13.49000      1.1587050E-03
   13.50000      1.0764628E-03
   13.51000      9.8574092E-04
   13.52000      8.8785123E-04
   13.53000      7.8437210E-04
   13.54000      6.7818846E-04
   13.55000      5.7132373E-04
   13.56000      4.6718790E-04
   13.57000      3.6831849E-04
   13.58000      2.7746774E-04
   13.59000      1.9738407E-04
   13.60000      1.3000586E-04
   13.61000      7.6962664E-05
   13.62000      3.9272512E-05
   13.63000      1.7106440E-05
   13.64000      1.0141033E-05
   13.65000      1.7164750E-05
   13.66000      3.6499096E-05
   13.67000      6.5724722E-05
   13.68000      1.0231108E-04
   13.69000      1.4314521E-04
   13.70000      1.8523932E-04
   13.71000      2.2568846E-04
   13.72000      2.6170880E-04
   13.73000      2.9108353E-04
   13.74000      3.1199664E-04
   13.75000      3.2324981E-04
   13.76000      3.2436737E-04
   13.77000      3.1544486E-04
   13.78000      2.9724379E-04
   13.79000      2.7107482E-04
   13.80000      2.3882354E-04
   13.81000      2.0246061E-04
   13.82000      1.6446368E-04
   13.83000      1.2690376E-04
   13.84000      9.1989546E-05
   13.85000      6.1624014E-05
   13.86000      3.7312449E-05
   13.87000      2.0059540E-05
   13.88000      1.0489826E-05
   13.89000      8.5633365E-06
   13.90000      1.3858453E-05
   13.91000      2.5452573E-05
   13.92000      4.2162457E-05
   13.93000      6.2411978E-05
   13.94000      8.4693791E-05
   13.95000      1.0732654E-04
   13.96000      1.2883685E-04
   13.97000      1.4793017E-04
   13.98000      1.6356257E-04
   13.99000      1.7505234E-04
   14.00000      1.8209410E-04
   14.01000      1.8467774E-04
   14.02000      1.8318924E-04
   14.03000      1.7826608E-04
   14.04000      1.7077020E-04
   14.05000      1.6167562E-04
   14.06000      1.5209203E-04
   14.07000      1.4303405E-04
   14.08000      1.3556289E-04
   14.09000      1.3056613E-04
   14.10000      1.2887082E-04
   14.11000      1.3122540E-04
   14.12000      1.3828890E-04
   14.13000      1.5077037E-04
   14.14000      1.6935795E-04
   14.15000      1.9497878E-04
   14.16000      2.2864591E-04
   14.17000      2.7154150E-04
   14.18000      3.2535844E-04
   14.19000      3.9152883E-04
   14.20000      4.7235115E-04
   14.21000      5.6948757E-04
   14.22000      6.8497437E-04
   14.23000      8.2074694E-04
   14.24000      9.7790139E-04
   14.25000      1.1576588E-03
   14.26000      1.3598808E-03
   14.27000      1.5837869E-03
   14.28000      1.8276306E-03
   14.29000      2.0883789E-03
   14.30000      2.3613109E-03
   14.31000      2.6416469E-03
   14.32000      2.9216567E-03
   14.33000      3.1952437E-03
   14.34000      3.4531711E-03
   14.35000      3.6867780E-03
   14.36000      3.8879334E-03
   14.37000      4.0476341E-03
   14.38000      4.1592256E-03
   14.39000      4.2160447E-03
   14.40000      4.2136223E-03
   14.41000      4.1493280E-03
   14.42000      4.0228777E-03
   14.43000      3.8362527E-03
   14.44000      3.5934364E-03
   14.45000      3.3022859E-03
   14.46000      2.9705933E-03
   14.47000      2.6099093E-03
   14.48000      2.2324990E-03
   14.49000      1.8499969E-03
   14.50000      1.4780449E-03
   14.51000      1.1270328E-03
   14.52000      8.1052294E-04
   14.53000      5.3745357E-04
   14.54000      3.1615287E-04
   14.55000      1.5235985E-04
   14.56000      4.8628946E-05
   14.57000      4.8244756E-06
   14.58000      1.8095599E-05
   14.59000      8.2875602E-05
   14.60000      1.9115090E-04
   14.61000      3.3272622E-04
   14.62000      4.9712055E-04
   14.63000      6.7085912E-04
   14.64000      8.4310031E-04
   14.65000      1.0024396E-03
   14.66000      1.1381420E-03
   14.67000      1.2423054E-03
   14.68000      1.3082112E-03
   14.69000      1.3325764E-03
   14.70000      1.3142305E-03
   14.71000      1.2552495E-03
   14.72000      1.1594843E-03
   14.73000      1.0339658E-03
   14.74000      8.8667910E-04
   14.75000      7.2694913E-04
   14.76000      5.6495314E-04
   14.77000      4.1016066E-04
   14.78000      2.7195859E-04
   14.79000      1.5819669E-04
   14.80000      7.4714000E-05
   14.81000      2.5768713E-05
   14.82000      1.2861833E-05
   14.83000      3.5484725E-05
   14.84000      9.0346592E-05
   14.85000      1.7278604E-04
   14.86000      2.7575402E-04
   14.87000      3.9137917E-04
   14.88000      5.1116938E-04
   14.89000      6.2618009E-04
   14.90000      7.2869583E-04
   14.91000      8.1147521E-04
   14.92000      8.6901017E-04
   14.93000      8.9779112E-04
   14.94000      8.9616032E-04
   14.95000      8.6483837E-04
   14.96000      8.0628524E-04
   14.97000      7.2525447E-04
   14.98000      6.2729354E-04
   14.99000      5.1958527E-04
   15.00000      4.0939843E-04
   15.01000      3.0374958E-04
   15.02000      2.0979832E-04
   15.03000      1.3252583E-04
   15.04000      7.6268545E-05
   15.05000      4.3060423E-05
   15.06000      3.3313619E-05
   15.07000      4.5450823E-05
   15.08000      7.6166129E-05
   15.09000      1.2090839E-04
   15.10000      1.7378938E-04
   15.11000      2.2886675E-04
   15.12000      2.7982617E-04
   15.13000      3.2134916E-04
   15.14000      3.4928723E-04
   15.15000      3.6093849E-04
   15.16000      3.5579788E-04
   15.17000      3.3543666E-04
   15.18000      3.0367091E-04
   15.19000      2.6615168E-04
   15.20000      2.3041746E-04
   15.21000      2.0496541E-04
   15.22000      1.9889232E-04
   15.23000      2.2113525E-04
   15.24000      2.7972533E-04
   15.25000      3.8117022E-04
   15.26000      5.2919652E-04
   15.27000      7.2581653E-04
   15.28000      9.6801540E-04
   15.29000      1.2518307E-03
   15.30000      1.5675568E-03
   15.31000      1.9037109E-03
   15.32000      2.2467093E-03
   15.33000      2.5799323E-03
   15.34000      2.8873780E-03
   15.35000      3.1522634E-03
   15.36000      3.3590561E-03
   15.37000      3.4953873E-03
   15.38000      3.5511747E-03
   15.39000      3.5209449E-03
   15.40000      3.4031530E-03
   15.41000      3.2022728E-03
   15.42000      2.9262474E-03
   15.43000      2.5886821E-03
   15.44000      2.2074890E-03
   15.45000      1.8028552E-03
   15.46000      1.3947821E-03
   15.47000      1.0069440E-03
   15.48000      6.6016632E-04
   15.49000      3.7599521E-04
   15.50000      1.6860219E-04
   15.51000      5.1093026E-05
   15.52000      2.8570663E-05
   15.53000      1.0208013E-04
   15.54000      2.6466968E-04
   15.55000      5.0517125E-04
   15.56000      8.0572092E-04
   15.57000      1.1450488E-03
   15.58000      1.4988941E-03
   15.59000      1.8410091E-03
   15.60000      2.1459202E-03
   15.61000      2.3912920E-03
   15.62000      2.5564393E-03
   15.63000      2.6284978E-03
   15.64000      2.5992643E-03
   15.65000      2.4695985E-03
   15.66000      2.2461906E-03
   15.67000      1.9459937E-03
   15.68000      1.5895764E-03
   15.69000      1.2064237E-03
   15.70000      8.2752330E-04
   15.71000      4.8636098E-04
   15.72000      2.1717467E-04
   15.73000      5.0380844E-05
   15.74000      1.1972582E-05
   15.75000      1.2043699E-04
   15.76000      3.8577412E-04
   15.77000      8.0671359E-04
   15.78000      1.3707891E-03
   15.79000      2.0570608E-03
   15.80000      2.8282239E-03
   15.81000      3.6459563E-03
   15.82000      4.4574342E-03
   15.83000      5.2111056E-03
   15.84000      5.8543454E-03
   15.85000      6.3369749E-03
   15.86000      6.6173659E-03
   15.87000      6.6640531E-03
   15.88000      6.4604743E-03
   15.89000      6.0075223E-03
   15.90000      5.3248038E-03
   15.91000      4.4551957E-03
   15.92000      3.4584075E-03
   15.93000      2.4215663E-03
   15.94000      1.4399927E-03
   15.95000      6.3385646E-04
   15.96000      1.2821787E-04
   15.97000      5.5937438E-05
   15.98000      5.4759462E-04
   15.99000      1.7286090E-03
   16.00000      3.7115798E-03
   16.01000      6.5846294E-03
   16.02000      1.0415428E-02
   16.03000      1.5241845E-02
   16.04000      2.1054044E-02
   16.05000      2.7841233E-02
   16.06000      3.5490427E-02
   16.07000      4.3920510E-02
   16.08000      5.2968234E-02
   16.09000      6.2441111E-02
   16.10000      7.2176106E-02
   16.11000      8.1882775E-02
   16.12000      9.1377042E-02
   16.13000      0.1003820    
   16.14000      0.1086763    
   16.15000      0.1160345    
   16.16000      0.1222499    
   16.17000      0.1271381    
   16.18000      0.1305740    
   16.19000      0.1324447    
   16.20000      0.1327014    
   16.21000      0.1313318    
   16.22000      0.1283836    
   16.23000      0.1239167    
   16.24000      0.1181157    
   16.25000      0.1111045    
   16.26000      0.1030770    
   16.27000      9.4282895E-02
   16.28000      8.4921233E-02
   16.29000      7.5272113E-02
   16.30000      6.5567106E-02
   16.31000      5.6019876E-02
   16.32000      4.6879504E-02
   16.33000      3.8281791E-02
   16.34000      3.0426012E-02
   16.35000      2.3408400E-02
   16.36000      1.7316205E-02
   16.37000      1.2197377E-02
   16.38000      8.0548897E-03
   16.39000      4.8667388E-03
   16.40000      2.5802148E-03
   16.41000      1.1076316E-03
   16.42000      3.5247326E-04
   16.43000      1.9368670E-04
   16.44000      5.0935434E-04
   16.45000      1.1668304E-03
   16.46000      2.0452777E-03
   16.47000      3.0248773E-03
   16.48000      4.0025539E-03
   16.49000      4.8920186E-03
   16.50000      5.6228857E-03
   16.51000      6.1493488E-03
   16.52000      6.4424360E-03
   16.53000      6.4938655E-03
   16.54000      6.3134320E-03
   16.55000      5.9248451E-03
   16.56000      5.3657801E-03
   16.57000      4.6780072E-03
   16.58000      3.9150170E-03
   16.59000      3.1239758E-03
   16.60000      2.3566997E-03
   16.61000      1.6563571E-03
   16.62000      1.0583642E-03
   16.63000      5.9305166E-04
   16.64000      2.7523653E-04
   16.65000      1.1326611E-04
   16.66000      1.0266439E-04
   16.67000      2.3094751E-04
   16.68000      4.7693844E-04
   16.69000      8.1287714E-04
   16.70000      1.2089103E-03
   16.71000      1.6295329E-03
   16.72000      2.0435122E-03
   16.73000      2.4184322E-03
   16.74000      2.7282608E-03
   16.75000      2.9530402E-03
   16.76000      3.0773124E-03
   16.77000      3.0951067E-03
   16.78000      3.0066126E-03
   16.79000      2.8200417E-03
   16.80000      2.5485971E-03
   16.81000      2.2122697E-03
   16.82000      1.8337811E-03
   16.83000      1.4384853E-03
   16.84000      1.0535127E-03
   16.85000      7.0324790E-04
   16.86000      4.1213006E-04
   16.87000      2.0027760E-04
   16.88000      8.2758073E-05
   16.89000      6.9954804E-05
   16.90000      1.6592389E-04
   16.91000      3.6980782E-04
   16.92000      6.7402190E-04
   16.93000      1.0677974E-03
   16.94000      1.5341419E-03
   16.95000      2.0546082E-03
   16.96000      2.6080462E-03
   16.97000      3.1710705E-03
   16.98000      3.7227711E-03
   16.99000      4.2420933E-03
   17.00000      4.7091395E-03
   17.01000      5.1102722E-03
   17.02000      5.4320823E-03
   17.03000      5.6663556E-03
   17.04000      5.8030216E-03
   17.05000      5.8574937E-03
   17.06000      5.8480618E-03
   17.07000      5.7769604E-03
   17.08000      5.6110234E-03
   17.09000      5.3072926E-03
   17.10000      4.9535655E-03
   17.11000      4.6028625E-03
   17.12000      4.2643193E-03
   17.13000      3.9139609E-03
   17.14000      3.5435278E-03
   17.15000      3.1943386E-03
   17.16000      2.8660095E-03
   17.17000      2.5588891E-03
   17.18000      2.2702294E-03
   17.19000      2.0194487E-03
   17.20000      1.7986316E-03
   17.21000      1.5805837E-03
   17.22000      1.3919165E-03
   17.23000      1.2642312E-03
   17.24000      1.1967816E-03
   17.25000      1.1505656E-03
   17.26000      1.0914557E-03
   17.27000      1.0086376E-03
   17.28000      9.4835542E-04
   17.29000      9.1278908E-04
   17.30000      8.9059083E-04
   17.31000      8.6794741E-04
   17.32000      8.4792939E-04
   17.33000      8.2853175E-04
   17.34000      8.2092482E-04
   17.35000      8.1375003E-04
   17.36000      8.1131561E-04
   17.37000      8.0520584E-04
   17.38000      8.0301182E-04
   17.39000      8.0347259E-04
   17.40000      8.0808543E-04
   17.41000      8.0778118E-04
   17.42000      8.1219233E-04
   17.43000      8.0913579E-04
   17.44000      8.0143881E-04
   17.45000      7.9643982E-04
   17.46000      7.9056888E-04
   17.47000      7.9573051E-04
   17.48000      7.9440343E-04
   17.49000      7.9462380E-04
   17.50000      7.9226500E-04
