  -17.50000      1.3172574E-04
  -17.49000      1.3202403E-04
  -17.48000      1.3175949E-04
  -17.47000      1.3133159E-04
  -17.46000      1.3080593E-04
  -17.45000      1.3148937E-04
  -17.44000      1.3205358E-04
  -17.43000      1.3414536E-04
  -17.42000      1.3632773E-04
  -17.41000      1.3802489E-04
  -17.40000      1.4179906E-04
  -17.39000      1.4668335E-04
  -17.38000      1.5109114E-04
  -17.37000      1.5346443E-04
  -17.36000      1.5483296E-04
  -17.35000      1.5619225E-04
  -17.34000      1.5532375E-04
  -17.33000      1.5175881E-04
  -17.32000      1.4772778E-04
  -17.31000      1.4300825E-04
  -17.30000      1.3691816E-04
  -17.29000      1.2834229E-04
  -17.28000      1.2094140E-04
  -17.27000      1.1416995E-04
  -17.26000      1.0614702E-04
  -17.25000      9.7899181E-05
  -17.24000      8.5016545E-05
  -17.23000      7.4553711E-05
  -17.22000      7.0436050E-05
  -17.21000      7.7414261E-05
  -17.20000      9.5032170E-05
  -17.19000      1.1970395E-04
  -17.18000      1.5010005E-04
  -17.17000      1.8544163E-04
  -17.16000      2.2410041E-04
  -17.15000      2.6603535E-04
  -17.14000      3.1124990E-04
  -17.13000      3.5952756E-04
  -17.12000      4.0777994E-04
  -17.11000      4.5794170E-04
  -17.10000      5.1486603E-04
  -17.09000      5.8021065E-04
  -17.08000      6.5167330E-04
  -17.07000      7.2041550E-04
  -17.06000      7.9311960E-04
  -17.05000      8.7650720E-04
  -17.04000      9.7531109E-04
  -17.03000      1.0848300E-03
  -17.02000      1.2004075E-03
  -17.01000      1.3206360E-03
  -17.00000      1.4450650E-03
  -16.99000      1.5701073E-03
  -16.98000      1.6922079E-03
  -16.97000      1.8069830E-03
  -16.96000      1.9102190E-03
  -16.95000      1.9977193E-03
  -16.94000      2.0652057E-03
  -16.93000      2.1090286E-03
  -16.92000      2.1265296E-03
  -16.91000      2.1158759E-03
  -16.90000      2.0760745E-03
  -16.89000      2.0067173E-03
  -16.88000      1.9096500E-03
  -16.87000      1.7874693E-03
  -16.86000      1.6452277E-03
  -16.85000      1.4869225E-03
  -16.84000      1.3182246E-03
  -16.83000      1.1452853E-03
  -16.82000      9.7354047E-04
  -16.81000      8.0922223E-04
  -16.80000      6.5732899E-04
  -16.79000      5.2239961E-04
  -16.78000      4.0826167E-04
  -16.77000      3.1702733E-04
  -16.76000      2.4991075E-04
  -16.75000      2.0687362E-04
  -16.74000      1.8638455E-04
  -16.73000      1.8609554E-04
  -16.72000      2.0240070E-04
  -16.71000      2.3132125E-04
  -16.70000      2.6807733E-04
  -16.69000      3.0818107E-04
  -16.68000      3.4688966E-04
  -16.67000      3.8028497E-04
  -16.66000      4.0498815E-04
  -16.65000      4.1846815E-04
  -16.64000      4.1929350E-04
  -16.63000      4.0697728E-04
  -16.62000      3.8220981E-04
  -16.61000      3.4641419E-04
  -16.60000      3.0208658E-04
  -16.59000      2.5210506E-04
  -16.58000      1.9970273E-04
  -16.57000      1.4846139E-04
  -16.56000      1.0136432E-04
  -16.55000      6.1524763E-05
  -16.54000      3.0989235E-05
  -16.53000      1.1371741E-05
  -16.52000      3.3015097E-06
  -16.51000      6.5614499E-06
  -16.50000      2.0135345E-05
  -16.49000      4.2160904E-05
  -16.48000      7.0350688E-05
  -16.47000      1.0185658E-04
  -16.46000      1.3374373E-04
  -16.45000      1.6317988E-04
  -16.44000      1.8745154E-04
  -16.43000      2.0462788E-04
  -16.42000      2.1314321E-04
  -16.41000      2.1239402E-04
  -16.40000      2.0245824E-04
  -16.39000      1.8428864E-04
  -16.38000      1.5943260E-04
  -16.37000      1.3007823E-04
  -16.36000      9.8791585E-05
  -16.35000      6.8220332E-05
  -16.34000      4.1064752E-05
  -16.33000      1.9673762E-05
  -16.32000      5.9549129E-06
  -16.31000      1.2391100E-06
  -16.30000      6.0396010E-06
  -16.29000      2.0183123E-05
  -16.28000      4.2701198E-05
  -16.27000      7.2126124E-05
  -16.26000      1.0632414E-04
  -16.25000      1.4321943E-04
  -16.24000      1.8051395E-04
  -16.23000      2.1638138E-04
  -16.22000      2.4981546E-04
  -16.21000      2.8008767E-04
  -16.20000      3.0794315E-04
  -16.19000      3.3513660E-04
  -16.18000      3.6452006E-04
  -16.17000      4.0025800E-04
  -16.16000      4.4721129E-04
  -16.15000      5.1111891E-04
  -16.14000      5.9808849E-04
  -16.13000      7.1403477E-04
  -16.12000      8.6435303E-04
  -16.11000      1.0540679E-03
  -16.10000      1.2853363E-03
  -16.09000      1.5608692E-03
  -16.08000      1.8781703E-03
  -16.07000      2.2349004E-03
  -16.06000      2.6254645E-03
  -16.05000      3.0404010E-03
  -16.04000      3.4713359E-03
  -16.03000      3.9036470E-03
  -16.02000      4.3251081E-03
  -16.01000      4.7211610E-03
  -16.00000      5.0769527E-03
  -15.99000      5.3791194E-03
  -15.98000      5.6147971E-03
  -15.97000      5.7731494E-03
  -15.96000      5.8471397E-03
  -15.95000      5.8312854E-03
  -15.94000      5.7244534E-03
  -15.93000      5.5284887E-03
  -15.92000      5.2502556E-03
  -15.91000      4.8971800E-03
  -15.90000      4.4828537E-03
  -15.89000      4.0206742E-03
  -15.88000      3.5276448E-03
  -15.87000      3.0212845E-03
  -15.86000      2.5178662E-03
  -15.85000      2.0347862E-03
  -15.84000      1.5875603E-03
  -15.83000      1.1884923E-03
  -15.82000      8.4865728E-04
  -15.81000      5.7445135E-04
  -15.80000      3.6955328E-04
  -15.79000      2.3445122E-04
  -15.78000      1.6496977E-04
  -15.77000      1.5503394E-04
  -15.76000      1.9506272E-04
  -15.75000      2.7440113E-04
  -15.74000      3.8019984E-04
  -15.73000      5.0028024E-04
  -15.72000      6.2193297E-04
  -15.71000      7.3403004E-04
  -15.70000      8.2711695E-04
  -15.69000      8.9351565E-04
  -15.68000      9.2861301E-04
  -15.67000      9.3015347E-04
  -15.66000      8.9867064E-04
  -15.65000      8.3702395E-04
  -15.64000      7.5053977E-04
  -15.63000      6.4598437E-04
  -15.62000      5.3097872E-04
  -15.61000      4.1452420E-04
  -15.60000      3.0414495E-04
  -15.59000      2.0793236E-04
  -15.58000      1.3154712E-04
  -15.57000      7.9521436E-05
  -15.56000      5.4302021E-05
  -15.55000      5.6095261E-05
  -15.54000      8.3235514E-05
  -15.53000      1.3193094E-04
  -15.52000      1.9728487E-04
  -15.51000      2.7281325E-04
  -15.50000      3.5176909E-04
  -15.49000      4.2752578E-04
  -15.48000      4.9343274E-04
  -15.47000      5.4464943E-04
  -15.46000      5.7688041E-04
  -15.45000      5.8813713E-04
  -15.44000      5.7794061E-04
  -15.43000      5.4756168E-04
  -15.42000      4.9988407E-04
  -15.41000      4.3903943E-04
  -15.40000      3.7034717E-04
  -15.39000      2.9895338E-04
  -15.38000      2.3062664E-04
  -15.37000      1.6981295E-04
  -15.36000      1.2038621E-04
  -15.35000      8.4601699E-05
  -15.34000      6.3101281E-05
  -15.33000      5.5027318E-05
  -15.32000      5.7941172E-05
  -15.31000      6.8343972E-05
  -15.30000      8.2024657E-05
  -15.29000      9.4784853E-05
  -15.28000      1.0310652E-04
  -15.27000      1.0485492E-04
  -15.26000      1.0008313E-04
  -15.25000      9.1614304E-05
  -15.24000      8.5410626E-05
  -15.23000      9.1038310E-05
  -15.22000      1.2141815E-04
  -15.21000      1.9277017E-04
  -15.20000      3.2394726E-04
  -15.19000      5.3542486E-04
  -15.18000      8.4878522E-04
  -15.17000      1.2842786E-03
  -15.16000      1.8597123E-03
  -15.15000      2.5923301E-03
  -15.14000      3.4873721E-03
  -15.13000      4.5531630E-03
  -15.12000      5.7787849E-03
  -15.11000      7.1541099E-03
  -15.10000      8.6603425E-03
  -15.09000      1.0260038E-02
  -15.08000      1.1922046E-02
  -15.07000      1.3594478E-02
  -15.06000      1.5230314E-02
  -15.05000      1.6777374E-02
  -15.04000      1.8178098E-02
  -15.03000      1.9379908E-02
  -15.02000      2.0335842E-02
  -15.01000      2.0999610E-02
  -15.00000      2.1341523E-02
  -14.99000      2.1334711E-02
  -14.98000      2.0971993E-02
  -14.97000      2.0255053E-02
  -14.96000      1.9206567E-02
  -14.95000      1.7853264E-02
  -14.94000      1.6246464E-02
  -14.93000      1.4438746E-02
  -14.92000      1.2496872E-02
  -14.91000      1.0494250E-02
  -14.90000      8.5029323E-03
  -14.89000      6.5975259E-03
  -14.88000      4.8502958E-03
  -14.87000      3.3166022E-03
  -14.86000      2.0522187E-03
  -14.85000      1.0918857E-03
  -14.84000      4.5795931E-04
  -14.83000      1.5734893E-04
  -14.82000      1.7680823E-04
  -14.81000      4.9092626E-04
  -14.80000      1.0572989E-03
  -14.79000      1.8238354E-03
  -14.78000      2.7264012E-03
  -14.77000      3.6991136E-03
  -14.76000      4.6720565E-03
  -14.75000      5.5759167E-03
  -14.74000      6.3514104E-03
  -14.73000      6.9447272E-03
  -14.72000      7.3171374E-03
  -14.71000      7.4438881E-03
  -14.70000      7.3162122E-03
  -14.69000      6.9429199E-03
  -14.68000      6.3498397E-03
  -14.67000      5.5777025E-03
  -14.66000      4.6775914E-03
  -14.65000      3.7157300E-03
  -14.64000      2.7563365E-03
  -14.63000      1.8715467E-03
  -14.62000      1.1270234E-03
  -14.61000      5.7678932E-04
  -14.60000      2.7493061E-04
  -14.59000      2.5154464E-04
  -14.58000      5.2547123E-04
  -14.57000      1.0913890E-03
  -14.56000      1.9320610E-03
  -14.55000      3.0047745E-03
  -14.54000      4.2553376E-03
  -14.53000      5.6151771E-03
  -14.52000      7.0028934E-03
  -14.51000      8.3333980E-03
  -14.50000      9.5250458E-03
  -14.49000      1.0492442E-02
  -14.48000      1.1172113E-02
  -14.47000      1.1504022E-02
  -14.46000      1.1458412E-02
  -14.45000      1.1022275E-02
  -14.44000      1.0214718E-02
  -14.43000      9.0734148E-03
  -14.42000      7.6727956E-03
  -14.41000      6.1030802E-03
  -14.40000      4.4796653E-03
  -14.39000      2.9349190E-03
  -14.38000      1.6108456E-03
  -14.37000      6.5635180E-04
  -14.36000      2.2053484E-04
  -14.35000      4.3902540E-04
  -14.34000      1.4384662E-03
  -14.33000      3.3167372E-03
  -14.32000      6.1549060E-03
  -14.31000      9.9776406E-03
  -14.30000      1.4810196E-02
  -14.29000      2.0604862E-02
  -14.28000      2.7296172E-02
  -14.27000      3.4773637E-02
  -14.26000      4.2887758E-02
  -14.25000      5.1471680E-02
  -14.24000      6.0334183E-02
  -14.23000      6.9242865E-02
  -14.22000      7.7996776E-02
  -14.21000      8.6354516E-02
  -14.20000      9.4101533E-02
  -14.19000      0.1010536    
  -14.18000      0.1069926    
  -14.17000      0.1118016    
  -14.16000      0.1153378    
  -14.15000      0.1175324    
  -14.14000      0.1183434    
  -14.13000      0.1177642    
  -14.12000      0.1158316    
  -14.11000      0.1126212    
  -14.10000      0.1082329    
  -14.09000      0.1027998    
  -14.08000      9.6487679E-02
  -14.07000      8.9466073E-02
  -14.06000      8.1904143E-02
  -14.05000      7.4022934E-02
  -14.04000      6.5971673E-02
  -14.03000      5.7967469E-02
  -14.02000      5.0158262E-02
  -14.01000      4.2678509E-02
  -14.00000      3.5684995E-02
  -13.99000      2.9240856E-02
  -13.98000      2.3450732E-02
  -13.97000      1.8341012E-02
  -13.96000      1.3935043E-02
  -13.95000      1.0233657E-02
  -13.94000      7.2104023E-03
  -13.93000      4.8195785E-03
  -13.92000      3.0109948E-03
  -13.91000      1.7093655E-03
  -13.90000      8.4861257E-04
  -13.89000      3.4803947E-04
  -13.88000      1.3290388E-04
  -13.87000      1.2999091E-04
  -13.86000      2.7326631E-04
  -13.85000      5.0325302E-04
  -13.84000      7.7050383E-04
  -13.83000      1.0352033E-03
  -13.82000      1.2672467E-03
  -13.81000      1.4460620E-03
  -13.80000      1.5608572E-03
  -13.79000      1.6071453E-03
  -13.78000      1.5876072E-03
  -13.77000      1.5096453E-03
  -13.76000      1.3845350E-03
  -13.75000      1.2250026E-03
  -13.74000      1.0446924E-03
  -13.73000      8.5655646E-04
  -13.72000      6.7239394E-04
  -13.71000      5.0230091E-04
  -13.70000      3.5301736E-04
  -13.69000      2.2984044E-04
  -13.68000      1.3472997E-04
  -13.67000      6.7714915E-05
  -13.66000      2.7035265E-05
  -13.65000      9.0142948E-06
  -13.64000      9.3584467E-06
  -13.63000      2.3041339E-05
  -13.62000      4.5133849E-05
  -13.61000      7.0892114E-05
  -13.60000      9.6370219E-05
  -13.59000      1.1837377E-04
  -13.58000      1.3466900E-04
  -13.57000      1.4406528E-04
  -13.56000      1.4616191E-04
  -13.55000      1.4145613E-04
  -13.54000      1.3093224E-04
  -13.53000      1.1608906E-04
  -13.52000      9.8467914E-05
  -13.51000      7.9812489E-05
  -13.50000      6.1551043E-05
  -13.49000      4.4926812E-05
  -13.48000      3.0901225E-05
  -13.47000      2.0021162E-05
  -13.46000      1.2639968E-05
  -13.45000      8.8204142E-06
  -13.44000      8.5294332E-06
  -13.43000      1.1725659E-05
  -13.42000      1.8434892E-05
  -13.41000      2.8918877E-05
  -13.40000      4.3605502E-05
  -13.39000      6.3336687E-05
  -13.38000      8.9114263E-05
  -13.37000      1.2220562E-04
  -13.36000      1.6416557E-04
  -13.35000      2.1627219E-04
  -13.34000      2.8015161E-04
  -13.33000      3.5675091E-04
  -13.32000      4.4687538E-04
  -13.31000      5.5076019E-04
  -13.30000      6.6790869E-04
  -13.29000      7.9720316E-04
  -13.28000      9.3684753E-04
  -13.27000      1.0837936E-03
  -13.26000      1.2353074E-03
  -13.25000      1.3872253E-03
  -13.24000      1.5352138E-03
  -13.23000      1.6751294E-03
  -13.22000      1.8016979E-03
  -13.21000      1.9114688E-03
  -13.20000      2.0000099E-03
  -13.19000      2.0642302E-03
  -13.18000      2.1016051E-03
  -13.17000      2.1105802E-03
  -13.16000      2.0905510E-03
  -13.15000      2.0420873E-03
  -13.14000      1.9667246E-03
  -13.13000      1.8668919E-03
  -13.12000      1.7459637E-03
  -13.11000      1.6080134E-03
  -13.10000      1.4570245E-03
  -13.09000      1.2986548E-03
  -13.08000      1.1367548E-03
  -13.07000      9.7668183E-04
  -13.06000      8.2226645E-04
  -13.05000      6.7703362E-04
  -13.04000      5.4448686E-04
  -13.03000      4.2637755E-04
  -13.02000      3.2447884E-04
  -13.01000      2.3937438E-04
  -13.00000      1.7041105E-04
  -12.99000      1.1747827E-04
  -12.98000      7.8946949E-05
  -12.97000      5.3123091E-05
  -12.96000      3.7983173E-05
  -12.95000      3.1227421E-05
  -12.94000      3.0656105E-05
  -12.93000      3.4137491E-05
  -12.92000      3.9779068E-05
  -12.91000      4.5961453E-05
  -12.90000      5.1434148E-05
  -12.89000      5.5326735E-05
  -12.88000      5.7120873E-05
  -12.87000      5.6678793E-05
  -12.86000      5.4140961E-05
  -12.85000      4.9909031E-05
  -12.84000      4.4537344E-05
  -12.83000      3.8700327E-05
  -12.82000      3.3044682E-05
  -12.81000      2.8233402E-05
  -12.80000      2.4778703E-05
  -12.79000      2.3077895E-05
  -12.78000      2.3357175E-05
  -12.77000      2.5658450E-05
  -12.76000      2.9874562E-05
  -12.75000      3.5704248E-05
  -12.74000      4.2779273E-05
  -12.73000      5.0583967E-05
  -12.72000      5.8590387E-05
  -12.71000      6.6261186E-05
  -12.70000      7.3049334E-05
  -12.69000      7.8545308E-05
  -12.68000      8.2372768E-05
  -12.67000      8.4294494E-05
  -12.66000      8.4186991E-05
  -12.65000      8.2049242E-05
  -12.64000      7.7994453E-05
  -12.63000      7.2232098E-05
  -12.62000      6.5070955E-05
  -12.61000      5.6852579E-05
  -12.60000      4.7988971E-05
  -12.59000      3.8897364E-05
  -12.58000      2.9970664E-05
  -12.57000      2.1664682E-05
  -12.56000      1.4309047E-05
  -12.55000      8.2905644E-06
  -12.54000      3.8983248E-06
  -12.53000      1.4137573E-06
  -12.52000      1.0877052E-06
  -12.51000      3.1187190E-06
  -12.50000      7.6994802E-06
  -12.49000      1.4976731E-05
  -12.48000      2.5092155E-05
  -12.47000      3.8131810E-05
  -12.46000      5.4147091E-05
  -12.45000      7.3241499E-05
  -12.44000      9.5300216E-05
  -12.43000      1.2036327E-04
  -12.42000      1.4823531E-04
  -12.41000      1.7872419E-04
  -12.40000      2.1170918E-04
  -12.39000      2.4671428E-04
  -12.38000      2.8354125E-04
  -12.37000      3.2165914E-04
  -12.36000      3.6064189E-04
  -12.35000      4.0004533E-04
  -12.34000      4.3932363E-04
  -12.33000      4.7792966E-04
  -12.32000      5.1548489E-04
  -12.31000      5.5133447E-04
  -12.30000      5.8521720E-04
  -12.29000      6.1659544E-04
  -12.28000      6.4510701E-04
  -12.27000      6.7056058E-04
  -12.26000      6.9255545E-04
  -12.25000      7.1101059E-04
  -12.24000      7.2567799E-04
  -12.23000      7.3642476E-04
  -12.22000      7.4314204E-04
  -12.21000      7.4574928E-04
  -12.20000      7.4411154E-04
  -12.19000      7.3815888E-04
  -12.18000      7.2783005E-04
  -12.17000      7.1300397E-04
  -12.16000      6.9369457E-04
  -12.15000      6.6994666E-04
  -12.14000      6.4179412E-04
  -12.13000      6.0939294E-04
  -12.12000      5.7295576E-04
  -12.11000      5.3282321E-04
  -12.10000      4.8957113E-04
  -12.09000      4.4368344E-04
  -12.08000      3.9600476E-04
  -12.07000      3.4735221E-04
  -12.06000      2.9855766E-04
  -12.05000      2.5089225E-04
  -12.04000      2.0513067E-04
  -12.03000      1.6250819E-04
  -12.02000      1.2385985E-04
  -12.01000      9.0030298E-05
  -12.00000      6.1783510E-05
  -11.99000      3.9523555E-05
  -11.98000      2.3535715E-05
  -11.97000      1.3830468E-05
  -11.96000      1.0136995E-05
  -11.95000      1.2006270E-05
  -11.94000      1.8671772E-05
  -11.93000      2.9300521E-05
  -11.92000      4.2776672E-05
  -11.91000      5.8056889E-05
  -11.90000      7.3920462E-05
  -11.89000      8.9294743E-05
  -11.88000      1.0319003E-04
  -11.87000      1.1471308E-04
  -11.86000      1.2324324E-04
  -11.85000      1.2832320E-04
  -11.84000      1.2977087E-04
  -11.83000      1.2764416E-04
  -11.82000      1.2221195E-04
  -11.81000      1.1396841E-04
  -11.80000      1.0352283E-04
  -11.79000      9.1669179E-05
  -11.78000      7.9140998E-05
  -11.77000      6.6776549E-05
  -11.76000      5.5284509E-05
  -11.75000      4.5257566E-05
  -11.74000      3.7185990E-05
  -11.73000      3.1315129E-05
  -11.72000      2.7772558E-05
  -11.71000      2.6467114E-05
  -11.70000      2.7164455E-05
  -11.69000      2.9505583E-05
  -11.68000      3.3034463E-05
  -11.67000      3.7273767E-05
  -11.66000      4.1709976E-05
  -11.65000      4.5919202E-05
  -11.64000      4.9534061E-05
  -11.63000      5.2291034E-05
  -11.62000      5.4067543E-05
  -11.61000      5.4843033E-05
  -11.60000      5.4727243E-05
  -11.59000      5.3915974E-05
  -11.58000      5.2666572E-05
  -11.57000      5.1276329E-05
  -11.56000      5.0044666E-05
  -11.55000      4.9247599E-05
  -11.54000      4.9141432E-05
  -11.53000      4.9945571E-05
  -11.52000      5.1882020E-05
  -11.51000      5.5210403E-05
  -11.50000      6.0257757E-05
  -11.49000      6.7569672E-05
  -11.48000      7.7847457E-05
  -11.47000      9.2198628E-05
  -11.46000      1.1208074E-04
  -11.45000      1.3936334E-04
  -11.44000      1.7658071E-04
  -11.43000      2.2643952E-04
  -11.42000      2.9236631E-04
  -11.41000      3.7801912E-04
  -11.40000      4.8709885E-04
  -11.39000      6.2355475E-04
  -11.38000      7.9093286E-04
  -11.37000      9.9227671E-04
  -11.36000      1.2303052E-03
  -11.35000      1.5050241E-03
  -11.34000      1.8170543E-03
  -11.33000      2.1625534E-03
  -11.32000      2.5397085E-03
  -11.31000      2.9425186E-03
  -11.30000      3.3629173E-03
  -11.29000      3.7904850E-03
  -11.28000      4.2157630E-03
  -11.27000      4.6238052E-03
  -11.26000      5.0038393E-03
  -11.25000      5.3398893E-03
  -11.24000      5.6191469E-03
  -11.23000      5.8291960E-03
  -11.22000      5.9588235E-03
  -11.21000      5.9994832E-03
  -11.20000      5.9453933E-03
  -11.19000      5.7939263E-03
  -11.18000      5.5465144E-03
  -11.17000      5.2083097E-03
  -11.16000      4.7888765E-03
  -11.15000      4.3003815E-03
  -11.14000      3.7619343E-03
  -11.13000      3.1902215E-03
  -11.12000      2.6090641E-03
  -11.11000      2.0405266E-03
  -11.10000      1.5068362E-03
  -11.09000      1.0318311E-03
  -11.08000      6.3225836E-04
  -11.07000      3.2584355E-04
  -11.06000      1.2355151E-04
  -11.05000      3.2294694E-05
  -11.04000      5.3305379E-05
  -11.03000      1.8199305E-04
  -11.02000      4.0891595E-04
  -11.01000      7.1779377E-04
  -11.00000      1.0900368E-03
  -10.99000      1.5019574E-03
  -10.98000      1.9275204E-03
  -10.97000      2.3418590E-03
  -10.96000      2.7163110E-03
  -10.95000      3.0293320E-03
  -10.94000      3.2590681E-03
  -10.93000      3.3908524E-03
  -10.92000      3.4150009E-03
  -10.91000      3.3288163E-03
  -10.90000      3.1364823E-03
  -10.89000      2.8493567E-03
  -10.88000      2.4855265E-03
  -10.87000      2.0679764E-03
  -10.86000      1.6257252E-03
  -10.85000      1.1895328E-03
  -10.84000      7.8975642E-04
  -10.83000      4.5922081E-04
  -10.82000      2.2364809E-04
  -10.81000      1.0724949E-04
  -10.80000      1.2458107E-04
  -10.79000      2.8441666E-04
  -10.78000      5.8434083E-04
  -10.77000      1.0148877E-03
  -10.76000      1.5550766E-03
  -10.75000      2.1766531E-03
  -10.74000      2.8446119E-03
  -10.73000      3.5176685E-03
  -10.72000      4.1508344E-03
  -10.71000      4.7017550E-03
  -10.70000      5.1263794E-03
  -10.69000      5.3916154E-03
  -10.68000      5.4688612E-03
  -10.67000      5.3444095E-03
  -10.66000      5.0159902E-03
  -10.65000      4.5007281E-03
  -10.64000      3.8271481E-03
  -10.63000      3.0457422E-03
  -10.62000      2.2199333E-03
  -10.61000      1.4271183E-03
  -10.60000      7.5742410E-04
  -10.59000      3.0894726E-04
  -10.58000      1.8265522E-04
  -10.57000      4.8146519E-04
  -10.56000      1.3014558E-03
  -10.55000      2.7325237E-03
  -10.54000      4.8353113E-03
  -10.53000      7.6694214E-03
  -10.52000      1.1264363E-02
  -10.51000      1.5618023E-02
  -10.50000      2.0716317E-02
  -10.49000      2.6481116E-02
  -10.48000      3.2847650E-02
  -10.47000      3.9689410E-02
  -10.46000      4.6863478E-02
  -10.45000      5.4237492E-02
  -10.44000      6.1588809E-02
  -10.43000      6.8773851E-02
  -10.42000      7.5577557E-02
  -10.41000      8.1825212E-02
  -10.40000      8.7353885E-02
  -10.39000      9.1992438E-02
  -10.38000      9.5618322E-02
  -10.37000      9.8130375E-02
  -10.36000      9.9448994E-02
  -10.35000      9.9542476E-02
  -10.34000      9.8406576E-02
  -10.33000      9.6080892E-02
  -10.32000      9.2621766E-02
  -10.31000      8.8149868E-02
  -10.30000      8.2767710E-02
  -10.29000      7.6652616E-02
  -10.28000      6.9963984E-02
  -10.27000      6.2874854E-02
  -10.26000      5.5588532E-02
  -10.25000      4.8265688E-02
  -10.24000      4.1096717E-02
  -10.23000      3.4238506E-02
  -10.22000      2.7822176E-02
  -10.21000      2.1974066E-02
  -10.20000      1.6781649E-02
  -10.19000      1.2294232E-02
  -10.18000      8.5628834E-03
  -10.17000      5.5696056E-03
  -10.16000      3.3058664E-03
  -10.15000      1.7187953E-03
  -10.14000      7.4083963E-04
  -10.13000      2.9129721E-04
  -10.12000      2.7602204E-04
  -10.11000      5.9850048E-04
  -10.10000      1.1594003E-03
  -10.09000      1.8653577E-03
  -10.08000      2.6294875E-03
  -10.07000      3.3745563E-03
  -10.06000      4.0394953E-03
  -10.05000      4.5723110E-03
  -10.04000      4.9431697E-03
  -10.03000      5.1328903E-03
  -10.02000      5.1385262E-03
  -10.01000      4.9692751E-03
  -10.00000      4.6478705E-03
  -9.990000      4.1997465E-03
  -9.980000      3.6618379E-03
  -9.970000      3.0707093E-03
  -9.960000      2.4638204E-03
  -9.950000      1.8761186E-03
  -9.940000      1.3383708E-03
  -9.930000      8.7497273E-04
  -9.920000      5.0395814E-04
  -9.910000      2.3528849E-04
  -9.900000      7.1832888E-05
  -9.890000      9.2086220E-06
  -9.880000      3.7061105E-05
  -9.870000      1.4014200E-04
  -9.860000      2.9977487E-04
  -9.850000      4.9526710E-04
  -9.840000      7.0570625E-04
  -9.830000      9.1123238E-04
  -9.820000      1.0942755E-03
  -9.810000      1.2405599E-03
  -9.800000      1.3400817E-03
  -9.790000      1.3870666E-03
  -9.780000      1.3803045E-03
  -9.770000      1.3227076E-03
  -9.760000      1.2207784E-03
  -9.750000      1.0839626E-03
  -9.740000      9.2341920E-04
  -9.730000      7.5130182E-04
  -9.720000      5.7946180E-04
  -9.710000      4.1886361E-04
  -9.700000      2.7848911E-04
  -9.690000      1.6507164E-04
  -9.680000      8.2428000E-05
  -9.670000      3.1647567E-05
  -9.660000      1.1114063E-05
  -9.650000      1.6842623E-05
  -9.640000      4.3044842E-05
  -9.630000      8.2776642E-05
  -9.620000      1.2870370E-04
  -9.610000      1.7379942E-04
  -9.600000      2.1210223E-04
  -9.590000      2.3926733E-04
  -9.580000      2.5306208E-04
  -9.570000      2.5360985E-04
  -9.560000      2.4343567E-04
  -9.550000      2.2730764E-04
  -9.540000      2.1188837E-04
  -9.530000      2.0516985E-04
  -9.520000      2.1582055E-04
  -9.510000      2.5243344E-04
  -9.500000      3.2271503E-04
  -9.490000      4.3281898E-04
  -9.480000      5.8667478E-04
  -9.470000      7.8543887E-04
  -9.460000      1.0271800E-03
  -9.450000      1.3069941E-03
  -9.440000      1.6167148E-03
  -9.430000      1.9456252E-03
  -9.420000      2.2806108E-03
  -9.410000      2.6073765E-03
  -9.400000      2.9105700E-03
  -9.390000      3.1755385E-03
  -9.380000      3.3884980E-03
  -9.370000      3.5377732E-03
  -9.360000      3.6144820E-03
  -9.350000      3.6133237E-03
  -9.340000      3.5328502E-03
  -9.330000      3.3756902E-03
  -9.320000      3.1483516E-03
  -9.310000      2.8610409E-03
  -9.300000      2.5271433E-03
  -9.290000      2.1622493E-03
  -9.280000      1.7836771E-03
  -9.270000      1.4088396E-03
  -9.260000      1.0549532E-03
  -9.250000      7.3746924E-04
  -9.240000      4.6956711E-04
  -9.230000      2.6123214E-04
  -9.220000      1.1893895E-04
  -9.210000      4.5096102E-05
  -9.200000      3.8202550E-05
  -9.190000      9.2928618E-05
  -9.180000      2.0056005E-04
  -9.170000      3.4954169E-04
  -9.160000      5.2645971E-04
  -9.150000      7.1667496E-04
  -9.140000      9.0538728E-04
  -9.130000      1.0786196E-03
  -9.120000      1.2240169E-03
  -9.110000      1.3316177E-03
  -9.100000      1.3945394E-03
  -9.090000      1.4091637E-03
  -9.080000      1.3754544E-03
  -9.070000      1.2967237E-03
  -9.060000      1.1792860E-03
  -9.050000      1.0321634E-03
  -9.040000      8.6607836E-04
  -9.030000      6.9284433E-04
  -9.020000      5.2439305E-04
  -9.010000      3.7215601E-04
  -9.000000      2.4592938E-04
  -8.990000      1.5360945E-04
  -8.980000      1.0043653E-04
  -8.970000      8.8709305E-05
  -8.960000      1.1772042E-04
  -8.950000      1.8383640E-04
  -8.940000      2.8080956E-04
  -8.930000      4.0025209E-04
  -8.920000      5.3228717E-04
  -8.910000      6.6627824E-04
  -8.900000      7.9157733E-04
  -8.890000      8.9840824E-04
  -8.880000      9.7841339E-04
  -8.870000      1.0254843E-03
  -8.860000      1.0359721E-03
  -8.850000      1.0090153E-03
  -8.840000      9.4661780E-04
  -8.830000      8.5330487E-04
  -8.820000      7.3603075E-04
  -8.810000      6.0333562E-04
  -8.800000      4.6490438E-04
  -8.790000      3.3074000E-04
  -8.780000      2.1046307E-04
  -8.770000      1.1249467E-04
  -8.760000      4.3542252E-05
  -8.750000      8.0027939E-06
  -8.740000      7.6847091E-06
  -8.730000      4.1621242E-05
  -8.720000      1.0615855E-04
  -8.710000      1.9526399E-04
  -8.700000      3.0092747E-04
  -8.690000      4.1376933E-04
  -8.680000      5.2384165E-04
  -8.670000      6.2147592E-04
  -8.660000      6.9789361E-04
  -8.650000      7.4615958E-04
  -8.640000      7.6166028E-04
  -8.630000      7.4270513E-04
  -8.620000      6.9064187E-04
  -8.610000      6.1000523E-04
  -8.600000      5.0824898E-04
  -8.590000      3.9533692E-04
  -8.580000      2.8312992E-04
  -8.570000      1.8455689E-04
  -8.560000      1.1272518E-04
  -8.550000      8.0018523E-05
  -8.540000      9.7125790E-05
  -8.530000      1.7211598E-04
  -8.520000      3.0989700E-04
  -8.510000      5.1153806E-04
  -8.500000      7.7396008E-04
  -8.490000      1.0898568E-03
  -8.480000      1.4482805E-03
  -8.470000      1.8345870E-03
  -8.460000      2.2316866E-03
  -8.450000      2.6206316E-03
  -8.440000      2.9821240E-03
  -8.430000      3.2971895E-03
  -8.420000      3.5489739E-03
  -8.410000      3.7231541E-03
  -8.400000      3.8096423E-03
  -8.390000      3.8025780E-03
  -8.380000      3.7012687E-03
  -8.370000      3.5100200E-03
  -8.360000      3.2380400E-03
  -8.350000      2.8991662E-03
  -8.340000      2.5107309E-03
  -8.330000      2.0929447E-03
  -8.320000      1.6671660E-03
  -8.310000      1.2554887E-03
  -8.300000      8.7858166E-04
  -8.290000      5.5516709E-04
  -8.280000      3.0032604E-04
  -8.270000      1.2494251E-04
  -8.260000      3.4889232E-05
  -8.250000      3.0795673E-05
  -8.240000      1.0788961E-04
  -8.230000      2.5657355E-04
  -8.220000      4.6284776E-04
  -8.210000      7.0945977E-04
  -8.200000      9.7670278E-04
  -8.190000      1.2443962E-03
  -8.180000      1.4925713E-03
  -8.170000      1.7031484E-03
  -8.160000      1.8610479E-03
  -8.150000      1.9550493E-03
  -8.140000      1.9787459E-03
  -8.130000      1.9306614E-03
  -8.120000      1.8145575E-03
  -8.110000      1.6389124E-03
  -8.100000      1.4165123E-03
  -8.090000      1.1633346E-03
  -8.080000      8.9771050E-04
  -8.070000      6.3872803E-04
  -8.060000      4.0529197E-04
  -8.050000      2.1444193E-04
  -8.040000      8.0471160E-05
  -8.030000      1.3628168E-05
  -8.020000      1.9691524E-05
  -8.010000      9.9258825E-05
  -8.000000      2.4786784E-04
  -7.990000      4.5624992E-04
  -7.980000      7.1081263E-04
  -7.970000      9.9481433E-04
  -7.960000      1.2893009E-03
  -7.950000      1.5745974E-03
  -7.940000      1.8314975E-03
  -7.930000      2.0428179E-03
  -7.920000      2.1943415E-03
  -7.910000      2.2760122E-03
  -7.900000      2.2824218E-03
  -7.890000      2.2132429E-03
  -7.880000      2.0734323E-03
  -7.870000      1.8726290E-03
  -7.860000      1.6244156E-03
  -7.850000      1.3457569E-03
  -7.840000      1.0552247E-03
  -7.830000      7.7226659E-04
  -7.820000      5.1542727E-04
  -7.810000      3.0112176E-04
  -7.800000      1.4230370E-04
  -7.790000      4.7803627E-05
  -7.780000      2.1245396E-05
  -7.770000      6.1096071E-05
  -7.760000      1.6066905E-04
  -7.750000      3.0857243E-04
  -7.740000      4.8970780E-04
  -7.730000      6.8635540E-04
  -7.720000      8.7964337E-04
  -7.710000      1.0510359E-03
  -7.700000      1.1841345E-03
  -7.690000      1.2656313E-03
  -7.680000      1.2870133E-03
  -7.670000      1.2452586E-03
  -7.660000      1.1433804E-03
  -7.650000      9.9076738E-04
  -7.640000      8.0263062E-04
  -7.630000      5.9931155E-04
  -7.620000      4.0498853E-04
  -7.610000      2.4620880E-04
  -7.600000      1.4995718E-04
  -7.590000      1.4169447E-04
  -7.580000      2.4332156E-04
  -7.570000      4.7138272E-04
  -7.560000      8.3520944E-04
  -7.550000      1.3362396E-03
  -7.540000      1.9667617E-03
  -7.530000      2.7099357E-03
  -7.520000      3.5402083E-03
  -7.510000      4.4253203E-03
  -7.500000      5.3261775E-03
  -7.490000      6.2007182E-03
  -7.480000      7.0048175E-03
  -7.470000      7.6965136E-03
  -7.460000      8.2372315E-03
  -7.450000      8.5949861E-03
  -7.440000      8.7465476E-03
  -7.430000      8.6789941E-03
  -7.420000      8.3911419E-03
  -7.410000      7.8940019E-03
  -7.400000      7.2104912E-03
  -7.390000      6.3748704E-03
  -7.380000      5.4305121E-03
  -7.370000      4.4276654E-03
  -7.360000      3.4214754E-03
  -7.350000      2.4671801E-03
  -7.340000      1.6189330E-03
  -7.330000      9.2415378E-04
  -7.320000      4.2234792E-04
  -7.310000      1.4087040E-04
  -7.300000      9.4400813E-05
  -7.290000      2.8286051E-04
  -7.280000      6.9179543E-04
  -7.270000      1.2925897E-03
  -7.260000      2.0446756E-03
  -7.250000      2.8970800E-03
  -7.240000      3.7926715E-03
  -7.230000      4.6702884E-03
  -7.220000      5.4703904E-03
  -7.210000      6.1373222E-03
  -7.200000      6.6237124E-03
  -7.190000      6.8936581E-03
  -7.180000      6.9257268E-03
  -7.170000      6.7145843E-03
  -7.160000      6.2716375E-03
  -7.150000      5.6257648E-03
  -7.140000      4.8202858E-03
  -7.130000      3.9130491E-03
  -7.120000      2.9709246E-03
  -7.110000      2.0670053E-03
  -7.100000      1.2749594E-03
  -7.090000      6.6540559E-04
  -7.080000      2.9947801E-04
  -7.070000      2.2566316E-04
  -7.060000      4.7526014E-04
  -7.050000      1.0598430E-03
  -7.040000      1.9692560E-03
  -7.030000      3.1716726E-03
  -7.020000      4.6143071E-03
  -7.010000      6.2251161E-03
  -7.000000      7.9177245E-03
  -6.990000      9.5944349E-03
  -6.980000      1.1153040E-02
  -6.970000      1.2492955E-02
  -6.960000      1.3520733E-02
  -6.950000      1.4158477E-02
  -6.940000      1.4348609E-02
  -6.930000      1.4059365E-02
  -6.920000      1.3290091E-02
  -6.910000      1.2072971E-02
  -6.900000      1.0474781E-02
  -6.890000      8.5950196E-03
  -6.880000      6.5659964E-03
  -6.870000      4.5439880E-03
  -6.860000      2.7074479E-03
  -6.850000      1.2467114E-03
  -6.840000      3.5651465E-04
  -6.830000      2.2645052E-04
  -6.820000      1.0319303E-03
  -6.810000      2.9249752E-03
  -6.800000      6.0268678E-03
  -6.790000      1.0420002E-02
  -6.780000      1.6141469E-02
  -6.770000      2.3181779E-02
  -6.760000      3.1481396E-02
  -6.750000      4.0927686E-02
  -6.740000      5.1362153E-02
  -6.730000      6.2585704E-02
  -6.720000      7.4351370E-02
  -6.710000      8.6396530E-02
  -6.700000      9.8426014E-02
  -6.690000      0.1101404    
  -6.680000      0.1212390    
  -6.670000      0.1314344    
  -6.660000      0.1404629    
  -6.650000      0.1480960    
  -6.640000      0.1541444    
  -6.630000      0.1584681    
  -6.620000      0.1609740    
  -6.610000      0.1616267    
  -6.600000      0.1604416    
  -6.590000      0.1574873    
  -6.580000      0.1528772    
  -6.570000      0.1467643    
  -6.560000      0.1393357    
  -6.550000      0.1308059    
  -6.540000      0.1213978    
  -6.530000      0.1113593    
  -6.520000      0.1009276    
  -6.510000      9.0342969E-02
  -6.500000      7.9819553E-02
  -6.490000      6.9563657E-02
  -6.480000      5.9751082E-02
  -6.470000      5.0535690E-02
  -6.460000      4.2031873E-02
  -6.450000      3.4329638E-02
  -6.440000      2.7480036E-02
  -6.430000      2.1508358E-02
  -6.420000      1.6411262E-02
  -6.410000      1.2158851E-02
  -6.400000      8.6997915E-03
  -6.390000      5.9689460E-03
  -6.380000      3.8866829E-03
  -6.370000      2.3688262E-03
  -6.360000      1.3266102E-03
  -6.350000      6.7293679E-04
  -6.340000      3.2423247E-04
  -6.330000      2.0412255E-04
  -6.320000      2.4390919E-04
  -6.310000      3.8518492E-04
  -6.300000      5.7926530E-04
  -6.290000      7.8800198E-04
  -6.280000      9.8265789E-04
  -6.270000      1.1437908E-03
  -6.260000      1.2595145E-03
  -6.250000      1.3247525E-03
  -6.240000      1.3396485E-03
  -6.230000      1.3082750E-03
  -6.220000      1.2374893E-03
  -6.210000      1.1357345E-03
  -6.200000      1.0120766E-03
  -6.190000      8.7542523E-04
  -6.180000      7.3415053E-04
  -6.170000      5.9538573E-04
  -6.160000      4.6511588E-04
  -6.150000      3.4783283E-04
  -6.140000      2.4680904E-04
  -6.130000      1.6402696E-04
  -6.120000      1.0043920E-04
  -6.110000      5.6025623E-05
  -6.100000      3.0062967E-05
  -6.090000      2.1155993E-05
  -6.080000      2.7458495E-05
  -6.070000      4.6689704E-05
  -6.060000      7.6280514E-05
  -6.050000      1.1341691E-04
  -6.040000      1.5510786E-04
  -6.030000      1.9830304E-04
  -6.020000      2.3995596E-04
  -6.010000      2.7719513E-04
  -6.000000      3.0742079E-04
  -5.990000      3.2845396E-04
  -5.980000      3.3872257E-04
  -5.970000      3.3733869E-04
  -5.960000      3.2426391E-04
  -5.950000      3.0037659E-04
  -5.940000      2.6746478E-04
  -5.930000      2.2827054E-04
  -5.920000      1.8630995E-04
  -5.910000      1.4583250E-04
  -5.900000      1.1151065E-04
  -5.890000      8.8289678E-05
  -5.880000      8.1027916E-05
  -5.870000      9.4217714E-05
  -5.860000      1.3168025E-04
  -5.850000      1.9623651E-04
  -5.840000      2.8954013E-04
  -5.830000      4.1178180E-04
  -5.820000      5.6170882E-04
  -5.810000      7.3650439E-04
  -5.800000      9.3192107E-04
  -5.790000      1.1424250E-03
  -5.780000      1.3614754E-03
  -5.770000      1.5818744E-03
  -5.760000      1.7961503E-03
  -5.750000      1.9968385E-03
  -5.740000      2.1770957E-03
  -5.730000      2.3306883E-03
  -5.720000      2.4526990E-03
  -5.710000      2.5394671E-03
  -5.700000      2.5889582E-03
  -5.690000      2.6006268E-03
  -5.680000      2.5753598E-03
  -5.670000      2.5154797E-03
  -5.660000      2.4245558E-03
  -5.650000      2.3070842E-03
  -5.640000      2.1681865E-03
  -5.630000      2.0132395E-03
  -5.620000      1.8478320E-03
  -5.610000      1.6770680E-03
  -5.600000      1.5057188E-03
  -5.590000      1.3378792E-03
  -5.580000      1.1768052E-03
  -5.570000      1.0248302E-03
  -5.560000      8.8361208E-04
  -5.550000      7.5392041E-04
  -5.540000      6.3608261E-04
  -5.530000      5.2988570E-04
  -5.520000      4.3496062E-04
  -5.510000      3.5082203E-04
  -5.500000      2.7712787E-04
  -5.490000      2.1372587E-04
  -5.480000      1.6079303E-04
  -5.470000      1.1875950E-04
  -5.460000      8.8323752E-05
  -5.450000      7.0314825E-05
  -5.440000      6.5555017E-05
  -5.430000      7.4668140E-05
  -5.420000      9.7945514E-05
  -5.410000      1.3512987E-04
  -5.400000      1.8527944E-04
  -5.390000      2.4670671E-04
  -5.380000      3.1691507E-04
  -5.370000      3.9267074E-04
  -5.360000      4.7015731E-04
  -5.350000      5.4511760E-04
  -5.340000      6.1317964E-04
  -5.330000      6.7007955E-04
  -5.320000      7.1203487E-04
  -5.310000      7.3602609E-04
  -5.300000      7.4010529E-04
  -5.290000      7.2348845E-04
  -5.280000      6.8679656E-04
  -5.270000      6.3200627E-04
  -5.260000      5.6235428E-04
  -5.250000      4.8225807E-04
  -5.240000      3.9692695E-04
  -5.230000      3.1212001E-04
  -5.220000      2.3362684E-04
  -5.210000      1.6698847E-04
  -5.200000      1.1691744E-04
  -5.190000      8.7058695E-05
  -5.180000      7.9544247E-05
  -5.170000      9.4867741E-05
  -5.160000      1.3173836E-04
  -5.150000      1.8714649E-04
  -5.140000      2.5652666E-04
  -5.130000      3.3409538E-04
  -5.120000      4.1331194E-04
  -5.110000      4.8729082E-04
  -5.100000      5.4944039E-04
  -5.090000      5.9402088E-04
  -5.080000      6.1661546E-04
  -5.070000      6.1455660E-04
  -5.060000      5.8719399E-04
  -5.050000      5.3608359E-04
  -5.040000      4.6493442E-04
  -5.030000      3.7939270E-04
  -5.020000      2.8675422E-04
  -5.010000      1.9537596E-04
  -5.000000      1.1415382E-04
  -4.990000      5.1737123E-05
  -4.980000      1.5962487E-05
  -4.970000      1.3055282E-05
  -4.960000      4.7123911E-05
  -4.950000      1.1969788E-04
  -4.940000      2.2937804E-04
  -4.930000      3.7204463E-04
  -4.920000      5.4069696E-04
  -4.910000      7.2620303E-04
  -4.900000      9.1770623E-04
  -4.890000      1.1037230E-03
  -4.880000      1.2727400E-03
  -4.870000      1.4145470E-03
  -4.860000      1.5208727E-03
  -4.850000      1.5864191E-03
  -4.840000      1.6094845E-03
  -4.830000      1.5923616E-03
  -4.820000      1.5413734E-03
  -4.810000      1.4669523E-03
  -4.800000      1.3828613E-03
  -4.790000      1.3056003E-03
  -4.780000      1.2533914E-03
  -4.770000      1.2447606E-03
  -4.760000      1.2972844E-03
  -4.750000      1.4260097E-03
  -4.740000      1.6422420E-03
  -4.730000      1.9520167E-03
  -4.720000      2.3554997E-03
  -4.710000      2.8460647E-03
  -4.700000      3.4104220E-03
  -4.690000      4.0286435E-03
  -4.680000      4.6755956E-03
  -4.670000      5.3210487E-03
  -4.660000      5.9331036E-03
  -4.650000      6.4784149E-03
  -4.640000      6.9256159E-03
  -4.630000      7.2463755E-03
  -4.620000      7.4176188E-03
  -4.610000      7.4237622E-03
  -4.600000      7.2577102E-03
  -4.590000      6.9213151E-03
  -4.580000      6.4261751E-03
  -4.570000      5.7933740E-03
  -4.560000      5.0522033E-03
  -4.550000      4.2396402E-03
  -4.540000      3.3971511E-03
  -4.530000      2.5697611E-03
  -4.520000      1.8020122E-03
  -4.510000      1.1362786E-03
  -4.500000      6.0902850E-04
  -4.490000      2.4922169E-04
  -4.480000      7.5566015E-05
  -4.470000      9.5372030E-05
  -4.460000      3.0374833E-04
  -4.450000      6.8398233E-04
  -4.440000      1.2083789E-03
  -4.430000      1.8397096E-03
  -4.420000      2.5339921E-03
  -4.410000      3.2429120E-03
  -4.400000      3.9172759E-03
  -4.390000      4.5101647E-03
  -4.380000      4.9797054E-03
  -4.370000      5.2925558E-03
  -4.360000      5.4255901E-03
  -4.350000      5.3679808E-03
  -4.340000      5.1221834E-03
  -4.330000      4.7034635E-03
  -4.320000      4.1403472E-03
  -4.310000      3.4716357E-03
  -4.300000      2.7451853E-03
  -4.290000      2.0134659E-03
  -4.280000      1.3311394E-03
  -4.270000      7.5062132E-04
  -4.260000      3.1857757E-04
  -4.250000      7.1845163E-05
  -4.240000      3.5244662E-05
  -4.230000      2.1927552E-04
  -4.220000      6.1904103E-04
  -4.210000      1.2144148E-03
  -4.200000      1.9712411E-03
  -4.190000      2.8433315E-03
  -4.180000      3.7754988E-03
  -4.170000      4.7070608E-03
  -4.160000      5.5760853E-03
  -4.150000      6.3234926E-03
  -4.140000      6.8973065E-03
  -4.130000      7.2561754E-03
  -4.120000      7.3725702E-03
  -4.110000      7.2358004E-03
  -4.100000      6.8519176E-03
  -4.090000      6.2452182E-03
  -4.080000      5.4563573E-03
  -4.070000      4.5396965E-03
  -4.060000      3.5598930E-03
  -4.050000      2.5875601E-03
  -4.040000      1.6931285E-03
  -4.030000      9.4273640E-04
  -4.020000      3.9206434E-04
  -4.010000      8.2836501E-05
  -4.000000      3.8506038E-05
  -3.990000      2.6285200E-04
  -3.980000      7.3897513E-04
  -3.970000      1.4300566E-03
  -3.960000      2.2826572E-03
  -3.950000      3.2287929E-03
  -3.940000      4.1924599E-03
  -3.930000      5.0939959E-03
  -3.920000      5.8573438E-03
  -3.910000      6.4152670E-03
  -3.900000      6.7171846E-03
  -3.890000      6.7325914E-03
  -3.880000      6.4563197E-03
  -3.870000      5.9103635E-03
  -3.860000      5.1443693E-03
  -3.850000      4.2341426E-03
  -3.840000      3.2774096E-03
  -3.830000      2.3876915E-03
  -3.820000      1.6864578E-03
  -3.810000      1.2953861E-03
  -3.800000      1.3255952E-03
  -3.790000      1.8703568E-03
  -3.780000      2.9956000E-03
  -3.770000      4.7343899E-03
  -3.760000      7.0809489E-03
  -3.750000      9.9890893E-03
  -3.740000      1.3370755E-02
  -3.730000      1.7101200E-02
  -3.720000      2.1019967E-02
  -3.710000      2.4943046E-02
  -3.700000      2.8667638E-02
  -3.690000      3.1989750E-02
  -3.680000      3.4709740E-02
  -3.670000      3.6655348E-02
  -3.660000      3.7686035E-02
  -3.650000      3.7708823E-02
  -3.640000      3.6689397E-02
  -3.630000      3.4651306E-02
  -3.620000      3.1686548E-02
  -3.610000      2.7945442E-02
  -3.600000      2.3636604E-02
  -3.590000      1.9008400E-02
  -3.580000      1.4341707E-02
  -3.570000      9.9270036E-03
  -3.560000      6.0538216E-03
  -3.550000      2.9858593E-03
  -3.540000      9.4919471E-04
  -3.530000      1.1344599E-04
  -3.520000      5.8197457E-04
  -3.510000      2.3789043E-03
  -3.500000      5.4487181E-03
  -3.490000      9.6483780E-03
  -3.480000      1.4759596E-02
  -3.470000      2.0494413E-02
  -3.460000      2.6507173E-02
  -3.450000      3.2420203E-02
  -3.440000      3.7843358E-02
  -3.430000      4.2405825E-02
  -3.420000      4.5777287E-02
  -3.410000      4.7698457E-02
  -3.400000      4.7998801E-02
  -3.390000      4.6617176E-02
  -3.380000      4.3610036E-02
  -3.370000      3.9152581E-02
  -3.360000      3.3530887E-02
  -3.350000      2.7135503E-02
  -3.340000      2.0428117E-02
  -3.330000      1.3933425E-02
  -3.320000      8.1904903E-03
  -3.310000      3.7345828E-03
  -3.300000      1.0537099E-03
  -3.290000      5.5653206E-04
  -3.280000      2.5341257E-03
  -3.270000      7.1347053E-03
  -3.260000      1.4340879E-02
  -3.250000      2.3948576E-02
  -3.240000      3.5575230E-02
  -3.230000      4.8661396E-02
  -3.220000      6.2501550E-02
  -3.210000      7.6276280E-02
  -3.200000      8.9109927E-02
  -3.190000      0.1001232    
  -3.180000      0.1085007    
  -3.170000      0.1135436    
  -3.160000      0.1147280    
  -3.150000      0.1117726    
  -3.140000      0.1046652    
  -3.130000      9.3698591E-02
  -3.120000      7.9493813E-02
  -3.110000      6.3001685E-02
  -3.100000      4.5504924E-02
  -3.090000      2.8582241E-02
  -3.080000      1.4084427E-02
  -3.070000      4.0509929E-03
  -3.060000      6.6111737E-04
  -3.050000      6.1098877E-03
  -3.040000      2.2515969E-02
  -3.030000      5.1812131E-02
  -3.020000      9.5602706E-02
  -3.010000      0.1551006    
  -3.000000      0.2309880    
  -2.990000      0.3234727    
  -2.980000      0.4320739    
  -2.970000      0.5558258    
  -2.960000      0.6931033    
  -2.950000      0.8418427    
  -2.940000      0.9994212    
  -2.930000       1.162933    
  -2.920000       1.328961    
  -2.910000       1.493980    
  -2.900000       1.654161    
  -2.890000       1.805623    
  -2.880000       1.944484    
  -2.870000       2.066935    
  -2.860000       2.169494    
  -2.850000       2.249058    
  -2.840000       2.303181    
  -2.830000       2.330127    
  -2.820000       2.328933    
  -2.810000       2.299629    
  -2.800000       2.243075    
  -2.790000       2.161138    
  -2.780000       2.056429    
  -2.770000       1.932130    
  -2.760000       1.791913    
  -2.750000       1.639719    
  -2.740000       1.479491    
  -2.730000       1.315264    
  -2.720000       1.150722    
  -2.710000      0.9894692    
  -2.700000      0.8345509    
  -2.690000      0.6887388    
  -2.680000      0.5543873    
  -2.670000      0.4333924    
  -2.660000      0.3270484    
  -2.650000      0.2362748    
  -2.640000      0.1613570    
  -2.630000      0.1021176    
  -2.620000      5.7840306E-02
  -2.610000      2.7363572E-02
  -2.600000      9.1126636E-03
  -2.590000      1.2633164E-03
  -2.580000      1.7855420E-03
  -2.570000      8.6235963E-03
  -2.560000      1.9766903E-02
  -2.550000      3.3356763E-02
  -2.540000      4.7735587E-02
  -2.530000      6.1515059E-02
  -2.520000      7.3572375E-02
  -2.510000      8.3078101E-02
  -2.500000      8.9490391E-02
  -2.490000      9.2532329E-02
  -2.480000      9.2187770E-02
  -2.470000      8.8668369E-02
  -2.460000      8.2377590E-02
  -2.450000      7.3873602E-02
  -2.440000      6.3820280E-02
  -2.430000      5.2924953E-02
  -2.420000      4.1894156E-02
  -2.410000      3.1371307E-02
  -2.400000      2.1909473E-02
  -2.390000      1.3927534E-02
  -2.380000      7.7112145E-03
  -2.370000      3.3949132E-03
  -2.360000      9.8758435E-04
  -2.350000      3.7733183E-04
  -2.340000      1.3579074E-03
  -2.330000      3.6510334E-03
  -2.320000      6.9265044E-03
  -2.310000      1.0828933E-02
  -2.300000      1.4990163E-02
  -2.290000      1.9058950E-02
  -2.280000      2.2713058E-02
  -2.270000      2.5684815E-02
  -2.260000      2.7775906E-02
  -2.250000      2.8872794E-02
  -2.240000      2.8946206E-02
  -2.230000      2.8044324E-02
  -2.220000      2.6283229E-02
  -2.210000      2.3816986E-02
  -2.200000      2.0817252E-02
  -2.190000      1.7515806E-02
  -2.180000      1.4139025E-02
  -2.170000      1.0869700E-02
  -2.160000      7.8640673E-03
  -2.150000      5.2548470E-03
  -2.140000      3.1418260E-03
  -2.130000      1.5873546E-03
  -2.120000      6.0860254E-04
  -2.110000      1.8108364E-04
  -2.100000      2.4354063E-04
  -2.090000      7.0251938E-04
  -2.080000      1.4471186E-03
  -2.070000      2.3555222E-03
  -2.060000      3.2807298E-03
  -2.050000      4.0647844E-03
  -2.040000      4.6182750E-03
  -2.030000      4.9672094E-03
  -2.020000      5.1646195E-03
  -2.010000      5.1953415E-03
  -2.000000      5.0211512E-03
  -1.990000      4.5563593E-03
  -1.980000      3.7346140E-03
  -1.970000      2.7312462E-03
  -1.960000      1.8431301E-03
  -1.950000      1.2209646E-03
  -1.940000      8.6242351E-04
  -1.930000      7.7211001E-04
  -1.920000      9.5029169E-04
  -1.910000      1.4180518E-03
  -1.900000      2.2180760E-03
  -1.890000      3.4891043E-03
  -1.880000      5.4612104E-03
  -1.870000      7.9138651E-03
  -1.860000      9.9890158E-03
  -1.850000      1.0677703E-02
  -1.840000      1.2487260E-02
  -1.830000      1.6764252E-02
  -1.820000      1.7415412E-02
  -1.810000      2.2249801E-02
  -1.800000      3.3493835E-02
  -1.790000      3.4107987E-02
  -1.780000      2.6303230E-02
  -1.770000      1.6002851E-02
  -1.760000      8.8393651E-03
  -1.750000      7.0072045E-03
  -1.740000      8.4033217E-03
  -1.730000      9.8853745E-03
  -1.720000      9.1339415E-03
  -1.710000      8.5411100E-03
  -1.700000      7.9381159E-03
  -1.690000      5.7265619E-03
  -1.680000      2.4978626E-03
  -1.670000      8.4054377E-04
  -1.660000      4.7044226E-04
  -1.650000      4.0239893E-04
  -1.640000      3.9356475E-04
  -1.630000      4.7908368E-04
  -1.620000      4.7171873E-04
  -1.610000      5.1699084E-04
  -1.600000      9.1101264E-04
  -1.590000      1.8641866E-03
  -1.580000      4.5789313E-03
  -1.570000      1.2545724E-02
  -1.560000      1.7417369E-02
  -1.550000      1.0071766E-02
  -1.540000      5.5226889E-03
  -1.530000      4.1276934E-03
  -1.520000      2.3385272E-03
  -1.510000      1.1932540E-03
  -1.500000      1.2171158E-03
  -1.490000      9.8669552E-04
  -1.480000      5.6004536E-04
  -1.470000      2.1927946E-04
  -1.460000      9.1061498E-05
  -1.450000      5.7072080E-05
  -1.440000      4.2401774E-05
  -1.430000      4.0751587E-05
  -1.420000      5.1940598E-05
  -1.410000      7.5925447E-05
  -1.400000      1.3486826E-04
  -1.390000      3.1534093E-04
  -1.380000      4.8061024E-04
  -1.370000      3.3953390E-04
  -1.360000      2.8881486E-04
  -1.350000      6.0803385E-04
  -1.340000      1.9546435E-03
  -1.330000      3.5557647E-03
  -1.320000      2.8013205E-03
  -1.310000      1.7794889E-03
  -1.300000      1.5570319E-03
  -1.290000      1.3080781E-03
  -1.280000      6.5175409E-04
  -1.270000      2.4638753E-04
  -1.260000      1.6774480E-04
  -1.250000      1.4456666E-04
  -1.240000      1.2125563E-04
  -1.230000      8.9825779E-05
  -1.220000      6.6556226E-05
  -1.210000      5.5743454E-05
  -1.200000      4.8624370E-05
  -1.190000      4.4334418E-05
  -1.180000      4.3352280E-05
  -1.170000      4.6286019E-05
  -1.160000      5.3121446E-05
  -1.150000      4.7771173E-05
  -1.140000      5.1484345E-05
  -1.130000      2.3592868E-06
  -1.120000     -2.6999251E-04
  -1.110000      8.7071112E-06
  -1.100000      1.2555593E-02
  -1.090000      4.6779707E-02
  -1.080000      3.7895951E-02
  -1.070000      2.8080896E-02
  -1.060000      1.2251374E-02
  -1.050000      1.1442123E-03
  -1.040000      5.8134716E-05
  -1.030000      3.0701651E-04
  -1.020000      1.6341889E-03
  -1.010000      1.7676131E-03
  -1.000000      1.1545272E-03
 -0.9900000      5.2801805E-04
 -0.9800000      2.9460413E-04
 -0.9700000      5.5197178E-04
 -0.9600000      1.6700197E-03
 -0.9500000      1.9476051E-03
 -0.9400000      5.5225147E-04
 -0.9300000      1.3781777E-04
 -0.9200000      1.9056785E-04
 -0.9100000      4.9767271E-04
 -0.9000000      4.8792944E-04
 -0.8900000      1.8474058E-04
 -0.8800000      4.7840492E-04
 -0.8700000      7.0060149E-04
 -0.8600000      1.5921734E-04
 -0.8500000      6.2155217E-05
 -0.8400000      6.0915292E-05
 -0.8300000      1.2783907E-04
 -0.8200000      1.5149801E-04
 -0.8100000      6.5038686E-05
 -0.8000000      5.8213820E-05
 -0.7900000      4.4245913E-05
 -0.7800000      4.4864857E-05
 -0.7700000      3.0715088E-05
 -0.7600000      2.0548267E-05
 -0.7500000      1.2921072E-05
 -0.7400000      1.3758862E-05
 -0.7300000      3.2122611E-05
 -0.7200000      5.6084184E-05
 -0.7100000      2.7028645E-05
 -0.7000000      2.9873889E-05
 -0.6900000      2.6143522E-05
 -0.6800000      4.9211838E-05
 -0.6700000      1.1656150E-04
 -0.6600000      6.1114697E-05
 -0.6500000      4.2709969E-05
 -0.6400000      4.9776703E-05
 -0.6300000      4.5536548E-05
 -0.6200000      4.3909582E-05
 -0.6100000      4.9674793E-05
 -0.6000000      3.3779692E-05
 -0.5900000      4.5894198E-05
 -0.5800000      5.8536872E-04
 -0.5700000      8.0748065E-04
 -0.5600000      1.0674827E-04
 -0.5500000     -1.3411227E-06
 -0.5400000      1.5594789E-05
 -0.5300000      4.3495384E-05
 -0.5200000      1.1557533E-05
 -0.5100000     -1.4370880E-06
 -0.5000000      5.8060555E-06
 -0.4900000      6.0974133E-05
 -0.4800000      5.8899899E-05
 -0.4700000      2.2154927E-05
 -0.4600000      1.9637526E-05
 -0.4500000      2.9500488E-05
 -0.4400000      9.2155868E-05
 -0.4300000      2.6260832E-04
 -0.4200000      3.8615309E-04
 -0.4100000      1.9712013E-04
 -0.4000000      7.1890368E-05
 -0.3900000      5.9315320E-05
 -0.3800000      5.4468594E-05
 -0.3700000      2.9180699E-05
 -0.3600000      6.7788955E-05
 -0.3500000      1.3797086E-03
 -0.3400000      4.3085641E-03
 -0.3300000      1.3133440E-03
 -0.3200000      1.4814428E-05
 -0.3100000     -2.3656841E-05
 -0.3000000      1.2671870E-06
 -0.2900000      4.5176180E-06
 -0.2800000      1.5823085E-06
 -0.2700000      2.1996284E-06
 -0.2600000      3.1683803E-06
 -0.2500000      5.9856975E-06
 -0.2400000      1.1078097E-05
 -0.2300000      1.8418659E-05
 -0.2200000      2.7570828E-05
 -0.2100000      3.7951788E-05
 -0.2000000      4.9236754E-05
 -0.1900000      5.9988735E-05
 -0.1800000      6.9080932E-05
 -0.1700000      7.6629192E-05
 -0.1600000      8.2053171E-05
 -0.1500000      8.5358413E-05
 -0.1400000      8.7183325E-05
 -0.1300000      8.7412162E-05
 -0.1200000      8.6204869E-05
 -0.1100000      8.3940722E-05
 -0.1000000      8.0707148E-05
 -9.0000004E-02  7.6669836E-05
 -7.9999998E-02  7.2057032E-05
 -7.0000000E-02  6.6072360E-05
 -5.9999999E-02  6.0562270E-05
 -5.0000001E-02  5.1557727E-05
 -3.9999999E-02  3.2722917E-05
 -2.9999999E-02  6.4793800E-05
 -2.0000000E-02  9.0800138E-04
 -9.9999998E-03  1.9342861E-03
  0.0000000E+00  4.6361212E-04
  9.9999998E-03  3.8135764E-05
  2.0000000E-02  3.2555992E-05
  2.9999999E-02  4.5827259E-05
  3.9999999E-02  5.0611761E-05
  5.0000001E-02  5.6856694E-05
  5.9999999E-02  9.2434442E-05
  7.0000000E-02  2.7811088E-04
  7.9999998E-02  3.2186296E-04
  9.0000004E-02  1.9499796E-04
  0.1000000      8.5342101E-05
  0.1100000      6.4385247E-05
  0.1200000      5.9578855E-05
  0.1300000      9.5543059E-05
  0.1400000      4.2102771E-04
  0.1500000      6.0884212E-04
  0.1600000      1.1053454E-04
  0.1700000      1.9318450E-05
  0.1800000      1.6565869E-05
  0.1900000      5.4015156E-05
  0.2000000      7.5330019E-05
  0.2100000      4.5676657E-06
  0.2200000     -2.1713375E-05
  0.2300000      1.6074271E-05
  0.2400000      8.3208957E-04
  0.2500000      1.4277927E-03
  0.2600000      1.8750661E-04
  0.2700000      3.6864927E-05
  0.2800000      2.3270768E-04
  0.2900000      3.2522026E-04
  0.3000000      1.8499809E-04
  0.3100000      1.5699223E-04
  0.3200000      4.3225614E-04
  0.3300000      4.4747660E-04
  0.3400000      2.2981063E-04
  0.3500000      3.9479413E-04
  0.3600000      2.0099916E-03
  0.3700000      1.1661923E-03
  0.3800000      1.6430156E-04
  0.3900000      1.7064938E-04
  0.4000000      3.3862289E-04
  0.4100000      1.4258258E-04
  0.4200000      1.5697564E-04
  0.4300000      2.2171042E-04
  0.4400000      2.7481819E-05
  0.4500000      1.7466065E-05
  0.4600000      3.2800504E-05
  0.4700000      6.3278501E-05
  0.4800000      1.6768969E-04
  0.4900000      2.1023978E-04
  0.5000000      2.9216567E-04
  0.5100000      4.1440755E-04
  0.5200000      4.2613549E-04
  0.5300000      7.2142383E-04
  0.5400000      6.6155224E-04
  0.5500000      1.8382331E-03
  0.5600000      5.8822273E-03
  0.5700000      1.9121617E-03
  0.5800000      7.1870227E-04
  0.5900000      8.8098343E-04
  0.6000000      4.2512437E-04
  0.6100000      3.1746973E-04
  0.6200000      4.7145374E-04
  0.6300000      6.6594349E-04
  0.6400000      2.7416809E-04
  0.6500000      1.6087083E-04
  0.6600000      2.5225553E-04
  0.6700000      4.9760146E-04
  0.6800000      4.2569524E-04
  0.6900000      2.9278678E-04
  0.7000000      8.3779865E-05
  0.7100000      4.9288981E-05
  0.7200000      7.7211102E-05
  0.7300000      6.3134357E-04
  0.7400000      2.4925403E-03
  0.7500000      4.8473147E-03
  0.7600000      5.7045356E-03
  0.7700000      3.9886786E-03
  0.7800000      3.9104111E-03
  0.7900000      4.3327860E-03
  0.8000000      5.3144256E-03
  0.8100000      6.1789565E-03
  0.8200000      7.1500498E-03
  0.8300000      1.0178398E-02
  0.8400000      1.6361879E-02
  0.8500000      2.3486417E-02
  0.8600000      3.6933273E-02
  0.8700000      1.2715764E-02
  0.8800000      4.8665628E-03
  0.8900000      5.0215092E-03
  0.9000000      8.2406364E-03
  0.9100000      1.2421811E-02
  0.9200000      1.7680503E-02
  0.9300000      1.5556674E-02
  0.9400000      1.7993147E-02
  0.9500000      2.5009725E-02
  0.9600000      3.3198405E-02
  0.9700000      7.4101493E-02
  0.9800000      5.1990733E-02
  0.9900000      1.5871178E-02
   1.000000      9.5092803E-03
   1.010000      8.0002509E-03
   1.020000      8.0005620E-03
   1.030000      1.0318837E-02
   1.040000      2.4729334E-02
   1.050000      2.6725337E-02
   1.060000      1.4645617E-02
   1.070000      1.4611294E-02
   1.080000      7.6198159E-03
   1.090000      8.2634287E-03
   1.100000      9.2750443E-03
   1.110000      2.1968637E-02
   1.120000      1.6553650E-02
   1.130000      9.1787890E-02
   1.140000      0.1237315    
   1.150000      2.6933707E-02
   1.160000      6.9620542E-02
   1.170000      0.1990228    
   1.180000      7.9484597E-02
   1.190000      8.9066196E-03
   1.200000      2.5966652E-03
   1.210000      4.7954884E-03
   1.220000      7.5775310E-03
   1.230000      7.6680654E-03
   1.240000      8.2612326E-03
   1.250000      1.1952012E-02
   1.260000      7.1250028E-03
   1.270000      5.1291012E-03
   1.280000      5.6658494E-03
   1.290000      1.4138172E-02
   1.300000      3.9634608E-02
   1.310000      3.2228455E-02
   1.320000      1.2332877E-02
   1.330000      4.8119184E-03
   1.340000      1.6473840E-03
   1.350000      9.8903407E-04
   1.360000      8.6319586E-04
   1.370000      7.1048725E-04
   1.380000      7.8337180E-04
   1.390000      1.5288368E-03
   1.400000      5.3119627E-03
   1.410000      1.2039922E-02
   1.420000      1.3133768E-02
   1.430000      7.5639281E-03
   1.440000      5.1768147E-03
   1.450000      4.1954489E-03
   1.460000      2.5538900E-03
   1.470000      2.2540556E-03
   1.480000      3.2207852E-03
   1.490000      4.7465814E-03
   1.500000      7.7584432E-03
   1.510000      2.1029867E-02
   1.520000      4.4269271E-02
   1.530000      4.6218570E-02
   1.540000      2.0689111E-02
   1.550000      6.0331300E-03
   1.560000      2.8482578E-03
   1.570000      1.5160538E-03
   1.580000      1.0377136E-03
   1.590000      8.5920794E-04
   1.600000      6.6722761E-04
   1.610000      7.9604064E-04
   1.620000      1.0079107E-03
   1.630000      1.3902506E-03
   1.640000      2.0089732E-03
   1.650000      2.0830140E-03
   1.660000      2.1732270E-03
   1.670000      3.6794269E-03
   1.680000      6.4741108E-03
   1.690000      8.2023665E-03
   1.700000      6.1451336E-03
   1.710000      3.2228709E-03
   1.720000      2.5120666E-03
   1.730000      2.6648212E-03
   1.740000      2.7695016E-03
   1.750000      4.4778525E-03
   1.760000      8.7555060E-03
   1.770000      1.2426697E-02
   1.780000      1.2015723E-02
   1.790000      8.3480123E-03
   1.800000      5.9099267E-03
   1.810000      6.8999575E-03
   1.820000      8.7305447E-03
   1.830000      1.0140353E-02
   1.840000      1.2435815E-02
   1.850000      1.3509434E-02
   1.860000      1.2200661E-02
   1.870000      1.0025808E-02
   1.880000      9.4831232E-03
   1.890000      1.0887031E-02
   1.900000      1.3014267E-02
   1.910000      1.5216450E-02
   1.920000      1.6776491E-02
   1.930000      1.6402442E-02
   1.940000      1.4849619E-02
   1.950000      1.3671800E-02
   1.960000      1.3030289E-02
   1.970000      1.2498657E-02
   1.980000      1.2260809E-02
   1.990000      1.2367375E-02
   2.000000      1.1947643E-02
   2.010000      1.0396077E-02
   2.020000      8.2571097E-03
   2.030000      6.4814924E-03
   2.040000      5.1597627E-03
   2.050000      4.0286952E-03
   2.060000      2.9611124E-03
   2.070000      1.9960452E-03
   2.080000      1.2199223E-03
   2.090000      6.8931928E-04
   2.100000      4.2511834E-04
   2.110000      4.2441502E-04
   2.120000      6.6919340E-04
   2.130000      1.1305350E-03
   2.140000      1.7706745E-03
   2.150000      2.5441654E-03
   2.160000      3.3964762E-03
   2.170000      4.2671813E-03
   2.180000      5.1030000E-03
   2.190000      5.8591077E-03
   2.200000      6.4945910E-03
   2.210000      6.9704764E-03
   2.220000      7.2531267E-03
   2.230000      7.3220823E-03
   2.240000      7.1777599E-03
   2.250000      6.8378379E-03
   2.260000      6.3335910E-03
   2.270000      5.7053175E-03
   2.280000      5.0020698E-03
   2.290000      4.2785364E-03
   2.300000      3.5899668E-03
   2.310000      2.9878709E-03
   2.320000      2.5159610E-03
   2.330000      2.2085521E-03
   2.340000      2.0878206E-03
   2.350000      2.1635194E-03
   2.360000      2.4321270E-03
   2.370000      2.8768631E-03
   2.380000      3.4687659E-03
   2.390000      4.1667763E-03
   2.400000      4.9214410E-03
   2.410000      5.6765848E-03
   2.420000      6.3746432E-03
   2.430000      6.9599510E-03
   2.440000      7.3847109E-03
   2.450000      7.6120929E-03
   2.460000      7.6200594E-03
   2.470000      7.4027809E-03
   2.480000      6.9711059E-03
   2.490000      6.3516395E-03
   2.500000      5.5835615E-03
   2.510000      4.7167535E-03
   2.520000      3.8085710E-03
   2.530000      2.9195575E-03
   2.540000      2.1102533E-03
   2.550000      1.4385405E-03
   2.560000      9.5462415E-04
   2.570000      6.9884327E-04
   2.580000      6.9760182E-04
   2.590000      9.6120045E-04
   2.600000      1.4816723E-03
   2.610000      2.2335665E-03
   2.620000      3.1733266E-03
   2.630000      4.2441846E-03
   2.640000      5.3785513E-03
   2.650000      6.5046148E-03
   2.660000      7.5496431E-03
   2.670000      8.4472746E-03
   2.680000      9.1391494E-03
   2.690000      9.5807798E-03
   2.700000      9.7429920E-03
   2.710000      9.6134478E-03
   2.720000      9.1982335E-03
   2.730000      8.5202837E-03
   2.740000      7.6190922E-03
   2.750000      6.5481360E-03
   2.760000      5.3726872E-03
   2.770000      4.1648014E-03
   2.780000      3.0008119E-03
   2.790000      1.9542391E-03
   2.800000      1.0922671E-03
   2.810000      4.6988294E-04
   2.820000      1.2647208E-04
   2.830000      8.2117760E-05
   2.840000      3.3713327E-04
   2.850000      8.7090785E-04
   2.860000      1.6450190E-03
   2.870000      2.6049451E-03
   2.880000      3.6846302E-03
   2.890000      4.8111505E-03
   2.900000      5.9088385E-03
   2.910000      6.9048493E-03
   2.920000      7.7332235E-03
   2.930000      8.3391313E-03
   2.940000      8.6823972E-03
   2.950000      8.7401271E-03
   2.960000      8.5086972E-03
   2.970000      8.0039371E-03
   2.980000      7.2608963E-03
   2.990000      6.3318652E-03
   3.000000      5.2822009E-03
   3.010000      4.1878358E-03
   3.020000      3.1268797E-03
   3.030000      2.1768250E-03
   3.040000      1.4066827E-03
   3.050000      8.7329472E-04
   3.060000      6.1601010E-04
   3.070000      6.5476657E-04
   3.080000      9.8854734E-04
   3.090000      1.5950691E-03
   3.100000      2.4333925E-03
   3.110000      3.4456307E-03
   3.120000      4.5616692E-03
   3.130000      5.7034064E-03
   3.140000      6.7896247E-03
   3.150000      7.7421172E-03
   3.160000      8.4906649E-03
   3.170000      8.9781759E-03
   3.180000      9.1653178E-03
   3.190000      9.0340571E-03
   3.200000      8.5894540E-03
   3.210000      7.8597022E-03
   3.220000      6.8954113E-03
   3.230000      5.7655629E-03
   3.240000      4.5537367E-03
   3.250000      3.3510902E-03
   3.260000      2.2503803E-03
   3.270000      1.3385776E-03
   3.280000      6.9166115E-04
   3.290000      3.6791750E-04
   3.300000      4.0460608E-04
   3.310000      8.1512018E-04
   3.320000      1.5870583E-03
   3.330000      2.6831820E-03
   3.340000      4.0429207E-03
   3.350000      5.5870423E-03
   3.360000      7.2196596E-03
   3.370000      8.8378070E-03
   3.380000      1.0334198E-02
   3.390000      1.1607991E-02
   3.400000      1.2569663E-02
   3.410000      1.3149366E-02
   3.420000      1.3301715E-02
   3.430000      1.3010883E-02
   3.440000      1.2290950E-02
   3.450000      1.1187964E-02
   3.460000      9.7751878E-03
   3.470000      8.1507964E-03
   3.480000      6.4305267E-03
   3.490000      4.7413488E-03
   3.500000      3.2121106E-03
   3.510000      1.9660650E-03
   3.520000      1.1147622E-03
   3.530000      7.4830587E-04
   3.540000      9.3192403E-04
   3.550000      1.6994617E-03
   3.560000      3.0518605E-03
   3.570000      4.9548568E-03
   3.580000      7.3415753E-03
   3.590000      1.0112918E-02
   3.600000      1.3146326E-02
   3.610000      1.6298322E-02
   3.620000      1.9417485E-02
   3.630000      2.2348048E-02
   3.640000      2.4945777E-02
   3.650000      2.7081201E-02
   3.660000      2.8654048E-02
   3.670000      2.9592304E-02
   3.680000      2.9861135E-02
   3.690000      2.9462157E-02
   3.700000      2.8433062E-02
   3.710000      2.6847402E-02
   3.720000      2.4803853E-02
   3.730000      2.2424199E-02
   3.740000      1.9842884E-02
   3.750000      1.7200433E-02
   3.760000      1.4632692E-02
   3.770000      1.2265258E-02
   3.780000      1.0204030E-02
   3.790000      8.5298475E-03
   3.800000      7.2930828E-03
   3.810000      6.5119974E-03
   3.820000      6.1716153E-03
   3.830000      6.2258947E-03
   3.840000      6.6014770E-03
   3.850000      7.2046425E-03
   3.860000      7.9279793E-03
   3.870000      8.6599160E-03
   3.880000      9.2931530E-03
   3.890000      9.7338334E-03
   3.900000      9.9083893E-03
   3.910000      9.7693428E-03
   3.920000      9.2999032E-03
   3.930000      8.5135875E-03
   3.940000      7.4556302E-03
   3.950000      6.1979648E-03
   3.960000      4.8349607E-03
   3.970000      3.4755724E-03
   3.980000      2.2367002E-03
   3.990000      1.2315830E-03
   4.000000      5.6381582E-04
   4.010000      3.1620916E-04
   4.020000      5.4416899E-04
   4.030000      1.2698120E-03
   4.040000      2.4779350E-03
   4.050000      4.1159042E-03
   4.060000      6.0949936E-03
   4.070000      8.2969982E-03
   4.080000      1.0579660E-02
   4.090000      1.2788603E-02
   4.100000      1.4767461E-02
   4.110000      1.6369423E-02
   4.120000      1.7469095E-02
   4.130000      1.7973538E-02
   4.140000      1.7828096E-02
   4.150000      1.7025221E-02
   4.160000      1.5605329E-02
   4.170000      1.3657458E-02
   4.180000      1.1316810E-02
   4.190000      8.7568006E-03
   4.200000      6.1804582E-03
   4.210000      3.8073580E-03
   4.220000      1.8594624E-03
   4.230000      5.4544368E-04
   4.240000      4.4833509E-05
   4.250000      4.9302902E-04
   4.260000      1.9673163E-03
   4.270000      4.4781347E-03
   4.280000      7.9633659E-03
   4.290000      1.2285313E-02
   4.300000      1.7237436E-02
   4.310000      2.2552473E-02
   4.320000      2.7920572E-02
   4.330000      3.2999210E-02
   4.340000      3.7445046E-02
   4.350000      4.0926158E-02
   4.360000      4.3158866E-02
   4.370000      4.3920297E-02
   4.380000      4.3076918E-02
   4.390000      4.0601280E-02
   4.400000      3.6586568E-02
   4.410000      3.1259693E-02
   4.420000      2.4980793E-02
   4.430000      1.8240994E-02
   4.440000      1.1652566E-02
   4.450000      5.9268237E-03
   4.460000      1.8507459E-03
   4.470000      2.5106769E-04
   4.480000      1.9562435E-03
   4.490000      7.7600311E-03
   4.500000      1.8375769E-02
   4.510000      3.4395691E-02
   4.520000      5.6250099E-02
   4.530000      8.4194325E-02
   4.540000      0.1182584    
   4.550000      0.1582678    
   4.560000      0.2037911    
   4.570000      0.2542043    
   4.580000      0.3086334    
   4.590000      0.3660518    
   4.600000      0.4252209    
   4.610000      0.4848248    
   4.620000      0.5434120    
   4.630000      0.5995400    
   4.640000      0.6517289    
   4.650000      0.6985869    
   4.660000      0.7388152    
   4.670000      0.7713374    
   4.680000      0.7952190    
   4.690000      0.8097895    
   4.700000      0.8146715    
   4.710000      0.8097847    
   4.720000      0.7953254    
   4.730000      0.7717856    
   4.740000      0.7398768    
   4.750000      0.7005756    
   4.760000      0.6550279    
   4.770000      0.6044963    
   4.780000      0.5503407    
   4.790000      0.4939628    
   4.800000      0.4366972    
   4.810000      0.3798574    
   4.820000      0.3246375    
   4.830000      0.2721074    
   4.840000      0.2231815    
   4.850000      0.1785918    
   4.860000      0.1388731    
   4.870000      0.1043728    
   4.880000      7.5232401E-02
   4.890000      5.1432874E-02
   4.900000      3.2762017E-02
   4.910000      1.8881075E-02
   4.920000      9.3162479E-03
   4.930000      3.5134228E-03
   4.940000      8.5297402E-04
   4.950000      6.9112622E-04
   4.960000      2.3853465E-03
   4.970000      5.3222105E-03
   4.980000      8.9439331E-03
   4.990000      1.2760253E-02
   5.000000      1.6367268E-02
   5.010000      1.9449919E-02
   5.020000      2.1789016E-02
   5.030000      2.3252571E-02
   5.040000      2.3794575E-02
   5.050000      2.3440780E-02
   5.060000      2.2280006E-02
   5.070000      2.0446926E-02
   5.080000      1.8108949E-02
   5.090000      1.5450655E-02
   5.100000      1.2660878E-02
   5.110000      9.9181719E-03
   5.120000      7.3803444E-03
   5.130000      5.1787943E-03
   5.140000      3.4099498E-03
   5.150000      2.1317850E-03
   5.160000      1.3655372E-03
   5.170000      1.0972620E-03
   5.180000      1.2814094E-03
   5.190000      1.8476060E-03
   5.200000      2.7066702E-03
   5.210000      3.7594531E-03
   5.220000      4.9024620E-03
   5.230000      6.0369782E-03
   5.240000      7.0727663E-03
   5.250000      7.9352129E-03
   5.260000      8.5666524E-03
   5.270000      8.9308061E-03
   5.280000      9.0111513E-03
   5.290000      8.8119982E-03
   5.300000      8.3564399E-03
   5.310000      7.6822080E-03
   5.320000      6.8403399E-03
   5.330000      5.8885952E-03
   5.340000      4.8893173E-03
   5.350000      3.9039061E-03
   5.360000      2.9896982E-03
   5.370000      2.1956966E-03
   5.380000      1.5610283E-03
   5.390000      1.1124407E-03
   5.400000      8.6407951E-04
   5.410000      8.1718137E-04
   5.420000      9.6126506E-04
   5.430000      1.2752298E-03
   5.440000      1.7301791E-03
   5.450000      2.2908757E-03
   5.460000      2.9187717E-03
   5.470000      3.5745059E-03
   5.480000      4.2197914E-03
   5.490000      4.8196735E-03
   5.500000      5.3443327E-03
   5.510000      5.7698018E-03
   5.520000      6.0793003E-03
   5.530000      6.2634153E-03
   5.540000      6.3195960E-03
   5.550000      6.2521151E-03
   5.560000      6.0708681E-03
   5.570000      5.7903994E-03
   5.580000      5.4286546E-03
   5.590000      5.0059166E-03
   5.600000      4.5425142E-03
   5.610000      4.0589850E-03
   5.620000      3.5742393E-03
   5.630000      3.1046900E-03
   5.640000      2.6637153E-03
   5.650000      2.2620675E-03
   5.660000      1.9066981E-03
   5.670000      1.6018294E-03
   5.680000      1.3484231E-03
   5.690000      1.1452727E-03
   5.700000      9.8904606E-04
   5.710000      8.7500998E-04
   5.720000      7.9739629E-04
   5.730000      7.4995653E-04
   5.740000      7.2631176E-04
   5.750000      7.2033372E-04
   5.760000      7.2636688E-04
   5.770000      7.3939707E-04
   5.780000      7.5513235E-04
   5.790000      7.7007292E-04
   5.800000      7.8143785E-04
   5.810000      7.8711321E-04
   5.820000      7.8563549E-04
   5.830000      7.7604351E-04
   5.840000      7.5783278E-04
   5.850000      7.3085987E-04
   5.860000      6.9531199E-04
   5.870000      6.5168767E-04
   5.880000      6.0078356E-04
   5.890000      5.4365047E-04
   5.900000      4.8165064E-04
   5.910000      4.1635759E-04
   5.920000      3.4966727E-04
   5.930000      2.8358126E-04
   5.940000      2.2034126E-04
   5.950000      1.6215570E-04
   5.960000      1.1125476E-04
   5.970000      6.9663045E-05
   5.980000      3.9126811E-05
   5.990000      2.0959638E-05
   6.000000      1.5967060E-05
   6.010000      2.4341885E-05
   6.020000      4.5622801E-05
   6.030000      7.8676385E-05
   6.040000      1.2176015E-04
   6.050000      1.7255871E-04
   6.060000      2.2835596E-04
   6.070000      2.8612002E-04
   6.080000      3.4274557E-04
   6.090000      3.9519291E-04
   6.100000      4.4063720E-04
   6.110000      4.7667697E-04
   6.120000      5.0146616E-04
   6.130000      5.1382254E-04
   6.140000      5.1323441E-04
   6.150000      4.9993797E-04
   6.160000      4.7487210E-04
   6.170000      4.3960233E-04
   6.180000      3.9622386E-04
   6.190000      3.4722133E-04
   6.200000      2.9526054E-04
   6.210000      2.4312019E-04
   6.220000      1.9340237E-04
   6.230000      1.4849925E-04
   6.240000      1.1039073E-04
   6.250000      8.0574420E-05
   6.260000      5.9988066E-05
   6.270000      4.9047561E-05
   6.280000      4.7618109E-05
   6.290000      5.5102118E-05
   6.300000      7.0529626E-05
   6.310000      9.2627932E-05
   6.320000      1.1997599E-04
   6.330000      1.5108350E-04
   6.340000      1.8451303E-04
   6.350000      2.1895653E-04
   6.360000      2.5329288E-04
   6.370000      2.8663114E-04
   6.380000      3.1831014E-04
   6.390000      3.4790728E-04
   6.400000      3.7516453E-04
   6.410000      4.0001437E-04
   6.420000      4.2244580E-04
   6.430000      4.4248838E-04
   6.440000      4.6016896E-04
   6.450000      4.7545045E-04
   6.460000      4.8823270E-04
   6.470000      4.9836718E-04
   6.480000      5.0562504E-04
   6.490000      5.0977827E-04
   6.500000      5.1061338E-04
   6.510000      5.0798961E-04
   6.520000      5.0192437E-04
   6.530000      4.9260684E-04
   6.540000      4.8043637E-04
   6.550000      4.6604720E-04
   6.560000      4.5026987E-04
   6.570000      4.3412854E-04
   6.580000      4.1878026E-04
   6.590000      4.0543199E-04
   6.600000      3.9522673E-04
   6.610000      3.8914476E-04
   6.620000      3.8793401E-04
   6.630000      3.9197225E-04
   6.640000      4.0121900E-04
   6.650000      4.1518302E-04
   6.660000      4.3288062E-04
   6.670000      4.5290167E-04
   6.680000      4.7346050E-04
   6.690000      4.9253023E-04
   6.700000      5.0800596E-04
   6.710000      5.1780179E-04
   6.720000      5.2009081E-04
   6.730000      5.1345606E-04
   6.740000      4.9700099E-04
   6.750000      4.7053513E-04
   6.760000      4.3459088E-04
   6.770000      3.9044264E-04
   6.780000      3.4010579E-04
   6.790000      2.8620128E-04
   6.800000      2.3180959E-04
   6.810000      1.8031473E-04
   6.820000      1.3509471E-04
   6.830000      9.9335986E-05
   6.840000      7.5723547E-05
   6.850000      6.6265507E-05
   6.860000      7.2034796E-05
   6.870000      9.3093397E-05
   6.880000      1.2837032E-04
   6.890000      1.7570914E-04
   6.900000      2.3201111E-04
   6.910000      2.9332066E-04
   6.920000      3.5522439E-04
   6.930000      4.1303484E-04
   6.940000      4.6223114E-04
   6.950000      4.9876433E-04
   6.960000      5.1944790E-04
   6.970000      5.2218838E-04
   6.980000      5.0623901E-04
   6.990000      4.7237024E-04
   7.000000      4.2282266E-04
   7.010000      3.6126919E-04
   7.020000      2.9262764E-04
   7.030000      2.2269780E-04
   7.040000      1.5786708E-04
   7.050000      1.0456581E-04
   7.060000      6.8820671E-05
   7.070000      5.5765249E-05
   7.080000      6.9153823E-05
   7.090000      1.1100709E-04
   7.100000      1.8128795E-04
   7.110000      2.7786038E-04
   7.120000      3.9633256E-04
   7.130000      5.3045008E-04
   7.140000      6.7226659E-04
   7.150000      8.1278291E-04
   7.160000      9.4234443E-04
   7.170000      1.0516946E-03
   7.180000      1.1322880E-03
   7.190000      1.1773356E-03
   7.200000      1.1822454E-03
   7.210000      1.1452396E-03
   7.220000      1.0677985E-03
   7.230000      9.5480017E-04
   7.240000      8.1449049E-04
   7.250000      6.5817678E-04
   7.260000      5.0000922E-04
   7.270000      3.5600862E-04
   7.280000      2.4346460E-04
   7.290000      1.7970697E-04
   7.300000      1.8120487E-04
   7.310000      2.6230421E-04
   7.320000      4.3438078E-04
   7.330000      7.0463517E-04
   7.340000      1.0758656E-03
   7.350000      1.5453018E-03
   7.360000      2.1052719E-03
   7.370000      2.7423627E-03
   7.380000      3.4391126E-03
   7.390000      4.1735652E-03
   7.400000      4.9212617E-03
   7.410000      5.6558661E-03
   7.420000      6.3502961E-03
   7.430000      6.9784876E-03
   7.440000      7.5170714E-03
   7.450000      7.9457574E-03
   7.460000      8.2491543E-03
   7.470000      8.4167812E-03
   7.480000      8.4446771E-03
   7.490000      8.3346637E-03
   7.500000      8.0942931E-03
   7.510000      7.7370354E-03
   7.520000      7.2807386E-03
   7.530000      6.7472360E-03
   7.540000      6.1600516E-03
   7.550000      5.5440073E-03
   7.560000      4.9234466E-03
   7.570000      4.3206178E-03
   7.580000      3.7546109E-03
   7.590000      3.2407630E-03
   7.600000      2.7892182E-03
   7.610000      2.4056018E-03
   7.620000      2.0901416E-03
   7.630000      1.8388227E-03
   7.640000      1.6435818E-03
   7.650000      1.4935668E-03
   7.660000      1.3761934E-03
   7.670000      1.2783870E-03
   7.680000      1.1878500E-03
   7.690000      1.0942079E-03
   7.700000      9.8999508E-04
   7.710000      8.7118283E-04
   7.720000      7.3784473E-04
   7.730000      5.9381995E-04
   7.740000      4.4672654E-04
   7.750000      3.0709690E-04
   7.760000      1.8741962E-04
   7.770000      1.0092644E-04
   7.780000      6.0293383E-05
   7.790000      7.6207223E-05
   7.800000      1.5613787E-04
   7.810000      3.0337981E-04
   7.820000      5.1598728E-04
   7.830000      7.8679866E-04
   7.840000      1.1032402E-03
   7.850000      1.4479264E-03
   7.860000      1.7995659E-03
   7.870000      2.1346812E-03
   7.880000      2.4286474E-03
   7.890000      2.6583329E-03
   7.900000      2.8034626E-03
   7.910000      2.8486508E-03
   7.920000      2.7854748E-03
   7.930000      2.6135633E-03
   7.940000      2.3413282E-03
   7.950000      1.9865150E-03
   7.960000      1.5754302E-03
   7.970000      1.1421733E-03
   7.980000      7.2640815E-04
   7.990000      3.7116060E-04
   8.000000      1.1957456E-04
   8.010000      1.1910282E-05
   8.020000      8.1938575E-05
   8.030000      3.5374760E-04
   8.040000      8.3910581E-04
   8.050000      1.5347006E-03
   8.060000      2.4220129E-03
   8.070000      3.4654774E-03
   8.080000      4.6146810E-03
   8.090000      5.8050980E-03
   8.100000      6.9630328E-03
   8.110000      8.0080908E-03
   8.120000      8.8601466E-03
   8.130000      9.4441883E-03
   8.140000      9.6979244E-03
   8.150000      9.5773935E-03
   8.160000      9.0644918E-03
   8.170000      8.1713581E-03
   8.180000      6.9462890E-03
   8.190000      5.4753968E-03
   8.200000      3.8843008E-03
   8.210000      2.3380008E-03
   8.220000      1.0347939E-03
   8.230000      2.0552683E-04
   8.240000      1.0080807E-04
   8.250000      9.8502950E-04
   8.260000      3.1224892E-03
   8.270000      6.7674932E-03
   8.280000      1.2149803E-02
   8.290000      1.9463431E-02
   8.300000      2.8852088E-02
   8.310000      4.0403351E-02
   8.320000      5.4128230E-02
   8.330000      6.9972925E-02
   8.340000      8.7788291E-02
   8.350000      0.1073641    
   8.360000      0.1283917    
   8.370000      0.1505012    
   8.380000      0.1732523    
   8.390000      0.1961471    
   8.400000      0.2186493    
   8.410000      0.2402181    
   8.420000      0.2602928    
   8.430000      0.2783357    
   8.440000      0.2938441    
   8.450000      0.3063928    
   8.460000      0.3156117    
   8.470000      0.3212311    
   8.480000      0.3230703    
   8.490000      0.3210757    
   8.500000      0.3152830    
   8.510000      0.3058479    
   8.520000      0.2930292    
   8.530000      0.2771741    
   8.540000      0.2587138    
   8.550000      0.2381358    
   8.560000      0.2159763    
   8.570000      0.1928016    
   8.580000      0.1691975    
   8.590000      0.1457200    
   8.600000      0.1229069    
   8.610000      0.1012437    
   8.620000      8.1152938E-02
   8.630000      6.2987722E-02
   8.640000      4.7009375E-02
   8.650000      3.3395678E-02
   8.660000      2.2224616E-02
   8.670000      1.3495389E-02
   8.680000      7.1102297E-03
   8.690000      2.9066578E-03
   8.700000      6.5245462E-04
   8.710000      6.9358037E-05
   8.720000      8.4739336E-04
   8.730000      2.6552940E-03
   8.740000      5.1632132E-03
   8.750000      8.0510955E-03
   8.760000      1.1027985E-02
   8.770000      1.3835827E-02
   8.780000      1.6265364E-02
   8.790000      1.8154632E-02
   8.800000      1.9397561E-02
   8.810000      1.9940592E-02
   8.820000      1.9781288E-02
   8.830000      1.8963490E-02
   8.840000      1.7570274E-02
   8.850000      1.5714984E-02
   8.860000      1.3532424E-02
   8.870000      1.1169972E-02
   8.880000      8.7763574E-03
   8.890000      6.4927153E-03
   8.900000      4.4431621E-03
   8.910000      2.7315312E-03
   8.920000      1.4331680E-03
   8.930000      5.9380964E-04
   8.940000      2.2745093E-04
   8.950000      3.1873680E-04
   8.960000      8.2401978E-04
   8.970000      1.6775074E-03
   8.980000      2.7945794E-03
   8.990000      4.0801559E-03
   9.000000      5.4332968E-03
   9.010000      6.7542745E-03
   9.020000      7.9497797E-03
   9.030000      8.9403056E-03
   9.040000      9.6622864E-03
   9.050000      1.0072249E-02
   9.060000      1.0148606E-02
   9.070000      9.8919794E-03
   9.080000      9.3240878E-03
   9.090000      8.4864879E-03
   9.100000      7.4372492E-03
   9.110000      6.2456070E-03
   9.120000      4.9895328E-03
   9.130000      3.7486076E-03
   9.140000      2.6010124E-03
   9.150000      1.6177880E-03
   9.160000      8.5947820E-04
   9.170000      3.7262432E-04
   9.180000      1.8803935E-04
   9.190000      3.1898674E-04
   9.200000      7.6141756E-04
   9.210000      1.4946169E-03
   9.220000      2.4830380E-03
   9.230000      3.6784839E-03
   9.240000      5.0230846E-03
   9.250000      6.4527602E-03
   9.260000      7.9007605E-03
   9.270000      9.3012080E-03
   9.280000      1.0592797E-02
   9.290000      1.1720538E-02
   9.300000      1.2640467E-02
   9.310000      1.3318892E-02
   9.320000      1.3735209E-02
   9.330000      1.3882169E-02
   9.340000      1.3764307E-02
   9.350000      1.3398596E-02
   9.360000      1.2811287E-02
   9.370000      1.2036766E-02
   9.380000      1.1114365E-02
   9.390000      1.0087467E-02
   9.400000      8.9993263E-03
   9.410000      7.8920815E-03
   9.420000      6.8032024E-03
   9.430000      5.7662460E-03
   9.440000      4.8072282E-03
   9.450000      3.9459825E-03
   9.460000      3.1944639E-03
   9.470000      2.5581450E-03
   9.480000      2.0355114E-03
   9.490000      1.6200534E-03
   9.500000      1.3008737E-03
   9.510000      1.0639478E-03
   9.520000      8.9357729E-04
   9.530000      7.7386323E-04
   9.540000      6.8951369E-04
   9.550000      6.2706246E-04
   9.560000      5.7550374E-04
   9.570000      5.2672828E-04
   9.580000      4.7571259E-04
   9.590000      4.2038690E-04
   9.600000      3.6129146E-04
   9.610000      3.0103535E-04
   9.620000      2.4369547E-04
   9.630000      1.9401826E-04
   9.640000      1.5675765E-04
   9.650000      1.3597046E-04
   9.660000      1.3452271E-04
   9.670000      1.5367764E-04
   9.680000      1.9288197E-04
   9.690000      2.4972844E-04
   9.700000      3.2010674E-04
   9.710000      3.9860082E-04
   9.720000      4.7876275E-04
   9.730000      5.5382546E-04
   9.740000      6.1716029E-04
   9.750000      6.6297920E-04
   9.760000      6.8671402E-04
   9.770000      6.8559055E-04
   9.780000      6.5876893E-04
   9.790000      6.0761406E-04
   9.800000      5.3557305E-04
   9.810000      4.4795475E-04
   9.820000      3.5164008E-04
   9.830000      2.5442225E-04
   9.840000      1.6467174E-04
   9.850000      9.0522102E-05
   9.860000      3.9330411E-05
   9.870000      1.7036227E-05
   9.880000      2.7794995E-05
   9.890000      7.3512980E-05
   9.900000      1.5366748E-04
   9.910000      2.6526477E-04
   9.920000      4.0304329E-04
   9.930000      5.5958459E-04
   9.940000      7.2602410E-04
   9.950000      8.9233549E-04
   9.960000      1.0482856E-03
   9.970000      1.1838777E-03
   9.980000      1.2902024E-03
   9.990000      1.3599145E-03
   10.00000      1.3880762E-03
   10.01000      1.3721861E-03
   10.02000      1.3124432E-03
   10.03000      1.2124265E-03
   10.04000      1.0778311E-03
   10.05000      9.1728743E-04
   10.06000      7.4141630E-04
   10.07000      5.6100730E-04
   10.08000      3.8928591E-04
   10.09000      2.3782773E-04
   10.10000      1.1811644E-04
   10.11000      3.9767969E-05
   10.12000      1.0155718E-05
   10.13000      3.4333309E-05
   10.14000      1.1392215E-04
   10.15000      2.4807078E-04
   10.16000      4.3205093E-04
   10.17000      6.5884757E-04
   10.18000      9.1899274E-04
   10.19000      1.1996146E-03
   10.20000      1.4892158E-03
   10.21000      1.7728583E-03
   10.22000      2.0379948E-03
   10.23000      2.2720404E-03
   10.24000      2.4640213E-03
   10.25000      2.6054811E-03
   10.26000      2.6904533E-03
   10.27000      2.7156731E-03
   10.28000      2.6811492E-03
   10.29000      2.5896796E-03
   10.30000      2.4467318E-03
   10.31000      2.2594582E-03
   10.32000      2.0383876E-03
   10.33000      1.7928048E-03
   10.34000      1.5353401E-03
   10.35000      1.2760606E-03
   10.36000      1.0254241E-03
   10.37000      7.9321058E-04
   10.38000      5.8613485E-04
   10.39000      4.1021773E-04
   10.40000      2.6857245E-04
   10.41000      1.6221915E-04
   10.42000      9.0536072E-05
   10.43000      5.0392202E-05
   10.44000      3.7557646E-05
   10.45000      4.6402736E-05
   10.46000      7.0862792E-05
   10.47000      1.0438267E-04
   10.48000      1.4089131E-04
   10.49000      1.7494529E-04
   10.50000      2.0203546E-04
   10.51000      2.1907284E-04
   10.52000      2.2421723E-04
   10.53000      2.1715980E-04
   10.54000      1.9889227E-04
   10.55000      1.7152730E-04
   10.56000      1.3803775E-04
   10.57000      1.0210759E-04
   10.58000      6.7679204E-05
   10.59000      3.8369370E-05
   10.60000      1.7689632E-05
   10.61000      8.0661912E-06
   10.62000      1.1219150E-05
   10.63000      2.7691731E-05
   10.64000      5.6920278E-05
   10.65000      9.7313765E-05
   10.66000      1.4602921E-04
   10.67000      1.9995854E-04
   10.68000      2.5491772E-04
   10.69000      3.0703322E-04
   10.70000      3.5227524E-04
   10.71000      3.8709381E-04
   10.72000      4.0885818E-04
   10.73000      4.1568439E-04
   10.74000      4.0694370E-04
   10.75000      3.8309646E-04
   10.76000      3.4584338E-04
   10.77000      2.9785899E-04
   10.78000      2.4265819E-04
   10.79000      1.8460935E-04
   10.80000      1.2800947E-04
   10.81000      7.7688586E-05
   10.82000      3.7635229E-05
   10.83000      1.1515955E-05
   10.84000      2.0120590E-06
   10.85000      1.0641379E-05
   10.86000      3.7611371E-05
   10.87000      8.1878927E-05
   10.88000      1.4122998E-04
   10.89000      2.1199790E-04
   10.90000      2.8998186E-04
   10.91000      3.7012686E-04
   10.92000      4.4709811E-04
   10.93000      5.1596120E-04
   10.94000      5.7172362E-04
   10.95000      6.1059318E-04
   10.96000      6.2964991E-04
   10.97000      6.2734308E-04
   10.98000      6.0345174E-04
   10.99000      5.5948657E-04
   11.00000      4.9815979E-04
   11.01000      4.2352191E-04
   11.02000      3.4091197E-04
   11.03000      2.5575672E-04
   11.04000      1.7478247E-04
   11.05000      1.0395421E-04
   11.06000      4.9172442E-05
   11.07000      1.5533433E-05
   11.08000      6.8956119E-06
   11.09000      2.5918054E-05
   11.10000      7.3369702E-05
   11.11000      1.4884654E-04
   11.12000      2.4972114E-04
   11.13000      3.7208555E-04
   11.14000      5.1095517E-04
   11.15000      6.5939769E-04
   11.16000      8.1139029E-04
   11.17000      9.5890631E-04
   11.18000      1.0953116E-03
   11.19000      1.2139538E-03
   11.20000      1.3092663E-03
   11.21000      1.3769082E-03
   11.22000      1.4139472E-03
   11.23000      1.4189081E-03
   11.24000      1.3921540E-03
   11.25000      1.3354375E-03
   11.26000      1.2521154E-03
   11.27000      1.1464031E-03
   11.28000      1.0244139E-03
   11.29000      8.9135941E-04
   11.30000      7.5427204E-04
   11.31000      6.1869383E-04
   11.32000      4.9053726E-04
   11.33000      3.7473210E-04
   11.34000      2.7511659E-04
   11.35000      1.9371376E-04
   11.36000      1.3228896E-04
   11.37000      9.0662470E-05
   11.38000      6.7847832E-05
   11.39000      6.1369297E-05
   11.40000      6.8269146E-05
   11.41000      8.4821339E-05
   11.42000      1.0717906E-04
   11.43000      1.3144946E-04
   11.44000      1.5407795E-04
   11.45000      1.7212523E-04
   11.46000      1.8326101E-04
   11.47000      1.8619579E-04
   11.48000      1.8041398E-04
   11.49000      1.6648140E-04
   11.50000      1.4558970E-04
   11.51000      1.1989049E-04
   11.52000      9.1784728E-05
   11.53000      6.4056847E-05
   11.54000      3.9515686E-05
   11.55000      2.0627145E-05
   11.56000      9.5638998E-06
   11.57000      7.7132518E-06
   11.58000      1.5787551E-05
   11.59000      3.3633747E-05
   11.60000      6.0214632E-05
   11.61000      9.3876341E-05
   11.62000      1.3201621E-04
   11.63000      1.7206579E-04
   11.64000      2.1069282E-04
   11.65000      2.4497136E-04
   11.66000      2.7204817E-04
   11.67000      2.8962389E-04
   11.68000      2.9615755E-04
   11.69000      2.9085690E-04
   11.70000      2.7393200E-04
   11.71000      2.4652778E-04
   11.72000      2.1072879E-04
   11.73000      1.6935245E-04
   11.74000      1.2578200E-04
   11.75000      8.4016814E-05
   11.76000      4.7709957E-05
   11.77000      2.0723424E-05
   11.78000      6.0938078E-06
   11.79000      6.2905433E-06
   11.80000      2.2605556E-05
   11.81000      5.5335189E-05
   11.82000      1.0336783E-04
   11.83000      1.6449664E-04
   11.84000      2.3545536E-04
   11.85000      3.1184164E-04
   11.86000      3.8878911E-04
   11.87000      4.6112822E-04
   11.88000      5.2337174E-04
   11.89000      5.7095173E-04
   11.90000      5.9965363E-04
   11.91000      6.0677325E-04
   11.92000      5.9082126E-04
   11.93000      5.5229553E-04
   11.94000      4.9319863E-04
   11.95000      4.1792030E-04
   11.96000      3.3224424E-04
   11.97000      2.4365089E-04
   11.98000      1.6132856E-04
   11.99000      9.4871066E-05
   12.00000      5.4667711E-05
   12.01000      5.0936840E-05
   12.02000      9.3302100E-05
   12.03000      1.9026114E-04
   12.04000      3.4834433E-04
   12.05000      5.7293405E-04
   12.06000      8.6513167E-04
   12.07000      1.2262170E-03
   12.08000      1.6512322E-03
   12.09000      2.1348102E-03
   12.10000      2.6689961E-03
   12.11000      3.2412817E-03
   12.12000      3.8408062E-03
   12.13000      4.4512879E-03
   12.14000      5.0578904E-03
   12.15000      5.6448346E-03
   12.16000      6.1968178E-03
   12.17000      6.7001614E-03
   12.18000      7.1404940E-03
   12.19000      7.5052655E-03
   12.20000      7.7870023E-03
   12.21000      7.9777306E-03
   12.22000      8.0747092E-03
   12.23000      8.0772769E-03
   12.24000      7.9871565E-03
   12.25000      7.8088893E-03
   12.26000      7.5493809E-03
   12.27000      7.2186664E-03
   12.28000      6.8256212E-03
   12.29000      6.3839154E-03
   12.30000      5.9041674E-03
   12.31000      5.3990339E-03
   12.32000      4.8821126E-03
   12.33000      4.3622865E-03
   12.34000      3.8521094E-03
   12.35000      3.3587776E-03
   12.36000      2.8905626E-03
   12.37000      2.4537125E-03
   12.38000      2.0523299E-03
   12.39000      1.6891130E-03
   12.40000      1.3668138E-03
   12.41000      1.0845029E-03
   12.42000      8.4298162E-04
   12.43000      6.3977326E-04
   12.44000      4.7288690E-04
   12.45000      3.4009389E-04
   12.46000      2.3778448E-04
   12.47000      1.6326392E-04
   12.48000      1.1290742E-04
   12.49000      8.3572784E-05
   12.50000      7.2141571E-05
   12.51000      7.5577067E-05
   12.52000      9.1047259E-05
   12.53000      1.1580289E-04
   12.54000      1.4741941E-04
   12.55000      1.8343051E-04
   12.56000      2.2159233E-04
   12.57000      2.5992756E-04
   12.58000      2.9633963E-04
   12.59000      3.2930594E-04
   12.60000      3.5711456E-04
   12.61000      3.7863845E-04
   12.62000      3.9292002E-04
   12.63000      3.9934737E-04
   12.64000      3.9770635E-04
   12.65000      3.8816346E-04
   12.66000      3.7128112E-04
   12.67000      3.4800085E-04
   12.68000      3.1961084E-04
   12.69000      2.8769716E-04
   12.70000      2.5398016E-04
   12.71000      2.2043449E-04
   12.72000      1.8873219E-04
   12.73000      1.6078161E-04
   12.74000      1.3803187E-04
   12.75000      1.2167801E-04
   12.76000      1.1256075E-04
   12.77000      1.1097575E-04
   12.78000      1.1685187E-04
   12.79000      1.2955905E-04
   12.80000      1.4809947E-04
   12.81000      1.7107060E-04
   12.82000      1.9676941E-04
   12.83000      2.2341622E-04
   12.84000      2.4896750E-04
   12.85000      2.7172800E-04
   12.86000      2.8998149E-04
   12.87000      3.0245175E-04
   12.88000      3.0823084E-04
   12.89000      3.0688706E-04
   12.90000      2.9851080E-04
   12.91000      2.8373022E-04
   12.92000      2.6361141E-04
   12.93000      2.3961952E-04
   12.94000      2.1358710E-04
   12.95000      1.8747288E-04
   12.96000      1.6326793E-04
   12.97000      1.4302609E-04
   12.98000      1.2833766E-04
   12.99000      1.2072820E-04
   13.00000      1.2108982E-04
   13.01000      1.2995698E-04
   13.02000      1.4713741E-04
   13.03000      1.7212336E-04
   13.04000      2.0387485E-04
   13.05000      2.4077270E-04
   13.06000      2.8112161E-04
   13.07000      3.2272894E-04
   13.08000      3.6353135E-04
   13.09000      4.0156688E-04
   13.10000      4.3483992E-04
   13.11000      4.6202904E-04
   13.12000      4.8186432E-04
   13.13000      4.9386860E-04
   13.14000      4.9793255E-04
   13.15000      4.9451046E-04
   13.16000      4.8448914E-04
   13.17000      4.6918570E-04
   13.18000      4.5016289E-04
   13.19000      4.2913132E-04
   13.20000      4.0790322E-04
   13.21000      3.8811765E-04
   13.22000      3.7120507E-04
   13.23000      3.5829938E-04
   13.24000      3.4999932E-04
   13.25000      3.4658302E-04
   13.26000      3.4772552E-04
   13.27000      3.5273604E-04
   13.28000      3.6044596E-04
   13.29000      3.6945226E-04
   13.30000      3.7810998E-04
   13.31000      3.8473069E-04
   13.32000      3.8772231E-04
   13.33000      3.8567709E-04
   13.34000      3.7752962E-04
   13.35000      3.6260454E-04
   13.36000      3.4080658E-04
   13.37000      3.1243067E-04
   13.38000      2.7845250E-04
   13.39000      2.4020893E-04
   13.40000      1.9937639E-04
   13.41000      1.5818673E-04
   13.42000      1.1857606E-04
   13.43000      8.2872742E-05
   13.44000      5.2967884E-05
   13.45000      3.0565010E-05
   13.46000      1.6959391E-05
   13.47000      1.2872098E-05
   13.48000      1.8525690E-05
   13.49000      3.3448356E-05
   13.50000      5.6693905E-05
   13.51000      8.6706736E-05
   13.52000      1.2149203E-04
   13.53000      1.5895249E-04
   13.54000      1.9644070E-04
   13.55000      2.3177850E-04
   13.56000      2.6255049E-04
   13.57000      2.8696581E-04
   13.58000      3.0353823E-04
   13.59000      3.1133712E-04
   13.60000      3.1007352E-04
   13.61000      3.0004446E-04
   13.62000      2.8218830E-04
   13.63000      2.5784440E-04
   13.64000      2.2890103E-04
   13.65000      1.9746565E-04
   13.66000      1.6567005E-04
   13.67000      1.3584443E-04
   13.68000      1.0977960E-04
   13.69000      8.9284535E-05
   13.70000      7.5421383E-05
   13.71000      6.8869864E-05
   13.72000      6.9654285E-05
   13.73000      7.7254990E-05
   13.74000      9.0620866E-05
   13.75000      1.0821825E-04
   13.76000      1.2824719E-04
   13.77000      1.4873275E-04
   13.78000      1.6769697E-04
   13.79000      1.8332327E-04
   13.80000      1.9407706E-04
   13.81000      1.9901077E-04
   13.82000      1.9764903E-04
   13.83000      1.9019391E-04
   13.84000      1.7746892E-04
   13.85000      1.6089994E-04
   13.86000      1.4244551E-04
   13.87000      1.2437724E-04
   13.88000      1.0934364E-04
   13.89000      9.9819772E-05
   13.90000      9.8308185E-05
   13.91000      1.0679135E-04
   13.92000      1.2688480E-04
   13.93000      1.5926838E-04
   13.94000      2.0413520E-04
   13.95000      2.6056875E-04
   13.96000      3.2699431E-04
   13.97000      4.0106199E-04
   13.98000      4.7963214E-04
   13.99000      5.5917178E-04
   14.00000      6.3609320E-04
   14.01000      7.0618908E-04
   14.02000      7.6622341E-04
   14.03000      8.1266928E-04
   14.04000      8.4320304E-04
   14.05000      8.5606729E-04
   14.06000      8.5056992E-04
   14.07000      8.2694890E-04
   14.08000      7.8665226E-04
   14.09000      7.3190156E-04
   14.10000      6.6561834E-04
   14.11000      5.9170538E-04
   14.12000      5.1407341E-04
   14.13000      4.3689919E-04
   14.14000      3.6444209E-04
   14.15000      3.0003578E-04
   14.16000      2.4701215E-04
   14.17000      2.0744967E-04
   14.18000      1.8266725E-04
   14.19000      1.7292764E-04
   14.20000      1.7741574E-04
   14.21000      1.9440944E-04
   14.22000      2.2124809E-04
   14.23000      2.5479661E-04
   14.24000      2.9134532E-04
   14.25000      3.2722868E-04
   14.26000      3.5883085E-04
   14.27000      3.8296077E-04
   14.28000      3.9714263E-04
   14.29000      3.9963459E-04
   14.30000      3.8974066E-04
   14.31000      3.6770094E-04
   14.32000      3.3491783E-04
   14.33000      2.9340282E-04
   14.34000      2.4617874E-04
   14.35000      1.9671059E-04
   14.36000      1.4856446E-04
   14.37000      1.0561642E-04
   14.38000      7.0999820E-05
   14.39000      4.7636662E-05
   14.40000      3.7460708E-05
   14.41000      4.1476913E-05
   14.42000      5.9644295E-05
   14.43000      9.0764377E-05
   14.44000      1.3279775E-04
   14.45000      1.8244526E-04
   14.46000      2.3618038E-04
   14.47000      2.8973035E-04
   14.48000      3.3887461E-04
   14.49000      3.7978313E-04
   14.50000      4.0883565E-04
   14.51000      4.2369610E-04
   14.52000      4.2281375E-04
   14.53000      4.0603190E-04
   14.54000      3.7438254E-04
   14.55000      3.3029146E-04
   14.56000      2.7724216E-04
   14.57000      2.1947846E-04
   14.58000      1.6228289E-04
   14.59000      1.1055885E-04
   14.60000      6.9737936E-05
   14.61000      4.4301327E-05
   14.62000      3.7937465E-05
   14.63000      5.2957621E-05
   14.64000      9.0324953E-05
   14.65000      1.4934085E-04
   14.66000      2.2737107E-04
   14.67000      3.2067590E-04
   14.68000      4.2348020E-04
   14.69000      5.2932015E-04
   14.70000      6.3126918E-04
   14.71000      7.2164583E-04
   14.72000      7.9413701E-04
   14.73000      8.4250350E-04
   14.74000      8.6274673E-04
   14.75000      8.5243804E-04
   14.76000      8.1172265E-04
   14.77000      7.4293633E-04
   14.78000      6.5131509E-04
   14.79000      5.4443831E-04
   14.80000      4.3177864E-04
   14.81000      3.2496767E-04
   14.82000      2.3654806E-04
   14.83000      1.7956641E-04
   14.84000      1.6692655E-04
   14.85000      2.1024871E-04
   14.86000      3.1950392E-04
   14.87000      5.0159916E-04
   14.88000      7.6109509E-04
   14.89000      1.0973733E-03
   14.90000      1.5081197E-03
   14.91000      1.9852985E-03
   14.92000      2.5175093E-03
   14.93000      3.0908652E-03
   14.94000      3.6878113E-03
   14.95000      4.2885649E-03
   14.96000      4.8748013E-03
   14.97000      5.4233852E-03
   14.98000      5.9176520E-03
   14.99000      6.3378564E-03
   15.00000      6.6698096E-03
   15.01000      6.9022025E-03
   15.02000      7.0269238E-03
   15.03000      7.0413239E-03
   15.04000      6.9465423E-03
   15.05000      6.7479946E-03
   15.06000      6.4548650E-03
   15.07000      6.0806889E-03
   15.08000      5.6407447E-03
   15.09000      5.1514553E-03
   15.10000      4.6331417E-03
   15.11000      4.1018440E-03
   15.12000      3.5773378E-03
   15.13000      3.0744374E-03
   15.14000      2.6045840E-03
   15.15000      2.1808993E-03
   15.16000      1.8075625E-03
   15.17000      1.4900023E-03
   15.18000      1.2269889E-03
   15.19000      1.0157890E-03
   15.20000      8.5143925E-04
   15.21000      7.2637678E-04
   15.22000      6.3252152E-04
   15.23000      5.6129356E-04
   15.24000      5.0431868E-04
   15.25000      4.5455448E-04
   15.26000      4.0628802E-04
   15.27000      3.5560940E-04
   15.28000      3.0102342E-04
   15.29000      2.4252871E-04
   15.30000      1.8257488E-04
   15.31000      1.2474637E-04
   15.32000      7.3658965E-05
   15.33000      3.4477755E-05
   15.34000      1.1962590E-05
   15.35000      1.0180796E-05
   15.36000      3.1749551E-05
   15.37000      7.7502431E-05
   15.38000      1.4628534E-04
   15.39000      2.3449301E-04
   15.40000      3.3715021E-04
   15.41000      4.4660509E-04
   15.42000      5.5509654E-04
   15.43000      6.5351086E-04
   15.44000      7.3324965E-04
   15.45000      7.8678480E-04
   15.46000      8.0858805E-04
   15.47000      7.9520821E-04
   15.48000      7.4598612E-04
   15.49000      6.6423928E-04
   15.50000      5.5572268E-04
   15.51000      4.3030787E-04
   15.52000      2.9986617E-04
   15.53000      1.7824896E-04
   15.54000      8.0871810E-05
   15.55000      2.1887447E-05
   15.56000      1.4787512E-05
   15.57000      6.9738519E-05
   15.58000      1.9335352E-04
   15.59000      3.8709512E-04
   15.60000      6.4648950E-04
   15.61000      9.6291187E-04
   15.62000      1.3187546E-03
   15.63000      1.6951219E-03
   15.64000      2.0652812E-03
   15.65000      2.4025391E-03
   15.66000      2.6794360E-03
   15.67000      2.8686710E-03
   15.68000      2.9490765E-03
   15.69000      2.9049111E-03
   15.70000      2.7306275E-03
   15.71000      2.4305375E-03
   15.72000      2.0241174E-03
   15.73000      1.5437715E-03
   15.74000      1.0365886E-03
   15.75000      5.6663057E-04
   15.76000      2.0743505E-04
   15.77000      4.9017945E-05
   15.78000      1.8499364E-04
   15.79000      7.1866240E-04
   15.80000      1.7471578E-03
   15.81000      3.3716680E-03
   15.82000      5.6747636E-03
   15.83000      8.7254168E-03
   15.84000      1.2580861E-02
   15.85000      1.7260233E-02
   15.86000      2.2771871E-02
   15.87000      2.9081613E-02
   15.88000      3.6118586E-02
   15.89000      4.3802701E-02
   15.90000      5.2009221E-02
   15.91000      6.0567398E-02
   15.92000      6.9324695E-02
   15.93000      7.8046717E-02
   15.94000      8.6563893E-02
   15.95000      9.4634615E-02
   15.96000      0.1020377    
   15.97000      0.1085855    
   15.98000      0.1140628    
   15.99000      0.1183262    
   16.00000      0.1212306    
   16.01000      0.1226831    
   16.02000      0.1226299    
   16.03000      0.1210636    
   16.04000      0.1180205    
   16.05000      0.1135657    
   16.06000      0.1078457    
   16.07000      0.1009985    
   16.08000      9.3226671E-02
   16.09000      8.4753767E-02
   16.10000      7.5770020E-02
   16.11000      6.6572800E-02
   16.12000      5.7340294E-02
   16.13000      4.8338812E-02
   16.14000      3.9753824E-02
   16.15000      3.1767286E-02
   16.16000      2.4539134E-02
   16.17000      1.8185686E-02
   16.18000      1.2771960E-02
   16.19000      8.3629703E-03
   16.20000      4.9438342E-03
   16.21000      2.4959415E-03
   16.22000      9.4695669E-04
   16.23000      2.0419367E-04
   16.24000      1.5270872E-04
   16.25000      6.5940793E-04
   16.26000      1.5858365E-03
   16.27000      2.7864708E-03
   16.28000      4.1282196E-03
   16.29000      5.4791006E-03
   16.30000      6.7283642E-03
   16.31000      7.7863880E-03
   16.32000      8.5803187E-03
   16.33000      9.0694549E-03
   16.34000      9.2304703E-03
   16.35000      9.0683028E-03
   16.36000      8.6061554E-03
   16.37000      7.8876466E-03
   16.38000      6.9673760E-03
   16.39000      5.9118196E-03
   16.40000      4.7933520E-03
   16.41000      3.6809752E-03
   16.42000      2.6439042E-03
   16.43000      1.7420310E-03
   16.44000      1.0227127E-03
   16.45000      5.2406185E-04
   16.46000      2.6277042E-04
   16.47000      2.4534090E-04
   16.48000      4.5889846E-04
   16.49000      8.7942713E-04
   16.50000      1.4675938E-03
   16.51000      2.1784648E-03
   16.52000      2.9588565E-03
   16.53000      3.7524221E-03
   16.54000      4.5059598E-03
   16.55000      5.1681562E-03
   16.56000      5.6953346E-03
   16.57000      6.0545243E-03
   16.58000      6.2215244E-03
   16.59000      6.1874921E-03
   16.60000      5.9542782E-03
   16.61000      5.5386010E-03
   16.62000      4.9651084E-03
   16.63000      4.2747911E-03
   16.64000      3.5090924E-03
   16.65000      2.7209620E-03
   16.66000      1.9619011E-03
   16.67000      1.2840657E-03
   16.68000      7.3779031E-04
   16.69000      3.6575919E-04
   16.70000      2.0322029E-04
   16.71000      2.7643531E-04
   16.72000      5.9946376E-04
   16.73000      1.1751594E-03
   16.74000      1.9920731E-03
   16.75000      3.0359018E-03
   16.76000      4.2685736E-03
   16.77000      5.6577842E-03
   16.78000      7.1532670E-03
   16.79000      8.7070474E-03
   16.80000      1.0270011E-02
   16.81000      1.1787645E-02
   16.82000      1.3211881E-02
   16.83000      1.4499975E-02
   16.84000      1.5610510E-02
   16.85000      1.6515808E-02
   16.86000      1.7190391E-02
   16.87000      1.7620966E-02
   16.88000      1.7806536E-02
   16.89000      1.7746529E-02
   16.90000      1.7448278E-02
   16.91000      1.6932460E-02
   16.92000      1.6229369E-02
   16.93000      1.5368690E-02
   16.94000      1.4382789E-02
   16.95000      1.3302506E-02
   16.96000      1.2161251E-02
   16.97000      1.0993093E-02
   16.98000      9.8253423E-03
   16.99000      8.6841499E-03
   17.00000      7.5928839E-03
   17.01000      6.5672686E-03
   17.02000      5.6245448E-03
   17.03000      4.7616060E-03
   17.04000      3.9827209E-03
   17.05000      3.3059781E-03
   17.06000      2.7493343E-03
   17.07000      2.2887622E-03
   17.08000      1.8942878E-03
   17.09000      1.5413957E-03
   17.10000      1.2543162E-03
   17.11000      1.0302579E-03
   17.12000      8.5805036E-04
   17.13000      7.1804959E-04
   17.14000      6.0302846E-04
   17.15000      5.1095255E-04
   17.16000      4.3791719E-04
   17.17000      3.8064248E-04
   17.18000      3.3410828E-04
   17.19000      2.9543941E-04
   17.20000      2.6312505E-04
   17.21000      2.3344354E-04
   17.22000      2.0786408E-04
   17.23000      1.9278645E-04
   17.24000      1.8349726E-04
   17.25000      1.7584692E-04
   17.26000      1.6461499E-04
   17.27000      1.5378237E-04
   17.28000      1.4549907E-04
   17.29000      1.4040658E-04
   17.30000      1.3602908E-04
   17.31000      1.3226102E-04
   17.32000      1.2947641E-04
   17.33000      1.2662860E-04
   17.34000      1.2594531E-04
   17.35000      1.2472784E-04
   17.36000      1.2450358E-04
   17.37000      1.2469634E-04
   17.38000      1.2577315E-04
   17.39000      1.2877144E-04
   17.40000      1.3364998E-04
   17.41000      1.3637959E-04
   17.42000      1.4276187E-04
   17.43000      1.4477651E-04
   17.44000      1.4460970E-04
   17.45000      1.4422483E-04
   17.46000      1.4265199E-04
   17.47000      1.4449247E-04
   17.48000      1.4578991E-04
   17.49000      1.4622994E-04
   17.50000      1.4640411E-04
