  -17.50000      1.6122571E-03
  -17.49000      1.6270975E-03
  -17.48000      1.6242545E-03
  -17.47000      1.6341578E-03
  -17.46000      1.6248109E-03
  -17.45000      1.6243830E-03
  -17.44000      1.6246672E-03
  -17.43000      1.6240514E-03
  -17.42000      1.6190659E-03
  -17.41000      1.6130060E-03
  -17.40000      1.5838600E-03
  -17.39000      1.5768346E-03
  -17.38000      1.5939669E-03
  -17.37000      1.6169907E-03
  -17.36000      1.6427613E-03
  -17.35000      1.6609009E-03
  -17.34000      1.6879935E-03
  -17.33000      1.7159459E-03
  -17.32000      1.7620331E-03
  -17.31000      1.8075885E-03
  -17.30000      1.8571457E-03
  -17.29000      1.8892254E-03
  -17.28000      1.9651528E-03
  -17.27000      2.1149272E-03
  -17.26000      2.2834914E-03
  -17.25000      2.3676697E-03
  -17.24000      2.3332117E-03
  -17.23000      2.2861410E-03
  -17.22000      2.3001679E-03
  -17.21000      2.3555560E-03
  -17.20000      2.4213109E-03
  -17.19000      2.4533712E-03
  -17.18000      2.4840899E-03
  -17.17000      2.5213612E-03
  -17.16000      2.5506725E-03
  -17.15000      2.5746815E-03
  -17.14000      2.5995199E-03
  -17.13000      2.6285853E-03
  -17.12000      2.6403160E-03
  -17.11000      2.6417554E-03
  -17.10000      2.6465070E-03
  -17.09000      2.6547874E-03
  -17.08000      2.6444215E-03
  -17.07000      2.5774043E-03
  -17.06000      2.4750505E-03
  -17.05000      2.3549518E-03
  -17.04000      2.2227087E-03
  -17.03000      2.0759315E-03
  -17.02000      1.9121268E-03
  -17.01000      1.7355189E-03
  -17.00000      1.5492461E-03
  -16.99000      1.3584815E-03
  -16.98000      1.1675805E-03
  -16.97000      9.8254415E-04
  -16.96000      8.0845499E-04
  -16.95000      6.4969587E-04
  -16.94000      5.1055668E-04
  -16.93000      3.9393469E-04
  -16.92000      3.0151315E-04
  -16.91000      2.3416747E-04
  -16.90000      1.9103900E-04
  -16.89000      1.7045577E-04
  -16.88000      1.6949764E-04
  -16.87000      1.8458058E-04
  -16.86000      2.1146231E-04
  -16.85000      2.4563284E-04
  -16.84000      2.8246580E-04
  -16.83000      3.1763787E-04
  -16.82000      3.4759656E-04
  -16.81000      3.6942243E-04
  -16.80000      3.8121559E-04
  -16.79000      3.8218265E-04
  -16.78000      3.7254801E-04
  -16.77000      3.5363779E-04
  -16.76000      3.2758695E-04
  -16.75000      2.9741725E-04
  -16.74000      2.6636050E-04
  -16.73000      2.3823093E-04
  -16.72000      2.1633583E-04
  -16.71000      2.0387505E-04
  -16.70000      2.0329570E-04
  -16.69000      2.1623613E-04
  -16.68000      2.4322190E-04
  -16.67000      2.8378330E-04
  -16.66000      3.3638440E-04
  -16.65000      3.9836150E-04
  -16.64000      4.6631877E-04
  -16.63000      5.3629599E-04
  -16.62000      6.0367689E-04
  -16.61000      6.6433247E-04
  -16.60000      7.1365939E-04
  -16.59000      7.4825931E-04
  -16.58000      7.6515158E-04
  -16.57000      7.6257181E-04
  -16.56000      7.3982298E-04
  -16.55000      6.9759280E-04
  -16.54000      6.3772331E-04
  -16.53000      5.6325051E-04
  -16.52000      4.7831019E-04
  -16.51000      3.8750406E-04
  -16.50000      2.9626669E-04
  -16.49000      2.1003337E-04
  -16.48000      1.3383967E-04
  -16.47000      7.2672636E-05
  -16.46000      3.0280598E-05
  -16.45000      9.7511611E-06
  -16.44000      1.2713735E-05
  -16.43000      3.9691895E-05
  -16.42000      8.9863526E-05
  -16.41000      1.6121454E-04
  -16.40000      2.5089236E-04
  -16.39000      3.5497267E-04
  -16.38000      4.6954819E-04
  -16.37000      5.9013942E-04
  -16.36000      7.1248552E-04
  -16.35000      8.3305652E-04
  -16.34000      9.4868150E-04
  -16.33000      1.0572852E-03
  -16.32000      1.1579726E-03
  -16.31000      1.2502612E-03
  -16.30000      1.3356647E-03
  -16.29000      1.4157136E-03
  -16.28000      1.4931550E-03
  -16.27000      1.5710361E-03
  -16.26000      1.6521224E-03
  -16.25000      1.7395833E-03
  -16.24000      1.8352867E-03
  -16.23000      1.9406787E-03
  -16.22000      2.0567630E-03
  -16.21000      2.1815482E-03
  -16.20000      2.3131513E-03
  -16.19000      2.4479444E-03
  -16.18000      2.5806741E-03
  -16.17000      2.7060788E-03
  -16.16000      2.8171383E-03
  -16.15000      2.9075390E-03
  -16.14000      2.9708552E-03
  -16.13000      3.0010724E-03
  -16.12000      2.9935080E-03
  -16.11000      2.9447284E-03
  -16.10000      2.8532685E-03
  -16.09000      2.7190775E-03
  -16.08000      2.5452799E-03
  -16.07000      2.3360352E-03
  -16.06000      2.0978176E-03
  -16.05000      1.8394199E-03
  -16.04000      1.5690044E-03
  -16.03000      1.2982353E-03
  -16.02000      1.0364203E-03
  -16.01000      7.9395424E-04
  -16.00000      5.7983730E-04
  -15.99000      4.0143565E-04
  -15.98000      2.6458348E-04
  -15.97000      1.7284331E-04
  -15.96000      1.2687648E-04
  -15.95000      1.2558888E-04
  -15.94000      1.6487615E-04
  -15.93000      2.3903578E-04
  -15.92000      3.3987229E-04
  -15.91000      4.5896243E-04
  -15.90000      5.8611325E-04
  -15.89000      7.1180880E-04
  -15.88000      8.2653068E-04
  -15.87000      9.2204101E-04
  -15.86000      9.9181477E-04
  -15.85000      1.0310791E-03
  -15.84000      1.0373649E-03
  -15.83000      1.0106956E-03
  -15.82000      9.5329754E-04
  -15.81000      8.6964580E-04
  -15.80000      7.6578488E-04
  -15.79000      6.4984430E-04
  -15.78000      5.2966783E-04
  -15.77000      4.1448572E-04
  -15.76000      3.1216300E-04
  -15.75000      2.2991681E-04
  -15.74000      1.7369428E-04
  -15.73000      1.4706278E-04
  -15.72000      1.5179293E-04
  -15.71000      1.8715893E-04
  -15.70000      2.5034964E-04
  -15.69000      3.3637192E-04
  -15.68000      4.3862045E-04
  -15.67000      5.4961361E-04
  -15.66000      6.6038239E-04
  -15.65000      7.6298829E-04
  -15.64000      8.4892882E-04
  -15.63000      9.1177667E-04
  -15.62000      9.4634783E-04
  -15.61000      9.4958418E-04
  -15.60000      9.2072738E-04
  -15.59000      8.6164387E-04
  -15.58000      7.7619671E-04
  -15.57000      6.7041750E-04
  -15.56000      5.5207103E-04
  -15.55000      4.2983968E-04
  -15.54000      3.1274886E-04
  -15.53000      2.1003484E-04
  -15.52000      1.2924848E-04
  -15.51000      7.7376892E-05
  -15.50000      5.8525169E-05
  -15.49000      7.4923060E-05
  -15.48000      1.2571235E-04
  -15.47000      2.0807091E-04
  -15.46000      3.1580403E-04
  -15.45000      4.4141090E-04
  -15.44000      5.7510321E-04
  -15.43000      7.0737314E-04
  -15.42000      8.2791410E-04
  -15.41000      9.2668680E-04
  -15.40000      9.9538604E-04
  -15.39000      1.0281743E-03
  -15.38000      1.0214881E-03
  -15.37000      9.7526569E-04
  -15.36000      8.9259341E-04
  -15.35000      7.8006031E-04
  -15.34000      6.4674445E-04
  -15.33000      5.0471118E-04
  -15.32000      3.6749360E-04
  -15.31000      2.4923644E-04
  -15.30000      1.6447461E-04
  -15.29000      1.2573204E-04
  -15.28000      1.4428995E-04
  -15.27000      2.2723940E-04
  -15.26000      3.7898772E-04
  -15.25000      5.9848896E-04
  -15.24000      8.8088936E-04
  -15.23000      1.2169394E-03
  -15.22000      1.5918487E-03
  -15.21000      1.9895174E-03
  -15.20000      2.3896194E-03
  -15.19000      2.7709296E-03
  -15.18000      3.1128121E-03
  -15.17000      3.3939735E-03
  -15.16000      3.5977396E-03
  -15.15000      3.7101982E-03
  -15.14000      3.7223366E-03
  -15.13000      3.6310796E-03
  -15.12000      3.4397889E-03
  -15.11000      3.1576245E-03
  -15.10000      2.7986779E-03
  -15.09000      2.3848577E-03
  -15.08000      1.9384433E-03
  -15.07000      1.4881570E-03
  -15.06000      1.0605379E-03
  -15.05000      6.8248960E-04
  -15.04000      3.7920490E-04
  -15.03000      1.7084056E-04
  -15.02000      7.2661758E-05
  -15.01000      9.3159804E-05
  -15.00000      2.3378182E-04
  -14.99000      4.8790369E-04
  -14.98000      8.4118650E-04
  -14.97000      1.2739208E-03
  -14.96000      1.7575420E-03
  -14.95000      2.2639195E-03
  -14.94000      2.7579234E-03
  -14.93000      3.2079925E-03
  -14.92000      3.5827039E-03
  -14.91000      3.8554755E-03
  -14.90000      4.0060682E-03
  -14.89000      4.0215962E-03
  -14.88000      3.8987235E-03
  -14.87000      3.6431213E-03
  -14.86000      3.2705574E-03
  -14.85000      2.8060717E-03
  -14.84000      2.2809114E-03
  -14.83000      1.7362554E-03
  -14.82000      1.2104186E-03
  -14.81000      7.4946205E-04
  -14.80000      3.9268524E-04
  -14.79000      1.7742108E-04
  -14.78000      1.3223857E-04
  -14.77000      2.7622329E-04
  -14.76000      6.1734952E-04
  -14.75000      1.1494152E-03
  -14.74000      1.8545099E-03
  -14.73000      2.7005030E-03
  -14.72000      3.6429772E-03
  -14.71000      4.6319263E-03
  -14.70000      5.6013609E-03
  -14.69000      6.4939223E-03
  -14.68000      7.2428822E-03
  -14.67000      7.7940584E-03
  -14.66000      8.0996854E-03
  -14.65000      8.1262682E-03
  -14.64000      7.8586023E-03
  -14.63000      7.3024947E-03
  -14.62000      6.4855209E-03
  -14.61000      5.4522613E-03
  -14.60000      4.2830417E-03
  -14.59000      3.0686972E-03
  -14.58000      1.9226214E-03
  -14.57000      9.7767846E-04
  -14.56000      3.6574039E-04
  -14.55000      2.3212977E-04
  -14.54000      7.1343116E-04
  -14.53000      1.9413128E-03
  -14.52000      4.0291278E-03
  -14.51000      7.0630079E-03
  -14.50000      1.1118971E-02
  -14.49000      1.6203333E-02
  -14.48000      2.2340188E-02
  -14.47000      2.9447742E-02
  -14.46000      3.7453219E-02
  -14.45000      4.6237472E-02
  -14.44000      5.5608742E-02
  -14.43000      6.5419257E-02
  -14.42000      7.5406507E-02
  -14.41000      8.5358828E-02
  -14.40000      9.5032163E-02
  -14.39000      0.1041755    
  -14.38000      0.1125571    
  -14.37000      0.1199640    
  -14.36000      0.1261722    
  -14.35000      0.1310515    
  -14.34000      0.1344423    
  -14.33000      0.1362676    
  -14.32000      0.1364792    
  -14.31000      0.1350846    
  -14.30000      0.1321217    
  -14.29000      0.1276896    
  -14.28000      0.1219075    
  -14.27000      0.1149472    
  -14.26000      0.1070080    
  -14.25000      9.8294891E-02
  -14.24000      8.9036956E-02
  -14.23000      7.9476714E-02
  -14.22000      6.9823354E-02
  -14.21000      6.0314268E-02
  -14.20000      5.1142260E-02
  -14.19000      4.2469341E-02
  -14.18000      3.4482334E-02
  -14.17000      2.7250988E-02
  -14.16000      2.0891618E-02
  -14.15000      1.5428717E-02
  -14.14000      1.0880142E-02
  -14.13000      7.2382307E-03
  -14.12000      4.4410801E-03
  -14.11000      2.4317147E-03
  -14.10000      1.1199550E-03
  -14.09000      4.0660324E-04
  -14.08000      1.8734137E-04
  -14.07000      3.4925507E-04
  -14.06000      7.8769546E-04
  -14.05000      1.3979075E-03
  -14.04000      2.0913638E-03
  -14.03000      2.7857809E-03
  -14.02000      3.4179243E-03
  -14.01000      3.9398936E-03
  -14.00000      4.3165577E-03
  -13.99000      4.5319758E-03
  -13.98000      4.5812139E-03
  -13.97000      4.4734990E-03
  -13.96000      4.2265458E-03
  -13.95000      3.8659370E-03
  -13.94000      3.4218812E-03
  -13.93000      2.9255154E-03
  -13.92000      2.4105583E-03
  -13.91000      1.9043090E-03
  -13.90000      1.4346828E-03
  -13.89000      1.0216931E-03
  -13.88000      6.7959662E-04
  -13.87000      4.1834850E-04
  -13.86000      2.3914770E-04
  -13.85000      1.4033238E-04
  -13.84000      1.1353990E-04
  -13.83000      1.4769989E-04
  -13.82000      2.2869975E-04
  -13.81000      3.4099090E-04
  -13.80000      4.6971958E-04
  -13.79000      5.9936428E-04
  -13.78000      7.1758125E-04
  -13.77000      8.1339688E-04
  -13.76000      8.7931077E-04
  -13.75000      9.1091153E-04
  -13.74000      9.0708386E-04
  -13.73000      8.6932757E-04
  -13.72000      8.0170837E-04
  -13.71000      7.1043131E-04
  -13.70000      6.0260948E-04
  -13.69000      4.8656875E-04
  -13.68000      3.7034450E-04
  -13.67000      2.6133208E-04
  -13.66000      1.6661242E-04
  -13.65000      9.0768335E-05
  -13.64000      3.7741407E-05
  -13.63000      8.9952400E-06
  -13.62000      4.7039230E-06
  -13.61000      2.3247107E-05
  -13.60000      6.1759478E-05
  -13.59000      1.1637226E-04
  -13.58000      1.8245762E-04
  -13.57000      2.5541271E-04
  -13.56000      3.3032493E-04
  -13.55000      4.0300732E-04
  -13.54000      4.7010527E-04
  -13.53000      5.2860228E-04
  -13.52000      5.7718926E-04
  -13.51000      6.1489141E-04
  -13.50000      6.4222957E-04
  -13.49000      6.6025631E-04
  -13.48000      6.7071052E-04
  -13.47000      6.7575299E-04
  -13.46000      6.7763042E-04
  -13.45000      6.7859824E-04
  -13.44000      6.8058795E-04
  -13.43000      6.8507559E-04
  -13.42000      6.9296319E-04
  -13.41000      7.0452411E-04
  -13.40000      7.1929843E-04
  -13.39000      7.3636981E-04
  -13.38000      7.5412932E-04
  -13.37000      7.7071454E-04
  -13.36000      7.8406918E-04
  -13.35000      7.9205009E-04
  -13.34000      7.9274992E-04
  -13.33000      7.8461110E-04
  -13.32000      7.6650467E-04
  -13.31000      7.3792797E-04
  -13.30000      6.9900544E-04
  -13.29000      6.5041205E-04
  -13.28000      5.9348647E-04
  -13.27000      5.3016579E-04
  -13.26000      4.6248370E-04
  -13.25000      3.9303623E-04
  -13.24000      3.2434851E-04
  -13.23000      2.5876463E-04
  -13.22000      1.9884034E-04
  -13.21000      1.4604976E-04
  -13.20000      1.0210073E-04
  -13.19000      6.7693341E-05
  -13.18000      4.3179683E-05
  -13.17000      2.8267650E-05
  -13.16000      2.2140952E-05
  -13.15000      2.3574017E-05
  -13.14000      3.0980278E-05
  -13.13000      4.2569551E-05
  -13.12000      5.6465815E-05
  -13.11000      7.0824062E-05
  -13.10000      8.4040978E-05
  -13.09000      9.4654759E-05
  -13.08000      1.0172040E-04
  -13.07000      1.0456878E-04
  -13.06000      1.0303758E-04
  -13.05000      9.7296383E-05
  -13.04000      8.7943590E-05
  -13.03000      7.5805765E-05
  -13.02000      6.1967177E-05
  -13.01000      4.7593312E-05
  -13.00000      3.3755503E-05
  -12.99000      2.1650039E-05
  -12.98000      1.2137847E-05
  -12.97000      5.9013205E-06
  -12.96000      3.3457741E-06
  -12.95000      4.5311081E-06
  -12.94000      9.2354285E-06
  -12.93000      1.6956521E-05
  -12.92000      2.6970707E-05
  -12.91000      3.8369766E-05
  -12.90000      5.0149451E-05
  -12.89000      6.1342820E-05
  -12.88000      7.0956376E-05
  -12.87000      7.8256598E-05
  -12.86000      8.2592160E-05
  -12.85000      8.3654944E-05
  -12.84000      8.1350910E-05
  -12.83000      7.5906231E-05
  -12.82000      6.7747023E-05
  -12.81000      5.7593563E-05
  -12.80000      4.6287692E-05
  -12.79000      3.4808283E-05
  -12.78000      2.4177931E-05
  -12.77000      1.5393831E-05
  -12.76000      9.3714352E-06
  -12.75000      6.8983632E-06
  -12.74000      8.5363945E-06
  -12.73000      1.4660829E-05
  -12.72000      2.5357394E-05
  -12.71000      4.0537907E-05
  -12.70000      5.9739399E-05
  -12.69000      8.2488266E-05
  -12.68000      1.0798987E-04
  -12.67000      1.3540911E-04
  -12.66000      1.6384023E-04
  -12.65000      1.9235448E-04
  -12.64000      2.2007136E-04
  -12.63000      2.4626771E-04
  -12.62000      2.7020092E-04
  -12.61000      2.9144168E-04
  -12.60000      3.0959799E-04
  -12.59000      3.2447823E-04
  -12.58000      3.3609755E-04
  -12.57000      3.4449153E-04
  -12.56000      3.4994195E-04
  -12.55000      3.5273636E-04
  -12.54000      3.5323351E-04
  -12.53000      3.5183161E-04
  -12.52000      3.4890772E-04
  -12.51000      3.4480795E-04
  -12.50000      3.3987316E-04
  -12.49000      3.3435761E-04
  -12.48000      3.2846158E-04
  -12.47000      3.2235237E-04
  -12.46000      3.1610730E-04
  -12.45000      3.0978420E-04
  -12.44000      3.0342361E-04
  -12.43000      2.9698780E-04
  -12.42000      2.9049016E-04
  -12.41000      2.8387501E-04
  -12.40000      2.7710403E-04
  -12.39000      2.7016754E-04
  -12.38000      2.6299967E-04
  -12.37000      2.5559354E-04
  -12.36000      2.4787823E-04
  -12.35000      2.3980458E-04
  -12.34000      2.3130342E-04
  -12.33000      2.2230251E-04
  -12.32000      2.1269676E-04
  -12.31000      2.0241438E-04
  -12.30000      1.9133135E-04
  -12.29000      1.7938703E-04
  -12.28000      1.6655160E-04
  -12.27000      1.5278031E-04
  -12.26000      1.3819881E-04
  -12.25000      1.2284794E-04
  -12.24000      1.0698457E-04
  -12.23000      9.0876798E-05
  -12.22000      7.4866621E-05
  -12.21000      5.9384805E-05
  -12.20000      4.4915258E-05
  -12.19000      3.1874966E-05
  -12.18000      2.0826858E-05
  -12.17000      1.2155127E-05
  -12.16000      6.2746840E-06
  -12.15000      3.4287641E-06
  -12.14000      3.7613238E-06
  -12.13000      7.2433995E-06
  -12.12000      1.3692469E-05
  -12.11000      2.2778797E-05
  -12.10000      3.3955417E-05
  -12.09000      4.6613932E-05
  -12.08000      5.9975202E-05
  -12.07000      7.3219540E-05
  -12.06000      8.5544838E-05
  -12.05000      9.6075106E-05
  -12.04000      1.0417728E-04
  -12.03000      1.0922659E-04
  -12.02000      1.1088120E-04
  -12.01000      1.0895267E-04
  -12.00000      1.0353169E-04
  -11.99000      9.4933253E-05
  -11.98000      8.3694271E-05
  -11.97000      7.0590177E-05
  -11.96000      5.6475186E-05
  -11.95000      4.2398591E-05
  -11.94000      2.9372080E-05
  -11.93000      1.8365967E-05
  -11.92000      1.0317575E-05
  -11.91000      5.8864666E-06
  -11.90000      5.6186855E-06
  -11.89000      9.6825206E-06
  -11.88000      1.8063965E-05
  -11.87000      3.0365183E-05
  -11.86000      4.5995344E-05
  -11.85000      6.4072767E-05
  -11.84000      8.3542356E-05
  -11.83000      1.0328868E-04
  -11.82000      1.2207113E-04
  -11.81000      1.3875072E-04
  -11.80000      1.5233507E-04
  -11.79000      1.6192392E-04
  -11.78000      1.6700602E-04
  -11.77000      1.6723358E-04
  -11.76000      1.6268132E-04
  -11.75000      1.5364232E-04
  -11.74000      1.4079125E-04
  -11.73000      1.2491368E-04
  -11.72000      1.0706313E-04
  -11.71000      8.8339460E-05
  -11.70000      6.9806942E-05
  -11.69000      5.2508964E-05
  -11.68000      3.7312104E-05
  -11.67000      2.4849793E-05
  -11.66000      1.5573714E-05
  -11.65000      9.5421465E-06
  -11.64000      6.6598313E-06
  -11.63000      6.5063632E-06
  -11.62000      8.5413503E-06
  -11.61000      1.2065282E-05
  -11.60000      1.6387203E-05
  -11.59000      2.0877773E-05
  -11.58000      2.5055839E-05
  -11.57000      2.8702434E-05
  -11.56000      3.1884141E-05
  -11.55000      3.5006356E-05
  -11.54000      3.8826056E-05
  -11.53000      4.4379402E-05
  -11.52000      5.2978059E-05
  -11.51000      6.6069617E-05
  -11.50000      8.5066560E-05
  -11.49000      1.1143272E-04
  -11.48000      1.4606783E-04
  -11.47000      1.8977346E-04
  -11.46000      2.4259186E-04
  -11.45000      3.0393383E-04
  -11.44000      3.7280229E-04
  -11.43000      4.4702479E-04
  -11.42000      5.2415452E-04
  -11.41000      6.0104718E-04
  -11.40000      6.7396025E-04
  -11.39000      7.3926063E-04
  -11.38000      7.9300295E-04
  -11.37000      8.3176832E-04
  -11.36000      8.5252896E-04
  -11.35000      8.5301517E-04
  -11.34000      8.3216099E-04
  -11.33000      7.9014874E-04
  -11.32000      7.2816713E-04
  -11.31000      6.4886140E-04
  -11.30000      5.5616593E-04
  -11.29000      4.5528144E-04
  -11.28000      3.5164322E-04
  -11.27000      2.5224584E-04
  -11.26000      1.6294104E-04
  -11.25000      9.0553724E-05
  -11.24000      4.0305229E-05
  -11.23000      1.6700480E-05
  -11.22000      2.2588047E-05
  -11.21000      5.9164857E-05
  -11.20000      1.2557805E-04
  -11.19000      2.1889702E-04
  -11.18000      3.3441460E-04
  -11.17000      4.6555119E-04
  -11.16000      6.0416362E-04
  -11.15000      7.4173906E-04
  -11.14000      8.6810888E-04
  -11.13000      9.7503926E-04
  -11.12000      1.0537823E-03
  -11.11000      1.0979945E-03
  -11.10000      1.1031989E-03
  -11.09000      1.0678243E-03
  -11.08000      9.9300931E-04
  -11.07000      8.8333769E-04
  -11.06000      7.4627349E-04
  -11.05000      5.9193408E-04
  -11.04000      4.3299119E-04
  -11.03000      2.8347582E-04
  -11.02000      1.5774081E-04
  -11.01000      7.0919079E-05
  -11.00000      3.5421519E-05
  -10.99000      6.2400912E-05
  -10.98000      1.5868423E-04
  -10.97000      3.2816944E-04
  -10.96000      5.6785787E-04
  -10.95000      8.7174017E-04
  -10.94000      1.2266905E-03
  -10.93000      1.6154996E-03
  -10.92000      2.0177965E-03
  -10.91000      2.4075860E-03
  -10.90000      2.7603456E-03
  -10.89000      3.0495857E-03
  -10.88000      3.2511682E-03
  -10.87000      3.3458499E-03
  -10.86000      3.3191259E-03
  -10.85000      3.1658902E-03
  -10.84000      2.8884858E-03
  -10.83000      2.5026528E-03
  -10.82000      2.0323107E-03
  -10.81000      1.5163302E-03
  -10.80000      1.0030055E-03
  -10.79000      5.4908765E-04
  -10.78000      2.2337669E-04
  -10.77000      9.6428863E-05
  -10.76000      2.4504637E-04
  -10.75000      7.4342865E-04
  -10.74000      1.6633164E-03
  -10.73000      3.0698923E-03
  -10.72000      5.0103990E-03
  -10.71000      7.5303745E-03
  -10.70000      1.0636750E-02
  -10.69000      1.4338311E-02
  -10.68000      1.8607346E-02
  -10.67000      2.3382390E-02
  -10.66000      2.8614353E-02
  -10.65000      3.4178209E-02
  -10.64000      3.9988250E-02
  -10.63000      4.5896295E-02
  -10.62000      5.1762756E-02
  -10.61000      5.7441376E-02
  -10.60000      6.2780499E-02
  -10.59000      6.7616403E-02
  -10.58000      7.1837388E-02
  -10.57000      7.5290404E-02
  -10.56000      7.7882469E-02
  -10.55000      7.9524040E-02
  -10.54000      8.0157667E-02
  -10.53000      7.9757988E-02
  -10.52000      7.8332186E-02
  -10.51000      7.5913578E-02
  -10.50000      7.2564654E-02
  -10.49000      6.8388179E-02
  -10.48000      6.3491151E-02
  -10.47000      5.8023136E-02
  -10.46000      5.2140020E-02
  -10.45000      4.5988563E-02
  -10.44000      3.9772388E-02
  -10.43000      3.3621129E-02
  -10.42000      2.7715219E-02
  -10.41000      2.2181258E-02
  -10.40000      1.7133644E-02
  -10.39000      1.2680626E-02
  -10.38000      8.8796401E-03
  -10.37000      5.7708952E-03
  -10.36000      3.3709912E-03
  -10.35000      1.6547283E-03
  -10.34000      5.9029984E-04
  -10.33000      1.0919039E-04
  -10.32000      1.3370422E-04
  -10.31000      5.6802941E-04
  -10.30000      1.3132977E-03
  -10.29000      2.2619462E-03
  -10.28000      3.3119125E-03
  -10.27000      4.3698163E-03
  -10.26000      5.3475709E-03
  -10.25000      6.1775162E-03
  -10.24000      6.8042064E-03
  -10.23000      7.1921451E-03
  -10.22000      7.3254863E-03
  -10.21000      7.2042141E-03
  -10.20000      6.8470207E-03
  -10.19000      6.2841349E-03
  -10.18000      5.5616880E-03
  -10.17000      4.7273147E-03
  -10.16000      3.8391750E-03
  -10.15000      2.9534672E-03
  -10.14000      2.1209831E-03
  -10.13000      1.3916919E-03
  -10.12000      8.0023881E-04
  -10.11000      3.7628217E-04
  -10.10000      1.3511906E-04
  -10.09000      7.9822596E-05
  -10.08000      2.0257437E-04
  -10.07000      4.8396457E-04
  -10.06000      8.9675986E-04
  -10.05000      1.4033479E-03
  -10.04000      1.9655798E-03
  -10.03000      2.5410207E-03
  -10.02000      3.0869918E-03
  -10.01000      3.5676560E-03
  -10.00000      3.9471248E-03
  -9.990000      4.2048176E-03
  -9.980000      4.3229330E-03
  -9.970000      4.2953282E-03
  -9.960000      4.1260403E-03
  -9.950000      3.8279749E-03
  -9.940000      3.4224608E-03
  -9.930000      2.9373947E-03
  -9.920000      2.4057440E-03
  -9.910000      1.8628391E-03
  -9.900000      1.3449122E-03
  -9.890000      8.8596437E-04
  -9.880000      5.1647861E-04
  -9.870000      2.6136619E-04
  -9.860000      1.3850839E-04
  -9.850000      1.5784148E-04
  -9.840000      3.2107785E-04
  -9.830000      6.2143244E-04
  -9.820000      1.0444360E-03
  -9.810000      1.5684536E-03
  -9.800000      2.1669494E-03
  -9.790000      2.8090368E-03
  -9.780000      3.4622296E-03
  -9.770000      4.0936689E-03
  -9.760000      4.6724360E-03
  -9.750000      5.1711965E-03
  -9.740000      5.5675036E-03
  -9.730000      5.8449572E-03
  -9.720000      5.9939050E-03
  -9.710000      6.0113706E-03
  -9.700000      5.9017176E-03
  -9.690000      5.6752535E-03
  -9.680000      5.3474000E-03
  -9.670000      4.9379417E-03
  -9.660000      4.4694375E-03
  -9.650000      3.9659441E-03
  -9.640000      3.4509648E-03
  -9.630000      2.9471510E-03
  -9.620000      2.4739942E-03
  -9.610000      2.0478426E-03
  -9.600000      1.6803636E-03
  -9.590000      1.3788230E-03
  -9.580000      1.1455441E-03
  -9.570000      9.7851281E-04
  -9.560000      8.7163690E-04
  -9.550000      8.1573444E-04
  -9.540000      7.9925975E-04
  -9.530000      8.0951623E-04
  -9.520000      8.3363091E-04
  -9.510000      8.5958058E-04
  -9.500000      8.7699643E-04
  -9.490000      8.7790418E-04
  -9.480000      8.5716241E-04
  -9.470000      8.1268075E-04
  -9.460000      7.4540731E-04
  -9.450000      6.5894891E-04
  -9.440000      5.5926002E-04
  -9.430000      4.5384388E-04
  -9.420000      3.5113620E-04
  -9.410000      2.5958824E-04
  -9.400000      1.8707509E-04
  -9.390000      1.3994961E-04
  -9.380000      1.2265996E-04
  -9.370000      1.3722504E-04
  -9.360000      1.8305755E-04
  -9.350000      2.5703316E-04
  -9.340000      3.5359210E-04
  -9.330000      4.6521574E-04
  -9.320000      5.8304326E-04
  -9.310000      6.9762918E-04
  -9.300000      7.9948350E-04
  -9.290000      8.8017021E-04
  -9.280000      9.3272206E-04
  -9.270000      9.5243158E-04
  -9.260000      9.3721872E-04
  -9.250000      8.8788825E-04
  -9.240000      8.0812658E-04
  -9.230000      7.0440309E-04
  -9.220000      5.8541441E-04
  -9.210000      4.6166245E-04
  -9.200000      3.4459101E-04
  -9.190000      2.4578965E-04
  -9.180000      1.7617564E-04
  -9.170000      1.4513431E-04
  -9.160000      1.5966246E-04
  -9.150000      2.2380310E-04
  -9.140000      3.3825048E-04
  -9.130000      5.0002348E-04
  -9.120000      7.0262287E-04
  -9.110000      9.3619095E-04
  -9.100000      1.1882747E-03
  -9.090000      1.4442530E-03
  -9.080000      1.6887169E-03
  -9.070000      1.9060092E-03
  -9.060000      2.0817034E-03
  -9.050000      2.2034431E-03
  -9.040000      2.2619267E-03
  -9.030000      2.2515864E-03
  -9.020000      2.1712871E-03
  -9.010000      2.0243730E-03
  -9.000000      1.8188049E-03
  -8.990000      1.5669937E-03
  -8.980000      1.2849618E-03
  -8.970000      9.9169090E-04
  -8.960000      7.0785149E-04
  -8.950000      4.5513327E-04
  -8.940000      2.5440543E-04
  -8.930000      1.2492285E-04
  -8.920000      8.2697152E-05
  -8.910000      1.3980739E-04
  -8.900000      3.0332789E-04
  -8.890000      5.7491683E-04
  -8.880000      9.5038011E-04
  -8.870000      1.4201751E-03
  -8.860000      1.9693952E-03
  -8.850000      2.5786851E-03
  -8.840000      3.2249952E-03
  -8.830000      3.8836023E-03
  -8.820000      4.5283861E-03
  -8.810000      5.1338789E-03
  -8.800000      5.6761084E-03
  -8.790000      6.1341911E-03
  -8.780000      6.4909458E-03
  -8.770000      6.7341444E-03
  -8.760000      6.8568303E-03
  -8.750000      6.8573738E-03
  -8.740000      6.7396266E-03
  -8.730000      6.5124626E-03
  -8.720000      6.1889482E-03
  -8.710000      5.7857800E-03
  -8.700000      5.3221541E-03
  -8.690000      4.8186835E-03
  -8.680000      4.2961934E-03
  -8.670000      3.7740069E-03
  -8.660000      3.2701162E-03
  -8.650000      2.7992236E-03
  -8.640000      2.3731140E-03
  -8.630000      1.9993149E-03
  -8.620000      1.6817021E-03
  -8.610000      1.4202530E-03
  -8.600000      1.2117830E-03
  -8.590000      1.0503287E-03
  -8.580000      9.2800439E-04
  -8.570000      8.3578622E-04
  -8.560000      7.6436624E-04
  -8.550000      7.0501637E-04
  -8.540000      6.5019284E-04
  -8.530000      5.9422664E-04
  -8.520000      5.3356320E-04
  -8.510000      4.6698490E-04
  -8.500000      3.9561020E-04
  -8.490000      3.2259172E-04
  -8.480000      2.5263760E-04
  -8.470000      1.9157233E-04
  -8.460000      1.4555691E-04
  -8.450000      1.2044886E-04
  -8.440000      1.2109331E-04
  -8.430000      1.5073098E-04
  -8.420000      2.1054999E-04
  -8.410000      2.9939102E-04
  -8.400000      4.1365990E-04
  -8.390000      5.4741075E-04
  -8.380000      6.9284072E-04
  -8.370000      8.4060017E-04
  -8.360000      9.8050176E-04
  -8.350000      1.1024581E-03
  -8.340000      1.1971381E-03
  -8.330000      1.2566467E-03
  -8.320000      1.2754699E-03
  -8.310000      1.2507536E-03
  -8.300000      1.1829280E-03
  -8.290000      1.0757691E-03
  -8.280000      9.3627174E-04
  -8.270000      7.7435037E-04
  -8.260000      6.0225429E-04
  -8.250000      4.3374416E-04
  -8.240000      2.8327596E-04
  -8.230000      1.6477193E-04
  -8.220000      9.0649308E-05
  -8.210000      7.0866452E-05
  -8.200000      1.1196549E-04
  -8.190000      2.1646492E-04
  -8.180000      3.8245087E-04
  -8.170000      6.0347683E-04
  -8.160000      8.6880545E-04
  -8.150000      1.1639710E-03
  -8.140000      1.4715091E-03
  -8.130000      1.7722435E-03
  -8.120000      2.0462715E-03
  -8.110000      2.2747382E-03
  -8.100000      2.4406645E-03
  -8.090000      2.5308162E-03
  -8.080000      2.5363874E-03
  -8.070000      2.4541060E-03
  -8.060000      2.2869494E-03
  -8.050000      2.0440803E-03
  -8.040000      1.7409786E-03
  -8.030000      1.3983721E-03
  -8.020000      1.0417413E-03
  -8.010000      6.9980434E-04
  -8.000000      4.0281712E-04
  -7.990000      1.8063615E-04
  -7.980000      6.1353465E-05
  -7.970000      6.8925256E-05
  -7.960000      2.2187918E-04
  -7.950000      5.3170999E-04
  -7.940000      1.0021668E-03
  -7.930000      1.6282902E-03
  -7.920000      2.3968976E-03
  -7.910000      3.2862318E-03
  -7.900000      4.2679035E-03
  -7.890000      5.3070155E-03
  -7.880000      6.3645747E-03
  -7.870000      7.3987902E-03
  -7.860000      8.3687007E-03
  -7.850000      9.2340782E-03
  -7.840000      9.9586323E-03
  -7.830000      1.0512406E-02
  -7.820000      1.0872588E-02
  -7.810000      1.1024729E-02
  -7.800000      1.0963948E-02
  -7.790000      1.0694622E-02
  -7.780000      1.0230424E-02
  -7.770000      9.5937392E-03
  -7.760000      8.8131120E-03
  -7.750000      7.9233646E-03
  -7.740000      6.9618914E-03
  -7.730000      5.9677078E-03
  -7.720000      4.9783946E-03
  -7.710000      4.0291101E-03
  -7.700000      3.1494901E-03
  -7.690000      2.3642457E-03
  -7.680000      1.6900389E-03
  -7.670000      1.1367787E-03
  -7.660000      7.0652063E-04
  -7.650000      3.9455979E-04
  -7.640000      1.8992976E-04
  -7.630000      7.6989396E-05
  -7.620000      3.6661262E-05
  -7.610000      4.8345217E-05
  -7.600000      9.1386421E-05
  -7.590000      1.4684742E-04
  -7.580000      1.9877750E-04
  -7.570000      2.3546132E-04
  -7.560000      2.5000807E-04
  -7.550000      2.4067590E-04
  -7.540000      2.1074936E-04
  -7.530000      1.6787808E-04
  -7.520000      1.2317135E-04
  -7.510000      8.9813562E-05
  -7.500000      8.1711274E-05
  -7.490000      1.1188732E-04
  -7.480000      1.9099677E-04
  -7.470000      3.2605854E-04
  -7.460000      5.1937404E-04
  -7.450000      7.6806184E-04
  -7.440000      1.0635686E-03
  -7.430000      1.3923001E-03
  -7.420000      1.7360251E-03
  -7.410000      2.0735676E-03
  -7.400000      2.3817320E-03
  -7.390000      2.6375290E-03
  -7.380000      2.8201255E-03
  -7.370000      2.9125626E-03
  -7.360000      2.9036859E-03
  -7.350000      2.7895737E-03
  -7.340000      2.5745363E-03
  -7.330000      2.2714492E-03
  -7.320000      1.9015303E-03
  -7.310000      1.4935711E-03
  -7.300000      1.0823351E-03
  -7.290000      7.0642255E-04
  -7.280000      4.0563379E-04
  -7.270000      2.1835086E-04
  -7.260000      1.7822831E-04
  -7.250000      3.1161142E-04
  -7.240000      6.3500478E-04
  -7.230000      1.1525009E-03
  -7.220000      1.8555174E-03
  -7.210000      2.7208414E-03
  -7.200000      3.7119163E-03
  -7.190000      4.7798268E-03
  -7.180000      5.8654281E-03
  -7.170000      6.9025592E-03
  -7.160000      7.8228908E-03
  -7.150000      8.5593676E-03
  -7.140000      9.0517299E-03
  -7.130000      9.2519391E-03
  -7.120000      9.1293929E-03
  -7.110000      8.6740870E-03
  -7.100000      7.9012150E-03
  -7.090000      6.8531972E-03
  -7.080000      5.6004510E-03
  -7.070000      4.2418027E-03
  -7.060000      2.9002060E-03
  -7.050000      1.7219703E-03
  -7.040000      8.7014865E-04
  -7.030000      5.1840185E-04
  -7.020000      8.4310607E-04
  -7.010000      2.0172030E-03
  -7.000000      4.1994955E-03
  -6.990000      7.5281439E-03
  -6.980000      1.2111234E-02
  -6.970000      1.8020790E-02
  -6.960000      2.5283197E-02
  -6.950000      3.3881094E-02
  -6.940000      4.3741405E-02
  -6.930000      5.4745212E-02
  -6.920000      6.6719875E-02
  -6.910000      7.9448394E-02
  -6.900000      9.2666164E-02
  -6.890000      0.1060934    
  -6.880000      0.1194103    
  -6.870000      0.1323018    
  -6.860000      0.1444433    
  -6.850000      0.1555214    
  -6.840000      0.1652489    
  -6.830000      0.1733755    
  -6.820000      0.1796904    
  -6.810000      0.1840370    
  -6.800000      0.1863039    
  -6.790000      0.1864466    
  -6.780000      0.1844740    
  -6.770000      0.1804568    
  -6.760000      0.1745194    
  -6.750000      0.1668314    
  -6.740000      0.1576110    
  -6.730000      0.1471020    
  -6.720000      0.1355827    
  -6.710000      0.1233412    
  -6.700000      0.1106784    
  -6.690000      9.7883768E-02
  -6.680000      8.5239775E-02
  -6.670000      7.2996989E-02
  -6.660000      6.1384663E-02
  -6.650000      5.0591584E-02
  -6.640000      4.0765632E-02
  -6.630000      3.2015014E-02
  -6.620000      2.4401350E-02
  -6.610000      1.7948030E-02
  -6.600000      1.2635608E-02
  -6.590000      8.4165530E-03
  -6.580000      5.2101966E-03
  -6.570000      2.9160539E-03
  -6.560000      1.4180467E-03
  -6.550000      5.9002283E-04
  -6.540000      3.0206263E-04
  -6.530000      4.2684938E-04
  -6.520000      8.4397482E-04
  -6.510000      1.4432578E-03
  -6.500000      2.1286281E-03
  -6.490000      2.8193542E-03
  -6.480000      3.4519783E-03
  -6.470000      3.9795269E-03
  -6.460000      4.3717502E-03
  -6.450000      4.6132645E-03
  -6.440000      4.7017667E-03
  -6.430000      4.6458426E-03
  -6.420000      4.4625262E-03
  -6.410000      4.1744052E-03
  -6.400000      3.8075633E-03
  -6.390000      3.3891203E-03
  -6.380000      2.9448487E-03
  -6.370000      2.4987308E-03
  -6.360000      2.0708002E-03
  -6.350000      1.6770819E-03
  -6.340000      1.3288601E-03
  -6.330000      1.0330973E-03
  -6.320000      7.9241133E-04
  -6.310000      6.0589338E-04
  -6.300000      4.6967971E-04
  -6.290000      3.7766973E-04
  -6.280000      3.2247216E-04
  -6.270000      2.9586939E-04
  -6.260000      2.8969551E-04
  -6.250000      2.9624204E-04
  -6.240000      3.0871242E-04
  -6.230000      3.2148726E-04
  -6.220000      3.3024614E-04
  -6.210000      3.3200410E-04
  -6.200000      3.2504826E-04
  -6.190000      3.0883256E-04
  -6.180000      2.8380955E-04
  -6.170000      2.5122482E-04
  -6.160000      2.1300321E-04
  -6.150000      1.7152469E-04
  -6.140000      1.2959130E-04
  -6.130000      9.0271096E-05
  -6.120000      5.6891487E-05
  -6.110000      3.2942749E-05
  -6.100000      2.2102819E-05
  -6.090000      2.8120183E-05
  -6.080000      5.4821619E-05
  -6.070000      1.0593889E-04
  -6.060000      1.8505535E-04
  -6.050000      2.9540699E-04
  -6.040000      4.3961091E-04
  -6.030000      6.1955315E-04
  -6.020000      8.3606463E-04
  -6.010000      1.0887857E-03
  -6.000000      1.3760219E-03
  -5.990000      1.6944271E-03
  -5.980000      2.0393285E-03
  -5.970000      2.4041994E-03
  -5.960000      2.7815145E-03
  -5.950000      3.1623968E-03
  -5.940000      3.5371415E-03
  -5.930000      3.8954336E-03
  -5.920000      4.2271600E-03
  -5.910000      4.5221886E-03
  -5.900000      4.7715562E-03
  -5.890000      4.9671419E-03
  -5.880000      5.1027886E-03
  -5.870000      5.1739533E-03
  -5.860000      5.1784255E-03
  -5.850000      5.1161139E-03
  -5.840000      4.9892049E-03
  -5.830000      4.8023462E-03
  -5.820000      4.5619342E-03
  -5.810000      4.2760815E-03
  -5.800000      3.9541041E-03
  -5.790000      3.6061150E-03
  -5.780000      3.2426768E-03
  -5.770000      2.8740531E-03
  -5.760000      2.5097325E-03
  -5.750000      2.1584169E-03
  -5.740000      1.8270750E-03
  -5.730000      1.5214345E-03
  -5.720000      1.2454513E-03
  -5.710000      1.0014692E-03
  -5.700000      7.9015736E-04
  -5.690000      6.1100075E-04
  -5.680000      4.6226810E-04
  -5.670000      3.4146605E-04
  -5.660000      2.4560932E-04
  -5.650000      1.7142085E-04
  -5.640000      1.1568062E-04
  -5.630000      7.5365700E-05
  -5.620000      4.7821235E-05
  -5.610000      3.0800467E-05
  -5.600000      2.2503349E-05
  -5.590000      2.1525835E-05
  -5.580000      2.6758811E-05
  -5.570000      3.7276430E-05
  -5.560000      5.2197076E-05
  -5.550000      7.0583897E-05
  -5.540000      9.1326030E-05
  -5.530000      1.1312323E-04
  -5.520000      1.3444405E-04
  -5.510000      1.5363604E-04
  -5.500000      1.6898148E-04
  -5.490000      1.7890039E-04
  -5.480000      1.8209688E-04
  -5.470000      1.7778888E-04
  -5.460000      1.6587466E-04
  -5.450000      1.4710252E-04
  -5.440000      1.2315657E-04
  -5.430000      9.6703305E-05
  -5.420000      7.1343966E-05
  -5.410000      5.1434155E-05
  -5.400000      4.1893662E-05
  -5.390000      4.7823287E-05
  -5.380000      7.4159681E-05
  -5.370000      1.2520383E-04
  -5.360000      2.0420931E-04
  -5.350000      3.1293806E-04
  -5.340000      4.5141191E-04
  -5.330000      6.1752490E-04
  -5.320000      8.0713595E-04
  -5.310000      1.0139269E-03
  -5.300000      1.2299259E-03
  -5.290000      1.4454231E-03
  -5.280000      1.6501092E-03
  -5.270000      1.8330478E-03
  -5.260000      1.9839155E-03
  -5.250000      2.0935268E-03
  -5.240000      2.1544353E-03
  -5.230000      2.1619408E-03
  -5.220000      2.1143837E-03
  -5.210000      2.0136887E-03
  -5.200000      1.8654759E-03
  -5.190000      1.6791539E-03
  -5.180000      1.4675863E-03
  -5.170000      1.2466337E-03
  -5.160000      1.0342626E-03
  -5.150000      8.4972300E-04
  -5.140000      7.1232300E-04
  -5.130000      6.4038998E-04
  -5.120000      6.4986496E-04
  -5.110000      7.5346534E-04
  -5.100000      9.5936988E-04
  -5.090000      1.2709745E-03
  -5.080000      1.6860854E-03
  -5.070000      2.1968617E-03
  -5.060000      2.7901735E-03
  -5.050000      3.4478819E-03
  -5.040000      4.1478337E-03
  -5.030000      4.8648319E-03
  -5.020000      5.5716806E-03
  -5.010000      6.2409732E-03
  -5.000000      6.8458989E-03
  -4.990000      7.3625478E-03
  -4.980000      7.7697728E-03
  -4.970000      8.0515211E-03
  -4.960000      8.1971167E-03
  -4.950000      8.2022548E-03
  -4.940000      8.0687106E-03
  -4.930000      7.8040985E-03
  -4.920000      7.4219001E-03
  -4.910000      6.9400026E-03
  -4.900000      6.3802223E-03
  -4.890000      5.7661091E-03
  -4.880000      5.1224185E-03
  -4.870000      4.4728452E-03
  -4.860000      3.8394160E-03
  -4.850000      3.2405842E-03
  -4.840000      2.6913995E-03
  -4.830000      2.2021788E-03
  -4.820000      1.7786466E-03
  -4.810000      1.4221526E-03
  -4.800000      1.1299798E-03
  -4.790000      8.9604809E-04
  -4.780000      7.1216101E-04
  -4.770000      5.6864659E-04
  -4.760000      4.5569733E-04
  -4.750000      3.6426864E-04
  -4.740000      2.8696019E-04
  -4.730000      2.1872348E-04
  -4.720000      1.5730571E-04
  -4.710000      1.0331271E-04
  -4.700000      5.9998911E-05
  -4.690000      3.2775137E-05
  -4.680000      2.8430866E-05
  -4.670000      5.4202545E-05
  -4.660000      1.1670394E-04
  -4.650000      2.2086113E-04
  -4.640000      3.6915057E-04
  -4.630000      5.6062778E-04
  -4.620000      7.9054740E-04
  -4.610000      1.0502399E-03
  -4.600000      1.3276011E-03
  -4.590000      1.6070963E-03
  -4.580000      1.8713877E-03
  -4.570000      2.1018770E-03
  -4.560000      2.2807503E-03
  -4.550000      2.3921689E-03
  -4.540000      2.4240287E-03
  -4.530000      2.3693207E-03
  -4.520000      2.2273117E-03
  -4.510000      2.0042392E-03
  -4.500000      1.7136271E-03
  -4.490000      1.3759832E-03
  -4.480000      1.0179896E-03
  -4.470000      6.7061593E-04
  -4.460000      3.6759657E-04
  -4.450000      1.4279742E-04
  -4.440000      2.7660968E-05
  -4.430000      4.9041500E-05
  -4.420000      2.2628196E-04
  -4.410000      5.6957745E-04
  -4.400000      1.0781515E-03
  -4.390000      1.7397670E-03
  -4.380000      2.5300952E-03
  -4.370000      3.4140644E-03
  -4.360000      4.3464219E-03
  -4.350000      5.2751815E-03
  -4.340000      6.1435308E-03
  -4.330000      6.8942429E-03
  -4.320000      7.4728187E-03
  -4.310000      7.8332266E-03
  -4.300000      7.9403669E-03
  -4.290000      7.7746324E-03
  -4.280000      7.3343059E-03
  -4.270000      6.6380734E-03
  -4.260000      5.7257358E-03
  -4.250000      4.6566646E-03
  -4.240000      3.5094384E-03
  -4.230000      2.3762200E-03
  -4.220000      1.3607909E-03
  -4.210000      5.7076750E-04
  -4.200000      1.1370653E-04
  -4.190000      8.9115711E-05
  -4.180000      5.8377953E-04
  -4.170000      1.6648085E-03
  -4.160000      3.3755272E-03
  -4.150000      5.7315892E-03
  -4.140000      8.7168319E-03
  -4.130000      1.2281588E-02
  -4.120000      1.6347108E-02
  -4.110000      2.0803116E-02
  -4.100000      2.5511786E-02
  -4.090000      3.0317005E-02
  -4.080000      3.5048120E-02
  -4.070000      3.9528910E-02
  -4.060000      4.3588985E-02
  -4.050000      4.7068942E-02
  -4.040000      4.9834389E-02
  -4.030000      5.1776744E-02
  -4.020000      5.2822899E-02
  -4.010000      5.2940197E-02
  -4.000000      5.2133925E-02
  -3.990000      5.0448325E-02
  -3.980000      4.7962312E-02
  -3.970000      4.4786490E-02
  -3.960000      4.1052818E-02
  -3.950000      3.6915213E-02
  -3.940000      3.2531049E-02
  -3.930000      2.8061984E-02
  -3.920000      2.3658726E-02
  -3.910000      1.9462304E-02
  -3.900000      1.5588488E-02
  -3.890000      1.2130300E-02
  -3.880000      9.1487784E-03
  -3.870000      6.6763754E-03
  -3.860000      4.7139209E-03
  -3.850000      3.2345746E-03
  -3.840000      2.1880821E-03
  -3.830000      1.5061059E-03
  -3.820000      1.1093969E-03
  -3.810000      9.1535412E-04
  -3.800000      8.4456301E-04
  -3.790000      8.2788541E-04
  -3.780000      8.1127498E-04
  -3.770000      7.5955619E-04
  -3.760000      6.5801502E-04
  -3.750000      5.1238347E-04
  -3.740000      3.4672825E-04
  -3.730000      1.9963823E-04
  -3.720000      1.1937351E-04
  -3.710000      1.5754878E-04
  -3.700000      3.6275288E-04
  -3.690000      7.7397941E-04
  -3.680000      1.4145513E-03
  -3.670000      2.2879408E-03
  -3.660000      3.3739456E-03
  -3.650000      4.6280078E-03
  -3.640000      5.9829159E-03
  -3.630000      7.3534884E-03
  -3.620000      8.6404085E-03
  -3.610000      9.7412588E-03
  -3.600000      1.0556797E-02
  -3.590000      1.1003292E-02
  -3.580000      1.1019623E-02
  -3.570000      1.0577152E-02
  -3.560000      9.6854391E-03
  -3.550000      8.3959093E-03
  -3.540000      6.8039224E-03
  -3.530000      5.0455369E-03
  -3.520000      3.2929005E-03
  -3.510000      1.7459058E-03
  -3.500000      6.1858428E-04
  -3.490000      1.2611291E-04
  -3.480000      4.6725434E-04
  -3.470000      1.8067502E-03
  -3.460000      4.2569004E-03
  -3.450000      7.8623956E-03
  -3.440000      1.2585471E-02
  -3.430000      1.8299362E-02
  -3.420000      2.4787467E-02
  -3.410000      3.1744715E-02
  -3.400000      3.8796064E-02
  -3.390000      4.5508627E-02
  -3.380000      5.1429380E-02
  -3.370000      5.6102734E-02
  -3.360000      5.9115756E-02
  -3.350000      6.0127947E-02
  -3.340000      5.8910679E-02
  -3.330000      5.5382047E-02
  -3.320000      4.9631771E-02
  -3.310000      4.1959833E-02
  -3.300000      3.2887101E-02
  -3.290000      2.3170816E-02
  -3.280000      1.3791968E-02
  -3.270000      5.9615974E-03
  -3.260000      1.0711204E-03
  -3.250000      6.6119415E-04
  -3.240000      6.3483543E-03
  -3.230000      1.9762449E-02
  -3.220000      4.2459626E-02
  -3.210000      7.5842649E-02
  -3.200000      0.1210611    
  -3.190000      0.1789704    
  -3.180000      0.2500702    
  -3.170000      0.3344217    
  -3.160000      0.4315868    
  -3.150000      0.5407872    
  -3.140000      0.6606979    
  -3.130000      0.7895872    
  -3.120000      0.9253010    
  -3.110000       1.065236    
  -3.100000       1.206472    
  -3.090000       1.345821    
  -3.080000       1.479880    
  -3.070000       1.605222    
  -3.060000       1.718314    
  -3.050000       1.815916    
  -3.040000       1.895015    
  -3.030000       1.953105    
  -3.020000       1.988313    
  -3.010000       1.999432    
  -3.000000       1.986041    
  -2.990000       1.948526    
  -2.980000       1.887950    
  -2.970000       1.806169    
  -2.960000       1.705649    
  -2.950000       1.589220    
  -2.940000       1.460199    
  -2.930000       1.321918    
  -2.920000       1.177940    
  -2.910000       1.031720    
  -2.900000      0.8866765    
  -2.890000      0.7459639    
  -2.880000      0.6124755    
  -2.870000      0.4887904    
  -2.860000      0.3770285    
  -2.850000      0.2788809    
  -2.840000      0.1955267    
  -2.830000      0.1275267    
  -2.820000      7.4959233E-02
  -2.810000      3.7308626E-02
  -2.800000      1.3539927E-02
  -2.790000      2.1771500E-03
  -2.780000      1.4131846E-03
  -2.770000      9.1997702E-03
  -2.760000      2.3374651E-02
  -2.750000      4.1763902E-02
  -2.740000      6.2304694E-02
  -2.730000      8.3100714E-02
  -2.720000      0.1025142    
  -2.710000      0.1191823    
  -2.700000      0.1320784    
  -2.690000      0.1404939    
  -2.680000      0.1440654    
  -2.670000      0.1427525    
  -2.660000      0.1368258    
  -2.650000      0.1268279    
  -2.640000      0.1135126    
  -2.630000      9.7826324E-02
  -2.620000      8.0804877E-02
  -2.610000      6.3521393E-02
  -2.600000      4.6989024E-02
  -2.590000      3.2117065E-02
  -2.580000      1.9629164E-02
  -2.570000      1.0054408E-02
  -2.560000      3.6959294E-03
  -2.550000      6.3806557E-04
  -2.540000      7.5904100E-04
  -2.530000      3.7548076E-03
  -2.520000      9.1667362E-03
  -2.510000      1.6425708E-02
  -2.500000      2.4879068E-02
  -2.490000      3.3828847E-02
  -2.480000      4.2577375E-02
  -2.470000      5.0474226E-02
  -2.460000      5.6943331E-02
  -2.450000      6.1530191E-02
  -2.440000      6.3929394E-02
  -2.430000      6.4004168E-02
  -2.420000      6.1791562E-02
  -2.410000      5.7488736E-02
  -2.400000      5.1440690E-02
  -2.390000      4.4099186E-02
  -2.380000      3.5994168E-02
  -2.370000      2.7683653E-02
  -2.360000      1.9734319E-02
  -2.350000      1.2672302E-02
  -2.340000      6.9738198E-03
  -2.330000      3.0372171E-03
  -2.320000      1.1661856E-03
  -2.310000      1.5541047E-03
  -2.300000      4.2782859E-03
  -2.290000      9.2864642E-03
  -2.280000      1.6396001E-02
  -2.270000      2.5301123E-02
  -2.260000      3.5589203E-02
  -2.250000      4.6776202E-02
  -2.240000      5.8339849E-02
  -2.230000      6.9755085E-02
  -2.220000      8.0537975E-02
  -2.210000      9.0220354E-02
  -2.200000      9.8321952E-02
  -2.190000      0.1046222    
  -2.180000      0.1090528    
  -2.170000      0.1114810    
  -2.160000      0.1118170    
  -2.150000      0.1100591    
  -2.140000      0.1062796    
  -2.130000      0.1007156    
  -2.120000      9.3499348E-02
  -2.110000      8.5109979E-02
  -2.100000      7.6151714E-02
  -2.090000      6.6676639E-02
  -2.080000      5.6994092E-02
  -2.070000      4.7565870E-02
  -2.060000      3.8416356E-02
  -2.050000      2.9740302E-02
  -2.040000      2.2070661E-02
  -2.030000      1.5905172E-02
  -2.020000      1.1231146E-02
  -2.010000      7.6977359E-03
  -2.000000      5.0481972E-03
  -1.990000      3.1409243E-03
  -1.980000      1.8831569E-03
  -1.970000      1.2077410E-03
  -1.960000      9.8141702E-04
  -1.950000      1.1045204E-03
  -1.940000      1.4738063E-03
  -1.930000      1.8922130E-03
  -1.920000      2.1296064E-03
  -1.910000      2.1616262E-03
  -1.900000      2.0629510E-03
  -1.890000      1.9155795E-03
  -1.880000      1.7695536E-03
  -1.870000      1.5551397E-03
  -1.860000      1.2033789E-03
  -1.850000      7.5251458E-04
  -1.840000      4.1852446E-04
  -1.830000      2.9284280E-04
  -1.820000      2.7500279E-04
  -1.810000      6.1564095E-04
  -1.800000      1.5617318E-03
  -1.790000      2.4832312E-03
  -1.780000      2.9339448E-03
  -1.770000      2.6520414E-03
  -1.760000      2.1468145E-03
  -1.750000      2.3772330E-03
  -1.740000      3.7660962E-03
  -1.730000      5.5442741E-03
  -1.720000      6.6636358E-03
  -1.710000      8.4250532E-03
  -1.700000      1.0452614E-02
  -1.690000      9.9591548E-03
  -1.680000      5.9667178E-03
  -1.670000      2.9607320E-03
  -1.660000      2.1317769E-03
  -1.650000      1.7827215E-03
  -1.640000      1.2685629E-03
  -1.630000      7.8983151E-04
  -1.620000      5.0054415E-04
  -1.610000      4.3328307E-04
  -1.600000      2.8077836E-04
  -1.590000      2.4051989E-04
  -1.580000      1.1682293E-03
  -1.570000      5.0030285E-03
  -1.560000      8.9020422E-03
  -1.550000      6.8513141E-03
  -1.540000      5.6525152E-03
  -1.530000      5.8459155E-03
  -1.520000      4.5874980E-03
  -1.510000      4.4495394E-03
  -1.500000      6.5488173E-03
  -1.490000      6.7482670E-03
  -1.480000      5.1555000E-03
  -1.470000      3.2112298E-03
  -1.460000      2.1544977E-03
  -1.450000      1.6640323E-03
  -1.440000      1.6332278E-03
  -1.430000      1.6799633E-03
  -1.420000      1.1134391E-03
  -1.410000      8.2052208E-04
  -1.400000      9.0034597E-04
  -1.390000      1.2969044E-03
  -1.380000      1.4512800E-03
  -1.370000      1.0624392E-03
  -1.360000      1.1339799E-03
  -1.350000      2.1671411E-03
  -1.340000      5.6723407E-03
  -1.330000      8.8685695E-03
  -1.320000      6.2299413E-03
  -1.310000      3.6480124E-03
  -1.300000      3.0615416E-03
  -1.290000      2.4914972E-03
  -1.280000      1.2440959E-03
  -1.270000      5.7241757E-04
  -1.260000      4.7722651E-04
  -1.250000      4.6043633E-04
  -1.240000      4.2742724E-04
  -1.230000      3.7953301E-04
  -1.220000      3.6731065E-04
  -1.210000      3.7057919E-04
  -1.200000      3.7205569E-04
  -1.190000      3.8060520E-04
  -1.180000      3.9668690E-04
  -1.170000      4.2080847E-04
  -1.160000      4.5335697E-04
  -1.150000      4.6963195E-04
  -1.140000      5.0745707E-04
  -1.130000      4.7588025E-04
  -1.120000      1.0389138E-04
  -1.110000      6.7270087E-04
  -1.100000      2.1131866E-02
  -1.090000      7.7982336E-02
  -1.080000      6.2448870E-02
  -1.070000      4.2743027E-02
  -1.060000      1.8348334E-02
  -1.050000      1.8594755E-03
  -1.040000      1.9280773E-04
  -1.030000      3.1484370E-04
  -1.020000      1.7847751E-03
  -1.010000      2.1576099E-03
  -1.000000      1.8912364E-03
 -0.9900000      1.0533242E-03
 -0.9800000      5.5776705E-04
 -0.9700000      7.6157227E-04
 -0.9600000      1.8757137E-03
 -0.9500000      2.0739103E-03
 -0.9400000      6.0309051E-04
 -0.9300000      1.2511820E-04
 -0.9200000      1.8833009E-04
 -0.9100000      5.2709546E-04
 -0.9000000      4.9796171E-04
 -0.8900000      1.7238344E-04
 -0.8800000      8.0040982E-04
 -0.8700000      1.2502092E-03
 -0.8600000      2.2853483E-04
 -0.8500000      6.0963892E-05
 -0.8400000      5.9619146E-05
 -0.8300000      6.4445587E-05
 -0.8200000      6.8540947E-05
 -0.8100000      4.5990175E-05
 -0.8000000      4.7260375E-05
 -0.7900000      5.2214753E-05
 -0.7800000      7.0330381E-05
 -0.7700000      6.7491063E-05
 -0.7600000      4.7652014E-05
 -0.7500000      2.8565220E-05
 -0.7400000      2.4990124E-05
 -0.7300000      6.1795457E-05
 -0.7200000      1.0593043E-04
 -0.7100000      3.5687161E-05
 -0.7000000      3.1798623E-05
 -0.6900000      1.7323944E-05
 -0.6800000      6.0172842E-05
 -0.6700000      1.9696736E-04
 -0.6600000      7.8621422E-05
 -0.6500000      4.0197363E-05
 -0.6400000      5.6946970E-05
 -0.6300000      5.3022210E-05
 -0.6200000      5.3470296E-05
 -0.6100000      6.3313608E-05
 -0.6000000      2.7344548E-05
 -0.5900000      1.2428693E-04
 -0.5800000      2.3455333E-03
 -0.5700000      3.2762606E-03
 -0.5600000      4.4530287E-04
 -0.5500000      4.0979903E-05
 -0.5400000      4.1673117E-04
 -0.5300000      1.2246345E-03
 -0.5200000      3.9643806E-04
 -0.5100000      5.3220600E-05
 -0.5000000      1.5934052E-04
 -0.4900000      1.0277962E-03
 -0.4800000      8.3415140E-04
 -0.4700000      8.7412169E-05
 -0.4600000      4.4186265E-07
 -0.4500000      1.1149233E-06
 -0.4400000      1.0671472E-05
 -0.4300000      3.9267950E-05
 -0.4200000      8.5166619E-05
 -0.4100000      7.0812348E-05
 -0.4000000      4.9574654E-05
 -0.3900000      6.0815386E-05
 -0.3800000      3.4039385E-05
 -0.3700000     -1.8643661E-04
 -0.3600000      6.4447311E-05
 -0.3500000      1.1074206E-02
 -0.3400000      3.6057442E-02
 -0.3300000      1.1439648E-02
 -0.3200000      5.8463577E-04
 -0.3100000      2.1421665E-04
 -0.3000000      4.3864641E-04
 -0.2900000      4.9948273E-04
 -0.2800000      5.0763163E-04
 -0.2700000      5.3540961E-04
 -0.2600000      5.5054086E-04
 -0.2500000      5.6085060E-04
 -0.2400000      5.6791934E-04
 -0.2300000      5.7347934E-04
 -0.2200000      5.7166209E-04
 -0.2100000      5.6078605E-04
 -0.2000000      5.4567709E-04
 -0.1900000      5.1689986E-04
 -0.1800000      4.7412876E-04
 -0.1700000      4.2678660E-04
 -0.1600000      3.7487398E-04
 -0.1500000      3.2169669E-04
 -0.1400000      2.7318436E-04
 -0.1300000      2.2871057E-04
 -0.1200000      1.8890988E-04
 -0.1100000      1.5532185E-04
 -0.1000000      1.2727863E-04
 -9.0000004E-02  1.0436865E-04
 -7.9999998E-02  8.5970976E-05
 -7.0000000E-02  7.0825008E-05
 -5.9999999E-02  5.9336206E-05
 -5.0000001E-02  4.9197490E-05
 -3.9999999E-02  3.7776019E-05
 -2.9999999E-02  5.4462693E-05
 -2.0000000E-02  4.2952213E-04
 -9.9999998E-03  8.6980045E-04
  0.0000000E+00  1.9005575E-04
  9.9999998E-03  1.2589968E-06
  2.0000000E-02  1.9533143E-06
  2.9999999E-02  8.0877580E-06
  3.9999999E-02  9.3350382E-06
  5.0000001E-02  1.0297152E-05
  5.9999999E-02  1.9909514E-05
  7.0000000E-02  7.6563236E-05
  7.9999998E-02  1.0238121E-04
  9.0000004E-02  7.0434122E-05
  0.1000000      3.0811738E-05
  0.1100000      2.3050045E-05
  0.1200000      2.1902260E-05
  0.1300000      6.7933201E-05
  0.1400000      4.7790140E-04
  0.1500000      7.2691316E-04
  0.1600000      1.2513671E-04
  0.1700000      1.7027593E-05
  0.1800000      3.0055906E-05
  0.1900000      2.4044892E-04
  0.2000000      3.8071498E-04
  0.2100000      6.8835565E-05
  0.2200000      5.1378975E-06
  0.2300000      2.3292455E-06
  0.2400000      2.5561516E-05
  0.2500000      4.1495216E-05
  0.2600000      8.2635570E-06
  0.2700000      1.5539565E-05
  0.2800000      9.6366362E-05
  0.2900000      1.4501625E-04
  0.3000000      1.0269473E-04
  0.3100000      1.1881050E-04
  0.3200000      4.1834201E-04
  0.3300000      4.5876796E-04
  0.3400000      2.5232430E-04
  0.3500000      6.9338264E-04
  0.3600000      4.0125721E-03
  0.3700000      2.3572587E-03
  0.3800000      3.9549966E-04
  0.3900000      6.4860424E-04
  0.4000000      1.5476815E-03
  0.4100000      7.6825946E-04
  0.4200000      3.0598689E-03
  0.4300000      4.8691421E-03
  0.4400000      6.9051707E-04
  0.4500000      2.0753991E-04
  0.4600000      1.7455577E-04
  0.4700000      6.5223270E-05
  0.4800000      7.6733835E-05
  0.4900000      9.7965909E-05
  0.5000000      2.1769412E-04
  0.5100000      4.2305229E-04
  0.5200000      5.6727632E-04
  0.5300000      1.4641777E-03
  0.5400000      1.4473235E-03
  0.5500000      9.1701802E-03
  0.5600000      3.2472774E-02
  0.5700000      1.0428746E-02
  0.5800000      6.8164719E-03
  0.5900000      9.6006803E-03
  0.6000000      4.2877956E-03
  0.6100000      4.1900272E-03
  0.6200000      4.0848333E-02
  0.6300000      8.1872068E-02
  0.6400000      1.7822143E-02
  0.6500000      3.7289031E-03
  0.6600000      5.7083974E-03
  0.6700000      9.8618576E-03
  0.6800000      7.9578180E-03
  0.6900000      6.7921411E-03
  0.7000000      5.8161425E-03
  0.7100000      5.8209402E-03
  0.7200000      6.9009489E-03
  0.7300000      1.6565720E-02
  0.7400000      4.4902936E-02
  0.7500000      4.8336789E-02
  0.7600000      4.2632241E-02
  0.7700000      1.9266114E-02
  0.7800000      1.3320662E-02
  0.7900000      1.1290379E-02
  0.8000000      1.0193947E-02
  0.8100000      9.0153459E-03
  0.8200000      8.0817398E-03
  0.8300000      7.8009637E-03
  0.8400000      7.8374613E-03
  0.8500000      8.4779607E-03
  0.8600000      1.0677947E-02
  0.8700000      5.2767121E-03
  0.8800000      3.2516995E-03
  0.8900000      2.9747407E-03
  0.9000000      3.9376453E-03
  0.9100000      4.9864533E-03
  0.9200000      4.1158316E-03
  0.9300000      2.4127048E-03
  0.9400000      1.2828633E-03
  0.9500000      8.0529985E-04
  0.9600000      6.6435378E-04
  0.9700000      1.3331836E-03
  0.9800000      1.0581446E-03
  0.9900000      8.6760806E-04
   1.000000      6.8353262E-04
   1.010000      8.0594869E-04
   1.020000      9.8523952E-04
   1.030000      1.9382512E-03
   1.040000      8.4876698E-03
   1.050000      9.8831020E-03
   1.060000      7.8266719E-03
   1.070000      9.0390285E-03
   1.080000      4.7046295E-03
   1.090000      5.1115877E-03
   1.100000      4.1036233E-03
   1.110000      1.0855079E-02
   1.120000      1.4601958E-02
   1.130000      0.1224142    
   1.140000      0.1696057    
   1.150000      3.8272381E-02
   1.160000      8.7956563E-02
   1.170000      0.2486611    
   1.180000      0.1017298    
   1.190000      1.4420671E-02
   1.200000      5.4281238E-03
   1.210000      4.7856262E-03
   1.220000      4.5013349E-03
   1.230000      4.4956896E-03
   1.240000      6.1101499E-03
   1.250000      1.2117915E-02
   1.260000      8.9639379E-03
   1.270000      7.7786464E-03
   1.280000      1.0578820E-02
   1.290000      3.6728464E-02
   1.300000      0.1104723    
   1.310000      9.7001366E-02
   1.320000      4.3420296E-02
   1.330000      2.0684915E-02
   1.340000      7.5985892E-03
   1.350000      3.1617542E-03
   1.360000      2.6455913E-03
   1.370000      2.3910855E-03
   1.380000      2.5327976E-03
   1.390000      3.9559137E-03
   1.400000      1.0065203E-02
   1.410000      1.8954664E-02
   1.420000      1.8305734E-02
   1.430000      8.5351765E-03
   1.440000      2.1005301E-03
   1.450000      6.8817165E-04
   1.460000      3.5352330E-04
   1.470000      3.1456418E-04
   1.480000      8.0595817E-04
   1.490000      2.2196488E-03
   1.500000      9.9031003E-03
   1.510000      4.8134647E-02
   1.520000      0.1406022    
   1.530000      0.1885179    
   1.540000      0.1098154    
   1.550000      4.6204612E-02
   1.560000      2.9876318E-02
   1.570000      2.0793224E-02
   1.580000      1.8265698E-02
   1.590000      1.8506927E-02
   1.600000      2.1902395E-02
   1.610000      3.5255205E-02
   1.620000      4.9375273E-02
   1.630000      7.2922513E-02
   1.640000      0.1023413    
   1.650000      9.4429344E-02
   1.660000      8.0995813E-02
   1.670000      0.1080686    
   1.680000      0.1562854    
   1.690000      0.1671402    
   1.700000      0.1065016    
   1.710000      4.3743573E-02
   1.720000      2.3195650E-02
   1.730000      1.9624924E-02
   1.740000      1.6684860E-02
   1.750000      2.1199524E-02
   1.760000      3.3518545E-02
   1.770000      3.8796123E-02
   1.780000      2.9878331E-02
   1.790000      1.5629608E-02
   1.800000      7.6295217E-03
   1.810000      6.0689752E-03
   1.820000      5.1634368E-03
   1.830000      3.7238873E-03
   1.840000      2.6333244E-03
   1.850000      1.4635994E-03
   1.860000      5.5303593E-04
   1.870000      1.3495938E-04
   1.880000      3.7922899E-05
   1.890000      9.2039023E-05
   1.900000      2.4886924E-04
   1.910000      4.9240934E-04
   1.920000      7.9674850E-04
   1.930000      1.0424234E-03
   1.940000      1.1891872E-03
   1.950000      1.3225077E-03
   1.960000      1.4770349E-03
   1.970000      1.6457854E-03
   1.980000      1.8808040E-03
   1.990000      2.1965120E-03
   2.000000      2.4459381E-03
   2.010000      2.4800303E-03
   2.020000      2.3369482E-03
   2.030000      2.2026324E-03
   2.040000      2.1246977E-03
   2.050000      2.0422423E-03
   2.060000      1.8944667E-03
   2.070000      1.6655962E-03
   2.080000      1.3782900E-03
   2.090000      1.0675741E-03
   2.100000      7.6732383E-04
   2.110000      5.0757505E-04
   2.120000      3.1731717E-04
   2.130000      2.2542794E-04
   2.140000      2.6041426E-04
   2.150000      4.4694933E-04
   2.160000      8.0325390E-04
   2.170000      1.3376391E-03
   2.180000      2.0487697E-03
   2.190000      2.9259825E-03
   2.200000      3.9479239E-03
   2.210000      5.0799390E-03
   2.220000      6.2706796E-03
   2.230000      7.4557289E-03
   2.240000      8.5680764E-03
   2.250000      9.5426487E-03
   2.260000      1.0319797E-02
   2.270000      1.0847315E-02
   2.280000      1.1087178E-02
   2.290000      1.1021412E-02
   2.300000      1.0654780E-02
   2.310000      1.0015037E-02
   2.320000      9.1504166E-03
   2.330000      8.1311930E-03
   2.340000      7.0440574E-03
   2.350000      5.9923101E-03
   2.360000      5.0914790E-03
   2.370000      4.4655139E-03
   2.380000      4.2404560E-03
   2.390000      4.5390208E-03
   2.400000      5.4726666E-03
   2.410000      7.1312231E-03
   2.420000      9.5770890E-03
   2.430000      1.2835959E-02
   2.440000      1.6894648E-02
   2.450000      2.1697652E-02
   2.460000      2.7152970E-02
   2.470000      3.3133425E-02
   2.480000      3.9486095E-02
   2.490000      4.6040192E-02
   2.500000      5.2615780E-02
   2.510000      5.9024259E-02
   2.520000      6.5075614E-02
   2.530000      7.0588179E-02
   2.540000      7.5395033E-02
   2.550000      7.9335332E-02
   2.560000      8.2274392E-02
   2.570000      8.4104322E-02
   2.580000      8.4750131E-02
   2.590000      8.4181190E-02
   2.600000      8.2413383E-02
   2.610000      7.9507142E-02
   2.620000      7.5574197E-02
   2.630000      7.0765264E-02
   2.640000      6.5264985E-02
   2.650000      5.9272032E-02
   2.660000      5.2996114E-02
   2.670000      4.6630785E-02
   2.680000      4.0361479E-02
   2.690000      3.4342349E-02
   2.700000      2.8704882E-02
   2.710000      2.3550624E-02
   2.720000      1.8949959E-02
   2.730000      1.4939844E-02
   2.740000      1.1534816E-02
   2.750000      8.7215034E-03
   2.760000      6.4683734E-03
   2.770000      4.7252532E-03
   2.780000      3.4318899E-03
   2.790000      2.5188434E-03
   2.800000      1.9144706E-03
   2.810000      1.5480571E-03
   2.820000      1.3541424E-03
   2.830000      1.2756833E-03
   2.840000      1.2660295E-03
   2.850000      1.2900929E-03
   2.860000      1.3243651E-03
   2.870000      1.3557416E-03
   2.880000      1.3799451E-03
   2.890000      1.3990992E-03
   2.900000      1.4192562E-03
   2.910000      1.4478816E-03
   2.920000      1.4916556E-03
   2.930000      1.5546290E-03
   2.940000      1.6370676E-03
   2.950000      1.7349001E-03
   2.960000      1.8398720E-03
   2.970000      1.9401918E-03
   2.980000      2.0222077E-03
   2.990000      2.0719925E-03
   3.000000      2.0776021E-03
   3.010000      2.0312911E-03
   3.020000      1.9310818E-03
   3.030000      1.7824370E-03
   3.040000      1.5987119E-03
   3.050000      1.4011795E-03
   3.060000      1.2178915E-03
   3.070000      1.0820868E-03
   3.080000      1.0295253E-03
   3.090000      1.0957129E-03
   3.100000      1.3125483E-03
   3.110000      1.7051405E-03
   3.120000      2.2885578E-03
   3.130000      3.0655800E-03
   3.140000      4.0234909E-03
   3.150000      5.1343949E-03
   3.160000      6.3540372E-03
   3.170000      7.6234224E-03
   3.180000      8.8723777E-03
   3.190000      1.0021557E-02
   3.200000      1.0989671E-02
   3.210000      1.1699109E-02
   3.220000      1.2083186E-02
   3.230000      1.2091313E-02
   3.240000      1.1697504E-02
   3.250000      1.0903456E-02
   3.260000      9.7424770E-03
   3.270000      8.2802167E-03
   3.280000      6.6154329E-03
   3.290000      4.8754187E-03
   3.300000      3.2147076E-03
   3.310000      1.8047098E-03
   3.320000      8.3052280E-04
   3.330000      4.8007604E-04
   3.340000      9.3527610E-04
   3.350000      2.3612175E-03
   3.360000      4.8965518E-03
   3.370000      8.6448435E-03
   3.380000      1.3660971E-02
   3.390000      1.9951539E-02
   3.400000      2.7459834E-02
   3.410000      3.6076717E-02
   3.420000      4.5630369E-02
   3.430000      5.5902030E-02
   3.440000      6.6624470E-02
   3.450000      7.7505395E-02
   3.460000      8.8228121E-02
   3.470000      9.8473586E-02
   3.480000      0.1079377    
   3.490000      0.1163312    
   3.500000      0.1234067    
   3.510000      0.1289585    
   3.520000      0.1328226    
   3.530000      0.1349048    
   3.540000      0.1351600    
   3.550000      0.1336063    
   3.560000      0.1303177    
   3.570000      0.1254215    
   3.580000      0.1190937    
   3.590000      0.1115548    
   3.600000      0.1030522    
   3.610000      9.3861185E-02
   3.620000      8.4256589E-02
   3.630000      7.4519530E-02
   3.640000      6.4903922E-02
   3.650000      5.5649143E-02
   3.660000      4.6948858E-02
   3.670000      3.8958330E-02
   3.680000      3.1789318E-02
   3.690000      2.5505621E-02
   3.700000      2.0122290E-02
   3.710000      1.5621989E-02
   3.720000      1.1948690E-02
   3.730000      9.0244692E-03
   3.740000      6.7519005E-03
   3.750000      5.0266795E-03
   3.760000      3.7415705E-03
   3.770000      2.7962541E-03
   3.780000      2.1010274E-03
   3.790000      1.5815591E-03
   3.800000      1.1804712E-03
   3.810000      8.5855147E-04
   3.820000      5.9364358E-04
   3.830000      3.7789231E-04
   3.840000      2.1476387E-04
   3.850000      1.1460693E-04
   3.860000      9.0117130E-05
   3.870000      1.5229188E-04
   3.880000      3.0661083E-04
   3.890000      5.5043522E-04
   3.900000      8.7150524E-04
   3.910000      1.2481863E-03
   3.920000      1.6503127E-03
   3.930000      2.0422265E-03
   3.940000      2.3856023E-03
   3.950000      2.6443775E-03
   3.960000      2.7884224E-03
   3.970000      2.7983841E-03
   3.980000      2.6688585E-03
   3.990000      2.4111734E-03
   4.000000      2.0553097E-03
   4.010000      1.6486050E-03
   4.020000      1.2546551E-03
   4.030000      9.4858342E-04
   4.040000      8.1221352E-04
   4.050000      9.2624984E-04
   4.060000      1.3633346E-03
   4.070000      2.1798399E-03
   4.080000      3.4079370E-03
   4.090000      5.0500953E-03
   4.100000      7.0742476E-03
   4.110000      9.4113816E-03
   4.120000      1.1957942E-02
   4.130000      1.4577533E-02
   4.140000      1.7108554E-02
   4.150000      1.9375928E-02
   4.160000      2.1197559E-02
   4.170000      2.2402653E-02
   4.180000      2.2848193E-02
   4.190000      2.2432284E-02
   4.200000      2.1110753E-02
   4.210000      1.8914148E-02
   4.220000      1.5955348E-02
   4.230000      1.2445388E-02
   4.240000      8.6904736E-03
   4.250000      5.0970581E-03
   4.260000      2.1566316E-03
   4.270000      4.4154972E-04
   4.280000      5.7590671E-04
   4.290000      3.2179195E-03
   4.300000      9.0271700E-03
   4.310000      1.8634036E-02
   4.320000      3.2612745E-02
   4.330000      5.1434167E-02
   4.340000      7.5466424E-02
   4.350000      0.1049014    
   4.360000      0.1397863    
   4.370000      0.1799504    
   4.380000      0.2250545    
   4.390000      0.2745201    
   4.400000      0.3275927    
   4.410000      0.3833153    
   4.420000      0.4405760    
   4.430000      0.4981059    
   4.440000      0.5545384    
   4.450000      0.6084689    
   4.460000      0.6584428    
   4.470000      0.7031113    
   4.480000      0.7412198    
   4.490000      0.7716442    
   4.500000      0.7935032    
   4.510000      0.8061215    
   4.520000      0.8091118    
   4.530000      0.8023760    
   4.540000      0.7861199    
   4.550000      0.7607943    
   4.560000      0.7271175    
   4.570000      0.6860269    
   4.580000      0.6386688    
   4.590000      0.5862988    
   4.600000      0.5303304    
   4.610000      0.4721445    
   4.620000      0.4132168    
   4.630000      0.3548807    
   4.640000      0.2984448    
   4.650000      0.2450992    
   4.660000      0.1958647    
   4.670000      0.1515232    
   4.680000      0.1127051    
   4.690000      7.9771154E-02
   4.700000      5.2897654E-02
   4.710000      3.2004137E-02
   4.720000      1.6826980E-02
   4.730000      6.9159241E-03
   4.740000      1.6812310E-03
   4.750000      4.1720903E-04
   4.760000      2.3546419E-03
   4.770000      6.6906861E-03
   4.780000      1.2633770E-02
   4.790000      1.9428641E-02
   4.800000      2.6398240E-02
   4.810000      3.2953098E-02
   4.820000      3.8617048E-02
   4.830000      4.3035019E-02
   4.840000      4.5970626E-02
   4.850000      4.7313653E-02
   4.860000      4.7065195E-02
   4.870000      4.5326646E-02
   4.880000      4.2285066E-02
   4.890000      3.8193934E-02
   4.900000      3.3346333E-02
   4.910000      2.8061921E-02
   4.920000      2.2655668E-02
   4.930000      1.7428303E-02
   4.940000      1.2641276E-02
   4.950000      8.5110432E-03
   4.960000      5.1897299E-03
   4.970000      2.7726586E-03
   4.980000      1.2885648E-03
   4.990000      7.0791872E-04
   5.000000      9.4809837E-04
   5.010000      1.8825573E-03
   5.020000      3.3530728E-03
   5.030000      5.1810588E-03
   5.040000      7.1809553E-03
   5.050000      9.1712493E-03
   5.060000      1.0986780E-02
   5.070000      1.2487137E-02
   5.080000      1.3563843E-02
   5.090000      1.4146706E-02
   5.100000      1.4204464E-02
   5.110000      1.3745882E-02
   5.120000      1.2817363E-02
   5.130000      1.1497115E-02
   5.140000      9.8907640E-03
   5.150000      8.1201382E-03
   5.160000      6.3175727E-03
   5.170000      4.6164617E-03
   5.180000      3.1422519E-03
   5.190000      2.0048514E-03
   5.200000      1.2933412E-03
   5.210000      1.0707193E-03
   5.220000      1.3710818E-03
   5.230000      2.1991688E-03
   5.240000      3.5303852E-03
   5.250000      5.3141066E-03
   5.260000      7.4762814E-03
   5.270000      9.9239778E-03
   5.280000      1.2551192E-02
   5.290000      1.5246333E-02
   5.300000      1.7894041E-02
   5.310000      2.0386424E-02
   5.320000      2.2622608E-02
   5.330000      2.4517762E-02
   5.340000      2.6003635E-02
   5.350000      2.7034374E-02
   5.360000      2.7584370E-02
   5.370000      2.7650580E-02
   5.380000      2.7249757E-02
   5.390000      2.6416143E-02
   5.400000      2.5200658E-02
   5.410000      2.3665663E-02
   5.420000      2.1879841E-02
   5.430000      1.9918010E-02
   5.440000      1.7851885E-02
   5.450000      1.5751854E-02
   5.460000      1.3681777E-02
   5.470000      1.1696800E-02
   5.480000      9.8430999E-03
   5.490000      8.1555322E-03
   5.500000      6.6577117E-03
   5.510000      5.3629857E-03
   5.520000      4.2743059E-03
   5.530000      3.3864472E-03
   5.540000      2.6859313E-03
   5.550000      2.1546450E-03
   5.560000      1.7695731E-03
   5.570000      1.5060010E-03
   5.580000      1.3381847E-03
   5.590000      1.2413805E-03
   5.600000      1.1925807E-03
   5.610000      1.1717052E-03
   5.620000      1.1620455E-03
   5.630000      1.1505424E-03
   5.640000      1.1279552E-03
   5.650000      1.0886103E-03
   5.660000      1.0300459E-03
   5.670000      9.5257064E-04
   5.680000      8.5859391E-04
   5.690000      7.5220002E-04
   5.700000      6.3847599E-04
   5.710000      5.2303151E-04
   5.720000      4.1149036E-04
   5.730000      3.0910730E-04
   5.740000      2.2048490E-04
   5.750000      1.4934700E-04
   5.760000      9.8421871E-05
   5.770000      6.9267458E-05
   5.780000      6.2400140E-05
   5.790000      7.7250872E-05
   5.800000      1.1227079E-04
   5.810000      1.6506169E-04
   5.820000      2.3247419E-04
   5.830000      3.1082888E-04
   5.840000      3.9597839E-04
   5.850000      4.8360933E-04
   5.860000      5.6923943E-04
   5.870000      6.4859004E-04
   5.880000      7.1758893E-04
   5.890000      7.7263813E-04
   5.900000      8.1070018E-04
   5.910000      8.2949514E-04
   5.920000      8.2762755E-04
   5.930000      8.0466579E-04
   5.940000      7.6126179E-04
   5.950000      6.9912861E-04
   5.960000      6.2109245E-04
   5.970000      5.3100119E-04
   5.980000      4.3360138E-04
   5.990000      3.3430874E-04
   6.000000      2.3911647E-04
   6.010000      1.5415682E-04
   6.020000      8.5515014E-05
   6.030000      3.8829250E-05
   6.040000      1.9051577E-05
   6.050000      3.0127007E-05
   6.060000      7.4796750E-05
   6.070000      1.5436515E-04
   6.080000      2.6871287E-04
   6.090000      4.1622311E-04
   6.100000      5.9380045E-04
   6.110000      7.9701684E-04
   6.120000      1.0205749E-03
   6.130000      1.2582212E-03
   6.140000      1.5033151E-03
   6.150000      1.7489841E-03
   6.160000      1.9886834E-03
   6.170000      2.2162786E-03
   6.180000      2.4267661E-03
   6.190000      2.6159573E-03
   6.200000      2.7811565E-03
   6.210000      2.9208227E-03
   6.220000      3.0350063E-03
   6.230000      3.1250920E-03
   6.240000      3.1934055E-03
   6.250000      3.2432911E-03
   6.260000      3.2787402E-03
   6.270000      3.3038687E-03
   6.280000      3.3229163E-03
   6.290000      3.3397104E-03
   6.300000      3.3573403E-03
   6.310000      3.3781573E-03
   6.320000      3.4034294E-03
   6.330000      3.4332536E-03
   6.340000      3.4667219E-03
   6.350000      3.5019321E-03
   6.360000      3.5361275E-03
   6.370000      3.5659345E-03
   6.380000      3.5875095E-03
   6.390000      3.5969666E-03
   6.400000      3.5905871E-03
   6.410000      3.5652397E-03
   6.420000      3.5183770E-03
   6.430000      3.4482966E-03
   6.440000      3.3543420E-03
   6.450000      3.2369019E-03
   6.460000      3.0974220E-03
   6.470000      2.9383234E-03
   6.480000      2.7627395E-03
   6.490000      2.5743709E-03
   6.500000      2.3773895E-03
   6.510000      2.1759230E-03
   6.520000      1.9742101E-03
   6.530000      1.7759807E-03
   6.540000      1.5846444E-03
   6.550000      1.4028656E-03
   6.560000      1.2327353E-03
   6.570000      1.0755052E-03
   6.580000      9.3190552E-04
   6.590000      8.0208131E-04
   6.600000      6.8562920E-04
   6.610000      5.8172620E-04
   6.620000      4.8947899E-04
   6.630000      4.0776990E-04
   6.640000      3.3561428E-04
   6.650000      2.7206881E-04
   6.660000      2.1641956E-04
   6.670000      1.6813366E-04
   6.680000      1.2688473E-04
   6.690000      9.2515926E-05
   6.700000      6.4969870E-05
   6.710000      4.4230575E-05
   6.720000      3.0236222E-05
   6.730000      2.2818664E-05
   6.740000      2.1645847E-05
   6.750000      2.6202148E-05
   6.760000      3.5801637E-05
   6.770000      4.9606530E-05
   6.780000      6.6690831E-05
   6.790000      8.6129861E-05
   6.800000      1.0710114E-04
   6.810000      1.2896452E-04
   6.820000      1.5137745E-04
   6.830000      1.7433192E-04
   6.840000      1.9821842E-04
   6.850000      2.2377390E-04
   6.860000      2.5205468E-04
   6.870000      2.8430828E-04
   6.880000      3.2183644E-04
   6.890000      3.6576978E-04
   6.900000      4.1692506E-04
   6.910000      4.7550123E-04
   6.920000      5.4102711E-04
   6.930000      6.1208743E-04
   6.940000      6.8632216E-04
   6.950000      7.6041382E-04
   6.960000      8.3022239E-04
   6.970000      8.9091709E-04
   6.980000      9.3735690E-04
   6.990000      9.6450123E-04
   7.000000      9.6781814E-04
   7.010000      9.4388193E-04
   7.020000      8.9092320E-04
   7.030000      8.0925866E-04
   7.040000      7.0198334E-04
   7.050000      5.7509675E-04
   7.060000      4.3788450E-04
   7.070000      3.0297026E-04
   7.080000      1.8609806E-04
   7.090000      1.0567631E-04
   7.100000      8.2326216E-05
   7.110000      1.3802749E-04
   7.120000      2.9492669E-04
   7.130000      5.7446590E-04
   7.140000      9.9588349E-04
   7.150000      1.5753725E-03
   7.160000      2.3241942E-03
   7.170000      3.2486708E-03
   7.180000      4.3480992E-03
   7.190000      5.6157811E-03
   7.200000      7.0367330E-03
   7.210000      8.5887611E-03
   7.220000      1.0243392E-02
   7.230000      1.1965876E-02
   7.240000      1.3715335E-02
   7.250000      1.5449269E-02
   7.260000      1.7119732E-02
   7.270000      1.8680904E-02
   7.280000      2.0086652E-02
   7.290000      2.1295350E-02
   7.300000      2.2270259E-02
   7.310000      2.2981072E-02
   7.320000      2.3406060E-02
   7.330000      2.3532525E-02
   7.340000      2.3357479E-02
   7.350000      2.2889225E-02
   7.360000      2.2143895E-02
   7.370000      2.1147702E-02
   7.380000      1.9932838E-02
   7.390000      1.8538322E-02
   7.400000      1.7007660E-02
   7.410000      1.5385550E-02
   7.420000      1.3717478E-02
   7.430000      1.2047678E-02
   7.440000      1.0415527E-02
   7.450000      8.8571180E-03
   7.460000      7.4017709E-03
   7.470000      6.0729072E-03
   7.480000      4.8860987E-03
   7.490000      3.8504500E-03
   7.500000      2.9676810E-03
   7.510000      2.2343495E-03
   7.520000      1.6411338E-03
   7.530000      1.1752920E-03
   7.540000      8.2058110E-04
   7.550000      5.5988244E-04
   7.560000      3.7552568E-04
   7.570000      2.5059018E-04
   7.580000      1.6972722E-04
   7.590000      1.1998740E-04
   7.600000      9.0998932E-05
   7.610000      7.5192445E-05
   7.620000      6.7586734E-05
   7.630000      6.5482323E-05
   7.640000      6.7929752E-05
   7.650000      7.5141601E-05
   7.660000      8.7851331E-05
   7.670000      1.0674672E-04
   7.680000      1.3197761E-04
   7.690000      1.6283686E-04
   7.700000      1.9760607E-04
   7.710000      2.3364407E-04
   7.720000      2.6758248E-04
   7.730000      2.9579076E-04
   7.740000      3.1489233E-04
   7.750000      3.2236948E-04
   7.760000      3.1715253E-04
   7.770000      3.0014111E-04
   7.780000      2.7455037E-04
   7.790000      2.4604512E-04
   7.800000      2.2262175E-04
   7.810000      2.1417423E-04
   7.820000      2.3182106E-04
   7.830000      2.8690073E-04
   7.840000      3.8990990E-04
   7.850000      5.4911466E-04
   7.860000      7.6941890E-04
   7.870000      1.0511533E-03
   7.880000      1.3889745E-03
   7.890000      1.7718229E-03
   7.900000      2.1820609E-03
   7.910000      2.5963418E-03
   7.920000      2.9865229E-03
   7.930000      3.3217666E-03
   7.940000      3.5699937E-03
   7.950000      3.7017399E-03
   7.960000      3.6925140E-03
   7.970000      3.5273368E-03
   7.980000      3.2034861E-03
   7.990000      2.7345782E-03
   8.000000      2.1531091E-03
   8.010000      1.5132248E-03
   8.020000      8.9110946E-04
   8.030000      3.8594840E-04
   8.040000      1.1858911E-04
   8.050000      2.2876522E-04
   8.060000      8.7128172E-04
   8.070000      2.2106816E-03
   8.080000      4.4152187E-03
   8.090000      7.6479665E-03
   8.100000      1.2061378E-02
   8.110000      1.7784109E-02
   8.120000      2.4918463E-02
   8.130000      3.3523291E-02
   8.140000      4.3619774E-02
   8.150000      5.5169486E-02
   8.160000      6.8084590E-02
   8.170000      8.2212456E-02
   8.180000      9.7345792E-02
   8.190000      0.1132231    
   8.200000      0.1295308    
   8.210000      0.1459109    
   8.220000      0.1619916    
   8.230000      0.1773596    
   8.240000      0.1916133    
   8.250000      0.2043544    
   8.260000      0.2152211    
   8.270000      0.2238761    
   8.280000      0.2300531    
   8.290000      0.2335430    
   8.300000      0.2342121    
   8.310000      0.2320057    
   8.320000      0.2269528    
   8.330000      0.2191638    
   8.340000      0.2088456    
   8.350000      0.1962592    
   8.360000      0.1817485    
   8.370000      0.1657005    
   8.380000      0.1485381    
   8.390000      0.1307290    
   8.400000      0.1127454    
   8.410000      9.5034756E-02
   8.420000      7.8039967E-02
   8.430000      6.2147878E-02
   8.440000      4.7702588E-02
   8.450000      3.4970660E-02
   8.460000      2.4154142E-02
   8.470000      1.5366319E-02
   8.480000      8.6461697E-03
   8.490000      3.9470466E-03
   8.500000      1.1547636E-03
   8.510000      8.6568318E-05
   8.520000      5.0901517E-04
   8.530000      2.1470359E-03
   8.540000      4.7017289E-03
   8.550000      7.8630559E-03
   8.560000      1.1323699E-02
   8.570000      1.4796149E-02
   8.580000      1.8019518E-02
   8.590000      2.0775672E-02
   8.600000      2.2893332E-02
   8.610000      2.4254411E-02
   8.620000      2.4796339E-02
   8.630000      2.4513254E-02
   8.640000      2.3449101E-02
   8.650000      2.1695970E-02
   8.660000      1.9381665E-02
   8.670000      1.6664859E-02
   8.680000      1.3718665E-02
   8.690000      1.0725511E-02
   8.700000      7.8589516E-03
   8.710000      5.2793296E-03
   8.720000      3.1233469E-03
   8.730000      1.4950369E-03
   8.740000      4.6139999E-04
   8.750000      5.1406114E-05
   8.760000      2.5431215E-04
   8.770000      1.0219932E-03
   8.780000      2.2731163E-03
   8.790000      3.8987664E-03
   8.800000      5.7707401E-03
   8.810000      7.7483840E-03
   8.820000      9.6885059E-03
   8.830000      1.1453831E-02
   8.840000      1.2922300E-02
   8.850000      1.3991766E-02
   8.860000      1.4590505E-02
   8.870000      1.4677025E-02
   8.880000      1.4245508E-02
   8.890000      1.3325073E-02
   8.900000      1.1977044E-02
   8.910000      1.0294367E-02
   8.920000      8.3933380E-03
   8.930000      6.4084986E-03
   8.940000      4.4842395E-03
   8.950000      2.7667964E-03
   8.960000      1.3968964E-03
   8.970000      5.0100085E-04
   8.980000      1.8558302E-04
   8.990000      5.3028320E-04
   9.000000      1.5849366E-03
   9.010000      3.3654033E-03
   9.020000      5.8524860E-03
   9.030000      8.9966357E-03
   9.040000      1.2712691E-02
   9.050000      1.6891964E-02
   9.060000      2.1400824E-02
   9.070000      2.6091589E-02
   9.080000      3.0803429E-02
   9.090000      3.5378106E-02
   9.100000      3.9659780E-02
   9.110000      4.3506954E-02
   9.120000      4.6794441E-02
   9.130000      4.9420323E-02
   9.140000      5.1309612E-02
   9.150000      5.2416958E-02
   9.160000      5.2725706E-02
   9.170000      5.2250806E-02
   9.180000      5.1030923E-02
   9.190000      4.9130432E-02
   9.200000      4.6632662E-02
   9.210000      4.3637272E-02
   9.220000      4.0254280E-02
   9.230000      3.6596827E-02
   9.240000      3.2780118E-02
   9.250000      2.8914731E-02
   9.260000      2.5101515E-02
   9.270000      2.1431174E-02
   9.280000      1.7979022E-02
   9.290000      1.4805499E-02
   9.300000      1.1951942E-02
   9.310000      9.4458470E-03
   9.320000      7.2953622E-03
   9.330000      5.4970682E-03
   9.340000      4.0332526E-03
   9.350000      2.8766338E-03
   9.360000      1.9933092E-03
   9.370000      1.3445436E-03
   9.380000      8.8900077E-04
   9.390000      5.8664527E-04
   9.400000      3.9941497E-04
   9.410000      2.9352983E-04
   9.420000      2.4021551E-04
   9.430000      2.1650654E-04
   9.440000      2.0531530E-04
   9.450000      1.9514782E-04
   9.460000      1.7958820E-04
   9.470000      1.5637279E-04
   9.480000      1.2645463E-04
   9.490000      9.2929840E-05
   9.500000      6.0022230E-05
   9.510000      3.2122192E-05
   9.520000      1.3058049E-05
   9.530000      5.5274277E-06
   9.540000      1.0738340E-05
   9.550000      2.8336102E-05
   9.560000      5.6466964E-05
   9.570000      9.2091454E-05
   9.580000      1.3137455E-04
   9.590000      1.7019537E-04
   9.600000      2.0462878E-04
   9.610000      2.3145696E-04
   9.620000      2.4851886E-04
   9.630000      2.5500866E-04
   9.640000      2.5157089E-04
   9.650000      2.4027369E-04
   9.660000      2.2443318E-04
   9.670000      2.0824804E-04
   9.680000      1.9641744E-04
   9.690000      1.9363465E-04
   9.700000      2.0406141E-04
   9.710000      2.3085576E-04
   9.720000      2.7571977E-04
   9.730000      3.3866405E-04
   9.740000      4.1774297E-04
   9.750000      5.0920155E-04
   9.760000      6.0753914E-04
   9.770000      7.0594472E-04
   9.780000      7.9671160E-04
   9.790000      8.7196846E-04
   9.800000      9.2432555E-04
   9.810000      9.4756362E-04
   9.820000      9.3735749E-04
   9.830000      8.9177006E-04
   9.840000      8.1182003E-04
   9.850000      7.0171256E-04
   9.860000      5.6885893E-04
   9.870000      4.2380716E-04
   9.880000      2.7989389E-04
   9.890000      1.5258668E-04
   9.900000      5.8803260E-05
   9.910000      1.5993503E-05
   9.920000      4.1167954E-05
   9.930000      1.4978468E-04
   9.940000      3.5495628E-04
   9.950000      6.6599227E-04
   9.960000      1.0884426E-03
   9.970000      1.6227210E-03
   9.980000      2.2641022E-03
   9.990000      3.0028808E-03
   10.00000      3.8248331E-03
   10.01000      4.7047813E-03
   10.02000      5.6288992E-03
   10.03000      6.5635354E-03
   10.04000      7.4842237E-03
   10.05000      8.3606811E-03
   10.06000      9.1644274E-03
   10.07000      9.8729776E-03
   10.08000      1.0460191E-02
   10.09000      1.0908853E-02
   10.10000      1.1205348E-02
   10.11000      1.1341306E-02
   10.12000      1.1313830E-02
   10.13000      1.1125968E-02
   10.14000      1.0786155E-02
   10.15000      1.0306783E-02
   10.16000      9.7070150E-03
   10.17000      9.0066437E-03
   10.18000      8.2291756E-03
   10.19000      7.4021835E-03
   10.20000      6.5464936E-03
   10.21000      5.6908480E-03
   10.22000      4.8548435E-03
   10.23000      4.0591238E-03
   10.24000      3.3207613E-03
   10.25000      2.6514113E-03
   10.26000      2.0599430E-03
   10.27000      1.5520168E-03
   10.28000      1.1271720E-03
   10.29000      7.8425504E-04
   10.30000      5.1693659E-04
   10.31000      3.1760125E-04
   10.32000      1.7766951E-04
   10.33000      8.6164102E-05
   10.34000      3.3336339E-05
   10.35000      8.6986383E-06
   10.36000      3.3113467E-06
   10.37000      9.1850188E-06
   10.38000      1.9985620E-05
   10.39000      3.0949082E-05
   10.40000      3.8975708E-05
   10.41000      4.2495558E-05
   10.42000      4.1215841E-05
   10.43000      3.5916884E-05
   10.44000      2.8047398E-05
   10.45000      1.9504498E-05
   10.46000      1.2162067E-05
   10.47000      7.7863842E-06
   10.48000      7.6101173E-06
   10.49000      1.2365836E-05
   10.50000      2.2054703E-05
   10.51000      3.6151247E-05
   10.52000      5.3438580E-05
   10.53000      7.2395531E-05
   10.54000      9.1200178E-05
   10.55000      1.0805082E-04
   10.56000      1.2134405E-04
   10.57000      1.2971683E-04
   10.58000      1.3240831E-04
   10.59000      1.2924611E-04
   10.60000      1.2074572E-04
   10.61000      1.0799221E-04
   10.62000      9.2673363E-05
   10.63000      7.6868520E-05
   10.64000      6.2866537E-05
   10.65000      5.2967633E-05
   10.66000      4.9283997E-05
   10.67000      5.3438445E-05
   10.68000      6.6459274E-05
   10.69000      8.8595210E-05
   10.70000      1.1928917E-04
   10.71000      1.5695236E-04
   10.72000      1.9952533E-04
   10.73000      2.4395609E-04
   10.74000      2.8704578E-04
   10.75000      3.2525280E-04
   10.76000      3.5520119E-04
   10.77000      3.7395846E-04
   10.78000      3.7934846E-04
   10.79000      3.7007299E-04
   10.80000      3.4616308E-04
   10.81000      3.0904848E-04
   10.82000      2.6148141E-04
   10.83000      2.0763456E-04
   10.84000      1.5321522E-04
   10.85000      1.0452092E-04
   10.86000      6.9101807E-05
   10.87000      5.4339685E-05
   10.88000      6.7890476E-05
   10.89000      1.1649824E-04
   10.90000      2.0619424E-04
   10.91000      3.4119497E-04
   10.92000      5.2397366E-04
   10.93000      7.5548462E-04
   10.94000      1.0333002E-03
   10.95000      1.3534671E-03
   10.96000      1.7101587E-03
   10.97000      2.0935403E-03
   10.98000      2.4955478E-03
   10.99000      2.9021760E-03
   11.00000      3.3025371E-03
   11.01000      3.6836062E-03
   11.02000      4.0323329E-03
   11.03000      4.3385257E-03
   11.04000      4.5906287E-03
   11.05000      4.7809281E-03
   11.06000      4.9032122E-03
   11.07000      4.9535208E-03
   11.08000      4.9307398E-03
   11.09000      4.8367023E-03
   11.10000      4.6757096E-03
   11.11000      4.4534360E-03
   11.12000      4.1793357E-03
   11.13000      3.8628108E-03
   11.14000      3.5148533E-03
   11.15000      3.1482317E-03
   11.16000      2.7722390E-03
   11.17000      2.4000083E-03
   11.18000      2.0399936E-03
   11.19000      1.7013851E-03
   11.20000      1.3906929E-03
   11.21000      1.1127316E-03
   11.22000      8.7060989E-04
   11.23000      6.6605100E-04
   11.24000      4.9780612E-04
   11.25000      3.6453790E-04
   11.26000      2.6269065E-04
   11.27000      1.8829096E-04
   11.28000      1.3691434E-04
   11.29000      1.0345345E-04
   11.30000      8.3374762E-05
   11.31000      7.2227638E-05
   11.32000      6.6322173E-05
   11.33000      6.2664134E-05
   11.34000      5.9111680E-05
   11.35000      5.4335069E-05
   11.36000      4.7837690E-05
   11.37000      3.9730436E-05
   11.38000      3.0728093E-05
   11.39000      2.1799053E-05
   11.40000      1.4108734E-05
   11.41000      8.7647477E-06
   11.42000      6.6714638E-06
   11.43000      8.4358135E-06
   11.44000      1.4215469E-05
   11.45000      2.3792300E-05
   11.46000      3.6456000E-05
   11.47000      5.1193041E-05
   11.48000      6.6740504E-05
   11.49000      8.1634200E-05
   11.50000      9.4571718E-05
   11.51000      1.0424542E-04
   11.52000      1.0982745E-04
   11.53000      1.1078984E-04
   11.54000      1.0717916E-04
   11.55000      9.9484751E-05
   11.56000      8.8780675E-05
   11.57000      7.6500386E-05
   11.58000      6.4404805E-05
   11.59000      5.4431192E-05
   11.60000      4.8428676E-05
   11.61000      4.8127724E-05
   11.62000      5.4731339E-05
   11.63000      6.9031499E-05
   11.64000      9.1006586E-05
   11.65000      1.1994420E-04
   11.66000      1.5440556E-04
   11.67000      1.9211617E-04
   11.68000      2.3053365E-04
   11.69000      2.6637973E-04
   11.70000      2.9648806E-04
   11.71000      3.1777340E-04
   11.72000      3.2763078E-04
   11.73000      3.2429461E-04
   11.74000      3.0698386E-04
   11.75000      2.7648031E-04
   11.76000      2.3479800E-04
   11.77000      1.8596114E-04
   11.78000      1.3538307E-04
   11.79000      9.0150657E-05
   11.80000      5.8888563E-05
   11.81000      5.0818733E-05
   11.82000      7.6250763E-05
   11.83000      1.4522382E-04
   11.84000      2.6781898E-04
   11.85000      4.5275048E-04
   11.86000      7.0742331E-04
   11.87000      1.0378707E-03
   11.88000      1.4459881E-03
   11.89000      1.9330696E-03
   11.90000      2.4954304E-03
   11.91000      3.1265088E-03
   11.92000      3.8194975E-03
   11.93000      4.5580589E-03
   11.94000      5.3311395E-03
   11.95000      6.1178878E-03
   11.96000      6.9013019E-03
   11.97000      7.6620518E-03
   11.98000      8.3780391E-03
   11.99000      9.0314308E-03
   12.00000      9.6035050E-03
   12.01000      1.0077707E-02
   12.02000      1.0441679E-02
   12.03000      1.0684331E-02
   12.04000      1.0799807E-02
   12.05000      1.0785346E-02
   12.06000      1.0642596E-02
   12.07000      1.0375563E-02
   12.08000      9.9942591E-03
   12.09000      9.5102647E-03
   12.10000      8.9374641E-03
   12.11000      8.2936864E-03
   12.12000      7.5943056E-03
   12.13000      6.8599558E-03
   12.14000      6.1082039E-03
   12.15000      5.3572729E-03
   12.16000      4.6232436E-03
   12.17000      3.9193090E-03
   12.18000      3.2596609E-03
   12.19000      2.6558300E-03
   12.20000      2.1128866E-03
   12.21000      1.6391381E-03
   12.22000      1.2337914E-03
   12.23000      8.9789071E-04
   12.24000      6.2911480E-04
   12.25000      4.2320768E-04
   12.26000      2.7451068E-04
   12.27000      1.7660894E-04
   12.28000      1.2161471E-04
   12.29000      1.0219904E-04
   12.30000      1.1039501E-04
   12.31000      1.3921106E-04
   12.32000      1.8165034E-04
   12.33000      2.3211203E-04
   12.34000      2.8542452E-04
   12.35000      3.3763787E-04
   12.36000      3.8564589E-04
   12.37000      4.2715407E-04
   12.38000      4.6076434E-04
   12.39000      4.8571452E-04
   12.40000      5.0169020E-04
   12.41000      5.0894049E-04
   12.42000      5.0788198E-04
   12.43000      4.9925211E-04
   12.44000      4.8375575E-04
   12.45000      4.6237526E-04
   12.46000      4.3583574E-04
   12.47000      4.0513271E-04
   12.48000      3.7106310E-04
   12.49000      3.3442237E-04
   12.50000      2.9623142E-04
   12.51000      2.5729727E-04
   12.52000      2.1860583E-04
   12.53000      1.8120030E-04
   12.54000      1.4595619E-04
   12.55000      1.1403916E-04
   12.56000      8.6342421E-05
   12.57000      6.3779909E-05
   12.58000      4.7130645E-05
   12.59000      3.6897382E-05
   12.60000      3.3459139E-05
   12.61000      3.6743859E-05
   12.62000      4.6528348E-05
   12.63000      6.2069528E-05
   12.64000      8.2511957E-05
   12.65000      1.0652621E-04
   12.66000      1.3268639E-04
   12.67000      1.5938407E-04
   12.68000      1.8491645E-04
   12.69000      2.0767897E-04
   12.70000      2.2618314E-04
   12.71000      2.3918888E-04
   12.72000      2.4586165E-04
   12.73000      2.4565979E-04
   12.74000      2.3863354E-04
   12.75000      2.2511404E-04
   12.76000      2.0613182E-04
   12.77000      1.8278185E-04
   12.78000      1.5680050E-04
   12.79000      1.2993457E-04
   12.80000      1.0410469E-04
   12.81000      8.1237849E-05
   12.82000      6.3022751E-05
   12.83000      5.0991654E-05
   12.84000      4.6240388E-05
   12.85000      4.9401475E-05
   12.86000      6.0668790E-05
   12.87000      7.9536396E-05
   12.88000      1.0529145E-04
   12.89000      1.3629656E-04
   12.90000      1.7103138E-04
   12.91000      2.0730143E-04
   12.92000      2.4303293E-04
   12.93000      2.7607675E-04
   12.94000      3.0435930E-04
   12.95000      3.2618677E-04
   12.96000      3.4023853E-04
   12.97000      3.4559844E-04
   12.98000      3.4199349E-04
   12.99000      3.2960542E-04
   13.00000      3.0927637E-04
   13.01000      2.8211492E-04
   13.02000      2.5006357E-04
   13.03000      2.1484274E-04
   13.04000      1.7855593E-04
   13.05000      1.4343797E-04
   13.06000      1.1135450E-04
   13.07000      8.4209423E-05
   13.08000      6.3297470E-05
   13.09000      4.9564944E-05
   13.10000      4.3441556E-05
   13.11000      4.4799468E-05
   13.12000      5.2980657E-05
   13.13000      6.6884000E-05
   13.14000      8.5046406E-05
   13.15000      1.0568709E-04
   13.16000      1.2700169E-04
   13.17000      1.4707775E-04
   13.18000      1.6420861E-04
   13.19000      1.7697319E-04
   13.20000      1.8425699E-04
   13.21000      1.8543378E-04
   13.22000      1.8031403E-04
   13.23000      1.6926763E-04
   13.24000      1.5297103E-04
   13.25000      1.3267538E-04
   13.26000      1.0978268E-04
   13.27000      8.5938686E-05
   13.28000      6.2883708E-05
   13.29000      4.2132346E-05
   13.30000      2.5171839E-05
   13.31000      1.3077209E-05
   13.32000      6.5717841E-06
   13.33000      5.9359695E-06
   13.34000      1.0974431E-05
   13.35000      2.1100126E-05
   13.36000      3.5252870E-05
   13.37000      5.2193151E-05
   13.38000      7.0358357E-05
   13.39000      8.8209999E-05
   13.40000      1.0426306E-04
   13.41000      1.1714574E-04
   13.42000      1.2592319E-04
   13.43000      1.2994189E-04
   13.44000      1.2907440E-04
   13.45000      1.2360202E-04
   13.46000      1.1431459E-04
   13.47000      1.0235418E-04
   13.48000      8.9180481E-05
   13.49000      7.6515134E-05
   13.50000      6.6052031E-05
   13.51000      5.9532587E-05
   13.52000      5.8378791E-05
   13.53000      6.3792140E-05
   13.54000      7.6425618E-05
   13.55000      9.6566982E-05
   13.56000      1.2385039E-04
   13.57000      1.5748266E-04
   13.58000      1.9634111E-04
   13.59000      2.3873479E-04
   13.60000      2.8307323E-04
   13.61000      3.2761417E-04
   13.62000      3.7082346E-04
   13.63000      4.1166565E-04
   13.64000      4.4943232E-04
   13.65000      4.8422188E-04
   13.66000      5.1697309E-04
   13.67000      5.4924615E-04
   13.68000      5.8370130E-04
   13.69000      6.2343956E-04
   13.70000      6.7229045E-04
   13.71000      7.3455938E-04
   13.72000      8.1440381E-04
   13.73000      9.1629359E-04
   13.74000      1.0438061E-03
   13.75000      1.1999337E-03
   13.76000      1.3865496E-03
   13.77000      1.6047147E-03
   13.78000      1.8537083E-03
   13.79000      2.1313380E-03
   13.80000      2.4325631E-03
   13.81000      2.7531672E-03
   13.82000      3.0844766E-03
   13.83000      3.4199143E-03
   13.84000      3.7502402E-03
   13.85000      4.0658386E-03
   13.86000      4.3570003E-03
   13.87000      4.6152705E-03
   13.88000      4.8307306E-03
   13.89000      4.9974988E-03
   13.90000      5.1087360E-03
   13.91000      5.1609729E-03
   13.92000      5.1517510E-03
   13.93000      5.0814273E-03
   13.94000      4.9515162E-03
   13.95000      4.7666566E-03
   13.96000      4.5322319E-03
   13.97000      4.2557423E-03
   13.98000      3.9460124E-03
   13.99000      3.6122045E-03
   14.00000      3.2632649E-03
   14.01000      2.9102063E-03
   14.02000      2.5604134E-03
   14.03000      2.2239585E-03
   14.04000      1.9068024E-03
   14.05000      1.6143799E-03
   14.06000      1.3517671E-03
   14.07000      1.1201545E-03
   14.08000      9.2153973E-04
   14.09000      7.5450877E-04
   14.10000      6.1720354E-04
   14.11000      5.0699624E-04
   14.12000      4.2009531E-04
   14.13000      3.5249788E-04
   14.14000      3.0025007E-04
   14.15000      2.5917753E-04
   14.16000      2.2594511E-04
   14.17000      1.9752039E-04
   14.18000      1.7162939E-04
   14.19000      1.4688529E-04
   14.20000      1.2239083E-04
   14.21000      9.8236320E-05
   14.22000      7.4834330E-05
   14.23000      5.3107033E-05
   14.24000      3.4215962E-05
   14.25000      1.9299105E-05
   14.26000      9.4773504E-06
   14.27000      5.5191999E-06
   14.28000      7.8792373E-06
   14.29000      1.6584794E-05
   14.30000      3.1166925E-05
   14.31000      5.0850806E-05
   14.32000      7.4374242E-05
   14.33000      1.0048891E-04
   14.34000      1.2763902E-04
   14.35000      1.5442398E-04
   14.36000      1.7969070E-04
   14.37000      2.0244157E-04
   14.38000      2.2229785E-04
   14.39000      2.3911663E-04
   14.40000      2.5330207E-04
   14.41000      2.6559649E-04
   14.42000      2.7705502E-04
   14.43000      2.8882758E-04
   14.44000      3.0212599E-04
   14.45000      3.1784363E-04
   14.46000      3.3662937E-04
   14.47000      3.5856501E-04
   14.48000      3.8306828E-04
   14.49000      4.0910282E-04
   14.50000      4.3467642E-04
   14.51000      4.5762648E-04
   14.52000      4.7519582E-04
   14.53000      4.8466373E-04
   14.54000      4.8347580E-04
   14.55000      4.6967302E-04
   14.56000      4.4221885E-04
   14.57000      4.0124604E-04
   14.58000      3.4878182E-04
   14.59000      2.8820598E-04
   14.60000      2.2549955E-04
   14.61000      1.6844827E-04
   14.62000      1.2662393E-04
   14.63000      1.1175515E-04
   14.64000      1.3648282E-04
   14.65000      2.1453037E-04
   14.66000      3.5959214E-04
   14.67000      5.8546971E-04
   14.68000      9.0379041E-04
   14.69000      1.3238469E-03
   14.70000      1.8541658E-03
   14.71000      2.4951226E-03
   14.72000      3.2496569E-03
   14.73000      4.1085058E-03
   14.74000      5.0630476E-03
   14.75000      6.0989787E-03
   14.76000      7.1953200E-03
   14.77000      8.3310967E-03
   14.78000      9.4787953E-03
   14.79000      1.0608908E-02
   14.80000      1.1693742E-02
   14.81000      1.2701703E-02
   14.82000      1.3603080E-02
   14.83000      1.4373012E-02
   14.84000      1.4984439E-02
   14.85000      1.5422006E-02
   14.86000      1.5669269E-02
   14.87000      1.5719282E-02
   14.88000      1.5569791E-02
   14.89000      1.5226888E-02
   14.90000      1.4700209E-02
   14.91000      1.4007708E-02
   14.92000      1.3171065E-02
   14.93000      1.2215873E-02
   14.94000      1.1170855E-02
   14.95000      1.0066948E-02
   14.96000      8.9323781E-03
   14.97000      7.8013400E-03
   14.98000      6.6962298E-03
   14.99000      5.6458958E-03
   15.00000      4.6688626E-03
   15.01000      3.7800865E-03
   15.02000      2.9948687E-03
   15.03000      2.3152509E-03
   15.04000      1.7457309E-03
   15.05000      1.2819250E-03
   15.06000      9.1792783E-04
   15.07000      6.4460677E-04
   15.08000      4.4998690E-04
   15.09000      3.2117841E-04
   15.10000      2.4510280E-04
   15.11000      2.0830828E-04
   15.12000      1.9893373E-04
   15.13000      2.0612120E-04
   15.14000      2.2132436E-04
   15.15000      2.3779589E-04
   15.16000      2.5118707E-04
   15.17000      2.5899897E-04
   15.18000      2.6060303E-04
   15.19000      2.5668871E-04
   15.20000      2.4894869E-04
   15.21000      2.3953312E-04
   15.22000      2.3066888E-04
   15.23000      2.2428954E-04
   15.24000      2.2169649E-04
   15.25000      2.2346864E-04
   15.26000      2.2928644E-04
   15.27000      2.3811866E-04
   15.28000      2.4822980E-04
   15.29000      2.5762548E-04
   15.30000      2.6414296E-04
   15.31000      2.6599175E-04
   15.32000      2.6190578E-04
   15.33000      2.5153518E-04
   15.34000      2.3546276E-04
   15.35000      2.1542452E-04
   15.36000      1.9415071E-04
   15.37000      1.7513646E-04
   15.38000      1.6241639E-04
   15.39000      1.6001785E-04
   15.40000      1.7162174E-04
   15.41000      1.9980129E-04
   15.42000      2.4589786E-04
   15.43000      3.0937712E-04
   15.44000      3.8732475E-04
   15.45000      4.7503848E-04
   15.46000      5.6617829E-04
   15.47000      6.5217254E-04
   15.48000      7.2402443E-04
   15.49000      7.7205774E-04
   15.50000      7.8843138E-04
   15.51000      7.6698954E-04
   15.52000      7.0571940E-04
   15.53000      6.0690462E-04
   15.54000      4.8019053E-04
   15.55000      3.4099701E-04
   15.56000      2.1390467E-04
   15.57000      1.3079379E-04
   15.58000      1.3186177E-04
   15.59000      2.6489576E-04
   15.60000      5.8237236E-04
   15.61000      1.1445248E-03
   15.62000      2.0074944E-03
   15.63000      3.2337531E-03
   15.64000      4.8755365E-03
   15.65000      6.9779302E-03
   15.66000      9.5884213E-03
   15.67000      1.2715125E-02
   15.68000      1.6380776E-02
   15.69000      2.0560581E-02
   15.70000      2.5225597E-02
   15.71000      3.0332085E-02
   15.72000      3.5793778E-02
   15.73000      4.1517284E-02
   15.74000      4.7398668E-02
   15.75000      5.3287853E-02
   15.76000      5.9067186E-02
   15.77000      6.4562745E-02
   15.78000      6.9632314E-02
   15.79000      7.4137114E-02
   15.80000      7.7919118E-02
   15.81000      8.0873497E-02
   15.82000      8.2884446E-02
   15.83000      8.3881743E-02
   15.84000      8.3819419E-02
   15.85000      8.2686961E-02
   15.86000      8.0496542E-02
   15.87000      7.7303477E-02
   15.88000      7.3193401E-02
   15.89000      6.8272725E-02
   15.90000      6.2678047E-02
   15.91000      5.6574292E-02
   15.92000      5.0117735E-02
   15.93000      4.3512020E-02
   15.94000      3.6904439E-02
   15.95000      3.0490607E-02
   15.96000      2.4432154E-02
   15.97000      1.8859075E-02
   15.98000      1.3914857E-02
   15.99000      9.6676126E-03
   16.00000      6.1917920E-03
   16.01000      3.5153877E-03
   16.02000      1.6329924E-03
   16.03000      5.1333761E-04
   16.04000      9.2361661E-05
   16.05000      2.8636155E-04
   16.06000      9.8770554E-04
   16.07000      2.0789006E-03
   16.08000      3.4331130E-03
   16.09000      4.9199760E-03
   16.10000      6.4245337E-03
   16.11000      7.8253830E-03
   16.12000      9.0353955E-03
   16.13000      9.9732298E-03
   16.14000      1.0587924E-02
   16.15000      1.0848557E-02
   16.16000      1.0748808E-02
   16.17000      1.0305746E-02
   16.18000      9.5539093E-03
   16.19000      8.5517652E-03
   16.20000      7.3638209E-03
   16.21000      6.0695549E-03
   16.22000      4.7512436E-03
   16.23000      3.4829553E-03
   16.24000      2.3493755E-03
   16.25000      1.4058319E-03
   16.26000      7.0242165E-04
   16.27000      2.7581010E-04
   16.28000      1.3985325E-04
   16.29000      2.9369039E-04
   16.30000      7.1398902E-04
   16.31000      1.3664913E-03
   16.32000      2.1959648E-03
   16.33000      3.1458258E-03
   16.34000      4.1441191E-03
   16.35000      5.1222714E-03
   16.36000      6.0131173E-03
   16.37000      6.7545301E-03
   16.38000      7.2958684E-03
   16.39000      7.5989827E-03
   16.40000      7.6409024E-03
   16.41000      7.4172691E-03
   16.42000      6.9401530E-03
   16.43000      6.2415320E-03
   16.44000      5.3650108E-03
   16.45000      4.3767225E-03
   16.46000      3.3418795E-03
   16.47000      2.3437499E-03
   16.48000      1.4623799E-03
   16.49000      7.7783072E-04
   16.50000      3.6589327E-04
   16.51000      2.8986888E-04
   16.52000      6.0294528E-04
   16.53000      1.3402370E-03
   16.54000      2.5202360E-03
   16.55000      4.1434653E-03
   16.56000      6.1847055E-03
   16.57000      8.6157918E-03
   16.58000      1.1367368E-02
   16.59000      1.4381093E-02
   16.60000      1.7566603E-02
   16.61000      2.0831879E-02
   16.62000      2.4091046E-02
   16.63000      2.7230490E-02
   16.64000      3.0170767E-02
   16.65000      3.2817077E-02
   16.66000      3.5096869E-02
   16.67000      3.6946759E-02
   16.68000      3.8317591E-02
   16.69000      3.9176766E-02
   16.70000      3.9511450E-02
   16.71000      3.9324027E-02
   16.72000      3.8633723E-02
   16.73000      3.7477743E-02
   16.74000      3.5905927E-02
   16.75000      3.3966366E-02
   16.76000      3.1739194E-02
   16.77000      2.9282562E-02
   16.78000      2.6679106E-02
   16.79000      2.3995340E-02
   16.80000      2.1294920E-02
   16.81000      1.8644793E-02
   16.82000      1.6095091E-02
   16.83000      1.3690532E-02
   16.84000      1.1470789E-02
   16.85000      9.4540194E-03
   16.86000      7.6609822E-03
   16.87000      6.1005857E-03
   16.88000      4.7676461E-03
   16.89000      3.6585655E-03
   16.90000      2.7502496E-03
   16.91000      2.0289861E-03
   16.92000      1.4714868E-03
   16.93000      1.0541572E-03
   16.94000      7.5271825E-04
   16.95000      5.4347783E-04
   16.96000      4.0472904E-04
   16.97000      3.1775670E-04
   16.98000      2.6594382E-04
   16.99000      2.3642080E-04
   17.00000      2.1867150E-04
   17.01000      2.0567398E-04
   17.02000      1.9278182E-04
   17.03000      1.7765000E-04
   17.04000      1.5963541E-04
   17.05000      1.3983414E-04
   17.06000      1.2068010E-04
   17.07000      1.0350724E-04
   17.08000      8.8975947E-05
   17.09000      7.7864024E-05
   17.10000      7.2599665E-05
   17.11000      7.3636758E-05
   17.12000      8.1099817E-05
   17.13000      9.3807503E-05
   17.14000      1.1062986E-04
   17.15000      1.3055977E-04
   17.16000      1.5261743E-04
   17.17000      1.7501399E-04
   17.18000      1.9582732E-04
   17.19000      2.1514810E-04
   17.20000      2.3288005E-04
   17.21000      2.4562949E-04
   17.22000      2.5639730E-04
   17.23000      2.6772326E-04
   17.24000      2.8481885E-04
   17.25000      3.0220966E-04
   17.26000      3.0489083E-04
   17.27000      2.8595698E-04
   17.28000      2.6726720E-04
   17.29000      2.5687582E-04
   17.30000      2.5425147E-04
   17.31000      2.5222334E-04
   17.32000      2.4907835E-04
   17.33000      2.4488440E-04
   17.34000      2.4260484E-04
   17.35000      2.3997815E-04
   17.36000      2.3756610E-04
   17.37000      2.3414019E-04
   17.38000      2.3077514E-04
   17.39000      2.2685272E-04
   17.40000      2.2668781E-04
   17.41000      2.3086135E-04
   17.42000      2.3569532E-04
   17.43000      2.3857362E-04
   17.44000      2.4037530E-04
   17.45000      2.4130482E-04
   17.46000      2.4195129E-04
   17.47000      2.4453041E-04
   17.48000      2.4429525E-04
   17.49000      2.4568065E-04
   17.50000      2.4494415E-04
