 -3.5000E+01  4.4269E-06
 -3.4988E+01  4.9463E-06
 -3.4976E+01  5.4163E-06
 -3.4964E+01  5.8004E-06
 -3.4952E+01  6.0683E-06
 -3.4940E+01  6.1986E-06
 -3.4929E+01  6.1816E-06
 -3.4917E+01  6.0198E-06
 -3.4905E+01  5.7291E-06
 -3.4893E+01  5.3376E-06
 -3.4881E+01  4.8836E-06
 -3.4869E+01  4.4131E-06
 -3.4857E+01  3.9759E-06
 -3.4845E+01  3.6215E-06
 -3.4833E+01  3.3951E-06
 -3.4821E+01  3.3337E-06
 -3.4809E+01  3.4623E-06
 -3.4798E+01  3.7920E-06
 -3.4786E+01  4.3184E-06
 -3.4774E+01  5.0222E-06
 -3.4762E+01  5.8705E-06
 -3.4750E+01  6.8194E-06
 -3.4738E+01  7.8183E-06
 -3.4726E+01  8.8143E-06
 -3.4714E+01  9.7570E-06
 -3.4702E+01  1.0603E-05
 -3.4690E+01  1.1321E-05
 -3.4678E+01  1.1893E-05
 -3.4667E+01  1.2317E-05
 -3.4655E+01  1.2609E-05
 -3.4643E+01  1.2798E-05
 -3.4631E+01  1.2924E-05
 -3.4619E+01  1.3037E-05
 -3.4607E+01  1.3188E-05
 -3.4595E+01  1.3427E-05
 -3.4583E+01  1.3794E-05
 -3.4571E+01  1.4318E-05
 -3.4559E+01  1.5010E-05
 -3.4547E+01  1.5865E-05
 -3.4536E+01  1.6857E-05
 -3.4524E+01  1.7944E-05
 -3.4512E+01  1.9073E-05
 -3.4500E+01  2.0178E-05
 -3.4488E+01  2.1191E-05
 -3.4476E+01  2.2048E-05
 -3.4464E+01  2.2693E-05
 -3.4452E+01  2.3085E-05
 -3.4440E+01  2.3200E-05
 -3.4428E+01  2.3035E-05
 -3.4416E+01  2.2607E-05
 -3.4405E+01  2.1954E-05
 -3.4393E+01  2.1128E-05
 -3.4381E+01  2.0192E-05
 -3.4369E+01  1.9213E-05
 -3.4357E+01  1.8256E-05
 -3.4345E+01  1.7377E-05
 -3.4333E+01  1.6618E-05
 -3.4321E+01  1.6001E-05
 -3.4309E+01  1.5531E-05
 -3.4297E+01  1.5190E-05
 -3.4285E+01  1.4944E-05
 -3.4274E+01  1.4744E-05
 -3.4262E+01  1.4537E-05
 -3.4250E+01  1.4267E-05
 -3.4238E+01  1.3886E-05
 -3.4226E+01  1.3362E-05
 -3.4214E+01  1.2681E-05
 -3.4202E+01  1.1851E-05
 -3.4190E+01  1.0904E-05
 -3.4178E+01  9.8941E-06
 -3.4166E+01  8.8928E-06
 -3.4154E+01  7.9814E-06
 -3.4143E+01  7.2431E-06
 -3.4131E+01  6.7538E-06
 -3.4119E+01  6.5730E-06
 -3.4107E+01  6.7354E-06
 -3.4095E+01  7.2452E-06
 -3.4083E+01  8.0732E-06
 -3.4071E+01  9.1570E-06
 -3.4059E+01  1.0405E-05
 -3.4047E+01  1.1704E-05
 -3.4035E+01  1.2930E-05
 -3.4023E+01  1.3958E-05
 -3.4012E+01  1.4678E-05
 -3.4000E+01  1.5006E-05
 -3.3988E+01  1.4894E-05
 -3.3976E+01  1.4341E-05
 -3.3964E+01  1.3391E-05
 -3.3952E+01  1.2139E-05
 -3.3940E+01  1.0719E-05
 -3.3928E+01  9.2995E-06
 -3.3916E+01  8.0666E-06
 -3.3904E+01  7.2092E-06
 -3.3892E+01  6.9010E-06
 -3.3881E+01  7.2847E-06
 -3.3869E+01  8.4577E-06
 -3.3857E+01  1.0462E-05
 -3.3845E+01  1.3281E-05
 -3.3833E+01  1.6839E-05
 -3.3821E+01  2.1012E-05
 -3.3809E+01  2.5638E-05
 -3.3797E+01  3.0539E-05
 -3.3785E+01  3.5541E-05
 -3.3773E+01  4.0499E-05
 -3.3761E+01  4.5314E-05
 -3.3750E+01  4.9955E-05
 -3.3738E+01  5.4469E-05
 -3.3726E+01  5.8987E-05
 -3.3714E+01  6.3716E-05
 -3.3702E+01  6.8929E-05
 -3.3690E+01  7.4940E-05
 -3.3678E+01  8.2077E-05
 -3.3666E+01  9.0644E-05
 -3.3654E+01  1.0089E-04
 -3.3642E+01  1.1295E-04
 -3.3630E+01  1.2686E-04
 -3.3619E+01  1.4250E-04
 -3.3607E+01  1.5956E-04
 -3.3595E+01  1.7760E-04
 -3.3583E+01  1.9602E-04
 -3.3571E+01  2.1410E-04
 -3.3559E+01  2.3104E-04
 -3.3547E+01  2.4601E-04
 -3.3535E+01  2.5820E-04
 -3.3523E+01  2.6691E-04
 -3.3511E+01  2.7155E-04
 -3.3499E+01  2.7174E-04
 -3.3488E+01  2.6733E-04
 -3.3476E+01  2.5842E-04
 -3.3464E+01  2.4537E-04
 -3.3452E+01  2.2880E-04
 -3.3440E+01  2.0951E-04
 -3.3428E+01  1.8850E-04
 -3.3416E+01  1.6685E-04
 -3.3404E+01  1.4565E-04
 -3.3392E+01  1.2597E-04
 -3.3380E+01  1.0873E-04
 -3.3368E+01  9.4668E-05
 -3.3357E+01  8.4273E-05
 -3.3345E+01  7.7765E-05
 -3.3333E+01  7.5071E-05
 -3.3321E+01  7.5844E-05
 -3.3309E+01  7.9491E-05
 -3.3297E+01  8.5223E-05
 -3.3285E+01  9.2128E-05
 -3.3273E+01  9.9241E-05
 -3.3261E+01  1.0563E-04
 -3.3249E+01  1.1048E-04
 -3.3237E+01  1.1313E-04
 -3.3226E+01  1.1319E-04
 -3.3214E+01  1.1052E-04
 -3.3202E+01  1.0525E-04
 -3.3190E+01  9.7785E-05
 -3.3178E+01  8.8766E-05
 -3.3166E+01  7.9002E-05
 -3.3154E+01  6.9405E-05
 -3.3142E+01  6.0909E-05
 -3.3130E+01  5.4388E-05
 -3.3118E+01  5.0576E-05
 -3.3106E+01  5.0003E-05
 -3.3095E+01  5.2946E-05
 -3.3083E+01  5.9405E-05
 -3.3071E+01  6.9101E-05
 -3.3059E+01  8.1503E-05
 -3.3047E+01  9.5875E-05
 -3.3035E+01  1.1135E-04
 -3.3023E+01  1.2700E-04
 -3.3011E+01  1.4197E-04
 -3.2999E+01  1.5551E-04
 -3.2987E+01  1.6711E-04
 -3.2976E+01  1.7656E-04
 -3.2964E+01  1.8396E-04
 -3.2952E+01  1.8982E-04
 -3.2940E+01  1.9495E-04
 -3.2928E+01  2.0052E-04
 -3.2916E+01  2.0790E-04
 -3.2904E+01  2.1865E-04
 -3.2892E+01  2.3437E-04
 -3.2880E+01  2.5657E-04
 -3.2868E+01  2.8657E-04
 -3.2856E+01  3.2541E-04
 -3.2845E+01  3.7370E-04
 -3.2833E+01  4.3158E-04
 -3.2821E+01  4.9866E-04
 -3.2809E+01  5.7403E-04
 -3.2797E+01  6.5623E-04
 -3.2785E+01  7.4336E-04
 -3.2773E+01  8.3314E-04
 -3.2761E+01  9.2301E-04
 -3.2749E+01  1.0103E-03
 -3.2737E+01  1.0923E-03
 -3.2725E+01  1.1663E-03
 -3.2714E+01  1.2303E-03
 -3.2702E+01  1.2820E-03
 -3.2690E+01  1.3202E-03
 -3.2678E+01  1.3437E-03
 -3.2666E+01  1.3521E-03
 -3.2654E+01  1.3456E-03
 -3.2642E+01  1.3246E-03
 -3.2630E+01  1.2904E-03
 -3.2618E+01  1.2442E-03
 -3.2606E+01  1.1880E-03
 -3.2594E+01  1.1235E-03
 -3.2583E+01  1.0529E-03
 -3.2571E+01  9.7829E-04
 -3.2559E+01  9.0153E-04
 -3.2547E+01  8.2448E-04
 -3.2535E+01  7.4874E-04
 -3.2523E+01  6.7562E-04
 -3.2511E+01  6.0617E-04
 -3.2499E+01  5.4114E-04
 -3.2487E+01  4.8101E-04
 -3.2475E+01  4.2599E-04
 -3.2463E+01  3.7611E-04
 -3.2452E+01  3.3119E-04
 -3.2440E+01  2.9097E-04
 -3.2428E+01  2.5509E-04
 -3.2416E+01  2.2316E-04
 -3.2404E+01  1.9478E-04
 -3.2392E+01  1.6959E-04
 -3.2380E+01  1.4726E-04
 -3.2368E+01  1.2752E-04
 -3.2356E+01  1.1016E-04
 -3.2344E+01  9.4998E-05
 -3.2332E+01  8.1921E-05
 -3.2321E+01  7.0825E-05
 -3.2309E+01  6.1626E-05
 -3.2297E+01  5.4240E-05
 -3.2285E+01  4.8570E-05
 -3.2273E+01  4.4501E-05
 -3.2261E+01  4.1891E-05
 -3.2249E+01  4.0568E-05
 -3.2237E+01  4.0335E-05
 -3.2225E+01  4.0973E-05
 -3.2213E+01  4.2246E-05
 -3.2201E+01  4.3916E-05
 -3.2190E+01  4.5750E-05
 -3.2178E+01  4.7534E-05
 -3.2166E+01  4.9083E-05
 -3.2154E+01  5.0252E-05
 -3.2142E+01  5.0945E-05
 -3.2130E+01  5.1124E-05
 -3.2118E+01  5.0806E-05
 -3.2106E+01  5.0075E-05
 -3.2094E+01  4.9068E-05
 -3.2082E+01  4.7979E-05
 -3.2070E+01  4.7047E-05
 -3.2059E+01  4.6546E-05
 -3.2047E+01  4.6770E-05
 -3.2035E+01  4.8023E-05
 -3.2023E+01  5.0599E-05
 -3.2011E+01  5.4769E-05
 -3.1999E+01  6.0765E-05
 -3.1987E+01  6.8765E-05
 -3.1975E+01  7.8881E-05
 -3.1963E+01  9.1149E-05
 -3.1951E+01  1.0553E-04
 -3.1939E+01  1.2188E-04
 -3.1928E+01  1.4000E-04
 -3.1916E+01  1.5960E-04
 -3.1904E+01  1.8032E-04
 -3.1892E+01  2.0175E-04
 -3.1880E+01  2.2343E-04
 -3.1868E+01  2.4491E-04
 -3.1856E+01  2.6570E-04
 -3.1844E+01  2.8535E-04
 -3.1832E+01  3.0345E-04
 -3.1820E+01  3.1962E-04
 -3.1808E+01  3.3355E-04
 -3.1797E+01  3.4501E-04
 -3.1785E+01  3.5381E-04
 -3.1773E+01  3.5988E-04
 -3.1761E+01  3.6318E-04
 -3.1749E+01  3.6377E-04
 -3.1737E+01  3.6176E-04
 -3.1725E+01  3.5729E-04
 -3.1713E+01  3.5056E-04
 -3.1701E+01  3.4181E-04
 -3.1689E+01  3.3128E-04
 -3.1677E+01  3.1923E-04
 -3.1666E+01  3.0590E-04
 -3.1654E+01  2.9156E-04
 -3.1642E+01  2.7644E-04
 -3.1630E+01  2.6077E-04
 -3.1618E+01  2.4476E-04
 -3.1606E+01  2.2859E-04
 -3.1594E+01  2.1244E-04
 -3.1582E+01  1.9644E-04
 -3.1570E+01  1.8074E-04
 -3.1558E+01  1.6544E-04
 -3.1546E+01  1.5066E-04
 -3.1535E+01  1.3647E-04
 -3.1523E+01  1.2295E-04
 -3.1511E+01  1.1017E-04
 -3.1499E+01  9.8173E-05
 -3.1487E+01  8.7014E-05
 -3.1475E+01  7.6725E-05
 -3.1463E+01  6.7336E-05
 -3.1451E+01  5.8869E-05
 -3.1439E+01  5.1340E-05
 -3.1427E+01  4.4759E-05
 -3.1415E+01  3.9134E-05
 -3.1404E+01  3.4464E-05
 -3.1392E+01  3.0744E-05
 -3.1380E+01  2.7959E-05
 -3.1368E+01  2.6089E-05
 -3.1356E+01  2.5098E-05
 -3.1344E+01  2.4938E-05
 -3.1332E+01  2.5542E-05
 -3.1320E+01  2.6826E-05
 -3.1308E+01  2.8686E-05
 -3.1296E+01  3.0997E-05
 -3.1284E+01  3.3618E-05
 -3.1273E+01  3.6394E-05
 -3.1261E+01  3.9162E-05
 -3.1249E+01  4.1761E-05
 -3.1237E+01  4.4036E-05
 -3.1225E+01  4.5853E-05
 -3.1213E+01  4.7105E-05
 -3.1201E+01  4.7723E-05
 -3.1189E+01  4.7681E-05
 -3.1177E+01  4.7003E-05
 -3.1165E+01  4.5760E-05
 -3.1153E+01  4.4076E-05
 -3.1142E+01  4.2116E-05
 -3.1130E+01  4.0080E-05
 -3.1118E+01  3.8196E-05
 -3.1106E+01  3.6704E-05
 -3.1094E+01  3.5841E-05
 -3.1082E+01  3.5836E-05
 -3.1070E+01  3.6886E-05
 -3.1058E+01  3.9159E-05
 -3.1046E+01  4.2777E-05
 -3.1034E+01  4.7815E-05
 -3.1022E+01  5.4302E-05
 -3.1011E+01  6.2224E-05
 -3.0999E+01  7.1527E-05
 -3.0987E+01  8.2127E-05
 -3.0975E+01  9.3918E-05
 -3.0963E+01  1.0678E-04
 -3.0951E+01  1.2059E-04
 -3.0939E+01  1.3522E-04
 -3.0927E+01  1.5056E-04
 -3.0915E+01  1.6646E-04
 -3.0903E+01  1.8282E-04
 -3.0891E+01  1.9949E-04
 -3.0880E+01  2.1633E-04
 -3.0868E+01  2.3316E-04
 -3.0856E+01  2.4976E-04
 -3.0844E+01  2.6591E-04
 -3.0832E+01  2.8130E-04
 -3.0820E+01  2.9563E-04
 -3.0808E+01  3.0855E-04
 -3.0796E+01  3.1970E-04
 -3.0784E+01  3.2874E-04
 -3.0772E+01  3.3534E-04
 -3.0760E+01  3.3922E-04
 -3.0749E+01  3.4016E-04
 -3.0737E+01  3.3805E-04
 -3.0725E+01  3.3285E-04
 -3.0713E+01  3.2466E-04
 -3.0701E+01  3.1367E-04
 -3.0689E+01  3.0017E-04
 -3.0677E+01  2.8457E-04
 -3.0665E+01  2.6732E-04
 -3.0653E+01  2.4894E-04
 -3.0641E+01  2.2996E-04
 -3.0629E+01  2.1089E-04
 -3.0618E+01  1.9221E-04
 -3.0606E+01  1.7435E-04
 -3.0594E+01  1.5764E-04
 -3.0582E+01  1.4231E-04
 -3.0570E+01  1.2850E-04
 -3.0558E+01  1.1625E-04
 -3.0546E+01  1.0551E-04
 -3.0534E+01  9.6178E-05
 -3.0522E+01  8.8083E-05
 -3.0510E+01  8.1053E-05
 -3.0498E+01  7.4914E-05
 -3.0487E+01  6.9518E-05
 -3.0475E+01  6.4759E-05
 -3.0463E+01  6.0578E-05
 -3.0451E+01  5.6968E-05
 -3.0439E+01  5.3967E-05
 -3.0427E+01  5.1642E-05
 -3.0415E+01  5.0070E-05
 -3.0403E+01  4.9320E-05
 -3.0391E+01  4.9428E-05
 -3.0379E+01  5.0379E-05
 -3.0367E+01  5.2095E-05
 -3.0356E+01  5.4427E-05
 -3.0344E+01  5.7159E-05
 -3.0332E+01  6.0021E-05
 -3.0320E+01  6.2708E-05
 -3.0308E+01  6.4909E-05
 -3.0296E+01  6.6336E-05
 -3.0284E+01  6.6761E-05
 -3.0272E+01  6.6040E-05
 -3.0260E+01  6.4143E-05
 -3.0248E+01  6.1164E-05
 -3.0236E+01  5.7330E-05
 -3.0225E+01  5.2986E-05
 -3.0213E+01  4.8584E-05
 -3.0201E+01  4.4643E-05
 -3.0189E+01  4.1716E-05
 -3.0177E+01  4.0340E-05
 -3.0165E+01  4.0999E-05
 -3.0153E+01  4.4074E-05
 -3.0141E+01  4.9818E-05
 -3.0129E+01  5.8331E-05
 -3.0117E+01  6.9557E-05
 -3.0105E+01  8.3295E-05
 -3.0094E+01  9.9222E-05
 -3.0082E+01  1.1694E-04
 -3.0070E+01  1.3601E-04
 -3.0058E+01  1.5604E-04
 -3.0046E+01  1.7670E-04
 -3.0034E+01  1.9779E-04
 -3.0022E+01  2.1926E-04
 -3.0010E+01  2.4123E-04
 -2.9998E+01  2.6402E-04
 -2.9986E+01  2.8805E-04
 -2.9974E+01  3.1385E-04
 -2.9963E+01  3.4199E-04
 -2.9951E+01  3.7297E-04
 -2.9939E+01  4.0715E-04
 -2.9927E+01  4.4469E-04
 -2.9915E+01  4.8546E-04
 -2.9903E+01  5.2899E-04
 -2.9891E+01  5.7444E-04
 -2.9879E+01  6.2062E-04
 -2.9867E+01  6.6602E-04
 -2.9855E+01  7.0888E-04
 -2.9843E+01  7.4730E-04
 -2.9832E+01  7.7937E-04
 -2.9820E+01  8.0327E-04
 -2.9808E+01  8.1744E-04
 -2.9796E+01  8.2070E-04
 -2.9784E+01  8.1237E-04
 -2.9772E+01  7.9232E-04
 -2.9760E+01  7.6107E-04
 -2.9748E+01  7.1973E-04
 -2.9736E+01  6.7000E-04
 -2.9724E+01  6.1404E-04
 -2.9712E+01  5.5439E-04
 -2.9701E+01  4.9375E-04
 -2.9689E+01  4.3486E-04
 -2.9677E+01  3.8027E-04
 -2.9665E+01  3.3218E-04
 -2.9653E+01  2.9227E-04
 -2.9641E+01  2.6164E-04
 -2.9629E+01  2.4067E-04
 -2.9617E+01  2.2907E-04
 -2.9605E+01  2.2589E-04
 -2.9593E+01  2.2962E-04
 -2.9581E+01  2.3834E-04
 -2.9570E+01  2.4986E-04
 -2.9558E+01  2.6195E-04
 -2.9546E+01  2.7251E-04
 -2.9534E+01  2.7974E-04
 -2.9522E+01  2.8228E-04
 -2.9510E+01  2.7938E-04
 -2.9498E+01  2.7089E-04
 -2.9486E+01  2.5729E-04
 -2.9474E+01  2.3965E-04
 -2.9462E+01  2.1951E-04
 -2.9450E+01  1.9874E-04
 -2.9439E+01  1.7934E-04
 -2.9427E+01  1.6329E-04
 -2.9415E+01  1.5234E-04
 -2.9403E+01  1.4784E-04
 -2.9391E+01  1.5062E-04
 -2.9379E+01  1.6092E-04
 -2.9367E+01  1.7833E-04
 -2.9355E+01  2.0189E-04
 -2.9343E+01  2.3013E-04
 -2.9331E+01  2.6126E-04
 -2.9319E+01  2.9329E-04
 -2.9308E+01  3.2431E-04
 -2.9296E+01  3.5267E-04
 -2.9284E+01  3.7716E-04
 -2.9272E+01  3.9721E-04
 -2.9260E+01  4.1299E-04
 -2.9248E+01  4.2550E-04
 -2.9236E+01  4.3652E-04
 -2.9224E+01  4.4856E-04
 -2.9212E+01  4.6472E-04
 -2.9200E+01  4.8845E-04
 -2.9188E+01  5.2337E-04
 -2.9177E+01  5.7293E-04
 -2.9165E+01  6.4018E-04
 -2.9153E+01  7.2750E-04
 -2.9141E+01  8.3637E-04
 -2.9129E+01  9.6720E-04
 -2.9117E+01  1.1192E-03
 -2.9105E+01  1.2905E-03
 -2.9093E+01  1.4778E-03
 -2.9081E+01  1.6770E-03
 -2.9069E+01  1.8830E-03
 -2.9058E+01  2.0899E-03
 -2.9046E+01  2.2918E-03
 -2.9034E+01  2.4826E-03
 -2.9022E+01  2.6563E-03
 -2.9010E+01  2.8077E-03
 -2.8998E+01  2.9323E-03
 -2.8986E+01  3.0267E-03
 -2.8974E+01  3.0885E-03
 -2.8962E+01  3.1168E-03
 -2.8950E+01  3.1116E-03
 -2.8938E+01  3.0742E-03
 -2.8927E+01  3.0068E-03
 -2.8915E+01  2.9126E-03
 -2.8903E+01  2.7953E-03
 -2.8891E+01  2.6589E-03
 -2.8879E+01  2.5079E-03
 -2.8867E+01  2.3464E-03
 -2.8855E+01  2.1788E-03
 -2.8843E+01  2.0087E-03
 -2.8831E+01  1.8396E-03
 -2.8819E+01  1.6742E-03
 -2.8807E+01  1.5149E-03
 -2.8796E+01  1.3635E-03
 -2.8784E+01  1.2212E-03
 -2.8772E+01  1.0887E-03
 -2.8760E+01  9.6632E-04
 -2.8748E+01  8.5418E-04
 -2.8736E+01  7.5202E-04
 -2.8724E+01  6.5944E-04
 -2.8712E+01  5.7596E-04
 -2.8700E+01  5.0107E-04
 -2.8688E+01  4.3422E-04
 -2.8676E+01  3.7493E-04
 -2.8665E+01  3.2273E-04
 -2.8653E+01  2.7720E-04
 -2.8641E+01  2.3797E-04
 -2.8629E+01  2.0466E-04
 -2.8617E+01  1.7691E-04
 -2.8605E+01  1.5435E-04
 -2.8593E+01  1.3658E-04
 -2.8581E+01  1.2320E-04
 -2.8569E+01  1.1373E-04
 -2.8557E+01  1.0770E-04
 -2.8545E+01  1.0460E-04
 -2.8534E+01  1.0390E-04
 -2.8522E+01  1.0510E-04
 -2.8510E+01  1.0769E-04
 -2.8498E+01  1.1118E-04
 -2.8486E+01  1.1513E-04
 -2.8474E+01  1.1916E-04
 -2.8462E+01  1.2292E-04
 -2.8450E+01  1.2614E-04
 -2.8438E+01  1.2864E-04
 -2.8426E+01  1.3030E-04
 -2.8414E+01  1.3109E-04
 -2.8403E+01  1.3108E-04
 -2.8391E+01  1.3043E-04
 -2.8379E+01  1.2942E-04
 -2.8367E+01  1.2842E-04
 -2.8355E+01  1.2787E-04
 -2.8343E+01  1.2835E-04
 -2.8331E+01  1.3047E-04
 -2.8319E+01  1.3493E-04
 -2.8307E+01  1.4243E-04
 -2.8295E+01  1.5369E-04
 -2.8283E+01  1.6939E-04
 -2.8272E+01  1.9016E-04
 -2.8260E+01  2.1650E-04
 -2.8248E+01  2.4877E-04
 -2.8236E+01  2.8717E-04
 -2.8224E+01  3.3170E-04
 -2.8212E+01  3.8213E-04
 -2.8200E+01  4.3800E-04
 -2.8188E+01  4.9865E-04
 -2.8176E+01  5.6317E-04
 -2.8164E+01  6.3050E-04
 -2.8152E+01  6.9941E-04
 -2.8141E+01  7.6855E-04
 -2.8129E+01  8.3653E-04
 -2.8117E+01  9.0196E-04
 -2.8105E+01  9.6346E-04
 -2.8093E+01  1.0198E-03
 -2.8081E+01  1.0698E-03
 -2.8069E+01  1.1126E-03
 -2.8057E+01  1.1473E-03
 -2.8045E+01  1.1734E-03
 -2.8033E+01  1.1904E-03
 -2.8021E+01  1.1984E-03
 -2.8010E+01  1.1972E-03
 -2.7998E+01  1.1870E-03
 -2.7986E+01  1.1683E-03
 -2.7974E+01  1.1415E-03
 -2.7962E+01  1.1073E-03
 -2.7950E+01  1.0665E-03
 -2.7938E+01  1.0198E-03
 -2.7926E+01  9.6810E-04
 -2.7914E+01  9.1246E-04
 -2.7902E+01  8.5380E-04
 -2.7890E+01  7.9313E-04
 -2.7879E+01  7.3143E-04
 -2.7867E+01  6.6962E-04
 -2.7855E+01  6.0862E-04
 -2.7843E+01  5.4923E-04
 -2.7831E+01  4.9219E-04
 -2.7819E+01  4.3813E-04
 -2.7807E+01  3.8757E-04
 -2.7795E+01  3.4090E-04
 -2.7783E+01  2.9840E-04
 -2.7771E+01  2.6022E-04
 -2.7759E+01  2.2639E-04
 -2.7748E+01  1.9684E-04
 -2.7736E+01  1.7142E-04
 -2.7724E+01  1.4988E-04
 -2.7712E+01  1.3193E-04
 -2.7700E+01  1.1725E-04
 -2.7688E+01  1.0548E-04
 -2.7676E+01  9.6283E-05
 -2.7664E+01  8.9330E-05
 -2.7652E+01  8.4316E-05
 -2.7640E+01  8.0974E-05
 -2.7628E+01  7.9066E-05
 -2.7617E+01  7.8386E-05
 -2.7605E+01  7.8752E-05
 -2.7593E+01  7.9994E-05
 -2.7581E+01  8.1950E-05
 -2.7569E+01  8.4452E-05
 -2.7557E+01  8.7326E-05
 -2.7545E+01  9.0384E-05
 -2.7533E+01  9.3430E-05
 -2.7521E+01  9.6268E-05
 -2.7509E+01  9.8709E-05
 -2.7497E+01  1.0059E-04
 -2.7486E+01  1.0179E-04
 -2.7474E+01  1.0225E-04
 -2.7462E+01  1.0197E-04
 -2.7450E+01  1.0106E-04
 -2.7438E+01  9.9699E-05
 -2.7426E+01  9.8170E-05
 -2.7414E+01  9.6839E-05
 -2.7402E+01  9.6146E-05
 -2.7390E+01  9.6586E-05
 -2.7378E+01  9.8691E-05
 -2.7366E+01  1.0300E-04
 -2.7355E+01  1.1004E-04
 -2.7343E+01  1.2029E-04
 -2.7331E+01  1.3420E-04
 -2.7319E+01  1.5210E-04
 -2.7307E+01  1.7426E-04
 -2.7295E+01  2.0088E-04
 -2.7283E+01  2.3201E-04
 -2.7271E+01  2.6766E-04
 -2.7259E+01  3.0773E-04
 -2.7247E+01  3.5204E-04
 -2.7235E+01  4.0035E-04
 -2.7224E+01  4.5234E-04
 -2.7212E+01  5.0762E-04
 -2.7200E+01  5.6571E-04
 -2.7188E+01  6.2608E-04
 -2.7176E+01  6.8807E-04
 -2.7164E+01  7.5093E-04
 -2.7152E+01  8.1377E-04
 -2.7140E+01  8.7559E-04
 -2.7128E+01  9.3525E-04
 -2.7116E+01  9.9151E-04
 -2.7104E+01  1.0430E-03
 -2.7093E+01  1.0885E-03
 -2.7081E+01  1.1264E-03
 -2.7069E+01  1.1555E-03
 -2.7057E+01  1.1746E-03
 -2.7045E+01  1.1829E-03
 -2.7033E+01  1.1796E-03
 -2.7021E+01  1.1644E-03
 -2.7009E+01  1.1374E-03
 -2.6997E+01  1.0992E-03
 -2.6985E+01  1.0506E-03
 -2.6973E+01  9.9294E-04
 -2.6962E+01  9.2786E-04
 -2.6950E+01  8.5725E-04
 -2.6938E+01  7.8320E-04
 -2.6926E+01  7.0782E-04
 -2.6914E+01  6.3323E-04
 -2.6902E+01  5.6135E-04
 -2.6890E+01  4.9392E-04
 -2.6878E+01  4.3229E-04
 -2.6866E+01  3.7750E-04
 -2.6854E+01  3.3012E-04
 -2.6842E+01  2.9035E-04
 -2.6831E+01  2.5795E-04
 -2.6819E+01  2.3237E-04
 -2.6807E+01  2.1277E-04
 -2.6795E+01  1.9813E-04
 -2.6783E+01  1.8733E-04
 -2.6771E+01  1.7925E-04
 -2.6759E+01  1.7285E-04
 -2.6747E+01  1.6725E-04
 -2.6735E+01  1.6180E-04
 -2.6723E+01  1.5603E-04
 -2.6711E+01  1.4976E-04
 -2.6700E+01  1.4296E-04
 -2.6688E+01  1.3581E-04
 -2.6676E+01  1.2860E-04
 -2.6664E+01  1.2164E-04
 -2.6652E+01  1.1527E-04
 -2.6640E+01  1.0973E-04
 -2.6628E+01  1.0519E-04
 -2.6616E+01  1.0168E-04
 -2.6604E+01  9.9097E-05
 -2.6592E+01  9.7225E-05
 -2.6580E+01  9.5776E-05
 -2.6569E+01  9.4429E-05
 -2.6557E+01  9.2888E-05
 -2.6545E+01  9.0934E-05
 -2.6533E+01  8.8478E-05
 -2.6521E+01  8.5592E-05
 -2.6509E+01  8.2529E-05
 -2.6497E+01  7.9720E-05
 -2.6485E+01  7.7753E-05
 -2.6473E+01  7.7327E-05
 -2.6461E+01  7.9199E-05
 -2.6449E+01  8.4119E-05
 -2.6438E+01  9.2765E-05
 -2.6426E+01  1.0568E-04
 -2.6414E+01  1.2323E-04
 -2.6402E+01  1.4559E-04
 -2.6390E+01  1.7271E-04
 -2.6378E+01  2.0439E-04
 -2.6366E+01  2.4026E-04
 -2.6354E+01  2.7993E-04
 -2.6342E+01  3.2301E-04
 -2.6330E+01  3.6920E-04
 -2.6318E+01  4.1838E-04
 -2.6307E+01  4.7066E-04
 -2.6295E+01  5.2639E-04
 -2.6283E+01  5.8615E-04
 -2.6271E+01  6.5071E-04
 -2.6259E+01  7.2093E-04
 -2.6247E+01  7.9764E-04
 -2.6235E+01  8.8152E-04
 -2.6223E+01  9.7288E-04
 -2.6211E+01  1.0716E-03
 -2.6199E+01  1.1769E-03
 -2.6187E+01  1.2872E-03
 -2.6176E+01  1.4004E-03
 -2.6164E+01  1.5136E-03
 -2.6152E+01  1.6230E-03
 -2.6140E+01  1.7246E-03
 -2.6128E+01  1.8142E-03
 -2.6116E+01  1.8873E-03
 -2.6104E+01  1.9399E-03
 -2.6092E+01  1.9686E-03
 -2.6080E+01  1.9709E-03
 -2.6068E+01  1.9454E-03
 -2.6056E+01  1.8918E-03
 -2.6045E+01  1.8116E-03
 -2.6033E+01  1.7073E-03
 -2.6021E+01  1.5829E-03
 -2.6009E+01  1.4436E-03
 -2.5997E+01  1.2951E-03
 -2.5985E+01  1.1441E-03
 -2.5973E+01  9.9688E-04
 -2.5961E+01  8.5972E-04
 -2.5949E+01  7.3803E-04
 -2.5937E+01  6.3615E-04
 -2.5925E+01  5.5699E-04
 -2.5914E+01  5.0189E-04
 -2.5902E+01  4.7052E-04
 -2.5890E+01  4.6093E-04
 -2.5878E+01  4.6975E-04
 -2.5866E+01  4.9247E-04
 -2.5854E+01  5.2383E-04
 -2.5842E+01  5.5824E-04
 -2.5830E+01  5.9026E-04
 -2.5818E+01  6.1502E-04
 -2.5806E+01  6.2862E-04
 -2.5794E+01  6.2845E-04
 -2.5783E+01  6.1337E-04
 -2.5771E+01  5.8379E-04
 -2.5759E+01  5.4164E-04
 -2.5747E+01  4.9015E-04
 -2.5735E+01  4.3358E-04
 -2.5723E+01  3.7683E-04
 -2.5711E+01  3.2497E-04
 -2.5699E+01  2.8282E-04
 -2.5687E+01  2.5447E-04
 -2.5675E+01  2.4294E-04
 -2.5663E+01  2.4989E-04
 -2.5652E+01  2.7547E-04
 -2.5640E+01  3.1831E-04
 -2.5628E+01  3.7565E-04
 -2.5616E+01  4.4359E-04
 -2.5604E+01  5.1751E-04
 -2.5592E+01  5.9245E-04
 -2.5580E+01  6.6364E-04
 -2.5568E+01  7.2703E-04
 -2.5556E+01  7.7966E-04
 -2.5544E+01  8.2009E-04
 -2.5532E+01  8.4866E-04
 -2.5521E+01  8.6756E-04
 -2.5509E+01  8.8082E-04
 -2.5497E+01  8.9410E-04
 -2.5485E+01  9.1429E-04
 -2.5473E+01  9.4909E-04
 -2.5461E+01  1.0064E-03
 -2.5449E+01  1.0936E-03
 -2.5437E+01  1.2172E-03
 -2.5425E+01  1.3819E-03
 -2.5413E+01  1.5904E-03
 -2.5401E+01  1.8430E-03
 -2.5390E+01  2.1374E-03
 -2.5378E+01  2.4683E-03
 -2.5366E+01  2.8284E-03
 -2.5354E+01  3.2078E-03
 -2.5342E+01  3.5951E-03
 -2.5330E+01  3.9775E-03
 -2.5318E+01  4.3420E-03
 -2.5306E+01  4.6757E-03
 -2.5294E+01  4.9666E-03
 -2.5282E+01  5.2043E-03
 -2.5271E+01  5.3805E-03
 -2.5259E+01  5.4896E-03
 -2.5247E+01  5.5287E-03
 -2.5235E+01  5.4978E-03
 -2.5223E+01  5.3997E-03
 -2.5211E+01  5.2397E-03
 -2.5199E+01  5.0252E-03
 -2.5187E+01  4.7651E-03
 -2.5175E+01  4.4695E-03
 -2.5163E+01  4.1488E-03
 -2.5151E+01  3.8134E-03
 -2.5140E+01  3.4732E-03
 -2.5128E+01  3.1370E-03
 -2.5116E+01  2.8121E-03
 -2.5104E+01  2.5047E-03
 -2.5092E+01  2.2191E-03
 -2.5080E+01  1.9581E-03
 -2.5068E+01  1.7230E-03
 -2.5056E+01  1.5138E-03
 -2.5044E+01  1.3293E-03
 -2.5032E+01  1.1677E-03
 -2.5020E+01  1.0265E-03
 -2.5009E+01  9.0307E-04
 -2.4997E+01  7.9469E-04
 -2.4985E+01  6.9886E-04
 -2.4973E+01  6.1343E-04
 -2.4961E+01  5.3665E-04
 -2.4949E+01  4.6724E-04
 -2.4937E+01  4.0437E-04
 -2.4925E+01  3.4758E-04
 -2.4913E+01  2.9669E-04
 -2.4901E+01  2.5172E-04
 -2.4889E+01  2.1278E-04
 -2.4878E+01  1.7994E-04
 -2.4866E+01  1.5319E-04
 -2.4854E+01  1.3237E-04
 -2.4842E+01  1.1711E-04
 -2.4830E+01  1.0687E-04
 -2.4818E+01  1.0096E-04
 -2.4806E+01  9.8539E-05
 -2.4794E+01  9.8709E-05
 -2.4782E+01  1.0056E-04
 -2.4770E+01  1.0325E-04
 -2.4758E+01  1.0602E-04
 -2.4747E+01  1.0827E-04
 -2.4735E+01  1.0957E-04
 -2.4723E+01  1.0968E-04
 -2.4711E+01  1.0852E-04
 -2.4699E+01  1.0620E-04
 -2.4687E+01  1.0295E-04
 -2.4675E+01  9.9122E-05
 -2.4663E+01  9.5120E-05
 -2.4651E+01  9.1401E-05
 -2.4639E+01  8.8427E-05
 -2.4627E+01  8.6648E-05
 -2.4616E+01  8.6483E-05
 -2.4604E+01  8.8308E-05
 -2.4592E+01  9.2457E-05
 -2.4580E+01  9.9213E-05
 -2.4568E+01  1.0882E-04
 -2.4556E+01  1.2147E-04
 -2.4544E+01  1.3733E-04
 -2.4532E+01  1.5651E-04
 -2.4520E+01  1.7906E-04
 -2.4508E+01  2.0501E-04
 -2.4496E+01  2.3427E-04
 -2.4485E+01  2.6670E-04
 -2.4473E+01  3.0205E-04
 -2.4461E+01  3.3995E-04
 -2.4449E+01  3.7993E-04
 -2.4437E+01  4.2140E-04
 -2.4425E+01  4.6367E-04
 -2.4413E+01  5.0594E-04
 -2.4401E+01  5.4739E-04
 -2.4389E+01  5.8712E-04
 -2.4377E+01  6.2426E-04
 -2.4365E+01  6.5799E-04
 -2.4354E+01  6.8755E-04
 -2.4342E+01  7.1231E-04
 -2.4330E+01  7.3174E-04
 -2.4318E+01  7.4548E-04
 -2.4306E+01  7.5334E-04
 -2.4294E+01  7.5527E-04
 -2.4282E+01  7.5135E-04
 -2.4270E+01  7.4181E-04
 -2.4258E+01  7.2699E-04
 -2.4246E+01  7.0730E-04
 -2.4234E+01  6.8323E-04
 -2.4223E+01  6.5532E-04
 -2.4211E+01  6.2414E-04
 -2.4199E+01  5.9025E-04
 -2.4187E+01  5.5423E-04
 -2.4175E+01  5.1668E-04
 -2.4163E+01  4.7813E-04
 -2.4151E+01  4.3915E-04
 -2.4139E+01  4.0026E-04
 -2.4127E+01  3.6195E-04
 -2.4115E+01  3.2471E-04
 -2.4103E+01  2.8899E-04
 -2.4092E+01  2.5518E-04
 -2.4080E+01  2.2366E-04
 -2.4068E+01  1.9474E-04
 -2.4056E+01  1.6865E-04
 -2.4044E+01  1.4559E-04
 -2.4032E+01  1.2564E-04
 -2.4020E+01  1.0883E-04
 -2.4008E+01  9.5084E-05
 -2.3996E+01  8.4245E-05
 -2.3984E+01  7.6082E-05
 -2.3972E+01  7.0292E-05
 -2.3961E+01  6.6521E-05
 -2.3949E+01  6.4381E-05
 -2.3937E+01  6.3471E-05
 -2.3925E+01  6.3396E-05
 -2.3913E+01  6.3792E-05
 -2.3901E+01  6.4341E-05
 -2.3889E+01  6.4783E-05
 -2.3877E+01  6.4930E-05
 -2.3865E+01  6.4664E-05
 -2.3853E+01  6.3938E-05
 -2.3841E+01  6.2770E-05
 -2.3830E+01  6.1228E-05
 -2.3818E+01  5.9427E-05
 -2.3806E+01  5.7506E-05
 -2.3794E+01  5.5623E-05
 -2.3782E+01  5.3938E-05
 -2.3770E+01  5.2613E-05
 -2.3758E+01  5.1796E-05
 -2.3746E+01  5.1629E-05
 -2.3734E+01  5.2243E-05
 -2.3722E+01  5.3764E-05
 -2.3710E+01  5.6317E-05
 -2.3699E+01  6.0034E-05
 -2.3687E+01  6.5055E-05
 -2.3675E+01  7.1535E-05
 -2.3663E+01  7.9646E-05
 -2.3651E+01  8.9571E-05
 -2.3639E+01  1.0151E-04
 -2.3627E+01  1.1566E-04
 -2.3615E+01  1.3222E-04
 -2.3603E+01  1.5137E-04
 -2.3591E+01  1.7328E-04
 -2.3579E+01  1.9806E-04
 -2.3568E+01  2.2580E-04
 -2.3556E+01  2.5653E-04
 -2.3544E+01  2.9021E-04
 -2.3532E+01  3.2676E-04
 -2.3520E+01  3.6601E-04
 -2.3508E+01  4.0774E-04
 -2.3496E+01  4.5165E-04
 -2.3484E+01  4.9739E-04
 -2.3472E+01  5.4453E-04
 -2.3460E+01  5.9257E-04
 -2.3448E+01  6.4095E-04
 -2.3437E+01  6.8903E-04
 -2.3425E+01  7.3610E-04
 -2.3413E+01  7.8135E-04
 -2.3401E+01  8.2394E-04
 -2.3389E+01  8.6293E-04
 -2.3377E+01  8.9737E-04
 -2.3365E+01  9.2627E-04
 -2.3353E+01  9.4868E-04
 -2.3341E+01  9.6368E-04
 -2.3329E+01  9.7050E-04
 -2.3317E+01  9.6852E-04
 -2.3306E+01  9.5734E-04
 -2.3294E+01  9.3681E-04
 -2.3282E+01  9.0712E-04
 -2.3270E+01  8.6875E-04
 -2.3258E+01  8.2253E-04
 -2.3246E+01  7.6957E-04
 -2.3234E+01  7.1129E-04
 -2.3222E+01  6.4927E-04
 -2.3210E+01  5.8529E-04
 -2.3198E+01  5.2114E-04
 -2.3186E+01  4.5860E-04
 -2.3175E+01  3.9933E-04
 -2.3163E+01  3.4479E-04
 -2.3151E+01  2.9614E-04
 -2.3139E+01  2.5423E-04
 -2.3127E+01  2.1953E-04
 -2.3115E+01  1.9215E-04
 -2.3103E+01  1.7178E-04
 -2.3091E+01  1.5780E-04
 -2.3079E+01  1.4932E-04
 -2.3067E+01  1.4521E-04
 -2.3055E+01  1.4423E-04
 -2.3044E+01  1.4511E-04
 -2.3032E+01  1.4665E-04
 -2.3020E+01  1.4777E-04
 -2.3008E+01  1.4762E-04
 -2.2996E+01  1.4560E-04
 -2.2984E+01  1.4137E-04
 -2.2972E+01  1.3489E-04
 -2.2960E+01  1.2636E-04
 -2.2948E+01  1.1617E-04
 -2.2936E+01  1.0487E-04
 -2.2924E+01  9.3118E-05
 -2.2913E+01  8.1555E-05
 -2.2901E+01  7.0800E-05
 -2.2889E+01  6.1369E-05
 -2.2877E+01  5.3649E-05
 -2.2865E+01  4.7875E-05
 -2.2853E+01  4.4129E-05
 -2.2841E+01  4.2355E-05
 -2.2829E+01  4.2394E-05
 -2.2817E+01  4.4019E-05
 -2.2805E+01  4.6990E-05
 -2.2793E+01  5.1091E-05
 -2.2782E+01  5.6179E-05
 -2.2770E+01  6.2206E-05
 -2.2758E+01  6.9239E-05
 -2.2746E+01  7.7460E-05
 -2.2734E+01  8.7152E-05
 -2.2722E+01  9.8675E-05
 -2.2710E+01  1.1243E-04
 -2.2698E+01  1.2883E-04
 -2.2686E+01  1.4825E-04
 -2.2674E+01  1.7102E-04
 -2.2662E+01  1.9740E-04
 -2.2651E+01  2.2755E-04
 -2.2639E+01  2.6159E-04
 -2.2627E+01  2.9960E-04
 -2.2615E+01  3.4165E-04
 -2.2603E+01  3.8783E-04
 -2.2591E+01  4.3832E-04
 -2.2579E+01  4.9339E-04
 -2.2567E+01  5.5340E-04
 -2.2555E+01  6.1881E-04
 -2.2543E+01  6.9014E-04
 -2.2531E+01  7.6786E-04
 -2.2520E+01  8.5236E-04
 -2.2508E+01  9.4378E-04
 -2.2496E+01  1.0419E-03
 -2.2484E+01  1.1462E-03
 -2.2472E+01  1.2553E-03
 -2.2460E+01  1.3674E-03
 -2.2448E+01  1.4801E-03
 -2.2436E+01  1.5902E-03
 -2.2424E+01  1.6941E-03
 -2.2412E+01  1.7878E-03
 -2.2400E+01  1.8671E-03
 -2.2389E+01  1.9280E-03
 -2.2377E+01  1.9668E-03
 -2.2365E+01  1.9804E-03
 -2.2353E+01  1.9667E-03
 -2.2341E+01  1.9249E-03
 -2.2329E+01  1.8553E-03
 -2.2317E+01  1.7597E-03
 -2.2305E+01  1.6415E-03
 -2.2293E+01  1.5049E-03
 -2.2281E+01  1.3557E-03
 -2.2269E+01  1.2002E-03
 -2.2258E+01  1.0453E-03
 -2.2246E+01  8.9781E-04
 -2.2234E+01  7.6416E-04
 -2.2222E+01  6.4994E-04
 -2.2210E+01  5.5945E-04
 -2.2198E+01  4.9545E-04
 -2.2186E+01  4.5887E-04
 -2.2174E+01  4.4876E-04
 -2.2162E+01  4.6238E-04
 -2.2150E+01  4.9531E-04
 -2.2138E+01  5.4189E-04
 -2.2127E+01  5.9559E-04
 -2.2115E+01  6.4956E-04
 -2.2103E+01  6.9719E-04
 -2.2091E+01  7.3260E-04
 -2.2079E+01  7.5122E-04
 -2.2067E+01  7.5009E-04
 -2.2055E+01  7.2815E-04
 -2.2043E+01  6.8639E-04
 -2.2031E+01  6.2773E-04
 -2.2019E+01  5.5688E-04
 -2.2007E+01  4.7990E-04
 -2.1996E+01  4.0376E-04
 -2.1984E+01  3.3571E-04
 -2.1972E+01  2.8267E-04
 -2.1960E+01  2.5064E-04
 -2.1948E+01  2.4411E-04
 -2.1936E+01  2.6564E-04
 -2.1924E+01  3.1565E-04
 -2.1912E+01  3.9227E-04
 -2.1900E+01  4.9155E-04
 -2.1888E+01  6.0773E-04
 -2.1876E+01  7.3380E-04
 -2.1865E+01  8.6214E-04
 -2.1853E+01  9.8519E-04
 -2.1841E+01  1.0963E-03
 -2.1829E+01  1.1904E-03
 -2.1817E+01  1.2646E-03
 -2.1805E+01  1.3188E-03
 -2.1793E+01  1.3557E-03
 -2.1781E+01  1.3812E-03
 -2.1769E+01  1.4039E-03
 -2.1757E+01  1.4346E-03
 -2.1745E+01  1.4860E-03
 -2.1734E+01  1.5712E-03
 -2.1722E+01  1.7032E-03
 -2.1710E+01  1.8936E-03
 -2.1698E+01  2.1514E-03
 -2.1686E+01  2.4825E-03
 -2.1674E+01  2.8886E-03
 -2.1662E+01  3.3671E-03
 -2.1650E+01  3.9105E-03
 -2.1638E+01  4.5067E-03
 -2.1626E+01  5.1394E-03
 -2.1614E+01  5.7889E-03
 -2.1603E+01  6.4328E-03
 -2.1591E+01  7.0475E-03
 -2.1579E+01  7.6091E-03
 -2.1567E+01  8.0949E-03
 -2.1555E+01  8.4849E-03
 -2.1543E+01  8.7628E-03
 -2.1531E+01  8.9168E-03
 -2.1519E+01  8.9408E-03
 -2.1507E+01  8.8343E-03
 -2.1495E+01  8.6025E-03
 -2.1483E+01  8.2561E-03
 -2.1472E+01  7.8105E-03
 -2.1460E+01  7.2846E-03
 -2.1448E+01  6.6998E-03
 -2.1436E+01  6.0788E-03
 -2.1424E+01  5.4440E-03
 -2.1412E+01  4.8167E-03
 -2.1400E+01  4.2158E-03
 -2.1388E+01  3.6568E-03
 -2.1376E+01  3.1518E-03
 -2.1364E+01  2.7085E-03
 -2.1353E+01  2.3306E-03
 -2.1341E+01  2.0178E-03
 -2.1329E+01  1.7664E-03
 -2.1317E+01  1.5699E-03
 -2.1305E+01  1.4194E-03
 -2.1293E+01  1.3053E-03
 -2.1281E+01  1.2172E-03
 -2.1269E+01  1.1453E-03
 -2.1257E+01  1.0809E-03
 -2.1245E+01  1.0171E-03
 -2.1233E+01  9.4877E-04
 -2.1222E+01  8.7307E-04
 -2.1210E+01  7.8923E-04
 -2.1198E+01  6.9834E-04
 -2.1186E+01  6.0300E-04
 -2.1174E+01  5.0686E-04
 -2.1162E+01  4.1412E-04
 -2.1150E+01  3.2902E-04
 -2.1138E+01  2.5538E-04
 -2.1126E+01  1.9617E-04
 -2.1114E+01  1.5328E-04
 -2.1102E+01  1.2734E-04
 -2.1091E+01  1.1768E-04
 -2.1079E+01  1.2243E-04
 -2.1067E+01  1.3875E-04
 -2.1055E+01  1.6310E-04
 -2.1043E+01  1.9159E-04
 -2.1031E+01  2.2033E-04
 -2.1019E+01  2.4580E-04
 -2.1007E+01  2.6510E-04
 -2.0995E+01  2.7620E-04
 -2.0983E+01  2.7805E-04
 -2.0971E+01  2.7061E-04
 -2.0960E+01  2.5477E-04
 -2.0948E+01  2.3226E-04
 -2.0936E+01  2.0537E-04
 -2.0924E+01  1.7675E-04
 -2.0912E+01  1.4912E-04
 -2.0900E+01  1.2503E-04
 -2.0888E+01  1.0661E-04
 -2.0876E+01  9.5379E-05
 -2.0864E+01  9.2163E-05
 -2.0852E+01  9.7029E-05
 -2.0840E+01  1.0932E-04
 -2.0829E+01  1.2775E-04
 -2.0817E+01  1.5056E-04
 -2.0805E+01  1.7571E-04
 -2.0793E+01  2.0108E-04
 -2.0781E+01  2.2466E-04
 -2.0769E+01  2.4473E-04
 -2.0757E+01  2.6000E-04
 -2.0745E+01  2.6970E-04
 -2.0733E+01  2.7361E-04
 -2.0721E+01  2.7202E-04
 -2.0709E+01  2.6568E-04
 -2.0698E+01  2.5570E-04
 -2.0686E+01  2.4339E-04
 -2.0674E+01  2.3014E-04
 -2.0662E+01  2.1725E-04
 -2.0650E+01  2.0580E-04
 -2.0638E+01  1.9660E-04
 -2.0626E+01  1.9006E-04
 -2.0614E+01  1.8624E-04
 -2.0602E+01  1.8482E-04
 -2.0590E+01  1.8519E-04
 -2.0578E+01  1.8655E-04
 -2.0567E+01  1.8798E-04
 -2.0555E+01  1.8860E-04
 -2.0543E+01  1.8763E-04
 -2.0531E+01  1.8454E-04
 -2.0519E+01  1.7902E-04
 -2.0507E+01  1.7109E-04
 -2.0495E+01  1.6107E-04
 -2.0483E+01  1.4952E-04
 -2.0471E+01  1.3718E-04
 -2.0459E+01  1.2491E-04
 -2.0447E+01  1.1357E-04
 -2.0436E+01  1.0393E-04
 -2.0424E+01  9.6560E-05
 -2.0412E+01  9.1821E-05
 -2.0400E+01  8.9770E-05
 -2.0388E+01  9.0183E-05
 -2.0376E+01  9.2573E-05
 -2.0364E+01  9.6248E-05
 -2.0352E+01  1.0039E-04
 -2.0340E+01  1.0415E-04
 -2.0328E+01  1.0673E-04
 -2.0316E+01  1.0749E-04
 -2.0305E+01  1.0603E-04
 -2.0293E+01  1.0222E-04
 -2.0281E+01  9.6221E-05
 -2.0269E+01  8.8508E-05
 -2.0257E+01  7.9794E-05
 -2.0245E+01  7.0983E-05
 -2.0233E+01  6.3075E-05
 -2.0221E+01  5.7061E-05
 -2.0209E+01  5.3824E-05
 -2.0197E+01  5.4037E-05
 -2.0185E+01  5.8090E-05
 -2.0174E+01  6.6033E-05
 -2.0162E+01  7.7563E-05
 -2.0150E+01  9.2036E-05
 -2.0138E+01  1.0852E-04
 -2.0126E+01  1.2586E-04
 -2.0114E+01  1.4282E-04
 -2.0102E+01  1.5813E-04
 -2.0090E+01  1.7066E-04
 -2.0078E+01  1.7949E-04
 -2.0066E+01  1.8401E-04
 -2.0054E+01  1.8399E-04
 -2.0043E+01  1.7959E-04
 -2.0031E+01  1.7137E-04
 -2.0019E+01  1.6026E-04
 -2.0007E+01  1.4746E-04
 -1.9995E+01  1.3438E-04
 -1.9983E+01  1.2250E-04
 -1.9971E+01  1.1327E-04
 -1.9959E+01  1.0798E-04
 -1.9947E+01  1.0767E-04
 -1.9935E+01  1.1301E-04
 -1.9923E+01  1.2432E-04
 -1.9912E+01  1.4151E-04
 -1.9900E+01  1.6409E-04
 -1.9888E+01  1.9125E-04
 -1.9876E+01  2.2193E-04
 -1.9864E+01  2.5487E-04
 -1.9852E+01  2.8876E-04
 -1.9840E+01  3.2231E-04
 -1.9828E+01  3.5435E-04
 -1.9816E+01  3.8390E-04
 -1.9804E+01  4.1021E-04
 -1.9792E+01  4.3282E-04
 -1.9781E+01  4.5155E-04
 -1.9769E+01  4.6645E-04
 -1.9757E+01  4.7782E-04
 -1.9745E+01  4.8608E-04
 -1.9733E+01  4.9176E-04
 -1.9721E+01  4.9539E-04
 -1.9709E+01  4.9745E-04
 -1.9697E+01  4.9833E-04
 -1.9685E+01  4.9826E-04
 -1.9673E+01  4.9732E-04
 -1.9661E+01  4.9545E-04
 -1.9650E+01  4.9243E-04
 -1.9638E+01  4.8797E-04
 -1.9626E+01  4.8173E-04
 -1.9614E+01  4.7337E-04
 -1.9602E+01  4.6261E-04
 -1.9590E+01  4.4929E-04
 -1.9578E+01  4.3338E-04
 -1.9566E+01  4.1500E-04
 -1.9554E+01  3.9444E-04
 -1.9542E+01  3.7212E-04
 -1.9530E+01  3.4859E-04
 -1.9519E+01  3.2444E-04
 -1.9507E+01  3.0028E-04
 -1.9495E+01  2.7671E-04
 -1.9483E+01  2.5420E-04
 -1.9471E+01  2.3315E-04
 -1.9459E+01  2.1380E-04
 -1.9447E+01  1.9625E-04
 -1.9435E+01  1.8047E-04
 -1.9423E+01  1.6631E-04
 -1.9411E+01  1.5356E-04
 -1.9399E+01  1.4197E-04
 -1.9388E+01  1.3130E-04
 -1.9376E+01  1.2136E-04
 -1.9364E+01  1.1203E-04
 -1.9352E+01  1.0332E-04
 -1.9340E+01  9.5301E-05
 -1.9328E+01  8.8163E-05
 -1.9316E+01  8.2154E-05
 -1.9304E+01  7.7556E-05
 -1.9292E+01  7.4638E-05
 -1.9280E+01  7.3610E-05
 -1.9268E+01  7.4585E-05
 -1.9257E+01  7.7545E-05
 -1.9245E+01  8.2319E-05
 -1.9233E+01  8.8583E-05
 -1.9221E+01  9.5867E-05
 -1.9209E+01  1.0360E-04
 -1.9197E+01  1.1112E-04
 -1.9185E+01  1.1779E-04
 -1.9173E+01  1.2299E-04
 -1.9161E+01  1.2622E-04
 -1.9149E+01  1.2717E-04
 -1.9137E+01  1.2569E-04
 -1.9126E+01  1.2192E-04
 -1.9114E+01  1.1622E-04
 -1.9102E+01  1.0917E-04
 -1.9090E+01  1.0157E-04
 -1.9078E+01  9.4341E-05
 -1.9066E+01  8.8474E-05
 -1.9054E+01  8.4959E-05
 -1.9042E+01  8.4698E-05
 -1.9030E+01  8.8442E-05
 -1.9018E+01  9.6725E-05
 -1.9006E+01  1.0983E-04
 -1.8995E+01  1.2778E-04
 -1.8983E+01  1.5031E-04
 -1.8971E+01  1.7693E-04
 -1.8959E+01  2.0695E-04
 -1.8947E+01  2.3953E-04
 -1.8935E+01  2.7376E-04
 -1.8923E+01  3.0873E-04
 -1.8911E+01  3.4361E-04
 -1.8899E+01  3.7766E-04
 -1.8887E+01  4.1035E-04
 -1.8875E+01  4.4132E-04
 -1.8864E+01  4.7041E-04
 -1.8852E+01  4.9768E-04
 -1.8840E+01  5.2330E-04
 -1.8828E+01  5.4757E-04
 -1.8816E+01  5.7083E-04
 -1.8804E+01  5.9340E-04
 -1.8792E+01  6.1552E-04
 -1.8780E+01  6.3730E-04
 -1.8768E+01  6.5870E-04
 -1.8756E+01  6.7949E-04
 -1.8744E+01  6.9925E-04
 -1.8733E+01  7.1740E-04
 -1.8721E+01  7.3325E-04
 -1.8709E+01  7.4603E-04
 -1.8697E+01  7.5494E-04
 -1.8685E+01  7.5925E-04
 -1.8673E+01  7.5835E-04
 -1.8661E+01  7.5177E-04
 -1.8649E+01  7.3926E-04
 -1.8637E+01  7.2082E-04
 -1.8625E+01  6.9664E-04
 -1.8613E+01  6.6718E-04
 -1.8602E+01  6.3308E-04
 -1.8590E+01  5.9512E-04
 -1.8578E+01  5.5421E-04
 -1.8566E+01  5.1132E-04
 -1.8554E+01  4.6746E-04
 -1.8542E+01  4.2358E-04
 -1.8530E+01  3.8062E-04
 -1.8518E+01  3.3943E-04
 -1.8506E+01  3.0078E-04
 -1.8494E+01  2.6532E-04
 -1.8482E+01  2.3361E-04
 -1.8471E+01  2.0612E-04
 -1.8459E+01  1.8317E-04
 -1.8447E+01  1.6498E-04
 -1.8435E+01  1.5164E-04
 -1.8423E+01  1.4310E-04
 -1.8411E+01  1.3914E-04
 -1.8399E+01  1.3942E-04
 -1.8387E+01  1.4339E-04
 -1.8375E+01  1.5038E-04
 -1.8363E+01  1.5955E-04
 -1.8351E+01  1.6996E-04
 -1.8340E+01  1.8059E-04
 -1.8328E+01  1.9038E-04
 -1.8316E+01  1.9831E-04
 -1.8304E+01  2.0349E-04
 -1.8292E+01  2.0518E-04
 -1.8280E+01  2.0290E-04
 -1.8268E+01  1.9649E-04
 -1.8256E+01  1.8612E-04
 -1.8244E+01  1.7236E-04
 -1.8232E+01  1.5611E-04
 -1.8220E+01  1.3859E-04
 -1.8209E+01  1.2126E-04
 -1.8197E+01  1.0570E-04
 -1.8185E+01  9.3522E-05
 -1.8173E+01  8.6182E-05
 -1.8161E+01  8.4893E-05
 -1.8149E+01  9.0486E-05
 -1.8137E+01  1.0333E-04
 -1.8125E+01  1.2327E-04
 -1.8113E+01  1.4964E-04
 -1.8101E+01  1.8128E-04
 -1.8089E+01  2.1662E-04
 -1.8078E+01  2.5386E-04
 -1.8066E+01  2.9107E-04
 -1.8054E+01  3.2641E-04
 -1.8042E+01  3.5832E-04
 -1.8030E+01  3.8571E-04
 -1.8018E+01  4.0807E-04
 -1.8006E+01  4.2564E-04
 -1.7994E+01  4.3935E-04
 -1.7982E+01  4.5087E-04
 -1.7970E+01  4.6249E-04
 -1.7958E+01  4.7688E-04
 -1.7947E+01  4.9693E-04
 -1.7935E+01  5.2543E-04
 -1.7923E+01  5.6482E-04
 -1.7911E+01  6.1688E-04
 -1.7899E+01  6.8248E-04
 -1.7887E+01  7.6143E-04
 -1.7875E+01  8.5237E-04
 -1.7863E+01  9.5273E-04
 -1.7851E+01  1.0588E-03
 -1.7839E+01  1.1660E-03
 -1.7827E+01  1.2691E-03
 -1.7816E+01  1.3625E-03
 -1.7804E+01  1.4407E-03
 -1.7792E+01  1.4989E-03
 -1.7780E+01  1.5330E-03
 -1.7768E+01  1.5404E-03
 -1.7756E+01  1.5199E-03
 -1.7744E+01  1.4721E-03
 -1.7732E+01  1.3992E-03
 -1.7720E+01  1.3049E-03
 -1.7708E+01  1.1944E-03
 -1.7696E+01  1.0739E-03
 -1.7685E+01  9.4976E-04
 -1.7673E+01  8.2875E-04
 -1.7661E+01  7.1701E-04
 -1.7649E+01  6.1984E-04
 -1.7637E+01  5.4125E-04
 -1.7625E+01  4.8374E-04
 -1.7613E+01  4.4808E-04
 -1.7601E+01  4.3332E-04
 -1.7589E+01  4.3694E-04
 -1.7577E+01  4.5502E-04
 -1.7565E+01  4.8270E-04
 -1.7554E+01  5.1455E-04
 -1.7542E+01  5.4511E-04
 -1.7530E+01  5.6936E-04
 -1.7518E+01  5.8314E-04
 -1.7506E+01  5.8359E-04
 -1.7494E+01  5.6930E-04
 -1.7482E+01  5.4045E-04
 -1.7470E+01  4.9877E-04
 -1.7458E+01  4.4733E-04
 -1.7446E+01  3.9027E-04
 -1.7435E+01  3.3235E-04
 -1.7423E+01  2.7854E-04
 -1.7411E+01  2.3353E-04
 -1.7399E+01  2.0128E-04
 -1.7387E+01  1.8467E-04
 -1.7375E+01  1.8520E-04
 -1.7363E+01  2.0287E-04
 -1.7351E+01  2.3611E-04
 -1.7339E+01  2.8200E-04
 -1.7327E+01  3.3649E-04
 -1.7315E+01  3.9479E-04
 -1.7304E+01  4.5186E-04
 -1.7292E+01  5.0285E-04
 -1.7280E+01  5.4361E-04
 -1.7268E+01  5.7106E-04
 -1.7256E+01  5.8352E-04
 -1.7244E+01  5.8085E-04
 -1.7232E+01  5.6454E-04
 -1.7220E+01  5.3754E-04
 -1.7208E+01  5.0404E-04
 -1.7196E+01  4.6914E-04
 -1.7184E+01  4.3836E-04
 -1.7173E+01  4.1722E-04
 -1.7161E+01  4.1073E-04
 -1.7149E+01  4.2299E-04
 -1.7137E+01  4.5680E-04
 -1.7125E+01  5.1345E-04
 -1.7113E+01  5.9261E-04
 -1.7101E+01  6.9237E-04
 -1.7089E+01  8.0947E-04
 -1.7077E+01  9.3953E-04
 -1.7065E+01  1.0775E-03
 -1.7053E+01  1.2181E-03
 -1.7042E+01  1.3563E-03
 -1.7030E+01  1.4875E-03
 -1.7018E+01  1.6082E-03
 -1.7006E+01  1.7159E-03
 -1.6994E+01  1.8094E-03
 -1.6982E+01  1.8887E-03
 -1.6970E+01  1.9546E-03
 -1.6958E+01  2.0091E-03
 -1.6946E+01  2.0542E-03
 -1.6934E+01  2.0924E-03
 -1.6922E+01  2.1256E-03
 -1.6911E+01  2.1554E-03
 -1.6899E+01  2.1824E-03
 -1.6887E+01  2.2065E-03
 -1.6875E+01  2.2265E-03
 -1.6863E+01  2.2402E-03
 -1.6851E+01  2.2451E-03
 -1.6839E+01  2.2381E-03
 -1.6827E+01  2.2160E-03
 -1.6815E+01  2.1764E-03
 -1.6803E+01  2.1171E-03
 -1.6791E+01  2.0374E-03
 -1.6780E+01  1.9374E-03
 -1.6768E+01  1.8189E-03
 -1.6756E+01  1.6847E-03
 -1.6744E+01  1.5391E-03
 -1.6732E+01  1.3871E-03
 -1.6720E+01  1.2342E-03
 -1.6708E+01  1.0862E-03
 -1.6696E+01  9.4838E-04
 -1.6684E+01  8.2549E-04
 -1.6672E+01  7.2098E-04
 -1.6660E+01  6.3694E-04
 -1.6649E+01  5.7391E-04
 -1.6637E+01  5.3086E-04
 -1.6625E+01  5.0537E-04
 -1.6613E+01  4.9387E-04
 -1.6601E+01  4.9205E-04
 -1.6589E+01  4.9530E-04
 -1.6577E+01  4.9914E-04
 -1.6565E+01  4.9973E-04
 -1.6553E+01  4.9414E-04
 -1.6541E+01  4.8069E-04
 -1.6529E+01  4.5907E-04
 -1.6518E+01  4.3031E-04
 -1.6506E+01  3.9663E-04
 -1.6494E+01  3.6120E-04
 -1.6482E+01  3.2774E-04
 -1.6470E+01  3.0009E-04
 -1.6458E+01  2.8175E-04
 -1.6446E+01  2.7547E-04
 -1.6434E+01  2.8288E-04
 -1.6422E+01  3.0428E-04
 -1.6410E+01  3.3853E-04
 -1.6398E+01  3.8314E-04
 -1.6387E+01  4.3447E-04
 -1.6375E+01  4.8804E-04
 -1.6363E+01  5.3902E-04
 -1.6351E+01  5.8264E-04
 -1.6339E+01  6.1473E-04
 -1.6327E+01  6.3213E-04
 -1.6315E+01  6.3303E-04
 -1.6303E+01  6.1722E-04
 -1.6291E+01  5.8613E-04
 -1.6279E+01  5.4281E-04
 -1.6267E+01  4.9163E-04
 -1.6256E+01  4.3797E-04
 -1.6244E+01  3.8768E-04
 -1.6232E+01  3.4663E-04
 -1.6220E+01  3.2009E-04
 -1.6208E+01  3.1231E-04
 -1.6196E+01  3.2609E-04
 -1.6184E+01  3.6259E-04
 -1.6172E+01  4.2121E-04
 -1.6160E+01  4.9971E-04
 -1.6148E+01  5.9445E-04
 -1.6136E+01  7.0080E-04
 -1.6125E+01  8.1361E-04
 -1.6113E+01  9.2772E-04
 -1.6101E+01  1.0385E-03
 -1.6089E+01  1.1421E-03
 -1.6077E+01  1.2362E-03
 -1.6065E+01  1.3198E-03
 -1.6053E+01  1.3934E-03
 -1.6041E+01  1.4588E-03
 -1.6029E+01  1.5190E-03
 -1.6017E+01  1.5775E-03
 -1.6005E+01  1.6379E-03
 -1.5994E+01  1.7034E-03
 -1.5982E+01  1.7763E-03
 -1.5970E+01  1.8573E-03
 -1.5958E+01  1.9458E-03
 -1.5946E+01  2.0389E-03
 -1.5934E+01  2.1326E-03
 -1.5922E+01  2.2211E-03
 -1.5910E+01  2.2977E-03
 -1.5898E+01  2.3555E-03
 -1.5886E+01  2.3877E-03
 -1.5874E+01  2.3888E-03
 -1.5863E+01  2.3546E-03
 -1.5851E+01  2.2832E-03
 -1.5839E+01  2.1753E-03
 -1.5827E+01  2.0342E-03
 -1.5815E+01  1.8656E-03
 -1.5803E+01  1.6777E-03
 -1.5791E+01  1.4801E-03
 -1.5779E+01  1.2834E-03
 -1.5767E+01  1.0981E-03
 -1.5755E+01  9.3394E-04
 -1.5743E+01  7.9889E-04
 -1.5732E+01  6.9855E-04
 -1.5720E+01  6.3563E-04
 -1.5708E+01  6.0979E-04
 -1.5696E+01  6.1767E-04
 -1.5684E+01  6.5323E-04
 -1.5672E+01  7.0832E-04
 -1.5660E+01  7.7347E-04
 -1.5648E+01  8.3875E-04
 -1.5636E+01  8.9468E-04
 -1.5624E+01  9.3314E-04
 -1.5612E+01  9.4814E-04
 -1.5601E+01  9.3633E-04
 -1.5589E+01  8.9735E-04
 -1.5577E+01  8.3378E-04
 -1.5565E+01  7.5093E-04
 -1.5553E+01  6.5623E-04
 -1.5541E+01  5.5843E-04
 -1.5529E+01  4.6675E-04
 -1.5517E+01  3.8985E-04
 -1.5505E+01  3.3499E-04
 -1.5493E+01  3.0720E-04
 -1.5481E+01  3.0881E-04
 -1.5470E+01  3.3915E-04
 -1.5458E+01  3.9461E-04
 -1.5446E+01  4.6899E-04
 -1.5434E+01  5.5408E-04
 -1.5422E+01  6.4054E-04
 -1.5410E+01  7.1875E-04
 -1.5398E+01  7.7992E-04
 -1.5386E+01  8.1694E-04
 -1.5374E+01  8.2521E-04
 -1.5362E+01  8.0314E-04
 -1.5350E+01  7.5245E-04
 -1.5339E+01  6.7799E-04
 -1.5327E+01  5.8733E-04
 -1.5315E+01  4.9002E-04
 -1.5303E+01  3.9663E-04
 -1.5291E+01  3.1761E-04
 -1.5279E+01  2.6225E-04
 -1.5267E+01  2.3763E-04
 -1.5255E+01  2.4785E-04
 -1.5243E+01  2.9353E-04
 -1.5231E+01  3.7167E-04
 -1.5219E+01  4.7586E-04
 -1.5208E+01  5.9687E-04
 -1.5196E+01  7.2353E-04
 -1.5184E+01  8.4391E-04
 -1.5172E+01  9.4656E-04
 -1.5160E+01  1.0218E-03
 -1.5148E+01  1.0628E-03
 -1.5136E+01  1.0665E-03
 -1.5124E+01  1.0344E-03
 -1.5112E+01  9.7222E-04
 -1.5100E+01  8.8967E-04
 -1.5088E+01  7.9980E-04
 -1.5077E+01  7.1760E-04
 -1.5065E+01  6.5858E-04
 -1.5053E+01  6.3718E-04
 -1.5041E+01  6.6518E-04
 -1.5029E+01  7.5030E-04
 -1.5017E+01  8.9517E-04
 -1.5005E+01  1.0967E-03
 -1.4993E+01  1.3460E-03
 -1.4981E+01  1.6288E-03
 -1.4969E+01  1.9266E-03
 -1.4957E+01  2.2179E-03
 -1.4946E+01  2.4804E-03
 -1.4934E+01  2.6926E-03
 -1.4922E+01  2.8366E-03
 -1.4910E+01  2.8992E-03
 -1.4898E+01  2.8740E-03
 -1.4886E+01  2.7620E-03
 -1.4874E+01  2.5722E-03
 -1.4862E+01  2.3208E-03
 -1.4850E+01  2.0300E-03
 -1.4838E+01  1.7265E-03
 -1.4826E+01  1.4390E-03
 -1.4815E+01  1.1957E-03
 -1.4803E+01  1.0215E-03
 -1.4791E+01  9.3626E-04
 -1.4779E+01  9.5198E-04
 -1.4767E+01  1.0720E-03
 -1.4755E+01  1.2901E-03
 -1.4743E+01  1.5909E-03
 -1.4731E+01  1.9507E-03
 -1.4719E+01  2.3396E-03
 -1.4707E+01  2.7241E-03
 -1.4695E+01  3.0699E-03
 -1.4684E+01  3.3457E-03
 -1.4672E+01  3.5258E-03
 -1.4660E+01  3.5932E-03
 -1.4648E+01  3.5419E-03
 -1.4636E+01  3.3775E-03
 -1.4624E+01  3.1177E-03
 -1.4612E+01  2.7909E-03
 -1.4600E+01  2.4346E-03
 -1.4588E+01  2.0920E-03
 -1.4576E+01  1.8089E-03
 -1.4564E+01  1.6294E-03
 -1.4553E+01  1.5918E-03
 -1.4541E+01  1.7257E-03
 -1.4529E+01  2.0484E-03
 -1.4517E+01  2.5633E-03
 -1.4505E+01  3.2591E-03
 -1.4493E+01  4.1107E-03
 -1.4481E+01  5.0808E-03
 -1.4469E+01  6.1242E-03
 -1.4457E+01  7.1917E-03
 -1.4445E+01  8.2358E-03
 -1.4433E+01  9.2161E-03
 -1.4422E+01  1.0105E-02
 -1.4410E+01  1.0892E-02
 -1.4398E+01  1.1586E-02
 -1.4386E+01  1.2222E-02
 -1.4374E+01  1.2855E-02
 -1.4362E+01  1.3561E-02
 -1.4350E+01  1.4434E-02
 -1.4338E+01  1.5581E-02
 -1.4326E+01  1.7112E-02
 -1.4314E+01  1.9133E-02
 -1.4302E+01  2.1741E-02
 -1.4291E+01  2.5010E-02
 -1.4279E+01  2.8986E-02
 -1.4267E+01  3.3681E-02
 -1.4255E+01  3.9066E-02
 -1.4243E+01  4.5070E-02
 -1.4231E+01  5.1583E-02
 -1.4219E+01  5.8454E-02
 -1.4207E+01  6.5505E-02
 -1.4195E+01  7.2529E-02
 -1.4183E+01  7.9310E-02
 -1.4171E+01  8.5627E-02
 -1.4160E+01  9.1266E-02
 -1.4148E+01  9.6031E-02
 -1.4136E+01  9.9755E-02
 -1.4124E+01  1.0231E-01
 -1.4112E+01  1.0360E-01
 -1.4100E+01  1.0358E-01
 -1.4088E+01  1.0226E-01
 -1.4076E+01  9.9701E-02
 -1.4064E+01  9.5993E-02
 -1.4052E+01  9.1277E-02
 -1.4040E+01  8.5728E-02
 -1.4029E+01  7.9540E-02
 -1.4017E+01  7.2923E-02
 -1.4005E+01  6.6087E-02
 -1.3993E+01  5.9236E-02
 -1.3981E+01  5.2553E-02
 -1.3969E+01  4.6198E-02
 -1.3957E+01  4.0295E-02
 -1.3945E+01  3.4938E-02
 -1.3933E+01  3.0181E-02
 -1.3921E+01  2.6045E-02
 -1.3909E+01  2.2520E-02
 -1.3898E+01  1.9571E-02
 -1.3886E+01  1.7140E-02
 -1.3874E+01  1.5156E-02
 -1.3862E+01  1.3541E-02
 -1.3850E+01  1.2215E-02
 -1.3838E+01  1.1103E-02
 -1.3826E+01  1.0136E-02
 -1.3814E+01  9.2591E-03
 -1.3802E+01  8.4291E-03
 -1.3790E+01  7.6181E-03
 -1.3778E+01  6.8114E-03
 -1.3767E+01  6.0068E-03
 -1.3755E+01  5.2116E-03
 -1.3743E+01  4.4400E-03
 -1.3731E+01  3.7101E-03
 -1.3719E+01  3.0408E-03
 -1.3707E+01  2.4491E-03
 -1.3695E+01  1.9484E-03
 -1.3683E+01  1.5464E-03
 -1.3671E+01  1.2450E-03
 -1.3659E+01  1.0399E-03
 -1.3647E+01  9.2109E-04
 -1.3636E+01  8.7425E-04
 -1.3624E+01  8.8187E-04
 -1.3612E+01  9.2500E-04
 -1.3600E+01  9.8488E-04
 -1.3588E+01  1.0444E-03
 -1.3576E+01  1.0896E-03
 -1.3564E+01  1.1100E-03
 -1.3552E+01  1.0999E-03
 -1.3540E+01  1.0575E-03
 -1.3528E+01  9.8516E-04
 -1.3517E+01  8.8859E-04
 -1.3505E+01  7.7571E-04
 -1.3493E+01  6.5573E-04
 -1.3481E+01  5.3810E-04
 -1.3469E+01  4.3151E-04
 -1.3457E+01  3.4311E-04
 -1.3445E+01  2.7794E-04
 -1.3433E+01  2.3862E-04
 -1.3421E+01  2.2533E-04
 -1.3409E+01  2.3598E-04
 -1.3397E+01  2.6663E-04
 -1.3386E+01  3.1207E-04
 -1.3374E+01  3.6639E-04
 -1.3362E+01  4.2371E-04
 -1.3350E+01  4.7869E-04
 -1.3338E+01  5.2706E-04
 -1.3326E+01  5.6587E-04
 -1.3314E+01  5.9371E-04
 -1.3302E+01  6.1058E-04
 -1.3290E+01  6.1778E-04
 -1.3278E+01  6.1756E-04
 -1.3266E+01  6.1270E-04
 -1.3255E+01  6.0615E-04
 -1.3243E+01  6.0060E-04
 -1.3231E+01  5.9815E-04
 -1.3219E+01  6.0006E-04
 -1.3207E+01  6.0666E-04
 -1.3195E+01  6.1730E-04
 -1.3183E+01  6.3047E-04
 -1.3171E+01  6.4402E-04
 -1.3159E+01  6.5544E-04
 -1.3147E+01  6.6215E-04
 -1.3135E+01  6.6184E-04
 -1.3124E+01  6.5272E-04
 -1.3112E+01  6.3373E-04
 -1.3100E+01  6.0471E-04
 -1.3088E+01  5.6635E-04
 -1.3076E+01  5.2016E-04
 -1.3064E+01  4.6832E-04
 -1.3052E+01  4.1344E-04
 -1.3040E+01  3.5832E-04
 -1.3028E+01  3.0568E-04
 -1.3016E+01  2.5793E-04
 -1.3004E+01  2.1694E-04
 -1.2993E+01  1.8392E-04
 -1.2981E+01  1.5932E-04
 -1.2969E+01  1.4285E-04
 -1.2957E+01  1.3358E-04
 -1.2945E+01  1.3003E-04
 -1.2933E+01  1.3037E-04
 -1.2921E+01  1.3264E-04
 -1.2909E+01  1.3498E-04
 -1.2897E+01  1.3577E-04
 -1.2885E+01  1.3382E-04
 -1.2873E+01  1.2844E-04
 -1.2862E+01  1.1952E-04
 -1.2850E+01  1.0743E-04
 -1.2838E+01  9.3000E-05
 -1.2826E+01  7.7378E-05
 -1.2814E+01  6.1863E-05
 -1.2802E+01  4.7763E-05
 -1.2790E+01  3.6237E-05
 -1.2778E+01  2.8168E-05
 -1.2766E+01  2.4073E-05
 -1.2754E+01  2.4054E-05
 -1.2742E+01  2.7802E-05
 -1.2731E+01  3.4643E-05
 -1.2719E+01  4.3621E-05
 -1.2707E+01  5.3617E-05
 -1.2695E+01  6.3477E-05
 -1.2683E+01  7.2143E-05
 -1.2671E+01  7.8766E-05
 -1.2659E+01  8.2796E-05
 -1.2647E+01  8.4035E-05
 -1.2635E+01  8.2648E-05
 -1.2623E+01  7.9139E-05
 -1.2611E+01  7.4287E-05
 -1.2600E+01  6.9061E-05
 -1.2588E+01  6.4516E-05
 -1.2576E+01  6.1683E-05
 -1.2564E+01  6.1467E-05
 -1.2552E+01  6.4560E-05
 -1.2540E+01  7.1381E-05
 -1.2528E+01  8.2035E-05
 -1.2516E+01  9.6320E-05
 -1.2504E+01  1.1375E-04
 -1.2492E+01  1.3360E-04
 -1.2480E+01  1.5501E-04
 -1.2469E+01  1.7704E-04
 -1.2457E+01  1.9876E-04
 -1.2445E+01  2.1933E-04
 -1.2433E+01  2.3807E-04
 -1.2421E+01  2.5451E-04
 -1.2409E+01  2.6835E-04
 -1.2397E+01  2.7951E-04
 -1.2385E+01  2.8810E-04
 -1.2373E+01  2.9435E-04
 -1.2361E+01  2.9856E-04
 -1.2349E+01  3.0108E-04
 -1.2338E+01  3.0225E-04
 -1.2326E+01  3.0234E-04
 -1.2314E+01  3.0157E-04
 -1.2302E+01  3.0005E-04
 -1.2290E+01  2.9784E-04
 -1.2278E+01  2.9491E-04
 -1.2266E+01  2.9121E-04
 -1.2254E+01  2.8667E-04
 -1.2242E+01  2.8125E-04
 -1.2230E+01  2.7492E-04
 -1.2218E+01  2.6771E-04
 -1.2207E+01  2.5972E-04
 -1.2195E+01  2.5107E-04
 -1.2183E+01  2.4192E-04
 -1.2171E+01  2.3240E-04
 -1.2159E+01  2.2267E-04
 -1.2147E+01  2.1282E-04
 -1.2135E+01  2.0289E-04
 -1.2123E+01  1.9286E-04
 -1.2111E+01  1.8266E-04
 -1.2099E+01  1.7217E-04
 -1.2087E+01  1.6129E-04
 -1.2076E+01  1.4989E-04
 -1.2064E+01  1.3795E-04
 -1.2052E+01  1.2550E-04
 -1.2040E+01  1.1269E-04
 -1.2028E+01  9.9773E-05
 -1.2016E+01  8.7138E-05
 -1.2004E+01  7.5246E-05
 -1.1992E+01  6.4613E-05
 -1.1980E+01  5.5757E-05
 -1.1968E+01  4.9141E-05
 -1.1956E+01  4.5117E-05
 -1.1945E+01  4.3875E-05
 -1.1933E+01  4.5402E-05
 -1.1921E+01  4.9466E-05
 -1.1909E+01  5.5611E-05
 -1.1897E+01  6.3188E-05
 -1.1885E+01  7.1398E-05
 -1.1873E+01  7.9364E-05
 -1.1861E+01  8.6212E-05
 -1.1849E+01  9.1159E-05
 -1.1837E+01  9.3599E-05
 -1.1825E+01  9.3175E-05
 -1.1814E+01  8.9825E-05
 -1.1802E+01  8.3810E-05
 -1.1790E+01  7.5693E-05
 -1.1778E+01  6.6293E-05
 -1.1766E+01  5.6614E-05
 -1.1754E+01  4.7738E-05
 -1.1742E+01  4.0721E-05
 -1.1730E+01  3.6471E-05
 -1.1718E+01  3.5656E-05
 -1.1706E+01  3.8614E-05
 -1.1694E+01  4.5310E-05
 -1.1683E+01  5.5321E-05
 -1.1671E+01  6.7864E-05
 -1.1659E+01  8.1867E-05
 -1.1647E+01  9.6063E-05
 -1.1635E+01  1.0912E-04
 -1.1623E+01  1.1980E-04
 -1.1611E+01  1.2704E-04
 -1.1599E+01  1.3013E-04
 -1.1587E+01  1.2878E-04
 -1.1575E+01  1.2312E-04
 -1.1563E+01  1.1378E-04
 -1.1552E+01  1.0173E-04
 -1.1540E+01  8.8273E-05
 -1.1528E+01  7.4855E-05
 -1.1516E+01  6.2930E-05
 -1.1504E+01  5.3809E-05
 -1.1492E+01  4.8516E-05
 -1.1480E+01  4.7684E-05
 -1.1468E+01  5.1488E-05
 -1.1456E+01  5.9632E-05
 -1.1444E+01  7.1397E-05
 -1.1432E+01  8.5737E-05
 -1.1421E+01  1.0141E-04
 -1.1409E+01  1.1718E-04
 -1.1397E+01  1.3193E-04
 -1.1385E+01  1.4492E-04
 -1.1373E+01  1.5583E-04
 -1.1361E+01  1.6492E-04
 -1.1349E+01  1.7296E-04
 -1.1337E+01  1.8125E-04
 -1.1325E+01  1.9143E-04
 -1.1313E+01  2.0529E-04
 -1.1301E+01  2.2455E-04
 -1.1290E+01  2.5063E-04
 -1.1278E+01  2.8433E-04
 -1.1266E+01  3.2572E-04
 -1.1254E+01  3.7394E-04
 -1.1242E+01  4.2716E-04
 -1.1230E+01  4.8269E-04
 -1.1218E+01  5.3710E-04
 -1.1206E+01  5.8648E-04
 -1.1194E+01  6.2688E-04
 -1.1182E+01  6.5461E-04
 -1.1170E+01  6.6677E-04
 -1.1159E+01  6.6157E-04
 -1.1147E+01  6.3867E-04
 -1.1135E+01  5.9937E-04
 -1.1123E+01  5.4664E-04
 -1.1111E+01  4.8501E-04
 -1.1099E+01  4.2025E-04
 -1.1087E+01  3.5890E-04
 -1.1075E+01  3.0776E-04
 -1.1063E+01  2.7321E-04
 -1.1051E+01  2.6060E-04
 -1.1039E+01  2.7362E-04
 -1.1028E+01  3.1382E-04
 -1.1016E+01  3.8033E-04
 -1.1004E+01  4.6969E-04
 -1.0992E+01  5.7606E-04
 -1.0980E+01  6.9161E-04
 -1.0968E+01  8.0712E-04
 -1.0956E+01  9.1289E-04
 -1.0944E+01  9.9966E-04
 -1.0932E+01  1.0597E-03
 -1.0920E+01  1.0875E-03
 -1.0908E+01  1.0812E-03
 -1.0897E+01  1.0422E-03
 -1.0885E+01  9.7620E-04
 -1.0873E+01  8.9266E-04
 -1.0861E+01  8.0427E-04
 -1.0849E+01  7.2616E-04
 -1.0837E+01  6.7475E-04
 -1.0825E+01  6.6636E-04
 -1.0813E+01  7.1578E-04
 -1.0801E+01  8.3492E-04
 -1.0789E+01  1.0316E-03
 -1.0777E+01  1.3086E-03
 -1.0766E+01  1.6635E-03
 -1.0754E+01  2.0884E-03
 -1.0742E+01  2.5709E-03
 -1.0730E+01  3.0955E-03
 -1.0718E+01  3.6448E-03
 -1.0706E+01  4.2027E-03
 -1.0694E+01  4.7557E-03
 -1.0682E+01  5.2959E-03
 -1.0670E+01  5.8230E-03
 -1.0658E+01  6.3461E-03
 -1.0646E+01  6.8843E-03
 -1.0635E+01  7.4671E-03
 -1.0623E+01  8.1340E-03
 -1.0611E+01  8.9320E-03
 -1.0599E+01  9.9136E-03
 -1.0587E+01  1.1133E-02
 -1.0575E+01  1.2642E-02
 -1.0563E+01  1.4486E-02
 -1.0551E+01  1.6697E-02
 -1.0539E+01  1.9293E-02
 -1.0527E+01  2.2271E-02
 -1.0515E+01  2.5606E-02
 -1.0504E+01  2.9250E-02
 -1.0492E+01  3.3130E-02
 -1.0480E+01  3.7154E-02
 -1.0468E+01  4.1209E-02
 -1.0456E+01  4.5172E-02
 -1.0444E+01  4.8909E-02
 -1.0432E+01  5.2287E-02
 -1.0420E+01  5.5179E-02
 -1.0408E+01  5.7472E-02
 -1.0396E+01  5.9068E-02
 -1.0384E+01  5.9898E-02
 -1.0373E+01  5.9918E-02
 -1.0361E+01  5.9119E-02
 -1.0349E+01  5.7522E-02
 -1.0337E+01  5.5185E-02
 -1.0325E+01  5.2193E-02
 -1.0313E+01  4.8658E-02
 -1.0301E+01  4.4714E-02
 -1.0289E+01  4.0507E-02
 -1.0277E+01  3.6189E-02
 -1.0265E+01  3.1908E-02
 -1.0253E+01  2.7801E-02
 -1.0242E+01  2.3985E-02
 -1.0230E+01  2.0555E-02
 -1.0218E+01  1.7575E-02
 -1.0206E+01  1.5080E-02
 -1.0194E+01  1.3076E-02
 -1.0182E+01  1.1540E-02
 -1.0170E+01  1.0426E-02
 -1.0158E+01  9.6679E-03
 -1.0146E+01  9.1892E-03
 -1.0134E+01  8.9057E-03
 -1.0122E+01  8.7340E-03
 -1.0111E+01  8.5971E-03
 -1.0099E+01  8.4293E-03
 -1.0087E+01  8.1806E-03
 -1.0075E+01  7.8188E-03
 -1.0063E+01  7.3307E-03
 -1.0051E+01  6.7214E-03
 -1.0039E+01  6.0120E-03
 -1.0027E+01  5.2364E-03
 -1.0015E+01  4.4371E-03
 -1.0003E+01  3.6603E-03
 -9.9915E+00  2.9514E-03
 -9.9796E+00  2.3503E-03
 -9.9677E+00  1.8882E-03
 -9.9558E+00  1.5848E-03
 -9.9439E+00  1.4468E-03
 -9.9319E+00  1.4674E-03
 -9.9200E+00  1.6278E-03
 -9.9081E+00  1.8985E-03
 -9.8962E+00  2.2425E-03
 -9.8843E+00  2.6187E-03
 -9.8724E+00  2.9854E-03
 -9.8605E+00  3.3042E-03
 -9.8486E+00  3.5431E-03
 -9.8367E+00  3.6791E-03
 -9.8248E+00  3.7003E-03
 -9.8129E+00  3.6061E-03
 -9.8010E+00  3.4072E-03
 -9.7890E+00  3.1243E-03
 -9.7771E+00  2.7855E-03
 -9.7652E+00  2.4241E-03
 -9.7533E+00  2.0750E-03
 -9.7414E+00  1.7716E-03
 -9.7295E+00  1.5434E-03
 -9.7176E+00  1.4126E-03
 -9.7057E+00  1.3932E-03
 -9.6938E+00  1.4893E-03
 -9.6819E+00  1.6951E-03
 -9.6700E+00  1.9956E-03
 -9.6580E+00  2.3681E-03
 -9.6461E+00  2.7841E-03
 -9.6342E+00  3.2119E-03
 -9.6223E+00  3.6195E-03
 -9.6104E+00  3.9770E-03
 -9.5985E+00  4.2594E-03
 -9.5866E+00  4.4480E-03
 -9.5747E+00  4.5323E-03
 -9.5628E+00  4.5099E-03
 -9.5509E+00  4.3864E-03
 -9.5390E+00  4.1747E-03
 -9.5271E+00  3.8931E-03
 -9.5151E+00  3.5637E-03
 -9.5032E+00  3.2101E-03
 -9.4913E+00  2.8553E-03
 -9.4794E+00  2.5200E-03
 -9.4675E+00  2.2207E-03
 -9.4556E+00  1.9688E-03
 -9.4437E+00  1.7701E-03
 -9.4318E+00  1.6243E-03
 -9.4199E+00  1.5263E-03
 -9.4080E+00  1.4664E-03
 -9.3961E+00  1.4326E-03
 -9.3841E+00  1.4114E-03
 -9.3722E+00  1.3897E-03
 -9.3603E+00  1.3565E-03
 -9.3484E+00  1.3037E-03
 -9.3365E+00  1.2270E-03
 -9.3246E+00  1.1262E-03
 -9.3127E+00  1.0052E-03
 -9.3008E+00  8.7110E-04
 -9.2889E+00  7.3347E-04
 -9.2770E+00  6.0304E-04
 -9.2651E+00  4.9043E-04
 -9.2531E+00  4.0487E-04
 -9.2412E+00  3.5312E-04
 -9.2293E+00  3.3864E-04
 -9.2174E+00  3.6110E-04
 -9.2055E+00  4.1643E-04
 -9.1936E+00  4.9717E-04
 -9.1817E+00  5.9328E-04
 -9.1698E+00  6.9325E-04
 -9.1579E+00  7.8532E-04
 -9.1460E+00  8.5885E-04
 -9.1341E+00  9.0545E-04
 -9.1222E+00  9.2002E-04
 -9.1102E+00  9.0127E-04
 -9.0983E+00  8.5200E-04
 -9.0864E+00  7.7884E-04
 -9.0745E+00  6.9162E-04
 -9.0626E+00  6.0242E-04
 -9.0507E+00  5.2428E-04
 -9.0388E+00  4.6986E-04
 -9.0269E+00  4.5006E-04
 -9.0150E+00  4.7278E-04
 -9.0031E+00  5.4194E-04
 -8.9912E+00  6.5689E-04
 -8.9792E+00  8.1233E-04
 -8.9673E+00  9.9860E-04
 -8.9554E+00  1.2026E-03
 -8.9435E+00  1.4088E-03
 -8.9316E+00  1.6011E-03
 -8.9197E+00  1.7642E-03
 -8.9078E+00  1.8851E-03
 -8.8959E+00  1.9548E-03
 -8.8840E+00  1.9691E-03
 -8.8721E+00  1.9294E-03
 -8.8602E+00  1.8426E-03
 -8.8482E+00  1.7209E-03
 -8.8363E+00  1.5809E-03
 -8.8244E+00  1.4421E-03
 -8.8125E+00  1.3252E-03
 -8.8006E+00  1.2506E-03
 -8.7887E+00  1.2362E-03
 -8.7768E+00  1.2956E-03
 -8.7649E+00  1.4371E-03
 -8.7530E+00  1.6624E-03
 -8.7411E+00  1.9663E-03
 -8.7292E+00  2.3372E-03
 -8.7173E+00  2.7573E-03
 -8.7053E+00  3.2045E-03
 -8.6934E+00  3.6542E-03
 -8.6815E+00  4.0804E-03
 -8.6696E+00  4.4590E-03
 -8.6577E+00  4.7683E-03
 -8.6458E+00  4.9917E-03
 -8.6339E+00  5.1181E-03
 -8.6220E+00  5.1431E-03
 -8.6101E+00  5.0687E-03
 -8.5982E+00  4.9033E-03
 -8.5863E+00  4.6606E-03
 -8.5743E+00  4.3581E-03
 -8.5624E+00  4.0161E-03
 -8.5505E+00  3.6552E-03
 -8.5386E+00  3.2953E-03
 -8.5267E+00  2.9535E-03
 -8.5148E+00  2.6431E-03
 -8.5029E+00  2.3727E-03
 -8.4910E+00  2.1461E-03
 -8.4791E+00  1.9622E-03
 -8.4672E+00  1.8160E-03
 -8.4553E+00  1.6992E-03
 -8.4433E+00  1.6021E-03
 -8.4314E+00  1.5143E-03
 -8.4195E+00  1.4265E-03
 -8.4076E+00  1.3316E-03
 -8.3957E+00  1.2253E-03
 -8.3838E+00  1.1068E-03
 -8.3719E+00  9.7870E-04
 -8.3600E+00  8.4673E-04
 -8.3481E+00  7.1882E-04
 -8.3362E+00  6.0416E-04
 -8.3243E+00  5.1195E-04
 -8.3124E+00  4.5018E-04
 -8.3004E+00  4.2445E-04
 -8.2885E+00  4.3717E-04
 -8.2766E+00  4.8702E-04
 -8.2647E+00  5.6889E-04
 -8.2528E+00  6.7423E-04
 -8.2409E+00  7.9188E-04
 -8.2290E+00  9.0912E-04
 -8.2171E+00  1.0131E-03
 -8.2052E+00  1.0919E-03
 -8.1933E+00  1.1366E-03
 -8.1814E+00  1.1413E-03
 -8.1694E+00  1.1050E-03
 -8.1575E+00  1.0312E-03
 -8.1456E+00  9.2807E-04
 -8.1337E+00  8.0760E-04
 -8.1218E+00  6.8474E-04
 -8.1099E+00  5.7580E-04
 -8.0980E+00  4.9676E-04
 -8.0861E+00  4.6156E-04
 -8.0742E+00  4.8050E-04
 -8.0623E+00  5.5899E-04
 -8.0504E+00  6.9674E-04
 -8.0384E+00  8.8753E-04
 -8.0265E+00  1.1197E-03
 -8.0146E+00  1.3769E-03
 -8.0027E+00  1.6399E-03
 -7.9908E+00  1.8882E-03
 -7.9789E+00  2.1023E-03
 -7.9670E+00  2.2657E-03
 -7.9551E+00  2.3666E-03
 -7.9432E+00  2.3997E-03
 -7.9313E+00  2.3672E-03
 -7.9194E+00  2.2789E-03
 -7.9075E+00  2.1515E-03
 -7.8955E+00  2.0083E-03
 -7.8836E+00  1.8763E-03
 -7.8717E+00  1.7844E-03
 -7.8598E+00  1.7608E-03
 -7.8479E+00  1.8299E-03
 -7.8360E+00  2.0098E-03
 -7.8241E+00  2.3106E-03
 -7.8122E+00  2.7327E-03
 -7.8003E+00  3.2663E-03
 -7.7884E+00  3.8918E-03
 -7.7765E+00  4.5807E-03
 -7.7645E+00  5.2977E-03
 -7.7526E+00  6.0029E-03
 -7.7407E+00  6.6554E-03
 -7.7288E+00  7.2156E-03
 -7.7169E+00  7.6489E-03
 -7.7050E+00  7.9283E-03
 -7.6931E+00  8.0363E-03
 -7.6812E+00  7.9669E-03
 -7.6693E+00  7.7254E-03
 -7.6574E+00  7.3286E-03
 -7.6455E+00  6.8028E-03
 -7.6335E+00  6.1819E-03
 -7.6216E+00  5.5043E-03
 -7.6097E+00  4.8094E-03
 -7.5978E+00  4.1349E-03
 -7.5859E+00  3.5134E-03
 -7.5740E+00  2.9701E-03
 -7.5621E+00  2.5213E-03
 -7.5502E+00  2.1734E-03
 -7.5383E+00  1.9236E-03
 -7.5264E+00  1.7605E-03
 -7.5145E+00  1.6662E-03
 -7.5026E+00  1.6185E-03
 -7.4906E+00  1.5940E-03
 -7.4787E+00  1.5704E-03
 -7.4668E+00  1.5294E-03
 -7.4549E+00  1.4586E-03
 -7.4430E+00  1.3530E-03
 -7.4311E+00  1.2151E-03
 -7.4192E+00  1.0549E-03
 -7.4073E+00  8.8823E-04
 -7.3954E+00  7.3502E-04
 -7.3835E+00  6.1650E-04
 -7.3716E+00  5.5259E-04
 -7.3596E+00  5.5917E-04
 -7.3477E+00  6.4587E-04
 -7.3358E+00  8.1441E-04
 -7.3239E+00  1.0578E-03
 -7.3120E+00  1.3607E-03
 -7.3001E+00  1.7001E-03
 -7.2882E+00  2.0481E-03
 -7.2763E+00  2.3740E-03
 -7.2644E+00  2.6478E-03
 -7.2525E+00  2.8439E-03
 -7.2406E+00  2.9441E-03
 -7.2286E+00  2.9401E-03
 -7.2167E+00  2.8357E-03
 -7.2048E+00  2.6471E-03
 -7.1929E+00  2.4023E-03
 -7.1810E+00  2.1394E-03
 -7.1691E+00  1.9031E-03
 -7.1572E+00  1.7414E-03
 -7.1453E+00  1.7009E-03
 -7.1334E+00  1.8222E-03
 -7.1215E+00  2.1360E-03
 -7.1096E+00  2.6602E-03
 -7.0977E+00  3.3969E-03
 -7.0857E+00  4.3326E-03
 -7.0738E+00  5.4384E-03
 -7.0619E+00  6.6731E-03
 -7.0500E+00  7.9869E-03
 -7.0381E+00  9.3270E-03
 -7.0262E+00  1.0644E-02
 -7.0143E+00  1.1899E-02
 -7.0024E+00  1.3068E-02
 -6.9905E+00  1.4150E-02
 -6.9786E+00  1.5172E-02
 -6.9667E+00  1.6185E-02
 -6.9547E+00  1.7271E-02
 -6.9428E+00  1.8534E-02
 -6.9309E+00  2.0100E-02
 -6.9190E+00  2.2103E-02
 -6.9071E+00  2.4684E-02
 -6.8952E+00  2.7973E-02
 -6.8833E+00  3.2082E-02
 -6.8714E+00  3.7093E-02
 -6.8595E+00  4.3049E-02
 -6.8476E+00  4.9944E-02
 -6.8357E+00  5.7721E-02
 -6.8237E+00  6.6265E-02
 -6.8118E+00  7.5409E-02
 -6.7999E+00  8.4935E-02
 -6.7880E+00  9.4586E-02
 -6.7761E+00  1.0408E-01
 -6.7642E+00  1.1311E-01
 -6.7523E+00  1.2138E-01
 -6.7404E+00  1.2862E-01
 -6.7285E+00  1.3458E-01
 -6.7166E+00  1.3906E-01
 -6.7047E+00  1.4190E-01
 -6.6928E+00  1.4302E-01
 -6.6808E+00  1.4239E-01
 -6.6689E+00  1.4006E-01
 -6.6570E+00  1.3612E-01
 -6.6451E+00  1.3071E-01
 -6.6332E+00  1.2405E-01
 -6.6213E+00  1.1635E-01
 -6.6094E+00  1.0789E-01
 -6.5975E+00  9.8913E-02
 -6.5856E+00  8.9701E-02
 -6.5737E+00  8.0505E-02
 -6.5618E+00  7.1553E-02
 -6.5498E+00  6.3040E-02
 -6.5379E+00  5.5122E-02
 -6.5260E+00  4.7907E-02
 -6.5141E+00  4.1462E-02
 -6.5022E+00  3.5809E-02
 -6.4903E+00  3.0934E-02
 -6.4784E+00  2.6792E-02
 -6.4665E+00  2.3312E-02
 -6.4546E+00  2.0411E-02
 -6.4427E+00  1.7997E-02
 -6.4308E+00  1.5977E-02
 -6.4188E+00  1.4267E-02
 -6.4069E+00  1.2790E-02
 -6.3950E+00  1.1482E-02
 -6.3831E+00  1.0294E-02
 -6.3712E+00  9.1931E-03
 -6.3593E+00  8.1573E-03
 -6.3474E+00  7.1774E-03
 -6.3355E+00  6.2526E-03
 -6.3236E+00  5.3883E-03
 -6.3117E+00  4.5930E-03
 -6.2998E+00  3.8757E-03
 -6.2879E+00  3.2440E-03
 -6.2759E+00  2.7024E-03
 -6.2640E+00  2.2519E-03
 -6.2521E+00  1.8890E-03
 -6.2402E+00  1.6069E-03
 -6.2283E+00  1.3957E-03
 -6.2164E+00  1.2435E-03
 -6.2045E+00  1.1373E-03
 -6.1926E+00  1.0646E-03
 -6.1807E+00  1.0139E-03
 -6.1688E+00  9.7553E-04
 -6.1569E+00  9.4198E-04
 -6.1449E+00  9.0827E-04
 -6.1330E+00  8.7173E-04
 -6.1211E+00  8.3171E-04
 -6.1092E+00  7.8914E-04
 -6.0973E+00  7.4600E-04
 -6.0854E+00  7.0489E-04
 -6.0735E+00  6.6853E-04
 -6.0616E+00  6.3956E-04
 -6.0497E+00  6.2027E-04
 -6.0378E+00  6.1265E-04
 -6.0259E+00  6.1843E-04
 -6.0140E+00  6.3919E-04
 -6.0020E+00  6.7652E-04
 -5.9901E+00  7.3215E-04
 -5.9782E+00  8.0794E-04
 -5.9663E+00  9.0584E-04
 -5.9544E+00  1.0277E-03
 -5.9425E+00  1.1750E-03
 -5.9306E+00  1.3486E-03
 -5.9187E+00  1.5482E-03
 -5.9068E+00  1.7721E-03
 -5.8949E+00  2.0169E-03
 -5.8830E+00  2.2778E-03
 -5.8710E+00  2.5477E-03
 -5.8591E+00  2.8186E-03
 -5.8472E+00  3.0810E-03
 -5.8353E+00  3.3250E-03
 -5.8234E+00  3.5405E-03
 -5.8115E+00  3.7183E-03
 -5.7996E+00  3.8504E-03
 -5.7877E+00  3.9306E-03
 -5.7758E+00  3.9553E-03
 -5.7639E+00  3.9234E-03
 -5.7520E+00  3.8364E-03
 -5.7400E+00  3.6989E-03
 -5.7281E+00  3.5176E-03
 -5.7162E+00  3.3011E-03
 -5.7043E+00  3.0593E-03
 -5.6924E+00  2.8024E-03
 -5.6805E+00  2.5404E-03
 -5.6686E+00  2.2825E-03
 -5.6567E+00  2.0360E-03
 -5.6448E+00  1.8065E-03
 -5.6329E+00  1.5975E-03
 -5.6210E+00  1.4104E-03
 -5.6091E+00  1.2451E-03
 -5.5971E+00  1.1000E-03
 -5.5852E+00  9.7245E-04
 -5.5733E+00  8.5981E-04
 -5.5614E+00  7.5937E-04
 -5.5495E+00  6.6896E-04
 -5.5376E+00  5.8716E-04
 -5.5257E+00  5.1338E-04
 -5.5138E+00  4.4780E-04
 -5.5019E+00  3.9118E-04
 -5.4900E+00  3.4455E-04
 -5.4781E+00  3.0887E-04
 -5.4661E+00  2.8468E-04
 -5.4542E+00  2.7183E-04
 -5.4423E+00  2.6936E-04
 -5.4304E+00  2.7543E-04
 -5.4185E+00  2.8750E-04
 -5.4066E+00  3.0257E-04
 -5.3947E+00  3.1763E-04
 -5.3828E+00  3.3001E-04
 -5.3709E+00  3.3790E-04
 -5.3590E+00  3.4071E-04
 -5.3471E+00  3.3932E-04
 -5.3351E+00  3.3620E-04
 -5.3232E+00  3.3529E-04
 -5.3113E+00  3.4166E-04
 -5.2994E+00  3.6102E-04
 -5.2875E+00  3.9906E-04
 -5.2756E+00  4.6065E-04
 -5.2637E+00  5.4914E-04
 -5.2518E+00  6.6567E-04
 -5.2399E+00  8.0879E-04
 -5.2280E+00  9.7423E-04
 -5.2161E+00  1.1551E-03
 -5.2042E+00  1.3423E-03
 -5.1922E+00  1.5252E-03
 -5.1803E+00  1.6929E-03
 -5.1684E+00  1.8350E-03
 -5.1565E+00  1.9430E-03
 -5.1446E+00  2.0113E-03
 -5.1327E+00  2.0378E-03
 -5.1208E+00  2.0252E-03
 -5.1089E+00  1.9806E-03
 -5.0970E+00  1.9152E-03
 -5.0851E+00  1.8443E-03
 -5.0732E+00  1.7852E-03
 -5.0612E+00  1.7566E-03
 -5.0493E+00  1.7762E-03
 -5.0374E+00  1.8591E-03
 -5.0255E+00  2.0163E-03
 -5.0136E+00  2.2531E-03
 -5.0017E+00  2.5687E-03
 -4.9898E+00  2.9551E-03
 -4.9779E+00  3.3981E-03
 -4.9660E+00  3.8780E-03
 -4.9541E+00  4.3704E-03
 -4.9422E+00  4.8487E-03
 -4.9302E+00  5.2856E-03
 -4.9183E+00  5.6554E-03
 -4.9064E+00  5.9357E-03
 -4.8945E+00  6.1097E-03
 -4.8826E+00  6.1675E-03
 -4.8707E+00  6.1065E-03
 -4.8588E+00  5.9323E-03
 -4.8469E+00  5.6575E-03
 -4.8350E+00  5.3013E-03
 -4.8231E+00  4.8870E-03
 -4.8112E+00  4.4401E-03
 -4.7993E+00  3.9862E-03
 -4.7873E+00  3.5482E-03
 -4.7754E+00  3.1452E-03
 -4.7635E+00  2.7902E-03
 -4.7516E+00  2.4902E-03
 -4.7397E+00  2.2457E-03
 -4.7278E+00  2.0516E-03
 -4.7159E+00  1.8984E-03
 -4.7040E+00  1.7736E-03
 -4.6921E+00  1.6643E-03
 -4.6802E+00  1.5583E-03
 -4.6683E+00  1.4463E-03
 -4.6563E+00  1.3233E-03
 -4.6444E+00  1.1894E-03
 -4.6325E+00  1.0495E-03
 -4.6206E+00  9.1313E-04
 -4.6087E+00  7.9308E-04
 -4.5968E+00  7.0354E-04
 -4.5849E+00  6.5806E-04
 -4.5730E+00  6.6751E-04
 -4.5611E+00  7.3817E-04
 -4.5492E+00  8.7039E-04
 -4.5373E+00  1.0579E-03
 -4.5253E+00  1.2877E-03
 -4.5134E+00  1.5413E-03
 -4.5015E+00  1.7958E-03
 -4.4896E+00  2.0268E-03
 -4.4777E+00  2.2104E-03
 -4.4658E+00  2.3269E-03
 -4.4539E+00  2.3628E-03
 -4.4420E+00  2.3136E-03
 -4.4301E+00  2.1850E-03
 -4.4182E+00  1.9936E-03
 -4.4063E+00  1.7655E-03
 -4.3944E+00  1.5352E-03
 -4.3824E+00  1.3413E-03
 -4.3705E+00  1.2237E-03
 -4.3586E+00  1.2188E-03
 -4.3467E+00  1.3555E-03
 -4.3348E+00  1.6518E-03
 -4.3229E+00  2.1121E-03
 -4.3110E+00  2.7256E-03
 -4.2991E+00  3.4665E-03
 -4.2872E+00  4.2955E-03
 -4.2753E+00  5.1626E-03
 -4.2634E+00  6.0119E-03
 -4.2514E+00  6.7866E-03
 -4.2395E+00  7.4354E-03
 -4.2276E+00  7.9185E-03
 -4.2157E+00  8.2137E-03
 -4.2038E+00  8.3204E-03
 -4.1919E+00  8.2619E-03
 -4.1800E+00  8.0860E-03
 -4.1681E+00  7.8623E-03
 -4.1562E+00  7.6774E-03
 -4.1443E+00  7.6284E-03
 -4.1324E+00  7.8144E-03
 -4.1204E+00  8.3279E-03
 -4.1085E+00  9.2456E-03
 -4.0966E+00  1.0620E-02
 -4.0847E+00  1.2474E-02
 -4.0728E+00  1.4794E-02
 -4.0609E+00  1.7527E-02
 -4.0490E+00  2.0584E-02
 -4.0371E+00  2.3840E-02
 -4.0252E+00  2.7146E-02
 -4.0133E+00  3.0333E-02
 -4.0014E+00  3.3228E-02
 -3.9895E+00  3.5670E-02
 -3.9775E+00  3.7518E-02
 -3.9656E+00  3.8666E-02
 -3.9537E+00  3.9050E-02
 -3.9418E+00  3.8656E-02
 -3.9299E+00  3.7517E-02
 -3.9180E+00  3.5710E-02
 -3.9061E+00  3.3350E-02
 -3.8942E+00  3.0579E-02
 -3.8823E+00  2.7556E-02
 -3.8704E+00  2.4441E-02
 -3.8585E+00  2.1390E-02
 -3.8465E+00  1.8534E-02
 -3.8346E+00  1.5980E-02
 -3.8227E+00  1.3798E-02
 -3.8108E+00  1.2020E-02
 -3.7989E+00  1.0638E-02
 -3.7870E+00  9.6130E-03
 -3.7751E+00  8.8743E-03
 -3.7632E+00  8.3363E-03
 -3.7513E+00  7.9073E-03
 -3.7394E+00  7.5018E-03
 -3.7275E+00  7.0516E-03
 -3.7155E+00  6.5137E-03
 -3.7036E+00  5.8756E-03
 -3.6917E+00  5.1568E-03
 -3.6798E+00  4.4056E-03
 -3.6679E+00  3.6936E-03
 -3.6560E+00  3.1059E-03
 -3.6441E+00  2.7306E-03
 -3.6322E+00  2.6460E-03
 -3.6203E+00  2.9092E-03
 -3.6084E+00  3.5461E-03
 -3.5965E+00  4.5438E-03
 -3.5846E+00  5.8490E-03
 -3.5726E+00  7.3700E-03
 -3.5607E+00  8.9849E-03
 -3.5488E+00  1.0554E-02
 -3.5369E+00  1.1936E-02
 -3.5250E+00  1.3004E-02
 -3.5131E+00  1.3664E-02
 -3.5012E+00  1.3869E-02
 -3.4893E+00  1.3630E-02
 -3.4774E+00  1.3023E-02
 -3.4655E+00  1.2186E-02
 -3.4536E+00  1.1320E-02
 -3.4416E+00  1.0673E-02
 -3.4297E+00  1.0521E-02
 -3.4178E+00  1.1153E-02
 -3.4059E+00  1.2838E-02
 -3.3940E+00  1.5801E-02
 -3.3821E+00  2.0199E-02
 -3.3702E+00  2.6105E-02
 -3.3583E+00  3.3494E-02
 -3.3464E+00  4.2248E-02
 -3.3345E+00  5.2169E-02
 -3.3226E+00  6.3010E-02
 -3.3106E+00  7.4503E-02
 -3.2987E+00  8.6407E-02
 -3.2868E+00  9.8549E-02
 -3.2749E+00  1.1087E-01
 -3.2630E+00  1.2345E-01
 -3.2511E+00  1.3658E-01
 -3.2392E+00  1.5071E-01
 -3.2273E+00  1.6653E-01
 -3.2154E+00  1.8489E-01
 -3.2035E+00  2.0682E-01
 -3.1916E+00  2.3343E-01
 -3.1797E+00  2.6585E-01
 -3.1677E+00  3.0514E-01
 -3.1558E+00  3.5219E-01
 -3.1439E+00  4.0767E-01
 -3.1320E+00  4.7189E-01
 -3.1201E+00  5.4479E-01
 -3.1082E+00  6.2588E-01
 -3.0963E+00  7.1425E-01
 -3.0844E+00  8.0851E-01
 -3.0725E+00  9.0683E-01
 -3.0606E+00  1.0070E+00
 -3.0487E+00  1.1063E+00
 -3.0367E+00  1.2019E+00
 -3.0248E+00  1.2904E+00
 -3.0129E+00  1.3687E+00
 -3.0010E+00  1.4337E+00
 -2.9891E+00  1.4824E+00
 -2.9772E+00  1.5127E+00
 -2.9653E+00  1.5231E+00
 -2.9534E+00  1.5131E+00
 -2.9415E+00  1.4829E+00
 -2.9296E+00  1.4341E+00
 -2.9177E+00  1.3687E+00
 -2.9058E+00  1.2893E+00
 -2.8938E+00  1.1992E+00
 -2.8819E+00  1.1016E+00
 -2.8700E+00  9.9963E-01
 -2.8581E+00  8.9645E-01
 -2.8462E+00  7.9487E-01
 -2.8343E+00  6.9740E-01
 -2.8224E+00  6.0621E-01
 -2.8105E+00  5.2304E-01
 -2.7986E+00  4.4923E-01
 -2.7867E+00  3.8564E-01
 -2.7748E+00  3.3259E-01
 -2.7628E+00  2.8991E-01
 -2.7509E+00  2.5689E-01
 -2.7390E+00  2.3239E-01
 -2.7271E+00  2.1492E-01
 -2.7152E+00  2.0279E-01
 -2.7033E+00  1.9427E-01
 -2.6914E+00  1.8771E-01
 -2.6795E+00  1.8166E-01
 -2.6676E+00  1.7496E-01
 -2.6557E+00  1.6678E-01
 -2.6438E+00  1.5665E-01
 -2.6318E+00  1.4444E-01
 -2.6199E+00  1.3035E-01
 -2.6080E+00  1.1482E-01
 -2.5961E+00  9.8523E-02
 -2.5842E+00  8.2254E-02
 -2.5723E+00  6.6841E-02
 -2.5604E+00  5.3086E-02
 -2.5485E+00  4.1668E-02
 -2.5366E+00  3.3059E-02
 -2.5247E+00  2.7492E-02
 -2.5128E+00  2.4953E-02
 -2.5009E+00  2.5200E-02
 -2.4889E+00  2.7796E-02
 -2.4770E+00  3.2165E-02
 -2.4651E+00  3.7631E-02
 -2.4532E+00  4.3484E-02
 -2.4413E+00  4.9026E-02
 -2.4294E+00  5.3626E-02
 -2.4175E+00  5.6783E-02
 -2.4056E+00  5.8171E-02
 -2.3937E+00  5.7663E-02
 -2.3818E+00  5.5332E-02
 -2.3699E+00  5.1440E-02
 -2.3579E+00  4.6408E-02
 -2.3460E+00  4.0758E-02
 -2.3341E+00  3.5060E-02
 -2.3222E+00  2.9873E-02
 -2.3103E+00  2.5699E-02
 -2.2984E+00  2.2946E-02
 -2.2865E+00  2.1903E-02
 -2.2746E+00  2.2725E-02
 -2.2627E+00  2.5427E-02
 -2.2508E+00  2.9875E-02
 -2.2389E+00  3.5799E-02
 -2.2269E+00  4.2805E-02
 -2.2150E+00  5.0407E-02
 -2.2031E+00  5.8070E-02
 -2.1912E+00  6.5266E-02
 -2.1793E+00  7.1524E-02
 -2.1674E+00  7.6478E-02
 -2.1555E+00  7.9891E-02
 -2.1436E+00  8.1657E-02
 -2.1317E+00  8.1789E-02
 -2.1198E+00  8.0395E-02
 -2.1079E+00  7.7640E-02
 -2.0960E+00  7.3722E-02
 -2.0840E+00  6.8847E-02
 -2.0721E+00  6.3218E-02
 -2.0602E+00  5.7044E-02
 -2.0483E+00  5.0555E-02
 -2.0364E+00  4.4026E-02
 -2.0245E+00  3.7776E-02
 -2.0126E+00  3.2133E-02
 -2.0007E+00  2.7373E-02
 -1.9888E+00  2.3657E-02
 -1.9769E+00  2.0983E-02
 -1.9650E+00  1.9184E-02
 -1.9530E+00  1.7942E-02
 -1.9411E+00  1.6852E-02
 -1.9292E+00  1.5572E-02
 -1.9173E+00  1.4013E-02
 -1.9054E+00  1.2360E-02
 -1.8935E+00  1.0852E-02
 -1.8816E+00  9.5886E-03
 -1.8697E+00  8.5242E-03
 -1.8578E+00  7.4756E-03
 -1.8459E+00  5.8392E-03
 -1.8340E+00  3.5417E-03
 -1.8220E+00  2.7640E-03
 -1.8101E+00  3.2432E-03
 -1.7982E+00  2.0544E-03
 -1.7863E+00  1.9433E-03
 -1.7744E+00  1.1358E-03
 -1.7625E+00  5.3453E-03
 -1.7506E+00  2.0158E-03
 -1.7387E+00  1.1595E-03
 -1.7268E+00  1.9267E-03
 -1.7149E+00  1.8465E-03
 -1.7030E+00  2.2521E-03
 -1.6911E+00  9.2259E-03
 -1.6791E+00  2.0642E-02
 -1.6672E+00  3.7919E-03
 -1.6553E+00  2.9515E-03
 -1.6434E+00  1.2197E-02
 -1.6315E+00  3.7077E-03
 -1.6196E+00  1.4522E-03
 -1.6077E+00  1.5478E-03
 -1.5958E+00  1.2646E-03
 -1.5839E+00  1.4426E-03
 -1.5720E+00  2.0374E-03
 -1.5601E+00  1.5670E-03
 -1.5481E+00  1.6683E-03
 -1.5362E+00  1.5612E-02
 -1.5243E+00  1.1254E-02
 -1.5124E+00  5.0828E-03
 -1.5005E+00  4.1018E-03
 -1.4886E+00  4.9272E-03
 -1.4767E+00  1.7666E-02
 -1.4648E+00  6.9780E-03
 -1.4529E+00  1.7150E-03
 -1.4410E+00  1.0492E-03
 -1.4291E+00  7.5339E-04
 -1.4171E+00  6.1915E-04
 -1.4052E+00  5.3307E-04
 -1.3933E+00  4.6866E-04
 -1.3814E+00  4.1738E-04
 -1.3695E+00  3.7555E-04
 -1.3576E+00  3.4135E-04
 -1.3457E+00  3.1378E-04
 -1.3338E+00  2.9218E-04
 -1.3219E+00  2.7600E-04
 -1.3100E+00  2.6475E-04
 -1.2981E+00  2.5791E-04
 -1.2862E+00  2.5494E-04
 -1.2742E+00  2.5541E-04
 -1.2623E+00  2.5891E-04
 -1.2504E+00  2.6514E-04
 -1.2385E+00  2.7399E-04
 -1.2266E+00  2.8561E-04
 -1.2147E+00  3.0065E-04
 -1.2028E+00  3.2054E-04
 -1.1909E+00  3.4905E-04
 -1.1790E+00  3.9467E-04
 -1.1671E+00  4.9233E-04
 -1.1552E+00  1.0948E-03
 -1.1432E+00  7.7477E-03
 -1.1313E+00  6.9506E-03
 -1.1194E+00  3.5205E-03
 -1.1075E+00  2.0658E-03
 -1.0956E+00  1.1290E-02
 -1.0837E+00  6.2294E-02
 -1.0718E+00  3.0793E-02
 -1.0599E+00  1.6536E-02
 -1.0480E+00  1.3688E-02
 -1.0361E+00  3.4860E-02
 -1.0242E+00  4.6682E-03
 -1.0122E+00  1.2978E-03
 -1.0003E+00  6.4231E-04
 -9.8843E-01  2.5101E-04
 -9.7652E-01  1.1020E-04
 -9.6461E-01  2.2294E-04
 -9.5271E-01  2.2321E-03
 -9.4080E-01  7.2395E-04
 -9.2889E-01  2.2782E-04
 -9.1698E-01  1.3028E-04
 -9.0507E-01  9.3828E-05
 -8.9316E-01  8.2235E-05
 -8.8125E-01  1.0399E-04
 -8.6934E-01  3.9284E-04
 -8.5743E-01  6.5074E-04
 -8.4553E-01  1.2522E-04
 -8.3362E-01  7.8351E-05
 -8.2171E-01  8.5710E-05
 -8.0980E-01  2.9800E-04
 -7.9789E-01  4.1900E-04
 -7.8598E-01  7.8413E-05
 -7.7407E-01  9.2185E-05
 -7.6216E-01  1.6840E-03
 -7.5026E-01  4.6387E-05
 -7.3835E-01  4.8865E-05
 -7.2644E-01  5.5158E-05
 -7.1453E-01  2.0736E-05
 -7.0262E-01  6.2399E-05
 -6.9071E-01  1.8610E-05
 -6.7880E-01  3.0701E-05
 -6.6689E-01  2.7120E-05
 -6.5498E-01  3.6082E-05
 -6.4308E-01  3.6703E-05
 -6.3117E-01  4.4324E-05
 -6.1926E-01  4.0972E-05
 -6.0735E-01  5.7580E-05
 -5.9544E-01  4.6818E-05
 -5.8353E-01  1.8697E-04
 -5.7162E-01  5.5527E-05
 -5.5971E-01  9.3605E-05
 -5.4781E-01  6.6697E-05
 -5.3590E-01  6.7402E-05
 -5.2399E-01  2.7009E-04
 -5.1208E-01  6.4488E-05
 -5.0017E-01  6.9778E-05
 -4.8826E-01  8.6424E-05
 -4.7635E-01  5.6849E-05
 -4.6444E-01  6.2959E-05
 -4.5253E-01  9.3876E-05
 -4.4063E-01  6.3388E-05
 -4.2872E-01  8.1520E-05
 -4.1681E-01  4.8605E-03
 -4.0490E-01  1.1442E-04
 -3.9299E-01  1.2065E-04
 -3.8108E-01  2.1172E-04
 -3.6917E-01  1.5102E-03
 -3.5726E-01  2.0125E-04
 -3.4536E-01  2.0084E-04
 -3.3345E-01  2.5304E-04
 -3.2154E-01  1.7562E-03
 -3.0963E-01  3.0580E-04
 -2.9772E-01  2.5626E-04
 -2.8581E-01  2.6180E-04
 -2.7390E-01  2.7076E-04
 -2.6199E-01  2.9539E-04
 -2.5009E-01  3.5714E-04
 -2.3818E-01  2.9601E-04
 -2.2627E-01  2.9026E-04
 -2.1436E-01  2.9210E-04
 -2.0245E-01  3.1171E-04
 -1.9054E-01  4.0471E-04
 -1.7863E-01  1.0550E-03
 -1.6672E-01  4.5071E-02
 -1.5481E-01  1.5347E-03
 -1.4291E-01  6.2272E-04
 -1.3100E-01  4.2444E-04
 -1.1909E-01  3.4657E-04
 -1.0718E-01  3.0904E-04
 -9.5271E-02  2.9091E-04
 -8.3362E-02  2.8436E-04
 -7.1453E-02  2.8524E-04
 -5.9544E-02  2.9028E-04
 -4.7635E-02  2.9591E-04
 -3.5726E-02  2.9808E-04
 -2.3818E-02  2.9276E-04
 -1.1909E-02  2.7710E-04
  0.0000E+00  2.5082E-04
  1.1909E-02  2.1657E-04
  2.3818E-02  1.7903E-04
  3.5726E-02  1.4298E-04
  4.7635E-02  1.1184E-04
  5.9544E-02  8.7110E-05
  7.1453E-02  6.8802E-05
  8.3362E-02  5.6100E-05
  9.5271E-02  4.7929E-05
  1.0718E-01  4.3308E-05
  1.1909E-01  4.1554E-05
  1.3100E-01  4.2615E-05
  1.4291E-01  4.8503E-05
  1.5481E-01  7.6628E-05
  1.6672E-01  1.1615E-03
  1.7863E-01  3.7380E-05
  1.9054E-01  2.5670E-05
  2.0245E-01  2.3743E-05
  2.1436E-01  2.2778E-05
  2.2627E-01  2.2842E-05
  2.3818E-01  2.7431E-05
  2.5009E-01  1.1545E-04
  2.6199E-01  1.0478E-04
  2.7390E-01  4.4102E-05
  2.8581E-01  4.5827E-05
  2.9772E-01  6.0489E-05
  3.0963E-01  1.2376E-04
  3.2154E-01  1.0669E-03
  3.3345E-01  1.2146E-04
  3.4536E-01  1.2222E-04
  3.5726E-01  1.5108E-04
  3.6917E-01  6.6388E-04
  3.8108E-01  1.9558E-04
  3.9299E-01  1.9425E-04
  4.0490E-01  2.1345E-04
  4.1681E-01  2.8705E-04
  4.2872E-01  2.5346E-04
  4.4063E-01  2.8138E-04
  4.5253E-01  4.4961E-04
  4.6444E-01  4.1594E-04
  4.7635E-01  4.2504E-04
  4.8826E-01  9.6486E-04
  5.0017E-01  7.6811E-04
  5.1208E-01  7.1729E-04
  5.2399E-01  5.9885E-03
  5.3590E-01  1.0667E-03
  5.4781E-01  1.2845E-03
  5.5971E-01  2.8513E-03
  5.7162E-01  1.5022E-03
  5.8353E-01  8.3088E-03
  5.9544E-01  1.9214E-03
  6.0735E-01  2.3759E-03
  6.1926E-01  2.4073E-03
  6.3117E-01  2.7339E-03
  6.4308E-01  3.0747E-03
  6.5498E-01  3.7009E-03
  6.6689E-01  4.0852E-03
  6.7880E-01  6.2078E-03
  6.9071E-01  5.1227E-03
  7.0262E-01  4.1765E-02
  7.1453E-01  6.0548E-03
  7.2644E-01  1.7205E-02
  7.3835E-01  8.4829E-03
  7.5026E-01  7.3206E-03
  7.6216E-01  1.1182E-01
  7.7407E-01  7.2199E-03
  7.8598E-01  6.3078E-03
  7.9789E-01  1.1977E-02
  8.0980E-01  7.8700E-03
  8.2171E-01  5.1151E-03
  8.3362E-01  4.9752E-03
  8.4553E-01  7.1650E-03
  8.5743E-01  5.2688E-02
  8.6934E-01  5.7238E-02
  8.8125E-01  1.6931E-02
  8.9316E-01  1.0447E-02
  9.0507E-01  7.8287E-03
  9.1698E-01  6.2441E-03
  9.2889E-01  5.3217E-03
  9.4080E-01  6.3919E-03
  9.5271E-01  9.3168E-03
  9.6461E-01  2.1107E-03
  9.7652E-01  1.9326E-03
  9.8843E-01  5.2539E-03
  1.0003E+00  4.1112E-03
  1.0122E+00  1.6186E-03
  1.0242E+00  1.2554E-03
  1.0361E+00  2.6671E-03
  1.0480E+00  2.2148E-03
  1.0599E+00  2.5088E-03
  1.0718E+00  4.1655E-03
  1.0837E+00  1.8334E-02
  1.0956E+00  1.9586E-02
  1.1075E+00  5.3951E-02
  1.1194E+00  2.2203E-01
  1.1313E+00  2.9156E-01
  1.1432E+00  3.8388E-01
  1.1552E+00  1.8856E-02
  1.1671E+00  4.5821E-03
  1.1790E+00  2.4516E-03
  1.1909E+00  1.7153E-03
  1.2028E+00  1.3786E-03
  1.2147E+00  1.2026E-03
  1.2266E+00  1.1012E-03
  1.2385E+00  1.0371E-03
  1.2504E+00  9.9824E-04
  1.2623E+00  9.7436E-04
  1.2742E+00  9.5961E-04
  1.2862E+00  9.5088E-04
  1.2981E+00  9.4652E-04
  1.3100E+00  9.4603E-04
  1.3219E+00  9.5019E-04
  1.3338E+00  9.6140E-04
  1.3457E+00  9.8462E-04
  1.3576E+00  1.0290E-03
  1.3695E+00  1.1116E-03
  1.3814E+00  1.2652E-03
  1.3933E+00  1.5597E-03
  1.4052E+00  2.1658E-03
  1.4171E+00  3.6043E-03
  1.4291E+00  8.2477E-03
  1.4410E+00  4.3245E-02
  1.4529E+00  1.4002E-01
  1.4648E+00  3.0898E-02
  1.4767E+00  2.4533E-02
  1.4886E+00  5.3143E-02
  1.5005E+00  2.9509E-01
  1.5124E+00  8.4491E-02
  1.5243E+00  2.4051E-02
  1.5362E+00  1.4099E-02
  1.5481E+00  1.2867E-02
  1.5601E+00  2.7224E-02
  1.5720E+00  2.6721E-02
  1.5839E+00  8.6135E-03
  1.5958E+00  7.3441E-03
  1.6077E+00  8.9182E-03
  1.6196E+00  1.5690E-02
  1.6315E+00  2.0197E-02
  1.6434E+00  4.7777E-02
  1.6553E+00  2.5721E-01
  1.6672E+00  1.3806E-01
  1.6791E+00  3.0703E-02
  1.6911E+00  1.7119E-02
  1.7030E+00  1.9338E-02
  1.7149E+00  9.0581E-03
  1.7268E+00  1.0131E-02
  1.7387E+00  2.5480E-02
  1.7506E+00  6.7870E-02
  1.7625E+00  2.7464E-02
  1.7744E+00  6.1889E-02
  1.7863E+00  1.1627E-02
  1.7982E+00  5.7196E-03
  1.8101E+00  4.6454E-03
  1.8220E+00  7.9080E-03
  1.8340E+00  1.4551E-02
  1.8459E+00  8.5606E-03
  1.8578E+00  6.7150E-03
  1.8697E+00  5.9955E-03
  1.8816E+00  5.5523E-03
  1.8935E+00  5.1249E-03
  1.9054E+00  4.6181E-03
  1.9173E+00  4.0571E-03
  1.9292E+00  3.5304E-03
  1.9411E+00  3.1148E-03
  1.9530E+00  2.8389E-03
  1.9650E+00  2.6902E-03
  1.9769E+00  2.6369E-03
  1.9888E+00  2.6417E-03
  2.0007E+00  2.6696E-03
  2.0126E+00  2.6915E-03
  2.0245E+00  2.6858E-03
  2.0364E+00  2.6396E-03
  2.0483E+00  2.5495E-03
  2.0602E+00  2.4231E-03
  2.0721E+00  2.2790E-03
  2.0840E+00  2.1465E-03
  2.0960E+00  2.0620E-03
  2.1079E+00  2.0656E-03
  2.1198E+00  2.1962E-03
  2.1317E+00  2.4867E-03
  2.1436E+00  2.9601E-03
  2.1555E+00  3.6257E-03
  2.1674E+00  4.4761E-03
  2.1793E+00  5.4863E-03
  2.1912E+00  6.6135E-03
  2.2031E+00  7.8001E-03
  2.2150E+00  8.9800E-03
  2.2269E+00  1.0086E-02
  2.2389E+00  1.1060E-02
  2.2508E+00  1.1861E-02
  2.2627E+00  1.2471E-02
  2.2746E+00  1.2897E-02
  2.2865E+00  1.3177E-02
  2.2984E+00  1.3371E-02
  2.3103E+00  1.3561E-02
  2.3222E+00  1.3847E-02
  2.3341E+00  1.4338E-02
  2.3460E+00  1.5146E-02
  2.3579E+00  1.6373E-02
  2.3699E+00  1.8104E-02
  2.3818E+00  2.0390E-02
  2.3937E+00  2.3247E-02
  2.4056E+00  2.6649E-02
  2.4175E+00  3.0526E-02
  2.4294E+00  3.4776E-02
  2.4413E+00  3.9268E-02
  2.4532E+00  4.3854E-02
  2.4651E+00  4.8369E-02
  2.4770E+00  5.2645E-02
  2.4889E+00  5.6510E-02
  2.5009E+00  5.9799E-02
  2.5128E+00  6.2357E-02
  2.5247E+00  6.4046E-02
  2.5366E+00  6.4764E-02
  2.5485E+00  6.4453E-02
  2.5604E+00  6.3109E-02
  2.5723E+00  6.0793E-02
  2.5842E+00  5.7620E-02
  2.5961E+00  5.3767E-02
  2.6080E+00  4.9444E-02
  2.6199E+00  4.4858E-02
  2.6318E+00  4.0208E-02
  2.6438E+00  3.5669E-02
  2.6557E+00  3.1381E-02
  2.6676E+00  2.7447E-02
  2.6795E+00  2.3928E-02
  2.6914E+00  2.0850E-02
  2.7033E+00  1.8207E-02
  2.7152E+00  1.5967E-02
  2.7271E+00  1.4080E-02
  2.7390E+00  1.2487E-02
  2.7509E+00  1.1124E-02
  2.7628E+00  9.9296E-03
  2.7748E+00  8.8541E-03
  2.7867E+00  7.8599E-03
  2.7986E+00  6.9253E-03
  2.8105E+00  6.0435E-03
  2.8224E+00  5.2209E-03
  2.8343E+00  4.4726E-03
  2.8462E+00  3.8184E-03
  2.8581E+00  3.2780E-03
  2.8700E+00  2.8667E-03
  2.8819E+00  2.5920E-03
  2.8938E+00  2.4517E-03
  2.9058E+00  2.4328E-03
  2.9177E+00  2.5121E-03
  2.9296E+00  2.6579E-03
  2.9415E+00  2.8338E-03
  2.9534E+00  3.0030E-03
  2.9653E+00  3.1329E-03
  2.9772E+00  3.2003E-03
  2.9891E+00  3.1950E-03
  3.0010E+00  3.1223E-03
  3.0129E+00  3.0033E-03
  3.0248E+00  2.8732E-03
  3.0367E+00  2.7776E-03
  3.0487E+00  2.7679E-03
  3.0606E+00  2.8954E-03
  3.0725E+00  3.2050E-03
  3.0844E+00  3.7295E-03
  3.0963E+00  4.4847E-03
  3.1082E+00  5.4659E-03
  3.1201E+00  6.6467E-03
  3.1320E+00  7.9794E-03
  3.1439E+00  9.3996E-03
  3.1558E+00  1.0832E-02
  3.1677E+00  1.2200E-02
  3.1797E+00  1.3434E-02
  3.1916E+00  1.4485E-02
  3.2035E+00  1.5326E-02
  3.2154E+00  1.5969E-02
  3.2273E+00  1.6460E-02
  3.2392E+00  1.6882E-02
  3.2511E+00  1.7350E-02
  3.2630E+00  1.8008E-02
  3.2749E+00  1.9015E-02
  3.2868E+00  2.0531E-02
  3.2987E+00  2.2710E-02
  3.3106E+00  2.5677E-02
  3.3226E+00  2.9519E-02
  3.3345E+00  3.4266E-02
  3.3464E+00  3.9888E-02
  3.3583E+00  4.6287E-02
  3.3702E+00  5.3299E-02
  3.3821E+00  6.0706E-02
  3.3940E+00  6.8242E-02
  3.4059E+00  7.5619E-02
  3.4178E+00  8.2542E-02
  3.4297E+00  8.8726E-02
  3.4416E+00  9.3920E-02
  3.4536E+00  9.7913E-02
  3.4655E+00  1.0055E-01
  3.4774E+00  1.0173E-01
  3.4893E+00  1.0142E-01
  3.5012E+00  9.9664E-02
  3.5131E+00  9.6544E-02
  3.5250E+00  9.2215E-02
  3.5369E+00  8.6877E-02
  3.5488E+00  8.0767E-02
  3.5607E+00  7.4142E-02
  3.5726E+00  6.7267E-02
  3.5846E+00  6.0391E-02
  3.5965E+00  5.3737E-02
  3.6084E+00  4.7483E-02
  3.6203E+00  4.1759E-02
  3.6322E+00  3.6639E-02
  3.6441E+00  3.2145E-02
  3.6560E+00  2.8253E-02
  3.6679E+00  2.4905E-02
  3.6798E+00  2.2017E-02
  3.6917E+00  1.9499E-02
  3.7036E+00  1.7257E-02
  3.7155E+00  1.5215E-02
  3.7275E+00  1.3312E-02
  3.7394E+00  1.1516E-02
  3.7513E+00  9.8161E-03
  3.7632E+00  8.2283E-03
  3.7751E+00  6.7848E-03
  3.7870E+00  5.5285E-03
  3.7989E+00  4.5030E-03
  3.8108E+00  3.7440E-03
  3.8227E+00  3.2716E-03
  3.8346E+00  3.0843E-03
  3.8465E+00  3.1576E-03
  3.8585E+00  3.4442E-03
  3.8704E+00  3.8783E-03
  3.8823E+00  4.3830E-03
  3.8942E+00  4.8783E-03
  3.9061E+00  5.2913E-03
  3.9180E+00  5.5657E-03
  3.9299E+00  5.6702E-03
  3.9418E+00  5.6050E-03
  3.9537E+00  5.4050E-03
  3.9656E+00  5.1394E-03
  3.9775E+00  4.9077E-03
  3.9895E+00  4.8312E-03
  4.0014E+00  5.0418E-03
  4.0133E+00  5.6689E-03
  4.0252E+00  6.8262E-03
  4.0371E+00  8.5990E-03
  4.0490E+00  1.1036E-02
  4.0609E+00  1.4142E-02
  4.0728E+00  1.7882E-02
  4.0847E+00  2.2181E-02
  4.0966E+00  2.6939E-02
  4.1085E+00  3.2041E-02
  4.1204E+00  3.7379E-02
  4.1324E+00  4.2869E-02
  4.1443E+00  4.8471E-02
  4.1562E+00  5.4211E-02
  4.1681E+00  6.0190E-02
  4.1800E+00  6.6598E-02
  4.1919E+00  7.3710E-02
  4.2038E+00  8.1885E-02
  4.2157E+00  9.1542E-02
  4.2276E+00  1.0314E-01
  4.2395E+00  1.1715E-01
  4.2514E+00  1.3401E-01
  4.2634E+00  1.5410E-01
  4.2753E+00  1.7767E-01
  4.2872E+00  2.0487E-01
  4.2991E+00  2.3564E-01
  4.3110E+00  2.6976E-01
  4.3229E+00  3.0676E-01
  4.3348E+00  3.4596E-01
  4.3467E+00  3.8650E-01
  4.3586E+00  4.2729E-01
  4.3705E+00  4.6711E-01
  4.3824E+00  5.0466E-01
  4.3944E+00  5.3861E-01
  4.4063E+00  5.6769E-01
  4.4182E+00  5.9075E-01
  4.4301E+00  6.0687E-01
  4.4420E+00  6.1539E-01
  4.4539E+00  6.1595E-01
  4.4658E+00  6.0853E-01
  4.4777E+00  5.9341E-01
  4.4896E+00  5.7117E-01
  4.5015E+00  5.4266E-01
  4.5134E+00  5.0893E-01
  4.5253E+00  4.7115E-01
  4.5373E+00  4.3062E-01
  4.5492E+00  3.8863E-01
  4.5611E+00  3.4646E-01
  4.5730E+00  3.0530E-01
  4.5849E+00  2.6620E-01
  4.5968E+00  2.3004E-01
  4.6087E+00  1.9748E-01
  4.6206E+00  1.6896E-01
  4.6325E+00  1.4468E-01
  4.6444E+00  1.2461E-01
  4.6563E+00  1.0852E-01
  4.6683E+00  9.6010E-02
  4.6802E+00  8.6546E-02
  4.6921E+00  7.9525E-02
  4.7040E+00  7.4318E-02
  4.7159E+00  7.0314E-02
  4.7278E+00  6.6961E-02
  4.7397E+00  6.3796E-02
  4.7516E+00  6.0464E-02
  4.7635E+00  5.6731E-02
  4.7754E+00  5.2482E-02
  4.7873E+00  4.7712E-02
  4.7993E+00  4.2513E-02
  4.8112E+00  3.7051E-02
  4.8231E+00  3.1542E-02
  4.8350E+00  2.6221E-02
  4.8469E+00  2.1318E-02
  4.8588E+00  1.7034E-02
  4.8707E+00  1.3524E-02
  4.8826E+00  1.0878E-02
  4.8945E+00  9.1245E-03
  4.9064E+00  8.2234E-03
  4.9183E+00  8.0780E-03
  4.9302E+00  8.5448E-03
  4.9422E+00  9.4493E-03
  4.9541E+00  1.0602E-02
  4.9660E+00  1.1814E-02
  4.9779E+00  1.2916E-02
  4.9898E+00  1.3765E-02
  5.0017E+00  1.4261E-02
  5.0136E+00  1.4347E-02
  5.0255E+00  1.4016E-02
  5.0374E+00  1.3303E-02
  5.0493E+00  1.2285E-02
  5.0612E+00  1.1068E-02
  5.0732E+00  9.7775E-03
  5.0851E+00  8.5429E-03
  5.0970E+00  7.4890E-03
  5.1089E+00  6.7228E-03
  5.1208E+00  6.3254E-03
  5.1327E+00  6.3460E-03
  5.1446E+00  6.7993E-03
  5.1565E+00  7.6657E-03
  5.1684E+00  8.8943E-03
  5.1803E+00  1.0408E-02
  5.1922E+00  1.2110E-02
  5.2042E+00  1.3893E-02
  5.2161E+00  1.5645E-02
  5.2280E+00  1.7260E-02
  5.2399E+00  1.8645E-02
  5.2518E+00  1.9724E-02
  5.2637E+00  2.0446E-02
  5.2756E+00  2.0782E-02
  5.2875E+00  2.0731E-02
  5.2994E+00  2.0314E-02
  5.3113E+00  1.9572E-02
  5.3232E+00  1.8561E-02
  5.3351E+00  1.7344E-02
  5.3471E+00  1.5991E-02
  5.3590E+00  1.4567E-02
  5.3709E+00  1.3134E-02
  5.3828E+00  1.1744E-02
  5.3947E+00  1.0436E-02
  5.4066E+00  9.2400E-03
  5.4185E+00  8.1718E-03
  5.4304E+00  7.2371E-03
  5.4423E+00  6.4324E-03
  5.4542E+00  5.7468E-03
  5.4661E+00  5.1645E-03
  5.4781E+00  4.6672E-03
  5.4900E+00  4.2358E-03
  5.5019E+00  3.8528E-03
  5.5138E+00  3.5031E-03
  5.5257E+00  3.1750E-03
  5.5376E+00  2.8605E-03
  5.5495E+00  2.5554E-03
  5.5614E+00  2.2585E-03
  5.5733E+00  1.9714E-03
  5.5852E+00  1.6972E-03
  5.5971E+00  1.4401E-03
  5.6091E+00  1.2045E-03
  5.6210E+00  9.9440E-04
  5.6329E+00  8.1310E-04
  5.6448E+00  6.6265E-04
  5.6567E+00  5.4394E-04
  5.6686E+00  4.5657E-04
  5.6805E+00  3.9903E-04
  5.6924E+00  3.6880E-04
  5.7043E+00  3.6262E-04
  5.7162E+00  3.7664E-04
  5.7281E+00  4.0669E-04
  5.7400E+00  4.4843E-04
  5.7520E+00  4.9751E-04
  5.7639E+00  5.4971E-04
  5.7758E+00  6.0101E-04
  5.7877E+00  6.4780E-04
  5.7996E+00  6.8688E-04
  5.8115E+00  7.1569E-04
  5.8234E+00  7.3239E-04
  5.8353E+00  7.3604E-04
  5.8472E+00  7.2670E-04
  5.8591E+00  7.0556E-04
  5.8710E+00  6.7496E-04
  5.8830E+00  6.3835E-04
  5.8949E+00  6.0016E-04
  5.9068E+00  5.6555E-04
  5.9187E+00  5.4008E-04
  5.9306E+00  5.2930E-04
  5.9425E+00  5.3836E-04
  5.9544E+00  5.7151E-04
  5.9663E+00  6.3177E-04
  5.9782E+00  7.2060E-04
  5.9901E+00  8.3778E-04
  6.0020E+00  9.8130E-04
  6.0140E+00  1.1476E-03
  6.0259E+00  1.3315E-03
  6.0378E+00  1.5270E-03
  6.0497E+00  1.7275E-03
  6.0616E+00  1.9261E-03
  6.0735E+00  2.1163E-03
  6.0854E+00  2.2927E-03
  6.0973E+00  2.4508E-03
  6.1092E+00  2.5879E-03
  6.1211E+00  2.7029E-03
  6.1330E+00  2.7963E-03
  6.1449E+00  2.8700E-03
  6.1569E+00  2.9270E-03
  6.1688E+00  2.9712E-03
  6.1807E+00  3.0064E-03
  6.1926E+00  3.0364E-03
  6.2045E+00  3.0640E-03
  6.2164E+00  3.0913E-03
  6.2283E+00  3.1187E-03
  6.2402E+00  3.1456E-03
  6.2521E+00  3.1701E-03
  6.2640E+00  3.1892E-03
  6.2759E+00  3.1992E-03
  6.2879E+00  3.1964E-03
  6.2998E+00  3.1770E-03
  6.3117E+00  3.1378E-03
  6.3236E+00  3.0769E-03
  6.3355E+00  2.9931E-03
  6.3474E+00  2.8871E-03
  6.3593E+00  2.7607E-03
  6.3712E+00  2.6167E-03
  6.3831E+00  2.4592E-03
  6.3950E+00  2.2927E-03
  6.4069E+00  2.1217E-03
  6.4188E+00  1.9509E-03
  6.4308E+00  1.7840E-03
  6.4427E+00  1.6243E-03
  6.4546E+00  1.4737E-03
  6.4665E+00  1.3336E-03
  6.4784E+00  1.2043E-03
  6.4903E+00  1.0853E-03
  6.5022E+00  9.7574E-04
  6.5141E+00  8.7459E-04
  6.5260E+00  7.8076E-04
  6.5379E+00  6.9347E-04
  6.5498E+00  6.1233E-04
  6.5618E+00  5.3744E-04
  6.5737E+00  4.6934E-04
  6.5856E+00  4.0891E-04
  6.5975E+00  3.5717E-04
  6.6094E+00  3.1511E-04
  6.6213E+00  2.8341E-04
  6.6332E+00  2.6229E-04
  6.6451E+00  2.5137E-04
  6.6570E+00  2.4967E-04
  6.6689E+00  2.5562E-04
  6.6808E+00  2.6722E-04
  6.6928E+00  2.8230E-04
  6.7047E+00  2.9877E-04
  6.7166E+00  3.1494E-04
  6.7285E+00  3.2978E-04
  6.7404E+00  3.4315E-04
  6.7523E+00  3.5591E-04
  6.7642E+00  3.6992E-04
  6.7761E+00  3.8789E-04
  6.7880E+00  4.1313E-04
  6.7999E+00  4.4915E-04
  6.8118E+00  4.9924E-04
  6.8237E+00  5.6607E-04
  6.8357E+00  6.5124E-04
  6.8476E+00  7.5507E-04
  6.8595E+00  8.7648E-04
  6.8714E+00  1.0131E-03
  6.8833E+00  1.1614E-03
  6.8952E+00  1.3176E-03
  6.9071E+00  1.4778E-03
  6.9190E+00  1.6391E-03
  6.9309E+00  1.8003E-03
  6.9428E+00  1.9626E-03
  6.9547E+00  2.1301E-03
  6.9667E+00  2.3103E-03
  6.9786E+00  2.5142E-03
  6.9905E+00  2.7553E-03
  7.0024E+00  3.0498E-03
  7.0143E+00  3.4147E-03
  7.0262E+00  3.8668E-03
  7.0381E+00  4.4210E-03
  7.0500E+00  5.0886E-03
  7.0619E+00  5.8760E-03
  7.0738E+00  6.7831E-03
  7.0857E+00  7.8023E-03
  7.0977E+00  8.9180E-03
  7.1096E+00  1.0107E-02
  7.1215E+00  1.1338E-02
  7.1334E+00  1.2574E-02
  7.1453E+00  1.3773E-02
  7.1572E+00  1.4891E-02
  7.1691E+00  1.5885E-02
  7.1810E+00  1.6712E-02
  7.1929E+00  1.7338E-02
  7.2048E+00  1.7735E-02
  7.2167E+00  1.7886E-02
  7.2286E+00  1.7785E-02
  7.2406E+00  1.7438E-02
  7.2525E+00  1.6862E-02
  7.2644E+00  1.6084E-02
  7.2763E+00  1.5139E-02
  7.2882E+00  1.4068E-02
  7.3001E+00  1.2914E-02
  7.3120E+00  1.1721E-02
  7.3239E+00  1.0529E-02
  7.3358E+00  9.3739E-03
  7.3477E+00  8.2845E-03
  7.3596E+00  7.2820E-03
  7.3716E+00  6.3791E-03
  7.3835E+00  5.5810E-03
  7.3954E+00  4.8856E-03
  7.4073E+00  4.2850E-03
  7.4192E+00  3.7676E-03
  7.4311E+00  3.3195E-03
  7.4430E+00  2.9264E-03
  7.4549E+00  2.5758E-03
  7.4668E+00  2.2574E-03
  7.4787E+00  1.9647E-03
  7.4906E+00  1.6947E-03
  7.5026E+00  1.4478E-03
  7.5145E+00  1.2271E-03
  7.5264E+00  1.0374E-03
  7.5383E+00  8.8350E-04
  7.5502E+00  7.6951E-04
  7.5621E+00  6.9734E-04
  7.5740E+00  6.6607E-04
  7.5859E+00  6.7155E-04
  7.5978E+00  7.0660E-04
  7.6097E+00  7.6160E-04
  7.6216E+00  8.2566E-04
  7.6335E+00  8.8799E-04
  7.6455E+00  9.3959E-04
  7.6574E+00  9.7483E-04
  7.6693E+00  9.9277E-04
  7.6812E+00  9.9816E-04
  7.6931E+00  1.0018E-03
  7.7050E+00  1.0200E-03
  7.7169E+00  1.0742E-03
  7.7288E+00  1.1887E-03
  7.7407E+00  1.3891E-03
  7.7526E+00  1.7000E-03
  7.7645E+00  2.1426E-03
  7.7765E+00  2.7332E-03
  7.7884E+00  3.4814E-03
  7.8003E+00  4.3899E-03
  7.8122E+00  5.4549E-03
  7.8241E+00  6.6672E-03
  7.8360E+00  8.0154E-03
  7.8479E+00  9.4887E-03
  7.8598E+00  1.1081E-02
  7.8717E+00  1.2796E-02
  7.8836E+00  1.4649E-02
  7.8955E+00  1.6674E-02
  7.9075E+00  1.8922E-02
  7.9194E+00  2.1463E-02
  7.9313E+00  2.4387E-02
  7.9432E+00  2.7795E-02
  7.9551E+00  3.1798E-02
  7.9670E+00  3.6509E-02
  7.9789E+00  4.2031E-02
  7.9908E+00  4.8448E-02
  8.0027E+00  5.5816E-02
  8.0146E+00  6.4149E-02
  8.0265E+00  7.3412E-02
  8.0384E+00  8.3516E-02
  8.0504E+00  9.4310E-02
  8.0623E+00  1.0559E-01
  8.0742E+00  1.1708E-01
  8.0861E+00  1.2847E-01
  8.0980E+00  1.3943E-01
  8.1099E+00  1.4960E-01
  8.1218E+00  1.5861E-01
  8.1337E+00  1.6612E-01
  8.1456E+00  1.7185E-01
  8.1575E+00  1.7554E-01
  8.1694E+00  1.7704E-01
  8.1814E+00  1.7624E-01
  8.1933E+00  1.7316E-01
  8.2052E+00  1.6787E-01
  8.2171E+00  1.6054E-01
  8.2290E+00  1.5144E-01
  8.2409E+00  1.4088E-01
  8.2528E+00  1.2924E-01
  8.2647E+00  1.1691E-01
  8.2766E+00  1.0433E-01
  8.2885E+00  9.1901E-02
  8.3004E+00  8.0009E-02
  8.3124E+00  6.8988E-02
  8.3243E+00  5.9104E-02
  8.3362E+00  5.0547E-02
  8.3481E+00  4.3421E-02
  8.3600E+00  3.7746E-02
  8.3719E+00  3.3458E-02
  8.3838E+00  3.0426E-02
  8.3957E+00  2.8460E-02
  8.4076E+00  2.7332E-02
  8.4195E+00  2.6792E-02
  8.4314E+00  2.6590E-02
  8.4433E+00  2.6488E-02
  8.4553E+00  2.6283E-02
  8.4672E+00  2.5813E-02
  8.4791E+00  2.4970E-02
  8.4910E+00  2.3698E-02
  8.5029E+00  2.2003E-02
  8.5148E+00  1.9938E-02
  8.5267E+00  1.7599E-02
  8.5386E+00  1.5117E-02
  8.5505E+00  1.2636E-02
  8.5624E+00  1.0305E-02
  8.5743E+00  8.2641E-03
  8.5863E+00  6.6271E-03
  8.5982E+00  5.4768E-03
  8.6101E+00  4.8564E-03
  8.6220E+00  4.7670E-03
  8.6339E+00  5.1690E-03
  8.6458E+00  5.9861E-03
  8.6577E+00  7.1128E-03
  8.6696E+00  8.4241E-03
  8.6815E+00  9.7864E-03
  8.6934E+00  1.1069E-02
  8.7053E+00  1.2156E-02
  8.7173E+00  1.2956E-02
  8.7292E+00  1.3408E-02
  8.7411E+00  1.3491E-02
  8.7530E+00  1.3218E-02
  8.7649E+00  1.2645E-02
  8.7768E+00  1.1856E-02
  8.7887E+00  1.0962E-02
  8.8006E+00  1.0089E-02
  8.8125E+00  9.3674E-03
  8.8244E+00  8.9222E-03
  8.8363E+00  8.8619E-03
  8.8482E+00  9.2703E-03
  8.8602E+00  1.0199E-02
  8.8721E+00  1.1665E-02
  8.8840E+00  1.3646E-02
  8.8959E+00  1.6083E-02
  8.9078E+00  1.8886E-02
  8.9197E+00  2.1936E-02
  8.9316E+00  2.5097E-02
  8.9435E+00  2.8222E-02
  8.9554E+00  3.1165E-02
  8.9673E+00  3.3787E-02
  8.9792E+00  3.5972E-02
  8.9912E+00  3.7624E-02
  9.0031E+00  3.8682E-02
  9.0150E+00  3.9114E-02
  9.0269E+00  3.8923E-02
  9.0388E+00  3.8141E-02
  9.0507E+00  3.6826E-02
  9.0626E+00  3.5058E-02
  9.0745E+00  3.2930E-02
  9.0864E+00  3.0542E-02
  9.0983E+00  2.7995E-02
  9.1102E+00  2.5386E-02
  9.1222E+00  2.2801E-02
  9.1341E+00  2.0312E-02
  9.1460E+00  1.7974E-02
  9.1579E+00  1.5828E-02
  9.1698E+00  1.3895E-02
  9.1817E+00  1.2181E-02
  9.1936E+00  1.0678E-02
  9.2055E+00  9.3713E-03
  9.2174E+00  8.2354E-03
  9.2293E+00  7.2435E-03
  9.2412E+00  6.3684E-03
  9.2531E+00  5.5853E-03
  9.2651E+00  4.8738E-03
  9.2770E+00  4.2189E-03
  9.2889E+00  3.6115E-03
  9.3008E+00  3.0477E-03
  9.3127E+00  2.5282E-03
  9.3246E+00  2.0567E-03
  9.3365E+00  1.6384E-03
  9.3484E+00  1.2785E-03
  9.3603E+00  9.8070E-04
  9.3722E+00  7.4629E-04
  9.3841E+00  5.7350E-04
  9.3961E+00  4.5732E-04
  9.4080E+00  3.8978E-04
  9.4199E+00  3.6071E-04
  9.4318E+00  3.5871E-04
  9.4437E+00  3.7225E-04
  9.4556E+00  3.9084E-04
  9.4675E+00  4.0604E-04
  9.4794E+00  4.1210E-04
  9.4913E+00  4.0644E-04
  9.5032E+00  3.8962E-04
  9.5151E+00  3.6500E-04
  9.5271E+00  3.3811E-04
  9.5390E+00  3.1573E-04
  9.5509E+00  3.0490E-04
  9.5628E+00  3.1192E-04
  9.5747E+00  3.4141E-04
  9.5866E+00  3.9565E-04
  9.5985E+00  4.7420E-04
  9.6104E+00  5.7383E-04
  9.6223E+00  6.8889E-04
  9.6342E+00  8.1193E-04
  9.6461E+00  9.3466E-04
  9.6580E+00  1.0490E-03
  9.6700E+00  1.1482E-03
  9.6819E+00  1.2278E-03
  9.6938E+00  1.2867E-03
  9.7057E+00  1.3273E-03
  9.7176E+00  1.3560E-03
  9.7295E+00  1.3824E-03
  9.7414E+00  1.4196E-03
  9.7533E+00  1.4820E-03
  9.7652E+00  1.5851E-03
  9.7771E+00  1.7436E-03
  9.7890E+00  1.9697E-03
  9.8010E+00  2.2722E-03
  9.8129E+00  2.6552E-03
  9.8248E+00  3.1169E-03
  9.8367E+00  3.6499E-03
  9.8486E+00  4.2408E-03
  9.8605E+00  4.8709E-03
  9.8724E+00  5.5173E-03
  9.8843E+00  6.1547E-03
  9.8962E+00  6.7561E-03
  9.9081E+00  7.2957E-03
  9.9200E+00  7.7496E-03
  9.9319E+00  8.0980E-03
  9.9439E+00  8.3260E-03
  9.9558E+00  8.4247E-03
  9.9677E+00  8.3915E-03
  9.9796E+00  8.2300E-03
  9.9915E+00  7.9500E-03
  1.0003E+01  7.5664E-03
  1.0015E+01  7.0982E-03
  1.0027E+01  6.5671E-03
  1.0039E+01  5.9961E-03
  1.0051E+01  5.4080E-03
  1.0063E+01  4.8240E-03
  1.0075E+01  4.2623E-03
  1.0087E+01  3.7377E-03
  1.0099E+01  3.2605E-03
  1.0111E+01  2.8366E-03
  1.0122E+01  2.4677E-03
  1.0134E+01  2.1519E-03
  1.0146E+01  1.8842E-03
  1.0158E+01  1.6579E-03
  1.0170E+01  1.4651E-03
  1.0182E+01  1.2976E-03
  1.0194E+01  1.1484E-03
  1.0206E+01  1.0113E-03
  1.0218E+01  8.8235E-04
  1.0230E+01  7.5902E-04
  1.0242E+01  6.4080E-04
  1.0253E+01  5.2865E-04
  1.0265E+01  4.2462E-04
  1.0277E+01  3.3130E-04
  1.0289E+01  2.5133E-04
  1.0301E+01  1.8685E-04
  1.0313E+01  1.3909E-04
  1.0325E+01  1.0818E-04
  1.0337E+01  9.2989E-05
  1.0349E+01  9.1238E-05
  1.0361E+01  9.9721E-05
  1.0373E+01  1.1465E-04
  1.0384E+01  1.3207E-04
  1.0396E+01  1.4827E-04
  1.0408E+01  1.6023E-04
  1.0420E+01  1.6589E-04
  1.0432E+01  1.6438E-04
  1.0444E+01  1.5611E-04
  1.0456E+01  1.4267E-04
  1.0468E+01  1.2660E-04
  1.0480E+01  1.1112E-04
  1.0492E+01  9.9672E-05
  1.0504E+01  9.5494E-05
  1.0515E+01  1.0122E-04
  1.0527E+01  1.1854E-04
  1.0539E+01  1.4794E-04
  1.0551E+01  1.8865E-04
  1.0563E+01  2.3868E-04
  1.0575E+01  2.9509E-04
  1.0587E+01  3.5426E-04
  1.0599E+01  4.1243E-04
  1.0611E+01  4.6608E-04
  1.0623E+01  5.1249E-04
  1.0635E+01  5.5014E-04
  1.0646E+01  5.7901E-04
  1.0658E+01  6.0079E-04
  1.0670E+01  6.1886E-04
  1.0682E+01  6.3812E-04
  1.0694E+01  6.6462E-04
  1.0706E+01  7.0507E-04
  1.0718E+01  7.6619E-04
  1.0730E+01  8.5406E-04
  1.0742E+01  9.7345E-04
  1.0754E+01  1.1272E-03
  1.0766E+01  1.3159E-03
  1.0777E+01  1.5374E-03
  1.0789E+01  1.7870E-03
  1.0801E+01  2.0573E-03
  1.0813E+01  2.3391E-03
  1.0825E+01  2.6212E-03
  1.0837E+01  2.8918E-03
  1.0849E+01  3.1388E-03
  1.0861E+01  3.3509E-03
  1.0873E+01  3.5180E-03
  1.0885E+01  3.6324E-03
  1.0897E+01  3.6889E-03
  1.0908E+01  3.6853E-03
  1.0920E+01  3.6227E-03
  1.0932E+01  3.5051E-03
  1.0944E+01  3.3392E-03
  1.0956E+01  3.1339E-03
  1.0968E+01  2.8996E-03
  1.0980E+01  2.6472E-03
  1.0992E+01  2.3876E-03
  1.1004E+01  2.1310E-03
  1.1016E+01  1.8858E-03
  1.1028E+01  1.6588E-03
  1.1039E+01  1.4544E-03
  1.1051E+01  1.2750E-03
  1.1063E+01  1.1209E-03
  1.1075E+01  9.9029E-04
  1.1087E+01  8.8043E-04
  1.1099E+01  7.8747E-04
  1.1111E+01  7.0724E-04
  1.1123E+01  6.3573E-04
  1.1135E+01  5.6944E-04
  1.1147E+01  5.0580E-04
  1.1159E+01  4.4326E-04
  1.1170E+01  3.8140E-04
  1.1182E+01  3.2081E-04
  1.1194E+01  2.6287E-04
  1.1206E+01  2.0950E-04
  1.1218E+01  1.6276E-04
  1.1230E+01  1.2453E-04
  1.1242E+01  9.6201E-05
  1.1254E+01  7.8457E-05
  1.1266E+01  7.1109E-05
  1.1278E+01  7.3084E-05
  1.1290E+01  8.2512E-05
  1.1301E+01  9.6909E-05
  1.1313E+01  1.1345E-04
  1.1325E+01  1.2928E-04
  1.1337E+01  1.4186E-04
  1.1349E+01  1.4924E-04
  1.1361E+01  1.5035E-04
  1.1373E+01  1.4512E-04
  1.1385E+01  1.3453E-04
  1.1397E+01  1.2056E-04
  1.1409E+01  1.0594E-04
  1.1421E+01  9.3922E-05
  1.1432E+01  8.7886E-05
  1.1444E+01  9.1005E-05
  1.1456E+01  1.0587E-04
  1.1468E+01  1.3423E-04
  1.1480E+01  1.7675E-04
  1.1492E+01  2.3298E-04
  1.1504E+01  3.0142E-04
  1.1516E+01  3.7967E-04
  1.1528E+01  4.6477E-04
  1.1540E+01  5.5363E-04
  1.1552E+01  6.4347E-04
  1.1563E+01  7.3227E-04
  1.1575E+01  8.1926E-04
  1.1587E+01  9.0523E-04
  1.1599E+01  9.9272E-04
  1.1611E+01  1.0861E-03
  1.1623E+01  1.1912E-03
  1.1635E+01  1.3155E-03
  1.1647E+01  1.4668E-03
  1.1659E+01  1.6534E-03
  1.1671E+01  1.8827E-03
  1.1683E+01  2.1610E-03
  1.1694E+01  2.4921E-03
  1.1706E+01  2.8776E-03
  1.1718E+01  3.3155E-03
  1.1730E+01  3.8004E-03
  1.1742E+01  4.3236E-03
  1.1754E+01  4.8728E-03
  1.1766E+01  5.4328E-03
  1.1778E+01  5.9864E-03
  1.1790E+01  6.5151E-03
  1.1802E+01  7.0000E-03
  1.1814E+01  7.4232E-03
  1.1825E+01  7.7685E-03
  1.1837E+01  8.0229E-03
  1.1849E+01  8.1769E-03
  1.1861E+01  8.2251E-03
  1.1873E+01  8.1668E-03
  1.1885E+01  8.0055E-03
  1.1897E+01  7.7486E-03
  1.1909E+01  7.4073E-03
  1.1921E+01  6.9953E-03
  1.1933E+01  6.5282E-03
  1.1945E+01  6.0226E-03
  1.1956E+01  5.4954E-03
  1.1968E+01  4.9625E-03
  1.1980E+01  4.4385E-03
  1.1992E+01  3.9361E-03
  1.2004E+01  3.4654E-03
  1.2016E+01  3.0338E-03
  1.2028E+01  2.6461E-03
  1.2040E+01  2.3043E-03
  1.2052E+01  2.0083E-03
  1.2064E+01  1.7557E-03
  1.2076E+01  1.5431E-03
  1.2087E+01  1.3655E-03
  1.2099E+01  1.2181E-03
  1.2111E+01  1.0954E-03
  1.2123E+01  9.9271E-04
  1.2135E+01  9.0571E-04
  1.2147E+01  8.3084E-04
  1.2159E+01  7.6532E-04
  1.2171E+01  7.0714E-04
  1.2183E+01  6.5489E-04
  1.2195E+01  6.0766E-04
  1.2207E+01  5.6482E-04
  1.2218E+01  5.2595E-04
  1.2230E+01  4.9061E-04
  1.2242E+01  4.5831E-04
  1.2254E+01  4.2847E-04
  1.2266E+01  4.0042E-04
  1.2278E+01  3.7344E-04
  1.2290E+01  3.4686E-04
  1.2302E+01  3.2016E-04
  1.2314E+01  2.9303E-04
  1.2326E+01  2.6546E-04
  1.2338E+01  2.3778E-04
  1.2349E+01  2.1062E-04
  1.2361E+01  1.8487E-04
  1.2373E+01  1.6163E-04
  1.2385E+01  1.4203E-04
  1.2397E+01  1.2711E-04
  1.2409E+01  1.1772E-04
  1.2421E+01  1.1433E-04
  1.2433E+01  1.1697E-04
  1.2445E+01  1.2519E-04
  1.2457E+01  1.3805E-04
  1.2469E+01  1.5417E-04
  1.2480E+01  1.7184E-04
  1.2492E+01  1.8919E-04
  1.2504E+01  2.0438E-04
  1.2516E+01  2.1574E-04
  1.2528E+01  2.2198E-04
  1.2540E+01  2.2232E-04
  1.2552E+01  2.1658E-04
  1.2564E+01  2.0521E-04
  1.2576E+01  1.8924E-04
  1.2588E+01  1.7022E-04
  1.2600E+01  1.5007E-04
  1.2611E+01  1.3085E-04
  1.2623E+01  1.1462E-04
  1.2635E+01  1.0318E-04
  1.2647E+01  9.7927E-05
  1.2659E+01  9.9652E-05
  1.2671E+01  1.0849E-04
  1.2683E+01  1.2388E-04
  1.2695E+01  1.4460E-04
  1.2707E+01  1.6887E-04
  1.2719E+01  1.9455E-04
  1.2731E+01  2.1932E-04
  1.2742E+01  2.4092E-04
  1.2754E+01  2.5737E-04
  1.2766E+01  2.6718E-04
  1.2778E+01  2.6945E-04
  1.2790E+01  2.6400E-04
  1.2802E+01  2.5137E-04
  1.2814E+01  2.3273E-04
  1.2826E+01  2.0981E-04
  1.2838E+01  1.8469E-04
  1.2850E+01  1.5959E-04
  1.2862E+01  1.3669E-04
  1.2873E+01  1.1786E-04
  1.2885E+01  1.0451E-04
  1.2897E+01  9.7434E-05
  1.2909E+01  9.6749E-05
  1.2921E+01  1.0189E-04
  1.2933E+01  1.1169E-04
  1.2945E+01  1.2450E-04
  1.2957E+01  1.3839E-04
  1.2969E+01  1.5134E-04
  1.2981E+01  1.6152E-04
  1.2993E+01  1.6740E-04
  1.3004E+01  1.6799E-04
  1.3016E+01  1.6291E-04
  1.3028E+01  1.5242E-04
  1.3040E+01  1.3739E-04
  1.3052E+01  1.1922E-04
  1.3064E+01  9.9665E-05
  1.3076E+01  8.0660E-05
  1.3088E+01  6.4089E-05
  1.3100E+01  5.1591E-05
  1.3112E+01  4.4375E-05
  1.3124E+01  4.3089E-05
  1.3135E+01  4.7749E-05
  1.3147E+01  5.7744E-05
  1.3159E+01  7.1910E-05
  1.3171E+01  8.8675E-05
  1.3183E+01  1.0625E-04
  1.3195E+01  1.2284E-04
  1.3207E+01  1.3688E-04
  1.3219E+01  1.4723E-04
  1.3231E+01  1.5332E-04
  1.3243E+01  1.5525E-04
  1.3255E+01  1.5382E-04
  1.3266E+01  1.5047E-04
  1.3278E+01  1.4713E-04
  1.3290E+01  1.4606E-04
  1.3302E+01  1.4964E-04
  1.3314E+01  1.6008E-04
  1.3326E+01  1.7922E-04
  1.3338E+01  2.0832E-04
  1.3350E+01  2.4794E-04
  1.3362E+01  2.9787E-04
  1.3374E+01  3.5718E-04
  1.3386E+01  4.2433E-04
  1.3397E+01  4.9740E-04
  1.3409E+01  5.7432E-04
  1.3421E+01  6.5318E-04
  1.3433E+01  7.3252E-04
  1.3445E+01  8.1157E-04
  1.3457E+01  8.9043E-04
  1.3469E+01  9.7016E-04
  1.3481E+01  1.0528E-03
  1.3493E+01  1.1410E-03
  1.3505E+01  1.2384E-03
  1.3517E+01  1.3485E-03
  1.3528E+01  1.4747E-03
  1.3540E+01  1.6198E-03
  1.3552E+01  1.7857E-03
  1.3564E+01  1.9728E-03
  1.3576E+01  2.1798E-03
  1.3588E+01  2.4036E-03
  1.3600E+01  2.6392E-03
  1.3612E+01  2.8803E-03
  1.3624E+01  3.1188E-03
  1.3636E+01  3.3460E-03
  1.3647E+01  3.5529E-03
  1.3659E+01  3.7306E-03
  1.3671E+01  3.8712E-03
  1.3683E+01  3.9680E-03
  1.3695E+01  4.0161E-03
  1.3707E+01  4.0131E-03
  1.3719E+01  3.9586E-03
  1.3731E+01  3.8548E-03
  1.3743E+01  3.7061E-03
  1.3755E+01  3.5189E-03
  1.3767E+01  3.3012E-03
  1.3778E+01  3.0618E-03
  1.3790E+01  2.8100E-03
  1.3802E+01  2.5550E-03
  1.3814E+01  2.3050E-03
  1.3826E+01  2.0669E-03
  1.3838E+01  1.8459E-03
  1.3850E+01  1.6455E-03
  1.3862E+01  1.4672E-03
  1.3874E+01  1.3107E-03
  1.3886E+01  1.1745E-03
  1.3898E+01  1.0557E-03
  1.3909E+01  9.5100E-04
  1.3921E+01  8.5705E-04
  1.3933E+01  7.7058E-04
  1.3945E+01  6.8905E-04
  1.3957E+01  6.1072E-04
  1.3969E+01  5.3488E-04
  1.3981E+01  4.6176E-04
  1.3993E+01  3.9242E-04
  1.4005E+01  3.2853E-04
  1.4017E+01  2.7205E-04
  1.4029E+01  2.2489E-04
  1.4040E+01  1.8861E-04
  1.4052E+01  1.6412E-04
  1.4064E+01  1.5156E-04
  1.4076E+01  1.5018E-04
  1.4088E+01  1.5838E-04
  1.4100E+01  1.7390E-04
  1.4112E+01  1.9407E-04
  1.4124E+01  2.1605E-04
  1.4136E+01  2.3724E-04
  1.4148E+01  2.5554E-04
  1.4160E+01  2.6966E-04
  1.4171E+01  2.7924E-04
  1.4183E+01  2.8499E-04
  1.4195E+01  2.8857E-04
  1.4207E+01  2.9248E-04
  1.4219E+01  2.9976E-04
  1.4231E+01  3.1364E-04
  1.4243E+01  3.3716E-04
  1.4255E+01  3.7281E-04
  1.4267E+01  4.2226E-04
  1.4279E+01  4.8611E-04
  1.4291E+01  5.6388E-04
  1.4302E+01  6.5414E-04
  1.4314E+01  7.5470E-04
  1.4326E+01  8.6310E-04
  1.4338E+01  9.7704E-04
  1.4350E+01  1.0950E-03
  1.4362E+01  1.2166E-03
  1.4374E+01  1.3433E-03
  1.4386E+01  1.4786E-03
  1.4398E+01  1.6281E-03
  1.4410E+01  1.7995E-03
  1.4422E+01  2.0022E-03
  1.4433E+01  2.2466E-03
  1.4445E+01  2.5432E-03
  1.4457E+01  2.9020E-03
  1.4469E+01  3.3309E-03
  1.4481E+01  3.8349E-03
  1.4493E+01  4.4153E-03
  1.4505E+01  5.0687E-03
  1.4517E+01  5.7867E-03
  1.4529E+01  6.5557E-03
  1.4541E+01  7.3574E-03
  1.4553E+01  8.1692E-03
  1.4564E+01  8.9654E-03
  1.4576E+01  9.7182E-03
  1.4588E+01  1.0399E-02
  1.4600E+01  1.0982E-02
  1.4612E+01  1.1442E-02
  1.4624E+01  1.1759E-02
  1.4636E+01  1.1919E-02
  1.4648E+01  1.1915E-02
  1.4660E+01  1.1747E-02
  1.4672E+01  1.1421E-02
  1.4684E+01  1.0954E-02
  1.4695E+01  1.0364E-02
  1.4707E+01  9.6767E-03
  1.4719E+01  8.9207E-03
  1.4731E+01  8.1248E-03
  1.4743E+01  7.3175E-03
  1.4755E+01  6.5250E-03
  1.4767E+01  5.7695E-03
  1.4779E+01  5.0687E-03
  1.4791E+01  4.4346E-03
  1.4803E+01  3.8739E-03
  1.4815E+01  3.3877E-03
  1.4826E+01  2.9728E-03
  1.4838E+01  2.6224E-03
  1.4850E+01  2.3270E-03
  1.4862E+01  2.0759E-03
  1.4874E+01  1.8584E-03
  1.4886E+01  1.6650E-03
  1.4898E+01  1.4876E-03
  1.4910E+01  1.3210E-03
  1.4922E+01  1.1623E-03
  1.4934E+01  1.0110E-03
  1.4946E+01  8.6881E-04
  1.4957E+01  7.3886E-04
  1.4969E+01  6.2478E-04
  1.4981E+01  5.3003E-04
  1.4993E+01  4.5718E-04
  1.5005E+01  4.0727E-04
  1.5017E+01  3.7954E-04
  1.5029E+01  3.7132E-04
  1.5041E+01  3.7827E-04
  1.5053E+01  3.9488E-04
  1.5065E+01  4.1511E-04
  1.5077E+01  4.3327E-04
  1.5088E+01  4.4482E-04
  1.5100E+01  4.4718E-04
  1.5112E+01  4.4033E-04
  1.5124E+01  4.2714E-04
  1.5136E+01  4.1338E-04
  1.5148E+01  4.0745E-04
  1.5160E+01  4.1970E-04
  1.5172E+01  4.6160E-04
  1.5184E+01  5.4467E-04
  1.5196E+01  6.7948E-04
  1.5208E+01  8.7466E-04
  1.5219E+01  1.1362E-03
  1.5231E+01  1.4671E-03
  1.5243E+01  1.8673E-03
  1.5255E+01  2.3343E-03
  1.5267E+01  2.8640E-03
  1.5279E+01  3.4519E-03
  1.5291E+01  4.0952E-03
  1.5303E+01  4.7937E-03
  1.5315E+01  5.5520E-03
  1.5327E+01  6.3809E-03
  1.5339E+01  7.2978E-03
  1.5350E+01  8.3275E-03
  1.5362E+01  9.5012E-03
  1.5374E+01  1.0855E-02
  1.5386E+01  1.2429E-02
  1.5398E+01  1.4262E-02
  1.5410E+01  1.6389E-02
  1.5422E+01  1.8838E-02
  1.5434E+01  2.1626E-02
  1.5446E+01  2.4753E-02
  1.5458E+01  2.8200E-02
  1.5470E+01  3.1930E-02
  1.5481E+01  3.5879E-02
  1.5493E+01  3.9965E-02
  1.5505E+01  4.4083E-02
  1.5517E+01  4.8114E-02
  1.5529E+01  5.1925E-02
  1.5541E+01  5.5379E-02
  1.5553E+01  5.8344E-02
  1.5565E+01  6.0694E-02
  1.5577E+01  6.2326E-02
  1.5589E+01  6.3160E-02
  1.5601E+01  6.3146E-02
  1.5612E+01  6.2271E-02
  1.5624E+01  6.0555E-02
  1.5636E+01  5.8056E-02
  1.5648E+01  5.4864E-02
  1.5660E+01  5.1097E-02
  1.5672E+01  4.6897E-02
  1.5684E+01  4.2420E-02
  1.5696E+01  3.7826E-02
  1.5708E+01  3.3278E-02
  1.5720E+01  2.8925E-02
  1.5732E+01  2.4900E-02
  1.5743E+01  2.1309E-02
  1.5755E+01  1.8230E-02
  1.5767E+01  1.5706E-02
  1.5779E+01  1.3746E-02
  1.5791E+01  1.2327E-02
  1.5803E+01  1.1396E-02
  1.5815E+01  1.0874E-02
  1.5827E+01  1.0667E-02
  1.5839E+01  1.0672E-02
  1.5851E+01  1.0782E-02
  1.5863E+01  1.0899E-02
  1.5874E+01  1.0939E-02
  1.5886E+01  1.0835E-02
  1.5898E+01  1.0544E-02
  1.5910E+01  1.0048E-02
  1.5922E+01  9.3510E-03
  1.5934E+01  8.4823E-03
  1.5946E+01  7.4883E-03
  1.5958E+01  6.4294E-03
  1.5970E+01  5.3737E-03
  1.5982E+01  4.3905E-03
  1.5994E+01  3.5443E-03
  1.6005E+01  2.8887E-03
  1.6017E+01  2.4620E-03
  1.6029E+01  2.2839E-03
  1.6041E+01  2.3543E-03
  1.6053E+01  2.6536E-03
  1.6065E+01  3.1450E-03
  1.6077E+01  3.7776E-03
  1.6089E+01  4.4916E-03
  1.6101E+01  5.2234E-03
  1.6113E+01  5.9112E-03
  1.6125E+01  6.5005E-03
  1.6136E+01  6.9488E-03
  1.6148E+01  7.2292E-03
  1.6160E+01  7.3334E-03
  1.6172E+01  7.2720E-03
  1.6184E+01  7.0746E-03
  1.6196E+01  6.7871E-03
  1.6208E+01  6.4685E-03
  1.6220E+01  6.1865E-03
  1.6232E+01  6.0116E-03
  1.6244E+01  6.0117E-03
  1.6256E+01  6.2468E-03
  1.6267E+01  6.7639E-03
  1.6279E+01  7.5930E-03
  1.6291E+01  8.7449E-03
  1.6303E+01  1.0209E-02
  1.6315E+01  1.1956E-02
  1.6327E+01  1.3935E-02
  1.6339E+01  1.6081E-02
  1.6351E+01  1.8317E-02
  1.6363E+01  2.0556E-02
  1.6375E+01  2.2711E-02
  1.6387E+01  2.4694E-02
  1.6398E+01  2.6428E-02
  1.6410E+01  2.7845E-02
  1.6422E+01  2.8893E-02
  1.6434E+01  2.9537E-02
  1.6446E+01  2.9763E-02
  1.6458E+01  2.9575E-02
  1.6470E+01  2.8994E-02
  1.6482E+01  2.8057E-02
  1.6494E+01  2.6815E-02
  1.6506E+01  2.5325E-02
  1.6518E+01  2.3650E-02
  1.6529E+01  2.1854E-02
  1.6541E+01  1.9997E-02
  1.6553E+01  1.8134E-02
  1.6565E+01  1.6314E-02
  1.6577E+01  1.4574E-02
  1.6589E+01  1.2944E-02
  1.6601E+01  1.1442E-02
  1.6613E+01  1.0078E-02
  1.6625E+01  8.8546E-03
  1.6637E+01  7.7665E-03
  1.6649E+01  6.8046E-03
  1.6660E+01  5.9564E-03
  1.6672E+01  5.2079E-03
  1.6684E+01  4.5451E-03
  1.6696E+01  3.9550E-03
  1.6708E+01  3.4262E-03
  1.6720E+01  2.9501E-03
  1.6732E+01  2.5200E-03
  1.6744E+01  2.1319E-03
  1.6756E+01  1.7833E-03
  1.6768E+01  1.4734E-03
  1.6780E+01  1.2019E-03
  1.6791E+01  9.6871E-04
  1.6803E+01  7.7353E-04
  1.6815E+01  6.1526E-04
  1.6827E+01  4.9192E-04
  1.6839E+01  4.0051E-04
  1.6851E+01  3.3715E-04
  1.6863E+01  2.9724E-04
  1.6875E+01  2.7579E-04
  1.6887E+01  2.6778E-04
  1.6899E+01  2.6847E-04
  1.6911E+01  2.7375E-04
  1.6922E+01  2.8033E-04
  1.6934E+01  2.8589E-04
  1.6946E+01  2.8912E-04
  1.6958E+01  2.8960E-04
  1.6970E+01  2.8767E-04
  1.6982E+01  2.8423E-04
  1.6994E+01  2.8045E-04
  1.7006E+01  2.7760E-04
  1.7018E+01  2.7678E-04
  1.7030E+01  2.7881E-04
  1.7042E+01  2.8417E-04
  1.7053E+01  2.9297E-04
  1.7065E+01  3.0501E-04
  1.7077E+01  3.1996E-04
  1.7089E+01  3.3746E-04
  1.7101E+01  3.5737E-04
  1.7113E+01  3.7986E-04
  1.7125E+01  4.0560E-04
  1.7137E+01  4.3576E-04
  1.7149E+01  4.7206E-04
  1.7161E+01  5.1665E-04
  1.7173E+01  5.7195E-04
  1.7184E+01  6.4045E-04
  1.7196E+01  7.2440E-04
  1.7208E+01  8.2560E-04
  1.7220E+01  9.4506E-04
  1.7232E+01  1.0828E-03
  1.7244E+01  1.2377E-03
  1.7256E+01  1.4075E-03
  1.7268E+01  1.5884E-03
  1.7280E+01  1.7757E-03
  1.7292E+01  1.9639E-03
  1.7304E+01  2.1467E-03
  1.7315E+01  2.3176E-03
  1.7327E+01  2.4702E-03
  1.7339E+01  2.5988E-03
  1.7351E+01  2.6986E-03
  1.7363E+01  2.7659E-03
  1.7375E+01  2.7985E-03
  1.7387E+01  2.7957E-03
  1.7399E+01  2.7584E-03
  1.7411E+01  2.6886E-03
  1.7423E+01  2.5900E-03
  1.7435E+01  2.4668E-03
  1.7446E+01  2.3241E-03
  1.7458E+01  2.1674E-03
  1.7470E+01  2.0020E-03
  1.7482E+01  1.8331E-03
  1.7494E+01  1.6653E-03
  1.7506E+01  1.5027E-03
  1.7518E+01  1.3483E-03
  1.7530E+01  1.2044E-03
  1.7542E+01  1.0723E-03
  1.7554E+01  9.5254E-04
  1.7565E+01  8.4499E-04
  1.7577E+01  7.4892E-04
  1.7589E+01  6.6324E-04
  1.7601E+01  5.8668E-04
  1.7613E+01  5.1790E-04
  1.7625E+01  4.5569E-04
  1.7637E+01  3.9901E-04
  1.7649E+01  3.4708E-04
  1.7661E+01  2.9940E-04
  1.7673E+01  2.5572E-04
  1.7685E+01  2.1599E-04
  1.7696E+01  1.8032E-04
  1.7708E+01  1.4888E-04
  1.7720E+01  1.2184E-04
  1.7732E+01  9.9299E-05
  1.7744E+01  8.1218E-05
  1.7756E+01  6.7419E-05
  1.7768E+01  5.7561E-05
  1.7780E+01  5.1155E-05
  1.7792E+01  4.7599E-05
  1.7804E+01  4.6225E-05
  1.7816E+01  4.6347E-05
  1.7827E+01  4.7316E-05
  1.7839E+01  4.8564E-05
  1.7851E+01  4.9639E-05
  1.7863E+01  5.0223E-05
  1.7875E+01  5.0142E-05
  1.7887E+01  4.9353E-05
  1.7899E+01  4.7927E-05
  1.7911E+01  4.6015E-05
  1.7923E+01  4.3822E-05
  1.7935E+01  4.1566E-05
  1.7947E+01  3.9453E-05
  1.7958E+01  3.7652E-05
  1.7970E+01  3.6279E-05
  1.7982E+01  3.5397E-05
  1.7994E+01  3.5018E-05
  1.8006E+01  3.5114E-05
  1.8018E+01  3.5641E-05
  1.8030E+01  3.6556E-05
  1.8042E+01  3.7837E-05
  1.8054E+01  3.9496E-05
  1.8066E+01  4.1594E-05
  1.8078E+01  4.4235E-05
  1.8089E+01  4.7568E-05
  1.8101E+01  5.1766E-05
  1.8113E+01  5.7013E-05
  1.8125E+01  6.3478E-05
  1.8137E+01  7.1297E-05
  1.8149E+01  8.0548E-05
  1.8161E+01  9.1242E-05
  1.8173E+01  1.0331E-04
  1.8185E+01  1.1660E-04
  1.8197E+01  1.3089E-04
  1.8209E+01  1.4591E-04
  1.8220E+01  1.6135E-04
  1.8232E+01  1.7687E-04
  1.8244E+01  1.9217E-04
  1.8256E+01  2.0695E-04
  1.8268E+01  2.2097E-04
  1.8280E+01  2.3406E-04
  1.8292E+01  2.4607E-04
  1.8304E+01  2.5693E-04
  1.8316E+01  2.6659E-04
  1.8328E+01  2.7502E-04
  1.8340E+01  2.8220E-04
  1.8351E+01  2.8811E-04
  1.8363E+01  2.9269E-04
  1.8375E+01  2.9585E-04
  1.8387E+01  2.9746E-04
  1.8399E+01  2.9738E-04
  1.8411E+01  2.9545E-04
  1.8423E+01  2.9152E-04
  1.8435E+01  2.8546E-04
  1.8447E+01  2.7720E-04
  1.8459E+01  2.6673E-04
  1.8471E+01  2.5415E-04
  1.8482E+01  2.3962E-04
  1.8494E+01  2.2343E-04
  1.8506E+01  2.0594E-04
  1.8518E+01  1.8758E-04
  1.8530E+01  1.6886E-04
  1.8542E+01  1.5029E-04
  1.8554E+01  1.3237E-04
  1.8566E+01  1.1556E-04
  1.8578E+01  1.0029E-04
  1.8590E+01  8.6857E-05
  1.8602E+01  7.5481E-05
  1.8613E+01  6.6258E-05
  1.8625E+01  5.9174E-05
  1.8637E+01  5.4109E-05
  1.8649E+01  5.0856E-05
  1.8661E+01  4.9142E-05
  1.8673E+01  4.8655E-05
  1.8685E+01  4.9067E-05
  1.8697E+01  5.0063E-05
  1.8709E+01  5.1356E-05
  1.8721E+01  5.2702E-05
  1.8733E+01  5.3910E-05
  1.8744E+01  5.4842E-05
  1.8756E+01  5.5410E-05
  1.8768E+01  5.5569E-05
  1.8780E+01  5.5309E-05
  1.8792E+01  5.4646E-05
  1.8804E+01  5.3618E-05
  1.8816E+01  5.2281E-05
  1.8828E+01  5.0708E-05
  1.8840E+01  4.9000E-05
  1.8852E+01  4.7288E-05
  1.8864E+01  4.5743E-05
  1.8875E+01  4.4586E-05
  1.8887E+01  4.4092E-05
  1.8899E+01  4.4593E-05
  1.8911E+01  4.6475E-05
  1.8923E+01  5.0166E-05
  1.8935E+01  5.6123E-05
  1.8947E+01  6.4815E-05
  1.8959E+01  7.6702E-05
  1.8971E+01  9.2213E-05
  1.8983E+01  1.1174E-04
  1.8995E+01  1.3560E-04
  1.9006E+01  1.6408E-04
  1.9018E+01  1.9742E-04
  1.9030E+01  2.3580E-04
  1.9042E+01  2.7943E-04
  1.9054E+01  3.2854E-04
  1.9066E+01  3.8344E-04
  1.9078E+01  4.4451E-04
  1.9090E+01  5.1227E-04
  1.9102E+01  5.8735E-04
  1.9114E+01  6.7049E-04
  1.9126E+01  7.6249E-04
  1.9137E+01  8.6414E-04
  1.9149E+01  9.7614E-04
  1.9161E+01  1.0989E-03
  1.9173E+01  1.2326E-03
  1.9185E+01  1.3769E-03
  1.9197E+01  1.5306E-03
  1.9209E+01  1.6922E-03
  1.9221E+01  1.8589E-03
  1.9233E+01  2.0275E-03
  1.9245E+01  2.1938E-03
  1.9257E+01  2.3530E-03
  1.9268E+01  2.4997E-03
  1.9280E+01  2.6284E-03
  1.9292E+01  2.7336E-03
  1.9304E+01  2.8103E-03
  1.9316E+01  2.8542E-03
  1.9328E+01  2.8619E-03
  1.9340E+01  2.8317E-03
  1.9352E+01  2.7633E-03
  1.9364E+01  2.6581E-03
  1.9376E+01  2.5192E-03
  1.9388E+01  2.3514E-03
  1.9399E+01  2.1607E-03
  1.9411E+01  1.9545E-03
  1.9423E+01  1.7408E-03
  1.9435E+01  1.5278E-03
  1.9447E+01  1.3237E-03
  1.9459E+01  1.1358E-03
  1.9471E+01  9.7067E-04
  1.9483E+01  8.3310E-04
  1.9495E+01  7.2620E-04
  1.9507E+01  6.5107E-04
  1.9519E+01  6.0682E-04
  1.9530E+01  5.9059E-04
  1.9542E+01  5.9784E-04
  1.9554E+01  6.2272E-04
  1.9566E+01  6.5852E-04
  1.9578E+01  6.9818E-04
  1.9590E+01  7.3488E-04
  1.9602E+01  7.6256E-04
  1.9614E+01  7.7634E-04
  1.9626E+01  7.7291E-04
  1.9638E+01  7.5074E-04
  1.9650E+01  7.1019E-04
  1.9661E+01  6.5342E-04
  1.9673E+01  5.8421E-04
  1.9685E+01  5.0757E-04
  1.9697E+01  4.2936E-04
  1.9709E+01  3.5574E-04
  1.9721E+01  2.9263E-04
  1.9733E+01  2.4521E-04
  1.9745E+01  2.1744E-04
  1.9757E+01  2.1169E-04
  1.9769E+01  2.2858E-04
  1.9781E+01  2.6688E-04
  1.9792E+01  3.2363E-04
  1.9804E+01  3.9443E-04
  1.9816E+01  4.7383E-04
  1.9828E+01  5.5585E-04
  1.9840E+01  6.3450E-04
  1.9852E+01  7.0441E-04
  1.9864E+01  7.6132E-04
  1.9876E+01  8.0253E-04
  1.9888E+01  8.2725E-04
  1.9900E+01  8.3678E-04
  1.9912E+01  8.3448E-04
  1.9923E+01  8.2563E-04
  1.9935E+01  8.1711E-04
  1.9947E+01  8.1684E-04
  1.9959E+01  8.3322E-04
  1.9971E+01  8.7444E-04
  1.9983E+01  9.4779E-04
  1.9995E+01  1.0590E-03
  2.0007E+01  1.2117E-03
  2.0019E+01  1.4071E-03
  2.0031E+01  1.6436E-03
  2.0043E+01  1.9167E-03
  2.0054E+01  2.2195E-03
  2.0066E+01  2.5426E-03
  2.0078E+01  2.8751E-03
  2.0090E+01  3.2046E-03
  2.0102E+01  3.5182E-03
  2.0114E+01  3.8034E-03
  2.0126E+01  4.0487E-03
  2.0138E+01  4.2440E-03
  2.0150E+01  4.3816E-03
  2.0162E+01  4.4564E-03
  2.0174E+01  4.4662E-03
  2.0185E+01  4.4119E-03
  2.0197E+01  4.2969E-03
  2.0209E+01  4.1277E-03
  2.0221E+01  3.9123E-03
  2.0233E+01  3.6604E-03
  2.0245E+01  3.3827E-03
  2.0257E+01  3.0899E-03
  2.0269E+01  2.7921E-03
  2.0281E+01  2.4986E-03
  2.0293E+01  2.2173E-03
  2.0305E+01  1.9543E-03
  2.0316E+01  1.7140E-03
  2.0328E+01  1.4988E-03
  2.0340E+01  1.3096E-03
  2.0352E+01  1.1456E-03
  2.0364E+01  1.0050E-03
  2.0376E+01  8.8490E-04
  2.0388E+01  7.8217E-04
  2.0400E+01  6.9340E-04
  2.0412E+01  6.1538E-04
  2.0424E+01  5.4533E-04
  2.0436E+01  4.8104E-04
  2.0447E+01  4.2099E-04
  2.0459E+01  3.6433E-04
  2.0471E+01  3.1084E-04
  2.0483E+01  2.6079E-04
  2.0495E+01  2.1478E-04
  2.0507E+01  1.7358E-04
  2.0519E+01  1.3794E-04
  2.0531E+01  1.0843E-04
  2.0543E+01  8.5359E-05
  2.0555E+01  6.8675E-05
  2.0567E+01  5.7957E-05
  2.0578E+01  5.2442E-05
  2.0590E+01  5.1093E-05
  2.0602E+01  5.2704E-05
  2.0614E+01  5.6015E-05
  2.0626E+01  5.9841E-05
  2.0638E+01  6.3180E-05
  2.0650E+01  6.5304E-05
  2.0662E+01  6.5812E-05
  2.0674E+01  6.4644E-05
  2.0686E+01  6.2061E-05
  2.0698E+01  5.8581E-05
  2.0709E+01  5.4895E-05
  2.0721E+01  5.1763E-05
  2.0733E+01  4.9912E-05
  2.0745E+01  4.9934E-05
  2.0757E+01  5.2213E-05
  2.0769E+01  5.6876E-05
  2.0781E+01  6.3782E-05
  2.0793E+01  7.2542E-05
  2.0805E+01  8.2579E-05
  2.0817E+01  9.3215E-05
  2.0829E+01  1.0377E-04
  2.0840E+01  1.1368E-04
  2.0852E+01  1.2258E-04
  2.0864E+01  1.3043E-04
  2.0876E+01  1.3752E-04
  2.0888E+01  1.4452E-04
  2.0900E+01  1.5242E-04
  2.0912E+01  1.6251E-04
  2.0924E+01  1.7619E-04
  2.0936E+01  1.9495E-04
  2.0948E+01  2.2009E-04
  2.0960E+01  2.5268E-04
  2.0971E+01  2.9334E-04
  2.0983E+01  3.4218E-04
  2.0995E+01  3.9866E-04
  2.1007E+01  4.6163E-04
  2.1019E+01  5.2931E-04
  2.1031E+01  5.9937E-04
  2.1043E+01  6.6906E-04
  2.1055E+01  7.3541E-04
  2.1067E+01  7.9538E-04
  2.1079E+01  8.4611E-04
  2.1091E+01  8.8510E-04
  2.1102E+01  9.1040E-04
  2.1114E+01  9.2077E-04
  2.1126E+01  9.1572E-04
  2.1138E+01  8.9556E-04
  2.1150E+01  8.6139E-04
  2.1162E+01  8.1499E-04
  2.1174E+01  7.5867E-04
  2.1186E+01  6.9516E-04
  2.1198E+01  6.2736E-04
  2.1210E+01  5.5817E-04
  2.1222E+01  4.9031E-04
  2.1233E+01  4.2615E-04
  2.1245E+01  3.6757E-04
  2.1257E+01  3.1588E-04
  2.1269E+01  2.7179E-04
  2.1281E+01  2.3541E-04
  2.1293E+01  2.0631E-04
  2.1305E+01  1.8360E-04
  2.1317E+01  1.6611E-04
  2.1329E+01  1.5248E-04
  2.1341E+01  1.4132E-04
  2.1353E+01  1.3137E-04
  2.1364E+01  1.2158E-04
  2.1376E+01  1.1120E-04
  2.1388E+01  9.9847E-05
  2.1400E+01  8.7449E-05
  2.1412E+01  7.4259E-05
  2.1424E+01  6.0775E-05
  2.1436E+01  4.7651E-05
  2.1448E+01  3.5602E-05
  2.1460E+01  2.5305E-05
  2.1472E+01  1.7309E-05
  2.1483E+01  1.1963E-05
  2.1495E+01  9.3746E-06
  2.1507E+01  9.3946E-06
  2.1519E+01  1.1632E-05
  2.1531E+01  1.5501E-05
  2.1543E+01  2.0286E-05
  2.1555E+01  2.5225E-05
  2.1567E+01  2.9595E-05
  2.1579E+01  3.2792E-05
  2.1591E+01  3.4396E-05
  2.1603E+01  3.4219E-05
  2.1614E+01  3.2319E-05
  2.1626E+01  2.8993E-05
  2.1638E+01  2.4742E-05
  2.1650E+01  2.0208E-05
  2.1662E+01  1.6107E-05
  2.1674E+01  1.3137E-05
  2.1686E+01  1.1905E-05
  2.1698E+01  1.2848E-05
  2.1710E+01  1.6187E-05
  2.1722E+01  2.1891E-05
  2.1734E+01  2.9685E-05
  2.1745E+01  3.9075E-05
  2.1757E+01  4.9408E-05
  2.1769E+01  5.9947E-05
  2.1781E+01  6.9964E-05
  2.1793E+01  7.8835E-05
  2.1805E+01  8.6122E-05
  2.1817E+01  9.1644E-05
  2.1829E+01  9.5522E-05
  2.1841E+01  9.8190E-05
  2.1853E+01  1.0038E-04
  2.1865E+01  1.0304E-04
  2.1876E+01  1.0732E-04
  2.1888E+01  1.1437E-04
  2.1900E+01  1.2530E-04
  2.1912E+01  1.4102E-04
  2.1924E+01  1.6214E-04
  2.1936E+01  1.8885E-04
  2.1948E+01  2.2090E-04
  2.1960E+01  2.5757E-04
  2.1972E+01  2.9765E-04
  2.1984E+01  3.3956E-04
  2.1996E+01  3.8140E-04
  2.2007E+01  4.2113E-04
  2.2019E+01  4.5666E-04
  2.2031E+01  4.8606E-04
  2.2043E+01  5.0768E-04
  2.2055E+01  5.2025E-04
  2.2067E+01  5.2304E-04
  2.2079E+01  5.1585E-04
  2.2091E+01  4.9909E-04
  2.2103E+01  4.7369E-04
  2.2115E+01  4.4109E-04
  2.2127E+01  4.0308E-04
  2.2138E+01  3.6171E-04
  2.2150E+01  3.1910E-04
  2.2162E+01  2.7730E-04
  2.2174E+01  2.3816E-04
  2.2186E+01  2.0315E-04
  2.2198E+01  1.7333E-04
  2.2210E+01  1.4925E-04
  2.2222E+01  1.3097E-04
  2.2234E+01  1.1811E-04
  2.2246E+01  1.0986E-04
  2.2258E+01  1.0517E-04
  2.2269E+01  1.0281E-04
  2.2281E+01  1.0153E-04
  2.2293E+01  1.0019E-04
  2.2305E+01  9.7825E-05
  2.2317E+01  9.3779E-05
  2.2329E+01  8.7716E-05
  2.2341E+01  7.9645E-05
  2.2353E+01  6.9891E-05
  2.2365E+01  5.9039E-05
  2.2377E+01  4.7853E-05
  2.2389E+01  3.7174E-05
  2.2400E+01  2.7815E-05
  2.2412E+01  2.0466E-05
  2.2424E+01  1.5610E-05
  2.2436E+01  1.3469E-05
  2.2448E+01  1.3978E-05
  2.2460E+01  1.6794E-05
  2.2472E+01  2.1336E-05
  2.2484E+01  2.6855E-05
  2.2496E+01  3.2519E-05
  2.2508E+01  3.7506E-05
  2.2520E+01  4.1106E-05
  2.2531E+01  4.2800E-05
  2.2543E+01  4.2325E-05
  2.2555E+01  3.9714E-05
  2.2567E+01  3.5297E-05
  2.2579E+01  2.9676E-05
  2.2591E+01  2.3665E-05
  2.2603E+01  1.8205E-05
  2.2615E+01  1.4267E-05
  2.2627E+01  1.2746E-05
  2.2639E+01  1.4363E-05
  2.2651E+01  1.9586E-05
  2.2662E+01  2.8577E-05
  2.2674E+01  4.1180E-05
  2.2686E+01  5.6937E-05
  2.2698E+01  7.5150E-05
  2.2710E+01  9.4974E-05
  2.2722E+01  1.1552E-04
  2.2734E+01  1.3601E-04
  2.2746E+01  1.5586E-04
  2.2758E+01  1.7481E-04
  2.2770E+01  1.9304E-04
  2.2782E+01  2.1117E-04
  2.2793E+01  2.3027E-04
  2.2805E+01  2.5180E-04
  2.2817E+01  2.7755E-04
  2.2829E+01  3.0943E-04
  2.2841E+01  3.4931E-04
  2.2853E+01  3.9886E-04
  2.2865E+01  4.5927E-04
  2.2877E+01  5.3114E-04
  2.2889E+01  6.1431E-04
  2.2901E+01  7.0773E-04
  2.2913E+01  8.0949E-04
  2.2924E+01  9.1681E-04
  2.2936E+01  1.0262E-03
  2.2948E+01  1.1334E-03
  2.2960E+01  1.2341E-03
  2.2972E+01  1.3237E-03
  2.2984E+01  1.3979E-03
  2.2996E+01  1.4528E-03
  2.3008E+01  1.4853E-03
  2.3020E+01  1.4935E-03
  2.3032E+01  1.4765E-03
  2.3044E+01  1.4348E-03
  2.3055E+01  1.3702E-03
  2.3067E+01  1.2856E-03
  2.3079E+01  1.1850E-03
  2.3091E+01  1.0731E-03
  2.3103E+01  9.5529E-04
  2.3115E+01  8.3675E-04
  2.3127E+01  7.2263E-04
  2.3139E+01  6.1747E-04
  2.3151E+01  5.2499E-04
  2.3163E+01  4.4787E-04
  2.3175E+01  3.8763E-04
  2.3186E+01  3.4456E-04
  2.3198E+01  3.1782E-04
  2.3210E+01  3.0550E-04
  2.3222E+01  3.0486E-04
  2.3234E+01  3.1260E-04
  2.3246E+01  3.2507E-04
  2.3258E+01  3.3869E-04
  2.3270E+01  3.5014E-04
  2.3282E+01  3.5666E-04
  2.3294E+01  3.5626E-04
  2.3306E+01  3.4783E-04
  2.3317E+01  3.3119E-04
  2.3329E+01  3.0706E-04
  2.3341E+01  2.7696E-04
  2.3353E+01  2.4305E-04
  2.3365E+01  2.0786E-04
  2.3377E+01  1.7411E-04
  2.3389E+01  1.4443E-04
  2.3401E+01  1.2111E-04
  2.3413E+01  1.0593E-04
  2.3425E+01  9.9995E-05
  2.3437E+01  1.0365E-04
  2.3448E+01  1.1647E-04
  2.3460E+01  1.3728E-04
  2.3472E+01  1.6431E-04
  2.3484E+01  1.9531E-04
  2.3496E+01  2.2782E-04
  2.3508E+01  2.5935E-04
  2.3520E+01  2.8762E-04
  2.3532E+01  3.1078E-04
  2.3544E+01  3.2758E-04
  2.3556E+01  3.3748E-04
  2.3568E+01  3.4074E-04
  2.3579E+01  3.3837E-04
  2.3591E+01  3.3209E-04
  2.3603E+01  3.2422E-04
  2.3615E+01  3.1749E-04
  2.3627E+01  3.1484E-04
  2.3639E+01  3.1919E-04
  2.3651E+01  3.3323E-04
  2.3663E+01  3.5923E-04
  2.3675E+01  3.9882E-04
  2.3687E+01  4.5287E-04
  2.3699E+01  5.2143E-04
  2.3710E+01  6.0368E-04
  2.3722E+01  6.9795E-04
  2.3734E+01  8.0185E-04
  2.3746E+01  9.1236E-04
  2.3758E+01  1.0261E-03
  2.3770E+01  1.1392E-03
  2.3782E+01  1.2482E-03
  2.3794E+01  1.3494E-03
  2.3806E+01  1.4396E-03
  2.3818E+01  1.5159E-03
  2.3830E+01  1.5763E-03
  2.3841E+01  1.6191E-03
  2.3853E+01  1.6435E-03
  2.3865E+01  1.6494E-03
  2.3877E+01  1.6372E-03
  2.3889E+01  1.6080E-03
  2.3901E+01  1.5633E-03
  2.3913E+01  1.5051E-03
  2.3925E+01  1.4356E-03
  2.3937E+01  1.3572E-03
  2.3949E+01  1.2722E-03
  2.3961E+01  1.1832E-03
  2.3972E+01  1.0921E-03
  2.3984E+01  1.0011E-03
  2.3996E+01  9.1178E-04
  2.4008E+01  8.2555E-04
  2.4020E+01  7.4347E-04
  2.4032E+01  6.6630E-04
  2.4044E+01  5.9452E-04
  2.4056E+01  5.2834E-04
  2.4068E+01  4.6781E-04
  2.4080E+01  4.1279E-04
  2.4092E+01  3.6302E-04
  2.4103E+01  3.1819E-04
  2.4115E+01  2.7794E-04
  2.4127E+01  2.4188E-04
  2.4139E+01  2.0966E-04
  2.4151E+01  1.8095E-04
  2.4163E+01  1.5546E-04
  2.4175E+01  1.3295E-04
  2.4187E+01  1.1322E-04
  2.4199E+01  9.6099E-05
  2.4211E+01  8.1449E-05
  2.4223E+01  6.9151E-05
  2.4234E+01  5.9091E-05
  2.4246E+01  5.1146E-05
  2.4258E+01  4.5179E-05
  2.4270E+01  4.1024E-05
  2.4282E+01  3.8488E-05
  2.4294E+01  3.7340E-05
  2.4306E+01  3.7322E-05
  2.4318E+01  3.8149E-05
  2.4330E+01  3.9526E-05
  2.4342E+01  4.1154E-05
  2.4354E+01  4.2754E-05
  2.4365E+01  4.4081E-05
  2.4377E+01  4.4943E-05
  2.4389E+01  4.5213E-05
  2.4401E+01  4.4846E-05
  2.4413E+01  4.3882E-05
  2.4425E+01  4.2447E-05
  2.4437E+01  4.0746E-05
  2.4449E+01  3.9053E-05
  2.4461E+01  3.7692E-05
  2.4473E+01  3.7012E-05
  2.4485E+01  3.7362E-05
  2.4496E+01  3.9067E-05
  2.4508E+01  4.2397E-05
  2.4520E+01  4.7547E-05
  2.4532E+01  5.4617E-05
  2.4544E+01  6.3599E-05
  2.4556E+01  7.4378E-05
  2.4568E+01  8.6727E-05
  2.4580E+01  1.0033E-04
  2.4592E+01  1.1479E-04
  2.4604E+01  1.2966E-04
  2.4616E+01  1.4449E-04
  2.4627E+01  1.5880E-04
  2.4639E+01  1.7219E-04
  2.4651E+01  1.8428E-04
  2.4663E+01  1.9482E-04
  2.4675E+01  2.0360E-04
  2.4687E+01  2.1052E-04
  2.4699E+01  2.1560E-04
  2.4711E+01  2.1888E-04
  2.4723E+01  2.2052E-04
  2.4735E+01  2.2069E-04
  2.4747E+01  2.1957E-04
  2.4758E+01  2.1738E-04
  2.4770E+01  2.1430E-04
  2.4782E+01  2.1049E-04
  2.4794E+01  2.0606E-04
  2.4806E+01  2.0110E-04
  2.4818E+01  1.9566E-04
  2.4830E+01  1.8977E-04
  2.4842E+01  1.8343E-04
  2.4854E+01  1.7665E-04
  2.4866E+01  1.6946E-04
  2.4878E+01  1.6188E-04
  2.4889E+01  1.5397E-04
  2.4901E+01  1.4585E-04
  2.4913E+01  1.3761E-04
  2.4925E+01  1.2941E-04
  2.4937E+01  1.2138E-04
  2.4949E+01  1.1368E-04
  2.4961E+01  1.0642E-04
  2.4973E+01  9.9697E-05
  2.4985E+01  9.3556E-05
  2.4997E+01  8.7994E-05
  2.5009E+01  8.2957E-05
  2.5020E+01  7.8349E-05
  2.5032E+01  7.4036E-05
  2.5044E+01  6.9867E-05
  2.5056E+01  6.5695E-05
  2.5068E+01  6.1389E-05
  2.5080E+01  5.6863E-05
  2.5092E+01  5.2086E-05
  2.5104E+01  4.7093E-05
  2.5116E+01  4.1989E-05
  2.5128E+01  3.6944E-05
  2.5140E+01  3.2181E-05
  2.5151E+01  2.7956E-05
  2.5163E+01  2.4531E-05
  2.5175E+01  2.2150E-05
  2.5187E+01  2.1010E-05
  2.5199E+01  2.1231E-05
  2.5211E+01  2.2844E-05
  2.5223E+01  2.5773E-05
  2.5235E+01  2.9838E-05
  2.5247E+01  3.4759E-05
  2.5259E+01  4.0181E-05
  2.5271E+01  4.5696E-05
  2.5282E+01  5.0884E-05
  2.5294E+01  5.5347E-05
  2.5306E+01  5.8748E-05
  2.5318E+01  6.0845E-05
  2.5330E+01  6.1512E-05
  2.5342E+01  6.0760E-05
  2.5354E+01  5.8733E-05
  2.5366E+01  5.5704E-05
  2.5378E+01  5.2049E-05
  2.5390E+01  4.8216E-05
  2.5401E+01  4.4686E-05
  2.5413E+01  4.1932E-05
  2.5425E+01  4.0378E-05
  2.5437E+01  4.0360E-05
  2.5449E+01  4.2101E-05
  2.5461E+01  4.5695E-05
  2.5473E+01  5.1103E-05
  2.5485E+01  5.8168E-05
  2.5497E+01  6.6641E-05
  2.5509E+01  7.6215E-05
  2.5521E+01  8.6567E-05
  2.5532E+01  9.7407E-05
  2.5544E+01  1.0852E-04
  2.5556E+01  1.1979E-04
  2.5568E+01  1.3123E-04
  2.5580E+01  1.4298E-04
  2.5592E+01  1.5533E-04
  2.5604E+01  1.6862E-04
  2.5616E+01  1.8327E-04
  2.5628E+01  1.9970E-04
  2.5640E+01  2.1824E-04
  2.5652E+01  2.3912E-04
  2.5663E+01  2.6240E-04
  2.5675E+01  2.8792E-04
  2.5687E+01  3.1526E-04
  2.5699E+01  3.4379E-04
  2.5711E+01  3.7264E-04
  2.5723E+01  4.0077E-04
  2.5735E+01  4.2702E-04
  2.5747E+01  4.5021E-04
  2.5759E+01  4.6920E-04
  2.5771E+01  4.8298E-04
  2.5783E+01  4.9076E-04
  2.5794E+01  4.9204E-04
  2.5806E+01  4.8664E-04
  2.5818E+01  4.7473E-04
  2.5830E+01  4.5683E-04
  2.5842E+01  4.3374E-04
  2.5854E+01  4.0656E-04
  2.5866E+01  3.7654E-04
  2.5878E+01  3.4503E-04
  2.5890E+01  3.1336E-04
  2.5902E+01  2.8278E-04
  2.5914E+01  2.5433E-04
  2.5925E+01  2.2881E-04
  2.5937E+01  2.0669E-04
  2.5949E+01  1.8816E-04
  2.5961E+01  1.7310E-04
  2.5973E+01  1.6110E-04
  2.5985E+01  1.5157E-04
  2.5997E+01  1.4382E-04
  2.6009E+01  1.3708E-04
  2.6021E+01  1.3066E-04
  2.6033E+01  1.2399E-04
  2.6045E+01  1.1668E-04
  2.6056E+01  1.0856E-04
  2.6068E+01  9.9686E-05
  2.6080E+01  9.0326E-05
  2.6092E+01  8.0925E-05
  2.6104E+01  7.2035E-05
  2.6116E+01  6.4244E-05
  2.6128E+01  5.8102E-05
  2.6140E+01  5.4038E-05
  2.6152E+01  5.2305E-05
  2.6164E+01  5.2933E-05
  2.6176E+01  5.5714E-05
  2.6187E+01  6.0214E-05
  2.6199E+01  6.5807E-05
  2.6211E+01  7.1739E-05
  2.6223E+01  7.7207E-05
  2.6235E+01  8.1447E-05
  2.6247E+01  8.3820E-05
  2.6259E+01  8.3891E-05
  2.6271E+01  8.1491E-05
  2.6283E+01  7.6749E-05
  2.6295E+01  7.0099E-05
  2.6307E+01  6.2255E-05
  2.6318E+01  5.4150E-05
  2.6330E+01  4.6858E-05
  2.6342E+01  4.1493E-05
  2.6354E+01  3.9103E-05
  2.6366E+01  4.0566E-05
  2.6378E+01  4.6505E-05
  2.6390E+01  5.7224E-05
  2.6402E+01  7.2686E-05
  2.6414E+01  9.2519E-05
  2.6426E+01  1.1607E-04
  2.6438E+01  1.4250E-04
  2.6449E+01  1.7087E-04
  2.6461E+01  2.0030E-04
  2.6473E+01  2.3010E-04
  2.6485E+01  2.5985E-04
  2.6497E+01  2.8956E-04
  2.6509E+01  3.1967E-04
  2.6521E+01  3.5108E-04
  2.6533E+01  3.8512E-04
  2.6545E+01  4.2345E-04
  2.6557E+01  4.6787E-04
  2.6569E+01  5.2019E-04
  2.6580E+01  5.8201E-04
  2.6592E+01  6.5446E-04
  2.6604E+01  7.3808E-04
  2.6616E+01  8.3257E-04
  2.6628E+01  9.3675E-04
  2.6640E+01  1.0485E-03
  2.6652E+01  1.1647E-03
  2.6664E+01  1.2815E-03
  2.6676E+01  1.3944E-03
  2.6688E+01  1.4985E-03
  2.6700E+01  1.5891E-03
  2.6711E+01  1.6612E-03
  2.6723E+01  1.7110E-03
  2.6735E+01  1.7352E-03
  2.6747E+01  1.7319E-03
  2.6759E+01  1.7004E-03
  2.6771E+01  1.6415E-03
  2.6783E+01  1.5578E-03
  2.6795E+01  1.4527E-03
  2.6807E+01  1.3313E-03
  2.6819E+01  1.1993E-03
  2.6831E+01  1.0629E-03
  2.6842E+01  9.2842E-04
  2.6854E+01  8.0190E-04
  2.6866E+01  6.8855E-04
  2.6878E+01  5.9251E-04
  2.6890E+01  5.1661E-04
  2.6902E+01  4.6217E-04
  2.6914E+01  4.2896E-04
  2.6926E+01  4.1532E-04
  2.6938E+01  4.1829E-04
  2.6950E+01  4.3389E-04
  2.6962E+01  4.5750E-04
  2.6973E+01  4.8422E-04
  2.6985E+01  5.0931E-04
  2.6997E+01  5.2852E-04
  2.7009E+01  5.3849E-04
  2.7021E+01  5.3696E-04
  2.7033E+01  5.2298E-04
  2.7045E+01  4.9690E-04
  2.7057E+01  4.6033E-04
  2.7069E+01  4.1600E-04
  2.7081E+01  3.6743E-04
  2.7093E+01  3.1863E-04
  2.7104E+01  2.7373E-04
  2.7116E+01  2.3660E-04
  2.7128E+01  2.1052E-04
  2.7140E+01  1.9786E-04
  2.7152E+01  1.9993E-04
  2.7164E+01  2.1681E-04
  2.7176E+01  2.4740E-04
  2.7188E+01  2.8950E-04
  2.7200E+01  3.4004E-04
  2.7212E+01  3.9535E-04
  2.7224E+01  4.5154E-04
  2.7235E+01  5.0484E-04
  2.7247E+01  5.5203E-04
  2.7259E+01  5.9072E-04
  2.7271E+01  6.1969E-04
  2.7283E+01  6.3901E-04
  2.7295E+01  6.5014E-04
  2.7307E+01  6.5589E-04
  2.7319E+01  6.6026E-04
  2.7331E+01  6.6818E-04
  2.7343E+01  6.8513E-04
  2.7355E+01  7.1683E-04
  2.7366E+01  7.6870E-04
  2.7378E+01  8.4550E-04
  2.7390E+01  9.5093E-04
  2.7402E+01  1.0873E-03
  2.7414E+01  1.2551E-03
  2.7426E+01  1.4534E-03
  2.7438E+01  1.6790E-03
  2.7450E+01  1.9272E-03
  2.7462E+01  2.1919E-03
  2.7474E+01  2.4655E-03
  2.7486E+01  2.7397E-03
  2.7497E+01  3.0060E-03
  2.7509E+01  3.2558E-03
  2.7521E+01  3.4810E-03
  2.7533E+01  3.6744E-03
  2.7545E+01  3.8302E-03
  2.7557E+01  3.9440E-03
  2.7569E+01  4.0129E-03
  2.7581E+01  4.0359E-03
  2.7593E+01  4.0135E-03
  2.7605E+01  3.9479E-03
  2.7617E+01  3.8426E-03
  2.7628E+01  3.7021E-03
  2.7640E+01  3.5319E-03
  2.7652E+01  3.3380E-03
  2.7664E+01  3.1265E-03
  2.7676E+01  2.9035E-03
  2.7688E+01  2.6750E-03
  2.7700E+01  2.4461E-03
  2.7712E+01  2.2215E-03
  2.7724E+01  2.0051E-03
  2.7736E+01  1.7996E-03
  2.7748E+01  1.6072E-03
  2.7759E+01  1.4291E-03
  2.7771E+01  1.2660E-03
  2.7783E+01  1.1179E-03
  2.7795E+01  9.8411E-04
  2.7807E+01  8.6399E-04
  2.7819E+01  7.5650E-04
  2.7831E+01  6.6055E-04
  2.7843E+01  5.7503E-04
  2.7855E+01  4.9893E-04
  2.7867E+01  4.3135E-04
  2.7879E+01  3.7152E-04
  2.7890E+01  3.1881E-04
  2.7902E+01  2.7273E-04
  2.7914E+01  2.3286E-04
  2.7926E+01  1.9887E-04
  2.7938E+01  1.7046E-04
  2.7950E+01  1.4731E-04
  2.7962E+01  1.2911E-04
  2.7974E+01  1.1548E-04
  2.7986E+01  1.0598E-04
  2.7998E+01  1.0013E-04
  2.8010E+01  9.7377E-05
  2.8021E+01  9.7136E-05
  2.8033E+01  9.8790E-05
  2.8045E+01  1.0172E-04
  2.8057E+01  1.0532E-04
  2.8069E+01  1.0904E-04
  2.8081E+01  1.1239E-04
  2.8093E+01  1.1497E-04
  2.8105E+01  1.1651E-04
  2.8117E+01  1.1684E-04
  2.8129E+01  1.1596E-04
  2.8141E+01  1.1396E-04
  2.8152E+01  1.1112E-04
  2.8164E+01  1.0781E-04
  2.8176E+01  1.0453E-04
  2.8188E+01  1.0184E-04
  2.8200E+01  1.0038E-04
  2.8212E+01  1.0082E-04
  2.8224E+01  1.0381E-04
  2.8236E+01  1.0997E-04
  2.8248E+01  1.1983E-04
  2.8260E+01  1.3381E-04
  2.8272E+01  1.5220E-04
  2.8283E+01  1.7513E-04
  2.8295E+01  2.0255E-04
  2.8307E+01  2.3421E-04
  2.8319E+01  2.6970E-04
  2.8331E+01  3.0842E-04
  2.8343E+01  3.4964E-04
  2.8355E+01  3.9249E-04
  2.8367E+01  4.3602E-04
  2.8379E+01  4.7926E-04
  2.8391E+01  5.2120E-04
  2.8403E+01  5.6090E-04
  2.8414E+01  5.9748E-04
  2.8426E+01  6.3018E-04
  2.8438E+01  6.5834E-04
  2.8450E+01  6.8150E-04
  2.8462E+01  6.9930E-04
  2.8474E+01  7.1158E-04
  2.8486E+01  7.1830E-04
  2.8498E+01  7.1956E-04
  2.8510E+01  7.1560E-04
  2.8522E+01  7.0674E-04
  2.8534E+01  6.9338E-04
  2.8545E+01  6.7598E-04
  2.8557E+01  6.5504E-04
  2.8569E+01  6.3108E-04
  2.8581E+01  6.0460E-04
  2.8593E+01  5.7611E-04
  2.8605E+01  5.4610E-04
  2.8617E+01  5.1499E-04
  2.8629E+01  4.8321E-04
  2.8641E+01  4.5112E-04
  2.8653E+01  4.1907E-04
  2.8665E+01  3.8736E-04
  2.8676E+01  3.5624E-04
  2.8688E+01  3.2595E-04
  2.8700E+01  2.9670E-04
  2.8712E+01  2.6865E-04
  2.8724E+01  2.4196E-04
  2.8736E+01  2.1675E-04
  2.8748E+01  1.9312E-04
  2.8760E+01  1.7114E-04
  2.8772E+01  1.5086E-04
  2.8784E+01  1.3234E-04
  2.8796E+01  1.1559E-04
  2.8807E+01  1.0062E-04
  2.8819E+01  8.7420E-05
  2.8831E+01  7.5991E-05
  2.8843E+01  6.6312E-05
  2.8855E+01  5.8356E-05
  2.8867E+01  5.2090E-05
  2.8879E+01  4.7468E-05
  2.8891E+01  4.4430E-05
  2.8903E+01  4.2894E-05
  2.8915E+01  4.2754E-05
  2.8927E+01  4.3874E-05
  2.8938E+01  4.6085E-05
  2.8950E+01  4.9185E-05
  2.8962E+01  5.2942E-05
  2.8974E+01  5.7096E-05
  2.8986E+01  6.1374E-05
  2.8998E+01  6.5497E-05
  2.9010E+01  6.9196E-05
  2.9022E+01  7.2230E-05
  2.9034E+01  7.4402E-05
  2.9046E+01  7.5571E-05
  2.9058E+01  7.5666E-05
  2.9069E+01  7.4695E-05
  2.9081E+01  7.2750E-05
  2.9093E+01  6.9997E-05
  2.9105E+01  6.6680E-05
  2.9117E+01  6.3097E-05
  2.9129E+01  5.9592E-05
  2.9141E+01  5.6531E-05
  2.9153E+01  5.4282E-05
  2.9165E+01  5.3194E-05
  2.9177E+01  5.3577E-05
  2.9188E+01  5.5688E-05
  2.9200E+01  5.9719E-05
  2.9212E+01  6.5789E-05
  2.9224E+01  7.3948E-05
  2.9236E+01  8.4177E-05
  2.9248E+01  9.6398E-05
  2.9260E+01  1.1049E-04
  2.9272E+01  1.2630E-04
  2.9284E+01  1.4365E-04
  2.9296E+01  1.6237E-04
  2.9308E+01  1.8227E-04
  2.9319E+01  2.0319E-04
  2.9331E+01  2.2495E-04
  2.9343E+01  2.4738E-04
  2.9355E+01  2.7029E-04
  2.9367E+01  2.9348E-04
  2.9379E+01  3.1670E-04
  2.9391E+01  3.3966E-04
  2.9403E+01  3.6201E-04
  2.9415E+01  3.8336E-04
  2.9427E+01  4.0326E-04
  2.9439E+01  4.2123E-04
  2.9450E+01  4.3677E-04
  2.9462E+01  4.4938E-04
  2.9474E+01  4.5860E-04
  2.9486E+01  4.6406E-04
  2.9498E+01  4.6545E-04
  2.9510E+01  4.6259E-04
  2.9522E+01  4.5547E-04
  2.9534E+01  4.4420E-04
  2.9546E+01  4.2905E-04
  2.9558E+01  4.1044E-04
  2.9570E+01  3.8890E-04
  2.9581E+01  3.6509E-04
  2.9593E+01  3.3970E-04
  2.9605E+01  3.1346E-04
  2.9617E+01  2.8707E-04
  2.9629E+01  2.6122E-04
  2.9641E+01  2.3645E-04
  2.9653E+01  2.1324E-04
  2.9665E+01  1.9191E-04
  2.9677E+01  1.7265E-04
  2.9689E+01  1.5552E-04
  2.9701E+01  1.4047E-04
  2.9712E+01  1.2735E-04
  2.9724E+01  1.1593E-04
  2.9736E+01  1.0599E-04
  2.9748E+01  9.7264E-05
  2.9760E+01  8.9551E-05
  2.9772E+01  8.2684E-05
  2.9784E+01  7.6563E-05
  2.9796E+01  7.1151E-05
  2.9808E+01  6.6473E-05
  2.9820E+01  6.2595E-05
  2.9832E+01  5.9606E-05
  2.9843E+01  5.7592E-05
  2.9855E+01  5.6608E-05
  2.9867E+01  5.6655E-05
  2.9879E+01  5.7666E-05
  2.9891E+01  5.9494E-05
  2.9903E+01  6.1913E-05
  2.9915E+01  6.4632E-05
  2.9927E+01  6.7315E-05
  2.9939E+01  6.9612E-05
  2.9951E+01  7.1189E-05
  2.9963E+01  7.1767E-05
  2.9974E+01  7.1156E-05
  2.9986E+01  6.9277E-05
  2.9998E+01  6.6186E-05
  3.0010E+01  6.2073E-05
  3.0022E+01  5.7261E-05
  3.0034E+01  5.2183E-05
  3.0046E+01  4.7351E-05
  3.0058E+01  4.3319E-05
  3.0070E+01  4.0631E-05
  3.0082E+01  3.9783E-05
  3.0094E+01  4.1176E-05
  3.0105E+01  4.5079E-05
  3.0117E+01  5.1616E-05
  3.0129E+01  6.0750E-05
  3.0141E+01  7.2298E-05
  3.0153E+01  8.5951E-05
  3.0165E+01  1.0132E-04
  3.0177E+01  1.1797E-04
  3.0189E+01  1.3548E-04
  3.0201E+01  1.5352E-04
  3.0213E+01  1.7184E-04
  3.0225E+01  1.9035E-04
  3.0236E+01  2.0912E-04
  3.0248E+01  2.2838E-04
  3.0260E+01  2.4850E-04
  3.0272E+01  2.6994E-04
  3.0284E+01  2.9319E-04
  3.0296E+01  3.1873E-04
  3.0308E+01  3.4691E-04
  3.0320E+01  3.7791E-04
  3.0332E+01  4.1167E-04
  3.0344E+01  4.4783E-04
  3.0356E+01  4.8574E-04
  3.0367E+01  5.2441E-04
  3.0379E+01  5.6261E-04
  3.0391E+01  5.9887E-04
  3.0403E+01  6.3161E-04
  3.0415E+01  6.5919E-04
  3.0427E+01  6.8010E-04
  3.0439E+01  6.9300E-04
  3.0451E+01  6.9687E-04
  3.0463E+01  6.9111E-04
  3.0475E+01  6.7556E-04
  3.0487E+01  6.5060E-04
  3.0498E+01  6.1709E-04
  3.0510E+01  5.7637E-04
  3.0522E+01  5.3018E-04
  3.0534E+01  4.8055E-04
  3.0546E+01  4.2967E-04
  3.0558E+01  3.7974E-04
  3.0570E+01  3.3284E-04
  3.0582E+01  2.9075E-04
  3.0594E+01  2.5489E-04
  3.0606E+01  2.2619E-04
  3.0618E+01  2.0504E-04
  3.0629E+01  1.9130E-04
  3.0641E+01  1.8433E-04
  3.0653E+01  1.8304E-04
  3.0665E+01  1.8601E-04
  3.0677E+01  1.9164E-04
  3.0689E+01  1.9825E-04
  3.0701E+01  2.0426E-04
  3.0713E+01  2.0829E-04
  3.0725E+01  2.0930E-04
  3.0737E+01  2.0667E-04
  3.0749E+01  2.0019E-04
  3.0760E+01  1.9015E-04
  3.0772E+01  1.7722E-04
  3.0784E+01  1.6243E-04
  3.0796E+01  1.4705E-04
  3.0808E+01  1.3243E-04
  3.0820E+01  1.1992E-04
  3.0832E+01  1.1071E-04
  3.0844E+01  1.0574E-04
  3.0856E+01  1.0556E-04
  3.0868E+01  1.1035E-04
  3.0880E+01  1.1985E-04
  3.0891E+01  1.3340E-04
  3.0903E+01  1.5003E-04
  3.0915E+01  1.6853E-04
  3.0927E+01  1.8758E-04
  3.0939E+01  2.0589E-04
  3.0951E+01  2.2234E-04
  3.0963E+01  2.3609E-04
  3.0975E+01  2.4671E-04
  3.0987E+01  2.5427E-04
  3.0999E+01  2.5933E-04
  3.1011E+01  2.6296E-04
  3.1022E+01  2.6669E-04
  3.1034E+01  2.7241E-04
  3.1046E+01  2.8225E-04
  3.1058E+01  2.9840E-04
  3.1070E+01  3.2300E-04
  3.1082E+01  3.5790E-04
  3.1094E+01  4.0456E-04
  3.1106E+01  4.6390E-04
  3.1118E+01  5.3620E-04
  3.1130E+01  6.2102E-04
  3.1142E+01  7.1723E-04
  3.1153E+01  8.2300E-04
  3.1165E+01  9.3587E-04
  3.1177E+01  1.0529E-03
  3.1189E+01  1.1708E-03
  3.1201E+01  1.2860E-03
  3.1213E+01  1.3952E-03
  3.1225E+01  1.4948E-03
  3.1237E+01  1.5820E-03
  3.1249E+01  1.6543E-03
  3.1261E+01  1.7096E-03
  3.1273E+01  1.7467E-03
  3.1284E+01  1.7651E-03
  3.1296E+01  1.7647E-03
  3.1308E+01  1.7462E-03
  3.1320E+01  1.7110E-03
  3.1332E+01  1.6607E-03
  3.1344E+01  1.5973E-03
  3.1356E+01  1.5231E-03
  3.1368E+01  1.4404E-03
  3.1380E+01  1.3516E-03
  3.1392E+01  1.2590E-03
  3.1404E+01  1.1645E-03
  3.1415E+01  1.0702E-03
  3.1427E+01  9.7744E-04
  3.1439E+01  8.8762E-04
  3.1451E+01  8.0170E-04
  3.1463E+01  7.2041E-04
  3.1475E+01  6.4421E-04
  3.1487E+01  5.7336E-04
  3.1499E+01  5.0796E-04
  3.1511E+01  4.4798E-04
  3.1523E+01  3.9327E-04
  3.1535E+01  3.4366E-04
  3.1546E+01  2.9892E-04
  3.1558E+01  2.5882E-04
  3.1570E+01  2.2313E-04
  3.1582E+01  1.9161E-04
  3.1594E+01  1.6405E-04
  3.1606E+01  1.4023E-04
  3.1618E+01  1.1994E-04
  3.1630E+01  1.0295E-04
  3.1642E+01  8.9028E-05
  3.1654E+01  7.7928E-05
  3.1666E+01  6.9386E-05
  3.1677E+01  6.3125E-05
  3.1689E+01  5.8856E-05
  3.1701E+01  5.6283E-05
  3.1713E+01  5.5108E-05
  3.1725E+01  5.5040E-05
  3.1737E+01  5.5796E-05
  3.1749E+01  5.7112E-05
  3.1761E+01  5.8747E-05
  3.1773E+01  6.0483E-05
  3.1785E+01  6.2136E-05
  3.1797E+01  6.3553E-05
  3.1808E+01  6.4618E-05
  3.1820E+01  6.5256E-05
  3.1832E+01  6.5434E-05
  3.1844E+01  6.5162E-05
  3.1856E+01  6.4500E-05
  3.1868E+01  6.3554E-05
  3.1880E+01  6.2480E-05
  3.1892E+01  6.1481E-05
  3.1904E+01  6.0802E-05
  3.1916E+01  6.0727E-05
  3.1928E+01  6.1567E-05
  3.1939E+01  6.3652E-05
  3.1951E+01  6.7312E-05
  3.1963E+01  7.2870E-05
  3.1975E+01  8.0616E-05
  3.1987E+01  9.0797E-05
  3.1999E+01  1.0360E-04
  3.2011E+01  1.1912E-04
  3.2023E+01  1.3740E-04
  3.2035E+01  1.5835E-04
  3.2047E+01  1.8179E-04
  3.2059E+01  2.0745E-04
  3.2070E+01  2.3495E-04
  3.2082E+01  2.6385E-04
  3.2094E+01  2.9360E-04
  3.2106E+01  3.2365E-04
  3.2118E+01  3.5338E-04
  3.2130E+01  3.8217E-04
  3.2142E+01  4.0944E-04
  3.2154E+01  4.3460E-04
  3.2166E+01  4.5716E-04
  3.2178E+01  4.7667E-04
  3.2190E+01  4.9275E-04
  3.2201E+01  5.0512E-04
  3.2213E+01  5.1359E-04
  3.2225E+01  5.1806E-04
  3.2237E+01  5.1850E-04
  3.2249E+01  5.1499E-04
  3.2261E+01  5.0766E-04
  3.2273E+01  4.9673E-04
  3.2285E+01  4.8245E-04
  3.2297E+01  4.6517E-04
  3.2309E+01  4.4524E-04
  3.2321E+01  4.2307E-04
  3.2332E+01  3.9908E-04
  3.2344E+01  3.7370E-04
  3.2356E+01  3.4738E-04
  3.2368E+01  3.2055E-04
  3.2380E+01  2.9363E-04
  3.2392E+01  2.6703E-04
  3.2404E+01  2.4109E-04
  3.2416E+01  2.1614E-04
  3.2428E+01  1.9246E-04
  3.2440E+01  1.7027E-04
  3.2452E+01  1.4974E-04
  3.2463E+01  1.3100E-04
  3.2475E+01  1.1411E-04
  3.2487E+01  9.9081E-05
  3.2499E+01  8.5889E-05
  3.2511E+01  7.4463E-05
  3.2523E+01  6.4704E-05
  3.2535E+01  5.6486E-05
  3.2547E+01  4.9669E-05
  3.2559E+01  4.4105E-05
  3.2571E+01  3.9644E-05
  3.2583E+01  3.6145E-05
  3.2594E+01  3.3472E-05
  3.2606E+01  3.1506E-05
  3.2618E+01  3.0139E-05
  3.2630E+01  2.9279E-05
  3.2642E+01  2.8842E-05
  3.2654E+01  2.8757E-05
  3.2666E+01  2.8954E-05
  3.2678E+01  2.9371E-05
  3.2690E+01  2.9942E-05
  3.2702E+01  3.0604E-05
  3.2714E+01  3.1292E-05
  3.2725E+01  3.1943E-05
  3.2737E+01  3.2496E-05
  3.2749E+01  3.2899E-05
  3.2761E+01  3.3110E-05
  3.2773E+01  3.3105E-05
  3.2785E+01  3.2880E-05
  3.2797E+01  3.2452E-05
  3.2809E+01  3.1867E-05
  3.2821E+01  3.1194E-05
  3.2833E+01  3.0528E-05
  3.2845E+01  2.9985E-05
  3.2856E+01  2.9699E-05
  3.2868E+01  2.9814E-05
  3.2880E+01  3.0481E-05
  3.2892E+01  3.1849E-05
  3.2904E+01  3.4059E-05
  3.2916E+01  3.7240E-05
  3.2928E+01  4.1502E-05
  3.2940E+01  4.6933E-05
  3.2952E+01  5.3598E-05
  3.2964E+01  6.1536E-05
  3.2976E+01  7.0758E-05
  3.2987E+01  8.1252E-05
  3.2999E+01  9.2979E-05
  3.3011E+01  1.0588E-04
  3.3023E+01  1.1985E-04
  3.3035E+01  1.3480E-04
  3.3047E+01  1.5057E-04
  3.3059E+01  1.6701E-04
  3.3071E+01  1.8390E-04
  3.3083E+01  2.0103E-04
  3.3095E+01  2.1812E-04
  3.3106E+01  2.3490E-04
  3.3118E+01  2.5103E-04
  3.3130E+01  2.6618E-04
  3.3142E+01  2.7997E-04
  3.3154E+01  2.9207E-04
  3.3166E+01  3.0210E-04
  3.3178E+01  3.0975E-04
  3.3190E+01  3.1473E-04
  3.3202E+01  3.1683E-04
  3.3214E+01  3.1590E-04
  3.3226E+01  3.1188E-04
  3.3237E+01  3.0482E-04
  3.3249E+01  2.9485E-04
  3.3261E+01  2.8220E-04
  3.3273E+01  2.6722E-04
  3.3285E+01  2.5031E-04
  3.3297E+01  2.3194E-04
  3.3309E+01  2.1262E-04
  3.3321E+01  1.9286E-04
  3.3333E+01  1.7318E-04
  3.3345E+01  1.5406E-04
  3.3357E+01  1.3593E-04
  3.3368E+01  1.1913E-04
  3.3380E+01  1.0393E-04
  3.3392E+01  9.0516E-05
  3.3404E+01  7.8949E-05
  3.3416E+01  6.9222E-05
  3.3428E+01  6.1238E-05
  3.3440E+01  5.4839E-05
  3.3452E+01  4.9815E-05
  3.3464E+01  4.5928E-05
  3.3476E+01  4.2930E-05
  3.3488E+01  4.0581E-05
  3.3499E+01  3.8667E-05
  3.3511E+01  3.7008E-05
  3.3523E+01  3.5466E-05
  3.3535E+01  3.3948E-05
  3.3547E+01  3.2406E-05
  3.3559E+01  3.0828E-05
  3.3571E+01  2.9228E-05
  3.3583E+01  2.7643E-05
  3.3595E+01  2.6114E-05
  3.3607E+01  2.4684E-05
  3.3619E+01  2.3383E-05
  3.3630E+01  2.2228E-05
  3.3642E+01  2.1220E-05
  3.3654E+01  2.0342E-05
  3.3666E+01  1.9566E-05
  3.3678E+01  1.8856E-05
  3.3690E+01  1.8178E-05
  3.3702E+01  1.7507E-05
  3.3714E+01  1.6831E-05
  3.3726E+01  1.6160E-05
  3.3738E+01  1.5526E-05
  3.3750E+01  1.4985E-05
  3.3761E+01  1.4614E-05
  3.3773E+01  1.4504E-05
  3.3785E+01  1.4757E-05
  3.3797E+01  1.5472E-05
  3.3809E+01  1.6744E-05
  3.3821E+01  1.8650E-05
  3.3833E+01  2.1245E-05
  3.3845E+01  2.4563E-05
  3.3857E+01  2.8612E-05
  3.3869E+01  3.3378E-05
  3.3881E+01  3.8832E-05
  3.3892E+01  4.4938E-05
  3.3904E+01  5.1661E-05
  3.3916E+01  5.8977E-05
  3.3928E+01  6.6879E-05
  3.3940E+01  7.5385E-05
  3.3952E+01  8.4533E-05
  3.3964E+01  9.4387E-05
  3.3976E+01  1.0502E-04
  3.3988E+01  1.1651E-04
  3.4000E+01  1.2891E-04
  3.4012E+01  1.4227E-04
  3.4023E+01  1.5655E-04
  3.4035E+01  1.7168E-04
  3.4047E+01  1.8748E-04
  3.4059E+01  2.0370E-04
  3.4071E+01  2.2000E-04
  3.4083E+01  2.3596E-04
  3.4095E+01  2.5107E-04
  3.4107E+01  2.6480E-04
  3.4119E+01  2.7660E-04
  3.4131E+01  2.8590E-04
  3.4143E+01  2.9224E-04
  3.4154E+01  2.9519E-04
  3.4166E+01  2.9449E-04
  3.4178E+01  2.8999E-04
  3.4190E+01  2.8172E-04
  3.4202E+01  2.6988E-04
  3.4214E+01  2.5484E-04
  3.4226E+01  2.3712E-04
  3.4238E+01  2.1738E-04
  3.4250E+01  1.9636E-04
  3.4262E+01  1.7486E-04
  3.4274E+01  1.5369E-04
  3.4285E+01  1.3361E-04
  3.4297E+01  1.1529E-04
  3.4309E+01  9.9265E-05
  3.4321E+01  8.5924E-05
  3.4333E+01  7.5465E-05
  3.4345E+01  6.7903E-05
  3.4357E+01  6.3071E-05
  3.4369E+01  6.0643E-05
  3.4381E+01  6.0163E-05
  3.4393E+01  6.1086E-05
  3.4405E+01  6.2824E-05
  3.4416E+01  6.4791E-05
  3.4428E+01  6.6450E-05
  3.4440E+01  6.7353E-05
  3.4452E+01  6.7170E-05
  3.4464E+01  6.5715E-05
  3.4476E+01  6.2949E-05
  3.4488E+01  5.8979E-05
  3.4500E+01  5.4039E-05
  3.4512E+01  4.8470E-05
  3.4524E+01  4.2675E-05
  3.4536E+01  3.7089E-05
  3.4547E+01  3.2134E-05
  3.4559E+01  2.8178E-05
  3.4571E+01  2.5507E-05
  3.4583E+01  2.4295E-05
  3.4595E+01  2.4593E-05
  3.4607E+01  2.6326E-05
  3.4619E+01  2.9301E-05
  3.4631E+01  3.3228E-05
  3.4643E+01  3.7749E-05
  3.4655E+01  4.2471E-05
  3.4667E+01  4.7009E-05
  3.4678E+01  5.1019E-05
  3.4690E+01  5.4238E-05
  3.4702E+01  5.6509E-05
  3.4714E+01  5.7803E-05
  3.4726E+01  5.8225E-05
  3.4738E+01  5.8014E-05
  3.4750E+01  5.7528E-05
  3.4762E+01  5.7214E-05
  3.4774E+01  5.7581E-05
  3.4786E+01  5.9157E-05
  3.4798E+01  6.2446E-05
  3.4809E+01  6.7884E-05
  3.4821E+01  7.5806E-05
  3.4833E+01  8.6412E-05
  3.4845E+01  9.9742E-05
  3.4857E+01  1.1567E-04
  3.4869E+01  1.3390E-04
  3.4881E+01  1.5398E-04
  3.4893E+01  1.7531E-04
  3.4905E+01  1.9723E-04
  3.4917E+01  2.1896E-04
  3.4929E+01  2.3973E-04
  3.4940E+01  2.5880E-04
  3.4952E+01  2.7546E-04
  3.4964E+01  2.8912E-04
  3.4976E+01  2.9934E-04
  3.4988E+01  3.0579E-04
  3.5000E+01  3.0833E-04
