 -3.5000E+01  1.4076E-05
 -3.4988E+01  1.2409E-05
 -3.4976E+01  1.0804E-05
 -3.4964E+01  9.3057E-06
 -3.4952E+01  7.9586E-06
 -3.4940E+01  6.8057E-06
 -3.4929E+01  5.8829E-06
 -3.4917E+01  5.2161E-06
 -3.4905E+01  4.8182E-06
 -3.4893E+01  4.6870E-06
 -3.4881E+01  4.8043E-06
 -3.4869E+01  5.1363E-06
 -3.4857E+01  5.6351E-06
 -3.4845E+01  6.2419E-06
 -3.4833E+01  6.8909E-06
 -3.4821E+01  7.5142E-06
 -3.4809E+01  8.0473E-06
 -3.4798E+01  8.4340E-06
 -3.4786E+01  8.6316E-06
 -3.4774E+01  8.6144E-06
 -3.4762E+01  8.3765E-06
 -3.4750E+01  7.9323E-06
 -3.4738E+01  7.3159E-06
 -3.4726E+01  6.5785E-06
 -3.4714E+01  5.7838E-06
 -3.4702E+01  5.0028E-06
 -3.4690E+01  4.3077E-06
 -3.4678E+01  3.7650E-06
 -3.4667E+01  3.4297E-06
 -3.4655E+01  3.3401E-06
 -3.4643E+01  3.5136E-06
 -3.4631E+01  3.9453E-06
 -3.4619E+01  4.6072E-06
 -3.4607E+01  5.4507E-06
 -3.4595E+01  6.4103E-06
 -3.4583E+01  7.4092E-06
 -3.4571E+01  8.3658E-06
 -3.4559E+01  9.2010E-06
 -3.4547E+01  9.8452E-06
 -3.4536E+01  1.0244E-05
 -3.4524E+01  1.0365E-05
 -3.4512E+01  1.0196E-05
 -3.4500E+01  9.7533E-06
 -3.4488E+01  9.0719E-06
 -3.4476E+01  8.2078E-06
 -3.4464E+01  7.2303E-06
 -3.4452E+01  6.2156E-06
 -3.4440E+01  5.2399E-06
 -3.4428E+01  4.3720E-06
 -3.4416E+01  3.6673E-06
 -3.4405E+01  3.1629E-06
 -3.4393E+01  2.8749E-06
 -3.4381E+01  2.7974E-06
 -3.4369E+01  2.9045E-06
 -3.4357E+01  3.1542E-06
 -3.4345E+01  3.4935E-06
 -3.4333E+01  3.8655E-06
 -3.4321E+01  4.2165E-06
 -3.4309E+01  4.5025E-06
 -3.4297E+01  4.6948E-06
 -3.4285E+01  4.7844E-06
 -3.4274E+01  4.7828E-06
 -3.4262E+01  4.7213E-06
 -3.4250E+01  4.6477E-06
 -3.4238E+01  4.6203E-06
 -3.4226E+01  4.7008E-06
 -3.4214E+01  4.9462E-06
 -3.4202E+01  5.4010E-06
 -3.4190E+01  6.0892E-06
 -3.4178E+01  7.0102E-06
 -3.4166E+01  8.1352E-06
 -3.4154E+01  9.4078E-06
 -3.4143E+01  1.0747E-05
 -3.4131E+01  1.2056E-05
 -3.4119E+01  1.3226E-05
 -3.4107E+01  1.4152E-05
 -3.4095E+01  1.4743E-05
 -3.4083E+01  1.4931E-05
 -3.4071E+01  1.4681E-05
 -3.4059E+01  1.3997E-05
 -3.4047E+01  1.2925E-05
 -3.4035E+01  1.1552E-05
 -3.4023E+01  9.9980E-06
 -3.4012E+01  8.4073E-06
 -3.4000E+01  6.9365E-06
 -3.3988E+01  5.7390E-06
 -3.3976E+01  4.9491E-06
 -3.3964E+01  4.6681E-06
 -3.3952E+01  4.9524E-06
 -3.3940E+01  5.8050E-06
 -3.3928E+01  7.1723E-06
 -3.3916E+01  8.9468E-06
 -3.3904E+01  1.0975E-05
 -3.3892E+01  1.3070E-05
 -3.3881E+01  1.5029E-05
 -3.3869E+01  1.6657E-05
 -3.3857E+01  1.7779E-05
 -3.3845E+01  1.8268E-05
 -3.3833E+01  1.8058E-05
 -3.3821E+01  1.7153E-05
 -3.3809E+01  1.5635E-05
 -3.3797E+01  1.3655E-05
 -3.3785E+01  1.1430E-05
 -3.3773E+01  9.2220E-06
 -3.3761E+01  7.3145E-06
 -3.3750E+01  5.9893E-06
 -3.3738E+01  5.4988E-06
 -3.3726E+01  6.0409E-06
 -3.3714E+01  7.7393E-06
 -3.3702E+01  1.0629E-05
 -3.3690E+01  1.4654E-05
 -3.3678E+01  1.9668E-05
 -3.3666E+01  2.5454E-05
 -3.3654E+01  3.1746E-05
 -3.3642E+01  3.8264E-05
 -3.3630E+01  4.4746E-05
 -3.3619E+01  5.0990E-05
 -3.3607E+01  5.6885E-05
 -3.3595E+01  6.2444E-05
 -3.3583E+01  6.7819E-05
 -3.3571E+01  7.3307E-05
 -3.3559E+01  7.9346E-05
 -3.3547E+01  8.6482E-05
 -3.3535E+01  9.5341E-05
 -3.3523E+01  1.0657E-04
 -3.3511E+01  1.2078E-04
 -3.3499E+01  1.3848E-04
 -3.3488E+01  1.6002E-04
 -3.3476E+01  1.8554E-04
 -3.3464E+01  2.1490E-04
 -3.3452E+01  2.4768E-04
 -3.3440E+01  2.8316E-04
 -3.3428E+01  3.2032E-04
 -3.3416E+01  3.5794E-04
 -3.3404E+01  3.9458E-04
 -3.3392E+01  4.2873E-04
 -3.3380E+01  4.5884E-04
 -3.3368E+01  4.8349E-04
 -3.3357E+01  5.0140E-04
 -3.3345E+01  5.1160E-04
 -3.3333E+01  5.1346E-04
 -3.3321E+01  5.0676E-04
 -3.3309E+01  4.9170E-04
 -3.3297E+01  4.6892E-04
 -3.3285E+01  4.3945E-04
 -3.3273E+01  4.0469E-04
 -3.3261E+01  3.6625E-04
 -3.3249E+01  3.2595E-04
 -3.3237E+01  2.8560E-04
 -3.3226E+01  2.4698E-04
 -3.3214E+01  2.1165E-04
 -3.3202E+01  1.8089E-04
 -3.3190E+01  1.5562E-04
 -3.3178E+01  1.3634E-04
 -3.3166E+01  1.2312E-04
 -3.3154E+01  1.1560E-04
 -3.3142E+01  1.1306E-04
 -3.3130E+01  1.1448E-04
 -3.3118E+01  1.1863E-04
 -3.3106E+01  1.2419E-04
 -3.3095E+01  1.2983E-04
 -3.3083E+01  1.3438E-04
 -3.3071E+01  1.3686E-04
 -3.3059E+01  1.3659E-04
 -3.3047E+01  1.3324E-04
 -3.3035E+01  1.2683E-04
 -3.3023E+01  1.1774E-04
 -3.3011E+01  1.0665E-04
 -3.2999E+01  9.4490E-05
 -3.2987E+01  8.2331E-05
 -3.2976E+01  7.1302E-05
 -3.2964E+01  6.2474E-05
 -3.2952E+01  5.6772E-05
 -3.2940E+01  5.4879E-05
 -3.2928E+01  5.7183E-05
 -3.2916E+01  6.3731E-05
 -3.2904E+01  7.4230E-05
 -3.2892E+01  8.8065E-05
 -3.2880E+01  1.0436E-04
 -3.2868E+01  1.2203E-04
 -3.2856E+01  1.3991E-04
 -3.2845E+01  1.5684E-04
 -3.2833E+01  1.7178E-04
 -3.2821E+01  1.8389E-04
 -3.2809E+01  1.9264E-04
 -3.2797E+01  1.9786E-04
 -3.2785E+01  1.9979E-04
 -3.2773E+01  1.9906E-04
 -3.2761E+01  1.9667E-04
 -3.2749E+01  1.9395E-04
 -3.2737E+01  1.9245E-04
 -3.2725E+01  1.9384E-04
 -3.2714E+01  1.9982E-04
 -3.2702E+01  2.1196E-04
 -3.2690E+01  2.3160E-04
 -3.2678E+01  2.5977E-04
 -3.2666E+01  2.9708E-04
 -3.2654E+01  3.4366E-04
 -3.2642E+01  3.9917E-04
 -3.2630E+01  4.6276E-04
 -3.2618E+01  5.3311E-04
 -3.2606E+01  6.0852E-04
 -3.2594E+01  6.8696E-04
 -3.2583E+01  7.6619E-04
 -3.2571E+01  8.4387E-04
 -3.2559E+01  9.1767E-04
 -3.2547E+01  9.8540E-04
 -3.2535E+01  1.0451E-03
 -3.2523E+01  1.0951E-03
 -3.2511E+01  1.1341E-03
 -3.2499E+01  1.1612E-03
 -3.2487E+01  1.1761E-03
 -3.2475E+01  1.1787E-03
 -3.2463E+01  1.1695E-03
 -3.2452E+01  1.1492E-03
 -3.2440E+01  1.1187E-03
 -3.2428E+01  1.0794E-03
 -3.2416E+01  1.0326E-03
 -3.2404E+01  9.7978E-04
 -3.2392E+01  9.2250E-04
 -3.2380E+01  8.6217E-04
 -3.2368E+01  8.0014E-04
 -3.2356E+01  7.3764E-04
 -3.2344E+01  6.7575E-04
 -3.2332E+01  6.1539E-04
 -3.2321E+01  5.5727E-04
 -3.2309E+01  5.0196E-04
 -3.2297E+01  4.4987E-04
 -3.2285E+01  4.0125E-04
 -3.2273E+01  3.5624E-04
 -3.2261E+01  3.1486E-04
 -3.2249E+01  2.7708E-04
 -3.2237E+01  2.4279E-04
 -3.2225E+01  2.1184E-04
 -3.2213E+01  1.8406E-04
 -3.2201E+01  1.5929E-04
 -3.2190E+01  1.3732E-04
 -3.2178E+01  1.1800E-04
 -3.2166E+01  1.0115E-04
 -3.2154E+01  8.6599E-05
 -3.2142E+01  7.4208E-05
 -3.2130E+01  6.3824E-05
 -3.2118E+01  5.5303E-05
 -3.2106E+01  4.8499E-05
 -3.2094E+01  4.3263E-05
 -3.2082E+01  3.9439E-05
 -3.2070E+01  3.6866E-05
 -3.2059E+01  3.5371E-05
 -3.2047E+01  3.4776E-05
 -3.2035E+01  3.4894E-05
 -3.2023E+01  3.5537E-05
 -3.2011E+01  3.6515E-05
 -3.1999E+01  3.7647E-05
 -3.1987E+01  3.8763E-05
 -3.1975E+01  3.9715E-05
 -3.1963E+01  4.0378E-05
 -3.1951E+01  4.0665E-05
 -3.1939E+01  4.0525E-05
 -3.1928E+01  3.9954E-05
 -3.1916E+01  3.8992E-05
 -3.1904E+01  3.7729E-05
 -3.1892E+01  3.6296E-05
 -3.1880E+01  3.4865E-05
 -3.1868E+01  3.3639E-05
 -3.1856E+01  3.2840E-05
 -3.1844E+01  3.2698E-05
 -3.1832E+01  3.3439E-05
 -3.1820E+01  3.5270E-05
 -3.1808E+01  3.8367E-05
 -3.1797E+01  4.2865E-05
 -3.1785E+01  4.8844E-05
 -3.1773E+01  5.6329E-05
 -3.1761E+01  6.5284E-05
 -3.1749E+01  7.5611E-05
 -3.1737E+01  8.7155E-05
 -3.1725E+01  9.9712E-05
 -3.1713E+01  1.1304E-04
 -3.1701E+01  1.2685E-04
 -3.1689E+01  1.4087E-04
 -3.1677E+01  1.5478E-04
 -3.1666E+01  1.6832E-04
 -3.1654E+01  1.8121E-04
 -3.1642E+01  1.9321E-04
 -3.1630E+01  2.0412E-04
 -3.1618E+01  2.1379E-04
 -3.1606E+01  2.2209E-04
 -3.1594E+01  2.2896E-04
 -3.1582E+01  2.3436E-04
 -3.1570E+01  2.3828E-04
 -3.1558E+01  2.4075E-04
 -3.1546E+01  2.4182E-04
 -3.1535E+01  2.4156E-04
 -3.1523E+01  2.4004E-04
 -3.1511E+01  2.3734E-04
 -3.1499E+01  2.3356E-04
 -3.1487E+01  2.2879E-04
 -3.1475E+01  2.2311E-04
 -3.1463E+01  2.1662E-04
 -3.1451E+01  2.0939E-04
 -3.1439E+01  2.0151E-04
 -3.1427E+01  1.9305E-04
 -3.1415E+01  1.8410E-04
 -3.1404E+01  1.7473E-04
 -3.1392E+01  1.6500E-04
 -3.1380E+01  1.5499E-04
 -3.1368E+01  1.4477E-04
 -3.1356E+01  1.3441E-04
 -3.1344E+01  1.2398E-04
 -3.1332E+01  1.1355E-04
 -3.1320E+01  1.0322E-04
 -3.1308E+01  9.3064E-05
 -3.1296E+01  8.3187E-05
 -3.1284E+01  7.3692E-05
 -3.1273E+01  6.4690E-05
 -3.1261E+01  5.6294E-05
 -3.1249E+01  4.8617E-05
 -3.1237E+01  4.1764E-05
 -3.1225E+01  3.5829E-05
 -3.1213E+01  3.0885E-05
 -3.1201E+01  2.6976E-05
 -3.1189E+01  2.4116E-05
 -3.1177E+01  2.2279E-05
 -3.1165E+01  2.1398E-05
 -3.1153E+01  2.1368E-05
 -3.1142E+01  2.2045E-05
 -3.1130E+01  2.3255E-05
 -3.1118E+01  2.4800E-05
 -3.1106E+01  2.6475E-05
 -3.1094E+01  2.8077E-05
 -3.1082E+01  2.9420E-05
 -3.1070E+01  3.0351E-05
 -3.1058E+01  3.0761E-05
 -3.1046E+01  3.0596E-05
 -3.1034E+01  2.9863E-05
 -3.1022E+01  2.8632E-05
 -3.1011E+01  2.7031E-05
 -3.0999E+01  2.5241E-05
 -3.0987E+01  2.3479E-05
 -3.0975E+01  2.1986E-05
 -3.0963E+01  2.1005E-05
 -3.0951E+01  2.0762E-05
 -3.0939E+01  2.1450E-05
 -3.0927E+01  2.3209E-05
 -3.0915E+01  2.6119E-05
 -3.0903E+01  3.0190E-05
 -3.0891E+01  3.5363E-05
 -3.0880E+01  4.1514E-05
 -3.0868E+01  4.8466E-05
 -3.0856E+01  5.6006E-05
 -3.0844E+01  6.3899E-05
 -3.0832E+01  7.1913E-05
 -3.0820E+01  7.9837E-05
 -3.0808E+01  8.7499E-05
 -3.0796E+01  9.4781E-05
 -3.0784E+01  1.0162E-04
 -3.0772E+01  1.0803E-04
 -3.0760E+01  1.1406E-04
 -3.0749E+01  1.1982E-04
 -3.0737E+01  1.2545E-04
 -3.0725E+01  1.3109E-04
 -3.0713E+01  1.3688E-04
 -3.0701E+01  1.4293E-04
 -3.0689E+01  1.4928E-04
 -3.0677E+01  1.5593E-04
 -3.0665E+01  1.6281E-04
 -3.0653E+01  1.6976E-04
 -3.0641E+01  1.7659E-04
 -3.0629E+01  1.8304E-04
 -3.0618E+01  1.8885E-04
 -3.0606E+01  1.9373E-04
 -3.0594E+01  1.9744E-04
 -3.0582E+01  1.9976E-04
 -3.0570E+01  2.0056E-04
 -3.0558E+01  1.9977E-04
 -3.0546E+01  1.9741E-04
 -3.0534E+01  1.9359E-04
 -3.0522E+01  1.8849E-04
 -3.0510E+01  1.8234E-04
 -3.0498E+01  1.7540E-04
 -3.0487E+01  1.6795E-04
 -3.0475E+01  1.6024E-04
 -3.0463E+01  1.5249E-04
 -3.0451E+01  1.4486E-04
 -3.0439E+01  1.3744E-04
 -3.0427E+01  1.3025E-04
 -3.0415E+01  1.2325E-04
 -3.0403E+01  1.1634E-04
 -3.0391E+01  1.0941E-04
 -3.0379E+01  1.0232E-04
 -3.0367E+01  9.4973E-05
 -3.0356E+01  8.7316E-05
 -3.0344E+01  7.9358E-05
 -3.0332E+01  7.1187E-05
 -3.0320E+01  6.2974E-05
 -3.0308E+01  5.4960E-05
 -3.0296E+01  4.7445E-05
 -3.0284E+01  4.0755E-05
 -3.0272E+01  3.5213E-05
 -3.0260E+01  3.1102E-05
 -3.0248E+01  2.8630E-05
 -3.0236E+01  2.7900E-05
 -3.0225E+01  2.8890E-05
 -3.0213E+01  3.1440E-05
 -3.0201E+01  3.5256E-05
 -3.0189E+01  3.9928E-05
 -3.0177E+01  4.4958E-05
 -3.0165E+01  4.9808E-05
 -3.0153E+01  5.3941E-05
 -3.0141E+01  5.6880E-05
 -3.0129E+01  5.8259E-05
 -3.0117E+01  5.7861E-05
 -3.0105E+01  5.5656E-05
 -3.0094E+01  5.1811E-05
 -3.0082E+01  4.6687E-05
 -3.0070E+01  4.0817E-05
 -3.0058E+01  3.4864E-05
 -3.0046E+01  2.9567E-05
 -3.0034E+01  2.5671E-05
 -3.0022E+01  2.3864E-05
 -3.0010E+01  2.4709E-05
 -2.9998E+01  2.8587E-05
 -2.9986E+01  3.5664E-05
 -2.9974E+01  4.5864E-05
 -2.9963E+01  5.8887E-05
 -2.9951E+01  7.4229E-05
 -2.9939E+01  9.1249E-05
 -2.9927E+01  1.0923E-04
 -2.9915E+01  1.2749E-04
 -2.9903E+01  1.4545E-04
 -2.9891E+01  1.6273E-04
 -2.9879E+01  1.7922E-04
 -2.9867E+01  1.9515E-04
 -2.9855E+01  2.1106E-04
 -2.9843E+01  2.2786E-04
 -2.9832E+01  2.4670E-04
 -2.9820E+01  2.6891E-04
 -2.9808E+01  2.9592E-04
 -2.9796E+01  3.2906E-04
 -2.9784E+01  3.6946E-04
 -2.9772E+01  4.1789E-04
 -2.9760E+01  4.7461E-04
 -2.9748E+01  5.3930E-04
 -2.9736E+01  6.1098E-04
 -2.9724E+01  6.8801E-04
 -2.9712E+01  7.6812E-04
 -2.9701E+01  8.4851E-04
 -2.9689E+01  9.2601E-04
 -2.9677E+01  9.9724E-04
 -2.9665E+01  1.0589E-03
 -2.9653E+01  1.1078E-03
 -2.9641E+01  1.1413E-03
 -2.9629E+01  1.1576E-03
 -2.9617E+01  1.1555E-03
 -2.9605E+01  1.1347E-03
 -2.9593E+01  1.0961E-03
 -2.9581E+01  1.0414E-03
 -2.9570E+01  9.7298E-04
 -2.9558E+01  8.9425E-04
 -2.9546E+01  8.0887E-04
 -2.9534E+01  7.2081E-04
 -2.9522E+01  6.3403E-04
 -2.9510E+01  5.5220E-04
 -2.9498E+01  4.7849E-04
 -2.9486E+01  4.1535E-04
 -2.9474E+01  3.6438E-04
 -2.9462E+01  3.2624E-04
 -2.9450E+01  3.0064E-04
 -2.9439E+01  2.8643E-04
 -2.9427E+01  2.8171E-04
 -2.9415E+01  2.8406E-04
 -2.9403E+01  2.9070E-04
 -2.9391E+01  2.9881E-04
 -2.9379E+01  3.0576E-04
 -2.9367E+01  3.0932E-04
 -2.9355E+01  3.0784E-04
 -2.9343E+01  3.0040E-04
 -2.9331E+01  2.8686E-04
 -2.9319E+01  2.6787E-04
 -2.9308E+01  2.4475E-04
 -2.9296E+01  2.1939E-04
 -2.9284E+01  1.9407E-04
 -2.9272E+01  1.7120E-04
 -2.9260E+01  1.5312E-04
 -2.9248E+01  1.4184E-04
 -2.9236E+01  1.3891E-04
 -2.9224E+01  1.4516E-04
 -2.9212E+01  1.6073E-04
 -2.9200E+01  1.8494E-04
 -2.9188E+01  2.1641E-04
 -2.9177E+01  2.5316E-04
 -2.9165E+01  2.9276E-04
 -2.9153E+01  3.3256E-04
 -2.9141E+01  3.6996E-04
 -2.9129E+01  4.0259E-04
 -2.9117E+01  4.2862E-04
 -2.9105E+01  4.4688E-04
 -2.9093E+01  4.5705E-04
 -2.9081E+01  4.5972E-04
 -2.9069E+01  4.5640E-04
 -2.9058E+01  4.4946E-04
 -2.9046E+01  4.4196E-04
 -2.9034E+01  4.3749E-04
 -2.9022E+01  4.3989E-04
 -2.9010E+01  4.5303E-04
 -2.8998E+01  4.8043E-04
 -2.8986E+01  5.2509E-04
 -2.8974E+01  5.8922E-04
 -2.8962E+01  6.7403E-04
 -2.8950E+01  7.7965E-04
 -2.8938E+01  9.0508E-04
 -2.8927E+01  1.0482E-03
 -2.8915E+01  1.2058E-03
 -2.8903E+01  1.3739E-03
 -2.8891E+01  1.5478E-03
 -2.8879E+01  1.7224E-03
 -2.8867E+01  1.8925E-03
 -2.8855E+01  2.0527E-03
 -2.8843E+01  2.1984E-03
 -2.8831E+01  2.3251E-03
 -2.8819E+01  2.4296E-03
 -2.8807E+01  2.5090E-03
 -2.8796E+01  2.5620E-03
 -2.8784E+01  2.5877E-03
 -2.8772E+01  2.5866E-03
 -2.8760E+01  2.5599E-03
 -2.8748E+01  2.5095E-03
 -2.8736E+01  2.4379E-03
 -2.8724E+01  2.3483E-03
 -2.8712E+01  2.2436E-03
 -2.8700E+01  2.1273E-03
 -2.8688E+01  2.0025E-03
 -2.8676E+01  1.8723E-03
 -2.8665E+01  1.7394E-03
 -2.8653E+01  1.6062E-03
 -2.8641E+01  1.4748E-03
 -2.8629E+01  1.3469E-03
 -2.8617E+01  1.2238E-03
 -2.8605E+01  1.1064E-03
 -2.8593E+01  9.9554E-04
 -2.8581E+01  8.9159E-04
 -2.8569E+01  7.9480E-04
 -2.8557E+01  7.0525E-04
 -2.8545E+01  6.2287E-04
 -2.8534E+01  5.4752E-04
 -2.8522E+01  4.7899E-04
 -2.8510E+01  4.1701E-04
 -2.8498E+01  3.6129E-04
 -2.8486E+01  3.1150E-04
 -2.8474E+01  2.6732E-04
 -2.8462E+01  2.2842E-04
 -2.8450E+01  1.9446E-04
 -2.8438E+01  1.6511E-04
 -2.8426E+01  1.4004E-04
 -2.8414E+01  1.1892E-04
 -2.8403E+01  1.0144E-04
 -2.8391E+01  8.7310E-05
 -2.8379E+01  7.6224E-05
 -2.8367E+01  6.7900E-05
 -2.8355E+01  6.2055E-05
 -2.8343E+01  5.8407E-05
 -2.8331E+01  5.6675E-05
 -2.8319E+01  5.6567E-05
 -2.8307E+01  5.7786E-05
 -2.8295E+01  6.0029E-05
 -2.8283E+01  6.2986E-05
 -2.8272E+01  6.6353E-05
 -2.8260E+01  6.9837E-05
 -2.8248E+01  7.3173E-05
 -2.8236E+01  7.6138E-05
 -2.8224E+01  7.8568E-05
 -2.8212E+01  8.0375E-05
 -2.8200E+01  8.1560E-05
 -2.8188E+01  8.2229E-05
 -2.8176E+01  8.2594E-05
 -2.8164E+01  8.2972E-05
 -2.8152E+01  8.3782E-05
 -2.8141E+01  8.5522E-05
 -2.8129E+01  8.8751E-05
 -2.8117E+01  9.4058E-05
 -2.8105E+01  1.0203E-04
 -2.8093E+01  1.1321E-04
 -2.8081E+01  1.2806E-04
 -2.8069E+01  1.4696E-04
 -2.8057E+01  1.7013E-04
 -2.8045E+01  1.9764E-04
 -2.8033E+01  2.2940E-04
 -2.8021E+01  2.6513E-04
 -2.8010E+01  3.0439E-04
 -2.7998E+01  3.4659E-04
 -2.7986E+01  3.9098E-04
 -2.7974E+01  4.3674E-04
 -2.7962E+01  4.8292E-04
 -2.7950E+01  5.2859E-04
 -2.7938E+01  5.7276E-04
 -2.7926E+01  6.1450E-04
 -2.7914E+01  6.5295E-04
 -2.7902E+01  6.8733E-04
 -2.7890E+01  7.1698E-04
 -2.7879E+01  7.4138E-04
 -2.7867E+01  7.6014E-04
 -2.7855E+01  7.7302E-04
 -2.7843E+01  7.7993E-04
 -2.7831E+01  7.8089E-04
 -2.7819E+01  7.7606E-04
 -2.7807E+01  7.6572E-04
 -2.7795E+01  7.5022E-04
 -2.7783E+01  7.3001E-04
 -2.7771E+01  7.0558E-04
 -2.7759E+01  6.7751E-04
 -2.7748E+01  6.4638E-04
 -2.7736E+01  6.1281E-04
 -2.7724E+01  5.7742E-04
 -2.7712E+01  5.4081E-04
 -2.7700E+01  5.0358E-04
 -2.7688E+01  4.6626E-04
 -2.7676E+01  4.2936E-04
 -2.7664E+01  3.9329E-04
 -2.7652E+01  3.5842E-04
 -2.7640E+01  3.2503E-04
 -2.7628E+01  2.9333E-04
 -2.7617E+01  2.6346E-04
 -2.7605E+01  2.3551E-04
 -2.7593E+01  2.0950E-04
 -2.7581E+01  1.8543E-04
 -2.7569E+01  1.6327E-04
 -2.7557E+01  1.4298E-04
 -2.7545E+01  1.2452E-04
 -2.7533E+01  1.0787E-04
 -2.7521E+01  9.2998E-05
 -2.7509E+01  7.9904E-05
 -2.7497E+01  6.8584E-05
 -2.7486E+01  5.9037E-05
 -2.7474E+01  5.1249E-05
 -2.7462E+01  4.5186E-05
 -2.7450E+01  4.0782E-05
 -2.7438E+01  3.7931E-05
 -2.7426E+01  3.6484E-05
 -2.7414E+01  3.6247E-05
 -2.7402E+01  3.6988E-05
 -2.7390E+01  3.8447E-05
 -2.7378E+01  4.0352E-05
 -2.7366E+01  4.2435E-05
 -2.7355E+01  4.4453E-05
 -2.7343E+01  4.6211E-05
 -2.7331E+01  4.7578E-05
 -2.7319E+01  4.8502E-05
 -2.7307E+01  4.9021E-05
 -2.7295E+01  4.9262E-05
 -2.7283E+01  4.9442E-05
 -2.7271E+01  4.9852E-05
 -2.7259E+01  5.0840E-05
 -2.7247E+01  5.2787E-05
 -2.7235E+01  5.6084E-05
 -2.7224E+01  6.1106E-05
 -2.7212E+01  6.8187E-05
 -2.7200E+01  7.7606E-05
 -2.7188E+01  8.9570E-05
 -2.7176E+01  1.0422E-04
 -2.7164E+01  1.2162E-04
 -2.7152E+01  1.4179E-04
 -2.7140E+01  1.6470E-04
 -2.7128E+01  1.9030E-04
 -2.7116E+01  2.1854E-04
 -2.7104E+01  2.4940E-04
 -2.7093E+01  2.8285E-04
 -2.7081E+01  3.1892E-04
 -2.7069E+01  3.5765E-04
 -2.7057E+01  3.9908E-04
 -2.7045E+01  4.4324E-04
 -2.7033E+01  4.9008E-04
 -2.7021E+01  5.3948E-04
 -2.7009E+01  5.9119E-04
 -2.6997E+01  6.4478E-04
 -2.6985E+01  6.9963E-04
 -2.6973E+01  7.5494E-04
 -2.6962E+01  8.0969E-04
 -2.6950E+01  8.6266E-04
 -2.6938E+01  9.1250E-04
 -2.6926E+01  9.5778E-04
 -2.6914E+01  9.9702E-04
 -2.6902E+01  1.0288E-03
 -2.6890E+01  1.0519E-03
 -2.6878E+01  1.0652E-03
 -2.6866E+01  1.0679E-03
 -2.6854E+01  1.0598E-03
 -2.6842E+01  1.0408E-03
 -2.6831E+01  1.0113E-03
 -2.6819E+01  9.7230E-04
 -2.6807E+01  9.2494E-04
 -2.6795E+01  8.7079E-04
 -2.6783E+01  8.1159E-04
 -2.6771E+01  7.4920E-04
 -2.6759E+01  6.8549E-04
 -2.6747E+01  6.2221E-04
 -2.6735E+01  5.6092E-04
 -2.6723E+01  5.0290E-04
 -2.6711E+01  4.4910E-04
 -2.6700E+01  4.0012E-04
 -2.6688E+01  3.5622E-04
 -2.6676E+01  3.1735E-04
 -2.6664E+01  2.8319E-04
 -2.6652E+01  2.5323E-04
 -2.6640E+01  2.2686E-04
 -2.6628E+01  2.0343E-04
 -2.6616E+01  1.8234E-04
 -2.6604E+01  1.6311E-04
 -2.6592E+01  1.4537E-04
 -2.6580E+01  1.2896E-04
 -2.6569E+01  1.1384E-04
 -2.6557E+01  1.0013E-04
 -2.6545E+01  8.8056E-05
 -2.6533E+01  7.7848E-05
 -2.6521E+01  6.9736E-05
 -2.6509E+01  6.3865E-05
 -2.6497E+01  6.0256E-05
 -2.6485E+01  5.8774E-05
 -2.6473E+01  5.9123E-05
 -2.6461E+01  6.0856E-05
 -2.6449E+01  6.3411E-05
 -2.6438E+01  6.6170E-05
 -2.6426E+01  6.8521E-05
 -2.6414E+01  6.9940E-05
 -2.6402E+01  7.0054E-05
 -2.6390E+01  6.8709E-05
 -2.6378E+01  6.6008E-05
 -2.6366E+01  6.2328E-05
 -2.6354E+01  5.8312E-05
 -2.6342E+01  5.4827E-05
 -2.6330E+01  5.2898E-05
 -2.6318E+01  5.3625E-05
 -2.6307E+01  5.8091E-05
 -2.6295E+01  6.7262E-05
 -2.6283E+01  8.1911E-05
 -2.6271E+01  1.0255E-04
 -2.6259E+01  1.2940E-04
 -2.6247E+01  1.6240E-04
 -2.6235E+01  2.0124E-04
 -2.6223E+01  2.4543E-04
 -2.6211E+01  2.9443E-04
 -2.6199E+01  3.4773E-04
 -2.6187E+01  4.0505E-04
 -2.6176E+01  4.6638E-04
 -2.6164E+01  5.3215E-04
 -2.6152E+01  6.0325E-04
 -2.6140E+01  6.8103E-04
 -2.6128E+01  7.6729E-04
 -2.6116E+01  8.6410E-04
 -2.6104E+01  9.7368E-04
 -2.6092E+01  1.0982E-03
 -2.6080E+01  1.2393E-03
 -2.6068E+01  1.3983E-03
 -2.6056E+01  1.5753E-03
 -2.6045E+01  1.7695E-03
 -2.6033E+01  1.9788E-03
 -2.6021E+01  2.1995E-03
 -2.6009E+01  2.4269E-03
 -2.5997E+01  2.6547E-03
 -2.5985E+01  2.8757E-03
 -2.5973E+01  3.0820E-03
 -2.5961E+01  3.2654E-03
 -2.5949E+01  3.4179E-03
 -2.5937E+01  3.5322E-03
 -2.5925E+01  3.6024E-03
 -2.5914E+01  3.6239E-03
 -2.5902E+01  3.5945E-03
 -2.5890E+01  3.5141E-03
 -2.5878E+01  3.3850E-03
 -2.5866E+01  3.2118E-03
 -2.5854E+01  3.0011E-03
 -2.5842E+01  2.7615E-03
 -2.5830E+01  2.5025E-03
 -2.5818E+01  2.2346E-03
 -2.5806E+01  1.9681E-03
 -2.5794E+01  1.7130E-03
 -2.5783E+01  1.4781E-03
 -2.5771E+01  1.2706E-03
 -2.5759E+01  1.0956E-03
 -2.5747E+01  9.5604E-04
 -2.5735E+01  8.5245E-04
 -2.5723E+01  7.8304E-04
 -2.5711E+01  7.4395E-04
 -2.5699E+01  7.2967E-04
 -2.5687E+01  7.3350E-04
 -2.5675E+01  7.4812E-04
 -2.5663E+01  7.6623E-04
 -2.5652E+01  7.8114E-04
 -2.5640E+01  7.8724E-04
 -2.5628E+01  7.8046E-04
 -2.5616E+01  7.5852E-04
 -2.5604E+01  7.2104E-04
 -2.5592E+01  6.6952E-04
 -2.5580E+01  6.0709E-04
 -2.5568E+01  5.3821E-04
 -2.5556E+01  4.6822E-04
 -2.5544E+01  4.0283E-04
 -2.5532E+01  3.4756E-04
 -2.5521E+01  3.0725E-04
 -2.5509E+01  2.8560E-04
 -2.5497E+01  2.8483E-04
 -2.5485E+01  3.0549E-04
 -2.5473E+01  3.4634E-04
 -2.5461E+01  4.0454E-04
 -2.5449E+01  4.7584E-04
 -2.5437E+01  5.5502E-04
 -2.5425E+01  6.3631E-04
 -2.5413E+01  7.1397E-04
 -2.5401E+01  7.8283E-04
 -2.5390E+01  8.3874E-04
 -2.5378E+01  8.7905E-04
 -2.5366E+01  9.0287E-04
 -2.5354E+01  9.1127E-04
 -2.5342E+01  9.0726E-04
 -2.5330E+01  8.9567E-04
 -2.5318E+01  8.8281E-04
 -2.5306E+01  8.7609E-04
 -2.5294E+01  8.8341E-04
 -2.5282E+01  9.1265E-04
 -2.5271E+01  9.7098E-04
 -2.5259E+01  1.0643E-03
 -2.5247E+01  1.1969E-03
 -2.5235E+01  1.3707E-03
 -2.5223E+01  1.5854E-03
 -2.5211E+01  1.8382E-03
 -2.5199E+01  2.1239E-03
 -2.5187E+01  2.4352E-03
 -2.5175E+01  2.7631E-03
 -2.5163E+01  3.0973E-03
 -2.5151E+01  3.4265E-03
 -2.5140E+01  3.7397E-03
 -2.5128E+01  4.0260E-03
 -2.5116E+01  4.2756E-03
 -2.5104E+01  4.4803E-03
 -2.5092E+01  4.6337E-03
 -2.5080E+01  4.7314E-03
 -2.5068E+01  4.7714E-03
 -2.5056E+01  4.7540E-03
 -2.5044E+01  4.6817E-03
 -2.5032E+01  4.5589E-03
 -2.5020E+01  4.3915E-03
 -2.5009E+01  4.1867E-03
 -2.4997E+01  3.9523E-03
 -2.4985E+01  3.6964E-03
 -2.4973E+01  3.4270E-03
 -2.4961E+01  3.1515E-03
 -2.4949E+01  2.8765E-03
 -2.4937E+01  2.6077E-03
 -2.4925E+01  2.3495E-03
 -2.4913E+01  2.1054E-03
 -2.4901E+01  1.8775E-03
 -2.4889E+01  1.6672E-03
 -2.4878E+01  1.4749E-03
 -2.4866E+01  1.3004E-03
 -2.4854E+01  1.1427E-03
 -2.4842E+01  1.0010E-03
 -2.4830E+01  8.7378E-04
 -2.4818E+01  7.5984E-04
 -2.4806E+01  6.5785E-04
 -2.4794E+01  5.6667E-04
 -2.4782E+01  4.8530E-04
 -2.4770E+01  4.1289E-04
 -2.4758E+01  3.4876E-04
 -2.4747E+01  2.9235E-04
 -2.4735E+01  2.4317E-04
 -2.4723E+01  2.0079E-04
 -2.4711E+01  1.6480E-04
 -2.4699E+01  1.3475E-04
 -2.4687E+01  1.1018E-04
 -2.4675E+01  9.0567E-05
 -2.4663E+01  7.5352E-05
 -2.4651E+01  6.3956E-05
 -2.4639E+01  5.5787E-05
 -2.4627E+01  5.0266E-05
 -2.4616E+01  4.6846E-05
 -2.4604E+01  4.5035E-05
 -2.4592E+01  4.4406E-05
 -2.4580E+01  4.4608E-05
 -2.4568E+01  4.5368E-05
 -2.4556E+01  4.6484E-05
 -2.4544E+01  4.7823E-05
 -2.4532E+01  4.9308E-05
 -2.4520E+01  5.0909E-05
 -2.4508E+01  5.2632E-05
 -2.4496E+01  5.4517E-05
 -2.4485E+01  5.6630E-05
 -2.4473E+01  5.9071E-05
 -2.4461E+01  6.1971E-05
 -2.4449E+01  6.5501E-05
 -2.4437E+01  6.9878E-05
 -2.4425E+01  7.5367E-05
 -2.4413E+01  8.2284E-05
 -2.4401E+01  9.0986E-05
 -2.4389E+01  1.0187E-04
 -2.4377E+01  1.1533E-04
 -2.4365E+01  1.3178E-04
 -2.4354E+01  1.5158E-04
 -2.4342E+01  1.7504E-04
 -2.4330E+01  2.0237E-04
 -2.4318E+01  2.3365E-04
 -2.4306E+01  2.6884E-04
 -2.4294E+01  3.0771E-04
 -2.4282E+01  3.4989E-04
 -2.4270E+01  3.9481E-04
 -2.4258E+01  4.4177E-04
 -2.4246E+01  4.8993E-04
 -2.4234E+01  5.3832E-04
 -2.4223E+01  5.8590E-04
 -2.4211E+01  6.3162E-04
 -2.4199E+01  6.7443E-04
 -2.4187E+01  7.1333E-04
 -2.4175E+01  7.4743E-04
 -2.4163E+01  7.7597E-04
 -2.4151E+01  7.9835E-04
 -2.4139E+01  8.1416E-04
 -2.4127E+01  8.2319E-04
 -2.4115E+01  8.2537E-04
 -2.4103E+01  8.2086E-04
 -2.4092E+01  8.0994E-04
 -2.4080E+01  7.9303E-04
 -2.4068E+01  7.7065E-04
 -2.4056E+01  7.4340E-04
 -2.4044E+01  7.1193E-04
 -2.4032E+01  6.7694E-04
 -2.4020E+01  6.3911E-04
 -2.4008E+01  5.9915E-04
 -2.3996E+01  5.5773E-04
 -2.3984E+01  5.1552E-04
 -2.3972E+01  4.7312E-04
 -2.3961E+01  4.3114E-04
 -2.3949E+01  3.9009E-04
 -2.3937E+01  3.5047E-04
 -2.3925E+01  3.1270E-04
 -2.3913E+01  2.7712E-04
 -2.3901E+01  2.4403E-04
 -2.3889E+01  2.1363E-04
 -2.3877E+01  1.8605E-04
 -2.3865E+01  1.6136E-04
 -2.3853E+01  1.3955E-04
 -2.3841E+01  1.2053E-04
 -2.3830E+01  1.0419E-04
 -2.3818E+01  9.0342E-05
 -2.3806E+01  7.8794E-05
 -2.3794E+01  6.9310E-05
 -2.3782E+01  6.1652E-05
 -2.3770E+01  5.5579E-05
 -2.3758E+01  5.0860E-05
 -2.3746E+01  4.7277E-05
 -2.3734E+01  4.4635E-05
 -2.3722E+01  4.2764E-05
 -2.3710E+01  4.1514E-05
 -2.3699E+01  4.0765E-05
 -2.3687E+01  4.0416E-05
 -2.3675E+01  4.0385E-05
 -2.3663E+01  4.0609E-05
 -2.3651E+01  4.1038E-05
 -2.3639E+01  4.1637E-05
 -2.3627E+01  4.2385E-05
 -2.3615E+01  4.3275E-05
 -2.3603E+01  4.4323E-05
 -2.3591E+01  4.5566E-05
 -2.3579E+01  4.7070E-05
 -2.3568E+01  4.8935E-05
 -2.3556E+01  5.1298E-05
 -2.3544E+01  5.4336E-05
 -2.3532E+01  5.8267E-05
 -2.3520E+01  6.3349E-05
 -2.3508E+01  6.9875E-05
 -2.3496E+01  7.8165E-05
 -2.3484E+01  8.8567E-05
 -2.3472E+01  1.0144E-04
 -2.3460E+01  1.1714E-04
 -2.3448E+01  1.3602E-04
 -2.3437E+01  1.5844E-04
 -2.3425E+01  1.8471E-04
 -2.3413E+01  2.1511E-04
 -2.3401E+01  2.4989E-04
 -2.3389E+01  2.8924E-04
 -2.3377E+01  3.3329E-04
 -2.3365E+01  3.8208E-04
 -2.3353E+01  4.3559E-04
 -2.3341E+01  4.9364E-04
 -2.3329E+01  5.5596E-04
 -2.3317E+01  6.2213E-04
 -2.3306E+01  6.9158E-04
 -2.3294E+01  7.6354E-04
 -2.3282E+01  8.3709E-04
 -2.3270E+01  9.1116E-04
 -2.3258E+01  9.8449E-04
 -2.3246E+01  1.0557E-03
 -2.3234E+01  1.1233E-03
 -2.3222E+01  1.1857E-03
 -2.3210E+01  1.2413E-03
 -2.3198E+01  1.2886E-03
 -2.3186E+01  1.3262E-03
 -2.3175E+01  1.3528E-03
 -2.3163E+01  1.3672E-03
 -2.3151E+01  1.3688E-03
 -2.3139E+01  1.3572E-03
 -2.3127E+01  1.3323E-03
 -2.3115E+01  1.2945E-03
 -2.3103E+01  1.2447E-03
 -2.3091E+01  1.1840E-03
 -2.3079E+01  1.1141E-03
 -2.3067E+01  1.0368E-03
 -2.3055E+01  9.5435E-04
 -2.3044E+01  8.6893E-04
 -2.3032E+01  7.8280E-04
 -2.3020E+01  6.9810E-04
 -2.3008E+01  6.1678E-04
 -2.2996E+01  5.4049E-04
 -2.2984E+01  4.7054E-04
 -2.2972E+01  4.0782E-04
 -2.2960E+01  3.5282E-04
 -2.2948E+01  3.0563E-04
 -2.2936E+01  2.6600E-04
 -2.2924E+01  2.3334E-04
 -2.2913E+01  2.0688E-04
 -2.2901E+01  1.8564E-04
 -2.2889E+01  1.6863E-04
 -2.2877E+01  1.5484E-04
 -2.2865E+01  1.4335E-04
 -2.2853E+01  1.3337E-04
 -2.2841E+01  1.2429E-04
 -2.2829E+01  1.1567E-04
 -2.2817E+01  1.0726E-04
 -2.2805E+01  9.8988E-05
 -2.2793E+01  9.0885E-05
 -2.2782E+01  8.3088E-05
 -2.2770E+01  7.5773E-05
 -2.2758E+01  6.9120E-05
 -2.2746E+01  6.3281E-05
 -2.2734E+01  5.8356E-05
 -2.2722E+01  5.4391E-05
 -2.2710E+01  5.1382E-05
 -2.2698E+01  4.9292E-05
 -2.2686E+01  4.8088E-05
 -2.2674E+01  4.7767E-05
 -2.2662E+01  4.8400E-05
 -2.2651E+01  5.0155E-05
 -2.2639E+01  5.3329E-05
 -2.2627E+01  5.8347E-05
 -2.2615E+01  6.5769E-05
 -2.2603E+01  7.6264E-05
 -2.2591E+01  9.0584E-05
 -2.2579E+01  1.0953E-04
 -2.2567E+01  1.3389E-04
 -2.2555E+01  1.6444E-04
 -2.2543E+01  2.0190E-04
 -2.2531E+01  2.4688E-04
 -2.2520E+01  2.9994E-04
 -2.2508E+01  3.6160E-04
 -2.2496E+01  4.3234E-04
 -2.2484E+01  5.1269E-04
 -2.2472E+01  6.0325E-04
 -2.2460E+01  7.0479E-04
 -2.2448E+01  8.1823E-04
 -2.2436E+01  9.4470E-04
 -2.2424E+01  1.0855E-03
 -2.2412E+01  1.2421E-03
 -2.2400E+01  1.4160E-03
 -2.2389E+01  1.6085E-03
 -2.2377E+01  1.8208E-03
 -2.2365E+01  2.0534E-03
 -2.2353E+01  2.3064E-03
 -2.2341E+01  2.5787E-03
 -2.2329E+01  2.8682E-03
 -2.2317E+01  3.1716E-03
 -2.2305E+01  3.4842E-03
 -2.2293E+01  3.7998E-03
 -2.2281E+01  4.1110E-03
 -2.2269E+01  4.4094E-03
 -2.2258E+01  4.6857E-03
 -2.2246E+01  4.9300E-03
 -2.2234E+01  5.1326E-03
 -2.2222E+01  5.2847E-03
 -2.2210E+01  5.3782E-03
 -2.2198E+01  5.4071E-03
 -2.2186E+01  5.3676E-03
 -2.2174E+01  5.2585E-03
 -2.2162E+01  5.0817E-03
 -2.2150E+01  4.8418E-03
 -2.2138E+01  4.5466E-03
 -2.2127E+01  4.2062E-03
 -2.2115E+01  3.8328E-03
 -2.2103E+01  3.4402E-03
 -2.2091E+01  3.0427E-03
 -2.2079E+01  2.6546E-03
 -2.2067E+01  2.2895E-03
 -2.2055E+01  1.9590E-03
 -2.2043E+01  1.6728E-03
 -2.2031E+01  1.4375E-03
 -2.2019E+01  1.2567E-03
 -2.2007E+01  1.1306E-03
 -2.1996E+01  1.0564E-03
 -2.1984E+01  1.0278E-03
 -2.1972E+01  1.0366E-03
 -2.1960E+01  1.0723E-03
 -2.1948E+01  1.1237E-03
 -2.1936E+01  1.1792E-03
 -2.1924E+01  1.2281E-03
 -2.1912E+01  1.2610E-03
 -2.1900E+01  1.2708E-03
 -2.1888E+01  1.2530E-03
 -2.1876E+01  1.2061E-03
 -2.1865E+01  1.1316E-03
 -2.1853E+01  1.0335E-03
 -2.1841E+01  9.1861E-04
 -2.1829E+01  7.9518E-04
 -2.1817E+01  6.7265E-04
 -2.1805E+01  5.6066E-04
 -2.1793E+01  4.6828E-04
 -2.1781E+01  4.0317E-04
 -2.1769E+01  3.7097E-04
 -2.1757E+01  3.7477E-04
 -2.1745E+01  4.1484E-04
 -2.1734E+01  4.8860E-04
 -2.1722E+01  5.9079E-04
 -2.1710E+01  7.1401E-04
 -2.1698E+01  8.4931E-04
 -2.1686E+01  9.8701E-04
 -2.1674E+01  1.1176E-03
 -2.1662E+01  1.2326E-03
 -2.1650E+01  1.3255E-03
 -2.1638E+01  1.3922E-03
 -2.1626E+01  1.4318E-03
 -2.1614E+01  1.4464E-03
 -2.1603E+01  1.4419E-03
 -2.1591E+01  1.4267E-03
 -2.1579E+01  1.4120E-03
 -2.1567E+01  1.4106E-03
 -2.1555E+01  1.4361E-03
 -2.1543E+01  1.5019E-03
 -2.1531E+01  1.6200E-03
 -2.1519E+01  1.8000E-03
 -2.1507E+01  2.0483E-03
 -2.1495E+01  2.3672E-03
 -2.1483E+01  2.7547E-03
 -2.1472E+01  3.2045E-03
 -2.1460E+01  3.7057E-03
 -2.1448E+01  4.2438E-03
 -2.1436E+01  4.8010E-03
 -2.1424E+01  5.3576E-03
 -2.1412E+01  5.8927E-03
 -2.1400E+01  6.3855E-03
 -2.1388E+01  6.8165E-03
 -2.1376E+01  7.1684E-03
 -2.1364E+01  7.4273E-03
 -2.1353E+01  7.5831E-03
 -2.1341E+01  7.6304E-03
 -2.1329E+01  7.5686E-03
 -2.1317E+01  7.4016E-03
 -2.1305E+01  7.1381E-03
 -2.1293E+01  6.7902E-03
 -2.1281E+01  6.3732E-03
 -2.1269E+01  5.9043E-03
 -2.1257E+01  5.4018E-03
 -2.1245E+01  4.8835E-03
 -2.1233E+01  4.3666E-03
 -2.1222E+01  3.8660E-03
 -2.1210E+01  3.3941E-03
 -2.1198E+01  2.9604E-03
 -2.1186E+01  2.5711E-03
 -2.1174E+01  2.2293E-03
 -2.1162E+01  1.9353E-03
 -2.1150E+01  1.6869E-03
 -2.1138E+01  1.4797E-03
 -2.1126E+01  1.3083E-03
 -2.1114E+01  1.1662E-03
 -2.1102E+01  1.0468E-03
 -2.1091E+01  9.4394E-04
 -2.1079E+01  8.5218E-04
 -2.1067E+01  7.6712E-04
 -2.1055E+01  6.8565E-04
 -2.1043E+01  6.0596E-04
 -2.1031E+01  5.2745E-04
 -2.1019E+01  4.5054E-04
 -2.1007E+01  3.7646E-04
 -2.0995E+01  3.0687E-04
 -2.0983E+01  2.4362E-04
 -2.0971E+01  1.8843E-04
 -2.0960E+01  1.4264E-04
 -2.0948E+01  1.0706E-04
 -2.0936E+01  8.1844E-05
 -2.0924E+01  6.6460E-05
 -2.0912E+01  5.9766E-05
 -2.0900E+01  6.0114E-05
 -2.0888E+01  6.5507E-05
 -2.0876E+01  7.3803E-05
 -2.0864E+01  8.2903E-05
 -2.0852E+01  9.0945E-05
 -2.0840E+01  9.6453E-05
 -2.0829E+01  9.8445E-05
 -2.0817E+01  9.6482E-05
 -2.0805E+01  9.0665E-05
 -2.0793E+01  8.1570E-05
 -2.0781E+01  7.0148E-05
 -2.0769E+01  5.7589E-05
 -2.0757E+01  4.5171E-05
 -2.0745E+01  3.4111E-05
 -2.0733E+01  2.5435E-05
 -2.0721E+01  1.9870E-05
 -2.0709E+01  1.7776E-05
 -2.0698E+01  1.9127E-05
 -2.0686E+01  2.3520E-05
 -2.0674E+01  3.0242E-05
 -2.0662E+01  3.8353E-05
 -2.0650E+01  4.6797E-05
 -2.0638E+01  5.4527E-05
 -2.0626E+01  6.0613E-05
 -2.0614E+01  6.4347E-05
 -2.0602E+01  6.5314E-05
 -2.0590E+01  6.3424E-05
 -2.0578E+01  5.8918E-05
 -2.0567E+01  5.2333E-05
 -2.0555E+01  4.4430E-05
 -2.0543E+01  3.6112E-05
 -2.0531E+01  2.8317E-05
 -2.0519E+01  2.1920E-05
 -2.0507E+01  1.7633E-05
 -2.0495E+01  1.5935E-05
 -2.0483E+01  1.7020E-05
 -2.0471E+01  2.0777E-05
 -2.0459E+01  2.6805E-05
 -2.0447E+01  3.4460E-05
 -2.0436E+01  4.2921E-05
 -2.0424E+01  5.1283E-05
 -2.0412E+01  5.8655E-05
 -2.0400E+01  6.4257E-05
 -2.0388E+01  6.7502E-05
 -2.0376E+01  6.8065E-05
 -2.0364E+01  6.5915E-05
 -2.0352E+01  6.1318E-05
 -2.0340E+01  5.4816E-05
 -2.0328E+01  4.7165E-05
 -2.0316E+01  3.9262E-05
 -2.0305E+01  3.2049E-05
 -2.0293E+01  2.6422E-05
 -2.0281E+01  2.3130E-05
 -2.0269E+01  2.2702E-05
 -2.0257E+01  2.5390E-05
 -2.0245E+01  3.1134E-05
 -2.0233E+01  3.9567E-05
 -2.0221E+01  5.0043E-05
 -2.0209E+01  6.1701E-05
 -2.0197E+01  7.3540E-05
 -2.0185E+01  8.4526E-05
 -2.0174E+01  9.3682E-05
 -2.0162E+01  1.0019E-04
 -2.0150E+01  1.0348E-04
 -2.0138E+01  1.0326E-04
 -2.0126E+01  9.9577E-05
 -2.0114E+01  9.2780E-05
 -2.0102E+01  8.3514E-05
 -2.0090E+01  7.2645E-05
 -2.0078E+01  6.1180E-05
 -2.0066E+01  5.0173E-05
 -2.0054E+01  4.0628E-05
 -2.0043E+01  3.3401E-05
 -2.0031E+01  2.9126E-05
 -2.0019E+01  2.8153E-05
 -2.0007E+01  3.0517E-05
 -1.9995E+01  3.5939E-05
 -1.9983E+01  4.3851E-05
 -1.9971E+01  5.3458E-05
 -1.9959E+01  6.3813E-05
 -1.9947E+01  7.3913E-05
 -1.9935E+01  8.2797E-05
 -1.9923E+01  8.9635E-05
 -1.9912E+01  9.3814E-05
 -1.9900E+01  9.4990E-05
 -1.9888E+01  9.3119E-05
 -1.9876E+01  8.8464E-05
 -1.9864E+01  8.1564E-05
 -1.9852E+01  7.3183E-05
 -1.9840E+01  6.4239E-05
 -1.9828E+01  5.5718E-05
 -1.9816E+01  4.8585E-05
 -1.9804E+01  4.3689E-05
 -1.9792E+01  4.1694E-05
 -1.9781E+01  4.3012E-05
 -1.9769E+01  4.7769E-05
 -1.9757E+01  5.5799E-05
 -1.9745E+01  6.6658E-05
 -1.9733E+01  7.9668E-05
 -1.9721E+01  9.3984E-05
 -1.9709E+01  1.0867E-04
 -1.9697E+01  1.2278E-04
 -1.9685E+01  1.3544E-04
 -1.9673E+01  1.4594E-04
 -1.9661E+01  1.5375E-04
 -1.9650E+01  1.5859E-04
 -1.9638E+01  1.6040E-04
 -1.9626E+01  1.5939E-04
 -1.9614E+01  1.5595E-04
 -1.9602E+01  1.5065E-04
 -1.9590E+01  1.4412E-04
 -1.9578E+01  1.3704E-04
 -1.9566E+01  1.3007E-04
 -1.9554E+01  1.2374E-04
 -1.9542E+01  1.1849E-04
 -1.9530E+01  1.1456E-04
 -1.9519E+01  1.1203E-04
 -1.9507E+01  1.1081E-04
 -1.9495E+01  1.1070E-04
 -1.9483E+01  1.1136E-04
 -1.9471E+01  1.1243E-04
 -1.9459E+01  1.1355E-04
 -1.9447E+01  1.1439E-04
 -1.9435E+01  1.1473E-04
 -1.9423E+01  1.1442E-04
 -1.9411E+01  1.1348E-04
 -1.9399E+01  1.1199E-04
 -1.9388E+01  1.1017E-04
 -1.9376E+01  1.0828E-04
 -1.9364E+01  1.0659E-04
 -1.9352E+01  1.0537E-04
 -1.9340E+01  1.0482E-04
 -1.9328E+01  1.0503E-04
 -1.9316E+01  1.0599E-04
 -1.9304E+01  1.0756E-04
 -1.9292E+01  1.0945E-04
 -1.9280E+01  1.1133E-04
 -1.9268E+01  1.1277E-04
 -1.9257E+01  1.1335E-04
 -1.9245E+01  1.1267E-04
 -1.9233E+01  1.1043E-04
 -1.9221E+01  1.0646E-04
 -1.9209E+01  1.0074E-04
 -1.9197E+01  9.3441E-05
 -1.9185E+01  8.4887E-05
 -1.9173E+01  7.5565E-05
 -1.9161E+01  6.6076E-05
 -1.9149E+01  5.7090E-05
 -1.9137E+01  4.9278E-05
 -1.9126E+01  4.3260E-05
 -1.9114E+01  3.9534E-05
 -1.9102E+01  3.8431E-05
 -1.9090E+01  4.0073E-05
 -1.9078E+01  4.4359E-05
 -1.9066E+01  5.0963E-05
 -1.9054E+01  5.9358E-05
 -1.9042E+01  6.8865E-05
 -1.9030E+01  7.8708E-05
 -1.9018E+01  8.8082E-05
 -1.9006E+01  9.6228E-05
 -1.8995E+01  1.0250E-04
 -1.8983E+01  1.0644E-04
 -1.8971E+01  1.0778E-04
 -1.8959E+01  1.0653E-04
 -1.8947E+01  1.0294E-04
 -1.8935E+01  9.7490E-05
 -1.8923E+01  9.0865E-05
 -1.8911E+01  8.3901E-05
 -1.8899E+01  7.7513E-05
 -1.8887E+01  7.2621E-05
 -1.8875E+01  7.0086E-05
 -1.8864E+01  7.0634E-05
 -1.8852E+01  7.4811E-05
 -1.8840E+01  8.2941E-05
 -1.8828E+01  9.5117E-05
 -1.8816E+01  1.1120E-04
 -1.8804E+01  1.3086E-04
 -1.8792E+01  1.5358E-04
 -1.8780E+01  1.7877E-04
 -1.8768E+01  2.0577E-04
 -1.8756E+01  2.3393E-04
 -1.8744E+01  2.6267E-04
 -1.8733E+01  2.9150E-04
 -1.8721E+01  3.2009E-04
 -1.8709E+01  3.4822E-04
 -1.8697E+01  3.7583E-04
 -1.8685E+01  4.0301E-04
 -1.8673E+01  4.2991E-04
 -1.8661E+01  4.5676E-04
 -1.8649E+01  4.8380E-04
 -1.8637E+01  5.1123E-04
 -1.8625E+01  5.3918E-04
 -1.8613E+01  5.6768E-04
 -1.8602E+01  5.9664E-04
 -1.8590E+01  6.2583E-04
 -1.8578E+01  6.5487E-04
 -1.8566E+01  6.8327E-04
 -1.8554E+01  7.1043E-04
 -1.8542E+01  7.3568E-04
 -1.8530E+01  7.5831E-04
 -1.8518E+01  7.7760E-04
 -1.8506E+01  7.9285E-04
 -1.8494E+01  8.0341E-04
 -1.8482E+01  8.0874E-04
 -1.8471E+01  8.0837E-04
 -1.8459E+01  8.0200E-04
 -1.8447E+01  7.8942E-04
 -1.8435E+01  7.7062E-04
 -1.8423E+01  7.4573E-04
 -1.8411E+01  7.1503E-04
 -1.8399E+01  6.7900E-04
 -1.8387E+01  6.3827E-04
 -1.8375E+01  5.9362E-04
 -1.8363E+01  5.4600E-04
 -1.8351E+01  4.9651E-04
 -1.8340E+01  4.4638E-04
 -1.8328E+01  3.9691E-04
 -1.8316E+01  3.4949E-04
 -1.8304E+01  3.0550E-04
 -1.8292E+01  2.6627E-04
 -1.8280E+01  2.3301E-04
 -1.8268E+01  2.0671E-04
 -1.8256E+01  1.8808E-04
 -1.8244E+01  1.7749E-04
 -1.8232E+01  1.7489E-04
 -1.8220E+01  1.7976E-04
 -1.8209E+01  1.9117E-04
 -1.8197E+01  2.0773E-04
 -1.8185E+01  2.2775E-04
 -1.8173E+01  2.4924E-04
 -1.8161E+01  2.7012E-04
 -1.8149E+01  2.8834E-04
 -1.8137E+01  3.0204E-04
 -1.8125E+01  3.0968E-04
 -1.8113E+01  3.1020E-04
 -1.8101E+01  3.0314E-04
 -1.8089E+01  2.8865E-04
 -1.8078E+01  2.6756E-04
 -1.8066E+01  2.4130E-04
 -1.8054E+01  2.1185E-04
 -1.8042E+01  1.8156E-04
 -1.8030E+01  1.5297E-04
 -1.8018E+01  1.2864E-04
 -1.8006E+01  1.1087E-04
 -1.7994E+01  1.0155E-04
 -1.7982E+01  1.0190E-04
 -1.7970E+01  1.1242E-04
 -1.7958E+01  1.3276E-04
 -1.7947E+01  1.6178E-04
 -1.7935E+01  1.9760E-04
 -1.7923E+01  2.3778E-04
 -1.7911E+01  2.7954E-04
 -1.7899E+01  3.2004E-04
 -1.7887E+01  3.5664E-04
 -1.7875E+01  3.8721E-04
 -1.7863E+01  4.1035E-04
 -1.7851E+01  4.2563E-04
 -1.7839E+01  4.3367E-04
 -1.7827E+01  4.3620E-04
 -1.7816E+01  4.3597E-04
 -1.7804E+01  4.3660E-04
 -1.7792E+01  4.4228E-04
 -1.7780E+01  4.5741E-04
 -1.7768E+01  4.8627E-04
 -1.7756E+01  5.3252E-04
 -1.7744E+01  5.9887E-04
 -1.7732E+01  6.8674E-04
 -1.7720E+01  7.9595E-04
 -1.7708E+01  9.2469E-04
 -1.7696E+01  1.0694E-03
 -1.7685E+01  1.2251E-03
 -1.7673E+01  1.3854E-03
 -1.7661E+01  1.5430E-03
 -1.7649E+01  1.6902E-03
 -1.7637E+01  1.8193E-03
 -1.7625E+01  1.9232E-03
 -1.7613E+01  1.9958E-03
 -1.7601E+01  2.0329E-03
 -1.7589E+01  2.0317E-03
 -1.7577E+01  1.9921E-03
 -1.7565E+01  1.9157E-03
 -1.7554E+01  1.8066E-03
 -1.7542E+01  1.6706E-03
 -1.7530E+01  1.5150E-03
 -1.7518E+01  1.3480E-03
 -1.7506E+01  1.1781E-03
 -1.7494E+01  1.0137E-03
 -1.7482E+01  8.6217E-04
 -1.7470E+01  7.2963E-04
 -1.7458E+01  6.2049E-04
 -1.7446E+01  5.3719E-04
 -1.7435E+01  4.8017E-04
 -1.7423E+01  4.4794E-04
 -1.7411E+01  4.3727E-04
 -1.7399E+01  4.4362E-04
 -1.7387E+01  4.6150E-04
 -1.7375E+01  4.8505E-04
 -1.7363E+01  5.0851E-04
 -1.7351E+01  5.2669E-04
 -1.7339E+01  5.3545E-04
 -1.7327E+01  5.3196E-04
 -1.7315E+01  5.1488E-04
 -1.7304E+01  4.8442E-04
 -1.7292E+01  4.4221E-04
 -1.7280E+01  3.9107E-04
 -1.7268E+01  3.3469E-04
 -1.7256E+01  2.7718E-04
 -1.7244E+01  2.2271E-04
 -1.7232E+01  1.7505E-04
 -1.7220E+01  1.3726E-04
 -1.7208E+01  1.1138E-04
 -1.7196E+01  9.8334E-05
 -1.7184E+01  9.7819E-05
 -1.7173E+01  1.0842E-04
 -1.7161E+01  1.2777E-04
 -1.7149E+01  1.5284E-04
 -1.7137E+01  1.8023E-04
 -1.7125E+01  2.0654E-04
 -1.7113E+01  2.2873E-04
 -1.7101E+01  2.4440E-04
 -1.7089E+01  2.5201E-04
 -1.7077E+01  2.5103E-04
 -1.7065E+01  2.4196E-04
 -1.7053E+01  2.2623E-04
 -1.7042E+01  2.0606E-04
 -1.7030E+01  1.8418E-04
 -1.7018E+01  1.6358E-04
 -1.7006E+01  1.4718E-04
 -1.6994E+01  1.3757E-04
 -1.6982E+01  1.3675E-04
 -1.6970E+01  1.4600E-04
 -1.6958E+01  1.6578E-04
 -1.6946E+01  1.9573E-04
 -1.6934E+01  2.3480E-04
 -1.6922E+01  2.8136E-04
 -1.6911E+01  3.3347E-04
 -1.6899E+01  3.8914E-04
 -1.6887E+01  4.4652E-04
 -1.6875E+01  5.0419E-04
 -1.6863E+01  5.6128E-04
 -1.6851E+01  6.1756E-04
 -1.6839E+01  6.7346E-04
 -1.6827E+01  7.2993E-04
 -1.6815E+01  7.8829E-04
 -1.6803E+01  8.5000E-04
 -1.6791E+01  9.1638E-04
 -1.6780E+01  9.8831E-04
 -1.6768E+01  1.0660E-03
 -1.6756E+01  1.1489E-03
 -1.6744E+01  1.2354E-03
 -1.6732E+01  1.3230E-03
 -1.6720E+01  1.4082E-03
 -1.6708E+01  1.4871E-03
 -1.6696E+01  1.5551E-03
 -1.6684E+01  1.6079E-03
 -1.6672E+01  1.6416E-03
 -1.6660E+01  1.6528E-03
 -1.6649E+01  1.6396E-03
 -1.6637E+01  1.6014E-03
 -1.6625E+01  1.5388E-03
 -1.6613E+01  1.4543E-03
 -1.6601E+01  1.3517E-03
 -1.6589E+01  1.2357E-03
 -1.6577E+01  1.1122E-03
 -1.6565E+01  9.8712E-04
 -1.6553E+01  8.6638E-04
 -1.6541E+01  7.5536E-04
 -1.6529E+01  6.5848E-04
 -1.6518E+01  5.7889E-04
 -1.6506E+01  5.1822E-04
 -1.6494E+01  4.7652E-04
 -1.6482E+01  4.5232E-04
 -1.6470E+01  4.4278E-04
 -1.6458E+01  4.4404E-04
 -1.6446E+01  4.5159E-04
 -1.6434E+01  4.6074E-04
 -1.6422E+01  4.6706E-04
 -1.6410E+01  4.6682E-04
 -1.6398E+01  4.5733E-04
 -1.6387E+01  4.3717E-04
 -1.6375E+01  4.0625E-04
 -1.6363E+01  3.6583E-04
 -1.6351E+01  3.1830E-04
 -1.6339E+01  2.6689E-04
 -1.6327E+01  2.1533E-04
 -1.6315E+01  1.6744E-04
 -1.6303E+01  1.2669E-04
 -1.6291E+01  9.5866E-05
 -1.6279E+01  7.6762E-05
 -1.6267E+01  7.0001E-05
 -1.6256E+01  7.4978E-05
 -1.6244E+01  8.9933E-05
 -1.6232E+01  1.1216E-04
 -1.6220E+01  1.3831E-04
 -1.6208E+01  1.6479E-04
 -1.6196E+01  1.8814E-04
 -1.6184E+01  2.0546E-04
 -1.6172E+01  2.1472E-04
 -1.6160E+01  2.1502E-04
 -1.6148E+01  2.0669E-04
 -1.6136E+01  1.9125E-04
 -1.6125E+01  1.7132E-04
 -1.6113E+01  1.5027E-04
 -1.6101E+01  1.3196E-04
 -1.6089E+01  1.2024E-04
 -1.6077E+01  1.1863E-04
 -1.6065E+01  1.2991E-04
 -1.6053E+01  1.5581E-04
 -1.6041E+01  1.9688E-04
 -1.6029E+01  2.5243E-04
 -1.6017E+01  3.2065E-04
 -1.6005E+01  3.9889E-04
 -1.5994E+01  4.8397E-04
 -1.5982E+01  5.7271E-04
 -1.5970E+01  6.6234E-04
 -1.5958E+01  7.5099E-04
 -1.5946E+01  8.3801E-04
 -1.5934E+01  9.2422E-04
 -1.5922E+01  1.0119E-03
 -1.5910E+01  1.1048E-03
 -1.5898E+01  1.2077E-03
 -1.5886E+01  1.3259E-03
 -1.5874E+01  1.4646E-03
 -1.5863E+01  1.6286E-03
 -1.5851E+01  1.8209E-03
 -1.5839E+01  2.0427E-03
 -1.5827E+01  2.2926E-03
 -1.5815E+01  2.5664E-03
 -1.5803E+01  2.8570E-03
 -1.5791E+01  3.1546E-03
 -1.5779E+01  3.4473E-03
 -1.5767E+01  3.7218E-03
 -1.5755E+01  3.9641E-03
 -1.5743E+01  4.1609E-03
 -1.5732E+01  4.3005E-03
 -1.5720E+01  4.3734E-03
 -1.5708E+01  4.3737E-03
 -1.5696E+01  4.2992E-03
 -1.5684E+01  4.1520E-03
 -1.5672E+01  3.9383E-03
 -1.5660E+01  3.6680E-03
 -1.5648E+01  3.3543E-03
 -1.5636E+01  3.0127E-03
 -1.5624E+01  2.6597E-03
 -1.5612E+01  2.3122E-03
 -1.5601E+01  1.9858E-03
 -1.5589E+01  1.6938E-03
 -1.5577E+01  1.4462E-03
 -1.5565E+01  1.2495E-03
 -1.5553E+01  1.1056E-03
 -1.5541E+01  1.0125E-03
 -1.5529E+01  9.6423E-04
 -1.5517E+01  9.5196E-04
 -1.5505E+01  9.6462E-04
 -1.5493E+01  9.9021E-04
 -1.5481E+01  1.0169E-03
 -1.5470E+01  1.0340E-03
 -1.5458E+01  1.0333E-03
 -1.5446E+01  1.0091E-03
 -1.5434E+01  9.5931E-04
 -1.5422E+01  8.8489E-04
 -1.5410E+01  7.9001E-04
 -1.5398E+01  6.8130E-04
 -1.5386E+01  5.6708E-04
 -1.5374E+01  4.5643E-04
 -1.5362E+01  3.5813E-04
 -1.5350E+01  2.7974E-04
 -1.5339E+01  2.2673E-04
 -1.5327E+01  2.0195E-04
 -1.5315E+01  2.0529E-04
 -1.5303E+01  2.3375E-04
 -1.5291E+01  2.8181E-04
 -1.5279E+01  3.4208E-04
 -1.5267E+01  4.0612E-04
 -1.5255E+01  4.6543E-04
 -1.5243E+01  5.1239E-04
 -1.5231E+01  5.4118E-04
 -1.5219E+01  5.4844E-04
 -1.5208E+01  5.3371E-04
 -1.5196E+01  4.9956E-04
 -1.5184E+01  4.5137E-04
 -1.5172E+01  3.9684E-04
 -1.5160E+01  3.4522E-04
 -1.5148E+01  3.0631E-04
 -1.5136E+01  2.8948E-04
 -1.5124E+01  3.0269E-04
 -1.5112E+01  3.5159E-04
 -1.5100E+01  4.3905E-04
 -1.5088E+01  5.6491E-04
 -1.5077E+01  7.2614E-04
 -1.5065E+01  9.1743E-04
 -1.5053E+01  1.1320E-03
 -1.5041E+01  1.3629E-03
 -1.5029E+01  1.6040E-03
 -1.5017E+01  1.8513E-03
 -1.5005E+01  2.1041E-03
 -1.4993E+01  2.3656E-03
 -1.4981E+01  2.6431E-03
 -1.4969E+01  2.9482E-03
 -1.4957E+01  3.2956E-03
 -1.4946E+01  3.7022E-03
 -1.4934E+01  4.1853E-03
 -1.4922E+01  4.7604E-03
 -1.4910E+01  5.4395E-03
 -1.4898E+01  6.2284E-03
 -1.4886E+01  7.1254E-03
 -1.4874E+01  8.1199E-03
 -1.4862E+01  9.1916E-03
 -1.4850E+01  1.0311E-02
 -1.4838E+01  1.1440E-02
 -1.4826E+01  1.2533E-02
 -1.4815E+01  1.3542E-02
 -1.4803E+01  1.4416E-02
 -1.4791E+01  1.5108E-02
 -1.4779E+01  1.5576E-02
 -1.4767E+01  1.5785E-02
 -1.4755E+01  1.5716E-02
 -1.4743E+01  1.5363E-02
 -1.4731E+01  1.4735E-02
 -1.4719E+01  1.3858E-02
 -1.4707E+01  1.2774E-02
 -1.4695E+01  1.1537E-02
 -1.4684E+01  1.0211E-02
 -1.4672E+01  8.8662E-03
 -1.4660E+01  7.5731E-03
 -1.4648E+01  6.3977E-03
 -1.4636E+01  5.3968E-03
 -1.4624E+01  4.6140E-03
 -1.4612E+01  4.0763E-03
 -1.4600E+01  3.7925E-03
 -1.4588E+01  3.7525E-03
 -1.4576E+01  3.9285E-03
 -1.4564E+01  4.2770E-03
 -1.4553E+01  4.7430E-03
 -1.4541E+01  5.2639E-03
 -1.4529E+01  5.7751E-03
 -1.4517E+01  6.2151E-03
 -1.4505E+01  6.5311E-03
 -1.4493E+01  6.6831E-03
 -1.4481E+01  6.6481E-03
 -1.4469E+01  6.4214E-03
 -1.4457E+01  6.0182E-03
 -1.4445E+01  5.4717E-03
 -1.4433E+01  4.8307E-03
 -1.4422E+01  4.1553E-03
 -1.4410E+01  3.5118E-03
 -1.4398E+01  2.9670E-03
 -1.4386E+01  2.5820E-03
 -1.4374E+01  2.4073E-03
 -1.4362E+01  2.4777E-03
 -1.4350E+01  2.8094E-03
 -1.4338E+01  3.3983E-03
 -1.4326E+01  4.2197E-03
 -1.4314E+01  5.2305E-03
 -1.4302E+01  6.3726E-03
 -1.4291E+01  7.5781E-03
 -1.4279E+01  8.7752E-03
 -1.4267E+01  9.8955E-03
 -1.4255E+01  1.0880E-02
 -1.4243E+01  1.1688E-02
 -1.4231E+01  1.2300E-02
 -1.4219E+01  1.2720E-02
 -1.4207E+01  1.2984E-02
 -1.4195E+01  1.3150E-02
 -1.4183E+01  1.3305E-02
 -1.4171E+01  1.3551E-02
 -1.4160E+01  1.4007E-02
 -1.4148E+01  1.4793E-02
 -1.4136E+01  1.6028E-02
 -1.4124E+01  1.7817E-02
 -1.4112E+01  2.0243E-02
 -1.4100E+01  2.3360E-02
 -1.4088E+01  2.7188E-02
 -1.4076E+01  3.1705E-02
 -1.4064E+01  3.6849E-02
 -1.4052E+01  4.2518E-02
 -1.4040E+01  4.8573E-02
 -1.4029E+01  5.4842E-02
 -1.4017E+01  6.1135E-02
 -1.4005E+01  6.7246E-02
 -1.3993E+01  7.2971E-02
 -1.3981E+01  7.8113E-02
 -1.3969E+01  8.2496E-02
 -1.3957E+01  8.5971E-02
 -1.3945E+01  8.8427E-02
 -1.3933E+01  8.9789E-02
 -1.3921E+01  9.0028E-02
 -1.3909E+01  8.9152E-02
 -1.3898E+01  8.7213E-02
 -1.3886E+01  8.4299E-02
 -1.3874E+01  8.0526E-02
 -1.3862E+01  7.6036E-02
 -1.3850E+01  7.0988E-02
 -1.3838E+01  6.5549E-02
 -1.3826E+01  5.9886E-02
 -1.3814E+01  5.4160E-02
 -1.3802E+01  4.8518E-02
 -1.3790E+01  4.3086E-02
 -1.3778E+01  3.7967E-02
 -1.3767E+01  3.3238E-02
 -1.3755E+01  2.8949E-02
 -1.3743E+01  2.5123E-02
 -1.3731E+01  2.1761E-02
 -1.3719E+01  1.8843E-02
 -1.3707E+01  1.6336E-02
 -1.3695E+01  1.4195E-02
 -1.3683E+01  1.2371E-02
 -1.3671E+01  1.0812E-02
 -1.3659E+01  9.4696E-03
 -1.3647E+01  8.2989E-03
 -1.3636E+01  7.2633E-03
 -1.3624E+01  6.3336E-03
 -1.3612E+01  5.4884E-03
 -1.3600E+01  4.7143E-03
 -1.3588E+01  4.0040E-03
 -1.3576E+01  3.3552E-03
 -1.3564E+01  2.7690E-03
 -1.3552E+01  2.2478E-03
 -1.3540E+01  1.7946E-03
 -1.3528E+01  1.4110E-03
 -1.3517E+01  1.0968E-03
 -1.3505E+01  8.4944E-04
 -1.3493E+01  6.6392E-04
 -1.3481E+01  5.3299E-04
 -1.3469E+01  4.4774E-04
 -1.3457E+01  3.9830E-04
 -1.3445E+01  3.7453E-04
 -1.3433E+01  3.6682E-04
 -1.3421E+01  3.6670E-04
 -1.3409E+01  3.6735E-04
 -1.3397E+01  3.6392E-04
 -1.3386E+01  3.5358E-04
 -1.3374E+01  3.3545E-04
 -1.3362E+01  3.1030E-04
 -1.3350E+01  2.8015E-04
 -1.3338E+01  2.4782E-04
 -1.3326E+01  2.1640E-04
 -1.3314E+01  1.8882E-04
 -1.3302E+01  1.6749E-04
 -1.3290E+01  1.5410E-04
 -1.3278E+01  1.4945E-04
 -1.3266E+01  1.5352E-04
 -1.3255E+01  1.6560E-04
 -1.3243E+01  1.8447E-04
 -1.3231E+01  2.0874E-04
 -1.3219E+01  2.3706E-04
 -1.3207E+01  2.6837E-04
 -1.3195E+01  3.0212E-04
 -1.3183E+01  3.3835E-04
 -1.3171E+01  3.7768E-04
 -1.3159E+01  4.2125E-04
 -1.3147E+01  4.7050E-04
 -1.3135E+01  5.2699E-04
 -1.3124E+01  5.9207E-04
 -1.3112E+01  6.6665E-04
 -1.3100E+01  7.5095E-04
 -1.3088E+01  8.4432E-04
 -1.3076E+01  9.4517E-04
 -1.3064E+01  1.0509E-03
 -1.3052E+01  1.1582E-03
 -1.3040E+01  1.2629E-03
 -1.3028E+01  1.3607E-03
 -1.3016E+01  1.4469E-03
 -1.3004E+01  1.5172E-03
 -1.2993E+01  1.5680E-03
 -1.2981E+01  1.5964E-03
 -1.2969E+01  1.6007E-03
 -1.2957E+01  1.5804E-03
 -1.2945E+01  1.5363E-03
 -1.2933E+01  1.4704E-03
 -1.2921E+01  1.3859E-03
 -1.2909E+01  1.2868E-03
 -1.2897E+01  1.1777E-03
 -1.2885E+01  1.0632E-03
 -1.2873E+01  9.4799E-04
 -1.2862E+01  8.3623E-04
 -1.2850E+01  7.3141E-04
 -1.2838E+01  6.3615E-04
 -1.2826E+01  5.5215E-04
 -1.2814E+01  4.8013E-04
 -1.2802E+01  4.1996E-04
 -1.2790E+01  3.7073E-04
 -1.2778E+01  3.3100E-04
 -1.2766E+01  2.9896E-04
 -1.2754E+01  2.7264E-04
 -1.2742E+01  2.5017E-04
 -1.2731E+01  2.2986E-04
 -1.2719E+01  2.1040E-04
 -1.2707E+01  1.9091E-04
 -1.2695E+01  1.7096E-04
 -1.2683E+01  1.5055E-04
 -1.2671E+01  1.3004E-04
 -1.2659E+01  1.1005E-04
 -1.2647E+01  9.1315E-05
 -1.2635E+01  7.4625E-05
 -1.2623E+01  6.0659E-05
 -1.2611E+01  4.9923E-05
 -1.2600E+01  4.2681E-05
 -1.2588E+01  3.8935E-05
 -1.2576E+01  3.8422E-05
 -1.2564E+01  4.0652E-05
 -1.2552E+01  4.4961E-05
 -1.2540E+01  5.0585E-05
 -1.2528E+01  5.6731E-05
 -1.2516E+01  6.2662E-05
 -1.2504E+01  6.7753E-05
 -1.2492E+01  7.1544E-05
 -1.2480E+01  7.3768E-05
 -1.2469E+01  7.4359E-05
 -1.2457E+01  7.3440E-05
 -1.2445E+01  7.1290E-05
 -1.2433E+01  6.8306E-05
 -1.2421E+01  6.4954E-05
 -1.2409E+01  6.1725E-05
 -1.2397E+01  5.9092E-05
 -1.2385E+01  5.7483E-05
 -1.2373E+01  5.7257E-05
 -1.2361E+01  5.8699E-05
 -1.2349E+01  6.2023E-05
 -1.2338E+01  6.7382E-05
 -1.2326E+01  7.4884E-05
 -1.2314E+01  8.4605E-05
 -1.2302E+01  9.6605E-05
 -1.2290E+01  1.1093E-04
 -1.2278E+01  1.2763E-04
 -1.2266E+01  1.4673E-04
 -1.2254E+01  1.6823E-04
 -1.2242E+01  1.9209E-04
 -1.2230E+01  2.1821E-04
 -1.2218E+01  2.4640E-04
 -1.2207E+01  2.7641E-04
 -1.2195E+01  3.0788E-04
 -1.2183E+01  3.4035E-04
 -1.2171E+01  3.7330E-04
 -1.2159E+01  4.0615E-04
 -1.2147E+01  4.3829E-04
 -1.2135E+01  4.6908E-04
 -1.2123E+01  4.9795E-04
 -1.2111E+01  5.2434E-04
 -1.2099E+01  5.4782E-04
 -1.2087E+01  5.6800E-04
 -1.2076E+01  5.8463E-04
 -1.2064E+01  5.9753E-04
 -1.2052E+01  6.0664E-04
 -1.2040E+01  6.1193E-04
 -1.2028E+01  6.1344E-04
 -1.2016E+01  6.1121E-04
 -1.2004E+01  6.0530E-04
 -1.1992E+01  5.9574E-04
 -1.1980E+01  5.8256E-04
 -1.1968E+01  5.6577E-04
 -1.1956E+01  5.4540E-04
 -1.1945E+01  5.2152E-04
 -1.1933E+01  4.9427E-04
 -1.1921E+01  4.6390E-04
 -1.1909E+01  4.3079E-04
 -1.1897E+01  3.9548E-04
 -1.1885E+01  3.5867E-04
 -1.1873E+01  3.2122E-04
 -1.1861E+01  2.8407E-04
 -1.1849E+01  2.4826E-04
 -1.1837E+01  2.1482E-04
 -1.1825E+01  1.8470E-04
 -1.1814E+01  1.5869E-04
 -1.1802E+01  1.3738E-04
 -1.1790E+01  1.2108E-04
 -1.1778E+01  1.0979E-04
 -1.1766E+01  1.0321E-04
 -1.1754E+01  1.0073E-04
 -1.1742E+01  1.0152E-04
 -1.1730E+01  1.0458E-04
 -1.1718E+01  1.0882E-04
 -1.1706E+01  1.1316E-04
 -1.1694E+01  1.1662E-04
 -1.1683E+01  1.1842E-04
 -1.1671E+01  1.1802E-04
 -1.1659E+01  1.1517E-04
 -1.1647E+01  1.0992E-04
 -1.1635E+01  1.0262E-04
 -1.1623E+01  9.3831E-05
 -1.1611E+01  8.4297E-05
 -1.1599E+01  7.4825E-05
 -1.1587E+01  6.6203E-05
 -1.1575E+01  5.9113E-05
 -1.1563E+01  5.4057E-05
 -1.1552E+01  5.1308E-05
 -1.1540E+01  5.0897E-05
 -1.1528E+01  5.2629E-05
 -1.1516E+01  5.6126E-05
 -1.1504E+01  6.0907E-05
 -1.1492E+01  6.6473E-05
 -1.1480E+01  7.2404E-05
 -1.1468E+01  7.8448E-05
 -1.1456E+01  8.4593E-05
 -1.1444E+01  9.1114E-05
 -1.1432E+01  9.8585E-05
 -1.1421E+01  1.0785E-04
 -1.1409E+01  1.1998E-04
 -1.1397E+01  1.3616E-04
 -1.1385E+01  1.5759E-04
 -1.1373E+01  1.8540E-04
 -1.1361E+01  2.2050E-04
 -1.1349E+01  2.6358E-04
 -1.1337E+01  3.1500E-04
 -1.1325E+01  3.7484E-04
 -1.1313E+01  4.4298E-04
 -1.1301E+01  5.1916E-04
 -1.1290E+01  6.0314E-04
 -1.1278E+01  6.9486E-04
 -1.1266E+01  7.9455E-04
 -1.1254E+01  9.0285E-04
 -1.1242E+01  1.0209E-03
 -1.1230E+01  1.1503E-03
 -1.1218E+01  1.2931E-03
 -1.1206E+01  1.4514E-03
 -1.1194E+01  1.6273E-03
 -1.1182E+01  1.8226E-03
 -1.1170E+01  2.0381E-03
 -1.1159E+01  2.2734E-03
 -1.1147E+01  2.5270E-03
 -1.1135E+01  2.7950E-03
 -1.1123E+01  3.0721E-03
 -1.1111E+01  3.3506E-03
 -1.1099E+01  3.6214E-03
 -1.1087E+01  3.8737E-03
 -1.1075E+01  4.0960E-03
 -1.1063E+01  4.2766E-03
 -1.1051E+01  4.4042E-03
 -1.1039E+01  4.4693E-03
 -1.1028E+01  4.4647E-03
 -1.1016E+01  4.3862E-03
 -1.1004E+01  4.2337E-03
 -1.0992E+01  4.0114E-03
 -1.0980E+01  3.7281E-03
 -1.0968E+01  3.3965E-03
 -1.0956E+01  3.0334E-03
 -1.0944E+01  2.6583E-03
 -1.0932E+01  2.2921E-03
 -1.0920E+01  1.9559E-03
 -1.0908E+01  1.6693E-03
 -1.0897E+01  1.4488E-03
 -1.0885E+01  1.3067E-03
 -1.0873E+01  1.2496E-03
 -1.0861E+01  1.2782E-03
 -1.0849E+01  1.3865E-03
 -1.0837E+01  1.5626E-03
 -1.0825E+01  1.7891E-03
 -1.0813E+01  2.0444E-03
 -1.0801E+01  2.3046E-03
 -1.0789E+01  2.5450E-03
 -1.0777E+01  2.7423E-03
 -1.0766E+01  2.8770E-03
 -1.0754E+01  2.9347E-03
 -1.0742E+01  2.9080E-03
 -1.0730E+01  2.7975E-03
 -1.0718E+01  2.6120E-03
 -1.0706E+01  2.3680E-03
 -1.0694E+01  2.0891E-03
 -1.0682E+01  1.8038E-03
 -1.0670E+01  1.5433E-03
 -1.0658E+01  1.3395E-03
 -1.0646E+01  1.2216E-03
 -1.0635E+01  1.2140E-03
 -1.0623E+01  1.3341E-03
 -1.0611E+01  1.5907E-03
 -1.0599E+01  1.9828E-03
 -1.0587E+01  2.4998E-03
 -1.0575E+01  3.1222E-03
 -1.0563E+01  3.8235E-03
 -1.0551E+01  4.5722E-03
 -1.0539E+01  5.3359E-03
 -1.0527E+01  6.0840E-03
 -1.0515E+01  6.7921E-03
 -1.0504E+01  7.4454E-03
 -1.0492E+01  8.0414E-03
 -1.0480E+01  8.5926E-03
 -1.0468E+01  9.1272E-03
 -1.0456E+01  9.6889E-03
 -1.0444E+01  1.0335E-02
 -1.0432E+01  1.1135E-02
 -1.0420E+01  1.2164E-02
 -1.0408E+01  1.3498E-02
 -1.0396E+01  1.5211E-02
 -1.0384E+01  1.7365E-02
 -1.0373E+01  2.0006E-02
 -1.0361E+01  2.3160E-02
 -1.0349E+01  2.6823E-02
 -1.0337E+01  3.0965E-02
 -1.0325E+01  3.5523E-02
 -1.0313E+01  4.0404E-02
 -1.0301E+01  4.5487E-02
 -1.0289E+01  5.0629E-02
 -1.0277E+01  5.5670E-02
 -1.0265E+01  6.0443E-02
 -1.0253E+01  6.4779E-02
 -1.0242E+01  6.8522E-02
 -1.0230E+01  7.1530E-02
 -1.0218E+01  7.3691E-02
 -1.0206E+01  7.4922E-02
 -1.0194E+01  7.5174E-02
 -1.0182E+01  7.4439E-02
 -1.0170E+01  7.2745E-02
 -1.0158E+01  7.0158E-02
 -1.0146E+01  6.6776E-02
 -1.0134E+01  6.2724E-02
 -1.0122E+01  5.8149E-02
 -1.0111E+01  5.3213E-02
 -1.0099E+01  4.8081E-02
 -1.0087E+01  4.2918E-02
 -1.0075E+01  3.7874E-02
 -1.0063E+01  3.3085E-02
 -1.0051E+01  2.8660E-02
 -1.0039E+01  2.4680E-02
 -1.0027E+01  2.1196E-02
 -1.0015E+01  1.8228E-02
 -1.0003E+01  1.5768E-02
 -9.9915E+00  1.3783E-02
 -9.9796E+00  1.2219E-02
 -9.9677E+00  1.1011E-02
 -9.9558E+00  1.0084E-02
 -9.9439E+00  9.3613E-03
 -9.9319E+00  8.7715E-03
 -9.9200E+00  8.2507E-03
 -9.9081E+00  7.7472E-03
 -9.8962E+00  7.2235E-03
 -9.8843E+00  6.6573E-03
 -9.8724E+00  6.0406E-03
 -9.8605E+00  5.3787E-03
 -9.8486E+00  4.6874E-03
 -9.8367E+00  3.9899E-03
 -9.8248E+00  3.3134E-03
 -9.8129E+00  2.6854E-03
 -9.8010E+00  2.1307E-03
 -9.7890E+00  1.6689E-03
 -9.7771E+00  1.3121E-03
 -9.7652E+00  1.0645E-03
 -9.7533E+00  9.2202E-04
 -9.7414E+00  8.7319E-04
 -9.7295E+00  9.0033E-04
 -9.7176E+00  9.8164E-04
 -9.7057E+00  1.0933E-03
 -9.6938E+00  1.2118E-03
 -9.6819E+00  1.3158E-03
 -9.6700E+00  1.3881E-03
 -9.6580E+00  1.4169E-03
 -9.6461E+00  1.3964E-03
 -9.6342E+00  1.3269E-03
 -9.6223E+00  1.2141E-03
 -9.6104E+00  1.0684E-03
 -9.5985E+00  9.0328E-04
 -9.5866E+00  7.3355E-04
 -9.5747E+00  5.7379E-04
 -9.5628E+00  4.3675E-04
 -9.5509E+00  3.3218E-04
 -9.5390E+00  2.6589E-04
 -9.5271E+00  2.3949E-04
 -9.5151E+00  2.5044E-04
 -9.5032E+00  2.9263E-04
 -9.4913E+00  3.5736E-04
 -9.4794E+00  4.3444E-04
 -9.4675E+00  5.1354E-04
 -9.4556E+00  5.8545E-04
 -9.4437E+00  6.4321E-04
 -9.4318E+00  6.8289E-04
 -9.4199E+00  7.0412E-04
 -9.4080E+00  7.1007E-04
 -9.3961E+00  7.0707E-04
 -9.3841E+00  7.0385E-04
 -9.3722E+00  7.1041E-04
 -9.3603E+00  7.3687E-04
 -9.3484E+00  7.9210E-04
 -9.3365E+00  8.8258E-04
 -9.3246E+00  1.0115E-03
 -9.3127E+00  1.1779E-03
 -9.3008E+00  1.3770E-03
 -9.2889E+00  1.5997E-03
 -9.2770E+00  1.8339E-03
 -9.2651E+00  2.0647E-03
 -9.2531E+00  2.2765E-03
 -9.2412E+00  2.4537E-03
 -9.2293E+00  2.5827E-03
 -9.2174E+00  2.6526E-03
 -9.2055E+00  2.6570E-03
 -9.1936E+00  2.5942E-03
 -9.1817E+00  2.4677E-03
 -9.1698E+00  2.2858E-03
 -9.1579E+00  2.0612E-03
 -9.1460E+00  1.8098E-03
 -9.1341E+00  1.5491E-03
 -9.1222E+00  1.2971E-03
 -9.1102E+00  1.0704E-03
 -9.0983E+00  8.8304E-04
 -9.0864E+00  7.4512E-04
 -9.0745E+00  6.6221E-04
 -9.0626E+00  6.3488E-04
 -9.0507E+00  6.5881E-04
 -9.0388E+00  7.2531E-04
 -9.0269E+00  8.2221E-04
 -9.0150E+00  9.3508E-04
 -9.0031E+00  1.0487E-03
 -8.9912E+00  1.1483E-03
 -8.9792E+00  1.2213E-03
 -8.9673E+00  1.2583E-03
 -8.9554E+00  1.2538E-03
 -8.9435E+00  1.2070E-03
 -8.9316E+00  1.1212E-03
 -8.9197E+00  1.0041E-03
 -8.9078E+00  8.6617E-04
 -8.8959E+00  7.2011E-04
 -8.8840E+00  5.7915E-04
 -8.8721E+00  4.5588E-04
 -8.8602E+00  3.6090E-04
 -8.8482E+00  3.0186E-04
 -8.8363E+00  2.8264E-04
 -8.8244E+00  3.0308E-04
 -8.8125E+00  3.5898E-04
 -8.8006E+00  4.4260E-04
 -8.7887E+00  5.4349E-04
 -8.7768E+00  6.4954E-04
 -8.7649E+00  7.4833E-04
 -8.7530E+00  8.2834E-04
 -8.7411E+00  8.8025E-04
 -8.7292E+00  8.9783E-04
 -8.7173E+00  8.7863E-04
 -8.7053E+00  8.2416E-04
 -8.6934E+00  7.3976E-04
 -8.6815E+00  6.3395E-04
 -8.6696E+00  5.1755E-04
 -8.6577E+00  4.0252E-04
 -8.6458E+00  3.0069E-04
 -8.6339E+00  2.2253E-04
 -8.6220E+00  1.7607E-04
 -8.6101E+00  1.6602E-04
 -8.5982E+00  1.9333E-04
 -8.5863E+00  2.5503E-04
 -8.5743E+00  3.4460E-04
 -8.5624E+00  4.5263E-04
 -8.5505E+00  5.6788E-04
 -8.5386E+00  6.7852E-04
 -8.5267E+00  7.7344E-04
 -8.5148E+00  8.4361E-04
 -8.5029E+00  8.8309E-04
 -8.4910E+00  8.8983E-04
 -8.4791E+00  8.6603E-04
 -8.4672E+00  8.1805E-04
 -8.4553E+00  7.5582E-04
 -8.4433E+00  6.9194E-04
 -8.4314E+00  6.4037E-04
 -8.4195E+00  6.1502E-04
 -8.4076E+00  6.2823E-04
 -8.3957E+00  6.8934E-04
 -8.3838E+00  8.0356E-04
 -8.3719E+00  9.7111E-04
 -8.3600E+00  1.1869E-03
 -8.3481E+00  1.4406E-03
 -8.3362E+00  1.7175E-03
 -8.3243E+00  1.9994E-03
 -8.3124E+00  2.2663E-03
 -8.3004E+00  2.4985E-03
 -8.2885E+00  2.6777E-03
 -8.2766E+00  2.7894E-03
 -8.2647E+00  2.8241E-03
 -8.2528E+00  2.7782E-03
 -8.2409E+00  2.6546E-03
 -8.2290E+00  2.4623E-03
 -8.2171E+00  2.2162E-03
 -8.2052E+00  1.9352E-03
 -8.1933E+00  1.6413E-03
 -8.1814E+00  1.3570E-03
 -8.1694E+00  1.1038E-03
 -8.1575E+00  9.0007E-04
 -8.1456E+00  7.5964E-04
 -8.1337E+00  6.9025E-04
 -8.1218E+00  6.9305E-04
 -8.1099E+00  7.6244E-04
 -8.0980E+00  8.8670E-04
 -8.0861E+00  1.0491E-03
 -8.0742E+00  1.2297E-03
 -8.0623E+00  1.4070E-03
 -8.0504E+00  1.5605E-03
 -8.0384E+00  1.6724E-03
 -8.0265E+00  1.7296E-03
 -8.0146E+00  1.7247E-03
 -8.0027E+00  1.6569E-03
 -7.9908E+00  1.5320E-03
 -7.9789E+00  1.3617E-03
 -7.9670E+00  1.1628E-03
 -7.9551E+00  9.5485E-04
 -7.9432E+00  7.5891E-04
 -7.9313E+00  5.9499E-04
 -7.9194E+00  4.8013E-04
 -7.9075E+00  4.2668E-04
 -7.8955E+00  4.4090E-04
 -7.8836E+00  5.2226E-04
 -7.8717E+00  6.6343E-04
 -7.8598E+00  8.5093E-04
 -7.8479E+00  1.0664E-03
 -7.8360E+00  1.2886E-03
 -7.8241E+00  1.4953E-03
 -7.8122E+00  1.6655E-03
 -7.8003E+00  1.7820E-03
 -7.7884E+00  1.8325E-03
 -7.7765E+00  1.8115E-03
 -7.7645E+00  1.7202E-03
 -7.7526E+00  1.5671E-03
 -7.7407E+00  1.3669E-03
 -7.7288E+00  1.1389E-03
 -7.7169E+00  9.0561E-04
 -7.7050E+00  6.9003E-04
 -7.6931E+00  5.1358E-04
 -7.6812E+00  3.9381E-04
 -7.6693E+00  3.4261E-04
 -7.6574E+00  3.6485E-04
 -7.6455E+00  4.5791E-04
 -7.6335E+00  6.1186E-04
 -7.6216E+00  8.1055E-04
 -7.6097E+00  1.0334E-03
 -7.5978E+00  1.2574E-03
 -7.5859E+00  1.4601E-03
 -7.5740E+00  1.6219E-03
 -7.5621E+00  1.7284E-03
 -7.5502E+00  1.7723E-03
 -7.5383E+00  1.7544E-03
 -7.5264E+00  1.6843E-03
 -7.5145E+00  1.5796E-03
 -7.5026E+00  1.4642E-03
 -7.4906E+00  1.3665E-03
 -7.4787E+00  1.3165E-03
 -7.4668E+00  1.3421E-03
 -7.4549E+00  1.4667E-03
 -7.4430E+00  1.7057E-03
 -7.4311E+00  2.0643E-03
 -7.4192E+00  2.5363E-03
 -7.4073E+00  3.1037E-03
 -7.3954E+00  3.7375E-03
 -7.3835E+00  4.4001E-03
 -7.3716E+00  5.0476E-03
 -7.3596E+00  5.6341E-03
 -7.3477E+00  6.1155E-03
 -7.3358E+00  6.4535E-03
 -7.3239E+00  6.6194E-03
 -7.3120E+00  6.5973E-03
 -7.3001E+00  6.3856E-03
 -7.2882E+00  5.9985E-03
 -7.2763E+00  5.4649E-03
 -7.2644E+00  4.8270E-03
 -7.2525E+00  4.1366E-03
 -7.2406E+00  3.4513E-03
 -7.2286E+00  2.8291E-03
 -7.2167E+00  2.3238E-03
 -7.2048E+00  1.9793E-03
 -7.1929E+00  1.8259E-03
 -7.1810E+00  1.8773E-03
 -7.1691E+00  2.1286E-03
 -7.1572E+00  2.5571E-03
 -7.1453E+00  3.1235E-03
 -7.1334E+00  3.7758E-03
 -7.1215E+00  4.4536E-03
 -7.1096E+00  5.0936E-03
 -7.0977E+00  5.6357E-03
 -7.0857E+00  6.0281E-03
 -7.0738E+00  6.2334E-03
 -7.0619E+00  6.2316E-03
 -7.0500E+00  6.0236E-03
 -7.0381E+00  5.6313E-03
 -7.0262E+00  5.0968E-03
 -7.0143E+00  4.4792E-03
 -7.0024E+00  3.8499E-03
 -6.9905E+00  3.2862E-03
 -6.9786E+00  2.8644E-03
 -6.9667E+00  2.6531E-03
 -6.9547E+00  2.7060E-03
 -6.9428E+00  3.0573E-03
 -6.9309E+00  3.7175E-03
 -6.9190E+00  4.6722E-03
 -6.9071E+00  5.8828E-03
 -6.8952E+00  7.2894E-03
 -6.8833E+00  8.8159E-03
 -6.8714E+00  1.0377E-02
 -6.8595E+00  1.1886E-02
 -6.8476E+00  1.3264E-02
 -6.8357E+00  1.4449E-02
 -6.8237E+00  1.5401E-02
 -6.8118E+00  1.6113E-02
 -6.7999E+00  1.6611E-02
 -6.7880E+00  1.6957E-02
 -6.7761E+00  1.7250E-02
 -6.7642E+00  1.7616E-02
 -6.7523E+00  1.8204E-02
 -6.7404E+00  1.9174E-02
 -6.7285E+00  2.0687E-02
 -6.7166E+00  2.2893E-02
 -6.7047E+00  2.5919E-02
 -6.6928E+00  2.9854E-02
 -6.6808E+00  3.4748E-02
 -6.6689E+00  4.0595E-02
 -6.6570E+00  4.7339E-02
 -6.6451E+00  5.4864E-02
 -6.6332E+00  6.3006E-02
 -6.6213E+00  7.1550E-02
 -6.6094E+00  8.0248E-02
 -6.5975E+00  8.8825E-02
 -6.5856E+00  9.6996E-02
 -6.5737E+00  1.0448E-01
 -6.5618E+00  1.1103E-01
 -6.5498E+00  1.1641E-01
 -6.5379E+00  1.2044E-01
 -6.5260E+00  1.2302E-01
 -6.5141E+00  1.2407E-01
 -6.5022E+00  1.2360E-01
 -6.4903E+00  1.2166E-01
 -6.4784E+00  1.1836E-01
 -6.4665E+00  1.1384E-01
 -6.4546E+00  1.0829E-01
 -6.4427E+00  1.0191E-01
 -6.4308E+00  9.4922E-02
 -6.4188E+00  8.7532E-02
 -6.4069E+00  7.9950E-02
 -6.3950E+00  7.2367E-02
 -6.3831E+00  6.4953E-02
 -6.3712E+00  5.7849E-02
 -6.3593E+00  5.1166E-02
 -6.3474E+00  4.4984E-02
 -6.3355E+00  3.9351E-02
 -6.3236E+00  3.4289E-02
 -6.3117E+00  2.9792E-02
 -6.2998E+00  2.5836E-02
 -6.2879E+00  2.2381E-02
 -6.2759E+00  1.9378E-02
 -6.2640E+00  1.6772E-02
 -6.2521E+00  1.4511E-02
 -6.2402E+00  1.2542E-02
 -6.2283E+00  1.0822E-02
 -6.2164E+00  9.3105E-03
 -6.2045E+00  7.9779E-03
 -6.1926E+00  6.8001E-03
 -6.1807E+00  5.7592E-03
 -6.1688E+00  4.8420E-03
 -6.1569E+00  4.0387E-03
 -6.1449E+00  3.3417E-03
 -6.1330E+00  2.7437E-03
 -6.1211E+00  2.2378E-03
 -6.1092E+00  1.8163E-03
 -6.0973E+00  1.4708E-03
 -6.0854E+00  1.1922E-03
 -6.0735E+00  9.7119E-04
 -6.0616E+00  7.9855E-04
 -6.0497E+00  6.6561E-04
 -6.0378E+00  5.6463E-04
 -6.0259E+00  4.8913E-04
 -6.0140E+00  4.3394E-04
 -6.0020E+00  3.9521E-04
 -5.9901E+00  3.7015E-04
 -5.9782E+00  3.5681E-04
 -5.9663E+00  3.5368E-04
 -5.9544E+00  3.5938E-04
 -5.9425E+00  3.7234E-04
 -5.9306E+00  3.9067E-04
 -5.9187E+00  4.1209E-04
 -5.9068E+00  4.3406E-04
 -5.8949E+00  4.5394E-04
 -5.8830E+00  4.6939E-04
 -5.8710E+00  4.7864E-04
 -5.8591E+00  4.8086E-04
 -5.8472E+00  4.7639E-04
 -5.8353E+00  4.6687E-04
 -5.8234E+00  4.5523E-04
 -5.8115E+00  4.4550E-04
 -5.7996E+00  4.4249E-04
 -5.7877E+00  4.5130E-04
 -5.7758E+00  4.7685E-04
 -5.7639E+00  5.2325E-04
 -5.7520E+00  5.9330E-04
 -5.7400E+00  6.8805E-04
 -5.7281E+00  8.0652E-04
 -5.7162E+00  9.4561E-04
 -5.7043E+00  1.1002E-03
 -5.6924E+00  1.2636E-03
 -5.6805E+00  1.4278E-03
 -5.6686E+00  1.5845E-03
 -5.6567E+00  1.7254E-03
 -5.6448E+00  1.8433E-03
 -5.6329E+00  1.9322E-03
 -5.6210E+00  1.9883E-03
 -5.6091E+00  2.0097E-03
 -5.5971E+00  1.9968E-03
 -5.5852E+00  1.9521E-03
 -5.5733E+00  1.8799E-03
 -5.5614E+00  1.7856E-03
 -5.5495E+00  1.6756E-03
 -5.5376E+00  1.5562E-03
 -5.5257E+00  1.4334E-03
 -5.5138E+00  1.3126E-03
 -5.5019E+00  1.1977E-03
 -5.4900E+00  1.0913E-03
 -5.4781E+00  9.9475E-04
 -5.4661E+00  9.0796E-04
 -5.4542E+00  8.2999E-04
 -5.4423E+00  7.5931E-04
 -5.4304E+00  6.9425E-04
 -5.4185E+00  6.3337E-04
 -5.4066E+00  5.7586E-04
 -5.3947E+00  5.2166E-04
 -5.3828E+00  4.7158E-04
 -5.3709E+00  4.2720E-04
 -5.3590E+00  3.9060E-04
 -5.3471E+00  3.6403E-04
 -5.3351E+00  3.4954E-04
 -5.3232E+00  3.4848E-04
 -5.3113E+00  3.6120E-04
 -5.2994E+00  3.8675E-04
 -5.2875E+00  4.2283E-04
 -5.2756E+00  4.6581E-04
 -5.2637E+00  5.1104E-04
 -5.2518E+00  5.5332E-04
 -5.2399E+00  5.8740E-04
 -5.2280E+00  6.0859E-04
 -5.2161E+00  6.1339E-04
 -5.2042E+00  5.9990E-04
 -5.1922E+00  5.6815E-04
 -5.1803E+00  5.2021E-04
 -5.1684E+00  4.6007E-04
 -5.1565E+00  3.9327E-04
 -5.1446E+00  3.2637E-04
 -5.1327E+00  2.6626E-04
 -5.1208E+00  2.1944E-04
 -5.1089E+00  1.9122E-04
 -5.0970E+00  1.8508E-04
 -5.0851E+00  2.0215E-04
 -5.0732E+00  2.4105E-04
 -5.0612E+00  2.9783E-04
 -5.0493E+00  3.6644E-04
 -5.0374E+00  4.3928E-04
 -5.0255E+00  5.0813E-04
 -5.0136E+00  5.6506E-04
 -5.0017E+00  6.0345E-04
 -4.9898E+00  6.1884E-04
 -4.9779E+00  6.0958E-04
 -4.9660E+00  5.7717E-04
 -4.9541E+00  5.2630E-04
 -4.9422E+00  4.6446E-04
 -4.9302E+00  4.0131E-04
 -4.9183E+00  3.4768E-04
 -4.9064E+00  3.1447E-04
 -4.8945E+00  3.1138E-04
 -4.8826E+00  3.4575E-04
 -4.8707E+00  4.2160E-04
 -4.8588E+00  5.3892E-04
 -4.8469E+00  6.9348E-04
 -4.8350E+00  8.7709E-04
 -4.8231E+00  1.0783E-03
 -4.8112E+00  1.2837E-03
 -4.7993E+00  1.4793E-03
 -4.7873E+00  1.6523E-03
 -4.7754E+00  1.7924E-03
 -4.7635E+00  1.8936E-03
 -4.7516E+00  1.9549E-03
 -4.7397E+00  1.9808E-03
 -4.7278E+00  1.9813E-03
 -4.7159E+00  1.9709E-03
 -4.7040E+00  1.9676E-03
 -4.6921E+00  1.9910E-03
 -4.6802E+00  2.0601E-03
 -4.6683E+00  2.1909E-03
 -4.6563E+00  2.3944E-03
 -4.6444E+00  2.6744E-03
 -4.6325E+00  3.0269E-03
 -4.6206E+00  3.4388E-03
 -4.6087E+00  3.8891E-03
 -4.5968E+00  4.3501E-03
 -4.5849E+00  4.7894E-03
 -4.5730E+00  5.1731E-03
 -4.5611E+00  5.4689E-03
 -4.5492E+00  5.6490E-03
 -4.5373E+00  5.6934E-03
 -4.5253E+00  5.5921E-03
 -4.5134E+00  5.3465E-03
 -4.5015E+00  4.9702E-03
 -4.4896E+00  4.4881E-03
 -4.4777E+00  3.9355E-03
 -4.4658E+00  3.3547E-03
 -4.4539E+00  2.7921E-03
 -4.4420E+00  2.2938E-03
 -4.4301E+00  1.9010E-03
 -4.4182E+00  1.6464E-03
 -4.4063E+00  1.5504E-03
 -4.3944E+00  1.6185E-03
 -4.3824E+00  1.8411E-03
 -4.3705E+00  2.1937E-03
 -4.3586E+00  2.6389E-03
 -4.3467E+00  3.1305E-03
 -4.3348E+00  3.6175E-03
 -4.3229E+00  4.0488E-03
 -4.3110E+00  4.3788E-03
 -4.2991E+00  4.5713E-03
 -4.2872E+00  4.6037E-03
 -4.2753E+00  4.4691E-03
 -4.2634E+00  4.1779E-03
 -4.2514E+00  3.7574E-03
 -4.2395E+00  3.2491E-03
 -4.2276E+00  2.7056E-03
 -4.2157E+00  2.1850E-03
 -4.2038E+00  1.7456E-03
 -4.1919E+00  1.4390E-03
 -4.1800E+00  1.3052E-03
 -4.1681E+00  1.3675E-03
 -4.1562E+00  1.6295E-03
 -4.1443E+00  2.0747E-03
 -4.1324E+00  2.6673E-03
 -4.1204E+00  3.3552E-03
 -4.1085E+00  4.0752E-03
 -4.0966E+00  4.7586E-03
 -4.0847E+00  5.3382E-03
 -4.0728E+00  5.7548E-03
 -4.0609E+00  5.9635E-03
 -4.0490E+00  5.9392E-03
 -4.0371E+00  5.6798E-03
 -4.0252E+00  5.2078E-03
 -4.0133E+00  4.5690E-03
 -4.0014E+00  3.8289E-03
 -3.9895E+00  3.0664E-03
 -3.9775E+00  2.3660E-03
 -3.9656E+00  1.8088E-03
 -3.9537E+00  1.4638E-03
 -3.9418E+00  1.3801E-03
 -3.9299E+00  1.5814E-03
 -3.9180E+00  2.0627E-03
 -3.9061E+00  2.7904E-03
 -3.8942E+00  3.7051E-03
 -3.8823E+00  4.7273E-03
 -3.8704E+00  5.7652E-03
 -3.8585E+00  6.7242E-03
 -3.8465E+00  7.5173E-03
 -3.8346E+00  8.0755E-03
 -3.8227E+00  8.3572E-03
 -3.8108E+00  8.3544E-03
 -3.7989E+00  8.0971E-03
 -3.7870E+00  7.6521E-03
 -3.7751E+00  7.1190E-03
 -3.7632E+00  6.6205E-03
 -3.7513E+00  6.2907E-03
 -3.7394E+00  6.2607E-03
 -3.7275E+00  6.6440E-03
 -3.7155E+00  7.5230E-03
 -3.7036E+00  8.9380E-03
 -3.6917E+00  1.0880E-02
 -3.6798E+00  1.3285E-02
 -3.6679E+00  1.6040E-02
 -3.6560E+00  1.8986E-02
 -3.6441E+00  2.1926E-02
 -3.6322E+00  2.4648E-02
 -3.6203E+00  2.6938E-02
 -3.6084E+00  2.8599E-02
 -3.5965E+00  2.9480E-02
 -3.5846E+00  2.9486E-02
 -3.5726E+00  2.8599E-02
 -3.5607E+00  2.6878E-02
 -3.5488E+00  2.4466E-02
 -3.5369E+00  2.1576E-02
 -3.5250E+00  1.8475E-02
 -3.5131E+00  1.5462E-02
 -3.5012E+00  1.2842E-02
 -3.4893E+00  1.0902E-02
 -3.4774E+00  9.8797E-03
 -3.4655E+00  9.9437E-03
 -3.4536E+00  1.1175E-02
 -3.4416E+00  1.3555E-02
 -3.4297E+00  1.6960E-02
 -3.4178E+00  2.1163E-02
 -3.4059E+00  2.5854E-02
 -3.3940E+00  3.0658E-02
 -3.3821E+00  3.5171E-02
 -3.3702E+00  3.8996E-02
 -3.3583E+00  4.1789E-02
 -3.3464E+00  4.3292E-02
 -3.3345E+00  4.3369E-02
 -3.3226E+00  4.2028E-02
 -3.3106E+00  3.9422E-02
 -3.2987E+00  3.5852E-02
 -3.2868E+00  3.1739E-02
 -3.2749E+00  2.7603E-02
 -3.2630E+00  2.4017E-02
 -3.2511E+00  2.1568E-02
 -3.2392E+00  2.0807E-02
 -3.2273E+00  2.2197E-02
 -3.2154E+00  2.6072E-02
 -3.2035E+00  3.2597E-02
 -3.1916E+00  4.1742E-02
 -3.1797E+00  5.3277E-02
 -3.1677E+00  6.6789E-02
 -3.1558E+00  8.1718E-02
 -3.1439E+00  9.7419E-02
 -3.1320E+00  1.1324E-01
 -3.1201E+00  1.2859E-01
 -3.1082E+00  1.4304E-01
 -3.0963E+00  1.5637E-01
 -3.0844E+00  1.6864E-01
 -3.0725E+00  1.8023E-01
 -3.0606E+00  1.9181E-01
 -3.0487E+00  2.0441E-01
 -3.0367E+00  2.1930E-01
 -3.0248E+00  2.3798E-01
 -3.0129E+00  2.6209E-01
 -3.0010E+00  2.9329E-01
 -2.9891E+00  3.3310E-01
 -2.9772E+00  3.8280E-01
 -2.9653E+00  4.4332E-01
 -2.9534E+00  5.1506E-01
 -2.9415E+00  5.9790E-01
 -2.9296E+00  6.9115E-01
 -2.9177E+00  7.9356E-01
 -2.9058E+00  9.0335E-01
 -2.8938E+00  1.0183E+00
 -2.8819E+00  1.1358E+00
 -2.8700E+00  1.2529E+00
 -2.8581E+00  1.3663E+00
 -2.8462E+00  1.4727E+00
 -2.8343E+00  1.5684E+00
 -2.8224E+00  1.6499E+00
 -2.8105E+00  1.7140E+00
 -2.7986E+00  1.7578E+00
 -2.7867E+00  1.7793E+00
 -2.7748E+00  1.7773E+00
 -2.7628E+00  1.7517E+00
 -2.7509E+00  1.7037E+00
 -2.7390E+00  1.6354E+00
 -2.7271E+00  1.5499E+00
 -2.7152E+00  1.4507E+00
 -2.7033E+00  1.3418E+00
 -2.6914E+00  1.2271E+00
 -2.6795E+00  1.1100E+00
 -2.6676E+00  9.9395E-01
 -2.6557E+00  8.8146E-01
 -2.6438E+00  7.7479E-01
 -2.6318E+00  6.7568E-01
 -2.6199E+00  5.8542E-01
 -2.6080E+00  5.0490E-01
 -2.5961E+00  4.3462E-01
 -2.5842E+00  3.7468E-01
 -2.5723E+00  3.2472E-01
 -2.5604E+00  2.8402E-01
 -2.5485E+00  2.5146E-01
 -2.5366E+00  2.2566E-01
 -2.5247E+00  2.0512E-01
 -2.5128E+00  1.8833E-01
 -2.5009E+00  1.7392E-01
 -2.4889E+00  1.6074E-01
 -2.4770E+00  1.4794E-01
 -2.4651E+00  1.3495E-01
 -2.4532E+00  1.2150E-01
 -2.4413E+00  1.0757E-01
 -2.4294E+00  9.3358E-02
 -2.4175E+00  7.9235E-02
 -2.4056E+00  6.5662E-02
 -2.3937E+00  5.3114E-02
 -2.3818E+00  4.2022E-02
 -2.3699E+00  3.2727E-02
 -2.3579E+00  2.5446E-02
 -2.3460E+00  2.0256E-02
 -2.3341E+00  1.7084E-02
 -2.3222E+00  1.5728E-02
 -2.3103E+00  1.5882E-02
 -2.2984E+00  1.7168E-02
 -2.2865E+00  1.9174E-02
 -2.2746E+00  2.1485E-02
 -2.2627E+00  2.3715E-02
 -2.2508E+00  2.5532E-02
 -2.2389E+00  2.6680E-02
 -2.2269E+00  2.6997E-02
 -2.2150E+00  2.6420E-02
 -2.2031E+00  2.4986E-02
 -2.1912E+00  2.2824E-02
 -2.1793E+00  2.0128E-02
 -2.1674E+00  1.7136E-02
 -2.1555E+00  1.4091E-02
 -2.1436E+00  1.1220E-02
 -2.1317E+00  8.7108E-03
 -2.1198E+00  6.6961E-03
 -2.1079E+00  5.2502E-03
 -2.0960E+00  4.3882E-03
 -2.0840E+00  4.0712E-03
 -2.0721E+00  4.2151E-03
 -2.0602E+00  4.7013E-03
 -2.0483E+00  5.3900E-03
 -2.0364E+00  6.1344E-03
 -2.0245E+00  6.7973E-03
 -2.0126E+00  7.2684E-03
 -2.0007E+00  7.4780E-03
 -1.9888E+00  7.4033E-03
 -1.9769E+00  7.0624E-03
 -1.9650E+00  6.5028E-03
 -1.9530E+00  5.7916E-03
 -1.9411E+00  5.0159E-03
 -1.9292E+00  4.2850E-03
 -1.9173E+00  3.7191E-03
 -1.9054E+00  3.4196E-03
 -1.8935E+00  3.4271E-03
 -1.8816E+00  3.6913E-03
 -1.8697E+00  4.1240E-03
 -1.8578E+00  4.7425E-03
 -1.8459E+00  5.8325E-03
 -1.8340E+00  1.2897E-02
 -1.8220E+00  9.8451E-03
 -1.8101E+00  4.0386E-03
 -1.7982E+00  3.6155E-03
 -1.7863E+00  5.7907E-03
 -1.7744E+00  1.4910E-02
 -1.7625E+00  5.2894E-02
 -1.7506E+00  8.6899E-03
 -1.7387E+00  3.8381E-03
 -1.7268E+00  2.6891E-03
 -1.7149E+00  2.6561E-03
 -1.7030E+00  4.4003E-03
 -1.6911E+00  1.3982E-02
 -1.6791E+00  1.5348E-02
 -1.6672E+00  2.6581E-03
 -1.6553E+00  1.8913E-03
 -1.6434E+00  2.8165E-03
 -1.6315E+00  3.4298E-03
 -1.6196E+00  1.7455E-02
 -1.6077E+00  2.0336E-02
 -1.5958E+00  5.0918E-03
 -1.5839E+00  3.1372E-03
 -1.5720E+00  2.0634E-03
 -1.5601E+00  1.5216E-03
 -1.5481E+00  4.3983E-03
 -1.5362E+00  3.0768E-02
 -1.5243E+00  9.4798E-03
 -1.5124E+00  2.0037E-03
 -1.5005E+00  9.1364E-04
 -1.4886E+00  1.5848E-03
 -1.4767E+00  6.8681E-03
 -1.4648E+00  3.2335E-03
 -1.4529E+00  5.5479E-04
 -1.4410E+00  2.6582E-04
 -1.4291E+00  1.3638E-04
 -1.4171E+00  9.3648E-05
 -1.4052E+00  7.8795E-05
 -1.3933E+00  7.5478E-05
 -1.3814E+00  7.7958E-05
 -1.3695E+00  8.3199E-05
 -1.3576E+00  8.9323E-05
 -1.3457E+00  9.5092E-05
 -1.3338E+00  9.9703E-05
 -1.3219E+00  1.0267E-04
 -1.3100E+00  1.0379E-04
 -1.2981E+00  1.0303E-04
 -1.2862E+00  1.0055E-04
 -1.2742E+00  9.6646E-05
 -1.2623E+00  9.1695E-05
 -1.2504E+00  8.6125E-05
 -1.2385E+00  8.0419E-05
 -1.2266E+00  7.5096E-05
 -1.2147E+00  7.0838E-05
 -1.2028E+00  6.8556E-05
 -1.1909E+00  7.0627E-05
 -1.1790E+00  8.0685E-05
 -1.1671E+00  1.1712E-04
 -1.1552E+00  4.3614E-04
 -1.1432E+00  3.4826E-03
 -1.1313E+00  6.5661E-03
 -1.1194E+00  2.0057E-03
 -1.1075E+00  1.2422E-03
 -1.0956E+00  6.7352E-03
 -1.0837E+00  3.6082E-02
 -1.0718E+00  1.8541E-02
 -1.0599E+00  1.0350E-02
 -1.0480E+00  8.9785E-03
 -1.0361E+00  2.3205E-02
 -1.0242E+00  3.0374E-03
 -1.0122E+00  8.2043E-04
 -1.0003E+00  2.6529E-04
 -9.8843E-01  6.2227E-05
 -9.7652E-01  6.8036E-05
 -9.6461E-01  1.9080E-04
 -9.5271E-01  2.0444E-03
 -9.4080E-01  6.2325E-04
 -9.2889E-01  1.9220E-04
 -9.1698E-01  1.1692E-04
 -9.0507E-01  9.3275E-05
 -8.9316E-01  8.6547E-05
 -8.8125E-01  9.6368E-05
 -8.6934E-01  2.3463E-04
 -8.5743E-01  3.5869E-04
 -8.4553E-01  9.8572E-05
 -8.3362E-01  7.1647E-05
 -8.2171E-01  7.5445E-05
 -8.0980E-01  2.3082E-04
 -7.9789E-01  3.0675E-04
 -7.8598E-01  5.4845E-05
 -7.7407E-01  5.8772E-05
 -7.6216E-01  8.7847E-04
 -7.5026E-01  2.0751E-05
 -7.3835E-01  1.9622E-05
 -7.2644E-01  2.3811E-05
 -7.1453E-01  1.5105E-05
 -7.0262E-01  1.8211E-04
 -6.9071E-01  2.7249E-05
 -6.7880E-01  6.1007E-05
 -6.6689E-01  4.2318E-05
 -6.5498E-01  5.2216E-05
 -6.4308E-01  4.5349E-05
 -6.3117E-01  4.6955E-05
 -6.1926E-01  3.7252E-05
 -6.0735E-01  4.2120E-05
 -5.9544E-01  2.9992E-05
 -5.8353E-01  9.2077E-05
 -5.7162E-01  2.4454E-05
 -5.5971E-01  3.9181E-05
 -5.4781E-01  2.1236E-05
 -5.3590E-01  1.7635E-05
 -5.2399E-01  1.1195E-04
 -5.1208E-01  1.2757E-05
 -5.0017E-01  1.5689E-05
 -4.8826E-01  2.5584E-05
 -4.7635E-01  1.3432E-05
 -4.6444E-01  2.1435E-05
 -4.5253E-01  4.2301E-05
 -4.4063E-01  2.3709E-05
 -4.2872E-01  3.1109E-05
 -4.1681E-01  1.2051E-03
 -4.0490E-01  3.6558E-05
 -3.9299E-01  3.6242E-05
 -3.8108E-01  4.1742E-05
 -3.6917E-01  8.3688E-05
 -3.5726E-01  3.4449E-05
 -3.4536E-01  3.2021E-05
 -3.3345E-01  3.0097E-05
 -3.2154E-01  1.1753E-04
 -3.0963E-01  3.7312E-05
 -2.9772E-01  2.6785E-05
 -2.8581E-01  2.6451E-05
 -2.7390E-01  4.0013E-05
 -2.6199E-01  2.2436E-04
 -2.5009E-01  4.1924E-04
 -2.3818E-01  6.7882E-05
 -2.2627E-01  4.6230E-05
 -2.1436E-01  4.7160E-05
 -2.0245E-01  5.7802E-05
 -1.9054E-01  8.4402E-05
 -1.7863E-01  1.9713E-04
 -1.6672E-01  5.4015E-03
 -1.5481E-01  1.5465E-04
 -1.4291E-01  7.8533E-05
 -1.3100E-01  6.8176E-05
 -1.1909E-01  6.5783E-05
 -1.0718E-01  6.4563E-05
 -9.5271E-02  6.3149E-05
 -8.3362E-02  6.1417E-05
 -7.1453E-02  5.9670E-05
 -5.9544E-02  5.8343E-05
 -4.7635E-02  5.7797E-05
 -3.5726E-02  5.8134E-05
 -2.3818E-02  5.9086E-05
 -1.1909E-02  6.0081E-05
  0.0000E+00  6.0523E-05
  1.1909E-02  6.0137E-05
  2.3818E-02  5.9122E-05
  3.5726E-02  5.7983E-05
  4.7635E-02  5.7193E-05
  5.9544E-02  5.6939E-05
  7.1453E-02  5.7083E-05
  8.3362E-02  5.7272E-05
  9.5271E-02  5.7107E-05
  1.0718E-01  5.6313E-05
  1.1909E-01  5.4925E-05
  1.3100E-01  5.3728E-05
  1.4291E-01  5.6359E-05
  1.5481E-01  9.1611E-05
  1.6672E-01  2.5480E-03
  1.7863E-01  9.3944E-05
  1.9054E-01  4.2287E-05
  2.0245E-01  3.0571E-05
  2.1436E-01  2.7753E-05
  2.2627E-01  3.2155E-05
  2.3818E-01  5.4598E-05
  2.5009E-01  3.4878E-04
  2.6199E-01  2.3545E-04
  2.7390E-01  7.1921E-05
  2.8581E-01  6.7211E-05
  2.9772E-01  7.9739E-05
  3.0963E-01  1.3544E-04
  3.2154E-01  8.8443E-04
  3.3345E-01  1.0191E-04
  3.4536E-01  8.9627E-05
  3.5726E-01  8.9246E-05
  3.6917E-01  1.7981E-04
  3.8108E-01  7.2805E-05
  3.9299E-01  6.3420E-05
  4.0490E-01  5.8644E-05
  4.1681E-01  2.0339E-03
  4.2872E-01  6.2341E-05
  4.4063E-01  6.2594E-05
  4.5253E-01  3.9812E-04
  4.6444E-01  1.8149E-04
  4.7635E-01  1.1529E-04
  4.8826E-01  5.9158E-04
  5.0017E-01  3.0664E-04
  5.1208E-01  2.0149E-04
  5.2399E-01  2.7643E-03
  5.3590E-01  2.7229E-04
  5.4781E-01  2.9123E-04
  5.5971E-01  5.7050E-04
  5.7162E-01  2.6899E-04
  5.8353E-01  5.7259E-04
  5.9544E-01  2.8723E-04
  6.0735E-01  3.3195E-04
  6.1926E-01  3.4752E-04
  6.3117E-01  4.7361E-04
  6.4308E-01  5.1021E-04
  6.5498E-01  7.0758E-04
  6.6689E-01  6.7037E-04
  6.7880E-01  1.2624E-03
  6.9071E-01  7.1462E-04
  7.0262E-01  7.1030E-03
  7.1453E-01  7.7044E-04
  7.2644E-01  1.6599E-03
  7.3835E-01  9.7440E-04
  7.5026E-01  1.0748E-03
  7.6216E-01  1.8386E-03
  7.7407E-01  1.4941E-03
  7.8598E-01  1.7567E-03
  7.9789E-01  2.5251E-03
  8.0980E-01  2.7635E-03
  8.2171E-01  2.6916E-03
  8.3362E-01  2.9843E-03
  8.4553E-01  3.3637E-03
  8.5743E-01  6.3540E-03
  8.6934E-01  1.0985E-02
  8.8125E-01  7.8435E-03
  8.9316E-01  8.1183E-03
  9.0507E-01  9.0911E-03
  9.1698E-01  1.0603E-02
  9.2889E-01  1.3489E-02
  9.4080E-01  2.5310E-02
  9.5271E-01  4.2296E-02
  9.6461E-01  6.7189E-03
  9.7652E-01  6.0360E-03
  9.8843E-01  1.3181E-02
  1.0003E+00  2.0942E-02
  1.0122E+00  2.0550E-02
  1.0242E+00  3.5761E-02
  1.0361E+00  1.0265E-01
  1.0480E+00  1.7417E-02
  1.0599E+00  9.0776E-03
  1.0718E+00  1.1616E-02
  1.0837E+00  4.1323E-02
  1.0956E+00  2.3351E-02
  1.1075E+00  2.5606E-02
  1.1194E+00  1.0407E-01
  1.1313E+00  2.0948E-01
  1.1432E+00  3.0870E-01
  1.1552E+00  1.7171E-02
  1.1671E+00  4.2730E-03
  1.1790E+00  2.3594E-03
  1.1909E+00  1.6266E-03
  1.2028E+00  1.2327E-03
  1.2147E+00  9.8064E-04
  1.2266E+00  8.0247E-04
  1.2385E+00  6.6722E-04
  1.2504E+00  5.6215E-04
  1.2623E+00  4.8034E-04
  1.2742E+00  4.1624E-04
  1.2862E+00  3.6689E-04
  1.2981E+00  3.3021E-04
  1.3100E+00  3.0476E-04
  1.3219E+00  2.8959E-04
  1.3338E+00  2.8412E-04
  1.3457E+00  2.8814E-04
  1.3576E+00  3.0190E-04
  1.3695E+00  3.2630E-04
  1.3814E+00  3.6325E-04
  1.3933E+00  4.1661E-04
  1.4052E+00  4.9443E-04
  1.4171E+00  6.1698E-04
  1.4291E+00  8.6421E-04
  1.4410E+00  2.1712E-03
  1.4529E+00  4.1584E-03
  1.4648E+00  2.8591E-03
  1.4767E+00  4.9828E-03
  1.4886E+00  1.3550E-02
  1.5005E+00  7.8111E-02
  1.5124E+00  2.3589E-02
  1.5243E+00  6.9986E-03
  1.5362E+00  3.8886E-03
  1.5481E+00  7.5573E-03
  1.5601E+00  1.3378E-02
  1.5720E+00  1.5050E-02
  1.5839E+00  2.8336E-03
  1.5958E+00  1.4875E-03
  1.6077E+00  2.4919E-03
  1.6196E+00  9.0686E-03
  1.6315E+00  2.9528E-03
  1.6434E+00  3.6569E-03
  1.6553E+00  1.2440E-02
  1.6672E+00  6.7548E-03
  1.6791E+00  2.1855E-03
  1.6911E+00  1.9118E-03
  1.7030E+00  3.4984E-03
  1.7149E+00  8.7903E-03
  1.7268E+00  4.2631E-03
  1.7387E+00  8.3577E-03
  1.7506E+00  2.2257E-02
  1.7625E+00  4.8815E-03
  1.7744E+00  3.6367E-03
  1.7863E+00  3.1719E-03
  1.7982E+00  7.8889E-03
  1.8101E+00  1.0407E-02
  1.8220E+00  2.3235E-02
  1.8340E+00  7.0077E-03
  1.8459E+00  7.8907E-03
  1.8578E+00  9.7133E-03
  1.8697E+00  1.1296E-02
  1.8816E+00  1.2363E-02
  1.8935E+00  1.2780E-02
  1.9054E+00  1.2668E-02
  1.9173E+00  1.2241E-02
  1.9292E+00  1.1667E-02
  1.9411E+00  1.1023E-02
  1.9530E+00  1.0326E-02
  1.9650E+00  9.5637E-03
  1.9769E+00  8.7225E-03
  1.9888E+00  7.8073E-03
  2.0007E+00  6.8474E-03
  2.0126E+00  5.8920E-03
  2.0245E+00  5.0002E-03
  2.0364E+00  4.2290E-03
  2.0483E+00  3.6245E-03
  2.0602E+00  3.2171E-03
  2.0721E+00  3.0203E-03
  2.0840E+00  3.0307E-03
  2.0960E+00  3.2298E-03
  2.1079E+00  3.5853E-03
  2.1198E+00  4.0546E-03
  2.1317E+00  4.5874E-03
  2.1436E+00  5.1293E-03
  2.1555E+00  5.6254E-03
  2.1674E+00  6.0247E-03
  2.1793E+00  6.2845E-03
  2.1912E+00  6.3753E-03
  2.2031E+00  6.2850E-03
  2.2150E+00  6.0215E-03
  2.2269E+00  5.6125E-03
  2.2389E+00  5.1023E-03
  2.2508E+00  4.5460E-03
  2.2627E+00  4.0028E-03
  2.2746E+00  3.5295E-03
  2.2865E+00  3.1744E-03
  2.2984E+00  2.9738E-03
  2.3103E+00  2.9489E-03
  2.3222E+00  3.1047E-03
  2.3341E+00  3.4287E-03
  2.3460E+00  3.8918E-03
  2.3579E+00  4.4491E-03
  2.3699E+00  5.0441E-03
  2.3818E+00  5.6135E-03
  2.3937E+00  6.0948E-03
  2.4056E+00  6.4335E-03
  2.4175E+00  6.5904E-03
  2.4294E+00  6.5463E-03
  2.4413E+00  6.3035E-03
  2.4532E+00  5.8852E-03
  2.4651E+00  5.3321E-03
  2.4770E+00  4.6978E-03
  2.4889E+00  4.0442E-03
  2.5009E+00  3.4360E-03
  2.5128E+00  2.9359E-03
  2.5247E+00  2.5986E-03
  2.5366E+00  2.4655E-03
  2.5485E+00  2.5592E-03
  2.5604E+00  2.8805E-03
  2.5723E+00  3.4061E-03
  2.5842E+00  4.0905E-03
  2.5961E+00  4.8714E-03
  2.6080E+00  5.6762E-03
  2.6199E+00  6.4291E-03
  2.6318E+00  7.0594E-03
  2.6438E+00  7.5079E-03
  2.6557E+00  7.7319E-03
  2.6676E+00  7.7091E-03
  2.6795E+00  7.4385E-03
  2.6914E+00  6.9412E-03
  2.7033E+00  6.2590E-03
  2.7152E+00  5.4509E-03
  2.7271E+00  4.5892E-03
  2.7390E+00  3.7527E-03
  2.7509E+00  3.0194E-03
  2.7628E+00  2.4585E-03
  2.7748E+00  2.1228E-03
  2.7867E+00  2.0431E-03
  2.7986E+00  2.2245E-03
  2.8105E+00  2.6466E-03
  2.8224E+00  3.2654E-03
  2.8343E+00  4.0187E-03
  2.8462E+00  4.8321E-03
  2.8581E+00  5.6265E-03
  2.8700E+00  6.3247E-03
  2.8819E+00  6.8589E-03
  2.8938E+00  7.1765E-03
  2.9058E+00  7.2452E-03
  2.9177E+00  7.0567E-03
  2.9296E+00  6.6282E-03
  2.9415E+00  6.0015E-03
  2.9534E+00  5.2400E-03
  2.9653E+00  4.4222E-03
  2.9772E+00  3.6336E-03
  2.9891E+00  2.9580E-03
  3.0010E+00  2.4678E-03
  3.0129E+00  2.2166E-03
  3.0248E+00  2.2338E-03
  3.0367E+00  2.5212E-03
  3.0487E+00  3.0537E-03
  3.0606E+00  3.7814E-03
  3.0725E+00  4.6346E-03
  3.0844E+00  5.5300E-03
  3.0963E+00  6.3792E-03
  3.1082E+00  7.0963E-03
  3.1201E+00  7.6075E-03
  3.1320E+00  7.8584E-03
  3.1439E+00  7.8212E-03
  3.1558E+00  7.4981E-03
  3.1677E+00  6.9230E-03
  3.1797E+00  6.1579E-03
  3.1916E+00  5.2873E-03
  3.2035E+00  4.4095E-03
  3.2154E+00  3.6256E-03
  3.2273E+00  3.0298E-03
  3.2392E+00  2.6990E-03
  3.2511E+00  2.6852E-03
  3.2630E+00  3.0104E-03
  3.2749E+00  3.6640E-03
  3.2868E+00  4.6032E-03
  3.2987E+00  5.7564E-03
  3.3106E+00  7.0290E-03
  3.3226E+00  8.3123E-03
  3.3345E+00  9.4935E-03
  3.3464E+00  1.0467E-02
  3.3583E+00  1.1147E-02
  3.3702E+00  1.1475E-02
  3.3821E+00  1.1429E-02
  3.3940E+00  1.1025E-02
  3.4059E+00  1.0319E-02
  3.4178E+00  9.4001E-03
  3.4297E+00  8.3820E-03
  3.4416E+00  7.3934E-03
  3.4536E+00  6.5652E-03
  3.4655E+00  6.0188E-03
  3.4774E+00  5.8547E-03
  3.4893E+00  6.1423E-03
  3.5012E+00  6.9136E-03
  3.5131E+00  8.1577E-03
  3.5250E+00  9.8208E-03
  3.5369E+00  1.1808E-02
  3.5488E+00  1.3993E-02
  3.5607E+00  1.6223E-02
  3.5726E+00  1.8337E-02
  3.5846E+00  2.0181E-02
  3.5965E+00  2.1618E-02
  3.6084E+00  2.2544E-02
  3.6203E+00  2.2898E-02
  3.6322E+00  2.2665E-02
  3.6441E+00  2.1877E-02
  3.6560E+00  2.0611E-02
  3.6679E+00  1.8977E-02
  3.6798E+00  1.7113E-02
  3.6917E+00  1.5167E-02
  3.7036E+00  1.3289E-02
  3.7155E+00  1.1613E-02
  3.7275E+00  1.0248E-02
  3.7394E+00  9.2692E-03
  3.7513E+00  8.7087E-03
  3.7632E+00  8.5545E-03
  3.7751E+00  8.7523E-03
  3.7870E+00  9.2118E-03
  3.7989E+00  9.8169E-03
  3.8108E+00  1.0439E-02
  3.8227E+00  1.0952E-02
  3.8346E+00  1.1247E-02
  3.8465E+00  1.1243E-02
  3.8585E+00  1.0898E-02
  3.8704E+00  1.0212E-02
  3.8823E+00  9.2311E-03
  3.8942E+00  8.0377E-03
  3.9061E+00  6.7477E-03
  3.9180E+00  5.4964E-03
  3.9299E+00  4.4256E-03
  3.9418E+00  3.6680E-03
  3.9537E+00  3.3327E-03
  3.9656E+00  3.4915E-03
  3.9775E+00  4.1695E-03
  3.9895E+00  5.3394E-03
  4.0014E+00  6.9221E-03
  4.0133E+00  8.7926E-03
  4.0252E+00  1.0791E-02
  4.0371E+00  1.2740E-02
  4.0490E+00  1.4461E-02
  4.0609E+00  1.5792E-02
  4.0728E+00  1.6608E-02
  4.0847E+00  1.6835E-02
  4.0966E+00  1.6456E-02
  4.1085E+00  1.5522E-02
  4.1204E+00  1.4146E-02
  4.1324E+00  1.2501E-02
  4.1443E+00  1.0804E-02
  4.1562E+00  9.3002E-03
  4.1681E+00  8.2424E-03
  4.1800E+00  7.8669E-03
  4.1919E+00  8.3707E-03
  4.2038E+00  9.8914E-03
  4.2157E+00  1.2492E-02
  4.2276E+00  1.6151E-02
  4.2395E+00  2.0769E-02
  4.2514E+00  2.6167E-02
  4.2634E+00  3.2117E-02
  4.2753E+00  3.8355E-02
  4.2872E+00  4.4616E-02
  4.2991E+00  5.0662E-02
  4.3110E+00  5.6316E-02
  4.3229E+00  6.1487E-02
  4.3348E+00  6.6196E-02
  4.3467E+00  7.0587E-02
  4.3586E+00  7.4940E-02
  4.3705E+00  7.9661E-02
  4.3824E+00  8.5263E-02
  4.3944E+00  9.2344E-02
  4.4063E+00  1.0154E-01
  4.4182E+00  1.1347E-01
  4.4301E+00  1.2872E-01
  4.4420E+00  1.4774E-01
  4.4539E+00  1.7083E-01
  4.4658E+00  1.9812E-01
  4.4777E+00  2.2948E-01
  4.4896E+00  2.6459E-01
  4.5015E+00  3.0286E-01
  4.5134E+00  3.4349E-01
  4.5253E+00  3.8548E-01
  4.5373E+00  4.2767E-01
  4.5492E+00  4.6875E-01
  4.5611E+00  5.0738E-01
  4.5730E+00  5.4221E-01
  4.5849E+00  5.7195E-01
  4.5968E+00  5.9548E-01
  4.6087E+00  6.1189E-01
  4.6206E+00  6.2053E-01
  4.6325E+00  6.2110E-01
  4.6444E+00  6.1360E-01
  4.6563E+00  5.9838E-01
  4.6683E+00  5.7610E-01
  4.6802E+00  5.4766E-01
  4.6921E+00  5.1417E-01
  4.7040E+00  4.7686E-01
  4.7159E+00  4.3700E-01
  4.7278E+00  3.9586E-01
  4.7397E+00  3.5465E-01
  4.7516E+00  3.1443E-01
  4.7635E+00  2.7614E-01
  4.7754E+00  2.4051E-01
  4.7873E+00  2.0808E-01
  4.7993E+00  1.7920E-01
  4.8112E+00  1.5402E-01
  4.8231E+00  1.3249E-01
  4.8350E+00  1.1444E-01
  4.8469E+00  9.9540E-02
  4.8588E+00  8.7390E-02
  4.8707E+00  7.7531E-02
  4.8826E+00  6.9487E-02
  4.8945E+00  6.2801E-02
  4.9064E+00  5.7063E-02
  4.9183E+00  5.1927E-02
  4.9302E+00  4.7129E-02
  4.9422E+00  4.2486E-02
  4.9541E+00  3.7899E-02
  4.9660E+00  3.3339E-02
  4.9779E+00  2.8840E-02
  4.9898E+00  2.4477E-02
  5.0017E+00  2.0355E-02
  5.0136E+00  1.6585E-02
  5.0255E+00  1.3271E-02
  5.0374E+00  1.0500E-02
  5.0493E+00  8.3225E-03
  5.0612E+00  6.7572E-03
  5.0732E+00  5.7823E-03
  5.0851E+00  5.3404E-03
  5.0970E+00  5.3447E-03
  5.1089E+00  5.6874E-03
  5.1208E+00  6.2493E-03
  5.1327E+00  6.9107E-03
  5.1446E+00  7.5609E-03
  5.1565E+00  8.1055E-03
  5.1684E+00  8.4730E-03
  5.1803E+00  8.6179E-03
  5.1922E+00  8.5217E-03
  5.2042E+00  8.1917E-03
  5.2161E+00  7.6577E-03
  5.2280E+00  6.9671E-03
  5.2399E+00  6.1793E-03
  5.2518E+00  5.3585E-03
  5.2637E+00  4.5681E-03
  5.2756E+00  3.8643E-03
  5.2875E+00  3.2921E-03
  5.2994E+00  2.8816E-03
  5.3113E+00  2.6468E-03
  5.3232E+00  2.5859E-03
  5.3351E+00  2.6827E-03
  5.3471E+00  2.9098E-03
  5.3590E+00  3.2315E-03
  5.3709E+00  3.6082E-03
  5.3828E+00  3.9995E-03
  5.3947E+00  4.3683E-03
  5.4066E+00  4.6826E-03
  5.4185E+00  4.9182E-03
  5.4304E+00  5.0595E-03
  5.4423E+00  5.0994E-03
  5.4542E+00  5.0397E-03
  5.4661E+00  4.8890E-03
  5.4781E+00  4.6619E-03
  5.4900E+00  4.3764E-03
  5.5019E+00  4.0522E-03
  5.5138E+00  3.7091E-03
  5.5257E+00  3.3648E-03
  5.5376E+00  3.0340E-03
  5.5495E+00  2.7279E-03
  5.5614E+00  2.4535E-03
  5.5733E+00  2.2142E-03
  5.5852E+00  2.0102E-03
  5.5971E+00  1.8388E-03
  5.6091E+00  1.6960E-03
  5.6210E+00  1.5766E-03
  5.6329E+00  1.4753E-03
  5.6448E+00  1.3873E-03
  5.6567E+00  1.3085E-03
  5.6686E+00  1.2357E-03
  5.6805E+00  1.1667E-03
  5.6924E+00  1.1005E-03
  5.7043E+00  1.0364E-03
  5.7162E+00  9.7418E-04
  5.7281E+00  9.1393E-04
  5.7400E+00  8.5556E-04
  5.7520E+00  7.9886E-04
  5.7639E+00  7.4339E-04
  5.7758E+00  6.8858E-04
  5.7877E+00  6.3381E-04
  5.7996E+00  5.7863E-04
  5.8115E+00  5.2285E-04
  5.8234E+00  4.6675E-04
  5.8353E+00  4.1110E-04
  5.8472E+00  3.5723E-04
  5.8591E+00  3.0689E-04
  5.8710E+00  2.6214E-04
  5.8830E+00  2.2511E-04
  5.8949E+00  1.9772E-04
  5.9068E+00  1.8146E-04
  5.9187E+00  1.7711E-04
  5.9306E+00  1.8461E-04
  5.9425E+00  2.0295E-04
  5.9544E+00  2.3025E-04
  5.9663E+00  2.6384E-04
  5.9782E+00  3.0052E-04
  5.9901E+00  3.3680E-04
  6.0020E+00  3.6930E-04
  6.0140E+00  3.9499E-04
  6.0259E+00  4.1148E-04
  6.0378E+00  4.1730E-04
  6.0497E+00  4.1192E-04
  6.0616E+00  3.9588E-04
  6.0735E+00  3.7066E-04
  6.0854E+00  3.3854E-04
  6.0973E+00  3.0235E-04
  6.1092E+00  2.6521E-04
  6.1211E+00  2.3019E-04
  6.1330E+00  2.0003E-04
  6.1449E+00  1.7690E-04
  6.1569E+00  1.6222E-04
  6.1688E+00  1.5660E-04
  6.1807E+00  1.5983E-04
  6.1926E+00  1.7096E-04
  6.2045E+00  1.8854E-04
  6.2164E+00  2.1075E-04
  6.2283E+00  2.3568E-04
  6.2402E+00  2.6153E-04
  6.2521E+00  2.8678E-04
  6.2640E+00  3.1030E-04
  6.2759E+00  3.3146E-04
  6.2879E+00  3.5004E-04
  6.2998E+00  3.6623E-04
  6.3117E+00  3.8047E-04
  6.3236E+00  3.9335E-04
  6.3355E+00  4.0540E-04
  6.3474E+00  4.1703E-04
  6.3593E+00  4.2837E-04
  6.3712E+00  4.3927E-04
  6.3831E+00  4.4929E-04
  6.3950E+00  4.5779E-04
  6.4069E+00  4.6402E-04
  6.4188E+00  4.6727E-04
  6.4308E+00  4.6703E-04
  6.4427E+00  4.6308E-04
  6.4546E+00  4.5561E-04
  6.4665E+00  4.4526E-04
  6.4784E+00  4.3308E-04
  6.4903E+00  4.2041E-04
  6.5022E+00  4.0880E-04
  6.5141E+00  3.9974E-04
  6.5260E+00  3.9451E-04
  6.5379E+00  3.9398E-04
  6.5498E+00  3.9839E-04
  6.5618E+00  4.0731E-04
  6.5737E+00  4.1960E-04
  6.5856E+00  4.3349E-04
  6.5975E+00  4.4673E-04
  6.6094E+00  4.5687E-04
  6.6213E+00  4.6153E-04
  6.6332E+00  4.5871E-04
  6.6451E+00  4.4705E-04
  6.6570E+00  4.2614E-04
  6.6689E+00  3.9657E-04
  6.6808E+00  3.6000E-04
  6.6928E+00  3.1908E-04
  6.7047E+00  2.7721E-04
  6.7166E+00  2.3826E-04
  6.7285E+00  2.0612E-04
  6.7404E+00  1.8431E-04
  6.7523E+00  1.7553E-04
  6.7642E+00  1.8130E-04
  6.7761E+00  2.0172E-04
  6.7880E+00  2.3533E-04
  6.7999E+00  2.7918E-04
  6.8118E+00  3.2911E-04
  6.8237E+00  3.8010E-04
  6.8357E+00  4.2684E-04
  6.8476E+00  4.6425E-04
  6.8595E+00  4.8814E-04
  6.8714E+00  4.9571E-04
  6.8833E+00  4.8596E-04
  6.8952E+00  4.5990E-04
  6.9071E+00  4.2064E-04
  6.9190E+00  3.7315E-04
  6.9309E+00  3.2387E-04
  6.9428E+00  2.8013E-04
  6.9547E+00  2.4940E-04
  6.9667E+00  2.3849E-04
  6.9786E+00  2.5281E-04
  6.9905E+00  2.9562E-04
  7.0024E+00  3.6760E-04
  7.0143E+00  4.6662E-04
  7.0262E+00  5.8776E-04
  7.0381E+00  7.2376E-04
  7.0500E+00  8.6570E-04
  7.0619E+00  1.0038E-03
  7.0738E+00  1.1288E-03
  7.0857E+00  1.2325E-03
  7.0977E+00  1.3093E-03
  7.1096E+00  1.3568E-03
  7.1215E+00  1.3766E-03
  7.1334E+00  1.3742E-03
  7.1453E+00  1.3591E-03
  7.1572E+00  1.3439E-03
  7.1691E+00  1.3438E-03
  7.1810E+00  1.3748E-03
  7.1929E+00  1.4527E-03
  7.2048E+00  1.5910E-03
  7.2167E+00  1.7994E-03
  7.2286E+00  2.0829E-03
  7.2406E+00  2.4404E-03
  7.2525E+00  2.8648E-03
  7.2644E+00  3.3427E-03
  7.2763E+00  3.8550E-03
  7.2882E+00  4.3787E-03
  7.3001E+00  4.8881E-03
  7.3120E+00  5.3567E-03
  7.3239E+00  5.7592E-03
  7.3358E+00  6.0737E-03
  7.3477E+00  6.2833E-03
  7.3596E+00  6.3773E-03
  7.3716E+00  6.3526E-03
  7.3835E+00  6.2132E-03
  7.3954E+00  5.9707E-03
  7.4073E+00  5.6428E-03
  7.4192E+00  5.2520E-03
  7.4311E+00  4.8236E-03
  7.4430E+00  4.3833E-03
  7.4549E+00  3.9556E-03
  7.4668E+00  3.5608E-03
  7.4787E+00  3.2142E-03
  7.4906E+00  2.9246E-03
  7.5026E+00  2.6940E-03
  7.5145E+00  2.5181E-03
  7.5264E+00  2.3870E-03
  7.5383E+00  2.2869E-03
  7.5502E+00  2.2022E-03
  7.5621E+00  2.1173E-03
  7.5740E+00  2.0187E-03
  7.5859E+00  1.8970E-03
  7.5978E+00  1.7480E-03
  7.6097E+00  1.5735E-03
  7.6216E+00  1.3817E-03
  7.6335E+00  1.1858E-03
  7.6455E+00  1.0030E-03
  7.6574E+00  8.5250E-04
  7.6693E+00  7.5304E-04
  7.6812E+00  7.2055E-04
  7.6931E+00  7.6587E-04
  7.7050E+00  8.9296E-04
  7.7169E+00  1.0978E-03
  7.7288E+00  1.3682E-03
  7.7407E+00  1.6844E-03
  7.7526E+00  2.0205E-03
  7.7645E+00  2.3471E-03
  7.7765E+00  2.6341E-03
  7.7884E+00  2.8540E-03
  7.8003E+00  2.9851E-03
  7.8122E+00  3.0151E-03
  7.8241E+00  2.9428E-03
  7.8360E+00  2.7799E-03
  7.8479E+00  2.5515E-03
  7.8598E+00  2.2945E-03
  7.8717E+00  2.0560E-03
  7.8836E+00  1.8889E-03
  7.8955E+00  1.8483E-03
  7.9075E+00  1.9861E-03
  7.9194E+00  2.3465E-03
  7.9313E+00  2.9616E-03
  7.9432E+00  3.8483E-03
  7.9551E+00  5.0065E-03
  7.9670E+00  6.4193E-03
  7.9789E+00  8.0545E-03
  7.9908E+00  9.8688E-03
  8.0027E+00  1.1813E-02
  8.0146E+00  1.3840E-02
  8.0265E+00  1.5909E-02
  8.0384E+00  1.8000E-02
  8.0504E+00  2.0113E-02
  8.0623E+00  2.2281E-02
  8.0742E+00  2.4570E-02
  8.0861E+00  2.7081E-02
  8.0980E+00  2.9950E-02
  8.1099E+00  3.3339E-02
  8.1218E+00  3.7429E-02
  8.1337E+00  4.2412E-02
  8.1456E+00  4.8469E-02
  8.1575E+00  5.5764E-02
  8.1694E+00  6.4424E-02
  8.1814E+00  7.4522E-02
  8.1933E+00  8.6069E-02
  8.2052E+00  9.8999E-02
  8.2171E+00  1.1317E-01
  8.2290E+00  1.2834E-01
  8.2409E+00  1.4421E-01
  8.2528E+00  1.6038E-01
  8.2647E+00  1.7641E-01
  8.2766E+00  1.9182E-01
  8.2885E+00  2.0609E-01
  8.3004E+00  2.1874E-01
  8.3124E+00  2.2931E-01
  8.3243E+00  2.3739E-01
  8.3362E+00  2.4268E-01
  8.3481E+00  2.4496E-01
  8.3600E+00  2.4413E-01
  8.3719E+00  2.4022E-01
  8.3838E+00  2.3336E-01
  8.3957E+00  2.2382E-01
  8.4076E+00  2.1192E-01
  8.4195E+00  1.9809E-01
  8.4314E+00  1.8281E-01
  8.4433E+00  1.6659E-01
  8.4553E+00  1.4994E-01
  8.4672E+00  1.3336E-01
  8.4791E+00  1.1731E-01
  8.4910E+00  1.0219E-01
  8.5029E+00  8.8337E-02
  8.5148E+00  7.5977E-02
  8.5267E+00  6.5258E-02
  8.5386E+00  5.6229E-02
  8.5505E+00  4.8851E-02
  8.5624E+00  4.3007E-02
  8.5743E+00  3.8517E-02
  8.5863E+00  3.5156E-02
  8.5982E+00  3.2671E-02
  8.6101E+00  3.0807E-02
  8.6220E+00  2.9320E-02
  8.6339E+00  2.7993E-02
  8.6458E+00  2.6650E-02
  8.6577E+00  2.5165E-02
  8.6696E+00  2.3459E-02
  8.6815E+00  2.1509E-02
  8.6934E+00  1.9336E-02
  8.7053E+00  1.7000E-02
  8.7173E+00  1.4592E-02
  8.7292E+00  1.2218E-02
  8.7411E+00  9.9916E-03
  8.7530E+00  8.0161E-03
  8.7649E+00  6.3795E-03
  8.7768E+00  5.1439E-03
  8.7887E+00  4.3409E-03
  8.8006E+00  3.9694E-03
  8.8125E+00  3.9968E-03
  8.8244E+00  4.3629E-03
  8.8363E+00  4.9858E-03
  8.8482E+00  5.7701E-03
  8.8602E+00  6.6145E-03
  8.8721E+00  7.4212E-03
  8.8840E+00  8.1031E-03
  8.8959E+00  8.5907E-03
  8.9078E+00  8.8369E-03
  8.9197E+00  8.8198E-03
  8.9316E+00  8.5435E-03
  8.9435E+00  8.0365E-03
  8.9554E+00  7.3479E-03
  8.9673E+00  6.5426E-03
  8.9792E+00  5.6946E-03
  8.9912E+00  4.8803E-03
  9.0031E+00  4.1720E-03
  9.0150E+00  3.6314E-03
  9.0269E+00  3.3051E-03
  9.0388E+00  3.2213E-03
  9.0507E+00  3.3879E-03
  9.0626E+00  3.7929E-03
  9.0745E+00  4.4062E-03
  9.0864E+00  5.1826E-03
  9.0983E+00  6.0658E-03
  9.1102E+00  6.9933E-03
  9.1222E+00  7.9013E-03
  9.1341E+00  8.7296E-03
  9.1460E+00  9.4257E-03
  9.1579E+00  9.9489E-03
  9.1698E+00  1.0272E-02
  9.1817E+00  1.0382E-02
  9.1936E+00  1.0282E-02
  9.2055E+00  9.9887E-03
  9.2174E+00  9.5282E-03
  9.2293E+00  8.9361E-03
  9.2412E+00  8.2523E-03
  9.2531E+00  7.5176E-03
  9.2651E+00  6.7707E-03
  9.2770E+00  6.0452E-03
  9.2889E+00  5.3678E-03
  9.3008E+00  4.7571E-03
  9.3127E+00  4.2233E-03
  9.3246E+00  3.7684E-03
  9.3365E+00  3.3876E-03
  9.3484E+00  3.0709E-03
  9.3603E+00  2.8047E-03
  9.3722E+00  2.5742E-03
  9.3841E+00  2.3651E-03
  9.3961E+00  2.1653E-03
  9.4080E+00  1.9660E-03
  9.4199E+00  1.7622E-03
  9.4318E+00  1.5535E-03
  9.4437E+00  1.3429E-03
  9.4556E+00  1.1363E-03
  9.4675E+00  9.4176E-04
  9.4794E+00  7.6760E-04
  9.4913E+00  6.2159E-04
  9.5032E+00  5.0970E-04
  9.5151E+00  4.3525E-04
  9.5271E+00  3.9843E-04
  9.5390E+00  3.9620E-04
  9.5509E+00  4.2254E-04
  9.5628E+00  4.6910E-04
  9.5747E+00  5.2604E-04
  9.5866E+00  5.8312E-04
  9.5985E+00  6.3076E-04
  9.6104E+00  6.6112E-04
  9.6223E+00  6.6889E-04
  9.6342E+00  6.5185E-04
  9.6461E+00  6.1109E-04
  9.6580E+00  5.5087E-04
  9.6700E+00  4.7805E-04
  9.6819E+00  4.0139E-04
  9.6938E+00  3.3046E-04
  9.7057E+00  2.7468E-04
  9.7176E+00  2.4220E-04
  9.7295E+00  2.3900E-04
  9.7414E+00  2.6824E-04
  9.7533E+00  3.2983E-04
  9.7652E+00  4.2036E-04
  9.7771E+00  5.3341E-04
  9.7890E+00  6.6009E-04
  9.8010E+00  7.8990E-04
  9.8129E+00  9.1179E-04
  9.8248E+00  1.0152E-03
  9.8367E+00  1.0912E-03
  9.8486E+00  1.1334E-03
  9.8605E+00  1.1386E-03
  9.8724E+00  1.1073E-03
  9.8843E+00  1.0435E-03
  9.8962E+00  9.5463E-04
  9.9081E+00  8.5058E-04
  9.9200E+00  7.4313E-04
  9.9319E+00  6.4465E-04
  9.9439E+00  5.6703E-04
  9.9558E+00  5.2060E-04
  9.9677E+00  5.1313E-04
  9.9796E+00  5.4914E-04
  9.9915E+00  6.2939E-04
  1.0003E+01  7.5080E-04
  1.0015E+01  9.0664E-04
  1.0027E+01  1.0871E-03
  1.0039E+01  1.2799E-03
  1.0051E+01  1.4718E-03
  1.0063E+01  1.6492E-03
  1.0075E+01  1.7995E-03
  1.0087E+01  1.9122E-03
  1.0099E+01  1.9797E-03
  1.0111E+01  1.9979E-03
  1.0122E+01  1.9661E-03
  1.0134E+01  1.8875E-03
  1.0146E+01  1.7683E-03
  1.0158E+01  1.6174E-03
  1.0170E+01  1.4454E-03
  1.0182E+01  1.2634E-03
  1.0194E+01  1.0825E-03
  1.0206E+01  9.1287E-04
  1.0218E+01  7.6257E-04
  1.0230E+01  6.3741E-04
  1.0242E+01  5.4047E-04
  1.0253E+01  4.7207E-04
  1.0265E+01  4.2997E-04
  1.0277E+01  4.0980E-04
  1.0289E+01  4.0569E-04
  1.0301E+01  4.1097E-04
  1.0313E+01  4.1894E-04
  1.0325E+01  4.2357E-04
  1.0337E+01  4.2013E-04
  1.0349E+01  4.0556E-04
  1.0361E+01  3.7874E-04
  1.0373E+01  3.4048E-04
  1.0384E+01  2.9329E-04
  1.0396E+01  2.4104E-04
  1.0408E+01  1.8840E-04
  1.0420E+01  1.4033E-04
  1.0432E+01  1.0144E-04
  1.0444E+01  7.5482E-05
  1.0456E+01  6.4896E-05
  1.0468E+01  7.0540E-05
  1.0480E+01  9.1580E-05
  1.0492E+01  1.2557E-04
  1.0504E+01  1.6873E-04
  1.0515E+01  2.1631E-04
  1.0527E+01  2.6318E-04
  1.0539E+01  3.0430E-04
  1.0551E+01  3.3533E-04
  1.0563E+01  3.5307E-04
  1.0575E+01  3.5579E-04
  1.0587E+01  3.4343E-04
  1.0599E+01  3.1760E-04
  1.0611E+01  2.8140E-04
  1.0623E+01  2.3914E-04
  1.0635E+01  1.9585E-04
  1.0646E+01  1.5679E-04
  1.0658E+01  1.2688E-04
  1.0670E+01  1.1018E-04
  1.0682E+01  1.0947E-04
  1.0694E+01  1.2593E-04
  1.0706E+01  1.5895E-04
  1.0718E+01  2.0623E-04
  1.0730E+01  2.6394E-04
  1.0742E+01  3.2710E-04
  1.0754E+01  3.9013E-04
  1.0766E+01  4.4734E-04
  1.0777E+01  4.9359E-04
  1.0789E+01  5.2478E-04
  1.0801E+01  5.3831E-04
  1.0813E+01  5.3335E-04
  1.0825E+01  5.1097E-04
  1.0837E+01  4.7405E-04
  1.0849E+01  4.2710E-04
  1.0861E+01  3.7579E-04
  1.0873E+01  3.2646E-04
  1.0885E+01  2.8554E-04
  1.0897E+01  2.5890E-04
  1.0908E+01  2.5131E-04
  1.0920E+01  2.6591E-04
  1.0932E+01  3.0391E-04
  1.0944E+01  3.6440E-04
  1.0956E+01  4.4440E-04
  1.0968E+01  5.3910E-04
  1.0980E+01  6.4224E-04
  1.0992E+01  7.4669E-04
  1.1004E+01  8.4503E-04
  1.1016E+01  9.3019E-04
  1.1028E+01  9.9607E-04
  1.1039E+01  1.0380E-03
  1.1051E+01  1.0532E-03
  1.1063E+01  1.0409E-03
  1.1075E+01  1.0022E-03
  1.1087E+01  9.4046E-04
  1.1099E+01  8.6030E-04
  1.1111E+01  7.6767E-04
  1.1123E+01  6.6908E-04
  1.1135E+01  5.7109E-04
  1.1147E+01  4.7973E-04
  1.1159E+01  3.9999E-04
  1.1170E+01  3.3545E-04
  1.1182E+01  2.8799E-04
  1.1194E+01  2.5780E-04
  1.1206E+01  2.4339E-04
  1.1218E+01  2.4192E-04
  1.1230E+01  2.4953E-04
  1.1242E+01  2.6183E-04
  1.1254E+01  2.7439E-04
  1.1266E+01  2.8322E-04
  1.1278E+01  2.8515E-04
  1.1290E+01  2.7817E-04
  1.1301E+01  2.6159E-04
  1.1313E+01  2.3606E-04
  1.1325E+01  2.0351E-04
  1.1337E+01  1.6681E-04
  1.1349E+01  1.2953E-04
  1.1361E+01  9.5442E-05
  1.1373E+01  6.8099E-05
  1.1385E+01  5.0432E-05
  1.1397E+01  4.4392E-05
  1.1409E+01  5.0718E-05
  1.1421E+01  6.8836E-05
  1.1432E+01  9.6910E-05
  1.1444E+01  1.3202E-04
  1.1456E+01  1.7049E-04
  1.1468E+01  2.0825E-04
  1.1480E+01  2.4130E-04
  1.1492E+01  2.6614E-04
  1.1504E+01  2.8016E-04
  1.1516E+01  2.8195E-04
  1.1528E+01  2.7146E-04
  1.1540E+01  2.5013E-04
  1.1552E+01  2.2067E-04
  1.1563E+01  1.8695E-04
  1.1575E+01  1.5352E-04
  1.1587E+01  1.2523E-04
  1.1599E+01  1.0671E-04
  1.1611E+01  1.0189E-04
  1.1623E+01  1.1358E-04
  1.1635E+01  1.4314E-04
  1.1647E+01  1.9034E-04
  1.1659E+01  2.5336E-04
  1.1671E+01  3.2893E-04
  1.1683E+01  4.1271E-04
  1.1694E+01  4.9968E-04
  1.1706E+01  5.8476E-04
  1.1718E+01  6.6330E-04
  1.1730E+01  7.3172E-04
  1.1742E+01  7.8797E-04
  1.1754E+01  8.3189E-04
  1.1766E+01  8.6544E-04
  1.1778E+01  8.9272E-04
  1.1790E+01  9.1979E-04
  1.1802E+01  9.5430E-04
  1.1814E+01  1.0049E-03
  1.1825E+01  1.0806E-03
  1.1837E+01  1.1900E-03
  1.1849E+01  1.3405E-03
  1.1861E+01  1.5376E-03
  1.1873E+01  1.7843E-03
  1.1885E+01  2.0807E-03
  1.1897E+01  2.4237E-03
  1.1909E+01  2.8072E-03
  1.1921E+01  3.2220E-03
  1.1933E+01  3.6566E-03
  1.1945E+01  4.0973E-03
  1.1956E+01  4.5294E-03
  1.1968E+01  4.9378E-03
  1.1980E+01  5.3078E-03
  1.1992E+01  5.6260E-03
  1.2004E+01  5.8813E-03
  1.2016E+01  6.0649E-03
  1.2028E+01  6.1714E-03
  1.2040E+01  6.1988E-03
  1.2052E+01  6.1483E-03
  1.2064E+01  6.0244E-03
  1.2076E+01  5.8342E-03
  1.2087E+01  5.5871E-03
  1.2099E+01  5.2937E-03
  1.2111E+01  4.9654E-03
  1.2123E+01  4.6139E-03
  1.2135E+01  4.2499E-03
  1.2147E+01  3.8833E-03
  1.2159E+01  3.5226E-03
  1.2171E+01  3.1746E-03
  1.2183E+01  2.8445E-03
  1.2195E+01  2.5357E-03
  1.2207E+01  2.2506E-03
  1.2218E+01  1.9898E-03
  1.2230E+01  1.7535E-03
  1.2242E+01  1.5410E-03
  1.2254E+01  1.3512E-03
  1.2266E+01  1.1828E-03
  1.2278E+01  1.0345E-03
  1.2290E+01  9.0509E-04
  1.2302E+01  7.9348E-04
  1.2314E+01  6.9860E-04
  1.2326E+01  6.1942E-04
  1.2338E+01  5.5486E-04
  1.2349E+01  5.0371E-04
  1.2361E+01  4.6456E-04
  1.2373E+01  4.3576E-04
  1.2385E+01  4.1541E-04
  1.2397E+01  4.0144E-04
  1.2409E+01  3.9169E-04
  1.2421E+01  3.8400E-04
  1.2433E+01  3.7638E-04
  1.2445E+01  3.6716E-04
  1.2457E+01  3.5511E-04
  1.2469E+01  3.3951E-04
  1.2480E+01  3.2028E-04
  1.2492E+01  2.9789E-04
  1.2504E+01  2.7338E-04
  1.2516E+01  2.4816E-04
  1.2528E+01  2.2391E-04
  1.2540E+01  2.0240E-04
  1.2552E+01  1.8522E-04
  1.2564E+01  1.7367E-04
  1.2576E+01  1.6861E-04
  1.2588E+01  1.7028E-04
  1.2600E+01  1.7834E-04
  1.2611E+01  1.9184E-04
  1.2623E+01  2.0933E-04
  1.2635E+01  2.2897E-04
  1.2647E+01  2.4871E-04
  1.2659E+01  2.6651E-04
  1.2671E+01  2.8055E-04
  1.2683E+01  2.8941E-04
  1.2695E+01  2.9223E-04
  1.2707E+01  2.8880E-04
  1.2719E+01  2.7961E-04
  1.2731E+01  2.6579E-04
  1.2742E+01  2.4901E-04
  1.2754E+01  2.3129E-04
  1.2766E+01  2.1483E-04
  1.2778E+01  2.0179E-04
  1.2790E+01  1.9402E-04
  1.2802E+01  1.9291E-04
  1.2814E+01  1.9925E-04
  1.2826E+01  2.1312E-04
  1.2838E+01  2.3391E-04
  1.2850E+01  2.6034E-04
  1.2862E+01  2.9057E-04
  1.2873E+01  3.2244E-04
  1.2885E+01  3.5361E-04
  1.2897E+01  3.8182E-04
  1.2909E+01  4.0510E-04
  1.2921E+01  4.2200E-04
  1.2933E+01  4.3164E-04
  1.2945E+01  4.3389E-04
  1.2957E+01  4.2928E-04
  1.2969E+01  4.1896E-04
  1.2981E+01  4.0454E-04
  1.2993E+01  3.8795E-04
  1.3004E+01  3.7115E-04
  1.3016E+01  3.5598E-04
  1.3028E+01  3.4389E-04
  1.3040E+01  3.3587E-04
  1.3052E+01  3.3225E-04
  1.3064E+01  3.3277E-04
  1.3076E+01  3.3651E-04
  1.3088E+01  3.4208E-04
  1.3100E+01  3.4776E-04
  1.3112E+01  3.5165E-04
  1.3124E+01  3.5199E-04
  1.3135E+01  3.4731E-04
  1.3147E+01  3.3662E-04
  1.3159E+01  3.1957E-04
  1.3171E+01  2.9652E-04
  1.3183E+01  2.6851E-04
  1.3195E+01  2.3719E-04
  1.3207E+01  2.0465E-04
  1.3219E+01  1.7326E-04
  1.3231E+01  1.4536E-04
  1.3243E+01  1.2310E-04
  1.3255E+01  1.0818E-04
  1.3266E+01  1.0167E-04
  1.3278E+01  1.0387E-04
  1.3290E+01  1.1432E-04
  1.3302E+01  1.3177E-04
  1.3314E+01  1.5432E-04
  1.3326E+01  1.7959E-04
  1.3338E+01  2.0495E-04
  1.3350E+01  2.2779E-04
  1.3362E+01  2.4576E-04
  1.3374E+01  2.5703E-04
  1.3386E+01  2.6048E-04
  1.3397E+01  2.5577E-04
  1.3409E+01  2.4345E-04
  1.3421E+01  2.2479E-04
  1.3433E+01  2.0175E-04
  1.3445E+01  1.7670E-04
  1.3457E+01  1.5220E-04
  1.3469E+01  1.3073E-04
  1.3481E+01  1.1444E-04
  1.3493E+01  1.0490E-04
  1.3505E+01  1.0298E-04
  1.3517E+01  1.0874E-04
  1.3528E+01  1.2141E-04
  1.3540E+01  1.3952E-04
  1.3552E+01  1.6107E-04
  1.3564E+01  1.8369E-04
  1.3576E+01  2.0503E-04
  1.3588E+01  2.2292E-04
  1.3600E+01  2.3574E-04
  1.3612E+01  2.4254E-04
  1.3624E+01  2.4324E-04
  1.3636E+01  2.3862E-04
  1.3647E+01  2.3030E-04
  1.3659E+01  2.2052E-04
  1.3671E+01  2.1198E-04
  1.3683E+01  2.0752E-04
  1.3695E+01  2.0976E-04
  1.3707E+01  2.2087E-04
  1.3719E+01  2.4223E-04
  1.3731E+01  2.7426E-04
  1.3743E+01  3.1629E-04
  1.3755E+01  3.6654E-04
  1.3767E+01  4.2228E-04
  1.3778E+01  4.7998E-04
  1.3790E+01  5.3567E-04
  1.3802E+01  5.8525E-04
  1.3814E+01  6.2494E-04
  1.3826E+01  6.5163E-04
  1.3838E+01  6.6318E-04
  1.3850E+01  6.5866E-04
  1.3862E+01  6.3847E-04
  1.3874E+01  6.0432E-04
  1.3886E+01  5.5904E-04
  1.3898E+01  5.0641E-04
  1.3909E+01  4.5072E-04
  1.3921E+01  3.9644E-04
  1.3933E+01  3.4778E-04
  1.3945E+01  3.0828E-04
  1.3957E+01  2.8048E-04
  1.3969E+01  2.6571E-04
  1.3981E+01  2.6392E-04
  1.3993E+01  2.7373E-04
  1.4005E+01  2.9258E-04
  1.4017E+01  3.1698E-04
  1.4029E+01  3.4291E-04
  1.4040E+01  3.6626E-04
  1.4052E+01  3.8327E-04
  1.4064E+01  3.9090E-04
  1.4076E+01  3.8725E-04
  1.4088E+01  3.7171E-04
  1.4100E+01  3.4503E-04
  1.4112E+01  3.0932E-04
  1.4124E+01  2.6777E-04
  1.4136E+01  2.2435E-04
  1.4148E+01  1.8339E-04
  1.4160E+01  1.4913E-04
  1.4171E+01  1.2522E-04
  1.4183E+01  1.1434E-04
  1.4195E+01  1.1786E-04
  1.4207E+01  1.3567E-04
  1.4219E+01  1.6612E-04
  1.4231E+01  2.0618E-04
  1.4243E+01  2.5171E-04
  1.4255E+01  2.9792E-04
  1.4267E+01  3.3986E-04
  1.4279E+01  3.7297E-04
  1.4291E+01  3.9361E-04
  1.4302E+01  3.9952E-04
  1.4314E+01  3.9009E-04
  1.4326E+01  3.6650E-04
  1.4338E+01  3.3172E-04
  1.4350E+01  2.9019E-04
  1.4362E+01  2.4751E-04
  1.4374E+01  2.0981E-04
  1.4386E+01  1.8319E-04
  1.4398E+01  1.7305E-04
  1.4410E+01  1.8349E-04
  1.4422E+01  2.1682E-04
  1.4433E+01  2.7324E-04
  1.4445E+01  3.5072E-04
  1.4457E+01  4.4514E-04
  1.4469E+01  5.5065E-04
  1.4481E+01  6.6025E-04
  1.4493E+01  7.6654E-04
  1.4505E+01  8.6254E-04
  1.4517E+01  9.4250E-04
  1.4529E+01  1.0027E-03
  1.4541E+01  1.0419E-03
  1.4553E+01  1.0620E-03
  1.4564E+01  1.0676E-03
  1.4576E+01  1.0664E-03
  1.4588E+01  1.0682E-03
  1.4600E+01  1.0844E-03
  1.4612E+01  1.1269E-03
  1.4624E+01  1.2070E-03
  1.4636E+01  1.3344E-03
  1.4648E+01  1.5158E-03
  1.4660E+01  1.7545E-03
  1.4672E+01  2.0491E-03
  1.4684E+01  2.3940E-03
  1.4695E+01  2.7788E-03
  1.4707E+01  3.1893E-03
  1.4719E+01  3.6083E-03
  1.4731E+01  4.0165E-03
  1.4743E+01  4.3943E-03
  1.4755E+01  4.7227E-03
  1.4767E+01  4.9851E-03
  1.4779E+01  5.1683E-03
  1.4791E+01  5.2635E-03
  1.4803E+01  5.2670E-03
  1.4815E+01  5.1801E-03
  1.4826E+01  5.0094E-03
  1.4838E+01  4.7661E-03
  1.4850E+01  4.4649E-03
  1.4862E+01  4.1230E-03
  1.4874E+01  3.7587E-03
  1.4886E+01  3.3899E-03
  1.4898E+01  3.0330E-03
  1.4910E+01  2.7013E-03
  1.4922E+01  2.4046E-03
  1.4934E+01  2.1484E-03
  1.4946E+01  1.9338E-03
  1.4957E+01  1.7581E-03
  1.4969E+01  1.6153E-03
  1.4981E+01  1.4973E-03
  1.4993E+01  1.3950E-03
  1.5005E+01  1.2992E-03
  1.5017E+01  1.2024E-03
  1.5029E+01  1.0990E-03
  1.5041E+01  9.8648E-04
  1.5053E+01  8.6535E-04
  1.5065E+01  7.3921E-04
  1.5077E+01  6.1419E-04
  1.5088E+01  4.9817E-04
  1.5100E+01  3.9972E-04
  1.5112E+01  3.2692E-04
  1.5124E+01  2.8625E-04
  1.5136E+01  2.8155E-04
  1.5148E+01  3.1336E-04
  1.5160E+01  3.7853E-04
  1.5172E+01  4.7040E-04
  1.5184E+01  5.7925E-04
  1.5196E+01  6.9331E-04
  1.5208E+01  7.9996E-04
  1.5219E+01  8.8720E-04
  1.5231E+01  9.4507E-04
  1.5243E+01  9.6704E-04
  1.5255E+01  9.5108E-04
  1.5267E+01  9.0042E-04
  1.5279E+01  8.2369E-04
  1.5291E+01  7.3461E-04
  1.5303E+01  6.5111E-04
  1.5315E+01  5.9390E-04
  1.5327E+01  5.8472E-04
  1.5339E+01  6.4432E-04
  1.5350E+01  7.9049E-04
  1.5362E+01  1.0363E-03
  1.5374E+01  1.3888E-03
  1.5386E+01  1.8482E-03
  1.5398E+01  2.4081E-03
  1.5410E+01  3.0565E-03
  1.5422E+01  3.7769E-03
  1.5434E+01  4.5514E-03
  1.5446E+01  5.3629E-03
  1.5458E+01  6.1986E-03
  1.5470E+01  7.0530E-03
  1.5481E+01  7.9309E-03
  1.5493E+01  8.8490E-03
  1.5505E+01  9.8379E-03
  1.5517E+01  1.0941E-02
  1.5529E+01  1.2216E-02
  1.5541E+01  1.3727E-02
  1.5553E+01  1.5546E-02
  1.5565E+01  1.7745E-02
  1.5577E+01  2.0391E-02
  1.5589E+01  2.3538E-02
  1.5601E+01  2.7224E-02
  1.5612E+01  3.1462E-02
  1.5624E+01  3.6238E-02
  1.5636E+01  4.1506E-02
  1.5648E+01  4.7188E-02
  1.5660E+01  5.3174E-02
  1.5672E+01  5.9324E-02
  1.5684E+01  6.5472E-02
  1.5696E+01  7.1433E-02
  1.5708E+01  7.7012E-02
  1.5720E+01  8.2013E-02
  1.5732E+01  8.6247E-02
  1.5743E+01  8.9548E-02
  1.5755E+01  9.1778E-02
  1.5767E+01  9.2836E-02
  1.5779E+01  9.2669E-02
  1.5791E+01  9.1273E-02
  1.5803E+01  8.8694E-02
  1.5815E+01  8.5026E-02
  1.5827E+01  8.0407E-02
  1.5839E+01  7.5009E-02
  1.5851E+01  6.9031E-02
  1.5863E+01  6.2685E-02
  1.5874E+01  5.6188E-02
  1.5886E+01  4.9747E-02
  1.5898E+01  4.3553E-02
  1.5910E+01  3.7768E-02
  1.5922E+01  3.2522E-02
  1.5934E+01  2.7908E-02
  1.5946E+01  2.3976E-02
  1.5958E+01  2.0739E-02
  1.5970E+01  1.8171E-02
  1.5982E+01  1.6213E-02
  1.5994E+01  1.4783E-02
  1.6005E+01  1.3778E-02
  1.6017E+01  1.3087E-02
  1.6029E+01  1.2597E-02
  1.6041E+01  1.2203E-02
  1.6053E+01  1.1816E-02
  1.6065E+01  1.1364E-02
  1.6077E+01  1.0799E-02
  1.6089E+01  1.0097E-02
  1.6101E+01  9.2570E-03
  1.6113E+01  8.3001E-03
  1.6125E+01  7.2636E-03
  1.6136E+01  6.1971E-03
  1.6148E+01  5.1568E-03
  1.6160E+01  4.1992E-03
  1.6172E+01  3.3760E-03
  1.6184E+01  2.7293E-03
  1.6196E+01  2.2878E-03
  1.6208E+01  2.0641E-03
  1.6220E+01  2.0546E-03
  1.6232E+01  2.2392E-03
  1.6244E+01  2.5841E-03
  1.6256E+01  3.0448E-03
  1.6267E+01  3.5698E-03
  1.6279E+01  4.1059E-03
  1.6291E+01  4.6021E-03
  1.6303E+01  5.0140E-03
  1.6315E+01  5.3074E-03
  1.6327E+01  5.4609E-03
  1.6339E+01  5.4668E-03
  1.6351E+01  5.3324E-03
  1.6363E+01  5.0779E-03
  1.6375E+01  4.7356E-03
  1.6387E+01  4.3464E-03
  1.6398E+01  3.9566E-03
  1.6410E+01  3.6141E-03
  1.6422E+01  3.3645E-03
  1.6434E+01  3.2475E-03
  1.6446E+01  3.2937E-03
  1.6458E+01  3.5223E-03
  1.6470E+01  3.9400E-03
  1.6482E+01  4.5403E-03
  1.6494E+01  5.3043E-03
  1.6506E+01  6.2022E-03
  1.6518E+01  7.1956E-03
  1.6529E+01  8.2404E-03
  1.6541E+01  9.2893E-03
  1.6553E+01  1.0295E-02
  1.6565E+01  1.1215E-02
  1.6577E+01  1.2009E-02
  1.6589E+01  1.2646E-02
  1.6601E+01  1.3105E-02
  1.6613E+01  1.3372E-02
  1.6625E+01  1.3444E-02
  1.6637E+01  1.3328E-02
  1.6649E+01  1.3038E-02
  1.6660E+01  1.2595E-02
  1.6672E+01  1.2024E-02
  1.6684E+01  1.1355E-02
  1.6696E+01  1.0615E-02
  1.6708E+01  9.8344E-03
  1.6720E+01  9.0381E-03
  1.6732E+01  8.2485E-03
  1.6744E+01  7.4833E-03
  1.6756E+01  6.7558E-03
  1.6768E+01  6.0747E-03
  1.6780E+01  5.4446E-03
  1.6791E+01  4.8667E-03
  1.6803E+01  4.3397E-03
  1.6815E+01  3.8602E-03
  1.6827E+01  3.4242E-03
  1.6839E+01  3.0273E-03
  1.6851E+01  2.6651E-03
  1.6863E+01  2.3342E-03
  1.6875E+01  2.0318E-03
  1.6887E+01  1.7561E-03
  1.6899E+01  1.5059E-03
  1.6911E+01  1.2807E-03
  1.6922E+01  1.0802E-03
  1.6934E+01  9.0392E-04
  1.6946E+01  7.5148E-04
  1.6958E+01  6.2192E-04
  1.6970E+01  5.1387E-04
  1.6982E+01  4.2543E-04
  1.6994E+01  3.5433E-04
  1.7006E+01  2.9802E-04
  1.7018E+01  2.5386E-04
  1.7030E+01  2.1934E-04
  1.7042E+01  1.9219E-04
  1.7053E+01  1.7062E-04
  1.7065E+01  1.5337E-04
  1.7077E+01  1.3973E-04
  1.7089E+01  1.2953E-04
  1.7101E+01  1.2301E-04
  1.7113E+01  1.2070E-04
  1.7125E+01  1.2324E-04
  1.7137E+01  1.3113E-04
  1.7149E+01  1.4464E-04
  1.7161E+01  1.6364E-04
  1.7173E+01  1.8751E-04
  1.7184E+01  2.1516E-04
  1.7196E+01  2.4505E-04
  1.7208E+01  2.7535E-04
  1.7220E+01  3.0408E-04
  1.7232E+01  3.2932E-04
  1.7244E+01  3.4945E-04
  1.7256E+01  3.6331E-04
  1.7268E+01  3.7042E-04
  1.7280E+01  3.7107E-04
  1.7292E+01  3.6637E-04
  1.7304E+01  3.5823E-04
  1.7315E+01  3.4923E-04
  1.7327E+01  3.4248E-04
  1.7339E+01  3.4131E-04
  1.7351E+01  3.4906E-04
  1.7363E+01  3.6877E-04
  1.7375E+01  4.0288E-04
  1.7387E+01  4.5304E-04
  1.7399E+01  5.1991E-04
  1.7411E+01  6.0309E-04
  1.7423E+01  7.0105E-04
  1.7435E+01  8.1127E-04
  1.7446E+01  9.3031E-04
  1.7458E+01  1.0540E-03
  1.7470E+01  1.1778E-03
  1.7482E+01  1.2970E-03
  1.7494E+01  1.4069E-03
  1.7506E+01  1.5034E-03
  1.7518E+01  1.5828E-03
  1.7530E+01  1.6426E-03
  1.7542E+01  1.6809E-03
  1.7554E+01  1.6971E-03
  1.7565E+01  1.6915E-03
  1.7577E+01  1.6655E-03
  1.7589E+01  1.6212E-03
  1.7601E+01  1.5610E-03
  1.7613E+01  1.4882E-03
  1.7625E+01  1.4057E-03
  1.7637E+01  1.3169E-03
  1.7649E+01  1.2245E-03
  1.7661E+01  1.1312E-03
  1.7673E+01  1.0391E-03
  1.7685E+01  9.4968E-04
  1.7696E+01  8.6427E-04
  1.7708E+01  7.8354E-04
  1.7720E+01  7.0786E-04
  1.7732E+01  6.3729E-04
  1.7744E+01  5.7170E-04
  1.7756E+01  5.1082E-04
  1.7768E+01  4.5435E-04
  1.7780E+01  4.0200E-04
  1.7792E+01  3.5356E-04
  1.7804E+01  3.0885E-04
  1.7816E+01  2.6781E-04
  1.7827E+01  2.3041E-04
  1.7839E+01  1.9667E-04
  1.7851E+01  1.6663E-04
  1.7863E+01  1.4029E-04
  1.7875E+01  1.1760E-04
  1.7887E+01  9.8452E-05
  1.7899E+01  8.2658E-05
  1.7911E+01  6.9950E-05
  1.7923E+01  5.9999E-05
  1.7935E+01  5.2427E-05
  1.7947E+01  4.6835E-05
  1.7958E+01  4.2826E-05
  1.7970E+01  4.0031E-05
  1.7982E+01  3.8129E-05
  1.7994E+01  3.6860E-05
  1.8006E+01  3.6034E-05
  1.8018E+01  3.5524E-05
  1.8030E+01  3.5259E-05
  1.8042E+01  3.5214E-05
  1.8054E+01  3.5386E-05
  1.8066E+01  3.5781E-05
  1.8078E+01  3.6398E-05
  1.8089E+01  3.7219E-05
  1.8101E+01  3.8206E-05
  1.8113E+01  3.9299E-05
  1.8125E+01  4.0432E-05
  1.8137E+01  4.1539E-05
  1.8149E+01  4.2573E-05
  1.8161E+01  4.3523E-05
  1.8173E+01  4.4431E-05
  1.8185E+01  4.5396E-05
  1.8197E+01  4.6586E-05
  1.8209E+01  4.8229E-05
  1.8220E+01  5.0610E-05
  1.8232E+01  5.4044E-05
  1.8244E+01  5.8862E-05
  1.8256E+01  6.5382E-05
  1.8268E+01  7.3882E-05
  1.8280E+01  8.4579E-05
  1.8292E+01  9.7606E-05
  1.8304E+01  1.1300E-04
  1.8316E+01  1.3070E-04
  1.8328E+01  1.5053E-04
  1.8340E+01  1.7223E-04
  1.8351E+01  1.9546E-04
  1.8363E+01  2.1982E-04
  1.8375E+01  2.4486E-04
  1.8387E+01  2.7013E-04
  1.8399E+01  2.9518E-04
  1.8411E+01  3.1959E-04
  1.8423E+01  3.4297E-04
  1.8435E+01  3.6499E-04
  1.8447E+01  3.8538E-04
  1.8459E+01  4.0390E-04
  1.8471E+01  4.2037E-04
  1.8482E+01  4.3462E-04
  1.8494E+01  4.4653E-04
  1.8506E+01  4.5596E-04
  1.8518E+01  4.6279E-04
  1.8530E+01  4.6691E-04
  1.8542E+01  4.6819E-04
  1.8554E+01  4.6653E-04
  1.8566E+01  4.6185E-04
  1.8578E+01  4.5411E-04
  1.8590E+01  4.4333E-04
  1.8602E+01  4.2958E-04
  1.8613E+01  4.1304E-04
  1.8625E+01  3.9395E-04
  1.8637E+01  3.7263E-04
  1.8649E+01  3.4950E-04
  1.8661E+01  3.2501E-04
  1.8673E+01  2.9965E-04
  1.8685E+01  2.7393E-04
  1.8697E+01  2.4833E-04
  1.8709E+01  2.2332E-04
  1.8721E+01  1.9928E-04
  1.8733E+01  1.7655E-04
  1.8744E+01  1.5538E-04
  1.8756E+01  1.3596E-04
  1.8768E+01  1.1840E-04
  1.8780E+01  1.0275E-04
  1.8792E+01  8.9034E-05
  1.8804E+01  7.7214E-05
  1.8816E+01  6.7246E-05
  1.8828E+01  5.9064E-05
  1.8840E+01  5.2590E-05
  1.8852E+01  4.7732E-05
  1.8864E+01  4.4384E-05
  1.8875E+01  4.2411E-05
  1.8887E+01  4.1651E-05
  1.8899E+01  4.1905E-05
  1.8911E+01  4.2937E-05
  1.8923E+01  4.4477E-05
  1.8935E+01  4.6234E-05
  1.8947E+01  4.7911E-05
  1.8959E+01  4.9231E-05
  1.8971E+01  4.9967E-05
  1.8983E+01  4.9973E-05
  1.8995E+01  4.9212E-05
  1.9006E+01  4.7785E-05
  1.9018E+01  4.5949E-05
  1.9030E+01  4.4120E-05
  1.9042E+01  4.2868E-05
  1.9054E+01  4.2890E-05
  1.9066E+01  4.4979E-05
  1.9078E+01  4.9969E-05
  1.9090E+01  5.8682E-05
  1.9102E+01  7.1871E-05
  1.9114E+01  9.0172E-05
  1.9126E+01  1.1407E-04
  1.9137E+01  1.4387E-04
  1.9149E+01  1.7973E-04
  1.9161E+01  2.2168E-04
  1.9173E+01  2.6967E-04
  1.9185E+01  3.2371E-04
  1.9197E+01  3.8391E-04
  1.9209E+01  4.5061E-04
  1.9221E+01  5.2450E-04
  1.9233E+01  6.0667E-04
  1.9245E+01  6.9868E-04
  1.9257E+01  8.0257E-04
  1.9268E+01  9.2078E-04
  1.9280E+01  1.0561E-03
  1.9292E+01  1.2114E-03
  1.9304E+01  1.3895E-03
  1.9316E+01  1.5928E-03
  1.9328E+01  1.8233E-03
  1.9340E+01  2.0816E-03
  1.9352E+01  2.3675E-03
  1.9364E+01  2.6791E-03
  1.9376E+01  3.0128E-03
  1.9388E+01  3.3636E-03
  1.9399E+01  3.7243E-03
  1.9411E+01  4.0865E-03
  1.9423E+01  4.4402E-03
  1.9435E+01  4.7746E-03
  1.9447E+01  5.0782E-03
  1.9459E+01  5.3396E-03
  1.9471E+01  5.5481E-03
  1.9483E+01  5.6944E-03
  1.9495E+01  5.7709E-03
  1.9507E+01  5.7728E-03
  1.9519E+01  5.6978E-03
  1.9530E+01  5.5473E-03
  1.9542E+01  5.3255E-03
  1.9554E+01  5.0400E-03
  1.9566E+01  4.7011E-03
  1.9578E+01  4.3212E-03
  1.9590E+01  3.9144E-03
  1.9602E+01  3.4955E-03
  1.9614E+01  3.0794E-03
  1.9626E+01  2.6798E-03
  1.9638E+01  2.3093E-03
  1.9650E+01  1.9778E-03
  1.9661E+01  1.6929E-03
  1.9673E+01  1.4590E-03
  1.9685E+01  1.2773E-03
  1.9697E+01  1.1459E-03
  1.9709E+01  1.0604E-03
  1.9721E+01  1.0137E-03
  1.9733E+01  9.9722E-04
  1.9745E+01  1.0013E-03
  1.9757E+01  1.0159E-03
  1.9769E+01  1.0317E-03
  1.9781E+01  1.0405E-03
  1.9792E+01  1.0356E-03
  1.9804E+01  1.0129E-03
  1.9816E+01  9.7028E-04
  1.9828E+01  9.0836E-04
  1.9840E+01  8.2977E-04
  1.9852E+01  7.3907E-04
  1.9864E+01  6.4218E-04
  1.9876E+01  5.4584E-04
  1.9888E+01  4.5694E-04
  1.9900E+01  3.8188E-04
  1.9912E+01  3.2604E-04
  1.9923E+01  2.9326E-04
  1.9935E+01  2.8551E-04
  1.9947E+01  3.0273E-04
  1.9959E+01  3.4283E-04
  1.9971E+01  4.0189E-04
  1.9983E+01  4.7451E-04
  1.9995E+01  5.5433E-04
  2.0007E+01  6.3457E-04
  2.0019E+01  7.0865E-04
  2.0031E+01  7.7083E-04
  2.0043E+01  8.1665E-04
  2.0054E+01  8.4342E-04
  2.0066E+01  8.5043E-04
  2.0078E+01  8.3909E-04
  2.0090E+01  8.1280E-04
  2.0102E+01  7.7673E-04
  2.0114E+01  7.3747E-04
  2.0126E+01  7.0244E-04
  2.0138E+01  6.7938E-04
  2.0150E+01  6.7565E-04
  2.0162E+01  6.9770E-04
  2.0174E+01  7.5045E-04
  2.0185E+01  8.3688E-04
  2.0197E+01  9.5776E-04
  2.0209E+01  1.1115E-03
  2.0221E+01  1.2942E-03
  2.0233E+01  1.5000E-03
  2.0245E+01  1.7211E-03
  2.0257E+01  1.9488E-03
  2.0269E+01  2.1737E-03
  2.0281E+01  2.3861E-03
  2.0293E+01  2.5771E-03
  2.0305E+01  2.7388E-03
  2.0316E+01  2.8647E-03
  2.0328E+01  2.9503E-03
  2.0340E+01  2.9929E-03
  2.0352E+01  2.9921E-03
  2.0364E+01  2.9492E-03
  2.0376E+01  2.8678E-03
  2.0388E+01  2.7526E-03
  2.0400E+01  2.6096E-03
  2.0412E+01  2.4455E-03
  2.0424E+01  2.2674E-03
  2.0436E+01  2.0819E-03
  2.0447E+01  1.8953E-03
  2.0459E+01  1.7129E-03
  2.0471E+01  1.5389E-03
  2.0483E+01  1.3763E-03
  2.0495E+01  1.2270E-03
  2.0507E+01  1.0918E-03
  2.0519E+01  9.7051E-04
  2.0531E+01  8.6217E-04
  2.0543E+01  7.6546E-04
  2.0555E+01  6.7875E-04
  2.0567E+01  6.0042E-04
  2.0578E+01  5.2899E-04
  2.0590E+01  4.6328E-04
  2.0602E+01  4.0245E-04
  2.0614E+01  3.4607E-04
  2.0626E+01  2.9402E-04
  2.0638E+01  2.4646E-04
  2.0650E+01  2.0373E-04
  2.0662E+01  1.6620E-04
  2.0674E+01  1.3416E-04
  2.0686E+01  1.0779E-04
  2.0698E+01  8.6984E-05
  2.0709E+01  7.1428E-05
  2.0721E+01  6.0531E-05
  2.0733E+01  5.3497E-05
  2.0745E+01  4.9382E-05
  2.0757E+01  4.7188E-05
  2.0769E+01  4.5950E-05
  2.0781E+01  4.4834E-05
  2.0793E+01  4.3212E-05
  2.0805E+01  4.0720E-05
  2.0817E+01  3.7279E-05
  2.0829E+01  3.3092E-05
  2.0840E+01  2.8604E-05
  2.0852E+01  2.4433E-05
  2.0864E+01  2.1279E-05
  2.0876E+01  1.9835E-05
  2.0888E+01  2.0680E-05
  2.0900E+01  2.4206E-05
  2.0912E+01  3.0547E-05
  2.0924E+01  3.9558E-05
  2.0936E+01  5.0809E-05
  2.0948E+01  6.3630E-05
  2.0960E+01  7.7172E-05
  2.0971E+01  9.0503E-05
  2.0983E+01  1.0271E-04
  2.0995E+01  1.1302E-04
  2.1007E+01  1.2089E-04
  2.1019E+01  1.2609E-04
  2.1031E+01  1.2878E-04
  2.1043E+01  1.2948E-04
  2.1055E+01  1.2912E-04
  2.1067E+01  1.2891E-04
  2.1079E+01  1.3026E-04
  2.1091E+01  1.3468E-04
  2.1102E+01  1.4360E-04
  2.1114E+01  1.5824E-04
  2.1126E+01  1.7948E-04
  2.1138E+01  2.0776E-04
  2.1150E+01  2.4297E-04
  2.1162E+01  2.8445E-04
  2.1174E+01  3.3099E-04
  2.1186E+01  3.8089E-04
  2.1198E+01  4.3206E-04
  2.1210E+01  4.8216E-04
  2.1222E+01  5.2876E-04
  2.1233E+01  5.6952E-04
  2.1245E+01  6.0232E-04
  2.1257E+01  6.2548E-04
  2.1269E+01  6.3784E-04
  2.1281E+01  6.3885E-04
  2.1293E+01  6.2862E-04
  2.1305E+01  6.0788E-04
  2.1317E+01  5.7793E-04
  2.1329E+01  5.4053E-04
  2.1341E+01  4.9775E-04
  2.1353E+01  4.5181E-04
  2.1364E+01  4.0490E-04
  2.1376E+01  3.5904E-04
  2.1388E+01  3.1594E-04
  2.1400E+01  2.7691E-04
  2.1412E+01  2.4279E-04
  2.1424E+01  2.1394E-04
  2.1436E+01  1.9027E-04
  2.1448E+01  1.7128E-04
  2.1460E+01  1.5620E-04
  2.1472E+01  1.4405E-04
  2.1483E+01  1.3380E-04
  2.1495E+01  1.2446E-04
  2.1507E+01  1.1520E-04
  2.1519E+01  1.0542E-04
  2.1531E+01  9.4810E-05
  2.1543E+01  8.3336E-05
  2.1555E+01  7.1249E-05
  2.1567E+01  5.9022E-05
  2.1579E+01  4.7270E-05
  2.1591E+01  3.6672E-05
  2.1603E+01  2.7874E-05
  2.1614E+01  2.1401E-05
  2.1626E+01  1.7594E-05
  2.1638E+01  1.6557E-05
  2.1650E+01  1.8140E-05
  2.1662E+01  2.1948E-05
  2.1674E+01  2.7375E-05
  2.1686E+01  3.3671E-05
  2.1698E+01  4.0019E-05
  2.1710E+01  4.5618E-05
  2.1722E+01  4.9776E-05
  2.1734E+01  5.1984E-05
  2.1745E+01  5.1972E-05
  2.1757E+01  4.9741E-05
  2.1769E+01  4.5565E-05
  2.1781E+01  3.9962E-05
  2.1793E+01  3.3638E-05
  2.1805E+01  2.7414E-05
  2.1817E+01  2.2133E-05
  2.1829E+01  1.8569E-05
  2.1841E+01  1.7341E-05
  2.1853E+01  1.8842E-05
  2.1865E+01  2.3192E-05
  2.1876E+01  3.0216E-05
  2.1888E+01  3.9463E-05
  2.1900E+01  5.0241E-05
  2.1912E+01  6.1694E-05
  2.1924E+01  7.2893E-05
  2.1936E+01  8.2939E-05
  2.1948E+01  9.1069E-05
  2.1960E+01  9.6752E-05
  2.1972E+01  9.9764E-05
  2.1984E+01  1.0023E-04
  2.1996E+01  9.8651E-05
  2.2007E+01  9.5842E-05
  2.2019E+01  9.2901E-05
  2.2031E+01  9.1102E-05
  2.2043E+01  9.1774E-05
  2.2055E+01  9.6178E-05
  2.2067E+01  1.0537E-04
  2.2079E+01  1.2009E-04
  2.2091E+01  1.4067E-04
  2.2103E+01  1.6694E-04
  2.2115E+01  1.9826E-04
  2.2127E+01  2.3348E-04
  2.2138E+01  2.7103E-04
  2.2150E+01  3.0907E-04
  2.2162E+01  3.4552E-04
  2.2174E+01  3.7832E-04
  2.2186E+01  4.0554E-04
  2.2198E+01  4.2553E-04
  2.2210E+01  4.3708E-04
  2.2222E+01  4.3951E-04
  2.2234E+01  4.3268E-04
  2.2246E+01  4.1705E-04
  2.2258E+01  3.9363E-04
  2.2269E+01  3.6385E-04
  2.2281E+01  3.2951E-04
  2.2293E+01  2.9257E-04
  2.2305E+01  2.5504E-04
  2.2317E+01  2.1883E-04
  2.2329E+01  1.8556E-04
  2.2341E+01  1.5651E-04
  2.2353E+01  1.3251E-04
  2.2365E+01  1.1390E-04
  2.2377E+01  1.0055E-04
  2.2389E+01  9.1899E-05
  2.2400E+01  8.7057E-05
  2.2412E+01  8.4895E-05
  2.2424E+01  8.4191E-05
  2.2436E+01  8.3761E-05
  2.2448E+01  8.2573E-05
  2.2460E+01  7.9856E-05
  2.2472E+01  7.5159E-05
  2.2484E+01  6.8385E-05
  2.2496E+01  5.9782E-05
  2.2508E+01  4.9896E-05
  2.2520E+01  3.9495E-05
  2.2531E+01  2.9472E-05
  2.2543E+01  2.0731E-05
  2.2555E+01  1.4080E-05
  2.2567E+01  1.0130E-05
  2.2579E+01  9.2209E-06
  2.2591E+01  1.1375E-05
  2.2603E+01  1.6287E-05
  2.2615E+01  2.3356E-05
  2.2627E+01  3.1743E-05
  2.2639E+01  4.0468E-05
  2.2651E+01  4.8517E-05
  2.2662E+01  5.4956E-05
  2.2674E+01  5.9045E-05
  2.2686E+01  6.0324E-05
  2.2698E+01  5.8680E-05
  2.2710E+01  5.4369E-05
  2.2722E+01  4.8007E-05
  2.2734E+01  4.0517E-05
  2.2746E+01  3.3044E-05
  2.2758E+01  2.6844E-05
  2.2770E+01  2.3157E-05
  2.2782E+01  2.3079E-05
  2.2793E+01  2.7447E-05
  2.2805E+01  3.6740E-05
  2.2817E+01  5.1034E-05
  2.2829E+01  6.9983E-05
  2.2841E+01  9.2859E-05
  2.2853E+01  1.1864E-04
  2.2865E+01  1.4614E-04
  2.2877E+01  1.7414E-04
  2.2889E+01  2.0159E-04
  2.2901E+01  2.2777E-04
  2.2913E+01  2.5242E-04
  2.2924E+01  2.7583E-04
  2.2936E+01  2.9897E-04
  2.2948E+01  3.2340E-04
  2.2960E+01  3.5127E-04
  2.2972E+01  3.8514E-04
  2.2984E+01  4.2781E-04
  2.2996E+01  4.8209E-04
  2.3008E+01  5.5052E-04
  2.3020E+01  6.3508E-04
  2.3032E+01  7.3698E-04
  2.3044E+01  8.5640E-04
  2.3055E+01  9.9236E-04
  2.3067E+01  1.1426E-03
  2.3079E+01  1.3038E-03
  2.3091E+01  1.4713E-03
  2.3103E+01  1.6397E-03
  2.3115E+01  1.8029E-03
  2.3127E+01  1.9546E-03
  2.3139E+01  2.0885E-03
  2.3151E+01  2.1988E-03
  2.3163E+01  2.2803E-03
  2.3175E+01  2.3293E-03
  2.3186E+01  2.3433E-03
  2.3198E+01  2.3213E-03
  2.3210E+01  2.2641E-03
  2.3222E+01  2.1739E-03
  2.3234E+01  2.0547E-03
  2.3246E+01  1.9116E-03
  2.3258E+01  1.7507E-03
  2.3270E+01  1.5787E-03
  2.3282E+01  1.4025E-03
  2.3294E+01  1.2289E-03
  2.3306E+01  1.0639E-03
  2.3317E+01  9.1268E-04
  2.3329E+01  7.7908E-04
  2.3341E+01  6.6569E-04
  2.3353E+01  5.7359E-04
  2.3365E+01  5.0251E-04
  2.3377E+01  4.5091E-04
  2.3389E+01  4.1622E-04
  2.3401E+01  3.9511E-04
  2.3413E+01  3.8381E-04
  2.3425E+01  3.7841E-04
  2.3437E+01  3.7522E-04
  2.3448E+01  3.7097E-04
  2.3460E+01  3.6310E-04
  2.3472E+01  3.4989E-04
  2.3484E+01  3.3051E-04
  2.3496E+01  3.0504E-04
  2.3508E+01  2.7439E-04
  2.3520E+01  2.4014E-04
  2.3532E+01  2.0436E-04
  2.3544E+01  1.6934E-04
  2.3556E+01  1.3742E-04
  2.3568E+01  1.1072E-04
  2.3579E+01  9.0954E-05
  2.3591E+01  7.9294E-05
  2.3603E+01  7.6263E-05
  2.3615E+01  8.1707E-05
  2.3627E+01  9.4823E-05
  2.3639E+01  1.1424E-04
  2.3651E+01  1.3814E-04
  2.3663E+01  1.6443E-04
  2.3675E+01  1.9093E-04
  2.3687E+01  2.1554E-04
  2.3699E+01  2.3643E-04
  2.3710E+01  2.5221E-04
  2.3722E+01  2.6200E-04
  2.3734E+01  2.6555E-04
  2.3746E+01  2.6321E-04
  2.3758E+01  2.5594E-04
  2.3770E+01  2.4521E-04
  2.3782E+01  2.3287E-04
  2.3794E+01  2.2107E-04
  2.3806E+01  2.1201E-04
  2.3818E+01  2.0786E-04
  2.3830E+01  2.1056E-04
  2.3841E+01  2.2174E-04
  2.3853E+01  2.4254E-04
  2.3865E+01  2.7359E-04
  2.3877E+01  3.1497E-04
  2.3889E+01  3.6619E-04
  2.3901E+01  4.2621E-04
  2.3913E+01  4.9355E-04
  2.3925E+01  5.6633E-04
  2.3937E+01  6.4240E-04
  2.3949E+01  7.1948E-04
  2.3961E+01  7.9523E-04
  2.3972E+01  8.6742E-04
  2.3984E+01  9.3400E-04
  2.3996E+01  9.9317E-04
  2.4008E+01  1.0435E-03
  2.4020E+01  1.0838E-03
  2.4032E+01  1.1134E-03
  2.4044E+01  1.1320E-03
  2.4056E+01  1.1395E-03
  2.4068E+01  1.1362E-03
  2.4080E+01  1.1228E-03
  2.4092E+01  1.1000E-03
  2.4103E+01  1.0688E-03
  2.4115E+01  1.0303E-03
  2.4127E+01  9.8580E-04
  2.4139E+01  9.3643E-04
  2.4151E+01  8.8345E-04
  2.4163E+01  8.2803E-04
  2.4175E+01  7.7125E-04
  2.4187E+01  7.1411E-04
  2.4199E+01  6.5747E-04
  2.4211E+01  6.0207E-04
  2.4223E+01  5.4849E-04
  2.4234E+01  4.9718E-04
  2.4246E+01  4.4848E-04
  2.4258E+01  4.0259E-04
  2.4270E+01  3.5964E-04
  2.4282E+01  3.1966E-04
  2.4294E+01  2.8266E-04
  2.4306E+01  2.4860E-04
  2.4318E+01  2.1742E-04
  2.4330E+01  1.8906E-04
  2.4342E+01  1.6347E-04
  2.4354E+01  1.4063E-04
  2.4365E+01  1.2049E-04
  2.4377E+01  1.0303E-04
  2.4389E+01  8.8229E-05
  2.4401E+01  7.6037E-05
  2.4413E+01  6.6380E-05
  2.4425E+01  5.9142E-05
  2.4437E+01  5.4162E-05
  2.4449E+01  5.1219E-05
  2.4461E+01  5.0038E-05
  2.4473E+01  5.0294E-05
  2.4485E+01  5.1618E-05
  2.4496E+01  5.3616E-05
  2.4508E+01  5.5886E-05
  2.4520E+01  5.8038E-05
  2.4532E+01  5.9722E-05
  2.4544E+01  6.0646E-05
  2.4556E+01  6.0593E-05
  2.4568E+01  5.9444E-05
  2.4580E+01  5.7177E-05
  2.4592E+01  5.3871E-05
  2.4604E+01  4.9700E-05
  2.4616E+01  4.4916E-05
  2.4627E+01  3.9829E-05
  2.4639E+01  3.4779E-05
  2.4651E+01  3.0110E-05
  2.4663E+01  2.6138E-05
  2.4675E+01  2.3129E-05
  2.4687E+01  2.1279E-05
  2.4699E+01  2.0694E-05
  2.4711E+01  2.1389E-05
  2.4723E+01  2.3287E-05
  2.4735E+01  2.6229E-05
  2.4747E+01  2.9988E-05
  2.4758E+01  3.4294E-05
  2.4770E+01  3.8852E-05
  2.4782E+01  4.3373E-05
  2.4794E+01  4.7593E-05
  2.4806E+01  5.1297E-05
  2.4818E+01  5.4330E-05
  2.4830E+01  5.6608E-05
  2.4842E+01  5.8119E-05
  2.4854E+01  5.8914E-05
  2.4866E+01  5.9099E-05
  2.4878E+01  5.8817E-05
  2.4889E+01  5.8231E-05
  2.4901E+01  5.7505E-05
  2.4913E+01  5.6792E-05
  2.4925E+01  5.6212E-05
  2.4937E+01  5.5856E-05
  2.4949E+01  5.5774E-05
  2.4961E+01  5.5982E-05
  2.4973E+01  5.6470E-05
  2.4985E+01  5.7206E-05
  2.4997E+01  5.8157E-05
  2.5009E+01  5.9290E-05
  2.5020E+01  6.0589E-05
  2.5032E+01  6.2056E-05
  2.5044E+01  6.3713E-05
  2.5056E+01  6.5598E-05
  2.5068E+01  6.7755E-05
  2.5080E+01  7.0227E-05
  2.5092E+01  7.3033E-05
  2.5104E+01  7.6163E-05
  2.5116E+01  7.9558E-05
  2.5128E+01  8.3108E-05
  2.5140E+01  8.6647E-05
  2.5151E+01  8.9960E-05
  2.5163E+01  9.2791E-05
  2.5175E+01  9.4867E-05
  2.5187E+01  9.5918E-05
  2.5199E+01  9.5707E-05
  2.5211E+01  9.4057E-05
  2.5223E+01  9.0875E-05
  2.5235E+01  8.6175E-05
  2.5247E+01  8.0088E-05
  2.5259E+01  7.2861E-05
  2.5271E+01  6.4848E-05
  2.5282E+01  5.6489E-05
  2.5294E+01  4.8277E-05
  2.5306E+01  4.0719E-05
  2.5318E+01  3.4292E-05
  2.5330E+01  2.9399E-05
  2.5342E+01  2.6336E-05
  2.5354E+01  2.5253E-05
  2.5366E+01  2.6143E-05
  2.5378E+01  2.8834E-05
  2.5390E+01  3.2998E-05
  2.5401E+01  3.8179E-05
  2.5413E+01  4.3830E-05
  2.5425E+01  4.9356E-05
  2.5437E+01  5.4178E-05
  2.5449E+01  5.7779E-05
  2.5461E+01  5.9757E-05
  2.5473E+01  5.9870E-05
  2.5485E+01  5.8059E-05
  2.5497E+01  5.4459E-05
  2.5509E+01  4.9394E-05
  2.5521E+01  4.3342E-05
  2.5532E+01  3.6901E-05
  2.5544E+01  3.0725E-05
  2.5556E+01  2.5469E-05
  2.5568E+01  2.1718E-05
  2.5580E+01  1.9933E-05
  2.5592E+01  2.0405E-05
  2.5604E+01  2.3219E-05
  2.5616E+01  2.8245E-05
  2.5628E+01  3.5144E-05
  2.5640E+01  4.3399E-05
  2.5652E+01  5.2361E-05
  2.5663E+01  6.1311E-05
  2.5675E+01  6.9533E-05
  2.5687E+01  7.6382E-05
  2.5699E+01  8.1355E-05
  2.5711E+01  8.4144E-05
  2.5723E+01  8.4671E-05
  2.5735E+01  8.3105E-05
  2.5747E+01  7.9848E-05
  2.5759E+01  7.5502E-05
  2.5771E+01  7.0813E-05
  2.5783E+01  6.6599E-05
  2.5794E+01  6.3672E-05
  2.5806E+01  6.2754E-05
  2.5818E+01  6.4403E-05
  2.5830E+01  6.8952E-05
  2.5842E+01  7.6466E-05
  2.5854E+01  8.6729E-05
  2.5866E+01  9.9251E-05
  2.5878E+01  1.1331E-04
  2.5890E+01  1.2799E-04
  2.5902E+01  1.4230E-04
  2.5914E+01  1.5524E-04
  2.5925E+01  1.6587E-04
  2.5937E+01  1.7345E-04
  2.5949E+01  1.7747E-04
  2.5961E+01  1.7770E-04
  2.5973E+01  1.7423E-04
  2.5985E+01  1.6744E-04
  2.5997E+01  1.5799E-04
  2.6009E+01  1.4671E-04
  2.6021E+01  1.3457E-04
  2.6033E+01  1.2256E-04
  2.6045E+01  1.1157E-04
  2.6056E+01  1.0238E-04
  2.6068E+01  9.5500E-05
  2.6080E+01  9.1190E-05
  2.6092E+01  8.9403E-05
  2.6104E+01  8.9809E-05
  2.6116E+01  9.1835E-05
  2.6128E+01  9.4729E-05
  2.6140E+01  9.7647E-05
  2.6152E+01  9.9747E-05
  2.6164E+01  1.0029E-04
  2.6176E+01  9.8713E-05
  2.6187E+01  9.4721E-05
  2.6199E+01  8.8299E-05
  2.6211E+01  7.9737E-05
  2.6223E+01  6.9604E-05
  2.6235E+01  5.8686E-05
  2.6247E+01  4.7914E-05
  2.6259E+01  3.8259E-05
  2.6271E+01  3.0632E-05
  2.6283E+01  2.5779E-05
  2.6295E+01  2.4195E-05
  2.6307E+01  2.6057E-05
  2.6318E+01  3.1195E-05
  2.6330E+01  3.9096E-05
  2.6342E+01  4.8941E-05
  2.6354E+01  5.9687E-05
  2.6366E+01  7.0169E-05
  2.6378E+01  7.9221E-05
  2.6390E+01  8.5807E-05
  2.6402E+01  8.9135E-05
  2.6414E+01  8.8761E-05
  2.6426E+01  8.4654E-05
  2.6438E+01  7.7219E-05
  2.6449E+01  6.7284E-05
  2.6461E+01  5.6032E-05
  2.6473E+01  4.4905E-05
  2.6485E+01  3.5468E-05
  2.6497E+01  2.9268E-05
  2.6509E+01  2.7675E-05
  2.6521E+01  3.1747E-05
  2.6533E+01  4.2121E-05
  2.6545E+01  5.8943E-05
  2.6557E+01  8.1850E-05
  2.6569E+01  1.1001E-04
  2.6580E+01  1.4222E-04
  2.6592E+01  1.7704E-04
  2.6604E+01  2.1301E-04
  2.6616E+01  2.4881E-04
  2.6628E+01  2.8350E-04
  2.6640E+01  3.1666E-04
  2.6652E+01  3.4860E-04
  2.6664E+01  3.8036E-04
  2.6676E+01  4.1377E-04
  2.6688E+01  4.5135E-04
  2.6700E+01  4.9618E-04
  2.6711E+01  5.5164E-04
  2.6723E+01  6.2114E-04
  2.6735E+01  7.0779E-04
  2.6747E+01  8.1404E-04
  2.6759E+01  9.4140E-04
  2.6771E+01  1.0901E-03
  2.6783E+01  1.2589E-03
  2.6795E+01  1.4451E-03
  2.6807E+01  1.6443E-03
  2.6819E+01  1.8508E-03
  2.6831E+01  2.0577E-03
  2.6842E+01  2.2572E-03
  2.6854E+01  2.4412E-03
  2.6866E+01  2.6018E-03
  2.6878E+01  2.7314E-03
  2.6890E+01  2.8239E-03
  2.6902E+01  2.8745E-03
  2.6914E+01  2.8802E-03
  2.6926E+01  2.8403E-03
  2.6938E+01  2.7560E-03
  2.6950E+01  2.6310E-03
  2.6962E+01  2.4708E-03
  2.6973E+01  2.2823E-03
  2.6985E+01  2.0741E-03
  2.6997E+01  1.8552E-03
  2.7009E+01  1.6348E-03
  2.7021E+01  1.4217E-03
  2.7033E+01  1.2237E-03
  2.7045E+01  1.0474E-03
  2.7057E+01  8.9739E-04
  2.7069E+01  7.7630E-04
  2.7081E+01  6.8479E-04
  2.7093E+01  6.2153E-04
  2.7104E+01  5.8343E-04
  2.7116E+01  5.6604E-04
  2.7128E+01  5.6392E-04
  2.7140E+01  5.7119E-04
  2.7152E+01  5.8195E-04
  2.7164E+01  5.9082E-04
  2.7176E+01  5.9333E-04
  2.7188E+01  5.8623E-04
  2.7200E+01  5.6768E-04
  2.7212E+01  5.3736E-04
  2.7224E+01  4.9642E-04
  2.7235E+01  4.4727E-04
  2.7247E+01  3.9335E-04
  2.7259E+01  3.3871E-04
  2.7271E+01  2.8768E-04
  2.7283E+01  2.4440E-04
  2.7295E+01  2.1245E-04
  2.7307E+01  1.9453E-04
  2.7319E+01  1.9222E-04
  2.7331E+01  2.0583E-04
  2.7343E+01  2.3438E-04
  2.7355E+01  2.7572E-04
  2.7366E+01  3.2668E-04
  2.7378E+01  3.8340E-04
  2.7390E+01  4.4161E-04
  2.7402E+01  4.9707E-04
  2.7414E+01  5.4591E-04
  2.7426E+01  5.8497E-04
  2.7438E+01  6.1214E-04
  2.7450E+01  6.2652E-04
  2.7462E+01  6.2857E-04
  2.7474E+01  6.2008E-04
  2.7486E+01  6.0410E-04
  2.7497E+01  5.8473E-04
  2.7509E+01  5.6679E-04
  2.7521E+01  5.5556E-04
  2.7533E+01  5.5630E-04
  2.7545E+01  5.7395E-04
  2.7557E+01  6.1273E-04
  2.7569E+01  6.7582E-04
  2.7581E+01  7.6517E-04
  2.7593E+01  8.8129E-04
  2.7605E+01  1.0232E-03
  2.7617E+01  1.1885E-03
  2.7628E+01  1.3733E-03
  2.7640E+01  1.5728E-03
  2.7652E+01  1.7812E-03
  2.7664E+01  1.9920E-03
  2.7676E+01  2.1986E-03
  2.7688E+01  2.3946E-03
  2.7700E+01  2.5740E-03
  2.7712E+01  2.7312E-03
  2.7724E+01  2.8621E-03
  2.7736E+01  2.9632E-03
  2.7748E+01  3.0324E-03
  2.7759E+01  3.0690E-03
  2.7771E+01  3.0731E-03
  2.7783E+01  3.0460E-03
  2.7795E+01  2.9900E-03
  2.7807E+01  2.9078E-03
  2.7819E+01  2.8030E-03
  2.7831E+01  2.6794E-03
  2.7843E+01  2.5407E-03
  2.7855E+01  2.3909E-03
  2.7867E+01  2.2337E-03
  2.7879E+01  2.0726E-03
  2.7890E+01  1.9106E-03
  2.7902E+01  1.7506E-03
  2.7914E+01  1.5946E-03
  2.7926E+01  1.4446E-03
  2.7938E+01  1.3019E-03
  2.7950E+01  1.1674E-03
  2.7962E+01  1.0418E-03
  2.7974E+01  9.2541E-04
  2.7986E+01  8.1832E-04
  2.7998E+01  7.2037E-04
  2.8010E+01  6.3133E-04
  2.8021E+01  5.5082E-04
  2.8033E+01  4.7842E-04
  2.8045E+01  4.1369E-04
  2.8057E+01  3.5617E-04
  2.8069E+01  3.0541E-04
  2.8081E+01  2.6096E-04
  2.8093E+01  2.2241E-04
  2.8105E+01  1.8937E-04
  2.8117E+01  1.6144E-04
  2.8129E+01  1.3824E-04
  2.8141E+01  1.1940E-04
  2.8152E+01  1.0453E-04
  2.8164E+01  9.3256E-05
  2.8176E+01  8.5166E-05
  2.8188E+01  7.9845E-05
  2.8200E+01  7.6860E-05
  2.8212E+01  7.5768E-05
  2.8224E+01  7.6118E-05
  2.8236E+01  7.7462E-05
  2.8248E+01  7.9363E-05
  2.8260E+01  8.1413E-05
  2.8272E+01  8.3245E-05
  2.8283E+01  8.4547E-05
  2.8295E+01  8.5082E-05
  2.8307E+01  8.4698E-05
  2.8319E+01  8.3338E-05
  2.8331E+01  8.1048E-05
  2.8343E+01  7.7978E-05
  2.8355E+01  7.4374E-05
  2.8367E+01  7.0567E-05
  2.8379E+01  6.6958E-05
  2.8391E+01  6.3991E-05
  2.8403E+01  6.2131E-05
  2.8414E+01  6.1832E-05
  2.8426E+01  6.3512E-05
  2.8438E+01  6.7524E-05
  2.8450E+01  7.4135E-05
  2.8462E+01  8.3505E-05
  2.8474E+01  9.5681E-05
  2.8486E+01  1.1058E-04
  2.8498E+01  1.2802E-04
  2.8510E+01  1.4769E-04
  2.8522E+01  1.6917E-04
  2.8534E+01  1.9201E-04
  2.8545E+01  2.1568E-04
  2.8557E+01  2.3962E-04
  2.8569E+01  2.6329E-04
  2.8581E+01  2.8616E-04
  2.8593E+01  3.0777E-04
  2.8605E+01  3.2771E-04
  2.8617E+01  3.4564E-04
  2.8629E+01  3.6131E-04
  2.8641E+01  3.7456E-04
  2.8653E+01  3.8529E-04
  2.8665E+01  3.9348E-04
  2.8676E+01  3.9917E-04
  2.8688E+01  4.0244E-04
  2.8700E+01  4.0339E-04
  2.8712E+01  4.0218E-04
  2.8724E+01  3.9895E-04
  2.8736E+01  3.9387E-04
  2.8748E+01  3.8709E-04
  2.8760E+01  3.7878E-04
  2.8772E+01  3.6908E-04
  2.8784E+01  3.5814E-04
  2.8796E+01  3.4610E-04
  2.8807E+01  3.3310E-04
  2.8819E+01  3.1924E-04
  2.8831E+01  3.0467E-04
  2.8843E+01  2.8947E-04
  2.8855E+01  2.7376E-04
  2.8867E+01  2.5764E-04
  2.8879E+01  2.4120E-04
  2.8891E+01  2.2454E-04
  2.8903E+01  2.0776E-04
  2.8915E+01  1.9095E-04
  2.8927E+01  1.7424E-04
  2.8938E+01  1.5774E-04
  2.8950E+01  1.4159E-04
  2.8962E+01  1.2596E-04
  2.8974E+01  1.1102E-04
  2.8986E+01  9.6935E-05
  2.8998E+01  8.3905E-05
  2.9010E+01  7.2107E-05
  2.9022E+01  6.1705E-05
  2.9034E+01  5.2835E-05
  2.9046E+01  4.5596E-05
  2.9058E+01  4.0031E-05
  2.9069E+01  3.6127E-05
  2.9081E+01  3.3803E-05
  2.9093E+01  3.2911E-05
  2.9105E+01  3.3244E-05
  2.9117E+01  3.4536E-05
  2.9129E+01  3.6486E-05
  2.9141E+01  3.8768E-05
  2.9153E+01  4.1057E-05
  2.9165E+01  4.3052E-05
  2.9177E+01  4.4494E-05
  2.9188E+01  4.5191E-05
  2.9200E+01  4.5032E-05
  2.9212E+01  4.3998E-05
  2.9224E+01  4.2166E-05
  2.9236E+01  3.9703E-05
  2.9248E+01  3.6857E-05
  2.9260E+01  3.3936E-05
  2.9272E+01  3.1281E-05
  2.9284E+01  2.9245E-05
  2.9296E+01  2.8157E-05
  2.9308E+01  2.8300E-05
  2.9319E+01  2.9883E-05
  2.9331E+01  3.3029E-05
  2.9343E+01  3.7761E-05
  2.9355E+01  4.4004E-05
  2.9367E+01  5.1590E-05
  2.9379E+01  6.0276E-05
  2.9391E+01  6.9765E-05
  2.9403E+01  7.9736E-05
  2.9415E+01  8.9865E-05
  2.9427E+01  9.9862E-05
  2.9439E+01  1.0949E-04
  2.9450E+01  1.1859E-04
  2.9462E+01  1.2707E-04
  2.9474E+01  1.3496E-04
  2.9486E+01  1.4233E-04
  2.9498E+01  1.4933E-04
  2.9510E+01  1.5615E-04
  2.9522E+01  1.6300E-04
  2.9534E+01  1.7006E-04
  2.9546E+01  1.7747E-04
  2.9558E+01  1.8531E-04
  2.9570E+01  1.9357E-04
  2.9581E+01  2.0214E-04
  2.9593E+01  2.1085E-04
  2.9605E+01  2.1942E-04
  2.9617E+01  2.2751E-04
  2.9629E+01  2.3478E-04
  2.9641E+01  2.4085E-04
  2.9653E+01  2.4540E-04
  2.9665E+01  2.4816E-04
  2.9677E+01  2.4893E-04
  2.9689E+01  2.4765E-04
  2.9701E+01  2.4434E-04
  2.9712E+01  2.3914E-04
  2.9724E+01  2.3228E-04
  2.9736E+01  2.2407E-04
  2.9748E+01  2.1486E-04
  2.9760E+01  2.0500E-04
  2.9772E+01  1.9485E-04
  2.9784E+01  1.8469E-04
  2.9796E+01  1.7474E-04
  2.9808E+01  1.6513E-04
  2.9820E+01  1.5593E-04
  2.9832E+01  1.4708E-04
  2.9843E+01  1.3848E-04
  2.9855E+01  1.3000E-04
  2.9867E+01  1.2147E-04
  2.9879E+01  1.1275E-04
  2.9891E+01  1.0375E-04
  2.9903E+01  9.4443E-05
  2.9915E+01  8.4901E-05
  2.9927E+01  7.5278E-05
  2.9939E+01  6.5814E-05
  2.9951E+01  5.6817E-05
  2.9963E+01  4.8635E-05
  2.9974E+01  4.1619E-05
  2.9986E+01  3.6086E-05
  2.9998E+01  3.2279E-05
  3.0010E+01  3.0339E-05
  3.0022E+01  3.0273E-05
  3.0034E+01  3.1949E-05
  3.0046E+01  3.5090E-05
  3.0058E+01  3.9294E-05
  3.0070E+01  4.4066E-05
  3.0082E+01  4.8851E-05
  3.0094E+01  5.3095E-05
  3.0105E+01  5.6289E-05
  3.0117E+01  5.8026E-05
  3.0129E+01  5.8044E-05
  3.0141E+01  5.6258E-05
  3.0153E+01  5.2775E-05
  3.0165E+01  4.7897E-05
  3.0177E+01  4.2095E-05
  3.0189E+01  3.5970E-05
  3.0201E+01  3.0208E-05
  3.0213E+01  2.5511E-05
  3.0225E+01  2.2532E-05
  3.0236E+01  2.1819E-05
  3.0248E+01  2.3752E-05
  3.0260E+01  2.8514E-05
  3.0272E+01  3.6066E-05
  3.0284E+01  4.6154E-05
  3.0296E+01  5.8332E-05
  3.0308E+01  7.2016E-05
  3.0320E+01  8.6545E-05
  3.0332E+01  1.0126E-04
  3.0344E+01  1.1559E-04
  3.0356E+01  1.2913E-04
  3.0367E+01  1.4170E-04
  3.0379E+01  1.5340E-04
  3.0391E+01  1.6462E-04
  3.0403E+01  1.7605E-04
  3.0415E+01  1.8859E-04
  3.0427E+01  2.0336E-04
  3.0439E+01  2.2152E-04
  3.0451E+01  2.4421E-04
  3.0463E+01  2.7240E-04
  3.0475E+01  3.0680E-04
  3.0487E+01  3.4773E-04
  3.0498E+01  3.9502E-04
  3.0510E+01  4.4803E-04
  3.0522E+01  5.0554E-04
  3.0534E+01  5.6587E-04
  3.0546E+01  6.2690E-04
  3.0558E+01  6.8620E-04
  3.0570E+01  7.4119E-04
  3.0582E+01  7.8930E-04
  3.0594E+01  8.2812E-04
  3.0606E+01  8.5561E-04
  3.0618E+01  8.7024E-04
  3.0629E+01  8.7108E-04
  3.0641E+01  8.5790E-04
  3.0653E+01  8.3122E-04
  3.0665E+01  7.9225E-04
  3.0677E+01  7.4282E-04
  3.0689E+01  6.8530E-04
  3.0701E+01  6.2240E-04
  3.0713E+01  5.5703E-04
  3.0725E+01  4.9209E-04
  3.0737E+01  4.3028E-04
  3.0749E+01  3.7395E-04
  3.0760E+01  3.2491E-04
  3.0772E+01  2.8438E-04
  3.0784E+01  2.5291E-04
  3.0796E+01  2.3036E-04
  3.0808E+01  2.1599E-04
  3.0820E+01  2.0855E-04
  3.0832E+01  2.0637E-04
  3.0844E+01  2.0758E-04
  3.0856E+01  2.1026E-04
  3.0868E+01  2.1259E-04
  3.0880E+01  2.1305E-04
  3.0891E+01  2.1049E-04
  3.0903E+01  2.0425E-04
  3.0915E+01  1.9420E-04
  3.0927E+01  1.8071E-04
  3.0939E+01  1.6460E-04
  3.0951E+01  1.4708E-04
  3.0963E+01  1.2958E-04
  3.0975E+01  1.1364E-04
  3.0987E+01  1.0073E-04
  3.0999E+01  9.2128E-05
  3.1011E+01  8.8789E-05
  3.1022E+01  9.1242E-05
  3.1034E+01  9.9540E-05
  3.1046E+01  1.1325E-04
  3.1058E+01  1.3150E-04
  3.1070E+01  1.5302E-04
  3.1082E+01  1.7629E-04
  3.1094E+01  1.9966E-04
  3.1106E+01  2.2150E-04
  3.1118E+01  2.4034E-04
  3.1130E+01  2.5502E-04
  3.1142E+01  2.6481E-04
  3.1153E+01  2.6948E-04
  3.1165E+01  2.6934E-04
  3.1177E+01  2.6526E-04
  3.1189E+01  2.5861E-04
  3.1201E+01  2.5115E-04
  3.1213E+01  2.4497E-04
  3.1225E+01  2.4229E-04
  3.1237E+01  2.4531E-04
  3.1249E+01  2.5607E-04
  3.1261E+01  2.7629E-04
  3.1273E+01  3.0722E-04
  3.1284E+01  3.4955E-04
  3.1296E+01  4.0338E-04
  3.1308E+01  4.6815E-04
  3.1320E+01  5.4268E-04
  3.1332E+01  6.2525E-04
  3.1344E+01  7.1364E-04
  3.1356E+01  8.0532E-04
  3.1368E+01  8.9750E-04
  3.1380E+01  9.8734E-04
  3.1392E+01  1.0721E-03
  3.1404E+01  1.1491E-03
  3.1415E+01  1.2162E-03
  3.1427E+01  1.2716E-03
  3.1439E+01  1.3140E-03
  3.1451E+01  1.3424E-03
  3.1463E+01  1.3566E-03
  3.1475E+01  1.3569E-03
  3.1487E+01  1.3438E-03
  3.1499E+01  1.3185E-03
  3.1511E+01  1.2822E-03
  3.1523E+01  1.2364E-03
  3.1535E+01  1.1829E-03
  3.1546E+01  1.1232E-03
  3.1558E+01  1.0591E-03
  3.1570E+01  9.9206E-04
  3.1582E+01  9.2349E-04
  3.1594E+01  8.5463E-04
  3.1606E+01  7.8652E-04
  3.1618E+01  7.2002E-04
  3.1630E+01  6.5581E-04
  3.1642E+01  5.9441E-04
  3.1654E+01  5.3620E-04
  3.1666E+01  4.8142E-04
  3.1677E+01  4.3022E-04
  3.1689E+01  3.8266E-04
  3.1701E+01  3.3874E-04
  3.1713E+01  2.9841E-04
  3.1725E+01  2.6159E-04
  3.1737E+01  2.2817E-04
  3.1749E+01  1.9800E-04
  3.1761E+01  1.7095E-04
  3.1773E+01  1.4685E-04
  3.1785E+01  1.2555E-04
  3.1797E+01  1.0687E-04
  3.1808E+01  9.0636E-05
  3.1820E+01  7.6682E-05
  3.1832E+01  6.4836E-05
  3.1844E+01  5.4930E-05
  3.1856E+01  4.6802E-05
  3.1868E+01  4.0293E-05
  3.1880E+01  3.5251E-05
  3.1892E+01  3.1524E-05
  3.1904E+01  2.8965E-05
  3.1916E+01  2.7426E-05
  3.1928E+01  2.6757E-05
  3.1939E+01  2.6808E-05
  3.1951E+01  2.7425E-05
  3.1963E+01  2.8454E-05
  3.1975E+01  2.9743E-05
  3.1987E+01  3.1147E-05
  3.1999E+01  3.2530E-05
  3.2011E+01  3.3779E-05
  3.2023E+01  3.4802E-05
  3.2035E+01  3.5544E-05
  3.2047E+01  3.5988E-05
  3.2059E+01  3.6162E-05
  3.2070E+01  3.6140E-05
  3.2082E+01  3.6045E-05
  3.2094E+01  3.6044E-05
  3.2106E+01  3.6339E-05
  3.2118E+01  3.7164E-05
  3.2130E+01  3.8768E-05
  3.2142E+01  4.1401E-05
  3.2154E+01  4.5302E-05
  3.2166E+01  5.0683E-05
  3.2178E+01  5.7713E-05
  3.2190E+01  6.6509E-05
  3.2201E+01  7.7125E-05
  3.2213E+01  8.9546E-05
  3.2225E+01  1.0368E-04
  3.2237E+01  1.1937E-04
  3.2249E+01  1.3640E-04
  3.2261E+01  1.5446E-04
  3.2273E+01  1.7323E-04
  3.2285E+01  1.9232E-04
  3.2297E+01  2.1136E-04
  3.2309E+01  2.2992E-04
  3.2321E+01  2.4762E-04
  3.2332E+01  2.6407E-04
  3.2344E+01  2.7894E-04
  3.2356E+01  2.9192E-04
  3.2368E+01  3.0277E-04
  3.2380E+01  3.1130E-04
  3.2392E+01  3.1737E-04
  3.2404E+01  3.2093E-04
  3.2416E+01  3.2195E-04
  3.2428E+01  3.2049E-04
  3.2440E+01  3.1664E-04
  3.2452E+01  3.1054E-04
  3.2463E+01  3.0238E-04
  3.2475E+01  2.9237E-04
  3.2487E+01  2.8076E-04
  3.2499E+01  2.6780E-04
  3.2511E+01  2.5376E-04
  3.2523E+01  2.3891E-04
  3.2535E+01  2.2353E-04
  3.2547E+01  2.0786E-04
  3.2559E+01  1.9215E-04
  3.2571E+01  1.7662E-04
  3.2583E+01  1.6145E-04
  3.2594E+01  1.4679E-04
  3.2606E+01  1.3278E-04
  3.2618E+01  1.1950E-04
  3.2630E+01  1.0703E-04
  3.2642E+01  9.5394E-05
  3.2654E+01  8.4611E-05
  3.2666E+01  7.4679E-05
  3.2678E+01  6.5584E-05
  3.2690E+01  5.7302E-05
  3.2702E+01  4.9808E-05
  3.2714E+01  4.3075E-05
  3.2725E+01  3.7077E-05
  3.2737E+01  3.1793E-05
  3.2749E+01  2.7201E-05
  3.2761E+01  2.3281E-05
  3.2773E+01  2.0010E-05
  3.2785E+01  1.7361E-05
  3.2797E+01  1.5301E-05
  3.2809E+01  1.3787E-05
  3.2821E+01  1.2766E-05
  3.2833E+01  1.2174E-05
  3.2845E+01  1.1939E-05
  3.2856E+01  1.1983E-05
  3.2868E+01  1.2224E-05
  3.2880E+01  1.2583E-05
  3.2892E+01  1.2986E-05
  3.2904E+01  1.3373E-05
  3.2916E+01  1.3699E-05
  3.2928E+01  1.3940E-05
  3.2940E+01  1.4094E-05
  3.2952E+01  1.4181E-05
  3.2964E+01  1.4246E-05
  3.2976E+01  1.4352E-05
  3.2987E+01  1.4578E-05
  3.2999E+01  1.5015E-05
  3.3011E+01  1.5757E-05
  3.3023E+01  1.6899E-05
  3.3035E+01  1.8529E-05
  3.3047E+01  2.0727E-05
  3.3059E+01  2.3559E-05
  3.3071E+01  2.7078E-05
  3.3083E+01  3.1321E-05
  3.3095E+01  3.6317E-05
  3.3106E+01  4.2083E-05
  3.3118E+01  4.8631E-05
  3.3130E+01  5.5970E-05
  3.3142E+01  6.4107E-05
  3.3154E+01  7.3048E-05
  3.3166E+01  8.2800E-05
  3.3178E+01  9.3364E-05
  3.3190E+01  1.0474E-04
  3.3202E+01  1.1689E-04
  3.3214E+01  1.2979E-04
  3.3226E+01  1.4337E-04
  3.3237E+01  1.5751E-04
  3.3249E+01  1.7207E-04
  3.3261E+01  1.8685E-04
  3.3273E+01  2.0162E-04
  3.3285E+01  2.1609E-04
  3.3297E+01  2.2994E-04
  3.3309E+01  2.4284E-04
  3.3321E+01  2.5443E-04
  3.3333E+01  2.6435E-04
  3.3345E+01  2.7228E-04
  3.3357E+01  2.7793E-04
  3.3368E+01  2.8107E-04
  3.3380E+01  2.8155E-04
  3.3392E+01  2.7930E-04
  3.3404E+01  2.7435E-04
  3.3416E+01  2.6682E-04
  3.3428E+01  2.5691E-04
  3.3440E+01  2.4493E-04
  3.3452E+01  2.3122E-04
  3.3464E+01  2.1619E-04
  3.3476E+01  2.0027E-04
  3.3488E+01  1.8390E-04
  3.3499E+01  1.6748E-04
  3.3511E+01  1.5138E-04
  3.3523E+01  1.3592E-04
  3.3535E+01  1.2136E-04
  3.3547E+01  1.0787E-04
  3.3559E+01  9.5551E-05
  3.3571E+01  8.4455E-05
  3.3583E+01  7.4556E-05
  3.3595E+01  6.5789E-05
  3.3607E+01  5.8056E-05
  3.3619E+01  5.1240E-05
  3.3630E+01  4.5222E-05
  3.3642E+01  3.9890E-05
  3.3654E+01  3.5149E-05
  3.3666E+01  3.0927E-05
  3.3678E+01  2.7174E-05
  3.3690E+01  2.3864E-05
  3.3702E+01  2.0985E-05
  3.3714E+01  1.8538E-05
  3.3726E+01  1.6523E-05
  3.3738E+01  1.4938E-05
  3.3750E+01  1.3764E-05
  3.3761E+01  1.2969E-05
  3.3773E+01  1.2499E-05
  3.3785E+01  1.2286E-05
  3.3797E+01  1.2246E-05
  3.3809E+01  1.2291E-05
  3.3821E+01  1.2335E-05
  3.3833E+01  1.2304E-05
  3.3845E+01  1.2144E-05
  3.3857E+01  1.1830E-05
  3.3869E+01  1.1371E-05
  3.3881E+01  1.0810E-05
  3.3892E+01  1.0226E-05
  3.3904E+01  9.7239E-06
  3.3916E+01  9.4314E-06
  3.3928E+01  9.4849E-06
  3.3940E+01  1.0019E-05
  3.3952E+01  1.1157E-05
  3.3964E+01  1.2996E-05
  3.3976E+01  1.5606E-05
  3.3988E+01  1.9020E-05
  3.4000E+01  2.3240E-05
  3.4012E+01  2.8239E-05
  3.4023E+01  3.3970E-05
  3.4035E+01  4.0378E-05
  3.4047E+01  4.7418E-05
  3.4059E+01  5.5063E-05
  3.4071E+01  6.3321E-05
  3.4083E+01  7.2246E-05
  3.4095E+01  8.1938E-05
  3.4107E+01  9.2546E-05
  3.4119E+01  1.0426E-04
  3.4131E+01  1.1730E-04
  3.4143E+01  1.3187E-04
  3.4154E+01  1.4818E-04
  3.4166E+01  1.6638E-04
  3.4178E+01  1.8654E-04
  3.4190E+01  2.0863E-04
  3.4202E+01  2.3247E-04
  3.4214E+01  2.5778E-04
  3.4226E+01  2.8410E-04
  3.4238E+01  3.1084E-04
  3.4250E+01  3.3727E-04
  3.4262E+01  3.6260E-04
  3.4274E+01  3.8593E-04
  3.4285E+01  4.0640E-04
  3.4297E+01  4.2314E-04
  3.4309E+01  4.3540E-04
  3.4321E+01  4.4258E-04
  3.4333E+01  4.4424E-04
  3.4345E+01  4.4017E-04
  3.4357E+01  4.3041E-04
  3.4369E+01  4.1522E-04
  3.4381E+01  3.9513E-04
  3.4393E+01  3.7085E-04
  3.4405E+01  3.4328E-04
  3.4416E+01  3.1344E-04
  3.4428E+01  2.8241E-04
  3.4440E+01  2.5128E-04
  3.4452E+01  2.2109E-04
  3.4464E+01  1.9275E-04
  3.4476E+01  1.6703E-04
  3.4488E+01  1.4448E-04
  3.4500E+01  1.2545E-04
  3.4512E+01  1.1006E-04
  3.4524E+01  9.8191E-05
  3.4536E+01  8.9555E-05
  3.4547E+01  8.3686E-05
  3.4559E+01  8.0006E-05
  3.4571E+01  7.7874E-05
  3.4583E+01  7.6638E-05
  3.4595E+01  7.5685E-05
  3.4607E+01  7.4490E-05
  3.4619E+01  7.2649E-05
  3.4631E+01  6.9901E-05
  3.4643E+01  6.6143E-05
  3.4655E+01  6.1423E-05
  3.4667E+01  5.5926E-05
  3.4678E+01  4.9946E-05
  3.4690E+01  4.3856E-05
  3.4702E+01  3.8061E-05
  3.4714E+01  3.2962E-05
  3.4726E+01  2.8914E-05
  3.4738E+01  2.6195E-05
  3.4750E+01  2.4976E-05
  3.4762E+01  2.5308E-05
  3.4774E+01  2.7118E-05
  3.4786E+01  3.0214E-05
  3.4798E+01  3.4308E-05
  3.4809E+01  3.9038E-05
  3.4821E+01  4.4004E-05
  3.4833E+01  4.8806E-05
  3.4845E+01  5.3079E-05
  3.4857E+01  5.6527E-05
  3.4869E+01  5.8954E-05
  3.4881E+01  6.0282E-05
  3.4893E+01  6.0562E-05
  3.4905E+01  5.9972E-05
  3.4917E+01  5.8811E-05
  3.4929E+01  5.7471E-05
  3.4940E+01  5.6415E-05
  3.4952E+01  5.6136E-05
  3.4964E+01  5.7124E-05
  3.4976E+01  5.9826E-05
  3.4988E+01  6.4607E-05
  3.5000E+01  7.1726E-05
