  Nz=Nparall      Px    
 -3.5000E+01  6.2155E-05
 -3.4988E+01  6.1147E-05
 -3.4976E+01  5.9815E-05
 -3.4964E+01  5.8165E-05
 -3.4952E+01  5.6207E-05
 -3.4940E+01  5.3950E-05
 -3.4929E+01  5.1410E-05
 -3.4917E+01  4.8606E-05
 -3.4905E+01  4.5566E-05
 -3.4893E+01  4.2327E-05
 -3.4881E+01  3.8933E-05
 -3.4869E+01  3.5440E-05
 -3.4857E+01  3.1912E-05
 -3.4845E+01  2.8419E-05
 -3.4833E+01  2.5038E-05
 -3.4821E+01  2.1844E-05
 -3.4809E+01  1.8910E-05
 -3.4798E+01  1.6303E-05
 -3.4786E+01  1.4075E-05
 -3.4774E+01  1.2266E-05
 -3.4762E+01  1.0895E-05
 -3.4750E+01  9.9609E-06
 -3.4738E+01  9.4411E-06
 -3.4726E+01  9.2925E-06
 -3.4714E+01  9.4535E-06
 -3.4702E+01  9.8485E-06
 -3.4690E+01  1.0392E-05
 -3.4678E+01  1.0994E-05
 -3.4667E+01  1.1570E-05
 -3.4655E+01  1.2039E-05
 -3.4643E+01  1.2339E-05
 -3.4631E+01  1.2422E-05
 -3.4619E+01  1.2265E-05
 -3.4607E+01  1.1866E-05
 -3.4595E+01  1.1246E-05
 -3.4583E+01  1.0446E-05
 -3.4571E+01  9.5231E-06
 -3.4559E+01  8.5454E-06
 -3.4547E+01  7.5863E-06
 -3.4536E+01  6.7173E-06
 -3.4524E+01  6.0021E-06
 -3.4512E+01  5.4910E-06
 -3.4500E+01  5.2165E-06
 -3.4488E+01  5.1915E-06
 -3.4476E+01  5.4077E-06
 -3.4464E+01  5.8376E-06
 -3.4452E+01  6.4374E-06
 -3.4440E+01  7.1516E-06
 -3.4428E+01  7.9189E-06
 -3.4416E+01  8.6778E-06
 -3.4405E+01  9.3734E-06
 -3.4393E+01  9.9621E-06
 -3.4381E+01  1.0416E-05
 -3.4369E+01  1.0726E-05
 -3.4357E+01  1.0901E-05
 -3.4345E+01  1.0966E-05
 -3.4333E+01  1.0963E-05
 -3.4321E+01  1.0941E-05
 -3.4309E+01  1.0952E-05
 -3.4297E+01  1.1048E-05
 -3.4285E+01  1.1269E-05
 -3.4274E+01  1.1643E-05
 -3.4262E+01  1.2180E-05
 -3.4250E+01  1.2874E-05
 -3.4238E+01  1.3698E-05
 -3.4226E+01  1.4610E-05
 -3.4214E+01  1.5559E-05
 -3.4202E+01  1.6489E-05
 -3.4190E+01  1.7345E-05
 -3.4178E+01  1.8083E-05
 -3.4166E+01  1.8673E-05
 -3.4154E+01  1.9106E-05
 -3.4143E+01  1.9394E-05
 -3.4131E+01  1.9574E-05
 -3.4119E+01  1.9702E-05
 -3.4107E+01  1.9847E-05
 -3.4095E+01  2.0087E-05
 -3.4083E+01  2.0498E-05
 -3.4071E+01  2.1144E-05
 -3.4059E+01  2.2067E-05
 -3.4047E+01  2.3283E-05
 -3.4035E+01  2.4771E-05
 -3.4023E+01  2.6476E-05
 -3.4012E+01  2.8306E-05
 -3.4000E+01  3.0141E-05
 -3.3988E+01  3.1839E-05
 -3.3976E+01  3.3250E-05
 -3.3964E+01  3.4227E-05
 -3.3952E+01  3.4644E-05
 -3.3940E+01  3.4406E-05
 -3.3928E+01  3.3464E-05
 -3.3916E+01  3.1822E-05
 -3.3904E+01  2.9542E-05
 -3.3892E+01  2.6742E-05
 -3.3881E+01  2.3589E-05
 -3.3869E+01  2.0290E-05
 -3.3857E+01  1.7070E-05
 -3.3845E+01  1.4162E-05
 -3.3833E+01  1.1776E-05
 -3.3821E+01  1.0087E-05
 -3.3809E+01  9.2149E-06
 -3.3797E+01  9.2108E-06
 -3.3785E+01  1.0050E-05
 -3.3773E+01  1.1632E-05
 -3.3761E+01  1.3787E-05
 -3.3750E+01  1.6289E-05
 -3.3738E+01  1.8876E-05
 -3.3726E+01  2.1275E-05
 -3.3714E+01  2.3225E-05
 -3.3702E+01  2.4509E-05
 -3.3690E+01  2.4973E-05
 -3.3678E+01  2.4548E-05
 -3.3666E+01  2.3260E-05
 -3.3654E+01  2.1235E-05
 -3.3642E+01  1.8691E-05
 -3.3630E+01  1.5923E-05
 -3.3619E+01  1.3279E-05
 -3.3607E+01  1.1131E-05
 -3.3595E+01  9.8375E-06
 -3.3583E+01  9.7135E-06
 -3.3571E+01  1.0997E-05
 -3.3559E+01  1.3823E-05
 -3.3547E+01  1.8210E-05
 -3.3535E+01  2.4054E-05
 -3.3523E+01  3.1136E-05
 -3.3511E+01  3.9143E-05
 -3.3499E+01  4.7700E-05
 -3.3488E+01  5.6412E-05
 -3.3476E+01  6.4912E-05
 -3.3464E+01  7.2907E-05
 -3.3452E+01  8.0229E-05
 -3.3440E+01  8.6874E-05
 -3.3428E+01  9.3023E-05
 -3.3416E+01  9.9061E-05
 -3.3404E+01  1.0556E-04
 -3.3392E+01  1.1327E-04
 -3.3380E+01  1.2305E-04
 -3.3368E+01  1.3581E-04
 -3.3357E+01  1.5247E-04
 -3.3345E+01  1.7383E-04
 -3.3333E+01  2.0053E-04
 -3.3321E+01  2.3292E-04
 -3.3309E+01  2.7107E-04
 -3.3297E+01  3.1463E-04
 -3.3285E+01  3.6291E-04
 -3.3273E+01  4.1479E-04
 -3.3261E+01  4.6881E-04
 -3.3249E+01  5.2320E-04
 -3.3237E+01  5.7598E-04
 -3.3226E+01  6.2508E-04
 -3.3214E+01  6.6843E-04
 -3.3202E+01  7.0411E-04
 -3.3190E+01  7.3046E-04
 -3.3178E+01  7.4619E-04
 -3.3166E+01  7.5047E-04
 -3.3154E+01  7.4302E-04
 -3.3142E+01  7.2407E-04
 -3.3130E+01  6.9443E-04
 -3.3118E+01  6.5537E-04
 -3.3106E+01  6.0861E-04
 -3.3095E+01  5.5620E-04
 -3.3083E+01  5.0039E-04
 -3.3071E+01  4.4348E-04
 -3.3059E+01  3.8772E-04
 -3.3047E+01  3.3516E-04
 -3.3035E+01  2.8753E-04
 -3.3023E+01  2.4615E-04
 -3.3011E+01  2.1187E-04
 -3.2999E+01  1.8505E-04
 -3.2987E+01  1.6554E-04
 -3.2976E+01  1.5275E-04
 -3.2964E+01  1.4570E-04
 -3.2952E+01  1.4313E-04
 -3.2940E+01  1.4361E-04
 -3.2928E+01  1.4565E-04
 -3.2916E+01  1.4785E-04
 -3.2904E+01  1.4896E-04
 -3.2892E+01  1.4802E-04
 -3.2880E+01  1.4438E-04
 -3.2868E+01  1.3776E-04
 -3.2856E+01  1.2825E-04
 -3.2845E+01  1.1628E-04
 -3.2833E+01  1.0255E-04
 -3.2821E+01  8.8004E-05
 -3.2809E+01  7.3677E-05
 -3.2797E+01  6.0638E-05
 -3.2785E+01  4.9878E-05
 -3.2773E+01  4.2223E-05
 -3.2761E+01  3.8260E-05
 -3.2749E+01  3.8292E-05
 -3.2737E+01  4.2306E-05
 -3.2725E+01  4.9983E-05
 -3.2714E+01  6.0723E-05
 -3.2702E+01  7.3701E-05
 -3.2690E+01  8.7940E-05
 -3.2678E+01  1.0239E-04
 -3.2666E+01  1.1603E-04
 -3.2654E+01  1.2795E-04
 -3.2642E+01  1.3741E-04
 -3.2630E+01  1.4397E-04
 -3.2618E+01  1.4744E-04
 -3.2606E+01  1.4799E-04
 -3.2594E+01  1.4609E-04
 -3.2583E+01  1.4251E-04
 -3.2571E+01  1.3828E-04
 -3.2559E+01  1.3457E-04
 -3.2547E+01  1.3266E-04
 -3.2535E+01  1.3384E-04
 -3.2523E+01  1.3930E-04
 -3.2511E+01  1.5006E-04
 -3.2499E+01  1.6692E-04
 -3.2487E+01  1.9035E-04
 -3.2475E+01  2.2051E-04
 -3.2463E+01  2.5720E-04
 -3.2452E+01  2.9987E-04
 -3.2440E+01  3.4768E-04
 -3.2428E+01  3.9949E-04
 -3.2416E+01  4.5396E-04
 -3.2404E+01  5.0960E-04
 -3.2392E+01  5.6485E-04
 -3.2380E+01  6.1814E-04
 -3.2368E+01  6.6799E-04
 -3.2356E+01  7.1306E-04
 -3.2344E+01  7.5219E-04
 -3.2332E+01  7.8446E-04
 -3.2321E+01  8.0919E-04
 -3.2309E+01  8.2601E-04
 -3.2297E+01  8.3478E-04
 -3.2285E+01  8.3563E-04
 -3.2273E+01  8.2890E-04
 -3.2261E+01  8.1513E-04
 -3.2249E+01  7.9499E-04
 -3.2237E+01  7.6928E-04
 -3.2225E+01  7.3885E-04
 -3.2213E+01  7.0456E-04
 -3.2201E+01  6.6730E-04
 -3.2190E+01  6.2791E-04
 -3.2178E+01  5.8716E-04
 -3.2166E+01  5.4577E-04
 -3.2154E+01  5.0437E-04
 -3.2142E+01  4.6350E-04
 -3.2130E+01  4.2364E-04
 -3.2118E+01  3.8514E-04
 -3.2106E+01  3.4832E-04
 -3.2094E+01  3.1339E-04
 -3.2082E+01  2.8052E-04
 -3.2070E+01  2.4980E-04
 -3.2059E+01  2.2130E-04
 -3.2047E+01  1.9504E-04
 -3.2035E+01  1.7100E-04
 -3.2023E+01  1.4914E-04
 -3.2011E+01  1.2942E-04
 -3.1999E+01  1.1176E-04
 -3.1987E+01  9.6090E-05
 -3.1975E+01  8.2327E-05
 -3.1963E+01  7.0387E-05
 -3.1951E+01  6.0180E-05
 -3.1939E+01  5.1611E-05
 -3.1928E+01  4.4582E-05
 -3.1916E+01  3.8987E-05
 -3.1904E+01  3.4714E-05
 -3.1892E+01  3.1640E-05
 -3.1880E+01  2.9634E-05
 -3.1868E+01  2.8556E-05
 -3.1856E+01  2.8256E-05
 -3.1844E+01  2.8581E-05
 -3.1832E+01  2.9373E-05
 -3.1820E+01  3.0474E-05
 -3.1808E+01  3.1734E-05
 -3.1797E+01  3.3015E-05
 -3.1785E+01  3.4195E-05
 -3.1773E+01  3.5177E-05
 -3.1761E+01  3.5890E-05
 -3.1749E+01  3.6298E-05
 -3.1737E+01  3.6400E-05
 -3.1725E+01  3.6235E-05
 -3.1713E+01  3.5878E-05
 -3.1701E+01  3.5442E-05
 -3.1689E+01  3.5070E-05
 -3.1677E+01  3.4933E-05
 -3.1666E+01  3.5224E-05
 -3.1654E+01  3.6144E-05
 -3.1642E+01  3.7897E-05
 -3.1630E+01  4.0683E-05
 -3.1618E+01  4.4682E-05
 -3.1606E+01  5.0052E-05
 -3.1594E+01  5.6918E-05
 -3.1582E+01  6.5367E-05
 -3.1570E+01  7.5443E-05
 -3.1558E+01  8.7146E-05
 -3.1546E+01  1.0043E-04
 -3.1535E+01  1.1519E-04
 -3.1523E+01  1.3129E-04
 -3.1511E+01  1.4856E-04
 -3.1499E+01  1.6676E-04
 -3.1487E+01  1.8565E-04
 -3.1475E+01  2.0496E-04
 -3.1463E+01  2.2440E-04
 -3.1451E+01  2.4365E-04
 -3.1439E+01  2.6243E-04
 -3.1427E+01  2.8043E-04
 -3.1415E+01  2.9738E-04
 -3.1404E+01  3.1302E-04
 -3.1392E+01  3.2710E-04
 -3.1380E+01  3.3942E-04
 -3.1368E+01  3.4981E-04
 -3.1356E+01  3.5813E-04
 -3.1344E+01  3.6426E-04
 -3.1332E+01  3.6812E-04
 -3.1320E+01  3.6968E-04
 -3.1308E+01  3.6891E-04
 -3.1296E+01  3.6584E-04
 -3.1284E+01  3.6050E-04
 -3.1273E+01  3.5296E-04
 -3.1261E+01  3.4332E-04
 -3.1249E+01  3.3171E-04
 -3.1237E+01  3.1826E-04
 -3.1225E+01  3.0316E-04
 -3.1213E+01  2.8660E-04
 -3.1201E+01  2.6882E-04
 -3.1189E+01  2.5006E-04
 -3.1177E+01  2.3061E-04
 -3.1165E+01  2.1075E-04
 -3.1153E+01  1.9081E-04
 -3.1142E+01  1.7112E-04
 -3.1130E+01  1.5200E-04
 -3.1118E+01  1.3379E-04
 -3.1106E+01  1.1680E-04
 -3.1094E+01  1.0131E-04
 -3.1082E+01  8.7576E-05
 -3.1070E+01  7.5791E-05
 -3.1058E+01  6.6084E-05
 -3.1046E+01  5.8513E-05
 -3.1034E+01  5.3054E-05
 -3.1022E+01  4.9603E-05
 -3.1011E+01  4.7973E-05
 -3.0999E+01  4.7904E-05
 -3.0987E+01  4.9074E-05
 -3.0975E+01  5.1118E-05
 -3.0963E+01  5.3645E-05
 -3.0951E+01  5.6265E-05
 -3.0939E+01  5.8607E-05
 -3.0927E+01  6.0346E-05
 -3.0915E+01  6.1224E-05
 -3.0903E+01  6.1062E-05
 -3.0891E+01  5.9771E-05
 -3.0880E+01  5.7360E-05
 -3.0868E+01  5.3930E-05
 -3.0856E+01  4.9667E-05
 -3.0844E+01  4.4825E-05
 -3.0832E+01  3.9704E-05
 -3.0820E+01  3.4630E-05
 -3.0808E+01  2.9927E-05
 -3.0796E+01  2.5889E-05
 -3.0784E+01  2.2763E-05
 -3.0772E+01  2.0723E-05
 -3.0760E+01  1.9865E-05
 -3.0749E+01  2.0196E-05
 -3.0737E+01  2.1637E-05
 -3.0725E+01  2.4034E-05
 -3.0713E+01  2.7170E-05
 -3.0701E+01  3.0788E-05
 -3.0689E+01  3.4613E-05
 -3.0677E+01  3.8371E-05
 -3.0665E+01  4.1820E-05
 -3.0653E+01  4.4760E-05
 -3.0641E+01  4.7051E-05
 -3.0629E+01  4.8622E-05
 -3.0618E+01  4.9469E-05
 -3.0606E+01  4.9654E-05
 -3.0594E+01  4.9290E-05
 -3.0582E+01  4.8532E-05
 -3.0570E+01  4.7554E-05
 -3.0558E+01  4.6532E-05
 -3.0546E+01  4.5631E-05
 -3.0534E+01  4.4985E-05
 -3.0522E+01  4.4691E-05
 -3.0510E+01  4.4807E-05
 -3.0498E+01  4.5348E-05
 -3.0487E+01  4.6298E-05
 -3.0475E+01  4.7615E-05
 -3.0463E+01  4.9252E-05
 -3.0451E+01  5.1162E-05
 -3.0439E+01  5.3315E-05
 -3.0427E+01  5.5707E-05
 -3.0415E+01  5.8363E-05
 -3.0403E+01  6.1335E-05
 -3.0391E+01  6.4694E-05
 -3.0379E+01  6.8521E-05
 -3.0367E+01  7.2887E-05
 -3.0356E+01  7.7835E-05
 -3.0344E+01  8.3360E-05
 -3.0332E+01  8.9394E-05
 -3.0320E+01  9.5797E-05
 -3.0308E+01  1.0235E-04
 -3.0296E+01  1.0875E-04
 -3.0284E+01  1.1466E-04
 -3.0272E+01  1.1969E-04
 -3.0260E+01  1.2343E-04
 -3.0248E+01  1.2553E-04
 -3.0236E+01  1.2567E-04
 -3.0225E+01  1.2366E-04
 -3.0213E+01  1.1942E-04
 -3.0201E+01  1.1303E-04
 -3.0189E+01  1.0472E-04
 -3.0177E+01  9.4879E-05
 -3.0165E+01  8.4028E-05
 -3.0153E+01  7.2795E-05
 -3.0141E+01  6.1859E-05
 -3.0129E+01  5.1905E-05
 -3.0117E+01  4.3562E-05
 -3.0105E+01  3.7348E-05
 -3.0094E+01  3.3621E-05
 -3.0082E+01  3.2541E-05
 -3.0070E+01  3.4048E-05
 -3.0058E+01  3.7863E-05
 -3.0046E+01  4.3503E-05
 -3.0034E+01  5.0321E-05
 -3.0022E+01  5.7561E-05
 -3.0010E+01  6.4420E-05
 -2.9998E+01  7.0128E-05
 -2.9986E+01  7.4020E-05
 -2.9974E+01  7.5599E-05
 -2.9963E+01  7.4600E-05
 -2.9951E+01  7.1013E-05
 -2.9939E+01  6.5106E-05
 -2.9927E+01  5.7404E-05
 -2.9915E+01  4.8653E-05
 -2.9903E+01  3.9755E-05
 -2.9891E+01  3.1693E-05
 -2.9879E+01  2.5435E-05
 -2.9867E+01  2.1845E-05
 -2.9855E+01  2.1596E-05
 -2.9843E+01  2.5100E-05
 -2.9832E+01  3.2464E-05
 -2.9820E+01  4.3471E-05
 -2.9808E+01  5.7598E-05
 -2.9796E+01  7.4062E-05
 -2.9784E+01  9.1901E-05
 -2.9772E+01  1.1007E-04
 -2.9760E+01  1.2756E-04
 -2.9748E+01  1.4353E-04
 -2.9736E+01  1.5739E-04
 -2.9724E+01  1.6895E-04
 -2.9712E+01  1.7843E-04
 -2.9701E+01  1.8653E-04
 -2.9689E+01  1.9441E-04
 -2.9677E+01  2.0360E-04
 -2.9665E+01  2.1593E-04
 -2.9653E+01  2.3338E-04
 -2.9641E+01  2.5790E-04
 -2.9629E+01  2.9123E-04
 -2.9617E+01  3.3472E-04
 -2.9605E+01  3.8917E-04
 -2.9593E+01  4.5468E-04
 -2.9581E+01  5.3057E-04
 -2.9570E+01  6.1536E-04
 -2.9558E+01  7.0675E-04
 -2.9546E+01  8.0174E-04
 -2.9534E+01  8.9678E-04
 -2.9522E+01  9.8794E-04
 -2.9510E+01  1.0712E-03
 -2.9498E+01  1.1426E-03
 -2.9486E+01  1.1986E-03
 -2.9474E+01  1.2364E-03
 -2.9462E+01  1.2540E-03
 -2.9450E+01  1.2503E-03
 -2.9439E+01  1.2255E-03
 -2.9427E+01  1.1807E-03
 -2.9415E+01  1.1181E-03
 -2.9403E+01  1.0410E-03
 -2.9391E+01  9.5317E-04
 -2.9379E+01  8.5886E-04
 -2.9367E+01  7.6251E-04
 -2.9355E+01  6.6845E-04
 -2.9343E+01  5.8059E-04
 -2.9331E+01  5.0220E-04
 -2.9319E+01  4.3571E-04
 -2.9308E+01  3.8262E-04
 -2.9296E+01  3.4337E-04
 -2.9284E+01  3.1747E-04
 -2.9272E+01  3.0348E-04
 -2.9260E+01  2.9926E-04
 -2.9248E+01  3.0213E-04
 -2.9236E+01  3.0910E-04
 -2.9224E+01  3.1720E-04
 -2.9212E+01  3.2366E-04
 -2.9200E+01  3.2616E-04
 -2.9188E+01  3.2300E-04
 -2.9177E+01  3.1322E-04
 -2.9165E+01  2.9667E-04
 -2.9153E+01  2.7395E-04
 -2.9141E+01  2.4636E-04
 -2.9129E+01  2.1575E-04
 -2.9117E+01  1.8433E-04
 -2.9105E+01  1.5448E-04
 -2.9093E+01  1.2850E-04
 -2.9081E+01  1.0843E-04
 -2.9069E+01  9.5849E-05
 -2.9058E+01  9.1762E-05
 -2.9046E+01  9.6480E-05
 -2.9034E+01  1.0961E-04
 -2.9022E+01  1.3011E-04
 -2.9010E+01  1.5633E-04
 -2.8998E+01  1.8622E-04
 -2.8986E+01  2.1748E-04
 -2.8974E+01  2.4774E-04
 -2.8962E+01  2.7481E-04
 -2.8950E+01  2.9684E-04
 -2.8938E+01  3.1249E-04
 -2.8927E+01  3.2105E-04
 -2.8915E+01  3.2252E-04
 -2.8903E+01  3.1760E-04
 -2.8891E+01  3.0767E-04
 -2.8879E+01  2.9468E-04
 -2.8867E+01  2.8104E-04
 -2.8855E+01  2.6940E-04
 -2.8843E+01  2.6252E-04
 -2.8831E+01  2.6302E-04
 -2.8819E+01  2.7325E-04
 -2.8807E+01  2.9504E-04
 -2.8796E+01  3.2967E-04
 -2.8784E+01  3.7769E-04
 -2.8772E+01  4.3894E-04
 -2.8760E+01  5.1254E-04
 -2.8748E+01  5.9694E-04
 -2.8736E+01  6.9000E-04
 -2.8724E+01  7.8917E-04
 -2.8712E+01  8.9156E-04
 -2.8700E+01  9.9416E-04
 -2.8688E+01  1.0940E-03
 -2.8676E+01  1.1881E-03
 -2.8665E+01  1.2740E-03
 -2.8653E+01  1.3494E-03
 -2.8641E+01  1.4126E-03
 -2.8629E+01  1.4623E-03
 -2.8617E+01  1.4976E-03
 -2.8605E+01  1.5184E-03
 -2.8593E+01  1.5249E-03
 -2.8581E+01  1.5175E-03
 -2.8569E+01  1.4973E-03
 -2.8557E+01  1.4654E-03
 -2.8545E+01  1.4233E-03
 -2.8534E+01  1.3724E-03
 -2.8522E+01  1.3142E-03
 -2.8510E+01  1.2503E-03
 -2.8498E+01  1.1822E-03
 -2.8486E+01  1.1111E-03
 -2.8474E+01  1.0383E-03
 -2.8462E+01  9.6486E-04
 -2.8450E+01  8.9177E-04
 -2.8438E+01  8.1982E-04
 -2.8426E+01  7.4971E-04
 -2.8414E+01  6.8199E-04
 -2.8403E+01  6.1715E-04
 -2.8391E+01  5.5554E-04
 -2.8379E+01  4.9746E-04
 -2.8367E+01  4.4310E-04
 -2.8355E+01  3.9259E-04
 -2.8343E+01  3.4601E-04
 -2.8331E+01  3.0336E-04
 -2.8319E+01  2.6461E-04
 -2.8307E+01  2.2969E-04
 -2.8295E+01  1.9847E-04
 -2.8283E+01  1.7083E-04
 -2.8272E+01  1.4664E-04
 -2.8260E+01  1.2573E-04
 -2.8248E+01  1.0796E-04
 -2.8236E+01  9.3169E-05
 -2.8224E+01  8.1193E-05
 -2.8212E+01  7.1865E-05
 -2.8200E+01  6.5006E-05
 -2.8188E+01  6.0414E-05
 -2.8176E+01  5.7865E-05
 -2.8164E+01  5.7103E-05
 -2.8152E+01  5.7840E-05
 -2.8141E+01  5.9759E-05
 -2.8129E+01  6.2518E-05
 -2.8117E+01  6.5761E-05
 -2.8105E+01  6.9131E-05
 -2.8093E+01  7.2288E-05
 -2.8081E+01  7.4928E-05
 -2.8069E+01  7.6801E-05
 -2.8057E+01  7.7728E-05
 -2.8045E+01  7.7618E-05
 -2.8033E+01  7.6475E-05
 -2.8021E+01  7.4407E-05
 -2.8010E+01  7.1617E-05
 -2.7998E+01  6.8401E-05
 -2.7986E+01  6.5131E-05
 -2.7974E+01  6.2233E-05
 -2.7962E+01  6.0161E-05
 -2.7950E+01  5.9375E-05
 -2.7938E+01  6.0306E-05
 -2.7926E+01  6.3331E-05
 -2.7914E+01  6.8751E-05
 -2.7902E+01  7.6770E-05
 -2.7890E+01  8.7483E-05
 -2.7879E+01  1.0087E-04
 -2.7867E+01  1.1681E-04
 -2.7855E+01  1.3505E-04
 -2.7843E+01  1.5530E-04
 -2.7831E+01  1.7714E-04
 -2.7819E+01  2.0016E-04
 -2.7807E+01  2.2387E-04
 -2.7795E+01  2.4783E-04
 -2.7783E+01  2.7157E-04
 -2.7771E+01  2.9468E-04
 -2.7759E+01  3.1678E-04
 -2.7748E+01  3.3754E-04
 -2.7736E+01  3.5671E-04
 -2.7724E+01  3.7408E-04
 -2.7712E+01  3.8950E-04
 -2.7700E+01  4.0288E-04
 -2.7688E+01  4.1416E-04
 -2.7676E+01  4.2334E-04
 -2.7664E+01  4.3043E-04
 -2.7652E+01  4.3547E-04
 -2.7640E+01  4.3851E-04
 -2.7628E+01  4.3961E-04
 -2.7617E+01  4.3882E-04
 -2.7605E+01  4.3619E-04
 -2.7593E+01  4.3178E-04
 -2.7581E+01  4.2561E-04
 -2.7569E+01  4.1772E-04
 -2.7557E+01  4.0814E-04
 -2.7545E+01  3.9689E-04
 -2.7533E+01  3.8401E-04
 -2.7521E+01  3.6954E-04
 -2.7509E+01  3.5354E-04
 -2.7497E+01  3.3610E-04
 -2.7486E+01  3.1732E-04
 -2.7474E+01  2.9736E-04
 -2.7462E+01  2.7643E-04
 -2.7450E+01  2.5475E-04
 -2.7438E+01  2.3262E-04
 -2.7426E+01  2.1038E-04
 -2.7414E+01  1.8838E-04
 -2.7402E+01  1.6704E-04
 -2.7390E+01  1.4677E-04
 -2.7378E+01  1.2798E-04
 -2.7366E+01  1.1105E-04
 -2.7355E+01  9.6344E-05
 -2.7343E+01  8.4130E-05
 -2.7331E+01  7.4605E-05
 -2.7319E+01  6.7857E-05
 -2.7307E+01  6.3853E-05
 -2.7295E+01  6.2439E-05
 -2.7283E+01  6.3335E-05
 -2.7271E+01  6.6146E-05
 -2.7259E+01  7.0387E-05
 -2.7247E+01  7.5504E-05
 -2.7235E+01  8.0913E-05
 -2.7224E+01  8.6036E-05
 -2.7212E+01  9.0344E-05
 -2.7200E+01  9.3389E-05
 -2.7188E+01  9.4843E-05
 -2.7176E+01  9.4521E-05
 -2.7164E+01  9.2389E-05
 -2.7152E+01  8.8575E-05
 -2.7140E+01  8.3350E-05
 -2.7128E+01  7.7113E-05
 -2.7116E+01  7.0355E-05
 -2.7104E+01  6.3620E-05
 -2.7093E+01  5.7459E-05
 -2.7081E+01  5.2390E-05
 -2.7069E+01  4.8850E-05
 -2.7057E+01  4.7167E-05
 -2.7045E+01  4.7530E-05
 -2.7033E+01  4.9982E-05
 -2.7021E+01  5.4420E-05
 -2.7009E+01  6.0616E-05
 -2.6997E+01  6.8238E-05
 -2.6985E+01  7.6897E-05
 -2.6973E+01  8.6184E-05
 -2.6962E+01  9.5718E-05
 -2.6950E+01  1.0519E-04
 -2.6938E+01  1.1438E-04
 -2.6926E+01  1.2320E-04
 -2.6914E+01  1.3169E-04
 -2.6902E+01  1.4001E-04
 -2.6890E+01  1.4842E-04
 -2.6878E+01  1.5723E-04
 -2.6866E+01  1.6681E-04
 -2.6854E+01  1.7746E-04
 -2.6842E+01  1.8942E-04
 -2.6831E+01  2.0283E-04
 -2.6819E+01  2.1764E-04
 -2.6807E+01  2.3368E-04
 -2.6795E+01  2.5056E-04
 -2.6783E+01  2.6777E-04
 -2.6771E+01  2.8467E-04
 -2.6759E+01  3.0055E-04
 -2.6747E+01  3.1467E-04
 -2.6735E+01  3.2634E-04
 -2.6723E+01  3.3499E-04
 -2.6711E+01  3.4019E-04
 -2.6700E+01  3.4171E-04
 -2.6688E+01  3.3953E-04
 -2.6676E+01  3.3387E-04
 -2.6664E+01  3.2514E-04
 -2.6652E+01  3.1392E-04
 -2.6640E+01  3.0092E-04
 -2.6628E+01  2.8688E-04
 -2.6616E+01  2.7254E-04
 -2.6604E+01  2.5858E-04
 -2.6592E+01  2.4550E-04
 -2.6580E+01  2.3364E-04
 -2.6569E+01  2.2313E-04
 -2.6557E+01  2.1389E-04
 -2.6545E+01  2.0565E-04
 -2.6533E+01  1.9798E-04
 -2.6521E+01  1.9037E-04
 -2.6509E+01  1.8231E-04
 -2.6497E+01  1.7331E-04
 -2.6485E+01  1.6303E-04
 -2.6473E+01  1.5129E-04
 -2.6461E+01  1.3813E-04
 -2.6449E+01  1.2382E-04
 -2.6438E+01  1.0885E-04
 -2.6426E+01  9.3879E-05
 -2.6414E+01  7.9689E-05
 -2.6402E+01  6.7098E-05
 -2.6390E+01  5.6874E-05
 -2.6378E+01  4.9647E-05
 -2.6366E+01  4.5831E-05
 -2.6354E+01  4.5561E-05
 -2.6342E+01  4.8667E-05
 -2.6330E+01  5.4664E-05
 -2.6318E+01  6.2794E-05
 -2.6307E+01  7.2081E-05
 -2.6295E+01  8.1430E-05
 -2.6283E+01  8.9732E-05
 -2.6271E+01  9.5983E-05
 -2.6259E+01  9.9396E-05
 -2.6247E+01  9.9503E-05
 -2.6235E+01  9.6223E-05
 -2.6223E+01  8.9900E-05
 -2.6211E+01  8.1302E-05
 -2.6199E+01  7.1571E-05
 -2.6187E+01  6.2139E-05
 -2.6176E+01  5.4604E-05
 -2.6164E+01  5.0592E-05
 -2.6152E+01  5.1598E-05
 -2.6140E+01  5.8851E-05
 -2.6128E+01  7.3186E-05
 -2.6116E+01  9.4964E-05
 -2.6104E+01  1.2405E-04
 -2.6092E+01  1.5981E-04
 -2.6080E+01  2.0125E-04
 -2.6068E+01  2.4709E-04
 -2.6056E+01  2.9599E-04
 -2.6045E+01  3.4675E-04
 -2.6033E+01  3.9852E-04
 -2.6021E+01  4.5100E-04
 -2.6009E+01  5.0460E-04
 -2.5997E+01  5.6057E-04
 -2.5985E+01  6.2103E-04
 -2.5973E+01  6.8888E-04
 -2.5961E+01  7.6770E-04
 -2.5949E+01  8.6147E-04
 -2.5937E+01  9.7428E-04
 -2.5925E+01  1.1100E-03
 -2.5914E+01  1.2717E-03
 -2.5902E+01  1.4616E-03
 -2.5890E+01  1.6802E-03
 -2.5878E+01  1.9267E-03
 -2.5866E+01  2.1980E-03
 -2.5854E+01  2.4892E-03
 -2.5842E+01  2.7936E-03
 -2.5830E+01  3.1027E-03
 -2.5818E+01  3.4066E-03
 -2.5806E+01  3.6947E-03
 -2.5794E+01  3.9559E-03
 -2.5783E+01  4.1794E-03
 -2.5771E+01  4.3556E-03
 -2.5759E+01  4.4760E-03
 -2.5747E+01  4.5348E-03
 -2.5735E+01  4.5282E-03
 -2.5723E+01  4.4558E-03
 -2.5711E+01  4.3199E-03
 -2.5699E+01  4.1258E-03
 -2.5687E+01  3.8815E-03
 -2.5675E+01  3.5972E-03
 -2.5663E+01  3.2845E-03
 -2.5652E+01  2.9563E-03
 -2.5640E+01  2.6252E-03
 -2.5628E+01  2.3034E-03
 -2.5616E+01  2.0018E-03
 -2.5604E+01  1.7294E-03
 -2.5592E+01  1.4927E-03
 -2.5580E+01  1.2959E-03
 -2.5568E+01  1.1401E-03
 -2.5556E+01  1.0242E-03
 -2.5544E+01  9.4447E-04
 -2.5532E+01  8.9536E-04
 -2.5521E+01  8.6992E-04
 -2.5509E+01  8.6044E-04
 -2.5497E+01  8.5907E-04
 -2.5485E+01  8.5847E-04
 -2.5473E+01  8.5233E-04
 -2.5461E+01  8.3583E-04
 -2.5449E+01  8.0595E-04
 -2.5437E+01  7.6160E-04
 -2.5425E+01  7.0359E-04
 -2.5413E+01  6.3443E-04
 -2.5401E+01  5.5802E-04
 -2.5390E+01  4.7924E-04
 -2.5378E+01  4.0339E-04
 -2.5366E+01  3.3577E-04
 -2.5354E+01  2.8110E-04
 -2.5342E+01  2.4315E-04
 -2.5330E+01  2.2439E-04
 -2.5318E+01  2.2573E-04
 -2.5306E+01  2.4653E-04
 -2.5294E+01  2.8458E-04
 -2.5282E+01  3.3633E-04
 -2.5271E+01  3.9724E-04
 -2.5259E+01  4.6214E-04
 -2.5247E+01  5.2571E-04
 -2.5235E+01  5.8294E-04
 -2.5223E+01  6.2961E-04
 -2.5211E+01  6.6261E-04
 -2.5199E+01  6.8026E-04
 -2.5187E+01  6.8246E-04
 -2.5175E+01  6.7072E-04
 -2.5163E+01  6.4806E-04
 -2.5151E+01  6.1881E-04
 -2.5140E+01  5.8826E-04
 -2.5128E+01  5.6229E-04
 -2.5116E+01  5.4692E-04
 -2.5104E+01  5.4787E-04
 -2.5092E+01  5.7008E-04
 -2.5080E+01  6.1739E-04
 -2.5068E+01  6.9217E-04
 -2.5056E+01  7.9519E-04
 -2.5044E+01  9.2548E-04
 -2.5032E+01  1.0804E-03
 -2.5020E+01  1.2558E-03
 -2.5009E+01  1.4462E-03
 -2.4997E+01  1.6452E-03
 -2.4985E+01  1.8459E-03
 -2.4973E+01  2.0412E-03
 -2.4961E+01  2.2243E-03
 -2.4949E+01  2.3887E-03
 -2.4937E+01  2.5292E-03
 -2.4925E+01  2.6414E-03
 -2.4913E+01  2.7223E-03
 -2.4901E+01  2.7703E-03
 -2.4889E+01  2.7849E-03
 -2.4878E+01  2.7672E-03
 -2.4866E+01  2.7191E-03
 -2.4854E+01  2.6436E-03
 -2.4842E+01  2.5444E-03
 -2.4830E+01  2.4256E-03
 -2.4818E+01  2.2916E-03
 -2.4806E+01  2.1469E-03
 -2.4794E+01  1.9956E-03
 -2.4782E+01  1.8414E-03
 -2.4770E+01  1.6878E-03
 -2.4758E+01  1.5375E-03
 -2.4747E+01  1.3927E-03
 -2.4735E+01  1.2550E-03
 -2.4723E+01  1.1255E-03
 -2.4711E+01  1.0048E-03
 -2.4699E+01  8.9317E-04
 -2.4687E+01  7.9056E-04
 -2.4675E+01  6.9674E-04
 -2.4663E+01  6.1135E-04
 -2.4651E+01  5.3395E-04
 -2.4639E+01  4.6409E-04
 -2.4627E+01  4.0129E-04
 -2.4616E+01  3.4514E-04
 -2.4604E+01  2.9521E-04
 -2.4592E+01  2.5114E-04
 -2.4580E+01  2.1256E-04
 -2.4568E+01  1.7911E-04
 -2.4556E+01  1.5045E-04
 -2.4544E+01  1.2623E-04
 -2.4532E+01  1.0610E-04
 -2.4520E+01  8.9711E-05
 -2.4508E+01  7.6707E-05
 -2.4496E+01  6.6736E-05
 -2.4485E+01  5.9456E-05
 -2.4473E+01  5.4531E-05
 -2.4461E+01  5.1638E-05
 -2.4449E+01  5.0467E-05
 -2.4437E+01  5.0715E-05
 -2.4425E+01  5.2092E-05
 -2.4413E+01  5.4313E-05
 -2.4401E+01  5.7098E-05
 -2.4389E+01  6.0178E-05
 -2.4377E+01  6.3293E-05
 -2.4365E+01  6.6201E-05
 -2.4354E+01  6.8688E-05
 -2.4342E+01  7.0576E-05
 -2.4330E+01  7.1738E-05
 -2.4318E+01  7.2113E-05
 -2.4306E+01  7.1711E-05
 -2.4294E+01  7.0624E-05
 -2.4282E+01  6.9033E-05
 -2.4270E+01  6.7202E-05
 -2.4258E+01  6.5472E-05
 -2.4246E+01  6.4247E-05
 -2.4234E+01  6.3974E-05
 -2.4223E+01  6.5119E-05
 -2.4211E+01  6.8134E-05
 -2.4199E+01  7.3435E-05
 -2.4187E+01  8.1361E-05
 -2.4175E+01  9.2157E-05
 -2.4163E+01  1.0595E-04
 -2.4151E+01  1.2273E-04
 -2.4139E+01  1.4234E-04
 -2.4127E+01  1.6452E-04
 -2.4115E+01  1.8884E-04
 -2.4103E+01  2.1481E-04
 -2.4092E+01  2.4183E-04
 -2.4080E+01  2.6926E-04
 -2.4068E+01  2.9644E-04
 -2.4056E+01  3.2271E-04
 -2.4044E+01  3.4748E-04
 -2.4032E+01  3.7017E-04
 -2.4020E+01  3.9032E-04
 -2.4008E+01  4.0755E-04
 -2.3996E+01  4.2158E-04
 -2.3984E+01  4.3223E-04
 -2.3972E+01  4.3943E-04
 -2.3961E+01  4.4320E-04
 -2.3949E+01  4.4364E-04
 -2.3937E+01  4.4092E-04
 -2.3925E+01  4.3527E-04
 -2.3913E+01  4.2697E-04
 -2.3901E+01  4.1629E-04
 -2.3889E+01  4.0355E-04
 -2.3877E+01  3.8906E-04
 -2.3865E+01  3.7310E-04
 -2.3853E+01  3.5598E-04
 -2.3841E+01  3.3794E-04
 -2.3830E+01  3.1925E-04
 -2.3818E+01  3.0013E-04
 -2.3806E+01  2.8079E-04
 -2.3794E+01  2.6141E-04
 -2.3782E+01  2.4217E-04
 -2.3770E+01  2.2322E-04
 -2.3758E+01  2.0470E-04
 -2.3746E+01  1.8672E-04
 -2.3734E+01  1.6939E-04
 -2.3722E+01  1.5280E-04
 -2.3710E+01  1.3704E-04
 -2.3699E+01  1.2218E-04
 -2.3687E+01  1.0827E-04
 -2.3675E+01  9.5384E-05
 -2.3663E+01  8.3572E-05
 -2.3651E+01  7.2891E-05
 -2.3639E+01  6.3397E-05
 -2.3627E+01  5.5142E-05
 -2.3615E+01  4.8172E-05
 -2.3603E+01  4.2525E-05
 -2.3591E+01  3.8220E-05
 -2.3579E+01  3.5254E-05
 -2.3568E+01  3.3594E-05
 -2.3556E+01  3.3173E-05
 -2.3544E+01  3.3883E-05
 -2.3532E+01  3.5577E-05
 -2.3520E+01  3.8073E-05
 -2.3508E+01  4.1158E-05
 -2.3496E+01  4.4600E-05
 -2.3484E+01  4.8160E-05
 -2.3472E+01  5.1611E-05
 -2.3460E+01  5.4750E-05
 -2.3448E+01  5.7416E-05
 -2.3437E+01  5.9503E-05
 -2.3425E+01  6.0972E-05
 -2.3413E+01  6.1851E-05
 -2.3401E+01  6.2245E-05
 -2.3389E+01  6.2323E-05
 -2.3377E+01  6.2315E-05
 -2.3365E+01  6.2499E-05
 -2.3353E+01  6.3184E-05
 -2.3341E+01  6.4694E-05
 -2.3329E+01  6.7354E-05
 -2.3317E+01  7.1477E-05
 -2.3306E+01  7.7350E-05
 -2.3294E+01  8.5229E-05
 -2.3282E+01  9.5340E-05
 -2.3270E+01  1.0788E-04
 -2.3258E+01  1.2301E-04
 -2.3246E+01  1.4089E-04
 -2.3234E+01  1.6168E-04
 -2.3222E+01  1.8551E-04
 -2.3210E+01  2.1253E-04
 -2.3198E+01  2.4289E-04
 -2.3186E+01  2.7672E-04
 -2.3175E+01  3.1412E-04
 -2.3163E+01  3.5513E-04
 -2.3151E+01  3.9969E-04
 -2.3139E+01  4.4763E-04
 -2.3127E+01  4.9863E-04
 -2.3115E+01  5.5218E-04
 -2.3103E+01  6.0756E-04
 -2.3091E+01  6.6385E-04
 -2.3079E+01  7.1994E-04
 -2.3067E+01  7.7453E-04
 -2.3055E+01  8.2622E-04
 -2.3044E+01  8.7351E-04
 -2.3032E+01  9.1493E-04
 -2.3020E+01  9.4908E-04
 -2.3008E+01  9.7472E-04
 -2.2996E+01  9.9085E-04
 -2.2984E+01  9.9676E-04
 -2.2972E+01  9.9209E-04
 -2.2960E+01  9.7685E-04
 -2.2948E+01  9.5144E-04
 -2.2936E+01  9.1665E-04
 -2.2924E+01  8.7357E-04
 -2.2913E+01  8.2361E-04
 -2.2901E+01  7.6836E-04
 -2.2889E+01  7.0954E-04
 -2.2877E+01  6.4891E-04
 -2.2865E+01  5.8816E-04
 -2.2853E+01  5.2881E-04
 -2.2841E+01  4.7219E-04
 -2.2829E+01  4.1930E-04
 -2.2817E+01  3.7086E-04
 -2.2805E+01  3.2727E-04
 -2.2793E+01  2.8861E-04
 -2.2782E+01  2.5472E-04
 -2.2770E+01  2.2522E-04
 -2.2758E+01  1.9961E-04
 -2.2746E+01  1.7733E-04
 -2.2734E+01  1.5783E-04
 -2.2722E+01  1.4062E-04
 -2.2710E+01  1.2532E-04
 -2.2698E+01  1.1168E-04
 -2.2686E+01  9.9591E-05
 -2.2674E+01  8.9041E-05
 -2.2662E+01  8.0106E-05
 -2.2651E+01  7.2897E-05
 -2.2639E+01  6.7513E-05
 -2.2627E+01  6.3995E-05
 -2.2615E+01  6.2288E-05
 -2.2603E+01  6.2225E-05
 -2.2591E+01  6.3520E-05
 -2.2579E+01  6.5788E-05
 -2.2567E+01  6.8586E-05
 -2.2555E+01  7.1461E-05
 -2.2543E+01  7.4018E-05
 -2.2531E+01  7.5987E-05
 -2.2520E+01  7.7282E-05
 -2.2508E+01  7.8055E-05
 -2.2496E+01  7.8723E-05
 -2.2484E+01  7.9975E-05
 -2.2472E+01  8.2752E-05
 -2.2460E+01  8.8203E-05
 -2.2448E+01  9.7612E-05
 -2.2436E+01  1.1232E-04
 -2.2424E+01  1.3363E-04
 -2.2412E+01  1.6273E-04
 -2.2400E+01  2.0062E-04
 -2.2389E+01  2.4808E-04
 -2.2377E+01  3.0564E-04
 -2.2365E+01  3.7369E-04
 -2.2353E+01  4.5249E-04
 -2.2341E+01  5.4232E-04
 -2.2329E+01  6.4363E-04
 -2.2317E+01  7.5721E-04
 -2.2305E+01  8.8432E-04
 -2.2293E+01  1.0268E-03
 -2.2281E+01  1.1872E-03
 -2.2269E+01  1.3688E-03
 -2.2258E+01  1.5754E-03
 -2.2246E+01  1.8113E-03
 -2.2234E+01  2.0810E-03
 -2.2222E+01  2.3887E-03
 -2.2210E+01  2.7382E-03
 -2.2198E+01  3.1321E-03
 -2.2186E+01  3.5716E-03
 -2.2174E+01  4.0558E-03
 -2.2162E+01  4.5816E-03
 -2.2150E+01  5.1432E-03
 -2.2138E+01  5.7322E-03
 -2.2127E+01  6.3375E-03
 -2.2115E+01  6.9454E-03
 -2.2103E+01  7.5404E-03
 -2.2091E+01  8.1052E-03
 -2.2079E+01  8.6219E-03
 -2.2067E+01  9.0724E-03
 -2.2055E+01  9.4397E-03
 -2.2043E+01  9.7085E-03
 -2.2031E+01  9.8663E-03
 -2.2019E+01  9.9040E-03
 -2.2007E+01  9.8170E-03
 -2.1996E+01  9.6054E-03
 -2.1984E+01  9.2742E-03
 -2.1972E+01  8.8337E-03
 -2.1960E+01  8.2983E-03
 -2.1948E+01  7.6866E-03
 -2.1936E+01  7.0203E-03
 -2.1924E+01  6.3227E-03
 -2.1912E+01  5.6178E-03
 -2.1900E+01  4.9288E-03
 -2.1888E+01  4.2771E-03
 -2.1876E+01  3.6808E-03
 -2.1865E+01  3.1541E-03
 -2.1853E+01  2.7068E-03
 -2.1841E+01  2.3435E-03
 -2.1829E+01  2.0642E-03
 -2.1817E+01  1.8639E-03
 -2.1805E+01  1.7339E-03
 -2.1793E+01  1.6621E-03
 -2.1781E+01  1.6341E-03
 -2.1769E+01  1.6345E-03
 -2.1757E+01  1.6479E-03
 -2.1745E+01  1.6600E-03
 -2.1734E+01  1.6588E-03
 -2.1722E+01  1.6352E-03
 -2.1710E+01  1.5833E-03
 -2.1698E+01  1.5013E-03
 -2.1686E+01  1.3909E-03
 -2.1674E+01  1.2571E-03
 -2.1662E+01  1.1075E-03
 -2.1650E+01  9.5184E-04
 -2.1638E+01  8.0056E-04
 -2.1626E+01  6.6424E-04
 -2.1614E+01  5.5246E-04
 -2.1603E+01  4.7302E-04
 -2.1591E+01  4.3124E-04
 -2.1579E+01  4.2952E-04
 -2.1567E+01  4.6712E-04
 -2.1555E+01  5.4026E-04
 -2.1543E+01  6.4245E-04
 -2.1531E+01  7.6503E-04
 -2.1519E+01  8.9796E-04
 -2.1507E+01  1.0308E-03
 -2.1495E+01  1.1533E-03
 -2.1483E+01  1.2571E-03
 -2.1472E+01  1.3354E-03
 -2.1460E+01  1.3848E-03
 -2.1448E+01  1.4046E-03
 -2.1436E+01  1.3977E-03
 -2.1424E+01  1.3702E-03
 -2.1412E+01  1.3310E-03
 -2.1400E+01  1.2911E-03
 -2.1388E+01  1.2628E-03
 -2.1376E+01  1.2591E-03
 -2.1364E+01  1.2922E-03
 -2.1353E+01  1.3729E-03
 -2.1341E+01  1.5095E-03
 -2.1329E+01  1.7072E-03
 -2.1317E+01  1.9674E-03
 -2.1305E+01  2.2877E-03
 -2.1293E+01  2.6617E-03
 -2.1281E+01  3.0792E-03
 -2.1269E+01  3.5270E-03
 -2.1257E+01  3.9897E-03
 -2.1245E+01  4.4502E-03
 -2.1233E+01  4.8911E-03
 -2.1222E+01  5.2955E-03
 -2.1210E+01  5.6481E-03
 -2.1198E+01  5.9356E-03
 -2.1186E+01  6.1479E-03
 -2.1174E+01  6.2781E-03
 -2.1162E+01  6.3229E-03
 -2.1150E+01  6.2829E-03
 -2.1138E+01  6.1617E-03
 -2.1126E+01  5.9664E-03
 -2.1114E+01  5.7064E-03
 -2.1102E+01  5.3933E-03
 -2.1091E+01  5.0396E-03
 -2.1079E+01  4.6585E-03
 -2.1067E+01  4.2628E-03
 -2.1055E+01  3.8647E-03
 -2.1043E+01  3.4745E-03
 -2.1031E+01  3.1010E-03
 -2.1019E+01  2.7508E-03
 -2.1007E+01  2.4284E-03
 -2.0995E+01  2.1361E-03
 -2.0983E+01  1.8746E-03
 -2.0971E+01  1.6429E-03
 -2.0960E+01  1.4390E-03
 -2.0948E+01  1.2599E-03
 -2.0936E+01  1.1024E-03
 -2.0924E+01  9.6332E-04
 -2.0912E+01  8.3955E-04
 -2.0900E+01  7.2854E-04
 -2.0888E+01  6.2825E-04
 -2.0876E+01  5.3728E-04
 -2.0864E+01  4.5476E-04
 -2.0852E+01  3.8031E-04
 -2.0840E+01  3.1389E-04
 -2.0829E+01  2.5564E-04
 -2.0817E+01  2.0574E-04
 -2.0805E+01  1.6428E-04
 -2.0793E+01  1.3114E-04
 -2.0781E+01  1.0592E-04
 -2.0769E+01  8.7956E-05
 -2.0757E+01  7.6289E-05
 -2.0745E+01  6.9757E-05
 -2.0733E+01  6.7064E-05
 -2.0721E+01  6.6878E-05
 -2.0709E+01  6.7937E-05
 -2.0698E+01  6.9138E-05
 -2.0686E+01  6.9621E-05
 -2.0674E+01  6.8815E-05
 -2.0662E+01  6.6461E-05
 -2.0650E+01  6.2603E-05
 -2.0638E+01  5.7547E-05
 -2.0626E+01  5.1801E-05
 -2.0614E+01  4.5990E-05
 -2.0602E+01  4.0776E-05
 -2.0590E+01  3.6770E-05
 -2.0578E+01  3.4461E-05
 -2.0567E+01  3.4166E-05
 -2.0555E+01  3.5999E-05
 -2.0543E+01  3.9869E-05
 -2.0531E+01  4.5501E-05
 -2.0519E+01  5.2477E-05
 -2.0507E+01  6.0292E-05
 -2.0495E+01  6.8423E-05
 -2.0483E+01  7.6388E-05
 -2.0471E+01  8.3812E-05
 -2.0459E+01  9.0465E-05
 -2.0447E+01  9.6291E-05
 -2.0436E+01  1.0142E-04
 -2.0424E+01  1.0613E-04
 -2.0412E+01  1.1085E-04
 -2.0400E+01  1.1607E-04
 -2.0388E+01  1.2229E-04
 -2.0376E+01  1.2995E-04
 -2.0364E+01  1.3942E-04
 -2.0352E+01  1.5085E-04
 -2.0340E+01  1.6425E-04
 -2.0328E+01  1.7939E-04
 -2.0316E+01  1.9585E-04
 -2.0305E+01  2.1305E-04
 -2.0293E+01  2.3029E-04
 -2.0281E+01  2.4678E-04
 -2.0269E+01  2.6178E-04
 -2.0257E+01  2.7457E-04
 -2.0245E+01  2.8459E-04
 -2.0233E+01  2.9145E-04
 -2.0221E+01  2.9498E-04
 -2.0209E+01  2.9523E-04
 -2.0197E+01  2.9245E-04
 -2.0185E+01  2.8709E-04
 -2.0174E+01  2.7973E-04
 -2.0162E+01  2.7102E-04
 -2.0150E+01  2.6162E-04
 -2.0138E+01  2.5213E-04
 -2.0126E+01  2.4303E-04
 -2.0114E+01  2.3467E-04
 -2.0102E+01  2.2719E-04
 -2.0090E+01  2.2054E-04
 -2.0078E+01  2.1453E-04
 -2.0066E+01  2.0879E-04
 -2.0054E+01  2.0290E-04
 -2.0043E+01  1.9639E-04
 -2.0031E+01  1.8883E-04
 -2.0019E+01  1.7988E-04
 -2.0007E+01  1.6933E-04
 -1.9995E+01  1.5716E-04
 -1.9983E+01  1.4355E-04
 -1.9971E+01  1.2884E-04
 -1.9959E+01  1.1356E-04
 -1.9947E+01  9.8352E-05
 -1.9935E+01  8.3914E-05
 -1.9923E+01  7.0953E-05
 -1.9912E+01  6.0103E-05
 -1.9900E+01  5.1873E-05
 -1.9888E+01  4.6591E-05
 -1.9876E+01  4.4377E-05
 -1.9864E+01  4.5122E-05
 -1.9852E+01  4.8496E-05
 -1.9840E+01  5.3975E-05
 -1.9828E+01  6.0882E-05
 -1.9816E+01  6.8446E-05
 -1.9804E+01  7.5867E-05
 -1.9792E+01  8.2382E-05
 -1.9781E+01  8.7334E-05
 -1.9769E+01  9.0227E-05
 -1.9757E+01  9.0764E-05
 -1.9745E+01  8.8874E-05
 -1.9733E+01  8.4707E-05
 -1.9721E+01  7.8621E-05
 -1.9709E+01  7.1141E-05
 -1.9697E+01  6.2907E-05
 -1.9685E+01  5.4614E-05
 -1.9673E+01  4.6946E-05
 -1.9661E+01  4.0519E-05
 -1.9650E+01  3.5826E-05
 -1.9638E+01  3.3197E-05
 -1.9626E+01  3.2781E-05
 -1.9614E+01  3.4537E-05
 -1.9602E+01  3.8245E-05
 -1.9590E+01  4.3535E-05
 -1.9578E+01  4.9931E-05
 -1.9566E+01  5.6891E-05
 -1.9554E+01  6.3867E-05
 -1.9542E+01  7.0353E-05
 -1.9530E+01  7.5928E-05
 -1.9519E+01  8.0289E-05
 -1.9507E+01  8.3273E-05
 -1.9495E+01  8.4861E-05
 -1.9483E+01  8.5163E-05
 -1.9471E+01  8.4399E-05
 -1.9459E+01  8.2863E-05
 -1.9447E+01  8.0889E-05
 -1.9435E+01  7.8801E-05
 -1.9423E+01  7.6889E-05
 -1.9411E+01  7.5370E-05
 -1.9399E+01  7.4373E-05
 -1.9388E+01  7.3934E-05
 -1.9376E+01  7.3995E-05
 -1.9364E+01  7.4425E-05
 -1.9352E+01  7.5043E-05
 -1.9340E+01  7.5650E-05
 -1.9328E+01  7.6061E-05
 -1.9316E+01  7.6137E-05
 -1.9304E+01  7.5809E-05
 -1.9292E+01  7.5094E-05
 -1.9280E+01  7.4101E-05
 -1.9268E+01  7.3018E-05
 -1.9257E+01  7.2102E-05
 -1.9245E+01  7.1639E-05
 -1.9233E+01  7.1921E-05
 -1.9221E+01  7.3196E-05
 -1.9209E+01  7.5645E-05
 -1.9197E+01  7.9340E-05
 -1.9185E+01  8.4232E-05
 -1.9173E+01  9.0136E-05
 -1.9161E+01  9.6741E-05
 -1.9149E+01  1.0362E-04
 -1.9137E+01  1.1027E-04
 -1.9126E+01  1.1616E-04
 -1.9114E+01  1.2074E-04
 -1.9102E+01  1.2355E-04
 -1.9090E+01  1.2422E-04
 -1.9078E+01  1.2253E-04
 -1.9066E+01  1.1843E-04
 -1.9054E+01  1.1205E-04
 -1.9042E+01  1.0371E-04
 -1.9030E+01  9.3889E-05
 -1.9018E+01  8.3167E-05
 -1.9006E+01  7.2220E-05
 -1.8995E+01  6.1739E-05
 -1.8983E+01  5.2380E-05
 -1.8971E+01  4.4716E-05
 -1.8959E+01  3.9186E-05
 -1.8947E+01  3.6059E-05
 -1.8935E+01  3.5421E-05
 -1.8923E+01  3.7160E-05
 -1.8911E+01  4.0985E-05
 -1.8899E+01  4.6448E-05
 -1.8887E+01  5.2988E-05
 -1.8875E+01  5.9977E-05
 -1.8864E+01  6.6775E-05
 -1.8852E+01  7.2786E-05
 -1.8840E+01  7.7509E-05
 -1.8828E+01  8.0573E-05
 -1.8816E+01  8.1771E-05
 -1.8804E+01  8.1070E-05
 -1.8792E+01  7.8608E-05
 -1.8780E+01  7.4684E-05
 -1.8768E+01  6.9725E-05
 -1.8756E+01  6.4255E-05
 -1.8744E+01  5.8855E-05
 -1.8733E+01  5.4117E-05
 -1.8721E+01  5.0611E-05
 -1.8709E+01  4.8848E-05
 -1.8697E+01  4.9254E-05
 -1.8685E+01  5.2153E-05
 -1.8673E+01  5.7763E-05
 -1.8661E+01  6.6193E-05
 -1.8649E+01  7.7462E-05
 -1.8637E+01  9.1511E-05
 -1.8625E+01  1.0823E-04
 -1.8613E+01  1.2748E-04
 -1.8602E+01  1.4912E-04
 -1.8590E+01  1.7303E-04
 -1.8578E+01  1.9912E-04
 -1.8566E+01  2.2735E-04
 -1.8554E+01  2.5775E-04
 -1.8542E+01  2.9037E-04
 -1.8530E+01  3.2534E-04
 -1.8518E+01  3.6282E-04
 -1.8506E+01  4.0301E-04
 -1.8494E+01  4.4612E-04
 -1.8482E+01  4.9236E-04
 -1.8471E+01  5.4194E-04
 -1.8459E+01  5.9503E-04
 -1.8447E+01  6.5174E-04
 -1.8435E+01  7.1212E-04
 -1.8423E+01  7.7610E-04
 -1.8411E+01  8.4349E-04
 -1.8399E+01  9.1394E-04
 -1.8387E+01  9.8689E-04
 -1.8375E+01  1.0616E-03
 -1.8363E+01  1.1369E-03
 -1.8351E+01  1.2118E-03
 -1.8340E+01  1.2844E-03
 -1.8328E+01  1.3531E-03
 -1.8316E+01  1.4159E-03
 -1.8304E+01  1.4705E-03
 -1.8292E+01  1.5147E-03
 -1.8280E+01  1.5463E-03
 -1.8268E+01  1.5633E-03
 -1.8256E+01  1.5641E-03
 -1.8244E+01  1.5473E-03
 -1.8232E+01  1.5125E-03
 -1.8220E+01  1.4598E-03
 -1.8209E+01  1.3900E-03
 -1.8197E+01  1.3050E-03
 -1.8185E+01  1.2072E-03
 -1.8173E+01  1.1001E-03
 -1.8161E+01  9.8734E-04
 -1.8149E+01  8.7312E-04
 -1.8137E+01  7.6173E-04
 -1.8125E+01  6.5734E-04
 -1.8113E+01  5.6373E-04
 -1.8101E+01  4.8404E-04
 -1.8089E+01  4.2059E-04
 -1.8078E+01  3.7470E-04
 -1.8066E+01  3.4659E-04
 -1.8054E+01  3.3538E-04
 -1.8042E+01  3.3908E-04
 -1.8030E+01  3.5481E-04
 -1.8018E+01  3.7895E-04
 -1.8006E+01  4.0743E-04
 -1.7994E+01  4.3604E-04
 -1.7982E+01  4.6080E-04
 -1.7970E+01  4.7826E-04
 -1.7958E+01  4.8577E-04
 -1.7947E+01  4.8177E-04
 -1.7935E+01  4.6586E-04
 -1.7923E+01  4.3888E-04
 -1.7911E+01  4.0284E-04
 -1.7899E+01  3.6073E-04
 -1.7887E+01  3.1629E-04
 -1.7875E+01  2.7369E-04
 -1.7863E+01  2.3715E-04
 -1.7851E+01  2.1057E-04
 -1.7839E+01  1.9719E-04
 -1.7827E+01  1.9930E-04
 -1.7816E+01  2.1798E-04
 -1.7804E+01  2.5299E-04
 -1.7792E+01  3.0282E-04
 -1.7780E+01  3.6477E-04
 -1.7768E+01  4.3520E-04
 -1.7756E+01  5.0993E-04
 -1.7744E+01  5.8461E-04
 -1.7732E+01  6.5522E-04
 -1.7720E+01  7.1850E-04
 -1.7708E+01  7.7237E-04
 -1.7696E+01  8.1622E-04
 -1.7685E+01  8.5114E-04
 -1.7673E+01  8.7992E-04
 -1.7661E+01  9.0699E-04
 -1.7649E+01  9.3810E-04
 -1.7637E+01  9.7999E-04
 -1.7625E+01  1.0398E-03
 -1.7613E+01  1.1246E-03
 -1.7601E+01  1.2406E-03
 -1.7589E+01  1.3926E-03
 -1.7577E+01  1.5834E-03
 -1.7565E+01  1.8135E-03
 -1.7554E+01  2.0807E-03
 -1.7542E+01  2.3800E-03
 -1.7530E+01  2.7039E-03
 -1.7518E+01  3.0425E-03
 -1.7506E+01  3.3842E-03
 -1.7494E+01  3.7162E-03
 -1.7482E+01  4.0255E-03
 -1.7470E+01  4.2993E-03
 -1.7458E+01  4.5261E-03
 -1.7446E+01  4.6963E-03
 -1.7435E+01  4.8024E-03
 -1.7423E+01  4.8400E-03
 -1.7411E+01  4.8078E-03
 -1.7399E+01  4.7076E-03
 -1.7387E+01  4.5441E-03
 -1.7375E+01  4.3249E-03
 -1.7363E+01  4.0594E-03
 -1.7351E+01  3.7591E-03
 -1.7339E+01  3.4361E-03
 -1.7327E+01  3.1024E-03
 -1.7315E+01  2.7698E-03
 -1.7304E+01  2.4485E-03
 -1.7292E+01  2.1471E-03
 -1.7280E+01  1.8720E-03
 -1.7268E+01  1.6271E-03
 -1.7256E+01  1.4142E-03
 -1.7244E+01  1.2328E-03
 -1.7232E+01  1.0809E-03
 -1.7220E+01  9.5470E-04
 -1.7208E+01  8.4992E-04
 -1.7196E+01  7.6175E-04
 -1.7184E+01  6.8552E-04
 -1.7173E+01  6.1710E-04
 -1.7161E+01  5.5318E-04
 -1.7149E+01  4.9147E-04
 -1.7137E+01  4.3076E-04
 -1.7125E+01  3.7087E-04
 -1.7113E+01  3.1249E-04
 -1.7101E+01  2.5695E-04
 -1.7089E+01  2.0592E-04
 -1.7077E+01  1.6114E-04
 -1.7065E+01  1.2409E-04
 -1.7053E+01  9.5799E-05
 -1.7042E+01  7.6675E-05
 -1.7030E+01  6.6425E-05
 -1.7018E+01  6.4073E-05
 -1.7006E+01  6.8058E-05
 -1.6994E+01  7.6393E-05
 -1.6982E+01  8.6878E-05
 -1.6970E+01  9.7328E-05
 -1.6958E+01  1.0580E-04
 -1.6946E+01  1.1079E-04
 -1.6934E+01  1.1137E-04
 -1.6922E+01  1.0729E-04
 -1.6911E+01  9.8962E-05
 -1.6899E+01  8.7393E-05
 -1.6887E+01  7.4053E-05
 -1.6875E+01  6.0686E-05
 -1.6863E+01  4.9089E-05
 -1.6851E+01  4.0896E-05
 -1.6839E+01  3.7381E-05
 -1.6827E+01  3.9300E-05
 -1.6815E+01  4.6802E-05
 -1.6803E+01  5.9412E-05
 -1.6791E+01  7.6080E-05
 -1.6780E+01  9.5299E-05
 -1.6768E+01  1.1528E-04
 -1.6756E+01  1.3417E-04
 -1.6744E+01  1.5024E-04
 -1.6732E+01  1.6214E-04
 -1.6720E+01  1.6901E-04
 -1.6708E+01  1.7067E-04
 -1.6696E+01  1.6759E-04
 -1.6684E+01  1.6093E-04
 -1.6672E+01  1.5239E-04
 -1.6660E+01  1.4404E-04
 -1.6649E+01  1.3811E-04
 -1.6637E+01  1.3673E-04
 -1.6625E+01  1.4170E-04
 -1.6613E+01  1.5423E-04
 -1.6601E+01  1.7482E-04
 -1.6589E+01  2.0313E-04
 -1.6577E+01  2.3802E-04
 -1.6565E+01  2.7754E-04
 -1.6553E+01  3.1917E-04
 -1.6541E+01  3.6000E-04
 -1.6529E+01  3.9696E-04
 -1.6518E+01  4.2718E-04
 -1.6506E+01  4.4821E-04
 -1.6494E+01  4.5829E-04
 -1.6482E+01  4.5651E-04
 -1.6470E+01  4.4295E-04
 -1.6458E+01  4.1865E-04
 -1.6446E+01  3.8554E-04
 -1.6434E+01  3.4629E-04
 -1.6422E+01  3.0399E-04
 -1.6410E+01  2.6191E-04
 -1.6398E+01  2.2317E-04
 -1.6387E+01  1.9045E-04
 -1.6375E+01  1.6570E-04
 -1.6363E+01  1.5004E-04
 -1.6351E+01  1.4361E-04
 -1.6339E+01  1.4561E-04
 -1.6327E+01  1.5441E-04
 -1.6315E+01  1.6772E-04
 -1.6303E+01  1.8288E-04
 -1.6291E+01  1.9713E-04
 -1.6279E+01  2.0790E-04
 -1.6267E+01  2.1314E-04
 -1.6256E+01  2.1150E-04
 -1.6244E+01  2.0248E-04
 -1.6232E+01  1.8653E-04
 -1.6220E+01  1.6495E-04
 -1.6208E+01  1.3977E-04
 -1.6196E+01  1.1352E-04
 -1.6184E+01  8.8907E-05
 -1.6172E+01  6.8563E-05
 -1.6160E+01  5.4689E-05
 -1.6148E+01  4.8813E-05
 -1.6136E+01  5.1605E-05
 -1.6125E+01  6.2781E-05
 -1.6113E+01  8.1114E-05
 -1.6101E+01  1.0455E-04
 -1.6089E+01  1.3044E-04
 -1.6077E+01  1.5579E-04
 -1.6065E+01  1.7764E-04
 -1.6053E+01  1.9337E-04
 -1.6041E+01  2.0107E-04
 -1.6029E+01  1.9973E-04
 -1.6017E+01  1.8948E-04
 -1.6005E+01  1.7158E-04
 -1.5994E+01  1.4836E-04
 -1.5982E+01  1.2298E-04
 -1.5970E+01  9.9191E-05
 -1.5958E+01  8.0884E-05
 -1.5946E+01  7.1714E-05
 -1.5934E+01  7.4695E-05
 -1.5922E+01  9.1869E-05
 -1.5910E+01  1.2407E-04
 -1.5898E+01  1.7083E-04
 -1.5886E+01  2.3041E-04
 -1.5874E+01  3.0000E-04
 -1.5863E+01  3.7606E-04
 -1.5851E+01  4.5477E-04
 -1.5839E+01  5.3254E-04
 -1.5827E+01  6.0652E-04
 -1.5815E+01  6.7515E-04
 -1.5803E+01  7.3849E-04
 -1.5791E+01  7.9852E-04
 -1.5779E+01  8.5914E-04
 -1.5767E+01  9.2602E-04
 -1.5755E+01  1.0062E-03
 -1.5743E+01  1.1076E-03
 -1.5732E+01  1.2382E-03
 -1.5720E+01  1.4050E-03
 -1.5708E+01  1.6137E-03
 -1.5696E+01  1.8675E-03
 -1.5684E+01  2.1666E-03
 -1.5672E+01  2.5077E-03
 -1.5660E+01  2.8838E-03
 -1.5648E+01  3.2844E-03
 -1.5636E+01  3.6956E-03
 -1.5624E+01  4.1013E-03
 -1.5612E+01  4.4837E-03
 -1.5601E+01  4.8246E-03
 -1.5589E+01  5.1068E-03
 -1.5577E+01  5.3151E-03
 -1.5565E+01  5.4378E-03
 -1.5553E+01  5.4674E-03
 -1.5541E+01  5.4014E-03
 -1.5529E+01  5.2425E-03
 -1.5517E+01  4.9983E-03
 -1.5505E+01  4.6812E-03
 -1.5493E+01  4.3069E-03
 -1.5481E+01  3.8940E-03
 -1.5470E+01  3.4620E-03
 -1.5458E+01  3.0304E-03
 -1.5446E+01  2.6175E-03
 -1.5434E+01  2.2385E-03
 -1.5422E+01  1.9056E-03
 -1.5410E+01  1.6264E-03
 -1.5398E+01  1.4044E-03
 -1.5386E+01  1.2384E-03
 -1.5374E+01  1.1236E-03
 -1.5362E+01  1.0517E-03
 -1.5350E+01  1.0121E-03
 -1.5339E+01  9.9336E-04
 -1.5327E+01  9.8370E-04
 -1.5315E+01  9.7266E-04
 -1.5303E+01  9.5177E-04
 -1.5291E+01  9.1522E-04
 -1.5279E+01  8.6027E-04
 -1.5267E+01  7.8720E-04
 -1.5255E+01  6.9905E-04
 -1.5243E+01  6.0104E-04
 -1.5231E+01  4.9978E-04
 -1.5219E+01  4.0241E-04
 -1.5208E+01  3.1566E-04
 -1.5196E+01  2.4508E-04
 -1.5184E+01  1.9439E-04
 -1.5172E+01  1.6500E-04
 -1.5160E+01  1.5600E-04
 -1.5148E+01  1.6422E-04
 -1.5136E+01  1.8477E-04
 -1.5124E+01  2.1166E-04
 -1.5112E+01  2.3867E-04
 -1.5100E+01  2.6026E-04
 -1.5088E+01  2.7234E-04
 -1.5077E+01  2.7304E-04
 -1.5065E+01  2.6307E-04
 -1.5053E+01  2.4596E-04
 -1.5041E+01  2.2781E-04
 -1.5029E+01  2.1689E-04
 -1.5017E+01  2.2288E-04
 -1.5005E+01  2.5601E-04
 -1.4993E+01  3.2603E-04
 -1.4981E+01  4.4134E-04
 -1.4969E+01  6.0814E-04
 -1.4957E+01  8.2999E-04
 -1.4946E+01  1.1076E-03
 -1.4934E+01  1.4389E-03
 -1.4922E+01  1.8200E-03
 -1.4910E+01  2.2461E-03
 -1.4898E+01  2.7124E-03
 -1.4886E+01  3.2161E-03
 -1.4874E+01  3.7577E-03
 -1.4862E+01  4.3419E-03
 -1.4850E+01  4.9788E-03
 -1.4838E+01  5.6842E-03
 -1.4826E+01  6.4794E-03
 -1.4815E+01  7.3900E-03
 -1.4803E+01  8.4442E-03
 -1.4791E+01  9.6706E-03
 -1.4779E+01  1.1095E-02
 -1.4767E+01  1.2739E-02
 -1.4755E+01  1.4613E-02
 -1.4743E+01  1.6716E-02
 -1.4731E+01  1.9034E-02
 -1.4719E+01  2.1535E-02
 -1.4707E+01  2.4171E-02
 -1.4695E+01  2.6878E-02
 -1.4684E+01  2.9578E-02
 -1.4672E+01  3.2182E-02
 -1.4660E+01  3.4594E-02
 -1.4648E+01  3.6719E-02
 -1.4636E+01  3.8465E-02
 -1.4624E+01  3.9750E-02
 -1.4612E+01  4.0507E-02
 -1.4600E+01  4.0693E-02
 -1.4588E+01  4.0284E-02
 -1.4576E+01  3.9284E-02
 -1.4564E+01  3.7723E-02
 -1.4553E+01  3.5660E-02
 -1.4541E+01  3.3173E-02
 -1.4529E+01  3.0362E-02
 -1.4517E+01  2.7343E-02
 -1.4505E+01  2.4236E-02
 -1.4493E+01  2.1166E-02
 -1.4481E+01  1.8250E-02
 -1.4469E+01  1.5591E-02
 -1.4457E+01  1.3273E-02
 -1.4445E+01  1.1354E-02
 -1.4433E+01  9.8671E-03
 -1.4422E+01  8.8136E-03
 -1.4410E+01  8.1687E-03
 -1.4398E+01  7.8823E-03
 -1.4386E+01  7.8846E-03
 -1.4374E+01  8.0919E-03
 -1.4362E+01  8.4136E-03
 -1.4350E+01  8.7595E-03
 -1.4338E+01  9.0464E-03
 -1.4326E+01  9.2049E-03
 -1.4314E+01  9.1835E-03
 -1.4302E+01  8.9531E-03
 -1.4291E+01  8.5080E-03
 -1.4279E+01  7.8658E-03
 -1.4267E+01  7.0654E-03
 -1.4255E+01  6.1630E-03
 -1.4243E+01  5.2270E-03
 -1.4231E+01  4.3311E-03
 -1.4219E+01  3.5485E-03
 -1.4207E+01  2.9446E-03
 -1.4195E+01  2.5715E-03
 -1.4183E+01  2.4635E-03
 -1.4171E+01  2.6339E-03
 -1.4160E+01  3.0744E-03
 -1.4148E+01  3.7551E-03
 -1.4136E+01  4.6276E-03
 -1.4124E+01  5.6292E-03
 -1.4112E+01  6.6879E-03
 -1.4100E+01  7.7288E-03
 -1.4088E+01  8.6810E-03
 -1.4076E+01  9.4837E-03
 -1.4064E+01  1.0092E-02
 -1.4052E+01  1.0483E-02
 -1.4040E+01  1.0655E-02
 -1.4029E+01  1.0635E-02
 -1.4017E+01  1.0470E-02
 -1.4005E+01  1.0231E-02
 -1.3993E+01  1.0007E-02
 -1.3981E+01  9.8943E-03
 -1.3969E+01  9.9947E-03
 -1.3957E+01  1.0406E-02
 -1.3945E+01  1.1214E-02
 -1.3933E+01  1.2487E-02
 -1.3921E+01  1.4270E-02
 -1.3909E+01  1.6578E-02
 -1.3898E+01  1.9399E-02
 -1.3886E+01  2.2686E-02
 -1.3874E+01  2.6366E-02
 -1.3862E+01  3.0338E-02
 -1.3850E+01  3.4478E-02
 -1.3838E+01  3.8649E-02
 -1.3826E+01  4.2706E-02
 -1.3814E+01  4.6503E-02
 -1.3802E+01  4.9905E-02
 -1.3790E+01  5.2789E-02
 -1.3778E+01  5.5059E-02
 -1.3767E+01  5.6641E-02
 -1.3755E+01  5.7494E-02
 -1.3743E+01  5.7605E-02
 -1.3731E+01  5.6992E-02
 -1.3719E+01  5.5699E-02
 -1.3707E+01  5.3793E-02
 -1.3695E+01  5.1358E-02
 -1.3683E+01  4.8491E-02
 -1.3671E+01  4.5297E-02
 -1.3659E+01  4.1881E-02
 -1.3647E+01  3.8346E-02
 -1.3636E+01  3.4787E-02
 -1.3624E+01  3.1288E-02
 -1.3612E+01  2.7922E-02
 -1.3600E+01  2.4743E-02
 -1.3588E+01  2.1794E-02
 -1.3576E+01  1.9100E-02
 -1.3564E+01  1.6672E-02
 -1.3552E+01  1.4509E-02
 -1.3540E+01  1.2601E-02
 -1.3528E+01  1.0929E-02
 -1.3517E+01  9.4703E-03
 -1.3505E+01  8.1997E-03
 -1.3493E+01  7.0913E-03
 -1.3481E+01  6.1211E-03
 -1.3469E+01  5.2676E-03
 -1.3457E+01  4.5132E-03
 -1.3445E+01  3.8436E-03
 -1.3433E+01  3.2483E-03
 -1.3421E+01  2.7197E-03
 -1.3409E+01  2.2527E-03
 -1.3397E+01  1.8438E-03
 -1.3386E+01  1.4904E-03
 -1.3374E+01  1.1901E-03
 -1.3362E+01  9.4000E-04
 -1.3350E+01  7.3678E-04
 -1.3338E+01  5.7618E-04
 -1.3326E+01  4.5321E-04
 -1.3314E+01  3.6230E-04
 -1.3302E+01  2.9757E-04
 -1.3290E+01  2.5320E-04
 -1.3278E+01  2.2373E-04
 -1.3266E+01  2.0435E-04
 -1.3255E+01  1.9115E-04
 -1.3243E+01  1.8120E-04
 -1.3231E+01  1.7257E-04
 -1.3219E+01  1.6429E-04
 -1.3207E+01  1.5615E-04
 -1.3195E+01  1.4851E-04
 -1.3183E+01  1.4209E-04
 -1.3171E+01  1.3771E-04
 -1.3159E+01  1.3610E-04
 -1.3147E+01  1.3778E-04
 -1.3135E+01  1.4296E-04
 -1.3124E+01  1.5155E-04
 -1.3112E+01  1.6323E-04
 -1.3100E+01  1.7752E-04
 -1.3088E+01  1.9396E-04
 -1.3076E+01  2.1227E-04
 -1.3064E+01  2.3242E-04
 -1.3052E+01  2.5480E-04
 -1.3040E+01  2.8021E-04
 -1.3028E+01  3.0988E-04
 -1.3016E+01  3.4533E-04
 -1.3004E+01  3.8829E-04
 -1.2993E+01  4.4047E-04
 -1.2981E+01  5.0338E-04
 -1.2969E+01  5.7806E-04
 -1.2957E+01  6.6494E-04
 -1.2945E+01  7.6365E-04
 -1.2933E+01  8.7294E-04
 -1.2921E+01  9.9066E-04
 -1.2909E+01  1.1138E-03
 -1.2897E+01  1.2387E-03
 -1.2885E+01  1.3612E-03
 -1.2873E+01  1.4769E-03
 -1.2862E+01  1.5814E-03
 -1.2850E+01  1.6706E-03
 -1.2838E+01  1.7412E-03
 -1.2826E+01  1.7903E-03
 -1.2814E+01  1.8163E-03
 -1.2802E+01  1.8183E-03
 -1.2790E+01  1.7967E-03
 -1.2778E+01  1.7529E-03
 -1.2766E+01  1.6889E-03
 -1.2754E+01  1.6079E-03
 -1.2742E+01  1.5131E-03
 -1.2731E+01  1.4085E-03
 -1.2719E+01  1.2980E-03
 -1.2707E+01  1.1852E-03
 -1.2695E+01  1.0736E-03
 -1.2683E+01  9.6601E-04
 -1.2671E+01  8.6473E-04
 -1.2659E+01  7.7134E-04
 -1.2647E+01  6.8676E-04
 -1.2635E+01  6.1131E-04
 -1.2623E+01  5.4474E-04
 -1.2611E+01  4.8640E-04
 -1.2600E+01  4.3537E-04
 -1.2588E+01  3.9055E-04
 -1.2576E+01  3.5082E-04
 -1.2564E+01  3.1512E-04
 -1.2552E+01  2.8253E-04
 -1.2540E+01  2.5234E-04
 -1.2528E+01  2.2405E-04
 -1.2516E+01  1.9737E-04
 -1.2504E+01  1.7221E-04
 -1.2492E+01  1.4863E-04
 -1.2480E+01  1.2682E-04
 -1.2469E+01  1.0701E-04
 -1.2457E+01  8.9462E-05
 -1.2445E+01  7.4415E-05
 -1.2433E+01  6.2047E-05
 -1.2421E+01  5.2462E-05
 -1.2409E+01  4.5673E-05
 -1.2397E+01  4.1599E-05
 -1.2385E+01  4.0068E-05
 -1.2373E+01  4.0826E-05
 -1.2361E+01  4.3550E-05
 -1.2349E+01  4.7861E-05
 -1.2338E+01  5.3338E-05
 -1.2326E+01  5.9539E-05
 -1.2314E+01  6.6021E-05
 -1.2302E+01  7.2357E-05
 -1.2290E+01  7.8161E-05
 -1.2278E+01  8.3111E-05
 -1.2266E+01  8.6973E-05
 -1.2254E+01  8.9623E-05
 -1.2242E+01  9.1069E-05
 -1.2230E+01  9.1460E-05
 -1.2218E+01  9.1095E-05
 -1.2207E+01  9.0422E-05
 -1.2195E+01  9.0017E-05
 -1.2183E+01  9.0569E-05
 -1.2171E+01  9.2837E-05
 -1.2159E+01  9.7613E-05
 -1.2147E+01  1.0567E-04
 -1.2135E+01  1.1771E-04
 -1.2123E+01  1.3431E-04
 -1.2111E+01  1.5589E-04
 -1.2099E+01  1.8266E-04
 -1.2087E+01  2.1458E-04
 -1.2076E+01  2.5143E-04
 -1.2064E+01  2.9270E-04
 -1.2052E+01  3.3775E-04
 -1.2040E+01  3.8575E-04
 -1.2028E+01  4.3579E-04
 -1.2016E+01  4.8693E-04
 -1.2004E+01  5.3825E-04
 -1.1992E+01  5.8891E-04
 -1.1980E+01  6.3818E-04
 -1.1968E+01  6.8548E-04
 -1.1956E+01  7.3034E-04
 -1.1945E+01  7.7244E-04
 -1.1933E+01  8.1153E-04
 -1.1921E+01  8.4739E-04
 -1.1909E+01  8.7981E-04
 -1.1897E+01  9.0851E-04
 -1.1885E+01  9.3314E-04
 -1.1873E+01  9.5323E-04
 -1.1861E+01  9.6822E-04
 -1.1849E+01  9.7744E-04
 -1.1837E+01  9.8019E-04
 -1.1825E+01  9.7581E-04
 -1.1814E+01  9.6370E-04
 -1.1802E+01  9.4346E-04
 -1.1790E+01  9.1494E-04
 -1.1778E+01  8.7830E-04
 -1.1766E+01  8.3404E-04
 -1.1754E+01  7.8303E-04
 -1.1742E+01  7.2650E-04
 -1.1730E+01  6.6596E-04
 -1.1718E+01  6.0318E-04
 -1.1706E+01  5.4003E-04
 -1.1694E+01  4.7842E-04
 -1.1683E+01  4.2014E-04
 -1.1671E+01  3.6677E-04
 -1.1659E+01  3.1954E-04
 -1.1647E+01  2.7929E-04
 -1.1635E+01  2.4639E-04
 -1.1623E+01  2.2073E-04
 -1.1611E+01  2.0175E-04
 -1.1599E+01  1.8853E-04
 -1.1587E+01  1.7986E-04
 -1.1575E+01  1.7439E-04
 -1.1563E+01  1.7075E-04
 -1.1552E+01  1.6767E-04
 -1.1540E+01  1.6413E-04
 -1.1528E+01  1.5941E-04
 -1.1516E+01  1.5314E-04
 -1.1504E+01  1.4532E-04
 -1.1492E+01  1.3626E-04
 -1.1480E+01  1.2651E-04
 -1.1468E+01  1.1678E-04
 -1.1456E+01  1.0783E-04
 -1.1444E+01  1.0032E-04
 -1.1432E+01  9.4773E-05
 -1.1421E+01  9.1468E-05
 -1.1409E+01  9.0433E-05
 -1.1397E+01  9.1456E-05
 -1.1385E+01  9.4147E-05
 -1.1373E+01  9.8041E-05
 -1.1361E+01  1.0273E-04
 -1.1349E+01  1.0798E-04
 -1.1337E+01  1.1393E-04
 -1.1325E+01  1.2113E-04
 -1.1313E+01  1.3066E-04
 -1.1301E+01  1.4417E-04
 -1.1290E+01  1.6380E-04
 -1.1278E+01  1.9216E-04
 -1.1266E+01  2.3213E-04
 -1.1254E+01  2.8676E-04
 -1.1242E+01  3.5902E-04
 -1.1230E+01  4.5171E-04
 -1.1218E+01  5.6723E-04
 -1.1206E+01  7.0755E-04
 -1.1194E+01  8.7421E-04
 -1.1182E+01  1.0683E-03
 -1.1170E+01  1.2908E-03
 -1.1159E+01  1.5427E-03
 -1.1147E+01  1.8250E-03
 -1.1135E+01  2.1398E-03
 -1.1123E+01  2.4896E-03
 -1.1111E+01  2.8781E-03
 -1.1099E+01  3.3104E-03
 -1.1087E+01  3.7924E-03
 -1.1075E+01  4.3306E-03
 -1.1063E+01  4.9320E-03
 -1.1051E+01  5.6032E-03
 -1.1039E+01  6.3492E-03
 -1.1028E+01  7.1729E-03
 -1.1016E+01  8.0739E-03
 -1.1004E+01  9.0474E-03
 -1.0992E+01  1.0083E-02
 -1.0980E+01  1.1166E-02
 -1.0968E+01  1.2275E-02
 -1.0956E+01  1.3382E-02
 -1.0944E+01  1.4457E-02
 -1.0932E+01  1.5463E-02
 -1.0920E+01  1.6363E-02
 -1.0908E+01  1.7121E-02
 -1.0897E+01  1.7701E-02
 -1.0885E+01  1.8073E-02
 -1.0873E+01  1.8213E-02
 -1.0861E+01  1.8105E-02
 -1.0849E+01  1.7744E-02
 -1.0837E+01  1.7136E-02
 -1.0825E+01  1.6296E-02
 -1.0813E+01  1.5253E-02
 -1.0801E+01  1.4046E-02
 -1.0789E+01  1.2721E-02
 -1.0777E+01  1.1331E-02
 -1.0766E+01  9.9335E-03
 -1.0754E+01  8.5841E-03
 -1.0742E+01  7.3364E-03
 -1.0730E+01  6.2368E-03
 -1.0718E+01  5.3218E-03
 -1.0706E+01  4.6156E-03
 -1.0694E+01  4.1285E-03
 -1.0682E+01  3.8564E-03
 -1.0670E+01  3.7809E-03
 -1.0658E+01  3.8713E-03
 -1.0646E+01  4.0871E-03
 -1.0635E+01  4.3807E-03
 -1.0623E+01  4.7018E-03
 -1.0611E+01  5.0008E-03
 -1.0599E+01  5.2331E-03
 -1.0587E+01  5.3626E-03
 -1.0575E+01  5.3643E-03
 -1.0563E+01  5.2267E-03
 -1.0551E+01  4.9531E-03
 -1.0539E+01  4.5606E-03
 -1.0527E+01  4.0798E-03
 -1.0515E+01  3.5518E-03
 -1.0504E+01  3.0246E-03
 -1.0492E+01  2.5496E-03
 -1.0480E+01  2.1767E-03
 -1.0468E+01  1.9502E-03
 -1.0456E+01  1.9044E-03
 -1.0444E+01  2.0609E-03
 -1.0432E+01  2.4265E-03
 -1.0420E+01  2.9920E-03
 -1.0408E+01  3.7332E-03
 -1.0396E+01  4.6127E-03
 -1.0384E+01  5.5831E-03
 -1.0373E+01  6.5913E-03
 -1.0361E+01  7.5834E-03
 -1.0349E+01  8.5101E-03
 -1.0337E+01  9.3321E-03
 -1.0325E+01  1.0025E-02
 -1.0313E+01  1.0582E-02
 -1.0301E+01  1.1020E-02
 -1.0289E+01  1.1376E-02
 -1.0277E+01  1.1709E-02
 -1.0265E+01  1.2097E-02
 -1.0253E+01  1.2631E-02
 -1.0242E+01  1.3411E-02
 -1.0230E+01  1.4539E-02
 -1.0218E+01  1.6109E-02
 -1.0206E+01  1.8202E-02
 -1.0194E+01  2.0876E-02
 -1.0182E+01  2.4163E-02
 -1.0170E+01  2.8064E-02
 -1.0158E+01  3.2542E-02
 -1.0146E+01  3.7526E-02
 -1.0134E+01  4.2910E-02
 -1.0122E+01  4.8556E-02
 -1.0111E+01  5.4301E-02
 -1.0099E+01  5.9963E-02
 -1.0087E+01  6.5352E-02
 -1.0075E+01  7.0281E-02
 -1.0063E+01  7.4572E-02
 -1.0051E+01  7.8072E-02
 -1.0039E+01  8.0654E-02
 -1.0027E+01  8.2229E-02
 -1.0015E+01  8.2751E-02
 -1.0003E+01  8.2212E-02
 -9.9915E+00  8.0648E-02
 -9.9796E+00  7.8130E-02
 -9.9677E+00  7.4765E-02
 -9.9558E+00  7.0682E-02
 -9.9439E+00  6.6033E-02
 -9.9319E+00  6.0975E-02
 -9.9200E+00  5.5673E-02
 -9.9081E+00  5.0284E-02
 -9.8962E+00  4.4953E-02
 -9.8843E+00  3.9810E-02
 -9.8724E+00  3.4958E-02
 -9.8605E+00  3.0481E-02
 -9.8486E+00  2.6431E-02
 -9.8367E+00  2.2838E-02
 -9.8248E+00  1.9704E-02
 -9.8129E+00  1.7014E-02
 -9.8010E+00  1.4732E-02
 -9.7890E+00  1.2813E-02
 -9.7771E+00  1.1202E-02
 -9.7652E+00  9.8435E-03
 -9.7533E+00  8.6843E-03
 -9.7414E+00  7.6759E-03
 -9.7295E+00  6.7778E-03
 -9.7176E+00  5.9591E-03
 -9.7057E+00  5.1985E-03
 -9.6938E+00  4.4842E-03
 -9.6819E+00  3.8121E-03
 -9.6700E+00  3.1842E-03
 -9.6580E+00  2.6067E-03
 -9.6461E+00  2.0876E-03
 -9.6342E+00  1.6345E-03
 -9.6223E+00  1.2533E-03
 -9.6104E+00  9.4661E-04
 -9.5985E+00  7.1338E-04
 -9.5866E+00  5.4851E-04
 -9.5747E+00  4.4343E-04
 -9.5628E+00  3.8688E-04
 -9.5509E+00  3.6598E-04
 -9.5390E+00  3.6752E-04
 -9.5271E+00  3.7915E-04
 -9.5151E+00  3.9043E-04
 -9.5032E+00  3.9362E-04
 -9.4913E+00  3.8417E-04
 -9.4794E+00  3.6077E-04
 -9.4675E+00  3.2514E-04
 -9.4556E+00  2.8143E-04
 -9.4437E+00  2.3545E-04
 -9.4318E+00  1.9374E-04
 -9.4199E+00  1.6262E-04
 -9.4080E+00  1.4736E-04
 -9.3961E+00  1.5152E-04
 -9.3841E+00  1.7658E-04
 -9.3722E+00  2.2185E-04
 -9.3603E+00  2.8466E-04
 -9.3484E+00  3.6092E-04
 -9.3365E+00  4.4574E-04
 -9.3246E+00  5.3429E-04
 -9.3127E+00  6.2253E-04
 -9.3008E+00  7.0800E-04
 -9.2889E+00  7.9027E-04
 -9.2770E+00  8.7127E-04
 -9.2651E+00  9.5526E-04
 -9.2531E+00  1.0485E-03
 -9.2412E+00  1.1585E-03
 -9.2293E+00  1.2935E-03
 -9.2174E+00  1.4612E-03
 -9.2055E+00  1.6678E-03
 -9.1936E+00  1.9169E-03
 -9.1817E+00  2.2091E-03
 -9.1698E+00  2.5411E-03
 -9.1579E+00  2.9055E-03
 -9.1460E+00  3.2913E-03
 -9.1341E+00  3.6841E-03
 -9.1222E+00  4.0674E-03
 -9.1102E+00  4.4233E-03
 -9.0983E+00  4.7341E-03
 -9.0864E+00  4.9832E-03
 -9.0745E+00  5.1570E-03
 -9.0626E+00  5.2453E-03
 -9.0507E+00  5.2426E-03
 -9.0388E+00  5.1485E-03
 -9.0269E+00  4.9677E-03
 -9.0150E+00  4.7095E-03
 -9.0031E+00  4.3878E-03
 -8.9912E+00  4.0196E-03
 -8.9792E+00  3.6235E-03
 -8.9673E+00  3.2190E-03
 -8.9554E+00  2.8245E-03
 -8.9435E+00  2.4560E-03
 -8.9316E+00  2.1263E-03
 -8.9197E+00  1.8441E-03
 -8.9078E+00  1.6136E-03
 -8.8959E+00  1.4345E-03
 -8.8840E+00  1.3026E-03
 -8.8721E+00  1.2103E-03
 -8.8602E+00  1.1481E-03
 -8.8482E+00  1.1050E-03
 -8.8363E+00  1.0703E-03
 -8.8244E+00  1.0344E-03
 -8.8125E+00  9.8962E-04
 -8.8006E+00  9.3099E-04
 -8.7887E+00  8.5644E-04
 -8.7768E+00  7.6684E-04
 -8.7649E+00  6.6569E-04
 -8.7530E+00  5.5852E-04
 -8.7411E+00  4.5206E-04
 -8.7292E+00  3.5337E-04
 -8.7173E+00  2.6893E-04
 -8.7053E+00  2.0385E-04
 -8.6934E+00  1.6126E-04
 -8.6815E+00  1.4195E-04
 -8.6696E+00  1.4432E-04
 -8.6577E+00  1.6456E-04
 -8.6458E+00  1.9717E-04
 -8.6339E+00  2.3558E-04
 -8.6220E+00  2.7294E-04
 -8.6101E+00  3.0296E-04
 -8.5982E+00  3.2062E-04
 -8.5863E+00  3.2283E-04
 -8.5743E+00  3.0879E-04
 -8.5624E+00  2.8011E-04
 -8.5505E+00  2.4073E-04
 -8.5386E+00  1.9644E-04
 -8.5267E+00  1.5425E-04
 -8.5148E+00  1.2162E-04
 -8.5029E+00  1.0561E-04
 -8.4910E+00  1.1204E-04
 -8.4791E+00  1.4487E-04
 -8.4672E+00  2.0573E-04
 -8.4553E+00  2.9380E-04
 -8.4433E+00  4.0595E-04
 -8.4314E+00  5.3717E-04
 -8.4195E+00  6.8135E-04
 -8.4076E+00  8.3211E-04
 -8.3957E+00  9.8384E-04
 -8.3838E+00  1.1326E-03
 -8.3719E+00  1.2772E-03
 -8.3600E+00  1.4195E-03
 -8.3481E+00  1.5647E-03
 -8.3362E+00  1.7216E-03
 -8.3243E+00  1.9017E-03
 -8.3124E+00  2.1184E-03
 -8.3004E+00  2.3856E-03
 -8.2885E+00  2.7164E-03
 -8.2766E+00  3.1213E-03
 -8.2647E+00  3.6070E-03
 -8.2528E+00  4.1746E-03
 -8.2409E+00  4.8190E-03
 -8.2290E+00  5.5285E-03
 -8.2171E+00  6.2845E-03
 -8.2052E+00  7.0621E-03
 -8.1933E+00  7.8317E-03
 -8.1814E+00  8.5603E-03
 -8.1694E+00  9.2137E-03
 -8.1575E+00  9.7585E-03
 -8.1456E+00  1.0165E-02
 -8.1337E+00  1.0410E-02
 -8.1218E+00  1.0476E-02
 -8.1099E+00  1.0357E-02
 -8.0980E+00  1.0057E-02
 -8.0861E+00  9.5889E-03
 -8.0742E+00  8.9752E-03
 -8.0623E+00  8.2469E-03
 -8.0504E+00  7.4404E-03
 -8.0384E+00  6.5950E-03
 -8.0265E+00  5.7505E-03
 -8.0146E+00  4.9439E-03
 -8.0027E+00  4.2074E-03
 -7.9908E+00  3.5662E-03
 -7.9789E+00  3.0370E-03
 -7.9670E+00  2.6273E-03
 -7.9551E+00  2.3356E-03
 -7.9432E+00  2.1521E-03
 -7.9313E+00  2.0596E-03
 -7.9194E+00  2.0363E-03
 -7.9075E+00  2.0570E-03
 -7.8955E+00  2.0963E-03
 -7.8836E+00  2.1303E-03
 -7.8717E+00  2.1390E-03
 -7.8598E+00  2.1078E-03
 -7.8479E+00  2.0284E-03
 -7.8360E+00  1.8993E-03
 -7.8241E+00  1.7252E-03
 -7.8122E+00  1.5164E-03
 -7.8003E+00  1.2868E-03
 -7.7884E+00  1.0526E-03
 -7.7765E+00  8.3038E-04
 -7.7645E+00  6.3508E-04
 -7.7526E+00  4.7855E-04
 -7.7407E+00  3.6839E-04
 -7.7288E+00  3.0726E-04
 -7.7169E+00  2.9278E-04
 -7.7050E+00  3.1796E-04
 -7.6931E+00  3.7218E-04
 -7.6812E+00  4.4247E-04
 -7.6693E+00  5.1519E-04
 -7.6574E+00  5.7760E-04
 -7.6455E+00  6.1950E-04
 -7.6335E+00  6.3442E-04
 -7.6216E+00  6.2045E-04
 -7.6097E+00  5.8056E-04
 -7.5978E+00  5.2226E-04
 -7.5859E+00  4.5687E-04
 -7.5740E+00  3.9828E-04
 -7.5621E+00  3.6142E-04
 -7.5502E+00  3.6066E-04
 -7.5383E+00  4.0828E-04
 -7.5264E+00  5.1319E-04
 -7.5145E+00  6.8004E-04
 -7.5026E+00  9.0888E-04
 -7.4906E+00  1.1954E-03
 -7.4787E+00  1.5319E-03
 -7.4668E+00  1.9085E-03
 -7.4549E+00  2.3149E-03
 -7.4430E+00  2.7426E-03
 -7.4311E+00  3.1868E-03
 -7.4192E+00  3.6477E-03
 -7.4073E+00  4.1321E-03
 -7.3954E+00  4.6538E-03
 -7.3835E+00  5.2329E-03
 -7.3716E+00  5.8948E-03
 -7.3596E+00  6.6677E-03
 -7.3477E+00  7.5803E-03
 -7.3358E+00  8.6577E-03
 -7.3239E+00  9.9188E-03
 -7.3120E+00  1.1372E-02
 -7.3001E+00  1.3012E-02
 -7.2882E+00  1.4820E-02
 -7.2763E+00  1.6758E-02
 -7.2644E+00  1.8773E-02
 -7.2525E+00  2.0799E-02
 -7.2406E+00  2.2756E-02
 -7.2286E+00  2.4558E-02
 -7.2167E+00  2.6119E-02
 -7.2048E+00  2.7356E-02
 -7.1929E+00  2.8199E-02
 -7.1810E+00  2.8593E-02
 -7.1691E+00  2.8505E-02
 -7.1572E+00  2.7926E-02
 -7.1453E+00  2.6874E-02
 -7.1334E+00  2.5391E-02
 -7.1215E+00  2.3546E-02
 -7.1096E+00  2.1424E-02
 -7.0977E+00  1.9127E-02
 -7.0857E+00  1.6765E-02
 -7.0738E+00  1.4450E-02
 -7.0619E+00  1.2288E-02
 -7.0500E+00  1.0370E-02
 -7.0381E+00  8.7704E-03
 -7.0262E+00  7.5393E-03
 -7.0143E+00  6.6987E-03
 -7.0024E+00  6.2425E-03
 -6.9905E+00  6.1373E-03
 -6.9786E+00  6.3256E-03
 -6.9667E+00  6.7311E-03
 -6.9547E+00  7.2654E-03
 -6.9428E+00  7.8357E-03
 -6.9309E+00  8.3526E-03
 -6.9190E+00  8.7374E-03
 -6.9071E+00  8.9285E-03
 -6.8952E+00  8.8865E-03
 -6.8833E+00  8.5968E-03
 -6.8714E+00  8.0709E-03
 -6.8595E+00  7.3446E-03
 -6.8476E+00  6.4750E-03
 -6.8357E+00  5.5356E-03
 -6.8237E+00  4.6091E-03
 -6.8118E+00  3.7807E-03
 -6.7999E+00  3.1298E-03
 -6.7880E+00  2.7229E-03
 -6.7761E+00  2.6076E-03
 -6.7642E+00  2.8078E-03
 -6.7523E+00  3.3213E-03
 -6.7404E+00  4.1204E-03
 -6.7285E+00  5.1533E-03
 -6.7166E+00  6.3495E-03
 -6.7047E+00  7.6257E-03
 -6.6928E+00  8.8933E-03
 -6.6808E+00  1.0067E-02
 -6.6689E+00  1.1070E-02
 -6.6570E+00  1.1847E-02
 -6.6451E+00  1.2364E-02
 -6.6332E+00  1.2616E-02
 -6.6213E+00  1.2629E-02
 -6.6094E+00  1.2456E-02
 -6.5975E+00  1.2180E-02
 -6.5856E+00  1.1905E-02
 -6.5737E+00  1.1749E-02
 -6.5618E+00  1.1835E-02
 -6.5498E+00  1.2286E-02
 -6.5379E+00  1.3208E-02
 -6.5260E+00  1.4687E-02
 -6.5141E+00  1.6783E-02
 -6.5022E+00  1.9518E-02
 -6.4903E+00  2.2880E-02
 -6.4784E+00  2.6819E-02
 -6.4665E+00  3.1251E-02
 -6.4546E+00  3.6059E-02
 -6.4427E+00  4.1102E-02
 -6.4308E+00  4.6219E-02
 -6.4188E+00  5.1240E-02
 -6.4069E+00  5.5995E-02
 -6.3950E+00  6.0319E-02
 -6.3831E+00  6.4067E-02
 -6.3712E+00  6.7116E-02
 -6.3593E+00  6.9372E-02
 -6.3474E+00  7.0777E-02
 -6.3355E+00  7.1307E-02
 -6.3236E+00  7.0977E-02
 -6.3117E+00  6.9829E-02
 -6.2998E+00  6.7936E-02
 -6.2879E+00  6.5393E-02
 -6.2759E+00  6.2307E-02
 -6.2640E+00  5.8797E-02
 -6.2521E+00  5.4979E-02
 -6.2402E+00  5.0967E-02
 -6.2283E+00  4.6867E-02
 -6.2164E+00  4.2771E-02
 -6.2045E+00  3.8758E-02
 -6.1926E+00  3.4891E-02
 -6.1807E+00  3.1221E-02
 -6.1688E+00  2.7781E-02
 -6.1569E+00  2.4593E-02
 -6.1449E+00  2.1668E-02
 -6.1330E+00  1.9009E-02
 -6.1211E+00  1.6608E-02
 -6.1092E+00  1.4457E-02
 -6.0973E+00  1.2538E-02
 -6.0854E+00  1.0837E-02
 -6.0735E+00  9.3353E-03
 -6.0616E+00  8.0153E-03
 -6.0497E+00  6.8601E-03
 -6.0378E+00  5.8535E-03
 -6.0259E+00  4.9806E-03
 -6.0140E+00  4.2272E-03
 -6.0020E+00  3.5802E-03
 -5.9901E+00  3.0273E-03
 -5.9782E+00  2.5568E-03
 -5.9663E+00  2.1577E-03
 -5.9544E+00  1.8197E-03
 -5.9425E+00  1.5334E-03
 -5.9306E+00  1.2904E-03
 -5.9187E+00  1.0833E-03
 -5.9068E+00  9.0628E-04
 -5.8949E+00  7.5460E-04
 -5.8830E+00  6.2488E-04
 -5.8710E+00  5.1487E-04
 -5.8591E+00  4.2319E-04
 -5.8472E+00  3.4903E-04
 -5.8353E+00  2.9179E-04
 -5.8234E+00  2.5080E-04
 -5.8115E+00  2.2499E-04
 -5.7996E+00  2.1278E-04
 -5.7877E+00  2.1191E-04
 -5.7758E+00  2.1954E-04
 -5.7639E+00  2.3238E-04
 -5.7520E+00  2.4690E-04
 -5.7400E+00  2.5971E-04
 -5.7281E+00  2.6780E-04
 -5.7162E+00  2.6894E-04
 -5.7043E+00  2.6187E-04
 -5.6924E+00  2.4648E-04
 -5.6805E+00  2.2381E-04
 -5.6686E+00  1.9597E-04
 -5.6567E+00  1.6585E-04
 -5.6448E+00  1.3686E-04
 -5.6329E+00  1.1245E-04
 -5.6210E+00  9.5773E-05
 -5.6091E+00  8.9248E-05
 -5.5971E+00  9.4295E-05
 -5.5852E+00  1.1113E-04
 -5.5733E+00  1.3869E-04
 -5.5614E+00  1.7473E-04
 -5.5495E+00  2.1604E-04
 -5.5376E+00  2.5875E-04
 -5.5257E+00  2.9874E-04
 -5.5138E+00  3.3214E-04
 -5.5019E+00  3.5569E-04
 -5.4900E+00  3.6719E-04
 -5.4781E+00  3.6570E-04
 -5.4661E+00  3.5171E-04
 -5.4542E+00  3.2705E-04
 -5.4423E+00  2.9474E-04
 -5.4304E+00  2.5861E-04
 -5.4185E+00  2.2287E-04
 -5.4066E+00  1.9169E-04
 -5.3947E+00  1.6866E-04
 -5.3828E+00  1.5645E-04
 -5.3709E+00  1.5649E-04
 -5.3590E+00  1.6880E-04
 -5.3471E+00  1.9201E-04
 -5.3351E+00  2.2349E-04
 -5.3232E+00  2.5964E-04
 -5.3113E+00  2.9634E-04
 -5.2994E+00  3.2934E-04
 -5.2875E+00  3.5482E-04
 -5.2756E+00  3.6982E-04
 -5.2637E+00  3.7255E-04
 -5.2518E+00  3.6267E-04
 -5.2399E+00  3.4123E-04
 -5.2280E+00  3.1061E-04
 -5.2161E+00  2.7421E-04
 -5.2042E+00  2.3601E-04
 -5.1922E+00  2.0012E-04
 -5.1803E+00  1.7031E-04
 -5.1684E+00  1.4954E-04
 -5.1565E+00  1.3966E-04
 -5.1446E+00  1.4117E-04
 -5.1327E+00  1.5321E-04
 -5.1208E+00  1.7367E-04
 -5.1089E+00  1.9945E-04
 -5.0970E+00  2.2686E-04
 -5.0851E+00  2.5208E-04
 -5.0732E+00  2.7167E-04
 -5.0612E+00  2.8299E-04
 -5.0493E+00  2.8456E-04
 -5.0374E+00  2.7626E-04
 -5.0255E+00  2.5936E-04
 -5.0136E+00  2.3631E-04
 -5.0017E+00  2.1048E-04
 -4.9898E+00  1.8567E-04
 -4.9779E+00  1.6563E-04
 -4.9660E+00  1.5353E-04
 -4.9541E+00  1.5156E-04
 -4.9422E+00  1.6060E-04
 -4.9302E+00  1.8011E-04
 -4.9183E+00  2.0811E-04
 -4.9064E+00  2.4150E-04
 -4.8945E+00  2.7642E-04
 -4.8826E+00  3.0886E-04
 -4.8707E+00  3.3524E-04
 -4.8588E+00  3.5307E-04
 -4.8469E+00  3.6149E-04
 -4.8350E+00  3.6162E-04
 -4.8231E+00  3.5678E-04
 -4.8112E+00  3.5230E-04
 -4.7993E+00  3.5518E-04
 -4.7873E+00  3.7352E-04
 -4.7754E+00  4.1576E-04
 -4.7635E+00  4.8987E-04
 -4.7516E+00  6.0262E-04
 -4.7397E+00  7.5894E-04
 -4.7278E+00  9.6157E-04
 -4.7159E+00  1.2110E-03
 -4.7040E+00  1.5055E-03
 -4.6921E+00  1.8422E-03
 -4.6802E+00  2.2174E-03
 -4.6683E+00  2.6282E-03
 -4.6563E+00  3.0734E-03
 -4.6444E+00  3.5547E-03
 -4.6325E+00  4.0778E-03
 -4.6206E+00  4.6530E-03
 -4.6087E+00  5.2947E-03
 -4.5968E+00  6.0215E-03
 -4.5849E+00  6.8540E-03
 -4.5730E+00  7.8139E-03
 -4.5611E+00  8.9204E-03
 -4.5492E+00  1.0189E-02
 -4.5373E+00  1.1626E-02
 -4.5253E+00  1.3229E-02
 -4.5134E+00  1.4982E-02
 -4.5015E+00  1.6857E-02
 -4.4896E+00  1.8809E-02
 -4.4777E+00  2.0779E-02
 -4.4658E+00  2.2698E-02
 -4.4539E+00  2.4488E-02
 -4.4420E+00  2.6064E-02
 -4.4301E+00  2.7349E-02
 -4.4182E+00  2.8268E-02
 -4.4063E+00  2.8764E-02
 -4.3944E+00  2.8799E-02
 -4.3824E+00  2.8356E-02
 -4.3705E+00  2.7446E-02
 -4.3586E+00  2.6104E-02
 -4.3467E+00  2.4389E-02
 -4.3348E+00  2.2378E-02
 -4.3229E+00  2.0165E-02
 -4.3110E+00  1.7851E-02
 -4.2991E+00  1.5542E-02
 -4.2872E+00  1.3338E-02
 -4.2753E+00  1.1328E-02
 -4.2634E+00  9.5865E-03
 -4.2514E+00  8.1654E-03
 -4.2395E+00  7.0934E-03
 -4.2276E+00  6.3733E-03
 -4.2157E+00  5.9824E-03
 -4.2038E+00  5.8750E-03
 -4.1919E+00  5.9876E-03
 -4.1800E+00  6.2441E-03
 -4.1681E+00  6.5636E-03
 -4.1562E+00  6.8676E-03
 -4.1443E+00  7.0869E-03
 -4.1324E+00  7.1675E-03
 -4.1204E+00  7.0744E-03
 -4.1085E+00  6.7940E-03
 -4.0966E+00  6.3340E-03
 -4.0847E+00  5.7217E-03
 -4.0728E+00  5.0002E-03
 -4.0609E+00  4.2234E-03
 -4.0490E+00  3.4504E-03
 -4.0371E+00  2.7390E-03
 -4.0252E+00  2.1395E-03
 -4.0133E+00  1.6896E-03
 -4.0014E+00  1.4105E-03
 -3.9895E+00  1.3050E-03
 -3.9775E+00  1.3575E-03
 -3.9656E+00  1.5366E-03
 -3.9537E+00  1.7994E-03
 -3.9418E+00  2.0974E-03
 -3.9299E+00  2.3827E-03
 -3.9180E+00  2.6146E-03
 -3.9061E+00  2.7649E-03
 -3.8942E+00  2.8227E-03
 -3.8823E+00  2.7959E-03
 -3.8704E+00  2.7121E-03
 -3.8585E+00  2.6167E-03
 -3.8465E+00  2.5689E-03
 -3.8346E+00  2.6363E-03
 -3.8227E+00  2.8881E-03
 -3.8108E+00  3.3886E-03
 -3.7989E+00  4.1902E-03
 -3.7870E+00  5.3288E-03
 -3.7751E+00  6.8206E-03
 -3.7632E+00  8.6629E-03
 -3.7513E+00  1.0836E-02
 -3.7394E+00  1.3312E-02
 -3.7275E+00  1.6058E-02
 -3.7155E+00  1.9051E-02
 -3.7036E+00  2.2281E-02
 -3.6917E+00  2.5766E-02
 -3.6798E+00  2.9551E-02
 -3.6679E+00  3.3713E-02
 -3.6560E+00  3.8361E-02
 -3.6441E+00  4.3626E-02
 -3.6322E+00  4.9654E-02
 -3.6203E+00  5.6587E-02
 -3.6084E+00  6.4549E-02
 -3.5965E+00  7.3623E-02
 -3.5846E+00  8.3834E-02
 -3.5726E+00  9.5133E-02
 -3.5607E+00  1.0738E-01
 -3.5488E+00  1.2036E-01
 -3.5369E+00  1.3375E-01
 -3.5250E+00  1.4716E-01
 -3.5131E+00  1.6012E-01
 -3.5012E+00  1.7214E-01
 -3.4893E+00  1.8270E-01
 -3.4774E+00  1.9128E-01
 -3.4655E+00  1.9740E-01
 -3.4536E+00  2.0067E-01
 -3.4416E+00  2.0077E-01
 -3.4297E+00  1.9755E-01
 -3.4178E+00  1.9099E-01
 -3.4059E+00  1.8129E-01
 -3.3940E+00  1.6880E-01
 -3.3821E+00  1.5409E-01
 -3.3702E+00  1.3786E-01
 -3.3583E+00  1.2092E-01
 -3.3464E+00  1.0416E-01
 -3.3345E+00  8.8416E-02
 -3.3226E+00  7.4477E-02
 -3.3106E+00  6.2980E-02
 -3.2987E+00  5.4384E-02
 -3.2868E+00  4.8929E-02
 -3.2749E+00  4.6633E-02
 -3.2630E+00  4.7284E-02
 -3.2511E+00  5.0466E-02
 -3.2392E+00  5.5584E-02
 -3.2273E+00  6.1913E-02
 -3.2154E+00  6.8647E-02
 -3.2035E+00  7.4967E-02
 -3.1916E+00  8.0107E-02
 -3.1797E+00  8.3426E-02
 -3.1677E+00  8.4471E-02
 -3.1558E+00  8.3021E-02
 -3.1439E+00  7.9115E-02
 -3.1320E+00  7.3054E-02
 -3.1201E+00  6.5372E-02
 -3.1082E+00  5.6794E-02
 -3.0963E+00  4.8166E-02
 -3.0844E+00  4.0389E-02
 -3.0725E+00  3.4338E-02
 -3.0606E+00  3.0795E-02
 -3.0487E+00  3.0382E-02
 -3.0367E+00  3.3502E-02
 -3.0248E+00  4.0305E-02
 -3.0129E+00  5.0660E-02
 -3.0010E+00  6.4152E-02
 -2.9891E+00  8.0113E-02
 -2.9772E+00  9.7673E-02
 -2.9653E+00  1.1584E-01
 -2.9534E+00  1.3359E-01
 -2.9415E+00  1.5002E-01
 -2.9296E+00  1.6438E-01
 -2.9177E+00  1.7624E-01
 -2.9058E+00  1.8552E-01
 -2.8938E+00  1.9251E-01
 -2.8819E+00  1.9792E-01
 -2.8700E+00  2.0282E-01
 -2.8581E+00  2.0863E-01
 -2.8462E+00  2.1703E-01
 -2.8343E+00  2.2985E-01
 -2.8224E+00  2.4902E-01
 -2.8105E+00  2.7634E-01
 -2.7986E+00  3.1339E-01
 -2.7867E+00  3.6139E-01
 -2.7748E+00  4.2101E-01
 -2.7628E+00  4.9232E-01
 -2.7509E+00  5.7471E-01
 -2.7390E+00  6.6695E-01
 -2.7271E+00  7.6726E-01
 -2.7152E+00  8.7335E-01
 -2.7033E+00  9.8262E-01
 -2.6914E+00  1.0922E+00
 -2.6795E+00  1.1991E+00
 -2.6676E+00  1.3001E+00
 -2.6557E+00  1.3921E+00
 -2.6438E+00  1.4720E+00
 -2.6318E+00  1.5366E+00
 -2.6199E+00  1.5833E+00
 -2.6080E+00  1.6097E+00
 -2.5961E+00  1.6146E+00
 -2.5842E+00  1.5973E+00
 -2.5723E+00  1.5581E+00
 -2.5604E+00  1.4989E+00
 -2.5485E+00  1.4228E+00
 -2.5366E+00  1.3335E+00
 -2.5247E+00  1.2349E+00
 -2.5128E+00  1.1309E+00
 -2.5009E+00  1.0251E+00
 -2.4889E+00  9.2030E-01
 -2.4770E+00  8.1896E-01
 -2.4651E+00  7.2282E-01
 -2.4532E+00  6.3316E-01
 -2.4413E+00  5.5086E-01
 -2.4294E+00  4.7638E-01
 -2.4175E+00  4.1001E-01
 -2.4056E+00  3.5195E-01
 -2.3937E+00  3.0216E-01
 -2.3818E+00  2.6025E-01
 -2.3699E+00  2.2552E-01
 -2.3579E+00  1.9698E-01
 -2.3460E+00  1.7350E-01
 -2.3341E+00  1.5393E-01
 -2.3222E+00  1.3717E-01
 -2.3103E+00  1.2234E-01
 -2.2984E+00  1.0874E-01
 -2.2865E+00  9.5931E-02
 -2.2746E+00  8.3687E-02
 -2.2627E+00  7.1955E-02
 -2.2508E+00  6.0813E-02
 -2.2389E+00  5.0409E-02
 -2.2269E+00  4.0922E-02
 -2.2150E+00  3.2523E-02
 -2.2031E+00  2.5344E-02
 -2.1912E+00  1.9448E-02
 -2.1793E+00  1.4824E-02
 -2.1674E+00  1.1415E-02
 -2.1555E+00  9.1218E-03
 -2.1436E+00  7.7843E-03
 -2.1317E+00  7.1979E-03
 -2.1198E+00  7.1360E-03
 -2.1079E+00  7.3696E-03
 -2.0960E+00  7.6903E-03
 -2.0840E+00  7.9268E-03
 -2.0721E+00  7.9572E-03
 -2.0602E+00  7.7158E-03
 -2.0483E+00  7.1929E-03
 -2.0364E+00  6.4298E-03
 -2.0245E+00  5.5080E-03
 -2.0126E+00  4.5341E-03
 -2.0007E+00  3.6010E-03
 -1.9888E+00  2.7990E-03
 -1.9769E+00  2.2377E-03
 -1.9650E+00  1.9413E-03
 -1.9530E+00  1.9186E-03
 -1.9411E+00  2.1625E-03
 -1.9292E+00  2.6512E-03
 -1.9173E+00  3.3445E-03
 -1.9054E+00  4.1904E-03
 -1.8935E+00  5.1143E-03
 -1.8816E+00  5.9751E-03
 -1.8697E+00  6.5393E-03
 -1.8578E+00  6.5355E-03
 -1.8459E+00  5.7408E-03
 -1.8340E+00  4.9703E-03
 -1.8220E+00  1.1595E-02
 -1.8101E+00  2.8085E-02
 -1.7982E+00  6.0278E-03
 -1.7863E+00  4.0421E-03
 -1.7744E+00  9.1163E-03
 -1.7625E+00  4.7886E-02
 -1.7506E+00  1.7808E-02
 -1.7387E+00  1.9397E-02
 -1.7268E+00  7.9547E-03
 -1.7149E+00  6.4183E-03
 -1.7030E+00  1.2318E-02
 -1.6911E+00  5.8924E-02
 -1.6791E+00  1.4830E-01
 -1.6672E+00  3.0171E-02
 -1.6553E+00  1.2431E-02
 -1.6434E+00  7.6526E-03
 -1.6315E+00  5.8407E-03
 -1.6196E+00  8.3575E-03
 -1.6077E+00  1.5296E-02
 -1.5958E+00  1.0851E-02
 -1.5839E+00  1.4742E-02
 -1.5720E+00  2.3231E-02
 -1.5601E+00  3.2153E-02
 -1.5481E+00  5.9104E-02
 -1.5362E+00  1.7849E-01
 -1.5243E+00  2.7292E-02
 -1.5124E+00  5.3196E-03
 -1.5005E+00  3.7319E-03
 -1.4886E+00  5.2819E-03
 -1.4767E+00  1.8823E-02
 -1.4648E+00  5.5417E-03
 -1.4529E+00  1.1691E-03
 -1.4410E+00  7.4737E-04
 -1.4291E+00  5.6694E-04
 -1.4171E+00  5.0761E-04
 -1.4052E+00  4.7791E-04
 -1.3933E+00  4.5395E-04
 -1.3814E+00  4.2899E-04
 -1.3695E+00  4.0087E-04
 -1.3576E+00  3.6938E-04
 -1.3457E+00  3.3520E-04
 -1.3338E+00  2.9945E-04
 -1.3219E+00  2.6343E-04
 -1.3100E+00  2.2841E-04
 -1.2981E+00  1.9550E-04
 -1.2862E+00  1.6562E-04
 -1.2742E+00  1.3955E-04
 -1.2623E+00  1.1778E-04
 -1.2504E+00  1.0064E-04
 -1.2385E+00  8.8359E-05
 -1.2266E+00  8.1136E-05
 -1.2147E+00  7.9605E-05
 -1.2028E+00  8.5149E-05
 -1.1909E+00  1.0525E-04
 -1.1790E+00  1.3810E-04
 -1.1671E+00  2.0556E-04
 -1.1552E+00  6.3329E-04
 -1.1432E+00  7.5818E-03
 -1.1313E+00  6.6127E-03
 -1.1194E+00  1.5231E-03
 -1.1075E+00  4.6853E-03
 -1.0956E+00  1.1522E-02
 -1.0837E+00  5.1040E-02
 -1.0718E+00  2.3949E-02
 -1.0599E+00  1.2678E-02
 -1.0480E+00  1.0721E-02
 -1.0361E+00  2.8092E-02
 -1.0242E+00  3.9965E-03
 -1.0122E+00  1.2402E-03
 -1.0003E+00  6.3536E-04
 -9.8843E-01  2.1129E-04
 -9.7652E-01  1.0437E-04
 -9.6461E-01  1.6057E-04
 -9.5271E-01  1.3927E-03
 -9.4080E-01  5.7356E-04
 -9.2889E-01  2.2974E-04
 -9.1698E-01  1.5256E-04
 -9.0507E-01  1.1723E-04
 -8.9316E-01  9.7281E-05
 -8.8125E-01  8.6268E-05
 -8.6934E-01  8.3672E-05
 -8.5743E-01  1.2280E-04
 -8.4553E-01  1.0690E-04
 -8.3362E-01  1.1395E-04
 -8.2171E-01  1.2872E-04
 -8.0980E-01  1.7931E-04
 -7.9789E-01  2.3815E-04
 -7.8598E-01  1.8508E-04
 -7.7407E-01  2.1251E-04
 -7.6216E-01  1.1140E-03
 -7.5026E-01  2.3459E-04
 -7.3835E-01  2.5443E-04
 -7.2644E-01  2.8070E-04
 -7.1453E-01  2.4377E-04
 -7.0262E-01  2.6971E-04
 -6.9071E-01  2.3588E-04
 -6.7880E-01  2.4884E-04
 -6.6689E-01  2.3465E-04
 -6.5498E-01  2.5520E-04
 -6.4308E-01  2.3905E-04
 -6.3117E-01  2.7493E-04
 -6.1926E-01  2.0758E-04
 -6.0735E-01  3.7303E-04
 -5.9544E-01  1.4761E-04
 -5.8353E-01  2.0038E-03
 -5.7162E-01  1.0102E-04
 -5.5971E-01  2.3498E-04
 -5.4781E-01  8.0632E-05
 -5.3590E-01  5.7326E-05
 -5.2399E-01  2.1934E-04
 -5.1208E-01  5.1327E-05
 -5.0017E-01  7.3135E-05
 -4.8826E-01  1.2515E-04
 -4.7635E-01  6.5111E-05
 -4.6444E-01  1.1785E-04
 -4.5253E-01  2.6474E-04
 -4.4063E-01  7.0240E-05
 -4.2872E-01  8.3117E-05
 -4.1681E-01  5.8331E-03
 -4.0490E-01  5.9865E-05
 -3.9299E-01  4.1232E-05
 -3.8108E-01  5.0464E-05
 -3.6917E-01  2.9205E-04
 -3.5726E-01  2.7317E-05
 -3.4536E-01  2.1417E-05
 -3.3345E-01  3.6964E-05
 -3.2154E-01  1.1013E-03
 -3.0963E-01  1.0648E-04
 -2.9772E-01  4.0769E-05
 -2.8581E-01  4.0433E-05
 -2.7390E-01  7.4305E-05
 -2.6199E-01  4.5063E-04
 -2.5009E-01  7.1150E-04
 -2.3818E-01  8.6920E-05
 -2.2627E-01  4.5449E-05
 -2.1436E-01  3.6992E-05
 -2.0245E-01  3.7811E-05
 -1.9054E-01  4.9778E-05
 -1.7863E-01  1.2078E-04
 -1.6672E-01  3.7601E-03
 -1.5481E-01  8.7609E-05
 -1.4291E-01  2.8665E-05
 -1.3100E-01  1.8524E-05
 -1.1909E-01  1.6190E-05
 -1.0718E-01  1.6852E-05
 -9.5271E-02  1.9395E-05
 -8.3362E-02  2.3375E-05
 -7.1453E-02  2.8454E-05
 -5.9544E-02  3.4264E-05
 -4.7635E-02  4.0409E-05
 -3.5726E-02  4.6535E-05
 -2.3818E-02  5.2447E-05
 -1.1909E-02  5.8209E-05
  0.0000E+00  6.4143E-05
  1.1909E-02  7.0723E-05
  2.3818E-02  7.8412E-05
  3.5726E-02  8.7592E-05
  4.7635E-02  9.8590E-05
  5.9544E-02  1.1175E-04
  7.1453E-02  1.2747E-04
  8.3362E-02  1.4614E-04
  9.5271E-02  1.6813E-04
  1.0718E-01  1.9363E-04
  1.1909E-01  2.2268E-04
  1.3100E-01  2.5512E-04
  1.4291E-01  2.9094E-04
  1.5481E-01  3.3307E-04
  1.6672E-01  5.7086E-04
  1.7863E-01  3.9352E-04
  1.9054E-01  4.2544E-04
  2.0245E-01  4.5480E-04
  2.1436E-01  4.7922E-04
  2.2627E-01  4.9865E-04
  2.3818E-01  5.1990E-04
  2.5009E-01  7.3686E-04
  2.6199E-01  7.0362E-04
  2.7390E-01  5.2386E-04
  2.8581E-01  4.8946E-04
  2.9772E-01  4.8143E-04
  3.0963E-01  6.5446E-04
  3.2154E-01  4.9597E-03
  3.3345E-01  5.0590E-04
  3.4536E-01  3.9082E-04
  3.5726E-01  4.8204E-04
  3.6917E-01  7.4802E-03
  3.8108E-01  7.9172E-04
  3.9299E-01  3.8414E-04
  4.0490E-01  6.1234E-04
  4.1681E-01  8.6713E-02
  4.2872E-01  6.0680E-04
  4.4063E-01  4.5358E-04
  4.5253E-01  3.1025E-03
  4.6444E-01  9.5001E-04
  4.7635E-01  4.1023E-04
  4.8826E-01  1.7287E-03
  5.0017E-01  6.5580E-04
  5.1208E-01  3.0852E-04
  5.2399E-01  3.1496E-03
  5.3590E-01  2.3372E-04
  5.4781E-01  1.8077E-04
  5.5971E-01  1.8235E-04
  5.7162E-01  1.1788E-04
  5.8353E-01  7.6490E-04
  5.9544E-01  1.3016E-04
  6.0735E-01  4.2655E-04
  6.1926E-01  2.3610E-04
  6.3117E-01  4.3583E-04
  6.4308E-01  3.7207E-04
  6.5498E-01  4.9245E-04
  6.6689E-01  3.5561E-04
  6.7880E-01  6.2902E-04
  6.9071E-01  2.4491E-04
  7.0262E-01  1.9937E-03
  7.1453E-01  1.9106E-04
  7.2644E-01  2.4557E-04
  7.3835E-01  2.0600E-04
  7.5026E-01  2.2394E-04
  7.6216E-01  1.8802E-03
  7.7407E-01  2.9515E-04
  7.8598E-01  2.7521E-04
  7.9789E-01  5.5177E-04
  8.0980E-01  3.1371E-04
  8.2171E-01  2.0937E-04
  8.3362E-01  2.0161E-04
  8.4553E-01  2.5305E-04
  8.5743E-01  1.9253E-03
  8.6934E-01  2.7535E-03
  8.8125E-01  9.5027E-04
  8.9316E-01  6.3201E-04
  9.0507E-01  4.9604E-04
  9.1698E-01  4.3615E-04
  9.2889E-01  5.2582E-04
  9.4080E-01  1.6435E-03
  9.5271E-01  9.0824E-03
  9.6461E-01  2.0756E-03
  9.7652E-01  1.6412E-03
  9.8843E-01  2.6306E-03
  1.0003E+00  2.4697E-03
  1.0122E+00  3.1481E-03
  1.0242E+00  8.0374E-03
  1.0361E+00  4.5265E-02
  1.0480E+00  1.4420E-02
  1.0599E+00  1.0903E-02
  1.0718E+00  1.1140E-02
  1.0837E+00  4.4622E-02
  1.0956E+00  5.6639E-02
  1.1075E+00  8.9958E-02
  1.1194E+00  2.7856E-01
  1.1313E+00  7.2877E-01
  1.1432E+00  7.7341E-01
  1.1552E+00  2.8764E-02
  1.1671E+00  7.7343E-03
  1.1790E+00  4.2189E-03
  1.1909E+00  2.9085E-03
  1.2028E+00  2.2574E-03
  1.2147E+00  1.8756E-03
  1.2266E+00  1.6247E-03
  1.2385E+00  1.4450E-03
  1.2504E+00  1.3084E-03
  1.2623E+00  1.1997E-03
  1.2742E+00  1.1101E-03
  1.2862E+00  1.0344E-03
  1.2981E+00  9.6969E-04
  1.3100E+00  9.1412E-04
  1.3219E+00  8.6678E-04
  1.3338E+00  8.2736E-04
  1.3457E+00  7.9610E-04
  1.3576E+00  7.7361E-04
  1.3695E+00  7.6100E-04
  1.3814E+00  7.6025E-04
  1.3933E+00  7.7444E-04
  1.4052E+00  8.0911E-04
  1.4171E+00  8.7656E-04
  1.4291E+00  1.0199E-03
  1.4410E+00  1.6823E-03
  1.4529E+00  2.7768E-03
  1.4648E+00  2.2980E-03
  1.4767E+00  3.4450E-03
  1.4886E+00  8.2613E-03
  1.5005E+00  4.5194E-02
  1.5124E+00  1.8022E-02
  1.5243E+00  9.5983E-03
  1.5362E+00  8.8840E-03
  1.5481E+00  1.5061E-02
  1.5601E+00  2.8796E-02
  1.5720E+00  3.1936E-02
  1.5839E+00  4.6251E-03
  1.5958E+00  1.4416E-03
  1.6077E+00  9.4307E-04
  1.6196E+00  1.5438E-03
  1.6315E+00  8.3447E-04
  1.6434E+00  1.4739E-03
  1.6553E+00  5.9621E-03
  1.6672E+00  3.4763E-03
  1.6791E+00  1.3767E-03
  1.6911E+00  1.2837E-03
  1.7030E+00  1.2487E-03
  1.7149E+00  1.9324E-03
  1.7268E+00  1.2046E-03
  1.7387E+00  2.5523E-03
  1.7506E+00  7.0072E-03
  1.7625E+00  2.0577E-03
  1.7744E+00  2.1744E-03
  1.7863E+00  2.4534E-03
  1.7982E+00  9.6985E-03
  1.8101E+00  2.7762E-03
  1.8220E+00  2.1099E-03
  1.8340E+00  2.2709E-03
  1.8459E+00  4.5307E-03
  1.8578E+00  5.5428E-03
  1.8697E+00  6.3184E-03
  1.8816E+00  7.2801E-03
  1.8935E+00  8.4484E-03
  1.9054E+00  9.7481E-03
  1.9173E+00  1.1123E-02
  1.9292E+00  1.2564E-02
  1.9411E+00  1.4100E-02
  1.9530E+00  1.5764E-02
  1.9650E+00  1.7570E-02
  1.9769E+00  1.9493E-02
  1.9888E+00  2.1466E-02
  2.0007E+00  2.3390E-02
  2.0126E+00  2.5155E-02
  2.0245E+00  2.6660E-02
  2.0364E+00  2.7833E-02
  2.0483E+00  2.8632E-02
  2.0602E+00  2.9048E-02
  2.0721E+00  2.9092E-02
  2.0840E+00  2.8789E-02
  2.0960E+00  2.8168E-02
  2.1079E+00  2.7260E-02
  2.1198E+00  2.6095E-02
  2.1317E+00  2.4702E-02
  2.1436E+00  2.3112E-02
  2.1555E+00  2.1361E-02
  2.1674E+00  1.9490E-02
  2.1793E+00  1.7549E-02
  2.1912E+00  1.5598E-02
  2.2031E+00  1.3699E-02
  2.2150E+00  1.1916E-02
  2.2269E+00  1.0305E-02
  2.2389E+00  8.9090E-03
  2.2508E+00  7.7561E-03
  2.2627E+00  6.8543E-03
  2.2746E+00  6.1945E-03
  2.2865E+00  5.7528E-03
  2.2984E+00  5.4938E-03
  2.3103E+00  5.3748E-03
  2.3222E+00  5.3489E-03
  2.3341E+00  5.3683E-03
  2.3460E+00  5.3881E-03
  2.3579E+00  5.3689E-03
  2.3699E+00  5.2806E-03
  2.3818E+00  5.1048E-03
  2.3937E+00  4.8362E-03
  2.4056E+00  4.4827E-03
  2.4175E+00  4.0630E-03
  2.4294E+00  3.6038E-03
  2.4413E+00  3.1349E-03
  2.4532E+00  2.6856E-03
  2.4651E+00  2.2811E-03
  2.4770E+00  1.9402E-03
  2.4889E+00  1.6748E-03
  2.5009E+00  1.4888E-03
  2.5128E+00  1.3792E-03
  2.5247E+00  1.3366E-03
  2.5366E+00  1.3470E-03
  2.5485E+00  1.3935E-03
  2.5604E+00  1.4590E-03
  2.5723E+00  1.5280E-03
  2.5842E+00  1.5896E-03
  2.5961E+00  1.6389E-03
  2.6080E+00  1.6780E-03
  2.6199E+00  1.7151E-03
  2.6318E+00  1.7637E-03
  2.6438E+00  1.8410E-03
  2.6557E+00  1.9655E-03
  2.6676E+00  2.1558E-03
  2.6795E+00  2.4278E-03
  2.6914E+00  2.7947E-03
  2.7033E+00  3.2649E-03
  2.7152E+00  3.8427E-03
  2.7271E+00  4.5280E-03
  2.7390E+00  5.3178E-03
  2.7509E+00  6.2077E-03
  2.7628E+00  7.1942E-03
  2.7748E+00  8.2774E-03
  2.7867E+00  9.4633E-03
  2.7986E+00  1.0766E-02
  2.8105E+00  1.2209E-02
  2.8224E+00  1.3824E-02
  2.8343E+00  1.5651E-02
  2.8462E+00  1.7731E-02
  2.8581E+00  2.0108E-02
  2.8700E+00  2.2815E-02
  2.8819E+00  2.5872E-02
  2.8938E+00  2.9280E-02
  2.9058E+00  3.3010E-02
  2.9177E+00  3.7003E-02
  2.9296E+00  4.1169E-02
  2.9415E+00  4.5382E-02
  2.9534E+00  4.9495E-02
  2.9653E+00  5.3341E-02
  2.9772E+00  5.6751E-02
  2.9891E+00  5.9560E-02
  3.0010E+00  6.1628E-02
  3.0129E+00  6.2842E-02
  3.0248E+00  6.3130E-02
  3.0367E+00  6.2457E-02
  3.0487E+00  6.0837E-02
  3.0606E+00  5.8323E-02
  3.0725E+00  5.5008E-02
  3.0844E+00  5.1021E-02
  3.0963E+00  4.6524E-02
  3.1082E+00  4.1701E-02
  3.1201E+00  3.6750E-02
  3.1320E+00  3.1874E-02
  3.1439E+00  2.7268E-02
  3.1558E+00  2.3105E-02
  3.1677E+00  1.9521E-02
  3.1797E+00  1.6611E-02
  3.1916E+00  1.4416E-02
  3.2035E+00  1.2929E-02
  3.2154E+00  1.2089E-02
  3.2273E+00  1.1799E-02
  3.2392E+00  1.1930E-02
  3.2511E+00  1.2336E-02
  3.2630E+00  1.2867E-02
  3.2749E+00  1.3379E-02
  3.2868E+00  1.3748E-02
  3.2987E+00  1.3877E-02
  3.3106E+00  1.3703E-02
  3.3226E+00  1.3196E-02
  3.3345E+00  1.2367E-02
  3.3464E+00  1.1261E-02
  3.3583E+00  9.9495E-03
  3.3702E+00  8.5248E-03
  3.3821E+00  7.0884E-03
  3.3940E+00  5.7401E-03
  3.4059E+00  4.5674E-03
  3.4178E+00  3.6372E-03
  3.4297E+00  2.9899E-03
  3.4416E+00  2.6375E-03
  3.4536E+00  2.5637E-03
  3.4655E+00  2.7276E-03
  3.4774E+00  3.0694E-03
  3.4893E+00  3.5173E-03
  3.5012E+00  3.9957E-03
  3.5131E+00  4.4327E-03
  3.5250E+00  4.7677E-03
  3.5369E+00  4.9574E-03
  3.5488E+00  4.9804E-03
  3.5607E+00  4.8390E-03
  3.5726E+00  4.5585E-03
  3.5846E+00  4.1839E-03
  3.5965E+00  3.7746E-03
  3.6084E+00  3.3970E-03
  3.6203E+00  3.1170E-03
  3.6322E+00  2.9925E-03
  3.6441E+00  3.0676E-03
  3.6560E+00  3.3686E-03
  3.6679E+00  3.9024E-03
  3.6798E+00  4.6574E-03
  3.6917E+00  5.6068E-03
  3.7036E+00  6.7139E-03
  3.7155E+00  7.9382E-03
  3.7275E+00  9.2430E-03
  3.7394E+00  1.0602E-02
  3.7513E+00  1.2007E-02
  3.7632E+00  1.3468E-02
  3.7751E+00  1.5021E-02
  3.7870E+00  1.6721E-02
  3.7989E+00  1.8641E-02
  3.8108E+00  2.0863E-02
  3.8227E+00  2.3469E-02
  3.8346E+00  2.6529E-02
  3.8465E+00  3.0089E-02
  3.8585E+00  3.4162E-02
  3.8704E+00  3.8718E-02
  3.8823E+00  4.3680E-02
  3.8942E+00  4.8919E-02
  3.9061E+00  5.4258E-02
  3.9180E+00  5.9477E-02
  3.9299E+00  6.4328E-02
  3.9418E+00  6.8547E-02
  3.9537E+00  7.1880E-02
  3.9656E+00  7.4095E-02
  3.9775E+00  7.5013E-02
  3.9895E+00  7.4523E-02
  4.0014E+00  7.2595E-02
  4.0133E+00  6.9290E-02
  4.0252E+00  6.4758E-02
  4.0371E+00  5.9228E-02
  4.0490E+00  5.2998E-02
  4.0609E+00  4.6407E-02
  4.0728E+00  3.9815E-02
  4.0847E+00  3.3576E-02
  4.0966E+00  2.8014E-02
  4.1085E+00  2.3401E-02
  4.1204E+00  1.9934E-02
  4.1324E+00  1.7727E-02
  4.1443E+00  1.6796E-02
  4.1562E+00  1.7063E-02
  4.1681E+00  1.8361E-02
  4.1800E+00  2.0443E-02
  4.1919E+00  2.3008E-02
  4.2038E+00  2.5724E-02
  4.2157E+00  2.8258E-02
  4.2276E+00  3.0305E-02
  4.2395E+00  3.1616E-02
  4.2514E+00  3.2023E-02
  4.2634E+00  3.1449E-02
  4.2753E+00  2.9918E-02
  4.2872E+00  2.7553E-02
  4.2991E+00  2.4564E-02
  4.3110E+00  2.1233E-02
  4.3229E+00  1.7887E-02
  4.3348E+00  1.4873E-02
  4.3467E+00  1.2527E-02
  4.3586E+00  1.1146E-02
  4.3705E+00  1.0958E-02
  4.3824E+00  1.2100E-02
  4.3944E+00  1.4605E-02
  4.4063E+00  1.8395E-02
  4.4182E+00  2.3284E-02
  4.4301E+00  2.8996E-02
  4.4420E+00  3.5190E-02
  4.4539E+00  4.1491E-02
  4.4658E+00  4.7529E-02
  4.4777E+00  5.2973E-02
  4.4896E+00  5.7572E-02
  4.5015E+00  6.1178E-02
  4.5134E+00  6.3773E-02
  4.5253E+00  6.5479E-02
  4.5373E+00  6.6560E-02
  4.5492E+00  6.7410E-02
  4.5611E+00  6.8536E-02
  4.5730E+00  7.0522E-02
  4.5849E+00  7.3991E-02
  4.5968E+00  7.9557E-02
  4.6087E+00  8.7775E-02
  4.6206E+00  9.9092E-02
  4.6325E+00  1.1380E-01
  4.6444E+00  1.3202E-01
  4.6563E+00  1.5366E-01
  4.6683E+00  1.7841E-01
  4.6802E+00  2.0577E-01
  4.6921E+00  2.3507E-01
  4.7040E+00  2.6547E-01
  4.7159E+00  2.9603E-01
  4.7278E+00  3.2577E-01
  4.7397E+00  3.5365E-01
  4.7516E+00  3.7870E-01
  4.7635E+00  4.0002E-01
  4.7754E+00  4.1682E-01
  4.7873E+00  4.2848E-01
  4.7993E+00  4.3459E-01
  4.8112E+00  4.3495E-01
  4.8231E+00  4.2960E-01
  4.8350E+00  4.1880E-01
  4.8469E+00  4.0305E-01
  4.8588E+00  3.8299E-01
  4.8707E+00  3.5944E-01
  4.8826E+00  3.3328E-01
  4.8945E+00  3.0543E-01
  4.9064E+00  2.7681E-01
  4.9183E+00  2.4825E-01
  4.9302E+00  2.2050E-01
  4.9422E+00  1.9418E-01
  4.9541E+00  1.6975E-01
  4.9660E+00  1.4756E-01
  4.9779E+00  1.2777E-01
  4.9898E+00  1.1046E-01
  5.0017E+00  9.5544E-02
  5.0136E+00  8.2883E-02
  5.0255E+00  7.2247E-02
  5.0374E+00  6.3364E-02
  5.0493E+00  5.5940E-02
  5.0612E+00  4.9682E-02
  5.0732E+00  4.4318E-02
  5.0851E+00  3.9608E-02
  5.0970E+00  3.5358E-02
  5.1089E+00  3.1424E-02
  5.1208E+00  2.7713E-02
  5.1327E+00  2.4175E-02
  5.1446E+00  2.0801E-02
  5.1565E+00  1.7611E-02
  5.1684E+00  1.4643E-02
  5.1803E+00  1.1942E-02
  5.1922E+00  9.5553E-03
  5.2042E+00  7.5196E-03
  5.2161E+00  5.8571E-03
  5.2280E+00  4.5723E-03
  5.2399E+00  3.6499E-03
  5.2518E+00  3.0569E-03
  5.2637E+00  2.7444E-03
  5.2756E+00  2.6530E-03
  5.2875E+00  2.7173E-03
  5.2994E+00  2.8718E-03
  5.3113E+00  3.0562E-03
  5.3232E+00  3.2194E-03
  5.3351E+00  3.3223E-03
  5.3471E+00  3.3401E-03
  5.3590E+00  3.2620E-03
  5.3709E+00  3.0900E-03
  5.3828E+00  2.8372E-03
  5.3947E+00  2.5248E-03
  5.4066E+00  2.1788E-03
  5.4185E+00  1.8272E-03
  5.4304E+00  1.4964E-03
  5.4423E+00  1.2092E-03
  5.4542E+00  9.8252E-04
  5.4661E+00  8.2655E-04
  5.4781E+00  7.4416E-04
  5.4900E+00  7.3140E-04
  5.5019E+00  7.7853E-04
  5.5138E+00  8.7149E-04
  5.5257E+00  9.9375E-04
  5.5376E+00  1.1281E-03
  5.5495E+00  1.2582E-03
  5.5614E+00  1.3703E-03
  5.5733E+00  1.4538E-03
  5.5852E+00  1.5022E-03
  5.5971E+00  1.5128E-03
  5.6091E+00  1.4866E-03
  5.6210E+00  1.4278E-03
  5.6329E+00  1.3426E-03
  5.6448E+00  1.2390E-03
  5.6567E+00  1.1251E-03
  5.6686E+00  1.0089E-03
  5.6805E+00  8.9711E-04
  5.6924E+00  7.9506E-04
  5.7043E+00  7.0625E-04
  5.7162E+00  6.3235E-04
  5.7281E+00  5.7340E-04
  5.7400E+00  5.2809E-04
  5.7520E+00  4.9419E-04
  5.7639E+00  4.6904E-04
  5.7758E+00  4.4992E-04
  5.7877E+00  4.3445E-04
  5.7996E+00  4.2081E-04
  5.8115E+00  4.0788E-04
  5.8234E+00  3.9524E-04
  5.8353E+00  3.8307E-04
  5.8472E+00  3.7202E-04
  5.8591E+00  3.6297E-04
  5.8710E+00  3.5682E-04
  5.8830E+00  3.5428E-04
  5.8949E+00  3.5573E-04
  5.9068E+00  3.6112E-04
  5.9187E+00  3.6996E-04
  5.9306E+00  3.8135E-04
  5.9425E+00  3.9408E-04
  5.9544E+00  4.0680E-04
  5.9663E+00  4.1814E-04
  5.9782E+00  4.2687E-04
  5.9901E+00  4.3205E-04
  6.0020E+00  4.3305E-04
  6.0140E+00  4.2962E-04
  6.0259E+00  4.2189E-04
  6.0378E+00  4.1029E-04
  6.0497E+00  3.9549E-04
  6.0616E+00  3.7830E-04
  6.0735E+00  3.5958E-04
  6.0854E+00  3.4014E-04
  6.0973E+00  3.2070E-04
  6.1092E+00  3.0179E-04
  6.1211E+00  2.8380E-04
  6.1330E+00  2.6698E-04
  6.1449E+00  2.5142E-04
  6.1569E+00  2.3717E-04
  6.1688E+00  2.2422E-04
  6.1807E+00  2.1259E-04
  6.1926E+00  2.0233E-04
  6.2045E+00  1.9356E-04
  6.2164E+00  1.8641E-04
  6.2283E+00  1.8108E-04
  6.2402E+00  1.7773E-04
  6.2521E+00  1.7651E-04
  6.2640E+00  1.7752E-04
  6.2759E+00  1.8076E-04
  6.2879E+00  1.8620E-04
  6.2998E+00  1.9376E-04
  6.3117E+00  2.0338E-04
  6.3236E+00  2.1505E-04
  6.3355E+00  2.2890E-04
  6.3474E+00  2.4528E-04
  6.3593E+00  2.6476E-04
  6.3712E+00  2.8818E-04
  6.3831E+00  3.1667E-04
  6.3950E+00  3.5159E-04
  6.4069E+00  3.9448E-04
  6.4188E+00  4.4696E-04
  6.4308E+00  5.1067E-04
  6.4427E+00  5.8713E-04
  6.4546E+00  6.7766E-04
  6.4665E+00  7.8330E-04
  6.4784E+00  9.0478E-04
  6.4903E+00  1.0425E-03
  6.5022E+00  1.1965E-03
  6.5141E+00  1.3666E-03
  6.5260E+00  1.5523E-03
  6.5379E+00  1.7531E-03
  6.5498E+00  1.9682E-03
  6.5618E+00  2.1971E-03
  6.5737E+00  2.4389E-03
  6.5856E+00  2.6928E-03
  6.5975E+00  2.9578E-03
  6.6094E+00  3.2323E-03
  6.6213E+00  3.5144E-03
  6.6332E+00  3.8013E-03
  6.6451E+00  4.0892E-03
  6.6570E+00  4.3731E-03
  6.6689E+00  4.6468E-03
  6.6808E+00  4.9029E-03
  6.6928E+00  5.1328E-03
  6.7047E+00  5.3273E-03
  6.7166E+00  5.4771E-03
  6.7285E+00  5.5730E-03
  6.7404E+00  5.6070E-03
  6.7523E+00  5.5729E-03
  6.7642E+00  5.4672E-03
  6.7761E+00  5.2893E-03
  6.7880E+00  5.0422E-03
  6.7999E+00  4.7325E-03
  6.8118E+00  4.3705E-03
  6.8237E+00  3.9695E-03
  6.8357E+00  3.5449E-03
  6.8476E+00  3.1140E-03
  6.8595E+00  2.6941E-03
  6.8714E+00  2.3019E-03
  6.8833E+00  1.9522E-03
  6.8952E+00  1.6568E-03
  6.9071E+00  1.4241E-03
  6.9190E+00  1.2578E-03
  6.9309E+00  1.1575E-03
  6.9428E+00  1.1181E-03
  6.9547E+00  1.1306E-03
  6.9667E+00  1.1826E-03
  6.9786E+00  1.2597E-03
  6.9905E+00  1.3463E-03
  7.0024E+00  1.4272E-03
  7.0143E+00  1.4887E-03
  7.0262E+00  1.5200E-03
  7.0381E+00  1.5139E-03
  7.0500E+00  1.4673E-03
  7.0619E+00  1.3814E-03
  7.0738E+00  1.2617E-03
  7.0857E+00  1.1169E-03
  7.0977E+00  9.5806E-04
  7.1096E+00  7.9787E-04
  7.1215E+00  6.4886E-04
  7.1334E+00  5.2246E-04
  7.1453E+00  4.2780E-04
  7.1572E+00  3.7083E-04
  7.1691E+00  3.5376E-04
  7.1810E+00  3.7488E-04
  7.1929E+00  4.2879E-04
  7.2048E+00  5.0695E-04
  7.2167E+00  5.9871E-04
  7.2286E+00  6.9237E-04
  7.2406E+00  7.7656E-04
  7.2525E+00  8.4143E-04
  7.2644E+00  8.7975E-04
  7.2763E+00  8.8770E-04
  7.2882E+00  8.6529E-04
  7.3001E+00  8.1634E-04
  7.3120E+00  7.4808E-04
  7.3239E+00  6.7037E-04
  7.3358E+00  5.9465E-04
  7.3477E+00  5.3273E-04
  7.3596E+00  4.9549E-04
  7.3716E+00  4.9179E-04
  7.3835E+00  5.2752E-04
  7.3954E+00  6.0503E-04
  7.4073E+00  7.2298E-04
  7.4192E+00  8.7668E-04
  7.4311E+00  1.0588E-03
  7.4430E+00  1.2606E-03
  7.4549E+00  1.4732E-03
  7.4668E+00  1.6891E-03
  7.4787E+00  1.9033E-03
  7.4906E+00  2.1151E-03
  7.5026E+00  2.3277E-03
  7.5145E+00  2.5492E-03
  7.5264E+00  2.7918E-03
  7.5383E+00  3.0703E-03
  7.5502E+00  3.4013E-03
  7.5621E+00  3.8003E-03
  7.5740E+00  4.2799E-03
  7.5859E+00  4.8478E-03
  7.5978E+00  5.5041E-03
  7.6097E+00  6.2403E-03
  7.6216E+00  7.0387E-03
  7.6335E+00  7.8717E-03
  7.6455E+00  8.7039E-03
  7.6574E+00  9.4934E-03
  7.6693E+00  1.0195E-02
  7.6812E+00  1.0763E-02
  7.6931E+00  1.1158E-02
  7.7050E+00  1.1345E-02
  7.7169E+00  1.1302E-02
  7.7288E+00  1.1022E-02
  7.7407E+00  1.0511E-02
  7.7526E+00  9.7924E-03
  7.7645E+00  8.9061E-03
  7.7765E+00  7.9037E-03
  7.7884E+00  6.8475E-03
  7.8003E+00  5.8054E-03
  7.8122E+00  4.8460E-03
  7.8241E+00  4.0331E-03
  7.8360E+00  3.4204E-03
  7.8479E+00  3.0466E-03
  7.8598E+00  2.9316E-03
  7.8717E+00  3.0745E-03
  7.8836E+00  3.4525E-03
  7.8955E+00  4.0228E-03
  7.9075E+00  4.7258E-03
  7.9194E+00  5.4901E-03
  7.9313E+00  6.2386E-03
  7.9432E+00  6.8957E-03
  7.9551E+00  7.3941E-03
  7.9670E+00  7.6817E-03
  7.9789E+00  7.7266E-03
  7.9908E+00  7.5215E-03
  8.0027E+00  7.0853E-03
  8.0146E+00  6.4628E-03
  8.0265E+00  5.7220E-03
  8.0384E+00  4.9494E-03
  8.0504E+00  4.2430E-03
  8.0623E+00  3.7043E-03
  8.0742E+00  3.4291E-03
  8.0861E+00  3.4988E-03
  8.0980E+00  3.9727E-03
  8.1099E+00  4.8815E-03
  8.1218E+00  6.2241E-03
  8.1337E+00  7.9669E-03
  8.1456E+00  1.0046E-02
  8.1575E+00  1.2374E-02
  8.1694E+00  1.4848E-02
  8.1814E+00  1.7358E-02
  8.1933E+00  1.9803E-02
  8.2052E+00  2.2099E-02
  8.2171E+00  2.4195E-02
  8.2290E+00  2.6078E-02
  8.2409E+00  2.7785E-02
  8.2528E+00  2.9404E-02
  8.2647E+00  3.1077E-02
  8.2766E+00  3.2990E-02
  8.2885E+00  3.5370E-02
  8.3004E+00  3.8468E-02
  8.3124E+00  4.2543E-02
  8.3243E+00  4.7845E-02
  8.3362E+00  5.4589E-02
  8.3481E+00  6.2945E-02
  8.3600E+00  7.3011E-02
  8.3719E+00  8.4806E-02
  8.3838E+00  9.8257E-02
  8.3957E+00  1.1320E-01
  8.4076E+00  1.2935E-01
  8.4195E+00  1.4638E-01
  8.4314E+00  1.6384E-01
  8.4433E+00  1.8124E-01
  8.4553E+00  1.9805E-01
  8.4672E+00  2.1371E-01
  8.4791E+00  2.2769E-01
  8.4910E+00  2.3948E-01
  8.5029E+00  2.4866E-01
  8.5148E+00  2.5488E-01
  8.5267E+00  2.5792E-01
  8.5386E+00  2.5766E-01
  8.5505E+00  2.5413E-01
  8.5624E+00  2.4749E-01
  8.5743E+00  2.3799E-01
  8.5863E+00  2.2601E-01
  8.5982E+00  2.1199E-01
  8.6101E+00  1.9643E-01
  8.6220E+00  1.7985E-01
  8.6339E+00  1.6279E-01
  8.6458E+00  1.4572E-01
  8.6577E+00  1.2911E-01
  8.6696E+00  1.1334E-01
  8.6815E+00  9.8730E-02
  8.6934E+00  8.5497E-02
  8.7053E+00  7.3782E-02
  8.7173E+00  6.3641E-02
  8.7292E+00  5.5046E-02
  8.7411E+00  4.7907E-02
  8.7530E+00  4.2076E-02
  8.7649E+00  3.7367E-02
  8.7768E+00  3.3575E-02
  8.7887E+00  3.0488E-02
  8.8006E+00  2.7904E-02
  8.8125E+00  2.5646E-02
  8.8244E+00  2.3565E-02
  8.8363E+00  2.1553E-02
  8.8482E+00  1.9537E-02
  8.8602E+00  1.7486E-02
  8.8721E+00  1.5400E-02
  8.8840E+00  1.3308E-02
  8.8959E+00  1.1257E-02
  8.9078E+00  9.3066E-03
  8.9197E+00  7.5172E-03
  8.9316E+00  5.9447E-03
  8.9435E+00  4.6335E-03
  8.9554E+00  3.6109E-03
  8.9673E+00  2.8855E-03
  8.9792E+00  2.4463E-03
  8.9912E+00  2.2638E-03
  9.0031E+00  2.2937E-03
  9.0150E+00  2.4813E-03
  9.0269E+00  2.7662E-03
  9.0388E+00  3.0882E-03
  9.0507E+00  3.3918E-03
  9.0626E+00  3.6306E-03
  9.0745E+00  3.7703E-03
  9.0864E+00  3.7908E-03
  9.0983E+00  3.6862E-03
  9.1102E+00  3.4642E-03
  9.1222E+00  3.1443E-03
  9.1341E+00  2.7547E-03
  9.1460E+00  2.3293E-03
  9.1579E+00  1.9035E-03
  9.1698E+00  1.5112E-03
  9.1817E+00  1.1813E-03
  9.1936E+00  9.3508E-04
  9.2055E+00  7.8510E-04
  9.2174E+00  7.3413E-04
  9.2293E+00  7.7574E-04
  9.2412E+00  8.9544E-04
  9.2531E+00  1.0727E-03
  9.2651E+00  1.2831E-03
  9.2770E+00  1.5013E-03
  9.2889E+00  1.7031E-03
  9.3008E+00  1.8679E-03
  9.3127E+00  1.9801E-03
  9.3246E+00  2.0307E-03
  9.3365E+00  2.0171E-03
  9.3484E+00  1.9435E-03
  9.3603E+00  1.8196E-03
  9.3722E+00  1.6594E-03
  9.3841E+00  1.4795E-03
  9.3961E+00  1.2974E-03
  9.4080E+00  1.1295E-03
  9.4199E+00  9.8951E-04
  9.4318E+00  8.8714E-04
  9.4437E+00  8.2750E-04
  9.4556E+00  8.1075E-04
  9.4675E+00  8.3238E-04
  9.4794E+00  8.8401E-04
  9.4913E+00  9.5445E-04
  9.5032E+00  1.0311E-03
  9.5151E+00  1.1012E-03
  9.5271E+00  1.1536E-03
  9.5390E+00  1.1791E-03
  9.5509E+00  1.1724E-03
  9.5628E+00  1.1314E-03
  9.5747E+00  1.0584E-03
  9.5866E+00  9.5879E-04
  9.5985E+00  8.4114E-04
  9.6104E+00  7.1582E-04
  9.6223E+00  5.9398E-04
  9.6342E+00  4.8639E-04
  9.6461E+00  4.0231E-04
  9.6580E+00  3.4856E-04
  9.6700E+00  3.2889E-04
  9.6819E+00  3.4367E-04
  9.6938E+00  3.8991E-04
  9.7057E+00  4.6169E-04
  9.7176E+00  5.5075E-04
  9.7295E+00  6.4738E-04
  9.7414E+00  7.4141E-04
  9.7533E+00  8.2315E-04
  9.7652E+00  8.8435E-04
  9.7771E+00  9.1888E-04
  9.7890E+00  9.2334E-04
  9.8010E+00  8.9723E-04
  9.8129E+00  8.4297E-04
  9.8248E+00  7.6555E-04
  9.8367E+00  6.7197E-04
  9.8486E+00  5.7051E-04
  9.8605E+00  4.6986E-04
  9.8724E+00  3.7824E-04
  9.8843E+00  3.0266E-04
  9.8962E+00  2.4825E-04
  9.9081E+00  2.1784E-04
  9.9200E+00  2.1180E-04
  9.9319E+00  2.2811E-04
  9.9439E+00  2.6267E-04
  9.9558E+00  3.0979E-04
  9.9677E+00  3.6282E-04
  9.9796E+00  4.1489E-04
  9.9915E+00  4.5952E-04
  1.0003E+01  4.9135E-04
  1.0015E+01  5.0656E-04
  1.0027E+01  5.0322E-04
  1.0039E+01  4.8145E-04
  1.0051E+01  4.4325E-04
  1.0063E+01  3.9230E-04
  1.0075E+01  3.3346E-04
  1.0087E+01  2.7221E-04
  1.0099E+01  2.1407E-04
  1.0111E+01  1.6400E-04
  1.0122E+01  1.2591E-04
  1.0134E+01  1.0227E-04
  1.0146E+01  9.3958E-05
  1.0158E+01  1.0023E-04
  1.0170E+01  1.1888E-04
  1.0182E+01  1.4659E-04
  1.0194E+01  1.7935E-04
  1.0206E+01  2.1297E-04
  1.0218E+01  2.4359E-04
  1.0230E+01  2.6820E-04
  1.0242E+01  2.8495E-04
  1.0253E+01  2.9346E-04
  1.0265E+01  2.9488E-04
  1.0277E+01  2.9176E-04
  1.0289E+01  2.8785E-04
  1.0301E+01  2.8760E-04
  1.0313E+01  2.9573E-04
  1.0325E+01  3.1664E-04
  1.0337E+01  3.5387E-04
  1.0349E+01  4.0965E-04
  1.0361E+01  4.8454E-04
  1.0373E+01  5.7725E-04
  1.0384E+01  6.8463E-04
  1.0396E+01  8.0185E-04
  1.0408E+01  9.2270E-04
  1.0420E+01  1.0401E-03
  1.0432E+01  1.1466E-03
  1.0444E+01  1.2352E-03
  1.0456E+01  1.2997E-03
  1.0468E+01  1.3354E-03
  1.0480E+01  1.3397E-03
  1.0492E+01  1.3119E-03
  1.0504E+01  1.2540E-03
  1.0515E+01  1.1697E-03
  1.0527E+01  1.0649E-03
  1.0539E+01  9.4673E-04
  1.0551E+01  8.2312E-04
  1.0563E+01  7.0208E-04
  1.0575E+01  5.9109E-04
  1.0587E+01  4.9649E-04
  1.0599E+01  4.2300E-04
  1.0611E+01  3.7338E-04
  1.0623E+01  3.4829E-04
  1.0635E+01  3.4632E-04
  1.0646E+01  3.6419E-04
  1.0658E+01  3.9708E-04
  1.0670E+01  4.3917E-04
  1.0682E+01  4.8413E-04
  1.0694E+01  5.2578E-04
  1.0706E+01  5.5859E-04
  1.0718E+01  5.7816E-04
  1.0730E+01  5.8166E-04
  1.0742E+01  5.6792E-04
  1.0754E+01  5.3755E-04
  1.0766E+01  4.9279E-04
  1.0777E+01  4.3718E-04
  1.0789E+01  3.7520E-04
  1.0801E+01  3.1179E-04
  1.0813E+01  2.5185E-04
  1.0825E+01  1.9978E-04
  1.0837E+01  1.5907E-04
  1.0849E+01  1.3200E-04
  1.0861E+01  1.1950E-04
  1.0873E+01  1.2107E-04
  1.0885E+01  1.3492E-04
  1.0897E+01  1.5815E-04
  1.0908E+01  1.8715E-04
  1.0920E+01  2.1791E-04
  1.0932E+01  2.4647E-04
  1.0944E+01  2.6935E-04
  1.0956E+01  2.8380E-04
  1.0968E+01  2.8815E-04
  1.0980E+01  2.8184E-04
  1.0992E+01  2.6549E-04
  1.1004E+01  2.4076E-04
  1.1016E+01  2.1013E-04
  1.1028E+01  1.7659E-04
  1.1039E+01  1.4332E-04
  1.1051E+01  1.1333E-04
  1.1063E+01  8.9185E-05
  1.1075E+01  7.2706E-05
  1.1087E+01  6.4840E-05
  1.1099E+01  6.5584E-05
  1.1111E+01  7.4035E-05
  1.1123E+01  8.8528E-05
  1.1135E+01  1.0687E-04
  1.1147E+01  1.2663E-04
  1.1159E+01  1.4544E-04
  1.1170E+01  1.6132E-04
  1.1182E+01  1.7294E-04
  1.1194E+01  1.7979E-04
  1.1206E+01  1.8228E-04
  1.1218E+01  1.8172E-04
  1.1230E+01  1.8021E-04
  1.1242E+01  1.8040E-04
  1.1254E+01  1.8518E-04
  1.1266E+01  1.9741E-04
  1.1278E+01  2.1949E-04
  1.1290E+01  2.5310E-04
  1.1301E+01  2.9893E-04
  1.1313E+01  3.5650E-04
  1.1325E+01  4.2408E-04
  1.1337E+01  4.9880E-04
  1.1349E+01  5.7679E-04
  1.1361E+01  6.5347E-04
  1.1373E+01  7.2395E-04
  1.1385E+01  7.8344E-04
  1.1397E+01  8.2767E-04
  1.1409E+01  8.5332E-04
  1.1421E+01  8.5832E-04
  1.1432E+01  8.4207E-04
  1.1444E+01  8.0553E-04
  1.1456E+01  7.5115E-04
  1.1468E+01  6.8270E-04
  1.1480E+01  6.0497E-04
  1.1492E+01  5.2335E-04
  1.1504E+01  4.4344E-04
  1.1516E+01  3.7054E-04
  1.1528E+01  3.0924E-04
  1.1540E+01  2.6304E-04
  1.1552E+01  2.3405E-04
  1.1563E+01  2.2284E-04
  1.1575E+01  2.2843E-04
  1.1587E+01  2.4838E-04
  1.1599E+01  2.7904E-04
  1.1611E+01  3.1596E-04
  1.1623E+01  3.5424E-04
  1.1635E+01  3.8907E-04
  1.1647E+01  4.1618E-04
  1.1659E+01  4.3218E-04
  1.1671E+01  4.3492E-04
  1.1683E+01  4.2368E-04
  1.1694E+01  3.9915E-04
  1.1706E+01  3.6344E-04
  1.1718E+01  3.1976E-04
  1.1730E+01  2.7220E-04
  1.1742E+01  2.2529E-04
  1.1754E+01  1.8355E-04
  1.1766E+01  1.5113E-04
  1.1778E+01  1.3133E-04
  1.1790E+01  1.2636E-04
  1.1802E+01  1.3707E-04
  1.1814E+01  1.6293E-04
  1.1825E+01  2.0204E-04
  1.1837E+01  2.5133E-04
  1.1849E+01  3.0688E-04
  1.1861E+01  3.6431E-04
  1.1873E+01  4.1919E-04
  1.1885E+01  4.6750E-04
  1.1897E+01  5.0601E-04
  1.1909E+01  5.3264E-04
  1.1921E+01  5.4665E-04
  1.1933E+01  5.4878E-04
  1.1945E+01  5.4119E-04
  1.1956E+01  5.2735E-04
  1.1968E+01  5.1177E-04
  1.1980E+01  4.9965E-04
  1.1992E+01  4.9646E-04
  1.2004E+01  5.0751E-04
  1.2016E+01  5.3753E-04
  1.2028E+01  5.9024E-04
  1.2040E+01  6.6810E-04
  1.2052E+01  7.7208E-04
  1.2064E+01  9.0155E-04
  1.2076E+01  1.0544E-03
  1.2087E+01  1.2272E-03
  1.2099E+01  1.4152E-03
  1.2111E+01  1.6132E-03
  1.2123E+01  1.8153E-03
  1.2135E+01  2.0157E-03
  1.2147E+01  2.2086E-03
  1.2159E+01  2.3889E-03
  1.2171E+01  2.5523E-03
  1.2183E+01  2.6952E-03
  1.2195E+01  2.8151E-03
  1.2207E+01  2.9102E-03
  1.2218E+01  2.9798E-03
  1.2230E+01  3.0239E-03
  1.2242E+01  3.0431E-03
  1.2254E+01  3.0382E-03
  1.2266E+01  3.0108E-03
  1.2278E+01  2.9623E-03
  1.2290E+01  2.8943E-03
  1.2302E+01  2.8083E-03
  1.2314E+01  2.7061E-03
  1.2326E+01  2.5890E-03
  1.2338E+01  2.4589E-03
  1.2349E+01  2.3176E-03
  1.2361E+01  2.1669E-03
  1.2373E+01  2.0093E-03
  1.2385E+01  1.8472E-03
  1.2397E+01  1.6835E-03
  1.2409E+01  1.5213E-03
  1.2421E+01  1.3637E-03
  1.2433E+01  1.2140E-03
  1.2445E+01  1.0750E-03
  1.2457E+01  9.4946E-04
  1.2469E+01  8.3933E-04
  1.2480E+01  7.4590E-04
  1.2492E+01  6.6964E-04
  1.2504E+01  6.1012E-04
  1.2516E+01  5.6606E-04
  1.2528E+01  5.3540E-04
  1.2540E+01  5.1551E-04
  1.2552E+01  5.0335E-04
  1.2564E+01  4.9574E-04
  1.2576E+01  4.8962E-04
  1.2588E+01  4.8227E-04
  1.2600E+01  4.7153E-04
  1.2611E+01  4.5593E-04
  1.2623E+01  4.3482E-04
  1.2635E+01  4.0836E-04
  1.2647E+01  3.7745E-04
  1.2659E+01  3.4365E-04
  1.2671E+01  3.0893E-04
  1.2683E+01  2.7552E-04
  1.2695E+01  2.4561E-04
  1.2707E+01  2.2115E-04
  1.2719E+01  2.0364E-04
  1.2731E+01  1.9396E-04
  1.2742E+01  1.9231E-04
  1.2754E+01  1.9818E-04
  1.2766E+01  2.1045E-04
  1.2778E+01  2.2747E-04
  1.2790E+01  2.4728E-04
  1.2802E+01  2.6782E-04
  1.2814E+01  2.8714E-04
  1.2826E+01  3.0362E-04
  1.2838E+01  3.1616E-04
  1.2850E+01  3.2430E-04
  1.2862E+01  3.2829E-04
  1.2873E+01  3.2908E-04
  1.2885E+01  3.2821E-04
  1.2897E+01  3.2774E-04
  1.2909E+01  3.2998E-04
  1.2921E+01  3.3729E-04
  1.2933E+01  3.5186E-04
  1.2945E+01  3.7545E-04
  1.2957E+01  4.0924E-04
  1.2969E+01  4.5368E-04
  1.2981E+01  5.0844E-04
  1.2993E+01  5.7243E-04
  1.3004E+01  6.4387E-04
  1.3016E+01  7.2046E-04
  1.3028E+01  7.9953E-04
  1.3040E+01  8.7827E-04
  1.3052E+01  9.5395E-04
  1.3064E+01  1.0241E-03
  1.3076E+01  1.0868E-03
  1.3088E+01  1.1406E-03
  1.3100E+01  1.1846E-03
  1.3112E+01  1.2188E-03
  1.3124E+01  1.2435E-03
  1.3135E+01  1.2596E-03
  1.3147E+01  1.2683E-03
  1.3159E+01  1.2708E-03
  1.3171E+01  1.2684E-03
  1.3183E+01  1.2620E-03
  1.3195E+01  1.2522E-03
  1.3207E+01  1.2392E-03
  1.3219E+01  1.2227E-03
  1.3231E+01  1.2022E-03
  1.3243E+01  1.1766E-03
  1.3255E+01  1.1450E-03
  1.3266E+01  1.1062E-03
  1.3278E+01  1.0595E-03
  1.3290E+01  1.0045E-03
  1.3302E+01  9.4137E-04
  1.3314E+01  8.7081E-04
  1.3326E+01  7.9425E-04
  1.3338E+01  7.1369E-04
  1.3350E+01  6.3162E-04
  1.3362E+01  5.5081E-04
  1.3374E+01  4.7415E-04
  1.3386E+01  4.0438E-04
  1.3397E+01  3.4385E-04
  1.3409E+01  2.9433E-04
  1.3421E+01  2.5687E-04
  1.3433E+01  2.3166E-04
  1.3445E+01  2.1809E-04
  1.3457E+01  2.1475E-04
  1.3469E+01  2.1957E-04
  1.3481E+01  2.3004E-04
  1.3493E+01  2.4336E-04
  1.3505E+01  2.5678E-04
  1.3517E+01  2.6774E-04
  1.3528E+01  2.7417E-04
  1.3540E+01  2.7459E-04
  1.3552E+01  2.6826E-04
  1.3564E+01  2.5523E-04
  1.3576E+01  2.3624E-04
  1.3588E+01  2.1269E-04
  1.3600E+01  1.8641E-04
  1.3612E+01  1.5951E-04
  1.3624E+01  1.3409E-04
  1.3636E+01  1.1210E-04
  1.3647E+01  9.5098E-05
  1.3659E+01  8.4131E-05
  1.3671E+01  7.9664E-05
  1.3683E+01  8.1559E-05
  1.3695E+01  8.9134E-05
  1.3707E+01  1.0127E-04
  1.3719E+01  1.1656E-04
  1.3731E+01  1.3349E-04
  1.3743E+01  1.5062E-04
  1.3755E+01  1.6677E-04
  1.3767E+01  1.8111E-04
  1.3778E+01  1.9331E-04
  1.3790E+01  2.0355E-04
  1.3802E+01  2.1248E-04
  1.3814E+01  2.2115E-04
  1.3826E+01  2.3093E-04
  1.3838E+01  2.4328E-04
  1.3850E+01  2.5969E-04
  1.3862E+01  2.8146E-04
  1.3874E+01  3.0967E-04
  1.3886E+01  3.4503E-04
  1.3898E+01  3.8794E-04
  1.3909E+01  4.3850E-04
  1.3921E+01  4.9659E-04
  1.3933E+01  5.6201E-04
  1.3945E+01  6.3459E-04
  1.3957E+01  7.1432E-04
  1.3969E+01  8.0144E-04
  1.3981E+01  8.9649E-04
  1.3993E+01  1.0003E-03
  1.4005E+01  1.1139E-03
  1.4017E+01  1.2385E-03
  1.4029E+01  1.3748E-03
  1.4040E+01  1.5235E-03
  1.4052E+01  1.6844E-03
  1.4064E+01  1.8564E-03
  1.4076E+01  2.0373E-03
  1.4088E+01  2.2235E-03
  1.4100E+01  2.4104E-03
  1.4112E+01  2.5919E-03
  1.4124E+01  2.7612E-03
  1.4136E+01  2.9107E-03
  1.4148E+01  3.0328E-03
  1.4160E+01  3.1199E-03
  1.4171E+01  3.1659E-03
  1.4183E+01  3.1659E-03
  1.4195E+01  3.1171E-03
  1.4207E+01  3.0191E-03
  1.4219E+01  2.8745E-03
  1.4231E+01  2.6883E-03
  1.4243E+01  2.4683E-03
  1.4255E+01  2.2244E-03
  1.4267E+01  1.9680E-03
  1.4279E+01  1.7113E-03
  1.4291E+01  1.4666E-03
  1.4302E+01  1.2450E-03
  1.4314E+01  1.0561E-03
  1.4326E+01  9.0695E-04
  1.4338E+01  8.0168E-04
  1.4350E+01  7.4121E-04
  1.4362E+01  7.2323E-04
  1.4374E+01  7.4239E-04
  1.4386E+01  7.9079E-04
  1.4398E+01  8.5864E-04
  1.4410E+01  9.3507E-04
  1.4422E+01  1.0091E-03
  1.4433E+01  1.0704E-03
  1.4445E+01  1.1105E-03
  1.4457E+01  1.1231E-03
  1.4469E+01  1.1050E-03
  1.4481E+01  1.0559E-03
  1.4493E+01  9.7874E-04
  1.4505E+01  8.7905E-04
  1.4517E+01  7.6458E-04
  1.4529E+01  6.4446E-04
  1.4541E+01  5.2827E-04
  1.4553E+01  4.2517E-04
  1.4564E+01  3.4304E-04
  1.4576E+01  2.8771E-04
  1.4588E+01  2.6246E-04
  1.4600E+01  2.6775E-04
  1.4612E+01  3.0115E-04
  1.4624E+01  3.5764E-04
  1.4636E+01  4.3009E-04
  1.4648E+01  5.0996E-04
  1.4660E+01  5.8818E-04
  1.4672E+01  6.5604E-04
  1.4684E+01  7.0603E-04
  1.4695E+01  7.3262E-04
  1.4707E+01  7.3276E-04
  1.4719E+01  7.0620E-04
  1.4731E+01  6.5546E-04
  1.4743E+01  5.8552E-04
  1.4755E+01  5.0332E-04
  1.4767E+01  4.1700E-04
  1.4779E+01  3.3506E-04
  1.4791E+01  2.6545E-04
  1.4803E+01  2.1484E-04
  1.4815E+01  1.8785E-04
  1.4826E+01  1.8664E-04
  1.4838E+01  2.1072E-04
  1.4850E+01  2.5698E-04
  1.4862E+01  3.2012E-04
  1.4874E+01  3.9327E-04
  1.4886E+01  4.6875E-04
  1.4898E+01  5.3907E-04
  1.4910E+01  5.9783E-04
  1.4922E+01  6.4055E-04
  1.4934E+01  6.6533E-04
  1.4946E+01  6.7319E-04
  1.4957E+01  6.6812E-04
  1.4969E+01  6.5675E-04
  1.4981E+01  6.4776E-04
  1.4993E+01  6.5090E-04
  1.5005E+01  6.7601E-04
  1.5017E+01  7.3179E-04
  1.5029E+01  8.2467E-04
  1.5041E+01  9.5790E-04
  1.5053E+01  1.1308E-03
  1.5065E+01  1.3383E-03
  1.5077E+01  1.5714E-03
  1.5088E+01  1.8170E-03
  1.5100E+01  2.0596E-03
  1.5112E+01  2.2820E-03
  1.5124E+01  2.4671E-03
  1.5136E+01  2.5995E-03
  1.5148E+01  2.6673E-03
  1.5160E+01  2.6628E-03
  1.5172E+01  2.5843E-03
  1.5184E+01  2.4360E-03
  1.5196E+01  2.2282E-03
  1.5208E+01  1.9766E-03
  1.5219E+01  1.7010E-03
  1.5231E+01  1.4241E-03
  1.5243E+01  1.1692E-03
  1.5255E+01  9.5853E-04
  1.5267E+01  8.1071E-04
  1.5279E+01  7.3938E-04
  1.5291E+01  7.5157E-04
  1.5303E+01  8.4682E-04
  1.5315E+01  1.0170E-03
  1.5327E+01  1.2467E-03
  1.5339E+01  1.5146E-03
  1.5350E+01  1.7953E-03
  1.5362E+01  2.0617E-03
  1.5374E+01  2.2877E-03
  1.5386E+01  2.4506E-03
  1.5398E+01  2.5339E-03
  1.5410E+01  2.5290E-03
  1.5422E+01  2.4366E-03
  1.5434E+01  2.2673E-03
  1.5446E+01  2.0409E-03
  1.5458E+01  1.7852E-03
  1.5470E+01  1.5341E-03
  1.5481E+01  1.3246E-03
  1.5493E+01  1.1938E-03
  1.5505E+01  1.1755E-03
  1.5517E+01  1.2969E-03
  1.5529E+01  1.5760E-03
  1.5541E+01  2.0192E-03
  1.5553E+01  2.6211E-03
  1.5565E+01  3.3640E-03
  1.5577E+01  4.2196E-03
  1.5589E+01  5.1521E-03
  1.5601E+01  6.1214E-03
  1.5612E+01  7.0879E-03
  1.5624E+01  8.0174E-03
  1.5636E+01  8.8855E-03
  1.5648E+01  9.6823E-03
  1.5660E+01  1.0416E-02
  1.5672E+01  1.1114E-02
  1.5684E+01  1.1824E-02
  1.5696E+01  1.2615E-02
  1.5708E+01  1.3570E-02
  1.5720E+01  1.4786E-02
  1.5732E+01  1.6363E-02
  1.5743E+01  1.8401E-02
  1.5755E+01  2.0990E-02
  1.5767E+01  2.4202E-02
  1.5779E+01  2.8081E-02
  1.5791E+01  3.2640E-02
  1.5803E+01  3.7856E-02
  1.5815E+01  4.3666E-02
  1.5827E+01  4.9967E-02
  1.5839E+01  5.6621E-02
  1.5851E+01  6.3455E-02
  1.5863E+01  7.0276E-02
  1.5874E+01  7.6870E-02
  1.5886E+01  8.3020E-02
  1.5898E+01  8.8511E-02
  1.5910E+01  9.3145E-02
  1.5922E+01  9.6747E-02
  1.5934E+01  9.9180E-02
  1.5946E+01  1.0035E-01
  1.5958E+01  1.0020E-01
  1.5970E+01  9.8741E-02
  1.5982E+01  9.6027E-02
  1.5994E+01  9.2164E-02
  1.6005E+01  8.7299E-02
  1.6017E+01  8.1615E-02
  1.6029E+01  7.5322E-02
  1.6041E+01  6.8640E-02
  1.6053E+01  6.1790E-02
  1.6065E+01  5.4985E-02
  1.6077E+01  4.8415E-02
  1.6089E+01  4.2242E-02
  1.6101E+01  3.6591E-02
  1.6113E+01  3.1552E-02
  1.6125E+01  2.7172E-02
  1.6136E+01  2.3464E-02
  1.6148E+01  2.0404E-02
  1.6160E+01  1.7941E-02
  1.6172E+01  1.5999E-02
  1.6184E+01  1.4490E-02
  1.6196E+01  1.3316E-02
  1.6208E+01  1.2380E-02
  1.6220E+01  1.1594E-02
  1.6232E+01  1.0878E-02
  1.6244E+01  1.0170E-02
  1.6256E+01  9.4290E-03
  1.6267E+01  8.6302E-03
  1.6279E+01  7.7691E-03
  1.6291E+01  6.8571E-03
  1.6303E+01  5.9182E-03
  1.6315E+01  4.9851E-03
  1.6327E+01  4.0948E-03
  1.6339E+01  3.2841E-03
  1.6351E+01  2.5857E-03
  1.6363E+01  2.0249E-03
  1.6375E+01  1.6176E-03
  1.6387E+01  1.3686E-03
  1.6398E+01  1.2715E-03
  1.6410E+01  1.3097E-03
  1.6422E+01  1.4578E-03
  1.6434E+01  1.6842E-03
  1.6446E+01  1.9538E-03
  1.6458E+01  2.2315E-03
  1.6470E+01  2.4845E-03
  1.6482E+01  2.6855E-03
  1.6494E+01  2.8142E-03
  1.6506E+01  2.8589E-03
  1.6518E+01  2.8169E-03
  1.6529E+01  2.6942E-03
  1.6541E+01  2.5045E-03
  1.6553E+01  2.2673E-03
  1.6565E+01  2.0066E-03
  1.6577E+01  1.7480E-03
  1.6589E+01  1.5168E-03
  1.6601E+01  1.3358E-03
  1.6613E+01  1.2236E-03
  1.6625E+01  1.1929E-03
  1.6637E+01  1.2501E-03
  1.6649E+01  1.3946E-03
  1.6660E+01  1.6193E-03
  1.6672E+01  1.9113E-03
  1.6684E+01  2.2533E-03
  1.6696E+01  2.6249E-03
  1.6708E+01  3.0044E-03
  1.6720E+01  3.3701E-03
  1.6732E+01  3.7026E-03
  1.6744E+01  3.9852E-03
  1.6756E+01  4.2051E-03
  1.6768E+01  4.3542E-03
  1.6780E+01  4.4287E-03
  1.6791E+01  4.4295E-03
  1.6803E+01  4.3611E-03
  1.6815E+01  4.2316E-03
  1.6827E+01  4.0510E-03
  1.6839E+01  3.8309E-03
  1.6851E+01  3.5835E-03
  1.6863E+01  3.3204E-03
  1.6875E+01  3.0520E-03
  1.6887E+01  2.7875E-03
  1.6899E+01  2.5336E-03
  1.6911E+01  2.2952E-03
  1.6922E+01  2.0752E-03
  1.6934E+01  1.8745E-03
  1.6946E+01  1.6929E-03
  1.6958E+01  1.5289E-03
  1.6970E+01  1.3805E-03
  1.6982E+01  1.2456E-03
  1.6994E+01  1.1223E-03
  1.7006E+01  1.0088E-03
  1.7018E+01  9.0426E-04
  1.7030E+01  8.0799E-04
  1.7042E+01  7.1994E-04
  1.7053E+01  6.4038E-04
  1.7065E+01  5.6973E-04
  1.7077E+01  5.0834E-04
  1.7089E+01  4.5637E-04
  1.7101E+01  4.1361E-04
  1.7113E+01  3.7943E-04
  1.7125E+01  3.5275E-04
  1.7137E+01  3.3213E-04
  1.7149E+01  3.1585E-04
  1.7161E+01  3.0210E-04
  1.7173E+01  2.8914E-04
  1.7184E+01  2.7548E-04
  1.7196E+01  2.6004E-04
  1.7208E+01  2.4224E-04
  1.7220E+01  2.2206E-04
  1.7232E+01  2.0006E-04
  1.7244E+01  1.7726E-04
  1.7256E+01  1.5505E-04
  1.7268E+01  1.3503E-04
  1.7280E+01  1.1880E-04
  1.7292E+01  1.0781E-04
  1.7304E+01  1.0311E-04
  1.7315E+01  1.0529E-04
  1.7327E+01  1.1434E-04
  1.7339E+01  1.2964E-04
  1.7351E+01  1.5000E-04
  1.7363E+01  1.7377E-04
  1.7375E+01  1.9896E-04
  1.7387E+01  2.2346E-04
  1.7399E+01  2.4522E-04
  1.7411E+01  2.6248E-04
  1.7423E+01  2.7388E-04
  1.7435E+01  2.7868E-04
  1.7446E+01  2.7676E-04
  1.7458E+01  2.6873E-04
  1.7470E+01  2.5581E-04
  1.7482E+01  2.3981E-04
  1.7494E+01  2.2295E-04
  1.7506E+01  2.0769E-04
  1.7518E+01  1.9651E-04
  1.7530E+01  1.9173E-04
  1.7542E+01  1.9529E-04
  1.7554E+01  2.0860E-04
  1.7565E+01  2.3242E-04
  1.7577E+01  2.6679E-04
  1.7589E+01  3.1106E-04
  1.7601E+01  3.6389E-04
  1.7613E+01  4.2340E-04
  1.7625E+01  4.8728E-04
  1.7637E+01  5.5295E-04
  1.7649E+01  6.1776E-04
  1.7661E+01  6.7916E-04
  1.7673E+01  7.3479E-04
  1.7685E+01  7.8269E-04
  1.7696E+01  8.2136E-04
  1.7708E+01  8.4978E-04
  1.7720E+01  8.6749E-04
  1.7732E+01  8.7456E-04
  1.7744E+01  8.7150E-04
  1.7756E+01  8.5922E-04
  1.7768E+01  8.3892E-04
  1.7780E+01  8.1198E-04
  1.7792E+01  7.7987E-04
  1.7804E+01  7.4403E-04
  1.7816E+01  7.0578E-04
  1.7827E+01  6.6629E-04
  1.7839E+01  6.2651E-04
  1.7851E+01  5.8717E-04
  1.7863E+01  5.4877E-04
  1.7875E+01  5.1164E-04
  1.7887E+01  4.7592E-04
  1.7899E+01  4.4165E-04
  1.7911E+01  4.0879E-04
  1.7923E+01  3.7725E-04
  1.7935E+01  3.4694E-04
  1.7947E+01  3.1780E-04
  1.7958E+01  2.8980E-04
  1.7970E+01  2.6292E-04
  1.7982E+01  2.3722E-04
  1.7994E+01  2.1277E-04
  1.8006E+01  1.8965E-04
  1.8018E+01  1.6795E-04
  1.8030E+01  1.4778E-04
  1.8042E+01  1.2920E-04
  1.8054E+01  1.1227E-04
  1.8066E+01  9.7050E-05
  1.8078E+01  8.3551E-05
  1.8089E+01  7.1781E-05
  1.8101E+01  6.1734E-05
  1.8113E+01  5.3390E-05
  1.8125E+01  4.6717E-05
  1.8137E+01  4.1667E-05
  1.8149E+01  3.8177E-05
  1.8161E+01  3.6156E-05
  1.8173E+01  3.5487E-05
  1.8185E+01  3.6018E-05
  1.8197E+01  3.7561E-05
  1.8209E+01  3.9893E-05
  1.8220E+01  4.2759E-05
  1.8232E+01  4.5887E-05
  1.8244E+01  4.8994E-05
  1.8256E+01  5.1808E-05
  1.8268E+01  5.4085E-05
  1.8280E+01  5.5628E-05
  1.8292E+01  5.6300E-05
  1.8304E+01  5.6043E-05
  1.8316E+01  5.4882E-05
  1.8328E+01  5.2928E-05
  1.8340E+01  5.0377E-05
  1.8351E+01  4.7497E-05
  1.8363E+01  4.4608E-05
  1.8375E+01  4.2071E-05
  1.8387E+01  4.0252E-05
  1.8399E+01  3.9504E-05
  1.8411E+01  4.0141E-05
  1.8423E+01  4.2415E-05
  1.8435E+01  4.6504E-05
  1.8447E+01  5.2499E-05
  1.8459E+01  6.0408E-05
  1.8471E+01  7.0154E-05
  1.8482E+01  8.1595E-05
  1.8494E+01  9.4531E-05
  1.8506E+01  1.0873E-04
  1.8518E+01  1.2394E-04
  1.8530E+01  1.3991E-04
  1.8542E+01  1.5640E-04
  1.8554E+01  1.7320E-04
  1.8566E+01  1.9012E-04
  1.8578E+01  2.0700E-04
  1.8590E+01  2.2371E-04
  1.8602E+01  2.4014E-04
  1.8613E+01  2.5618E-04
  1.8625E+01  2.7174E-04
  1.8637E+01  2.8670E-04
  1.8649E+01  3.0097E-04
  1.8661E+01  3.1442E-04
  1.8673E+01  3.2692E-04
  1.8685E+01  3.3835E-04
  1.8697E+01  3.4856E-04
  1.8709E+01  3.5743E-04
  1.8721E+01  3.6483E-04
  1.8733E+01  3.7065E-04
  1.8744E+01  3.7480E-04
  1.8756E+01  3.7720E-04
  1.8768E+01  3.7778E-04
  1.8780E+01  3.7648E-04
  1.8792E+01  3.7324E-04
  1.8804E+01  3.6803E-04
  1.8816E+01  3.6079E-04
  1.8828E+01  3.5148E-04
  1.8840E+01  3.4009E-04
  1.8852E+01  3.2659E-04
  1.8864E+01  3.1102E-04
  1.8875E+01  2.9347E-04
  1.8887E+01  2.7410E-04
  1.8899E+01  2.5313E-04
  1.8911E+01  2.3091E-04
  1.8923E+01  2.0787E-04
  1.8935E+01  1.8455E-04
  1.8947E+01  1.6157E-04
  1.8959E+01  1.3961E-04
  1.8971E+01  1.1937E-04
  1.8983E+01  1.0152E-04
  1.8995E+01  8.6692E-05
  1.9006E+01  7.5356E-05
  1.9018E+01  6.7825E-05
  1.9030E+01  6.4190E-05
  1.9042E+01  6.4293E-05
  1.9054E+01  6.7719E-05
  1.9066E+01  7.3806E-05
  1.9078E+01  8.1687E-05
  1.9090E+01  9.0350E-05
  1.9102E+01  9.8720E-05
  1.9114E+01  1.0576E-04
  1.9126E+01  1.1057E-04
  1.9137E+01  1.1249E-04
  1.9149E+01  1.1119E-04
  1.9161E+01  1.0673E-04
  1.9173E+01  9.9605E-05
  1.9185E+01  9.0712E-05
  1.9197E+01  8.1341E-05
  1.9209E+01  7.3079E-05
  1.9221E+01  6.7703E-05
  1.9233E+01  6.7035E-05
  1.9245E+01  7.2799E-05
  1.9257E+01  8.6464E-05
  1.9268E+01  1.0911E-04
  1.9280E+01  1.4135E-04
  1.9292E+01  1.8323E-04
  1.9304E+01  2.3427E-04
  1.9316E+01  2.9354E-04
  1.9328E+01  3.5977E-04
  1.9340E+01  4.3158E-04
  1.9352E+01  5.0768E-04
  1.9364E+01  5.8716E-04
  1.9376E+01  6.6974E-04
  1.9388E+01  7.5602E-04
  1.9399E+01  8.4766E-04
  1.9411E+01  9.4748E-04
  1.9423E+01  1.0595E-03
  1.9435E+01  1.1887E-03
  1.9447E+01  1.3410E-03
  1.9459E+01  1.5228E-03
  1.9471E+01  1.7406E-03
  1.9483E+01  2.0003E-03
  1.9495E+01  2.3068E-03
  1.9507E+01  2.6634E-03
  1.9519E+01  3.0712E-03
  1.9530E+01  3.5287E-03
  1.9542E+01  4.0315E-03
  1.9554E+01  4.5722E-03
  1.9566E+01  5.1402E-03
  1.9578E+01  5.7226E-03
  1.9590E+01  6.3037E-03
  1.9602E+01  6.8667E-03
  1.9614E+01  7.3933E-03
  1.9626E+01  7.8656E-03
  1.9638E+01  8.2663E-03
  1.9650E+01  8.5798E-03
  1.9661E+01  8.7933E-03
  1.9673E+01  8.8971E-03
  1.9685E+01  8.8857E-03
  1.9697E+01  8.7582E-03
  1.9709E+01  8.5180E-03
  1.9721E+01  8.1733E-03
  1.9733E+01  7.7366E-03
  1.9745E+01  7.2238E-03
  1.9757E+01  6.6537E-03
  1.9769E+01  6.0469E-03
  1.9781E+01  5.4244E-03
  1.9792E+01  4.8069E-03
  1.9804E+01  4.2133E-03
  1.9816E+01  3.6597E-03
  1.9828E+01  3.1593E-03
  1.9840E+01  2.7210E-03
  1.9852E+01  2.3499E-03
  1.9864E+01  2.0468E-03
  1.9876E+01  1.8089E-03
  1.9888E+01  1.6302E-03
  1.9900E+01  1.5018E-03
  1.9912E+01  1.4134E-03
  1.9923E+01  1.3537E-03
  1.9935E+01  1.3112E-03
  1.9947E+01  1.2754E-03
  1.9959E+01  1.2373E-03
  1.9971E+01  1.1901E-03
  1.9983E+01  1.1292E-03
  1.9995E+01  1.0529E-03
  2.0007E+01  9.6168E-04
  2.0019E+01  8.5836E-04
  2.0031E+01  7.4751E-04
  2.0043E+01  6.3483E-04
  2.0054E+01  5.2659E-04
  2.0066E+01  4.2891E-04
  2.0078E+01  3.4725E-04
  2.0090E+01  2.8582E-04
  2.0102E+01  2.4727E-04
  2.0114E+01  2.3247E-04
  2.0126E+01  2.4040E-04
  2.0138E+01  2.6832E-04
  2.0150E+01  3.1202E-04
  2.0162E+01  3.6620E-04
  2.0174E+01  4.2498E-04
  2.0185E+01  4.8238E-04
  2.0197E+01  5.3290E-04
  2.0209E+01  5.7197E-04
  2.0221E+01  5.9634E-04
  2.0233E+01  6.0433E-04
  2.0245E+01  5.9597E-04
  2.0257E+01  5.7297E-04
  2.0269E+01  5.3851E-04
  2.0281E+01  4.9699E-04
  2.0293E+01  4.5359E-04
  2.0305E+01  4.1390E-04
  2.0316E+01  3.8336E-04
  2.0328E+01  3.6686E-04
  2.0340E+01  3.6834E-04
  2.0352E+01  3.9044E-04
  2.0364E+01  4.3429E-04
  2.0376E+01  4.9943E-04
  2.0388E+01  5.8383E-04
  2.0400E+01  6.8405E-04
  2.0412E+01  7.9548E-04
  2.0424E+01  9.1273E-04
  2.0436E+01  1.0300E-03
  2.0447E+01  1.1415E-03
  2.0459E+01  1.2417E-03
  2.0471E+01  1.3262E-03
  2.0483E+01  1.3912E-03
  2.0495E+01  1.4344E-03
  2.0507E+01  1.4546E-03
  2.0519E+01  1.4519E-03
  2.0531E+01  1.4275E-03
  2.0543E+01  1.3839E-03
  2.0555E+01  1.3239E-03
  2.0567E+01  1.2511E-03
  2.0578E+01  1.1691E-03
  2.0590E+01  1.0817E-03
  2.0602E+01  9.9237E-04
  2.0614E+01  9.0393E-04
  2.0626E+01  8.1880E-04
  2.0638E+01  7.3871E-04
  2.0650E+01  6.6469E-04
  2.0662E+01  5.9722E-04
  2.0674E+01  5.3621E-04
  2.0686E+01  4.8123E-04
  2.0698E+01  4.3158E-04
  2.0709E+01  3.8647E-04
  2.0721E+01  3.4515E-04
  2.0733E+01  3.0698E-04
  2.0745E+01  2.7153E-04
  2.0757E+01  2.3859E-04
  2.0769E+01  2.0816E-04
  2.0781E+01  1.8042E-04
  2.0793E+01  1.5564E-04
  2.0805E+01  1.3416E-04
  2.0817E+01  1.1624E-04
  2.0829E+01  1.0205E-04
  2.0840E+01  9.1564E-05
  2.0852E+01  8.4559E-05
  2.0864E+01  8.0606E-05
  2.0876E+01  7.9093E-05
  2.0888E+01  7.9275E-05
  2.0900E+01  8.0342E-05
  2.0912E+01  8.1497E-05
  2.0924E+01  8.2035E-05
  2.0936E+01  8.1412E-05
  2.0948E+01  7.9298E-05
  2.0960E+01  7.5609E-05
  2.0971E+01  7.0511E-05
  2.0983E+01  6.4398E-05
  2.0995E+01  5.7842E-05
  2.1007E+01  5.1533E-05
  2.1019E+01  4.6194E-05
  2.1031E+01  4.2497E-05
  2.1043E+01  4.0983E-05
  2.1055E+01  4.1997E-05
  2.1067E+01  4.5636E-05
  2.1079E+01  5.1734E-05
  2.1091E+01  5.9868E-05
  2.1102E+01  6.9395E-05
  2.1114E+01  7.9514E-05
  2.1126E+01  8.9347E-05
  2.1138E+01  9.8029E-05
  2.1150E+01  1.0480E-04
  2.1162E+01  1.0908E-04
  2.1174E+01  1.1055E-04
  2.1186E+01  1.0917E-04
  2.1198E+01  1.0523E-04
  2.1210E+01  9.9293E-05
  2.1222E+01  9.2167E-05
  2.1233E+01  8.4843E-05
  2.1245E+01  7.8395E-05
  2.1257E+01  7.3882E-05
  2.1269E+01  7.2248E-05
  2.1281E+01  7.4225E-05
  2.1293E+01  8.0261E-05
  2.1305E+01  9.0471E-05
  2.1317E+01  1.0462E-04
  2.1329E+01  1.2212E-04
  2.1341E+01  1.4211E-04
  2.1353E+01  1.6350E-04
  2.1364E+01  1.8508E-04
  2.1376E+01  2.0561E-04
  2.1388E+01  2.2393E-04
  2.1400E+01  2.3907E-04
  2.1412E+01  2.5029E-04
  2.1424E+01  2.5720E-04
  2.1436E+01  2.5970E-04
  2.1448E+01  2.5806E-04
  2.1460E+01  2.5283E-04
  2.1472E+01  2.4479E-04
  2.1483E+01  2.3490E-04
  2.1495E+01  2.2416E-04
  2.1507E+01  2.1353E-04
  2.1519E+01  2.0387E-04
  2.1531E+01  1.9580E-04
  2.1543E+01  1.8970E-04
  2.1555E+01  1.8565E-04
  2.1567E+01  1.8345E-04
  2.1579E+01  1.8266E-04
  2.1591E+01  1.8264E-04
  2.1603E+01  1.8264E-04
  2.1614E+01  1.8187E-04
  2.1626E+01  1.7963E-04
  2.1638E+01  1.7534E-04
  2.1650E+01  1.6864E-04
  2.1662E+01  1.5942E-04
  2.1674E+01  1.4784E-04
  2.1686E+01  1.3435E-04
  2.1698E+01  1.1960E-04
  2.1710E+01  1.0441E-04
  2.1722E+01  8.9681E-05
  2.1734E+01  7.6319E-05
  2.1745E+01  6.5128E-05
  2.1757E+01  5.6738E-05
  2.1769E+01  5.1536E-05
  2.1781E+01  4.9629E-05
  2.1793E+01  5.0833E-05
  2.1805E+01  5.4691E-05
  2.1817E+01  6.0514E-05
  2.1829E+01  6.7453E-05
  2.1841E+01  7.4577E-05
  2.1853E+01  8.0972E-05
  2.1865E+01  8.5823E-05
  2.1876E+01  8.8497E-05
  2.1888E+01  8.8609E-05
  2.1900E+01  8.6055E-05
  2.1912E+01  8.1027E-05
  2.1924E+01  7.3992E-05
  2.1936E+01  6.5647E-05
  2.1948E+01  5.6848E-05
  2.1960E+01  4.8518E-05
  2.1972E+01  4.1560E-05
  2.1984E+01  3.6757E-05
  2.1996E+01  3.4691E-05
  2.2007E+01  3.5683E-05
  2.2019E+01  3.9758E-05
  2.2031E+01  4.6638E-05
  2.2043E+01  5.5769E-05
  2.2055E+01  6.6373E-05
  2.2067E+01  7.7526E-05
  2.2079E+01  8.8253E-05
  2.2091E+01  9.7621E-05
  2.2103E+01  1.0484E-04
  2.2115E+01  1.0936E-04
  2.2127E+01  1.1092E-04
  2.2138E+01  1.0956E-04
  2.2150E+01  1.0571E-04
  2.2162E+01  1.0006E-04
  2.2174E+01  9.3569E-05
  2.2186E+01  8.7347E-05
  2.2198E+01  8.2561E-05
  2.2210E+01  8.0319E-05
  2.2222E+01  8.1556E-05
  2.2234E+01  8.6946E-05
  2.2246E+01  9.6819E-05
  2.2258E+01  1.1112E-04
  2.2269E+01  1.2942E-04
  2.2281E+01  1.5089E-04
  2.2293E+01  1.7442E-04
  2.2305E+01  1.9869E-04
  2.2317E+01  2.2224E-04
  2.2329E+01  2.4365E-04
  2.2341E+01  2.6160E-04
  2.2353E+01  2.7502E-04
  2.2365E+01  2.8320E-04
  2.2377E+01  2.8578E-04
  2.2389E+01  2.8284E-04
  2.2400E+01  2.7485E-04
  2.2412E+01  2.6267E-04
  2.2424E+01  2.4738E-04
  2.2436E+01  2.3029E-04
  2.2448E+01  2.1272E-04
  2.2460E+01  1.9593E-04
  2.2472E+01  1.8099E-04
  2.2484E+01  1.6872E-04
  2.2496E+01  1.5957E-04
  2.2508E+01  1.5365E-04
  2.2520E+01  1.5070E-04
  2.2531E+01  1.5014E-04
  2.2543E+01  1.5115E-04
  2.2555E+01  1.5275E-04
  2.2567E+01  1.5392E-04
  2.2579E+01  1.5371E-04
  2.2591E+01  1.5135E-04
  2.2603E+01  1.4631E-04
  2.2615E+01  1.3841E-04
  2.2627E+01  1.2778E-04
  2.2639E+01  1.1489E-04
  2.2651E+01  1.0052E-04
  2.2662E+01  8.5605E-05
  2.2674E+01  7.1235E-05
  2.2686E+01  5.8474E-05
  2.2698E+01  4.8271E-05
  2.2710E+01  4.1361E-05
  2.2722E+01  3.8182E-05
  2.2734E+01  3.8822E-05
  2.2746E+01  4.3011E-05
  2.2758E+01  5.0133E-05
  2.2770E+01  5.9294E-05
  2.2782E+01  6.9398E-05
  2.2793E+01  7.9269E-05
  2.2805E+01  8.7768E-05
  2.2817E+01  9.3917E-05
  2.2829E+01  9.7010E-05
  2.2841E+01  9.6701E-05
  2.2853E+01  9.3051E-05
  2.2865E+01  8.6544E-05
  2.2877E+01  7.8045E-05
  2.2889E+01  6.8737E-05
  2.2901E+01  6.0002E-05
  2.2913E+01  5.3296E-05
  2.2924E+01  5.0004E-05
  2.2936E+01  5.1293E-05
  2.2948E+01  5.7996E-05
  2.2960E+01  7.0511E-05
  2.2972E+01  8.8750E-05
  2.2984E+01  1.1213E-04
  2.2996E+01  1.3962E-04
  2.3008E+01  1.6983E-04
  2.3020E+01  2.0117E-04
  2.3032E+01  2.3197E-04
  2.3044E+01  2.6076E-04
  2.3055E+01  2.8635E-04
  2.3067E+01  3.0810E-04
  2.3079E+01  3.2599E-04
  2.3091E+01  3.4075E-04
  2.3103E+01  3.5385E-04
  2.3115E+01  3.6745E-04
  2.3127E+01  3.8433E-04
  2.3139E+01  4.0764E-04
  2.3151E+01  4.4073E-04
  2.3163E+01  4.8686E-04
  2.3175E+01  5.4891E-04
  2.3186E+01  6.2911E-04
  2.3198E+01  7.2877E-04
  2.3210E+01  8.4812E-04
  2.3222E+01  9.8612E-04
  2.3234E+01  1.1404E-03
  2.3246E+01  1.3074E-03
  2.3258E+01  1.4823E-03
  2.3270E+01  1.6595E-03
  2.3282E+01  1.8327E-03
  2.3294E+01  1.9953E-03
  2.3306E+01  2.1407E-03
  2.3317E+01  2.2632E-03
  2.3329E+01  2.3574E-03
  2.3341E+01  2.4195E-03
  2.3353E+01  2.4468E-03
  2.3365E+01  2.4381E-03
  2.3377E+01  2.3941E-03
  2.3389E+01  2.3166E-03
  2.3401E+01  2.2091E-03
  2.3413E+01  2.0762E-03
  2.3425E+01  1.9234E-03
  2.3437E+01  1.7567E-03
  2.3448E+01  1.5825E-03
  2.3460E+01  1.4071E-03
  2.3472E+01  1.2363E-03
  2.3484E+01  1.0752E-03
  2.3496E+01  9.2782E-04
  2.3508E+01  7.9720E-04
  2.3520E+01  6.8508E-04
  2.3532E+01  5.9200E-04
  2.3544E+01  5.1739E-04
  2.3556E+01  4.5967E-04
  2.3568E+01  4.1655E-04
  2.3579E+01  3.8520E-04
  2.3591E+01  3.6254E-04
  2.3603E+01  3.4550E-04
  2.3615E+01  3.3123E-04
  2.3627E+01  3.1729E-04
  2.3639E+01  3.0183E-04
  2.3651E+01  2.8361E-04
  2.3663E+01  2.6208E-04
  2.3675E+01  2.3730E-04
  2.3687E+01  2.0991E-04
  2.3699E+01  1.8099E-04
  2.3710E+01  1.5189E-04
  2.3722E+01  1.2413E-04
  2.3734E+01  9.9160E-05
  2.3746E+01  7.8292E-05
  2.3758E+01  6.2531E-05
  2.3770E+01  5.2509E-05
  2.3782E+01  4.8435E-05
  2.3794E+01  5.0090E-05
  2.3806E+01  5.6857E-05
  2.3818E+01  6.7786E-05
  2.3830E+01  8.1684E-05
  2.3841E+01  9.7215E-05
  2.3853E+01  1.1302E-04
  2.3865E+01  1.2781E-04
  2.3877E+01  1.4050E-04
  2.3889E+01  1.5025E-04
  2.3901E+01  1.5655E-04
  2.3913E+01  1.5925E-04
  2.3925E+01  1.5856E-04
  2.3937E+01  1.5503E-04
  2.3949E+01  1.4951E-04
  2.3961E+01  1.4306E-04
  2.3972E+01  1.3693E-04
  2.3984E+01  1.3240E-04
  2.3996E+01  1.3074E-04
  2.4008E+01  1.3310E-04
  2.4020E+01  1.4049E-04
  2.4032E+01  1.5365E-04
  2.4044E+01  1.7307E-04
  2.4056E+01  1.9894E-04
  2.4068E+01  2.3114E-04
  2.4080E+01  2.6926E-04
  2.4092E+01  3.1262E-04
  2.4103E+01  3.6029E-04
  2.4115E+01  4.1118E-04
  2.4127E+01  4.6404E-04
  2.4139E+01  5.1753E-04
  2.4151E+01  5.7031E-04
  2.4163E+01  6.2104E-04
  2.4175E+01  6.6848E-04
  2.4187E+01  7.1152E-04
  2.4199E+01  7.4919E-04
  2.4211E+01  7.8073E-04
  2.4223E+01  8.0557E-04
  2.4234E+01  8.2334E-04
  2.4246E+01  8.3388E-04
  2.4258E+01  8.3723E-04
  2.4270E+01  8.3359E-04
  2.4282E+01  8.2331E-04
  2.4294E+01  8.0690E-04
  2.4306E+01  7.8495E-04
  2.4318E+01  7.5814E-04
  2.4330E+01  7.2718E-04
  2.4342E+01  6.9285E-04
  2.4354E+01  6.5588E-04
  2.4365E+01  6.1702E-04
  2.4377E+01  5.7696E-04
  2.4389E+01  5.3634E-04
  2.4401E+01  4.9572E-04
  2.4413E+01  4.5559E-04
  2.4425E+01  4.1638E-04
  2.4437E+01  3.7841E-04
  2.4449E+01  3.4196E-04
  2.4461E+01  3.0723E-04
  2.4473E+01  2.7438E-04
  2.4485E+01  2.4353E-04
  2.4496E+01  2.1476E-04
  2.4508E+01  1.8816E-04
  2.4520E+01  1.6378E-04
  2.4532E+01  1.4166E-04
  2.4544E+01  1.2184E-04
  2.4556E+01  1.0432E-04
  2.4568E+01  8.9118E-05
  2.4580E+01  7.6189E-05
  2.4592E+01  6.5470E-05
  2.4604E+01  5.6856E-05
  2.4616E+01  5.0202E-05
  2.4627E+01  4.5321E-05
  2.4639E+01  4.1991E-05
  2.4651E+01  3.9962E-05
  2.4663E+01  3.8962E-05
  2.4675E+01  3.8715E-05
  2.4687E+01  3.8951E-05
  2.4699E+01  3.9422E-05
  2.4711E+01  3.9909E-05
  2.4723E+01  4.0240E-05
  2.4735E+01  4.0288E-05
  2.4747E+01  3.9985E-05
  2.4758E+01  3.9312E-05
  2.4770E+01  3.8303E-05
  2.4782E+01  3.7037E-05
  2.4794E+01  3.5626E-05
  2.4806E+01  3.4206E-05
  2.4818E+01  3.2927E-05
  2.4830E+01  3.1943E-05
  2.4842E+01  3.1397E-05
  2.4854E+01  3.1422E-05
  2.4866E+01  3.2132E-05
  2.4878E+01  3.3620E-05
  2.4889E+01  3.5961E-05
  2.4901E+01  3.9213E-05
  2.4913E+01  4.3423E-05
  2.4925E+01  4.8631E-05
  2.4937E+01  5.4872E-05
  2.4949E+01  6.2178E-05
  2.4961E+01  7.0583E-05
  2.4973E+01  8.0117E-05
  2.4985E+01  9.0803E-05
  2.4997E+01  1.0266E-04
  2.5009E+01  1.1567E-04
  2.5020E+01  1.2982E-04
  2.5032E+01  1.4505E-04
  2.5044E+01  1.6127E-04
  2.5056E+01  1.7837E-04
  2.5068E+01  1.9619E-04
  2.5080E+01  2.1456E-04
  2.5092E+01  2.3327E-04
  2.5104E+01  2.5212E-04
  2.5116E+01  2.7088E-04
  2.5128E+01  2.8935E-04
  2.5140E+01  3.0732E-04
  2.5151E+01  3.2458E-04
  2.5163E+01  3.4098E-04
  2.5175E+01  3.5634E-04
  2.5187E+01  3.7051E-04
  2.5199E+01  3.8334E-04
  2.5211E+01  3.9468E-04
  2.5223E+01  4.0436E-04
  2.5235E+01  4.1220E-04
  2.5247E+01  4.1800E-04
  2.5259E+01  4.2155E-04
  2.5271E+01  4.2261E-04
  2.5282E+01  4.2095E-04
  2.5294E+01  4.1637E-04
  2.5306E+01  4.0867E-04
  2.5318E+01  3.9775E-04
  2.5330E+01  3.8356E-04
  2.5342E+01  3.6618E-04
  2.5354E+01  3.4580E-04
  2.5366E+01  3.2274E-04
  2.5378E+01  2.9748E-04
  2.5390E+01  2.7063E-04
  2.5401E+01  2.4289E-04
  2.5413E+01  2.1508E-04
  2.5425E+01  1.8804E-04
  2.5437E+01  1.6263E-04
  2.5449E+01  1.3964E-04
  2.5461E+01  1.1977E-04
  2.5473E+01  1.0353E-04
  2.5485E+01  9.1280E-05
  2.5497E+01  8.3111E-05
  2.5509E+01  7.8892E-05
  2.5521E+01  7.8252E-05
  2.5532E+01  8.0609E-05
  2.5544E+01  8.5209E-05
  2.5556E+01  9.1181E-05
  2.5568E+01  9.7604E-05
  2.5580E+01  1.0357E-04
  2.5592E+01  1.0827E-04
  2.5604E+01  1.1103E-04
  2.5616E+01  1.1138E-04
  2.5628E+01  1.0908E-04
  2.5640E+01  1.0415E-04
  2.5652E+01  9.6843E-05
  2.5663E+01  8.7643E-05
  2.5675E+01  7.7199E-05
  2.5687E+01  6.6275E-05
  2.5699E+01  5.5679E-05
  2.5711E+01  4.6189E-05
  2.5723E+01  3.8480E-05
  2.5735E+01  3.3068E-05
  2.5747E+01  3.0257E-05
  2.5759E+01  3.0121E-05
  2.5771E+01  3.2494E-05
  2.5783E+01  3.6992E-05
  2.5794E+01  4.3048E-05
  2.5806E+01  4.9973E-05
  2.5818E+01  5.7015E-05
  2.5830E+01  6.3435E-05
  2.5842E+01  6.8573E-05
  2.5854E+01  7.1911E-05
  2.5866E+01  7.3117E-05
  2.5878E+01  7.2077E-05
  2.5890E+01  6.8899E-05
  2.5902E+01  6.3900E-05
  2.5914E+01  5.7570E-05
  2.5925E+01  5.0517E-05
  2.5937E+01  4.3406E-05
  2.5949E+01  3.6887E-05
  2.5961E+01  3.1530E-05
  2.5973E+01  2.7769E-05
  2.5985E+01  2.5855E-05
  2.5997E+01  2.5839E-05
  2.6009E+01  2.7568E-05
  2.6021E+01  3.0711E-05
  2.6033E+01  3.4797E-05
  2.6045E+01  3.9273E-05
  2.6056E+01  4.3574E-05
  2.6068E+01  4.7184E-05
  2.6080E+01  4.9709E-05
  2.6092E+01  5.0921E-05
  2.6104E+01  5.0797E-05
  2.6116E+01  4.9526E-05
  2.6128E+01  4.7501E-05
  2.6140E+01  4.5275E-05
  2.6152E+01  4.3510E-05
  2.6164E+01  4.2898E-05
  2.6176E+01  4.4084E-05
  2.6187E+01  4.7581E-05
  2.6199E+01  5.3705E-05
  2.6211E+01  6.2517E-05
  2.6223E+01  7.3796E-05
  2.6235E+01  8.7038E-05
  2.6247E+01  1.0149E-04
  2.6259E+01  1.1618E-04
  2.6271E+01  1.3005E-04
  2.6283E+01  1.4200E-04
  2.6295E+01  1.5100E-04
  2.6307E+01  1.5624E-04
  2.6318E+01  1.5715E-04
  2.6330E+01  1.5354E-04
  2.6342E+01  1.4556E-04
  2.6354E+01  1.3378E-04
  2.6366E+01  1.1910E-04
  2.6378E+01  1.0271E-04
  2.6390E+01  8.5970E-05
  2.6402E+01  7.0299E-05
  2.6414E+01  5.7037E-05
  2.6426E+01  4.7318E-05
  2.6438E+01  4.1960E-05
  2.6449E+01  4.1377E-05
  2.6461E+01  4.5532E-05
  2.6473E+01  5.3931E-05
  2.6485E+01  6.5659E-05
  2.6497E+01  7.9466E-05
  2.6509E+01  9.3878E-05
  2.6521E+01  1.0734E-04
  2.6533E+01  1.1839E-04
  2.6545E+01  1.2577E-04
  2.6557E+01  1.2861E-04
  2.6569E+01  1.2653E-04
  2.6580E+01  1.1967E-04
  2.6592E+01  1.0873E-04
  2.6604E+01  9.4922E-05
  2.6616E+01  7.9878E-05
  2.6628E+01  6.5501E-05
  2.6640E+01  5.3794E-05
  2.6652E+01  4.6673E-05
  2.6664E+01  4.5778E-05
  2.6676E+01  5.2305E-05
  2.6688E+01  6.6881E-05
  2.6700E+01  8.9487E-05
  2.6711E+01  1.1945E-04
  2.6723E+01  1.5548E-04
  2.6735E+01  1.9583E-04
  2.6747E+01  2.3844E-04
  2.6759E+01  2.8118E-04
  2.6771E+01  3.2211E-04
  2.6783E+01  3.5971E-04
  2.6795E+01  3.9316E-04
  2.6807E+01  4.2249E-04
  2.6819E+01  4.4871E-04
  2.6831E+01  4.7387E-04
  2.6842E+01  5.0097E-04
  2.6854E+01  5.3380E-04
  2.6866E+01  5.7672E-04
  2.6878E+01  6.3432E-04
  2.6890E+01  7.1105E-04
  2.6902E+01  8.1080E-04
  2.6914E+01  9.3652E-04
  2.6926E+01  1.0899E-03
  2.6938E+01  1.2708E-03
  2.6950E+01  1.4777E-03
  2.6962E+01  1.7068E-03
  2.6973E+01  1.9526E-03
  2.6985E+01  2.2080E-03
  2.6997E+01  2.4645E-03
  2.7009E+01  2.7128E-03
  2.7021E+01  2.9430E-03
  2.7033E+01  3.1456E-03
  2.7045E+01  3.3119E-03
  2.7057E+01  3.4344E-03
  2.7069E+01  3.5074E-03
  2.7081E+01  3.5276E-03
  2.7093E+01  3.4938E-03
  2.7104E+01  3.4074E-03
  2.7116E+01  3.2722E-03
  2.7128E+01  3.0943E-03
  2.7140E+01  2.8813E-03
  2.7152E+01  2.6423E-03
  2.7164E+01  2.3873E-03
  2.7176E+01  2.1263E-03
  2.7188E+01  1.8691E-03
  2.7200E+01  1.6246E-03
  2.7212E+01  1.4001E-03
  2.7224E+01  1.2016E-03
  2.7235E+01  1.0327E-03
  2.7247E+01  8.9510E-04
  2.7259E+01  7.8849E-04
  2.7271E+01  7.1068E-04
  2.7283E+01  6.5795E-04
  2.7295E+01  6.2543E-04
  2.7307E+01  6.0757E-04
  2.7319E+01  5.9861E-04
  2.7331E+01  5.9304E-04
  2.7343E+01  5.8602E-04
  2.7355E+01  5.7366E-04
  2.7366E+01  5.5331E-04
  2.7378E+01  5.2366E-04
  2.7390E+01  4.8472E-04
  2.7402E+01  4.3772E-04
  2.7414E+01  3.8494E-04
  2.7426E+01  3.2941E-04
  2.7438E+01  2.7458E-04
  2.7450E+01  2.2400E-04
  2.7462E+01  1.8096E-04
  2.7474E+01  1.4820E-04
  2.7486E+01  1.2766E-04
  2.7497E+01  1.2034E-04
  2.7509E+01  1.2622E-04
  2.7521E+01  1.4424E-04
  2.7533E+01  1.7249E-04
  2.7545E+01  2.0831E-04
  2.7557E+01  2.4857E-04
  2.7569E+01  2.8993E-04
  2.7581E+01  3.2914E-04
  2.7593E+01  3.6329E-04
  2.7605E+01  3.9006E-04
  2.7617E+01  4.0791E-04
  2.7628E+01  4.1621E-04
  2.7640E+01  4.1527E-04
  2.7652E+01  4.0637E-04
  2.7664E+01  3.9162E-04
  2.7676E+01  3.7382E-04
  2.7688E+01  3.5628E-04
  2.7700E+01  3.4253E-04
  2.7712E+01  3.3610E-04
  2.7724E+01  3.4027E-04
  2.7736E+01  3.5781E-04
  2.7748E+01  3.9084E-04
  2.7759E+01  4.4066E-04
  2.7771E+01  5.0765E-04
  2.7783E+01  5.9129E-04
  2.7795E+01  6.9018E-04
  2.7807E+01  8.0210E-04
  2.7819E+01  9.2415E-04
  2.7831E+01  1.0529E-03
  2.7843E+01  1.1847E-03
  2.7855E+01  1.3156E-03
  2.7867E+01  1.4417E-03
  2.7879E+01  1.5595E-03
  2.7890E+01  1.6656E-03
  2.7902E+01  1.7575E-03
  2.7914E+01  1.8328E-03
  2.7926E+01  1.8903E-03
  2.7938E+01  1.9289E-03
  2.7950E+01  1.9485E-03
  2.7962E+01  1.9496E-03
  2.7974E+01  1.9330E-03
  2.7986E+01  1.9001E-03
  2.7998E+01  1.8525E-03
  2.8010E+01  1.7921E-03
  2.8021E+01  1.7209E-03
  2.8033E+01  1.6410E-03
  2.8045E+01  1.5542E-03
  2.8057E+01  1.4627E-03
  2.8069E+01  1.3680E-03
  2.8081E+01  1.2719E-03
  2.8093E+01  1.1758E-03
  2.8105E+01  1.0809E-03
  2.8117E+01  9.8827E-04
  2.8129E+01  8.9878E-04
  2.8141E+01  8.1313E-04
  2.8152E+01  7.3182E-04
  2.8164E+01  6.5525E-04
  2.8176E+01  5.8367E-04
  2.8188E+01  5.1720E-04
  2.8200E+01  4.5591E-04
  2.8212E+01  3.9976E-04
  2.8224E+01  3.4866E-04
  2.8236E+01  3.0249E-04
  2.8248E+01  2.6108E-04
  2.8260E+01  2.2426E-04
  2.8272E+01  1.9182E-04
  2.8283E+01  1.6357E-04
  2.8295E+01  1.3930E-04
  2.8307E+01  1.1877E-04
  2.8319E+01  1.0177E-04
  2.8331E+01  8.8039E-05
  2.8343E+01  7.7319E-05
  2.8355E+01  6.9328E-05
  2.8367E+01  6.3763E-05
  2.8379E+01  6.0300E-05
  2.8391E+01  5.8600E-05
  2.8403E+01  5.8310E-05
  2.8414E+01  5.9075E-05
  2.8426E+01  6.0543E-05
  2.8438E+01  6.2382E-05
  2.8450E+01  6.4285E-05
  2.8462E+01  6.5990E-05
  2.8474E+01  6.7285E-05
  2.8486E+01  6.8020E-05
  2.8498E+01  6.8117E-05
  2.8510E+01  6.7569E-05
  2.8522E+01  6.6449E-05
  2.8534E+01  6.4900E-05
  2.8545E+01  6.3131E-05
  2.8557E+01  6.1409E-05
  2.8569E+01  6.0044E-05
  2.8581E+01  5.9375E-05
  2.8593E+01  5.9751E-05
  2.8605E+01  6.1517E-05
  2.8617E+01  6.4997E-05
  2.8629E+01  7.0475E-05
  2.8641E+01  7.8189E-05
  2.8653E+01  8.8317E-05
  2.8665E+01  1.0097E-04
  2.8676E+01  1.1619E-04
  2.8688E+01  1.3393E-04
  2.8700E+01  1.5411E-04
  2.8712E+01  1.7654E-04
  2.8724E+01  2.0100E-04
  2.8736E+01  2.2718E-04
  2.8748E+01  2.5475E-04
  2.8760E+01  2.8332E-04
  2.8772E+01  3.1250E-04
  2.8784E+01  3.4184E-04
  2.8796E+01  3.7093E-04
  2.8807E+01  3.9931E-04
  2.8819E+01  4.2658E-04
  2.8831E+01  4.5233E-04
  2.8843E+01  4.7620E-04
  2.8855E+01  4.9783E-04
  2.8867E+01  5.1694E-04
  2.8879E+01  5.3327E-04
  2.8891E+01  5.4659E-04
  2.8903E+01  5.5675E-04
  2.8915E+01  5.6360E-04
  2.8927E+01  5.6706E-04
  2.8938E+01  5.6708E-04
  2.8950E+01  5.6366E-04
  2.8962E+01  5.5682E-04
  2.8974E+01  5.4664E-04
  2.8986E+01  5.3322E-04
  2.8998E+01  5.1672E-04
  2.9010E+01  4.9732E-04
  2.9022E+01  4.7527E-04
  2.9034E+01  4.5084E-04
  2.9046E+01  4.2434E-04
  2.9058E+01  3.9616E-04
  2.9069E+01  3.6669E-04
  2.9081E+01  3.3638E-04
  2.9093E+01  3.0571E-04
  2.9105E+01  2.7518E-04
  2.9117E+01  2.4531E-04
  2.9129E+01  2.1661E-04
  2.9141E+01  1.8958E-04
  2.9153E+01  1.6469E-04
  2.9165E+01  1.4234E-04
  2.9177E+01  1.2286E-04
  2.9188E+01  1.0648E-04
  2.9200E+01  9.3331E-05
  2.9212E+01  8.3409E-05
  2.9224E+01  7.6589E-05
  2.9236E+01  7.2621E-05
  2.9248E+01  7.1139E-05
  2.9260E+01  7.1681E-05
  2.9272E+01  7.3712E-05
  2.9284E+01  7.6658E-05
  2.9296E+01  7.9935E-05
  2.9308E+01  8.2990E-05
  2.9319E+01  8.5328E-05
  2.9331E+01  8.6550E-05
  2.9343E+01  8.6370E-05
  2.9355E+01  8.4634E-05
  2.9367E+01  8.1328E-05
  2.9379E+01  7.6570E-05
  2.9391E+01  7.0601E-05
  2.9403E+01  6.3763E-05
  2.9415E+01  5.6468E-05
  2.9427E+01  4.9163E-05
  2.9439E+01  4.2297E-05
  2.9450E+01  3.6282E-05
  2.9462E+01  3.1461E-05
  2.9474E+01  2.8082E-05
  2.9486E+01  2.6283E-05
  2.9498E+01  2.6081E-05
  2.9510E+01  2.7378E-05
  2.9522E+01  2.9970E-05
  2.9534E+01  3.3571E-05
  2.9546E+01  3.7836E-05
  2.9558E+01  4.2399E-05
  2.9570E+01  4.6895E-05
  2.9581E+01  5.1000E-05
  2.9593E+01  5.4446E-05
  2.9605E+01  5.7045E-05
  2.9617E+01  5.8701E-05
  2.9629E+01  5.9404E-05
  2.9641E+01  5.9234E-05
  2.9653E+01  5.8336E-05
  2.9665E+01  5.6908E-05
  2.9677E+01  5.5177E-05
  2.9689E+01  5.3370E-05
  2.9701E+01  5.1698E-05
  2.9712E+01  5.0335E-05
  2.9724E+01  4.9406E-05
  2.9736E+01  4.8981E-05
  2.9748E+01  4.9078E-05
  2.9760E+01  4.9672E-05
  2.9772E+01  5.0706E-05
  2.9784E+01  5.2109E-05
  2.9796E+01  5.3813E-05
  2.9808E+01  5.5770E-05
  2.9820E+01  5.7961E-05
  2.9832E+01  6.0405E-05
  2.9843E+01  6.3156E-05
  2.9855E+01  6.6297E-05
  2.9867E+01  6.9927E-05
  2.9879E+01  7.4139E-05
  2.9891E+01  7.9000E-05
  2.9903E+01  8.4529E-05
  2.9915E+01  9.0679E-05
  2.9927E+01  9.7319E-05
  2.9939E+01  1.0423E-04
  2.9951E+01  1.1113E-04
  2.9963E+01  1.1763E-04
  2.9974E+01  1.2332E-04
  2.9986E+01  1.2778E-04
  2.9998E+01  1.3060E-04
  3.0010E+01  1.3144E-04
  3.0022E+01  1.3006E-04
  3.0034E+01  1.2633E-04
  3.0046E+01  1.2030E-04
  3.0058E+01  1.1218E-04
  3.0070E+01  1.0233E-04
  3.0082E+01  9.1256E-05
  3.0094E+01  7.9589E-05
  3.0105E+01  6.8013E-05
  3.0117E+01  5.7224E-05
  3.0129E+01  4.7875E-05
  3.0141E+01  4.0516E-05
  3.0153E+01  3.5542E-05
  3.0165E+01  3.3161E-05
  3.0177E+01  3.3364E-05
  3.0189E+01  3.5928E-05
  3.0201E+01  4.0428E-05
  3.0213E+01  4.6273E-05
  3.0225E+01  5.2756E-05
  3.0236E+01  5.9119E-05
  3.0248E+01  6.4617E-05
  3.0260E+01  6.8595E-05
  3.0272E+01  7.0545E-05
  3.0284E+01  7.0163E-05
  3.0296E+01  6.7380E-05
  3.0308E+01  6.2376E-05
  3.0320E+01  5.5568E-05
  3.0332E+01  4.7579E-05
  3.0344E+01  3.9183E-05
  3.0356E+01  3.1231E-05
  3.0367E+01  2.4580E-05
  3.0379E+01  2.0000E-05
  3.0391E+01  1.8106E-05
  3.0403E+01  1.9294E-05
  3.0415E+01  2.3698E-05
  3.0427E+01  3.1173E-05
  3.0439E+01  4.1306E-05
  3.0451E+01  5.3455E-05
  3.0463E+01  6.6812E-05
  3.0475E+01  8.0481E-05
  3.0487E+01  9.3584E-05
  3.0498E+01  1.0535E-04
  3.0510E+01  1.1522E-04
  3.0522E+01  1.2291E-04
  3.0534E+01  1.2849E-04
  3.0546E+01  1.3242E-04
  3.0558E+01  1.3548E-04
  3.0570E+01  1.3881E-04
  3.0582E+01  1.4376E-04
  3.0594E+01  1.5183E-04
  3.0606E+01  1.6453E-04
  3.0618E+01  1.8322E-04
  3.0629E+01  2.0898E-04
  3.0641E+01  2.4252E-04
  3.0653E+01  2.8403E-04
  3.0665E+01  3.3314E-04
  3.0677E+01  3.8887E-04
  3.0689E+01  4.4969E-04
  3.0701E+01  5.1353E-04
  3.0713E+01  5.7794E-04
  3.0725E+01  6.4020E-04
  3.0737E+01  6.9747E-04
  3.0749E+01  7.4704E-04
  3.0760E+01  7.8646E-04
  3.0772E+01  8.1372E-04
  3.0784E+01  8.2741E-04
  3.0796E+01  8.2682E-04
  3.0808E+01  8.1200E-04
  3.0820E+01  7.8373E-04
  3.0832E+01  7.4353E-04
  3.0844E+01  6.9348E-04
  3.0856E+01  6.3615E-04
  3.0868E+01  5.7439E-04
  3.0880E+01  5.1113E-04
  3.0891E+01  4.4922E-04
  3.0903E+01  3.9124E-04
  3.0915E+01  3.3932E-04
  3.0927E+01  2.9504E-04
  3.0939E+01  2.5935E-04
  3.0951E+01  2.3254E-04
  3.0963E+01  2.1427E-04
  3.0975E+01  2.0361E-04
  3.0987E+01  1.9918E-04
  3.0999E+01  1.9927E-04
  3.1011E+01  2.0201E-04
  3.1022E+01  2.0553E-04
  3.1034E+01  2.0809E-04
  3.1046E+01  2.0828E-04
  3.1058E+01  2.0505E-04
  3.1070E+01  1.9785E-04
  3.1082E+01  1.8659E-04
  3.1094E+01  1.7166E-04
  3.1106E+01  1.5387E-04
  3.1118E+01  1.3435E-04
  3.1130E+01  1.1444E-04
  3.1142E+01  9.5564E-05
  3.1153E+01  7.9078E-05
  3.1165E+01  6.6177E-05
  3.1177E+01  5.7773E-05
  3.1189E+01  5.4416E-05
  3.1201E+01  5.6255E-05
  3.1213E+01  6.3025E-05
  3.1225E+01  7.4075E-05
  3.1237E+01  8.8426E-05
  3.1249E+01  1.0487E-04
  3.1261E+01  1.2205E-04
  3.1273E+01  1.3861E-04
  3.1284E+01  1.5329E-04
  3.1296E+01  1.6504E-04
  3.1308E+01  1.7312E-04
  3.1320E+01  1.7711E-04
  3.1332E+01  1.7702E-04
  3.1344E+01  1.7325E-04
  3.1356E+01  1.6654E-04
  3.1368E+01  1.5796E-04
  3.1380E+01  1.4882E-04
  3.1392E+01  1.4055E-04
  3.1404E+01  1.3461E-04
  3.1415E+01  1.3239E-04
  3.1427E+01  1.3511E-04
  3.1439E+01  1.4374E-04
  3.1451E+01  1.5892E-04
  3.1463E+01  1.8092E-04
  3.1475E+01  2.0963E-04
  3.1487E+01  2.4460E-04
  3.1499E+01  2.8502E-04
  3.1511E+01  3.2980E-04
  3.1523E+01  3.7763E-04
  3.1535E+01  4.2709E-04
  3.1546E+01  4.7665E-04
  3.1558E+01  5.2485E-04
  3.1570E+01  5.7029E-04
  3.1582E+01  6.1171E-04
  3.1594E+01  6.4806E-04
  3.1606E+01  6.7851E-04
  3.1618E+01  7.0247E-04
  3.1630E+01  7.1961E-04
  3.1642E+01  7.2982E-04
  3.1654E+01  7.3321E-04
  3.1666E+01  7.3008E-04
  3.1677E+01  7.2089E-04
  3.1689E+01  7.0621E-04
  3.1701E+01  6.8669E-04
  3.1713E+01  6.6302E-04
  3.1725E+01  6.3590E-04
  3.1737E+01  6.0604E-04
  3.1749E+01  5.7409E-04
  3.1761E+01  5.4067E-04
  3.1773E+01  5.0634E-04
  3.1785E+01  4.7161E-04
  3.1797E+01  4.3690E-04
  3.1808E+01  4.0261E-04
  3.1820E+01  3.6907E-04
  3.1832E+01  3.3655E-04
  3.1844E+01  3.0528E-04
  3.1856E+01  2.7547E-04
  3.1868E+01  2.4725E-04
  3.1880E+01  2.2074E-04
  3.1892E+01  1.9601E-04
  3.1904E+01  1.7312E-04
  3.1916E+01  1.5208E-04
  3.1928E+01  1.3289E-04
  3.1939E+01  1.1552E-04
  3.1951E+01  9.9927E-05
  3.1963E+01  8.6055E-05
  3.1975E+01  7.3843E-05
  3.1987E+01  6.3222E-05
  3.1999E+01  5.4118E-05
  3.2011E+01  4.6458E-05
  3.2023E+01  4.0163E-05
  3.2035E+01  3.5153E-05
  3.2047E+01  3.1338E-05
  3.2059E+01  2.8622E-05
  3.2070E+01  2.6899E-05
  3.2082E+01  2.6046E-05
  3.2094E+01  2.5930E-05
  3.2106E+01  2.6405E-05
  3.2118E+01  2.7314E-05
  3.2130E+01  2.8495E-05
  3.2142E+01  2.9785E-05
  3.2154E+01  3.1030E-05
  3.2166E+01  3.2089E-05
  3.2178E+01  3.2846E-05
  3.2190E+01  3.3213E-05
  3.2201E+01  3.3140E-05
  3.2213E+01  3.2618E-05
  3.2225E+01  3.1677E-05
  3.2237E+01  3.0393E-05
  3.2249E+01  2.8876E-05
  3.2261E+01  2.7271E-05
  3.2273E+01  2.5745E-05
  3.2285E+01  2.4481E-05
  3.2297E+01  2.3660E-05
  3.2309E+01  2.3459E-05
  3.2321E+01  2.4033E-05
  3.2332E+01  2.5507E-05
  3.2344E+01  2.7971E-05
  3.2356E+01  3.1471E-05
  3.2368E+01  3.6010E-05
  3.2380E+01  4.1547E-05
  3.2392E+01  4.7999E-05
  3.2404E+01  5.5248E-05
  3.2416E+01  6.3148E-05
  3.2428E+01  7.1531E-05
  3.2440E+01  8.0217E-05
  3.2452E+01  8.9025E-05
  3.2463E+01  9.7776E-05
  3.2475E+01  1.0630E-04
  3.2487E+01  1.1445E-04
  3.2499E+01  1.2209E-04
  3.2511E+01  1.2912E-04
  3.2523E+01  1.3545E-04
  3.2535E+01  1.4102E-04
  3.2547E+01  1.4579E-04
  3.2559E+01  1.4973E-04
  3.2571E+01  1.5285E-04
  3.2583E+01  1.5515E-04
  3.2594E+01  1.5665E-04
  3.2606E+01  1.5737E-04
  3.2618E+01  1.5735E-04
  3.2630E+01  1.5660E-04
  3.2642E+01  1.5517E-04
  3.2654E+01  1.5308E-04
  3.2666E+01  1.5036E-04
  3.2678E+01  1.4703E-04
  3.2690E+01  1.4312E-04
  3.2702E+01  1.3865E-04
  3.2714E+01  1.3365E-04
  3.2725E+01  1.2815E-04
  3.2737E+01  1.2218E-04
  3.2749E+01  1.1578E-04
  3.2761E+01  1.0900E-04
  3.2773E+01  1.0189E-04
  3.2785E+01  9.4524E-05
  3.2797E+01  8.6985E-05
  3.2809E+01  7.9361E-05
  3.2821E+01  7.1756E-05
  3.2833E+01  6.4278E-05
  3.2845E+01  5.7046E-05
  3.2856E+01  5.0178E-05
  3.2868E+01  4.3790E-05
  3.2880E+01  3.7990E-05
  3.2892E+01  3.2875E-05
  3.2904E+01  2.8520E-05
  3.2916E+01  2.4978E-05
  3.2928E+01  2.2271E-05
  3.2940E+01  2.0390E-05
  3.2952E+01  1.9294E-05
  3.2964E+01  1.8908E-05
  3.2976E+01  1.9129E-05
  3.2987E+01  1.9828E-05
  3.2999E+01  2.0859E-05
  3.3011E+01  2.2066E-05
  3.3023E+01  2.3295E-05
  3.3035E+01  2.4402E-05
  3.3047E+01  2.5262E-05
  3.3059E+01  2.5778E-05
  3.3071E+01  2.5886E-05
  3.3083E+01  2.5559E-05
  3.3095E+01  2.4810E-05
  3.3106E+01  2.3688E-05
  3.3118E+01  2.2271E-05
  3.3130E+01  2.0666E-05
  3.3142E+01  1.8992E-05
  3.3154E+01  1.7379E-05
  3.3166E+01  1.5949E-05
  3.3178E+01  1.4814E-05
  3.3190E+01  1.4064E-05
  3.3202E+01  1.3763E-05
  3.3214E+01  1.3945E-05
  3.3226E+01  1.4616E-05
  3.3237E+01  1.5751E-05
  3.3249E+01  1.7307E-05
  3.3261E+01  1.9222E-05
  3.3273E+01  2.1428E-05
  3.3285E+01  2.3858E-05
  3.3297E+01  2.6455E-05
  3.3309E+01  2.9174E-05
  3.3321E+01  3.1990E-05
  3.3333E+01  3.4898E-05
  3.3345E+01  3.7914E-05
  3.3357E+01  4.1066E-05
  3.3368E+01  4.4394E-05
  3.3380E+01  4.7938E-05
  3.3392E+01  5.1730E-05
  3.3404E+01  5.5788E-05
  3.3416E+01  6.0107E-05
  3.3428E+01  6.4654E-05
  3.3440E+01  6.9366E-05
  3.3452E+01  7.4150E-05
  3.3464E+01  7.8885E-05
  3.3476E+01  8.3432E-05
  3.3488E+01  8.7640E-05
  3.3499E+01  9.1358E-05
  3.3511E+01  9.4445E-05
  3.3523E+01  9.6781E-05
  3.3535E+01  9.8277E-05
  3.3547E+01  9.8881E-05
  3.3559E+01  9.8582E-05
  3.3571E+01  9.7411E-05
  3.3583E+01  9.5439E-05
  3.3595E+01  9.2770E-05
  3.3607E+01  8.9532E-05
  3.3619E+01  8.5867E-05
  3.3630E+01  8.1917E-05
  3.3642E+01  7.7819E-05
  3.3654E+01  7.3688E-05
  3.3666E+01  6.9613E-05
  3.3678E+01  6.5652E-05
  3.3690E+01  6.1832E-05
  3.3702E+01  5.8150E-05
  3.3714E+01  5.4576E-05
  3.3726E+01  5.1068E-05
  3.3738E+01  4.7576E-05
  3.3750E+01  4.4056E-05
  3.3761E+01  4.0476E-05
  3.3773E+01  3.6826E-05
  3.3785E+01  3.3125E-05
  3.3797E+01  2.9420E-05
  3.3809E+01  2.5782E-05
  3.3821E+01  2.2309E-05
  3.3833E+01  1.9106E-05
  3.3845E+01  1.6283E-05
  3.3857E+01  1.3942E-05
  3.3869E+01  1.2159E-05
  3.3881E+01  1.0982E-05
  3.3892E+01  1.0417E-05
  3.3904E+01  1.0429E-05
  3.3916E+01  1.0938E-05
  3.3928E+01  1.1829E-05
  3.3940E+01  1.2956E-05
  3.3952E+01  1.4157E-05
  3.3964E+01  1.5268E-05
  3.3976E+01  1.6142E-05
  3.3988E+01  1.6656E-05
  3.4000E+01  1.6732E-05
  3.4012E+01  1.6343E-05
  3.4023E+01  1.5514E-05
  3.4035E+01  1.4328E-05
  3.4047E+01  1.2915E-05
  3.4059E+01  1.1444E-05
  3.4071E+01  1.0106E-05
  3.4083E+01  9.0987E-06
  3.4095E+01  8.6048E-06
  3.4107E+01  8.7782E-06
  3.4119E+01  9.7273E-06
  3.4131E+01  1.1506E-05
  3.4143E+01  1.4109E-05
  3.4154E+01  1.7475E-05
  3.4166E+01  2.1495E-05
  3.4178E+01  2.6027E-05
  3.4190E+01  3.0918E-05
  3.4202E+01  3.6023E-05
  3.4214E+01  4.1231E-05
  3.4226E+01  4.6488E-05
  3.4238E+01  5.1808E-05
  3.4250E+01  5.7293E-05
  3.4262E+01  6.3129E-05
  3.4274E+01  6.9585E-05
  3.4285E+01  7.6996E-05
  3.4297E+01  8.5737E-05
  3.4309E+01  9.6195E-05
  3.4321E+01  1.0873E-04
  3.4333E+01  1.2364E-04
  3.4345E+01  1.4112E-04
  3.4357E+01  1.6123E-04
  3.4369E+01  1.8386E-04
  3.4381E+01  2.0873E-04
  3.4393E+01  2.3538E-04
  3.4405E+01  2.6316E-04
  3.4416E+01  2.9130E-04
  3.4428E+01  3.1888E-04
  3.4440E+01  3.4493E-04
  3.4452E+01  3.6847E-04
  3.4464E+01  3.8853E-04
  3.4476E+01  4.0427E-04
  3.4488E+01  4.1498E-04
  3.4500E+01  4.2015E-04
  3.4512E+01  4.1952E-04
  3.4524E+01  4.1306E-04
  3.4536E+01  4.0102E-04
  3.4547E+01  3.8389E-04
  3.4559E+01  3.6236E-04
  3.4571E+01  3.3734E-04
  3.4583E+01  3.0982E-04
  3.4595E+01  2.8089E-04
  3.4607E+01  2.5161E-04
  3.4619E+01  2.2301E-04
  3.4631E+01  1.9598E-04
  3.4643E+01  1.7127E-04
  3.4655E+01  1.4942E-04
  3.4667E+01  1.3075E-04
  3.4678E+01  1.1539E-04
  3.4690E+01  1.0324E-04
  3.4702E+01  9.4014E-05
  3.4714E+01  8.7305E-05
  3.4726E+01  8.2586E-05
  3.4738E+01  7.9278E-05
  3.4750E+01  7.6802E-05
  3.4762E+01  7.4616E-05
  3.4774E+01  7.2262E-05
  3.4786E+01  6.9393E-05
  3.4798E+01  6.5793E-05
  3.4809E+01  6.1383E-05
  3.4821E+01  5.6219E-05
  3.4833E+01  5.0469E-05
  3.4845E+01  4.4397E-05
  3.4857E+01  3.8325E-05
  3.4869E+01  3.2599E-05
  3.4881E+01  2.7555E-05
  3.4893E+01  2.3484E-05
  3.4905E+01  2.0607E-05
  3.4917E+01  1.9052E-05
  3.4929E+01  1.8847E-05
  3.4940E+01  1.9912E-05
  3.4952E+01  2.2074E-05
  3.4964E+01  2.5076E-05
  3.4976E+01  2.8608E-05
  3.4988E+01  3.2328E-05
  3.5000E+01  3.5894E-05
