-19.094	-0.42857	0.0010511
-19.094	-0.32773	0.001098
-19.094	-0.27731	0.0010089
-19.094	-0.22689	0.0011212
-19.094	-0.17647	0.0012368
-19.094	-0.12605	0.0011196
-19.094	-0.07563	0.0012237
-19.094	-0.02521	0.0010936
-19.094	0.02521	0.0011392
-19.094	0.07563	0.0012293
-19.094	0.12605	0.0010835
-19.094	0.17647	0.0011586
-19.094	0.22689	0.001008
-19.094	0.27731	0.001068
-19.094	0.32773	0.001123
-19.094	0.42857	0.0010022
-19.046	-0.68067	0.0010925
-19.046	-0.63025	0.0010665
-19.046	-0.57983	0.0012187
-19.046	-0.52941	0.0011727
-19.046	-0.47899	0.0013257
-19.046	-0.42857	0.0014877
-19.046	-0.37815	0.001408
-19.046	-0.32773	0.0015642
-19.046	-0.27731	0.0014614
-19.046	-0.22689	0.0016078
-19.046	-0.17647	0.0014832
-19.046	-0.12605	0.0016164
-19.046	-0.07563	0.0017495
-19.046	-0.02521	0.0015899
-19.046	0.02521	0.0017047
-19.046	0.07563	0.00153
-19.046	0.12605	0.0016253
-19.046	0.17647	0.0017147
-19.046	0.22689	0.0015159
-19.046	0.27731	0.0015841
-19.046	0.32773	0.0013825
-19.046	0.37815	0.0014307
-19.046	0.42857	0.00147
-19.046	0.47899	0.0012624
-19.046	0.52941	0.0012838
-19.046	0.57983	0.0010873
-19.046	0.63025	0.0010938
-19.046	0.68067	0.0010918
-18.999	-0.88235	0.0010155
-18.999	-0.83193	0.0011851
-18.999	-0.78151	0.0011936
-18.999	-0.73109	0.0013751
-18.999	-0.68067	0.0013636
-18.999	-0.63025	0.0015524
-18.999	-0.57983	0.0017543
-18.999	-0.52941	0.0017081
-18.999	-0.47899	0.0019094
-18.999	-0.42857	0.0017394
-18.999	-0.37815	0.001931
-18.999	-0.32773	0.0021291
-18.999	-0.27731	0.0020158
-18.999	-0.22689	0.0022007
-18.999	-0.17647	0.0020579
-18.999	-0.12605	0.0022249
-18.999	-0.07563	0.00239
-18.999	-0.02521	0.002201
-18.999	0.02521	0.0023418
-18.999	0.07563	0.0021306
-18.999	0.12605	0.0022455
-18.999	0.17647	0.0023514
-18.999	0.22689	0.0021067
-18.999	0.27731	0.0021848
-18.999	0.32773	0.0019332
-18.999	0.37815	0.0019851
-18.999	0.42857	0.001734
-18.999	0.47899	0.0017624
-18.999	0.52941	0.0017789
-18.999	0.57983	0.0015277
-18.999	0.63025	0.0015252
-18.999	0.68067	0.0012912
-18.999	0.73109	0.0012742
-18.999	0.78151	0.0012477
-18.999	0.83193	0.0010355
-18.999	0.88235	0.0010008
-18.951	-0.98319	0.0010829
-18.951	-0.93277	0.0011291
-18.951	-0.88235	0.0013214
-18.951	-0.83193	0.0015335
-18.951	-0.78151	0.0015627
-18.951	-0.73109	0.0017899
-18.951	-0.68067	0.0017961
-18.951	-0.63025	0.0020324
-18.951	-0.57983	0.00201
-18.951	-0.52941	0.0022488
-18.951	-0.47899	0.0024989
-18.951	-0.42857	0.0024281
-18.951	-0.37815	0.0026699
-18.951	-0.32773	0.002561
-18.951	-0.27731	0.0027877
-18.951	-0.22689	0.0030152
-18.951	-0.17647	0.0028463
-18.951	-0.12605	0.0030487
-18.951	-0.07563	0.0028434
-18.951	-0.02521	0.0030162
-18.951	0.02521	0.0031799
-18.951	0.07563	0.0029204
-18.951	0.12605	0.0030493
-18.951	0.17647	0.0027671
-18.951	0.22689	0.0028613
-18.951	0.27731	0.00294
-18.951	0.32773	0.0025975
-18.951	0.37815	0.0026508
-18.951	0.42857	0.0023425
-18.951	0.47899	0.0023661
-18.951	0.52941	0.0023741
-18.951	0.57983	0.0020624
-18.951	0.63025	0.0020467
-18.951	0.68067	0.0017534
-18.951	0.73109	0.0017199
-18.951	0.78151	0.0016744
-18.951	0.83193	0.0014061
-18.951	0.88235	0.0013513
-18.951	0.93277	0.001116
-18.951	0.98319	0.0010572
-18.903	-1.084	0.0010503
-18.903	-1.0336	0.0012483
-18.903	-0.98319	0.0014701
-18.903	-0.93277	0.0015438
-18.903	-0.88235	0.0016645
-18.903	-0.83193	0.0017235
-18.903	-0.78151	0.0019798
-18.903	-0.73109	0.002257
-18.903	-0.68067	0.002288
-18.903	-0.63025	0.0025765
-18.903	-0.57983	0.0025744
-18.903	-0.52941	0.0028658
-18.903	-0.47899	0.0031692
-18.903	-0.42857	0.0031102
-18.903	-0.37815	0.003403
-18.903	-0.32773	0.0032969
-18.903	-0.27731	0.0035704
-18.903	-0.22689	0.0034162
-18.903	-0.17647	0.0036629
-18.903	-0.12605	0.0039036
-18.903	-0.07563	0.0036761
-18.903	-0.02521	0.0038797
-18.903	0.02521	0.0036102
-18.903	0.07563	0.0037734
-18.903	0.12605	0.0039203
-18.903	0.17647	0.0035915
-18.903	0.22689	0.0036949
-18.903	0.27731	0.0033445
-18.903	0.32773	0.0034066
-18.903	0.37815	0.0034484
-18.903	0.42857	0.0030709
-18.903	0.47899	0.0030762
-18.903	0.52941	0.0027044
-18.903	0.57983	0.0026797
-18.903	0.63025	0.0026374
-18.903	0.68067	0.0022767
-18.903	0.73109	0.0022143
-18.903	0.78151	0.0018834
-18.903	0.83193	0.0018086
-18.903	0.88235	0.0017231
-18.903	0.93277	0.0014337
-18.903	0.98319	0.0013461
-18.903	1.0336	0.0010996
-18.903	1.084	0.001058
-18.856	-1.1345	0.0011823
-18.856	-1.084	0.0012871
-18.856	-1.0336	0.0015244
-18.856	-0.98319	0.0016267
-18.856	-0.93277	0.0018956
-18.856	-0.88235	0.0021908
-18.856	-0.83193	0.0022822
-18.856	-0.78151	0.0026014
-18.856	-0.73109	0.0026679
-18.856	-0.68067	0.0030027
-18.856	-0.63025	0.0033562
-18.856	-0.57983	0.0033756
-18.856	-0.52941	0.00373
-18.856	-0.47899	0.0037013
-18.856	-0.42857	0.0040456
-18.856	-0.37815	0.0043944
-18.856	-0.32773	0.0042865
-18.856	-0.27731	0.0046085
-18.856	-0.22689	0.0044399
-18.856	-0.17647	0.0047258
-18.856	-0.12605	0.0048649
-18.856	-0.07563	0.0046212
-18.856	-0.02521	0.0048564
-18.856	0.02521	0.0045584
-18.856	0.07563	0.0047438
-18.856	0.12605	0.0049079
-18.856	0.17647	0.0045344
-18.856	0.22689	0.0046452
-18.856	0.27731	0.0042405
-18.856	0.32773	0.0043008
-18.856	0.37815	0.0043356
-18.856	0.42857	0.0038934
-18.856	0.47899	0.0038841
-18.856	0.52941	0.0034438
-18.856	0.57983	0.0033982
-18.856	0.63025	0.0029732
-18.856	0.68067	0.0029003
-18.856	0.73109	0.0028097
-18.856	0.78151	0.002411
-18.856	0.83193	0.0023061
-18.856	0.88235	0.0019481
-18.856	0.93277	0.0018377
-18.856	0.98319	0.0017192
-18.856	1.0336	0.0014176
-18.856	1.084	0.0013047
-18.856	1.1345	0.0010542
-18.808	-1.1849	0.0011653
-18.808	-1.1345	0.0014022
-18.808	-1.084	0.0015396
-18.808	-1.0336	0.0018181
-18.808	-0.98319	0.0019562
-18.808	-0.93277	0.0022724
-18.808	-0.88235	0.002618
-18.808	-0.83193	0.0027491
-18.808	-0.78151	0.0031232
-18.808	-0.73109	0.0032287
-18.808	-0.68067	0.0036214
-18.808	-0.63025	0.0036897
-18.808	-0.57983	0.0040894
-18.808	-0.52941	0.004503
-18.808	-0.47899	0.0045041
-18.808	-0.42857	0.0049055
-18.808	-0.37815	0.0048441
-18.808	-0.32773	0.0052205
-18.808	-0.27731	0.0055927
-18.808	-0.22689	0.0054312
-18.808	-0.17647	0.00576
-18.808	-0.12605	0.0055264
-18.808	-0.07563	0.0058032
-18.808	-0.02521	0.0060589
-18.808	0.02521	0.0057208
-18.808	0.07563	0.0059145
-18.808	0.12605	0.0055183
-18.808	0.17647	0.0056491
-18.808	0.22689	0.0057495
-18.808	0.27731	0.0052783
-18.808	0.32773	0.0053182
-18.808	0.37815	0.0048228
-18.808	0.42857	0.0048089
-18.808	0.47899	0.0047657
-18.808	0.52941	0.004248
-18.808	0.57983	0.004209
-18.808	0.63025	0.0037111
-18.808	0.68067	0.0036075
-18.808	0.73109	0.0034829
-18.808	0.78151	0.0030121
-18.808	0.83193	0.0028715
-18.808	0.88235	0.0024454
-18.808	0.93277	0.0022993
-18.808	0.98319	0.0021444
-18.808	1.0336	0.0017829
-18.808	1.084	0.0016361
-18.808	1.1345	0.0013336
-18.808	1.1849	0.0012014
-18.76	-1.2857	0.0010813
-18.76	-1.2353	0.0012323
-18.76	-1.1849	0.001488
-18.76	-1.1345	0.0016544
-18.76	-1.084	0.0019584
-18.76	-1.0336	0.0022964
-18.76	-0.98319	0.0024803
-18.76	-0.93277	0.0028617
-18.76	-0.88235	0.0030366
-18.76	-0.83193	0.0034532
-18.76	-0.78151	0.0038978
-18.76	-0.73109	0.0040468
-18.76	-0.68067	0.0045102
-18.76	-0.63025	0.0043879
-18.76	-0.57983	0.0048484
-18.76	-0.52941	0.0053227
-18.76	-0.47899	0.0053618
-18.76	-0.42857	0.0058216
-18.76	-0.37815	0.0057901
-18.76	-0.32773	0.0062203
-18.76	-0.27731	0.0061107
-18.76	-0.22689	0.0064977
-18.76	-0.17647	0.0068694
-18.76	-0.12605	0.006639
-18.76	-0.07563	0.0069493
-18.76	-0.02521	0.0066368
-18.76	0.02521	0.0068788
-18.76	0.07563	0.0070893
-18.76	0.12605	0.0066628
-18.76	0.17647	0.006799
-18.76	0.22689	0.0063139
-18.76	0.27731	0.0063788
-18.76	0.32773	0.006407
-18.76	0.37815	0.005852
-18.76	0.42857	0.0058171
-18.76	0.47899	0.0052467
-18.76	0.52941	0.0051594
-18.76	0.57983	0.0050418
-18.76	0.63025	0.004466
-18.76	0.68067	0.0043138
-18.76	0.73109	0.0037678
-18.76	0.78151	0.0035945
-18.76	0.83193	0.0034045
-18.76	0.88235	0.0029112
-18.76	0.93277	0.002719
-18.76	0.98319	0.0022858
-18.76	1.0336	0.0021019
-18.76	1.084	0.0019154
-18.76	1.1345	0.0015665
-18.76	1.1849	0.0014008
-18.76	1.2353	0.0011194
-18.713	-1.2857	0.0011533
-18.713	-1.2353	0.0014069
-18.713	-1.1849	0.001696
-18.713	-1.1345	0.0019004
-18.713	-1.084	0.0022452
-18.713	-1.0336	0.002462
-18.713	-0.98319	0.0028583
-18.713	-0.93277	0.0032904
-18.713	-0.88235	0.003516
-18.713	-0.83193	0.0039886
-18.713	-0.78151	0.0041935
-18.713	-0.73109	0.0046941
-18.713	-0.68067	0.0052182
-18.713	-0.63025	0.0053758
-18.713	-0.57983	0.005905
-18.713	-0.52941	0.0060017
-18.713	-0.47899	0.0065185
-18.713	-0.42857	0.007037
-18.713	-0.37815	0.0070279
-18.713	-0.32773	0.007507
-18.713	-0.27731	0.0074066
-18.713	-0.22689	0.0078308
-18.713	-0.17647	0.0082324
-18.713	-0.12605	0.0079913
-18.713	-0.07563	0.0083177
-18.713	-0.02521	0.0079801
-18.713	0.02521	0.0082243
-18.713	0.07563	0.0084287
-18.713	0.12605	0.0078832
-18.713	0.17647	0.0080219
-18.713	0.22689	0.0075005
-18.713	0.27731	0.0075562
-18.713	0.32773	0.0075687
-18.713	0.37815	0.0069602
-18.713	0.42857	0.0068997
-18.713	0.47899	0.0062657
-18.713	0.52941	0.0061447
-18.713	0.57983	0.0055077
-18.713	0.63025	0.0053408
-18.713	0.68067	0.0051453
-18.713	0.73109	0.0045247
-18.713	0.78151	0.0043056
-18.713	0.83193	0.0037301
-18.713	0.88235	0.0035024
-18.713	0.93277	0.0032635
-18.713	0.98319	0.0027627
-18.713	1.0336	0.0025348
-18.713	1.084	0.002106
-18.713	1.1345	0.0018989
-18.713	1.1849	0.001695
-18.713	1.2353	0.0013648
-18.713	1.2857	0.0011919
-18.665	-1.3361	0.0012273
-18.665	-1.2857	0.0014303
-18.665	-1.2353	0.0017321
-18.665	-1.1849	0.0020737
-18.665	-1.1345	0.0023297
-18.665	-1.084	0.002527
-18.665	-1.0336	0.0027911
-18.665	-0.98319	0.0032342
-18.665	-0.93277	0.0037159
-18.665	-0.88235	0.0039977
-18.665	-0.83193	0.0045254
-18.665	-0.78151	0.0047892
-18.665	-0.73109	0.0053488
-18.665	-0.68067	0.0055759
-18.665	-0.63025	0.0061502
-18.665	-0.57983	0.0067398
-18.665	-0.52941	0.0068922
-18.665	-0.47899	0.0074675
-18.665	-0.42857	0.0075384
-18.665	-0.37815	0.0080797
-18.665	-0.32773	0.0086093
-18.665	-0.27731	0.0085448
-18.665	-0.22689	0.0090116
-18.665	-0.17647	0.0088386
-18.665	-0.12605	0.009228
-18.665	-0.07563	0.0095809
-18.665	-0.02521	0.0092475
-18.665	0.02521	0.0095065
-18.665	0.07563	0.0090698
-18.665	0.12605	0.0092318
-18.665	0.17647	0.0093443
-18.665	0.22689	0.0087725
-18.665	0.27731	0.0087904
-18.665	0.32773	0.0081538
-18.665	0.37815	0.0080866
-18.665	0.42857	0.0079732
-18.665	0.47899	0.0072699
-18.665	0.52941	0.0070905
-18.665	0.57983	0.0063809
-18.665	0.63025	0.0061529
-18.665	0.68067	0.0058948
-18.665	0.73109	0.005203
-18.665	0.78151	0.0049228
-18.665	0.83193	0.0042797
-18.665	0.88235	0.0039948
-18.665	0.93277	0.0038484
-18.665	0.98319	0.0032796
-18.665	1.0336	0.0030034
-18.665	1.084	0.0025123
-18.665	1.1345	0.0022614
-18.665	1.1849	0.0018522
-18.665	1.2353	0.0016345
-18.665	1.2857	0.0014257
-18.665	1.3361	0.0011258
-18.617	-1.3866	0.00108
-18.617	-1.3361	0.0013416
-18.617	-1.2857	0.0015755
-18.617	-1.2353	0.0019061
-18.617	-1.1849	0.0021786
-18.617	-1.1345	0.0025791
-18.617	-1.084	0.0030228
-18.617	-1.0336	0.0033477
-18.617	-0.98319	0.0038561
-18.617	-0.93277	0.0041908
-18.617	-0.88235	0.0047534
-18.617	-0.83193	0.0053507
-18.617	-0.78151	0.0056812
-18.617	-0.73109	0.0063102
-18.617	-0.68067	0.0066004
-18.617	-0.63025	0.0072412
-18.617	-0.57983	0.0078936
-18.617	-0.52941	0.0080995
-18.617	-0.47899	0.00873
-18.617	-0.42857	0.0088428
-18.617	-0.37815	0.0094288
-18.617	-0.32773	0.0097151
-18.617	-0.27731	0.009697
-18.617	-0.22689	0.010203
-18.617	-0.17647	0.010064
-18.617	-0.12605	0.010483
-18.617	-0.07563	0.01022
-18.617	-0.02521	0.01054
-18.617	0.02521	0.01081
-18.617	0.07563	0.010372
-18.617	0.12605	0.010533
-18.617	0.17647	0.0099894
-18.617	0.22689	0.010043
-18.617	0.27731	0.010041
-18.617	0.32773	0.0093686
-18.617	0.37815	0.0092705
-18.617	0.42857	0.0085447
-18.617	0.47899	0.0083658
-18.617	0.52941	0.0081416
-18.617	0.57983	0.0073719
-18.617	0.63025	0.0070934
-18.617	0.68067	0.0063357
-18.617	0.73109	0.0060235
-18.617	0.78151	0.0056878
-18.617	0.83193	0.0049764
-18.617	0.88235	0.0046364
-18.617	0.93277	0.0039908
-18.617	0.98319	0.0036636
-18.617	1.0336	0.0033351
-18.617	1.084	0.0027968
-18.617	1.1345	0.0025017
-18.617	1.1849	0.0020532
-18.617	1.2353	0.0017996
-18.617	1.2857	0.0015588
-18.617	1.3361	0.001232
-18.617	1.3866	0.001039
-18.57	-1.3866	0.0011623
-18.57	-1.3361	0.0013943
-18.57	-1.2857	0.0017076
-18.57	-1.2353	0.0020645
-18.57	-1.1849	0.0023758
-18.57	-1.1345	0.0028093
-18.57	-1.084	0.003159
-18.57	-1.0336	0.0036656
-18.57	-0.98319	0.004216
-18.57	-0.93277	0.0046111
-18.57	-0.88235	0.0052214
-18.57	-0.83193	0.0056142
-18.57	-0.78151	0.0062684
-18.57	-0.73109	0.0069499
-18.57	-0.68067	0.0073135
-18.57	-0.63025	0.0080082
-18.57	-0.57983	0.0083094
-18.57	-0.52941	0.008993
-18.57	-0.47899	0.0096737
-18.57	-0.42857	0.0098552
-18.57	-0.37815	0.010487
-18.57	-0.32773	0.010551
-18.57	-0.27731	0.01111
-18.57	-0.22689	0.011633
-18.57	-0.17647	0.011511
-18.57	-0.12605	0.011932
-18.57	-0.07563	0.011669
-18.57	-0.02521	0.011976
-18.57	0.02521	0.012224
-18.57	0.07563	0.011764
-18.57	0.12605	0.011889
-18.57	0.17647	0.01131
-18.57	0.22689	0.011316
-18.57	0.27731	0.011258
-18.57	0.32773	0.010536
-18.57	0.37815	0.010375
-18.57	0.42857	0.0095924
-18.57	0.47899	0.0094748
-18.57	0.52941	0.0086722
-18.57	0.57983	0.0083801
-18.57	0.63025	0.0080478
-18.57	0.68067	0.0072307
-18.57	0.73109	0.0068613
-18.57	0.78151	0.0060768
-18.57	0.83193	0.0056928
-18.57	0.88235	0.0052947
-18.57	0.93277	0.0045862
-18.57	0.98319	0.0042035
-18.57	1.0336	0.0035768
-18.57	1.084	0.0032252
-18.57	1.1345	0.0028813
-18.57	1.1849	0.0023808
-18.57	1.2353	0.0020847
-18.57	1.2857	0.0016804
-18.57	1.3361	0.0014367
-18.57	1.3866	0.0012113
-18.522	-1.437	0.001099
-18.522	-1.3866	0.001376
-18.522	-1.3361	0.0016505
-18.522	-1.2857	0.0020072
-18.522	-1.2353	0.0024106
-18.522	-1.1849	0.0027771
-18.522	-1.1345	0.0032638
-18.522	-1.084	0.0036762
-18.522	-1.0336	0.0042412
-18.522	-0.98319	0.0048508
-18.522	-0.93277	0.0053173
-18.522	-0.88235	0.0059889
-18.522	-0.83193	0.006456
-18.522	-0.78151	0.0068101
-18.522	-0.73109	0.0072514
-18.522	-0.68067	0.0079786
-18.522	-0.63025	0.008721
-18.522	-0.57983	0.0091014
-18.522	-0.52941	0.0098321
-18.522	-0.47899	0.010125
-18.522	-0.42857	0.010816
-18.522	-0.37815	0.011487
-18.522	-0.32773	0.011623
-18.522	-0.27731	0.012215
-18.522	-0.22689	0.012209
-18.522	-0.17647	0.0127
-18.522	-0.12605	0.013139
-18.522	-0.07563	0.012919
-18.522	-0.02521	0.013232
-18.522	0.02521	0.012859
-18.522	0.07563	0.01304
-18.522	0.12605	0.013152
-18.522	0.17647	0.012577
-18.522	0.22689	0.012559
-18.522	0.27731	0.01187
-18.522	0.32773	0.011731
-18.522	0.37815	0.011529
-18.522	0.42857	0.010715
-18.522	0.47899	0.010419
-18.522	0.52941	0.0095628
-18.522	0.57983	0.0091953
-18.522	0.63025	0.0087871
-18.522	0.68067	0.0079162
-18.522	0.73109	0.0074739
-18.522	0.78151	0.006637
-18.522	0.83193	0.0061853
-18.522	0.88235	0.0057224
-18.522	0.93277	0.0049689
-18.522	0.98319	0.0045293
-18.522	1.0336	0.0038629
-18.522	1.084	0.003463
-18.522	1.1345	0.0028942
-18.522	1.1849	0.0025456
-18.522	1.2353	0.0023778
-18.522	1.2857	0.0019302
-18.522	1.3361	0.0016495
-18.522	1.3866	0.0013003
-18.522	1.437	0.0010796
-18.474	-1.437	0.0011481
-18.474	-1.3866	0.0014381
-18.474	-1.3361	0.0017374
-18.474	-1.2857	0.0021123
-18.474	-1.2353	0.0024766
-18.474	-1.1849	0.0029394
-18.474	-1.1345	0.0034515
-18.474	-1.084	0.0039106
-18.474	-1.0336	0.0045066
-18.474	-0.98319	0.0050058
-18.474	-0.93277	0.0056746
-18.474	-0.88235	0.0063824
-18.474	-0.83193	0.0069182
-18.474	-0.78151	0.0076727
-18.474	-0.73109	0.0081901
-18.474	-0.68067	0.0089669
-18.474	-0.63025	0.0097536
-18.474	-0.57983	0.010207
-18.474	-0.52941	0.010974
-18.474	-0.47899	0.011334
-18.474	-0.42857	0.012051
-18.474	-0.37815	0.012739
-18.474	-0.32773	0.012929
-18.474	-0.27731	0.013525
-18.474	-0.22689	0.01356
-18.474	-0.17647	0.014041
-18.474	-0.12605	0.013912
-18.474	-0.07563	0.014261
-18.474	-0.02521	0.01441
-18.474	0.02521	0.014078
-18.474	0.07563	0.01425
-18.474	0.12605	0.013761
-18.474	0.17647	0.01379
-18.474	0.22689	0.013744
-18.474	0.27731	0.013057
-18.474	0.32773	0.012881
-18.474	0.37815	0.012091
-18.474	0.42857	0.011804
-18.474	0.47899	0.011457
-18.474	0.52941	0.010569
-18.474	0.57983	0.010145
-18.474	0.63025	0.0092376
-18.474	0.68067	0.0087643
-18.474	0.73109	0.0082612
-18.474	0.78151	0.0073754
-18.474	0.83193	0.0068629
-18.474	0.88235	0.0060338
-18.474	0.93277	0.0055362
-18.474	0.98319	0.0050398
-18.474	1.0336	0.0043237
-18.474	1.084	0.0038718
-18.474	1.1345	0.0032561
-18.474	1.1849	0.0028614
-18.474	1.2353	0.0024878
-18.474	1.2857	0.0020215
-18.474	1.3361	0.0017157
-18.474	1.3866	0.0013527
-18.474	1.437	0.0011143
-18.427	-1.4874	0.0010489
-18.427	-1.437	0.0013263
-18.427	-1.3866	0.0016269
-18.427	-1.3361	0.0019915
-18.427	-1.2857	0.0024049
-18.427	-1.2353	0.002587
-18.427	-1.1849	0.0030686
-18.427	-1.1345	0.0035312
-18.427	-1.084	0.0041035
-18.427	-1.0336	0.004724
-18.427	-0.98319	0.0052766
-18.427	-0.93277	0.0059743
-18.427	-0.88235	0.0065553
-18.427	-0.83193	0.0073126
-18.427	-0.78151	0.0080984
-18.427	-0.73109	0.0086896
-18.427	-0.68067	0.0094992
-18.427	-0.63025	0.010048
-18.427	-0.57983	0.010852
-18.427	-0.52941	0.011648
-18.427	-0.47899	0.012093
-18.427	-0.42857	0.012836
-18.427	-0.37815	0.013159
-18.427	-0.32773	0.013819
-18.427	-0.27731	0.014431
-18.427	-0.22689	0.014546
-18.427	-0.17647	0.015035
-18.427	-0.12605	0.014976
-18.427	-0.07563	0.015325
-18.427	-0.02521	0.015597
-18.427	0.02521	0.015285
-18.427	0.07563	0.015402
-18.427	0.12605	0.014917
-18.427	0.17647	0.014882
-18.427	0.22689	0.014765
-18.427	0.27731	0.014067
-18.427	0.32773	0.013814
-18.427	0.37815	0.013002
-18.427	0.42857	0.012635
-18.427	0.47899	0.011745
-18.427	0.52941	0.011289
-18.427	0.57983	0.010786
-18.427	0.63025	0.009844
-18.427	0.68067	0.0092948
-18.427	0.73109	0.0083658
-18.427	0.78151	0.0080851
-18.427	0.83193	0.0075123
-18.427	0.88235	0.0066397
-18.427	0.93277	0.006084
-18.427	0.98319	0.0052888
-18.427	1.0336	0.0047721
-18.427	1.084	0.0042688
-18.427	1.1345	0.0036112
-18.427	1.1849	0.003171
-18.427	1.2353	0.0026226
-18.427	1.2857	0.0022535
-18.427	1.3361	0.0019122
-18.427	1.3866	0.0015186
-18.427	1.437	0.0012516
-18.379	-1.4874	0.0010639
-18.379	-1.437	0.0013466
-18.379	-1.3866	0.0016645
-18.379	-1.3361	0.0020379
-18.379	-1.2857	0.0024606
-18.379	-1.2353	0.002906
-18.379	-1.1849	0.003426
-18.379	-1.1345	0.0039472
-18.379	-1.084	0.004561
-18.379	-1.0336	0.0052219
-18.379	-0.98319	0.0058424
-18.379	-0.93277	0.0065805
-18.379	-0.88235	0.0072337
-18.379	-0.83193	0.0080291
-18.379	-0.78151	0.0086865
-18.379	-0.73109	0.0095137
-18.379	-0.68067	0.01035
-18.379	-0.63025	0.010972
-18.379	-0.57983	0.011795
-18.379	-0.52941	0.012338
-18.379	-0.47899	0.012729
-18.379	-0.42857	0.013489
-18.379	-0.37815	0.013898
-18.379	-0.32773	0.014571
-18.379	-0.27731	0.014831
-18.379	-0.22689	0.015388
-18.379	-0.17647	0.015879
-18.379	-0.12605	0.015897
-18.379	-0.07563	0.01624
-18.379	-0.02521	0.01607
-18.379	0.02521	0.016253
-18.379	0.07563	0.016349
-18.379	0.12605	0.015917
-18.379	0.17647	0.015853
-18.379	0.22689	0.015253
-18.379	0.27731	0.015037
-18.379	0.32773	0.014743
-18.379	0.37815	0.013948
-18.379	0.42857	0.013532
-18.379	0.47899	0.012644
-18.379	0.52941	0.012134
-18.379	0.57983	0.011575
-18.379	0.63025	0.010619
-18.379	0.68067	0.010011
-18.379	0.73109	0.009057
-18.379	0.78151	0.0084326
-18.379	0.83193	0.0077968
-18.379	0.88235	0.0069041
-18.379	0.93277	0.0062941
-18.379	0.98319	0.0054803
-18.379	1.0336	0.0049185
-18.379	1.084	0.0042028
-18.379	1.1345	0.0037058
-18.379	1.1849	0.003235
-18.379	1.2353	0.0026774
-18.379	1.2857	0.0022858
-18.379	1.3361	0.0018406
-18.379	1.3866	0.0015294
-18.379	1.437	0.0012507
-18.331	-1.4874	0.0010637
-18.331	-1.437	0.0013478
-18.331	-1.3866	0.001679
-18.331	-1.3361	0.002056
-18.331	-1.2857	0.0024758
-18.331	-1.2353	0.0029515
-18.331	-1.1849	0.0034779
-18.331	-1.1345	0.0040322
-18.331	-1.084	0.0046554
-18.331	-1.0336	0.0052823
-18.331	-0.98319	0.0059923
-18.331	-0.93277	0.0067416
-18.331	-0.88235	0.0074516
-18.331	-0.83193	0.0082603
-18.331	-0.78151	0.0089836
-18.331	-0.73109	0.0098253
-18.331	-0.68067	0.010674
-18.331	-0.63025	0.011372
-18.331	-0.57983	0.012206
-18.331	-0.52941	0.01283
-18.331	-0.47899	0.013615
-18.331	-0.42857	0.014363
-18.331	-0.37815	0.014832
-18.331	-0.32773	0.015481
-18.331	-0.27731	0.015795
-18.331	-0.22689	0.016317
-18.331	-0.17647	0.016763
-18.331	-0.12605	0.016825
-18.331	-0.07563	0.017112
-18.331	-0.02521	0.016978
-18.331	0.02521	0.017096
-18.331	0.07563	0.016767
-18.331	0.12605	0.016716
-18.331	0.17647	0.016575
-18.331	0.22689	0.015992
-18.331	0.27731	0.015855
-18.331	0.32773	0.015152
-18.331	0.37815	0.014759
-18.331	0.42857	0.014296
-18.331	0.47899	0.013428
-18.331	0.52941	0.012866
-18.331	0.57983	0.01193
-18.331	0.63025	0.011301
-18.331	0.68067	0.010639
-18.331	0.73109	0.0096759
-18.331	0.78151	0.0089962
-18.331	0.83193	0.0080612
-18.331	0.88235	0.0073951
-18.331	0.93277	0.0067334
-18.331	0.98319	0.0058945
-18.331	1.0336	0.0052847
-18.331	1.084	0.0045409
-18.331	1.1345	0.0040005
-18.331	1.1849	0.0034899
-18.331	1.2353	0.0029057
-18.331	1.2857	0.0024799
-18.331	1.3361	0.00201
-18.331	1.3866	0.0016705
-18.331	1.437	0.0013669
-18.331	1.4874	0.0010525
-18.284	-1.4874	0.0011841
-18.284	-1.437	0.0014879
-18.284	-1.3866	0.0018518
-18.284	-1.3361	0.0022516
-18.284	-1.2857	0.0027121
-18.284	-1.2353	0.0032129
-18.284	-1.1849	0.003768
-18.284	-1.1345	0.0043686
-18.284	-1.084	0.0050158
-18.284	-1.0336	0.0057011
-18.284	-0.98319	0.0064334
-18.284	-0.93277	0.0067889
-18.284	-0.88235	0.0075734
-18.284	-0.83193	0.0083848
-18.284	-0.78151	0.0091687
-18.284	-0.73109	0.010014
-18.284	-0.68067	0.010786
-18.284	-0.63025	0.011634
-18.284	-0.57983	0.012468
-18.284	-0.52941	0.013172
-18.284	-0.47899	0.013956
-18.284	-0.42857	0.014554
-18.284	-0.37815	0.015253
-18.284	-0.32773	0.015895
-18.284	-0.27731	0.016294
-18.284	-0.22689	0.016804
-18.284	-0.17647	0.017024
-18.284	-0.12605	0.01738
-18.284	-0.07563	0.017647
-18.284	-0.02521	0.017592
-18.284	0.02521	0.017685
-18.284	0.07563	0.017428
-18.284	0.12605	0.017346
-18.284	0.17647	0.017171
-18.284	0.22689	0.01665
-18.284	0.27731	0.016315
-18.284	0.32773	0.015633
-18.284	0.37815	0.015161
-18.284	0.42857	0.014619
-18.284	0.47899	0.013769
-18.284	0.52941	0.013133
-18.284	0.57983	0.012209
-18.284	0.63025	0.011513
-18.284	0.68067	0.010558
-18.284	0.73109	0.0098351
-18.284	0.78151	0.0091005
-18.284	0.83193	0.008173
-18.284	0.88235	0.0074605
-18.284	0.93277	0.0065914
-18.284	0.98319	0.0059276
-18.284	1.0336	0.0056038
-18.284	1.084	0.0048424
-18.284	1.1345	0.0042626
-18.284	1.1849	0.0036071
-18.284	1.2353	0.0031126
-18.284	1.2857	0.0026556
-18.284	1.3361	0.0021662
-18.284	1.3866	0.0018007
-18.284	1.437	0.0014219
-18.284	1.4874	0.0011439
-18.236	-1.4874	0.0011523
-18.236	-1.437	0.0014711
-18.236	-1.3866	0.0018173
-18.236	-1.3361	0.0022102
-18.236	-1.2857	0.0026799
-18.236	-1.2353	0.0031738
-18.236	-1.1849	0.0037455
-18.236	-1.1345	0.0043396
-18.236	-1.084	0.0049783
-18.236	-1.0336	0.0056919
-18.236	-0.98319	0.0064164
-18.236	-0.93277	0.0071997
-18.236	-0.88235	0.0079912
-18.236	-0.83193	0.0088162
-18.236	-0.78151	0.0096493
-18.236	-0.73109	0.010489
-18.236	-0.68067	0.011325
-18.236	-0.63025	0.012158
-18.236	-0.57983	0.012946
-18.236	-0.52941	0.013737
-18.236	-0.47899	0.014489
-18.236	-0.42857	0.015148
-18.236	-0.37815	0.015805
-18.236	-0.32773	0.01632
-18.236	-0.27731	0.01685
-18.236	-0.22689	0.017301
-18.236	-0.17647	0.017393
-18.236	-0.12605	0.017727
-18.236	-0.07563	0.017836
-18.236	-0.02521	0.017997
-18.236	0.02521	0.018062
-18.236	0.07563	0.017883
-18.236	0.12605	0.017769
-18.236	0.17647	0.017392
-18.236	0.22689	0.017109
-18.236	0.27731	0.016737
-18.236	0.32773	0.016116
-18.236	0.37815	0.015604
-18.236	0.42857	0.014844
-18.236	0.47899	0.014219
-18.236	0.52941	0.013541
-18.236	0.57983	0.012654
-18.236	0.63025	0.011915
-18.236	0.68067	0.010984
-18.236	0.73109	0.010218
-18.236	0.78151	0.0094419
-18.236	0.83193	0.0085266
-18.236	0.88235	0.0077734
-18.236	0.93277	0.0069068
-18.236	0.98319	0.0062042
-18.236	1.0336	0.0055272
-18.236	1.084	0.0047842
-18.236	1.1345	0.0041878
-18.236	1.1849	0.0035478
-18.236	1.2353	0.003043
-18.236	1.2857	0.0025141
-18.236	1.3361	0.0021046
-18.236	1.3866	0.0017371
-18.236	1.437	0.0013702
-18.236	1.4874	0.0010931
-18.188	-1.4874	0.0012447
-18.188	-1.437	0.0015862
-18.188	-1.3866	0.0017598
-18.188	-1.3361	0.0021789
-18.188	-1.2857	0.002613
-18.188	-1.2353	0.0030936
-18.188	-1.1849	0.0036733
-18.188	-1.1345	0.004253
-18.188	-1.084	0.0049346
-18.188	-1.0336	0.005606
-18.188	-0.98319	0.0063129
-18.188	-0.93277	0.0071236
-18.188	-0.88235	0.0078971
-18.188	-0.83193	0.008761
-18.188	-0.78151	0.0095761
-18.188	-0.73109	0.010394
-18.188	-0.68067	0.011285
-18.188	-0.63025	0.012097
-18.188	-0.57983	0.01295
-18.188	-0.52941	0.01372
-18.188	-0.47899	0.014448
-18.188	-0.42857	0.015185
-18.188	-0.37815	0.015818
-18.188	-0.32773	0.016418
-18.188	-0.27731	0.016923
-18.188	-0.22689	0.017347
-18.188	-0.17647	0.017705
-18.188	-0.12605	0.017966
-18.188	-0.07563	0.018123
-18.188	-0.02521	0.018206
-18.188	0.02521	0.018154
-18.188	0.07563	0.018057
-18.188	0.12605	0.017863
-18.188	0.17647	0.017526
-18.188	0.22689	0.017164
-18.188	0.27731	0.016645
-18.188	0.32773	0.016135
-18.188	0.37815	0.015552
-18.188	0.42857	0.01483
-18.188	0.47899	0.014142
-18.188	0.52941	0.013317
-18.188	0.57983	0.012942
-18.188	0.63025	0.012166
-18.188	0.68067	0.011275
-18.188	0.73109	0.010473
-18.188	0.78151	0.0095682
-18.188	0.83193	0.0087742
-18.188	0.88235	0.0079887
-18.188	0.93277	0.0071383
-18.188	0.98319	0.0064047
-18.188	1.0336	0.0056225
-18.188	1.084	0.004963
-18.188	1.1345	0.0043406
-18.188	1.1849	0.0037003
-18.188	1.2353	0.0031721
-18.188	1.2857	0.0026381
-18.188	1.3361	0.0022082
-18.188	1.3866	0.001823
-18.188	1.437	0.0014488
-18.188	1.4874	0.001157
-18.141	-1.4874	0.0011796
-18.141	-1.437	0.0015151
-18.141	-1.3866	0.0018584
-18.141	-1.3361	0.0022998
-18.141	-1.2857	0.0027395
-18.141	-1.2353	0.0032917
-18.141	-1.1849	0.003829
-18.141	-1.1345	0.0044073
-18.141	-1.084	0.0051197
-18.141	-1.0336	0.0057844
-18.141	-0.98319	0.0065888
-18.141	-0.93277	0.0073239
-18.141	-0.88235	0.0080778
-18.141	-0.83193	0.0089803
-18.141	-0.78151	0.0097675
-18.141	-0.73109	0.010694
-18.141	-0.68067	0.011483
-18.141	-0.63025	0.01187
-18.141	-0.57983	0.012776
-18.141	-0.52941	0.013514
-18.141	-0.47899	0.014353
-18.141	-0.42857	0.015013
-18.141	-0.37815	0.015613
-18.141	-0.32773	0.016291
-18.141	-0.27731	0.016764
-18.141	-0.22689	0.017281
-18.141	-0.17647	0.017601
-18.141	-0.12605	0.017829
-18.141	-0.07563	0.018077
-18.141	-0.02521	0.018129
-18.141	0.02521	0.018168
-18.141	0.07563	0.018039
-18.141	0.12605	0.017814
-18.141	0.17647	0.017565
-18.141	0.22689	0.017173
-18.141	0.27731	0.016735
-18.141	0.32773	0.016194
-18.141	0.37815	0.015583
-18.141	0.42857	0.014932
-18.141	0.47899	0.014215
-18.141	0.52941	0.013452
-18.141	0.57983	0.012665
-18.141	0.63025	0.011829
-18.141	0.68067	0.011007
-18.141	0.73109	0.010175
-18.141	0.78151	0.0093163
-18.141	0.83193	0.0085011
-18.141	0.88235	0.0076642
-18.141	0.93277	0.0068952
-18.141	0.98319	0.0061544
-18.141	1.0336	0.0054127
-18.141	1.084	0.0047515
-18.141	1.1345	0.0040953
-18.141	1.1849	0.0035272
-18.141	1.2353	0.0030052
-18.141	1.2857	0.0025012
-18.141	1.3361	0.0022845
-18.141	1.3866	0.0018576
-18.141	1.437	0.0015105
-18.141	1.4874	0.0012073
-18.093	-1.4874	0.0011422
-18.093	-1.437	0.001427
-18.093	-1.3866	0.0017513
-18.093	-1.3361	0.0021829
-18.093	-1.2857	0.0025998
-18.093	-1.2353	0.0031441
-18.093	-1.1849	0.0036551
-18.093	-1.1345	0.0042036
-18.093	-1.084	0.0049118
-18.093	-1.0336	0.0055435
-18.093	-0.98319	0.0063497
-18.093	-0.93277	0.0070493
-18.093	-0.88235	0.0077643
-18.093	-0.83193	0.0086782
-18.093	-0.78151	0.009425
-18.093	-0.73109	0.010374
-18.093	-0.68067	0.011122
-18.093	-0.63025	0.012068
-18.093	-0.57983	0.012784
-18.093	-0.52941	0.013458
-18.093	-0.47899	0.014333
-18.093	-0.42857	0.014923
-18.093	-0.37815	0.015693
-18.093	-0.32773	0.016166
-18.093	-0.27731	0.016559
-18.093	-0.22689	0.017122
-18.093	-0.17647	0.01736
-18.093	-0.12605	0.017737
-18.093	-0.07563	0.017804
-18.093	-0.02521	0.017774
-18.093	0.02521	0.017867
-18.093	0.07563	0.01766
-18.093	0.12605	0.017699
-18.093	0.17647	0.017368
-18.093	0.22689	0.016949
-18.093	0.27731	0.016602
-18.093	0.32773	0.016037
-18.093	0.37815	0.01552
-18.093	0.42857	0.014836
-18.093	0.47899	0.0141
-18.093	0.52941	0.01341
-18.093	0.57983	0.012605
-18.093	0.63025	0.011832
-18.093	0.68067	0.010992
-18.093	0.73109	0.010145
-18.093	0.78151	0.0093379
-18.093	0.83193	0.0085083
-18.093	0.88235	0.007712
-18.093	0.93277	0.006929
-18.093	0.98319	0.0061766
-18.093	1.0336	0.0054634
-18.093	1.084	0.0047909
-18.093	1.1345	0.0041544
-18.093	1.1849	0.0035753
-18.093	1.2353	0.00303
-18.093	1.2857	0.0025508
-18.093	1.3361	0.0021203
-18.093	1.3866	0.0017242
-18.093	1.437	0.0013911
-18.093	1.4874	0.0010891
-18.045	-1.4874	0.0011872
-18.045	-1.437	0.0014707
-18.045	-1.3866	0.0018618
-18.045	-1.3361	0.0022324
-18.045	-1.2857	0.0026404
-18.045	-1.2353	0.0031963
-18.045	-1.1849	0.0036925
-18.045	-1.1345	0.0043619
-18.045	-1.084	0.0046476
-18.045	-1.0336	0.0052393
-18.045	-0.98319	0.0060362
-18.045	-0.93277	0.0066923
-18.045	-0.88235	0.0075731
-18.045	-0.83193	0.0082723
-18.045	-0.78151	0.0089702
-18.045	-0.73109	0.0099261
-18.045	-0.68067	0.010624
-18.045	-0.63025	0.011589
-18.045	-0.57983	0.012255
-18.045	-0.52941	0.012879
-18.045	-0.47899	0.013789
-18.045	-0.42857	0.01433
-18.045	-0.37815	0.01515
-18.045	-0.32773	0.015578
-18.045	-0.27731	0.015927
-18.045	-0.22689	0.016557
-18.045	-0.17647	0.016756
-18.045	-0.12605	0.017213
-18.045	-0.07563	0.017245
-18.045	-0.02521	0.017509
-18.045	0.02521	0.017368
-18.045	0.07563	0.017135
-18.045	0.12605	0.017116
-18.045	0.17647	0.016718
-18.045	0.22689	0.016503
-18.045	0.27731	0.015957
-18.045	0.32773	0.015342
-18.045	0.37815	0.014892
-18.045	0.42857	0.014169
-18.045	0.47899	0.013582
-18.045	0.52941	0.012782
-18.045	0.57983	0.011956
-18.045	0.63025	0.011253
-18.045	0.68067	0.010403
-18.045	0.73109	0.0096549
-18.045	0.78151	0.008814
-18.045	0.83193	0.0079898
-18.045	0.88235	0.0076548
-18.045	0.93277	0.0068676
-18.045	0.98319	0.0061557
-18.045	1.0336	0.0054385
-18.045	1.084	0.0047633
-18.045	1.1345	0.0041553
-18.045	1.1849	0.0035728
-18.045	1.2353	0.0030474
-18.045	1.2857	0.002564
-18.045	1.3361	0.0021306
-18.045	1.3866	0.0017453
-18.045	1.437	0.0014086
-18.045	1.4874	0.0011121
-17.998	-1.4874	0.0010842
-17.998	-1.437	0.0013441
-17.998	-1.3866	0.0017155
-17.998	-1.3361	0.0020567
-17.998	-1.2857	0.0025389
-17.998	-1.2353	0.0029646
-17.998	-1.1849	0.0034219
-17.998	-1.1345	0.0040692
-17.998	-1.084	0.0046034
-17.998	-1.0336	0.0053586
-17.998	-0.98319	0.0059574
-17.998	-0.93277	0.0065684
-17.998	-0.88235	0.0074508
-17.998	-0.83193	0.0080955
-17.998	-0.78151	0.0090363
-17.998	-0.73109	0.0096879
-17.998	-0.68067	0.010317
-17.998	-0.63025	0.011283
-17.998	-0.57983	0.011872
-17.998	-0.52941	0.012812
-17.998	-0.47899	0.013329
-17.998	-0.42857	0.013785
-17.998	-0.37815	0.014616
-17.998	-0.32773	0.014795
-17.998	-0.27731	0.015535
-17.998	-0.22689	0.015778
-17.998	-0.17647	0.015935
-17.998	-0.12605	0.016459
-17.998	-0.07563	0.016457
-17.998	-0.02521	0.016801
-17.998	0.02521	0.016633
-17.998	0.07563	0.016376
-17.998	0.12605	0.01645
-17.998	0.17647	0.016035
-17.998	0.22689	0.015919
-17.998	0.27731	0.015362
-17.998	0.32773	0.01474
-17.998	0.37815	0.01439
-17.998	0.42857	0.013665
-17.998	0.47899	0.013174
-17.998	0.52941	0.012374
-17.998	0.57983	0.011775
-17.998	0.63025	0.010936
-17.998	0.68067	0.010091
-17.998	0.73109	0.0094188
-17.998	0.78151	0.0085837
-17.998	0.83193	0.0078928
-17.998	0.88235	0.0070967
-17.998	0.93277	0.0063324
-17.998	0.98319	0.0056881
-17.998	1.0336	0.004997
-17.998	1.084	0.0044048
-17.998	1.1345	0.003802
-17.998	1.1849	0.0032488
-17.998	1.2353	0.0027741
-17.998	1.2857	0.0023185
-17.998	1.3361	0.0019262
-17.998	1.3866	0.001567
-17.998	1.437	0.0012545
-17.95	-1.437	0.0012086
-17.95	-1.3866	0.0015555
-17.95	-1.3361	0.0018646
-17.95	-1.2857	0.0023193
-17.95	-1.2353	0.0027062
-17.95	-1.1849	0.0031205
-17.95	-1.1345	0.003737
-17.95	-1.084	0.0042221
-17.95	-1.0336	0.0049476
-17.95	-0.98319	0.0054922
-17.95	-0.93277	0.0060456
-17.95	-0.88235	0.0069012
-17.95	-0.83193	0.007485
-17.95	-0.78151	0.0084058
-17.95	-0.73109	0.008995
-17.95	-0.68067	0.0099509
-17.95	-0.63025	0.010517
-17.95	-0.57983	0.011044
-17.95	-0.52941	0.011985
-17.95	-0.47899	0.012443
-17.95	-0.42857	0.01333
-17.95	-0.37815	0.013691
-17.95	-0.32773	0.01398
-17.95	-0.27731	0.014725
-17.95	-0.22689	0.014881
-17.95	-0.17647	0.015489
-17.95	-0.12605	0.015497
-17.95	-0.07563	0.015419
-17.95	-0.02521	0.015793
-17.95	0.02521	0.015558
-17.95	0.07563	0.015752
-17.95	0.12605	0.015364
-17.95	0.17647	0.014903
-17.95	0.22689	0.014847
-17.95	0.27731	0.014256
-17.95	0.32773	0.014032
-17.95	0.37815	0.013335
-17.95	0.42857	0.012971
-17.95	0.47899	0.01258
-17.95	0.52941	0.011793
-17.95	0.57983	0.011289
-17.95	0.63025	0.010463
-17.95	0.68067	0.009636
-17.95	0.73109	0.0090491
-17.95	0.78151	0.0082312
-17.95	0.83193	0.0076149
-17.95	0.88235	0.0068348
-17.95	0.93277	0.0060881
-17.95	0.98319	0.0055029
-17.95	1.0336	0.0048268
-17.95	1.084	0.0042818
-17.95	1.1345	0.003691
-17.95	1.1849	0.0031501
-17.95	1.2353	0.002708
-17.95	1.2857	0.0022614
-17.95	1.3361	0.0018923
-17.95	1.3866	0.001539
-17.95	1.437	0.0012458
-17.902	-1.437	0.0012597
-17.902	-1.3866	0.0015215
-17.902	-1.3361	0.0018094
-17.902	-1.2857	0.0022535
-17.902	-1.2353	0.0026109
-17.902	-1.1849	0.0031656
-17.902	-1.1345	0.0035893
-17.902	-1.084	0.0040294
-17.902	-1.0336	0.0047353
-17.902	-0.98319	0.0052249
-17.902	-0.93277	0.0060259
-17.902	-0.88235	0.006548
-17.902	-0.83193	0.0068062
-17.902	-0.78151	0.0076936
-17.902	-0.73109	0.008216
-17.902	-0.68067	0.0091466
-17.902	-0.63025	0.0096463
-17.902	-0.57983	0.010107
-17.902	-0.52941	0.011036
-17.902	-0.47899	0.011432
-17.902	-0.42857	0.01232
-17.902	-0.37815	0.012625
-17.902	-0.32773	0.012861
-17.902	-0.27731	0.013625
-17.902	-0.22689	0.013738
-17.902	-0.17647	0.014381
-17.902	-0.12605	0.014354
-17.902	-0.07563	0.014852
-17.902	-0.02521	0.014678
-17.902	0.02521	0.014425
-17.902	0.07563	0.014689
-17.902	0.12605	0.014293
-17.902	0.17647	0.014386
-17.902	0.22689	0.01386
-17.902	0.27731	0.013277
-17.902	0.32773	0.013147
-17.902	0.37815	0.012465
-17.902	0.42857	0.012192
-17.902	0.47899	0.011438
-17.902	0.52941	0.010665
-17.902	0.57983	0.010247
-17.902	0.63025	0.0094468
-17.902	0.68067	0.0089532
-17.902	0.73109	0.0081547
-17.902	0.78151	0.0073764
-17.902	0.83193	0.0068476
-17.902	0.88235	0.006111
-17.902	0.93277	0.0055802
-17.902	0.98319	0.0049066
-17.902	1.0336	0.0042776
-17.902	1.084	0.0038048
-17.902	1.1345	0.0032588
-17.902	1.1849	0.0030831
-17.902	1.2353	0.0026016
-17.902	1.2857	0.0021702
-17.902	1.3361	0.0018298
-17.902	1.3866	0.0014874
-17.902	1.437	0.0012139
-17.855	-1.437	0.0011042
-17.855	-1.3866	0.0013332
-17.855	-1.3361	0.001697
-17.855	-1.2857	0.001989
-17.855	-1.2353	0.0023015
-17.855	-1.1849	0.0028116
-17.855	-1.1345	0.0031828
-17.855	-1.084	0.0037996
-17.855	-1.0336	0.0042217
-17.855	-0.98319	0.0046488
-17.855	-0.93277	0.0053996
-17.855	-0.88235	0.0058548
-17.855	-0.83193	0.0066852
-17.855	-0.78151	0.0071484
-17.855	-0.73109	0.0075892
-17.855	-0.68067	0.0084828
-17.855	-0.63025	0.0088954
-17.855	-0.57983	0.0098029
-17.855	-0.52941	0.010161
-17.855	-0.47899	0.010467
-17.855	-0.42857	0.011327
-17.855	-0.37815	0.011544
-17.855	-0.32773	0.012336
-17.855	-0.27731	0.012441
-17.855	-0.22689	0.012475
-17.855	-0.17647	0.013113
-17.855	-0.12605	0.013017
-17.855	-0.07563	0.013522
-17.855	-0.02521	0.013415
-17.855	0.02521	0.013149
-17.855	0.07563	0.013472
-17.855	0.12605	0.013075
-17.855	0.17647	0.01324
-17.855	0.22689	0.012722
-17.855	0.27731	0.012155
-17.855	0.32773	0.012111
-17.855	0.37815	0.011453
-17.855	0.42857	0.011273
-17.855	0.47899	0.010548
-17.855	0.52941	0.010252
-17.855	0.57983	0.0094876
-17.855	0.63025	0.0087248
-17.855	0.68067	0.0083239
-17.855	0.73109	0.0075636
-17.855	0.78151	0.007112
-17.855	0.83193	0.00638
-17.855	0.88235	0.0056809
-17.855	0.93277	0.0052241
-17.855	0.98319	0.004584
-17.855	1.0336	0.0041401
-17.855	1.084	0.0035737
-17.855	1.1345	0.0030554
-17.855	1.1849	0.0026793
-17.855	1.2353	0.0022449
-17.855	1.2857	0.0019196
-17.855	1.3361	0.00157
-17.855	1.3866	0.0012659
-17.855	1.437	0.0010336
-17.807	-1.437	0.0010462
-17.807	-1.3866	0.0012519
-17.807	-1.3361	0.0015957
-17.807	-1.2857	0.0017235
-17.807	-1.2353	0.0019912
-17.807	-1.1849	0.0024517
-17.807	-1.1345	0.0027701
-17.807	-1.084	0.003332
-17.807	-1.0336	0.0036941
-17.807	-0.98319	0.0040585
-17.807	-0.93277	0.0047486
-17.807	-0.88235	0.0051363
-17.807	-0.83193	0.0059074
-17.807	-0.78151	0.0063006
-17.807	-0.73109	0.0071333
-17.807	-0.68067	0.0075108
-17.807	-0.63025	0.0078546
-17.807	-0.57983	0.0087181
-17.807	-0.52941	0.0090118
-17.807	-0.47899	0.0098684
-17.807	-0.42857	0.010089
-17.807	-0.37815	0.010252
-17.807	-0.32773	0.011033
-17.807	-0.27731	0.011095
-17.807	-0.22689	0.011793
-17.807	-0.17647	0.01174
-17.807	-0.12605	0.011621
-17.807	-0.07563	0.012153
-17.807	-0.02521	0.011911
-17.807	0.02521	0.01231
-17.807	0.07563	0.011946
-17.807	0.12605	0.011527
-17.807	0.17647	0.011725
-17.807	0.22689	0.011201
-17.807	0.27731	0.011258
-17.807	0.32773	0.010648
-17.807	0.37815	0.01001
-17.807	0.42857	0.0098952
-17.807	0.47899	0.0092049
-17.807	0.52941	0.0089841
-17.807	0.57983	0.0082653
-17.807	0.63025	0.0075549
-17.807	0.68067	0.0072383
-17.807	0.73109	0.0068847
-17.807	0.78151	0.0065191
-17.807	0.83193	0.0058332
-17.807	0.88235	0.0051806
-17.807	0.93277	0.0047993
-17.807	0.98319	0.0042011
-17.807	1.0336	0.0038232
-17.807	1.084	0.0032929
-17.807	1.1345	0.0028094
-17.807	1.1849	0.0024835
-17.807	1.2353	0.0020772
-17.807	1.2857	0.0017912
-17.807	1.3361	0.0014631
-17.807	1.3866	0.0012245
-17.759	-1.3866	0.0010542
-17.759	-1.3361	0.0013563
-17.759	-1.2857	0.0015743
-17.759	-1.2353	0.0019657
-17.759	-1.1849	0.0022283
-17.759	-1.1345	0.0024984
-17.759	-1.084	0.0030163
-17.759	-1.0336	0.00332
-17.759	-0.98319	0.0039291
-17.759	-0.93277	0.0042553
-17.759	-0.88235	0.004571
-17.759	-0.83193	0.0052811
-17.759	-0.78151	0.0055951
-17.759	-0.73109	0.0063648
-17.759	-0.68067	0.0066582
-17.759	-0.63025	0.0069174
-17.759	-0.57983	0.0077175
-17.759	-0.52941	0.0078276
-17.759	-0.47899	0.0086368
-17.759	-0.42857	0.0088018
-17.759	-0.37815	0.0089145
-17.759	-0.32773	0.0096668
-17.759	-0.27731	0.0096895
-17.759	-0.22689	0.010377
-17.759	-0.17647	0.010297
-17.759	-0.12605	0.010895
-17.759	-0.07563	0.010704
-17.759	-0.02521	0.010455
-17.759	0.02521	0.010886
-17.759	0.07563	0.01053
-17.759	0.12605	0.010834
-17.759	0.17647	0.010376
-17.759	0.22689	0.00988
-17.759	0.27731	0.010003
-17.759	0.32773	0.0094289
-17.759	0.37815	0.0094296
-17.759	0.42857	0.0087972
-17.759	0.47899	0.0081566
-17.759	0.52941	0.0080187
-17.759	0.57983	0.0073537
-17.759	0.63025	0.0071336
-17.759	0.68067	0.0064667
-17.759	0.73109	0.0058219
-17.759	0.78151	0.0055384
-17.759	0.83193	0.0049226
-17.759	0.88235	0.0046102
-17.759	0.93277	0.0040407
-17.759	0.98319	0.0035122
-17.759	1.0336	0.00321
-17.759	1.084	0.0027448
-17.759	1.1345	0.0024581
-17.759	1.1849	0.0020626
-17.759	1.2353	0.0017114
-17.759	1.2857	0.0014807
-17.759	1.3361	0.0011991
-17.759	1.3866	0.001006
-17.712	-1.3361	0.0011272
-17.712	-1.2857	0.0013054
-17.712	-1.2353	0.0016456
-17.712	-1.1849	0.0018605
-17.712	-1.1345	0.0022866
-17.712	-1.084	0.0025337
-17.712	-1.0336	0.00278
-17.712	-0.98319	0.0033183
-17.712	-0.93277	0.0035821
-17.712	-0.88235	0.0041992
-17.712	-0.83193	0.0044674
-17.712	-0.78151	0.0047161
-17.712	-0.73109	0.0054091
-17.712	-0.68067	0.005638
-17.712	-0.63025	0.0063729
-17.712	-0.57983	0.0065644
-17.712	-0.52941	0.0067168
-17.712	-0.47899	0.007455
-17.712	-0.42857	0.0075453
-17.712	-0.37815	0.0082672
-17.712	-0.32773	0.0082804
-17.712	-0.27731	0.0082428
-17.712	-0.22689	0.0088836
-17.712	-0.17647	0.0087552
-17.712	-0.12605	0.0093215
-17.712	-0.07563	0.0090969
-17.712	-0.02521	0.0088251
-17.712	0.02521	0.0092477
-17.712	0.07563	0.0088843
-17.712	0.12605	0.009198
-17.712	0.17647	0.0087504
-17.712	0.22689	0.0082748
-17.712	0.27731	0.0086925
-17.712	0.32773	0.0081628
-17.712	0.37815	0.0082296
-17.712	0.42857	0.0076491
-17.712	0.47899	0.007065
-17.712	0.52941	0.0070023
-17.712	0.57983	0.0063977
-17.712	0.63025	0.0062563
-17.712	0.68067	0.005651
-17.712	0.73109	0.0054486
-17.712	0.78151	0.0048616
-17.712	0.83193	0.0043058
-17.712	0.88235	0.004066
-17.712	0.93277	0.0035517
-17.712	0.98319	0.0032973
-17.712	1.0336	0.0028365
-17.712	1.084	0.0024177
-17.712	1.1345	0.0021846
-17.712	1.1849	0.0018279
-17.712	1.2353	0.0016139
-17.712	1.2857	0.0013213
-17.712	1.3361	0.0010676
-17.664	-1.2857	0.001127
-17.664	-1.2353	0.0014282
-17.664	-1.1849	0.0015999
-17.664	-1.1345	0.0019775
-17.664	-1.084	0.0021723
-17.664	-1.0336	0.0023629
-17.664	-0.98319	0.002734
-17.664	-0.93277	0.0029396
-17.664	-0.88235	0.0034785
-17.664	-0.83193	0.0036857
-17.664	-0.78151	0.0038744
-17.664	-0.73109	0.0044848
-17.664	-0.68067	0.0046546
-17.664	-0.63025	0.0053089
-17.664	-0.57983	0.0054449
-17.664	-0.52941	0.0061247
-17.664	-0.47899	0.0062119
-17.664	-0.42857	0.0062591
-17.664	-0.37815	0.0069199
-17.664	-0.32773	0.0069002
-17.664	-0.27731	0.0075335
-17.664	-0.22689	0.0074366
-17.664	-0.17647	0.0072957
-17.664	-0.12605	0.0078392
-17.664	-0.07563	0.0076158
-17.664	-0.02521	0.0080847
-17.664	0.02521	0.0077785
-17.664	0.07563	0.0074386
-17.664	0.12605	0.0077734
-17.664	0.17647	0.0073617
-17.664	0.22689	0.0075994
-17.664	0.27731	0.0071263
-17.664	0.32773	0.006641
-17.664	0.37815	0.0067445
-17.664	0.42857	0.0062213
-17.664	0.47899	0.0062369
-17.664	0.52941	0.0056921
-17.664	0.57983	0.0051601
-17.664	0.63025	0.0050814
-17.664	0.68067	0.0045539
-17.664	0.73109	0.0044201
-17.664	0.78151	0.0039129
-17.664	0.83193	0.0034374
-17.664	0.88235	0.003267
-17.664	0.93277	0.0028303
-17.664	0.98319	0.0026435
-17.664	1.0336	0.0024444
-17.664	1.084	0.0020753
-17.664	1.1345	0.0018937
-17.664	1.1849	0.0015788
-17.664	1.2353	0.0014081
-17.664	1.2857	0.0011492
-17.616	-1.2857	0.0010004
-17.616	-1.2353	0.0011298
-17.616	-1.1849	0.0012602
-17.616	-1.1345	0.001576
-17.616	-1.084	0.0017232
-17.616	-1.0336	0.0021082
-17.616	-0.98319	0.0022662
-17.616	-0.93277	0.0024138
-17.616	-0.88235	0.0028792
-17.616	-0.83193	0.0030231
-17.616	-0.78151	0.0035462
-17.616	-0.73109	0.0036752
-17.616	-0.68067	0.0037802
-17.616	-0.63025	0.0043472
-17.616	-0.57983	0.0044196
-17.616	-0.52941	0.0050119
-17.616	-0.47899	0.0050397
-17.616	-0.42857	0.0050335
-17.616	-0.37815	0.0056119
-17.616	-0.32773	0.0055477
-17.616	-0.27731	0.0061077
-17.616	-0.22689	0.0060473
-17.616	-0.17647	0.0059001
-17.616	-0.12605	0.0064053
-17.616	-0.07563	0.006189
-17.616	-0.02521	0.0066378
-17.616	0.02521	0.0063524
-17.616	0.07563	0.006731
-17.616	0.12605	0.0063799
-17.616	0.17647	0.0060091
-17.616	0.22689	0.0062687
-17.616	0.27731	0.0058471
-17.616	0.32773	0.0060239
-17.616	0.37815	0.0055628
-17.616	0.42857	0.0051034
-17.616	0.47899	0.0051713
-17.616	0.52941	0.0046946
-17.616	0.57983	0.004693
-17.616	0.63025	0.0042137
-17.616	0.68067	0.0037562
-17.616	0.73109	0.0036854
-17.616	0.78151	0.0032458
-17.616	0.83193	0.0031354
-17.616	0.88235	0.0027254
-17.616	0.93277	0.0023492
-17.616	0.98319	0.0022183
-17.616	1.0336	0.0018831
-17.616	1.084	0.0017441
-17.616	1.1345	0.0014553
-17.616	1.1849	0.0012011
-17.616	1.2353	0.0010783
-17.569	-1.1849	0.0011036
-17.569	-1.1345	0.0012132
-17.569	-1.084	0.0013188
-17.569	-1.0336	0.0016349
-17.569	-0.98319	0.001747
-17.569	-0.93277	0.0021232
-17.569	-0.88235	0.0022346
-17.569	-0.83193	0.0023314
-17.569	-0.78151	0.0027698
-17.569	-0.73109	0.0028524
-17.569	-0.68067	0.0033357
-17.569	-0.63025	0.0033942
-17.569	-0.57983	0.0034279
-17.569	-0.52941	0.0039355
-17.569	-0.47899	0.0039314
-17.569	-0.42857	0.0044524
-17.569	-0.37815	0.0044019
-17.569	-0.32773	0.004322
-17.569	-0.27731	0.0048162
-17.569	-0.22689	0.0046825
-17.569	-0.17647	0.0051528
-17.569	-0.12605	0.0049618
-17.569	-0.07563	0.0047461
-17.569	-0.02521	0.0051442
-17.569	0.02521	0.0048743
-17.569	0.07563	0.0052188
-17.569	0.12605	0.0048984
-17.569	0.17647	0.0045672
-17.569	0.22689	0.004816
-17.569	0.27731	0.0044473
-17.569	0.32773	0.0046306
-17.569	0.37815	0.0042341
-17.569	0.42857	0.0038448
-17.569	0.47899	0.0039385
-17.569	0.52941	0.0035393
-17.569	0.57983	0.0037823
-17.569	0.63025	0.0033744
-17.569	0.68067	0.0033669
-17.569	0.73109	0.0029694
-17.569	0.78151	0.0025983
-17.569	0.83193	0.002542
-17.569	0.88235	0.0021959
-17.569	0.93277	0.0021124
-17.569	0.98319	0.0017991
-17.569	1.0336	0.0015179
-17.569	1.084	0.0014242
-17.569	1.1345	0.0011815
-17.569	1.1849	0.0010844
-17.521	-1.0336	0.0012545
-17.521	-0.98319	0.0013233
-17.521	-0.93277	0.001629
-17.521	-0.88235	0.0016934
-17.521	-0.83193	0.0017442
-17.521	-0.78151	0.0021005
-17.521	-0.73109	0.0021364
-17.521	-0.68067	0.0025176
-17.521	-0.63025	0.0025412
-17.521	-0.57983	0.0029715
-17.521	-0.52941	0.0029662
-17.521	-0.47899	0.0029383
-17.521	-0.42857	0.0033773
-17.521	-0.37815	0.0033115
-17.521	-0.32773	0.0037552
-17.521	-0.27731	0.0036459
-17.521	-0.22689	0.0035144
-17.521	-0.17647	0.0039243
-17.521	-0.12605	0.0037472
-17.521	-0.07563	0.0041315
-17.521	-0.02521	0.0039085
-17.521	0.02521	0.0036716
-17.521	0.07563	0.0039887
-17.521	0.12605	0.0037124
-17.521	0.17647	0.0039828
-17.521	0.22689	0.0036722
-17.521	0.27731	0.0033618
-17.521	0.32773	0.0035526
-17.521	0.37815	0.0032211
-17.521	0.42857	0.0033594
-17.521	0.47899	0.0030156
-17.521	0.52941	0.0026865
-17.521	0.57983	0.002756
-17.521	0.63025	0.0024291
-17.521	0.68067	0.0024557
-17.521	0.73109	0.0021399
-17.521	0.78151	0.0018491
-17.521	0.83193	0.0018333
-17.521	0.88235	0.001564
-17.521	0.93277	0.0015239
-17.521	0.98319	0.0012818
-17.521	1.0336	0.0010674
-17.521	1.084	0.0010143
-17.473	-0.93277	0.0011558
-17.473	-0.88235	0.0011886
-17.473	-0.83193	0.0014648
-17.473	-0.78151	0.0014868
-17.473	-0.73109	0.0014953
-17.473	-0.68067	0.001807
-17.473	-0.63025	0.0017966
-17.473	-0.57983	0.0021377
-17.473	-0.52941	0.0021027
-17.473	-0.47899	0.0020511
-17.473	-0.42857	0.0024007
-17.473	-0.37815	0.0023188
-17.473	-0.32773	0.0026762
-17.473	-0.27731	0.0025606
-17.473	-0.22689	0.0024306
-17.473	-0.17647	0.0027638
-17.473	-0.12605	0.0025998
-17.473	-0.07563	0.0029173
-17.473	-0.02521	0.0027197
-17.473	0.02521	0.0030121
-17.473	0.07563	0.002898
-17.473	0.12605	0.0026672
-17.473	0.17647	0.002914
-17.473	0.22689	0.0026577
-17.473	0.27731	0.0028659
-17.473	0.32773	0.0025897
-17.473	0.37815	0.0023218
-17.473	0.42857	0.0024664
-17.473	0.47899	0.00219
-17.473	0.52941	0.0022943
-17.473	0.57983	0.0020167
-17.473	0.63025	0.0017577
-17.473	0.68067	0.0018107
-17.473	0.73109	0.0015609
-17.473	0.78151	0.0015829
-17.473	0.83193	0.0013483
-17.473	0.88235	0.0011376
-17.473	0.93277	0.0011302
-17.426	-0.73109	0.0012183
-17.426	-0.68067	0.0012045
-17.426	-0.63025	0.0011791
-17.426	-0.57983	0.0014388
-17.426	-0.52941	0.0013941
-17.426	-0.47899	0.0016749
-17.426	-0.42857	0.0016072
-17.426	-0.37815	0.0015281
-17.426	-0.32773	0.0018088
-17.426	-0.27731	0.0017044
-17.426	-0.22689	0.0019887
-17.426	-0.17647	0.0018575
-17.426	-0.12605	0.0017195
-17.426	-0.07563	0.001979
-17.426	-0.02521	0.0018165
-17.426	0.02521	0.0020618
-17.426	0.07563	0.0018765
-17.426	0.12605	0.0016927
-17.426	0.17647	0.0018956
-17.426	0.22689	0.0016954
-17.426	0.27731	0.0018722
-17.426	0.32773	0.0016599
-17.426	0.37815	0.0014583
-17.426	0.42857	0.0015878
-17.426	0.47899	0.0013822
-17.426	0.52941	0.001483
-17.426	0.57983	0.0012785
-17.426	0.63025	0.0013509
-17.426	0.68067	0.0011527
-17.426	0.78151	0.0010113
-17.378	-0.47899	0.00101
-17.378	-0.37815	0.0011963
-17.378	-0.32773	0.0011139
-17.378	-0.27731	0.001026
-17.378	-0.22689	0.0012397
-17.378	-0.17647	0.0011329
-17.378	-0.12605	0.0013481
-17.378	-0.07563	0.0012223
-17.378	-0.02521	0.0010964
-17.378	0.02521	0.001289
-17.378	0.07563	0.0011475
-17.378	0.12605	0.0013289
-17.378	0.17647	0.0011739
-17.378	0.22689	0.0010258
-17.378	0.27731	0.0011736
-17.378	0.32773	0.0010175
-17.378	0.37815	0.0011462
-16.996	-0.32773	0.0010139
-16.996	-0.27731	0.0011251
-16.996	-0.17647	0.0010868
-16.996	-0.07563	0.0010797
-16.996	-0.02521	0.0011725
-16.996	0.02521	0.0010487
-16.996	0.07563	0.0011296
-16.996	0.17647	0.001064
-16.996	0.22689	0.0011259
-16.996	0.32773	0.0010279
-16.949	-0.57983	0.0010951
-16.949	-0.52941	0.0010669
-16.949	-0.47899	0.0011952
-16.949	-0.42857	0.0013273
-16.949	-0.37815	0.0012733
-16.949	-0.32773	0.0014006
-16.949	-0.27731	0.0013251
-16.949	-0.22689	0.0014444
-16.949	-0.17647	0.0015615
-16.949	-0.12605	0.0014564
-16.949	-0.07563	0.0015605
-16.949	-0.02521	0.0014362
-16.949	0.02521	0.0015254
-16.949	0.07563	0.001607
-16.949	0.12605	0.0014584
-16.949	0.17647	0.0015229
-16.949	0.22689	0.0013634
-16.949	0.27731	0.001411
-16.949	0.32773	0.0014482
-16.949	0.37815	0.0012776
-16.949	0.42857	0.001299
-16.949	0.47899	0.0011298
-16.949	0.52941	0.001135
-16.949	0.57983	0.0011377
-16.901	-0.78151	0.001026
-16.901	-0.73109	0.0010941
-16.901	-0.68067	0.0012362
-16.901	-0.63025	0.001249
-16.901	-0.57983	0.0013952
-16.901	-0.52941	0.001389
-16.901	-0.47899	0.0015353
-16.901	-0.42857	0.0016836
-16.901	-0.37815	0.001649
-16.901	-0.32773	0.0017906
-16.901	-0.27731	0.0017306
-16.901	-0.22689	0.0018613
-16.901	-0.17647	0.0019871
-16.901	-0.12605	0.0018921
-16.901	-0.07563	0.0020013
-16.901	-0.02521	0.0018815
-16.901	0.02521	0.001972
-16.901	0.07563	0.0018304
-16.901	0.12605	0.001901
-16.901	0.17647	0.0019598
-16.901	0.22689	0.0017925
-16.901	0.27731	0.0018308
-16.901	0.32773	0.0016525
-16.901	0.37815	0.0016719
-16.901	0.42857	0.0016785
-16.901	0.47899	0.0014914
-16.901	0.52941	0.0014823
-16.901	0.57983	0.0012985
-16.901	0.63025	0.001277
-16.901	0.68067	0.0012455
-16.901	0.73109	0.0010716
-16.901	0.78151	0.001033
-16.853	-0.88235	0.0010426
-16.853	-0.83193	0.001187
-16.853	-0.78151	0.0012414
-16.853	-0.73109	0.0013952
-16.853	-0.68067	0.0014363
-16.853	-0.63025	0.0015953
-16.853	-0.57983	0.0017582
-16.853	-0.52941	0.0017773
-16.853	-0.47899	0.0019378
-16.853	-0.42857	0.0019321
-16.853	-0.37815	0.0020851
-16.853	-0.32773	0.0022343
-16.853	-0.27731	0.0021924
-16.853	-0.22689	0.0023265
-16.853	-0.17647	0.0022541
-16.853	-0.12605	0.0023694
-16.853	-0.07563	0.0024735
-16.853	-0.02521	0.0023609
-16.853	0.02521	0.0024416
-16.853	0.07563	0.0022682
-16.853	0.12605	0.0023319
-16.853	0.17647	0.0023809
-16.853	0.22689	0.0022139
-16.853	0.27731	0.0022391
-16.853	0.32773	0.0020556
-16.853	0.37815	0.0020589
-16.853	0.42857	0.0020475
-16.853	0.47899	0.0018499
-16.853	0.52941	0.0018209
-16.853	0.57983	0.0016227
-16.853	0.63025	0.0015801
-16.853	0.68067	0.0013878
-16.853	0.73109	0.001336
-16.853	0.78151	0.0012758
-16.853	0.83193	0.0010988
-16.853	0.88235	0.0010359
-16.806	-0.93277	0.0010461
-16.806	-0.88235	0.0011927
-16.806	-0.83193	0.0013482
-16.806	-0.78151	0.0014301
-16.806	-0.73109	0.0015954
-16.806	-0.68067	0.0016659
-16.806	-0.63025	0.0018362
-16.806	-0.57983	0.0018891
-16.806	-0.52941	0.0020588
-16.806	-0.47899	0.0022279
-16.806	-0.42857	0.0022522
-16.806	-0.37815	0.0024118
-16.806	-0.32773	0.0024063
-16.806	-0.27731	0.002551
-16.806	-0.22689	0.0026865
-16.806	-0.17647	0.0026382
-16.806	-0.12605	0.0027516
-16.806	-0.07563	0.002669
-16.806	-0.02521	0.0027573
-16.806	0.02521	0.00283
-16.806	0.07563	0.0027036
-16.806	0.12605	0.0027486
-16.806	0.17647	0.002594
-16.806	0.22689	0.002612
-16.806	0.27731	0.0026128
-16.806	0.32773	0.0024277
-16.806	0.37815	0.0024045
-16.806	0.42857	0.0022058
-16.806	0.47899	0.0021624
-16.806	0.52941	0.002105
-16.806	0.57983	0.0018984
-16.806	0.63025	0.0018279
-16.806	0.68067	0.0016251
-16.806	0.73109	0.0015465
-16.806	0.78151	0.0014602
-16.806	0.83193	0.001314
-16.806	0.88235	0.0012296
-16.806	0.93277	0.0010563
-16.758	-0.98319	0.001126
-16.758	-0.93277	0.0012333
-16.758	-0.88235	0.0013919
-16.758	-0.83193	0.0014984
-16.758	-0.78151	0.0016681
-16.758	-0.73109	0.0018429
-16.758	-0.68067	0.0019431
-16.758	-0.63025	0.0021209
-16.758	-0.57983	0.0022041
-16.758	-0.52941	0.0023787
-16.758	-0.47899	0.0025497
-16.758	-0.42857	0.0025215
-16.758	-0.37815	0.0026833
-16.758	-0.32773	0.0027093
-16.758	-0.27731	0.0028539
-16.758	-0.22689	0.002987
-16.758	-0.17647	0.0029675
-16.758	-0.12605	0.0030756
-16.758	-0.07563	0.0030182
-16.758	-0.02521	0.003098
-16.758	0.02521	0.0031602
-16.758	0.07563	0.0030534
-16.758	0.12605	0.0030848
-16.758	0.17647	0.0029446
-16.758	0.22689	0.0029462
-16.758	0.27731	0.0027782
-16.758	0.32773	0.0027524
-16.758	0.37815	0.0027092
-16.758	0.42857	0.0025139
-16.758	0.47899	0.002449
-16.758	0.52941	0.002243
-16.758	0.57983	0.0021617
-16.758	0.63025	0.0020688
-16.758	0.68067	0.001861
-16.758	0.73109	0.0017602
-16.758	0.78151	0.00156
-16.758	0.83193	0.001457
-16.758	0.88235	0.0013499
-16.758	0.93277	0.0011706
-16.758	0.98319	0.0010689
-16.71	-1.0336	0.001042
-16.71	-0.98319	0.0011611
-16.71	-0.93277	0.0013154
-16.71	-0.88235	0.0014774
-16.71	-0.83193	0.0016072
-16.71	-0.78151	0.0017804
-16.71	-0.73109	0.0019063
-16.71	-0.68067	0.0020851
-16.71	-0.63025	0.0022645
-16.71	-0.57983	0.002378
-16.71	-0.52941	0.0025532
-16.71	-0.47899	0.0026448
-16.71	-0.42857	0.002809
-16.71	-0.37815	0.0029642
-16.71	-0.32773	0.0030186
-16.71	-0.27731	0.0031529
-16.71	-0.22689	0.0031706
-16.71	-0.17647	0.003279
-16.71	-0.12605	0.0033703
-16.71	-0.07563	0.0033355
-16.71	-0.02521	0.0033951
-16.71	0.02521	0.0033196
-16.71	0.07563	0.0033463
-16.71	0.12605	0.0033529
-16.71	0.17647	0.003227
-16.71	0.22689	0.0032018
-16.71	0.27731	0.0030441
-16.71	0.32773	0.0030194
-16.71	0.37815	0.0029567
-16.71	0.42857	0.0027709
-16.71	0.47899	0.0026854
-16.71	0.52941	0.0024844
-16.71	0.57983	0.0023818
-16.71	0.63025	0.0021741
-16.71	0.68067	0.0020608
-16.71	0.73109	0.0019394
-16.71	0.78151	0.0017367
-16.71	0.83193	0.0016139
-16.71	0.88235	0.0014226
-16.71	0.93277	0.0013041
-16.71	0.98319	0.0011852
-16.71	1.0336	0.00102
-16.663	-1.084	0.0010039
-16.663	-1.0336	0.001146
-16.663	-0.98319	0.0012847
-16.663	-0.93277	0.0014433
-16.663	-0.88235	0.001525
-16.663	-0.83193	0.0016743
-16.663	-0.78151	0.001847
-16.663	-0.73109	0.0019959
-16.663	-0.68067	0.0021738
-16.663	-0.63025	0.0023508
-16.663	-0.57983	0.0024911
-16.663	-0.52941	0.002663
-16.663	-0.47899	0.0027841
-16.663	-0.42857	0.0029437
-16.663	-0.37815	0.0030379
-16.663	-0.32773	0.0031785
-16.663	-0.27731	0.0033053
-16.663	-0.22689	0.0033548
-16.663	-0.17647	0.0034538
-16.663	-0.12605	0.0034629
-16.663	-0.07563	0.0035301
-16.663	-0.02521	0.0035772
-16.663	0.02521	0.00353
-16.663	0.07563	0.0035424
-16.663	0.12605	0.0034536
-16.663	0.17647	0.003432
-16.663	0.22689	0.0033901
-16.663	0.27731	0.0032524
-16.663	0.32773	0.0031806
-16.663	0.37815	0.0030138
-16.663	0.42857	0.002917
-16.663	0.47899	0.0028056
-16.663	0.52941	0.0026133
-16.663	0.57983	0.0024861
-16.663	0.63025	0.0022846
-16.663	0.68067	0.0021485
-16.663	0.73109	0.0020063
-16.663	0.78151	0.001808
-16.663	0.83193	0.0016669
-16.663	0.88235	0.0014786
-16.663	0.93277	0.0013442
-16.663	0.98319	0.0012118
-16.663	1.0336	0.001049
-16.615	-1.084	0.0010105
-16.615	-1.0336	0.00115
-16.615	-0.98319	0.0013004
-16.615	-0.93277	0.001456
-16.615	-0.88235	0.0016171
-16.615	-0.83193	0.0017844
-16.615	-0.78151	0.0019542
-16.615	-0.73109	0.0021233
-16.615	-0.68067	0.0022959
-16.615	-0.63025	0.0024588
-16.615	-0.57983	0.0026272
-16.615	-0.52941	0.0027889
-16.615	-0.47899	0.0029327
-16.615	-0.42857	0.0030793
-16.615	-0.37815	0.0031971
-16.615	-0.32773	0.0033219
-16.615	-0.27731	0.0034308
-16.615	-0.22689	0.0035038
-16.615	-0.17647	0.0035824
-16.615	-0.12605	0.0035848
-16.615	-0.07563	0.0036398
-16.615	-0.02521	0.0036742
-16.615	0.02521	0.003656
-16.615	0.07563	0.0036546
-16.615	0.12605	0.0035932
-16.615	0.17647	0.0035566
-16.615	0.22689	0.0034548
-16.615	0.27731	0.0033857
-16.615	0.32773	0.0032983
-16.615	0.37815	0.0031515
-16.615	0.42857	0.0030385
-16.615	0.47899	0.0028666
-16.615	0.52941	0.0027344
-16.615	0.57983	0.0025916
-16.615	0.63025	0.0024013
-16.615	0.68067	0.0022498
-16.615	0.73109	0.0020553
-16.615	0.78151	0.0019021
-16.615	0.83193	0.0017474
-16.615	0.88235	0.0015631
-16.615	0.93277	0.0014161
-16.615	0.98319	0.0012453
-16.615	1.0336	0.0011109
-16.567	-1.0336	0.0011421
-16.567	-0.98319	0.0012862
-16.567	-0.93277	0.001436
-16.567	-0.88235	0.0016077
-16.567	-0.83193	0.0017686
-16.567	-0.78151	0.0019477
-16.567	-0.73109	0.0021141
-16.567	-0.68067	0.0022787
-16.567	-0.63025	0.0024587
-16.567	-0.57983	0.0026185
-16.567	-0.52941	0.002787
-16.567	-0.47899	0.0029348
-16.567	-0.42857	0.0030714
-16.567	-0.37815	0.0032122
-16.567	-0.32773	0.0033263
-16.567	-0.27731	0.0034363
-16.567	-0.22689	0.0035221
-16.567	-0.17647	0.0035891
-16.567	-0.12605	0.0036483
-16.567	-0.07563	0.003681
-16.567	-0.02521	0.0036978
-16.567	0.02521	0.0036943
-16.567	0.07563	0.0036697
-16.567	0.12605	0.0036282
-16.567	0.17647	0.0035686
-16.567	0.22689	0.0034861
-16.567	0.27731	0.0033946
-16.567	0.32773	0.0032862
-16.567	0.37815	0.0031574
-16.567	0.42857	0.0030248
-16.567	0.47899	0.0028693
-16.567	0.52941	0.0027193
-16.567	0.57983	0.0025607
-16.567	0.63025	0.0024661
-16.567	0.68067	0.002303
-16.567	0.73109	0.0021204
-16.567	0.78151	0.001956
-16.567	0.83193	0.001774
-16.567	0.88235	0.001615
-16.567	0.93277	0.0014588
-16.567	0.98319	0.001293
-16.567	1.0336	0.0011502
-16.567	1.084	0.0010005
-16.52	-1.084	0.0010199
-16.52	-1.0336	0.0011764
-16.52	-0.98319	0.0013159
-16.52	-0.93277	0.0014596
-16.52	-0.88235	0.0016408
-16.52	-0.83193	0.0017936
-16.52	-0.78151	0.0019837
-16.52	-0.73109	0.0021398
-16.52	-0.68067	0.0022923
-16.52	-0.63025	0.002484
-16.52	-0.57983	0.0025578
-16.52	-0.52941	0.0027411
-16.52	-0.47899	0.0028782
-16.52	-0.42857	0.0030444
-16.52	-0.37815	0.0031621
-16.52	-0.32773	0.0032649
-16.52	-0.27731	0.0033953
-16.52	-0.22689	0.0034697
-16.52	-0.17647	0.0035654
-16.52	-0.12605	0.0036071
-16.52	-0.07563	0.0036287
-16.52	-0.02521	0.0036696
-16.52	0.02521	0.0036551
-16.52	0.07563	0.0036535
-16.52	0.12605	0.0036033
-16.52	0.17647	0.0035337
-16.52	0.22689	0.0034759
-16.52	0.27731	0.0033746
-16.52	0.32773	0.0032797
-16.52	0.37815	0.0031516
-16.52	0.42857	0.0030106
-16.52	0.47899	0.0028763
-16.52	0.52941	0.0027181
-16.52	0.57983	0.0025629
-16.52	0.63025	0.0023946
-16.52	0.68067	0.0022227
-16.52	0.73109	0.0020557
-16.52	0.78151	0.0018846
-16.52	0.83193	0.0017167
-16.52	0.88235	0.0015528
-16.52	0.93277	0.0013936
-16.52	0.98319	0.00124
-16.52	1.0336	0.0010957
-16.472	-1.0336	0.0011186
-16.472	-0.98319	0.0012489
-16.472	-0.93277	0.0014237
-16.472	-0.88235	0.0015649
-16.472	-0.83193	0.001707
-16.472	-0.78151	0.0019008
-16.472	-0.73109	0.0020457
-16.472	-0.68067	0.0022438
-16.472	-0.63025	0.0023851
-16.472	-0.57983	0.0025189
-16.472	-0.52941	0.0027099
-16.472	-0.47899	0.0028297
-16.472	-0.42857	0.0030049
-16.472	-0.37815	0.003104
-16.472	-0.32773	0.0031876
-16.472	-0.27731	0.0033276
-16.472	-0.22689	0.0033823
-16.472	-0.17647	0.0034889
-16.472	-0.12605	0.0035106
-16.472	-0.07563	0.0035129
-16.472	-0.02521	0.0035659
-16.472	0.02521	0.0035329
-16.472	0.07563	0.0035449
-16.472	0.12605	0.0034774
-16.472	0.17647	0.0034923
-16.472	0.22689	0.0034011
-16.472	0.27731	0.0032937
-16.472	0.32773	0.003221
-16.472	0.37815	0.0030874
-16.472	0.42857	0.0029825
-16.472	0.47899	0.0028286
-16.472	0.52941	0.0026665
-16.472	0.57983	0.0025307
-16.472	0.63025	0.0023589
-16.472	0.68067	0.0022084
-16.472	0.73109	0.0020339
-16.472	0.78151	0.0018604
-16.472	0.83193	0.0017062
-16.472	0.88235	0.00154
-16.472	0.93277	0.0013895
-16.472	0.98319	0.0012358
-16.472	1.0336	0.00109
-16.424	-1.0336	0.0010455
-16.424	-0.98319	0.0011656
-16.424	-0.93277	0.0013372
-16.424	-0.88235	0.0014674
-16.424	-0.83193	0.0016548
-16.424	-0.78151	0.0017903
-16.424	-0.73109	0.0019234
-16.424	-0.68067	0.0021225
-16.424	-0.63025	0.0022518
-16.424	-0.57983	0.0024499
-16.424	-0.52941	0.0025688
-16.424	-0.47899	0.0026771
-16.424	-0.42857	0.0028594
-16.424	-0.37815	0.0029476
-16.424	-0.32773	0.0031091
-16.424	-0.27731	0.0031715
-16.424	-0.22689	0.003217
-16.424	-0.17647	0.0033367
-16.424	-0.12605	0.0033505
-16.424	-0.07563	0.0034346
-16.424	-0.02521	0.0034144
-16.424	0.02521	0.0033759
-16.424	0.07563	0.0034053
-16.424	0.12605	0.0033335
-16.424	0.17647	0.0033238
-16.424	0.22689	0.0032211
-16.424	0.27731	0.0031043
-16.424	0.32773	0.0030449
-16.424	0.37815	0.0029042
-16.424	0.42857	0.0028143
-16.424	0.47899	0.0026557
-16.424	0.52941	0.0024911
-16.424	0.57983	0.0023714
-16.424	0.63025	0.0021991
-16.424	0.68067	0.0020652
-16.424	0.73109	0.001892
-16.424	0.78151	0.0017512
-16.424	0.83193	0.0015836
-16.424	0.88235	0.0014215
-16.424	0.93277	0.0013637
-16.424	0.98319	0.0012109
-16.424	1.0336	0.0010802
-16.377	-1.0336	0.0010176
-16.377	-0.98319	0.0011285
-16.377	-0.93277	0.0012967
-16.377	-0.88235	0.0014159
-16.377	-0.83193	0.0015999
-16.377	-0.78151	0.0017225
-16.377	-0.73109	0.0018419
-16.377	-0.68067	0.0020372
-16.377	-0.63025	0.0021514
-16.377	-0.57983	0.0023467
-16.377	-0.52941	0.0024494
-16.377	-0.47899	0.0026367
-16.377	-0.42857	0.0027216
-16.377	-0.37815	0.0027932
-16.377	-0.32773	0.0029543
-16.377	-0.27731	0.0029793
-16.377	-0.22689	0.0031206
-16.377	-0.17647	0.0031454
-16.377	-0.12605	0.0031533
-16.377	-0.07563	0.0032485
-16.377	-0.02521	0.0032241
-16.377	0.02521	0.003283
-16.377	0.07563	0.0032258
-16.377	0.12605	0.0031527
-16.377	0.17647	0.0031584
-16.377	0.22689	0.0030558
-16.377	0.27731	0.0030258
-16.377	0.32773	0.0028976
-16.377	0.37815	0.0027594
-16.377	0.42857	0.0026866
-16.377	0.47899	0.0025312
-16.377	0.52941	0.0024339
-16.377	0.57983	0.0022676
-16.377	0.63025	0.0021
-16.377	0.68067	0.0019818
-16.377	0.73109	0.0018131
-16.377	0.78151	0.0016869
-16.377	0.83193	0.0015234
-16.377	0.88235	0.0013659
-16.377	0.93277	0.0012426
-16.377	0.98319	0.0010978
-16.329	-0.98319	0.0010779
-16.329	-0.93277	0.0011854
-16.329	-0.88235	0.0012937
-16.329	-0.83193	0.0014681
-16.329	-0.78151	0.0015795
-16.329	-0.73109	0.0017652
-16.329	-0.68067	0.0018745
-16.329	-0.63025	0.0019779
-16.329	-0.57983	0.0021666
-16.329	-0.52941	0.0022594
-16.329	-0.47899	0.0024427
-16.329	-0.42857	0.0025188
-16.329	-0.37815	0.0025828
-16.329	-0.32773	0.0027434
-16.329	-0.27731	0.0027833
-16.329	-0.22689	0.002921
-16.329	-0.17647	0.0029331
-16.329	-0.12605	0.0029298
-16.329	-0.07563	0.0030239
-16.329	-0.02521	0.00299
-16.329	0.02521	0.0030503
-16.329	0.07563	0.002986
-16.329	0.12605	0.003011
-16.329	0.17647	0.0029179
-16.329	0.22689	0.0028127
-16.329	0.27731	0.0027894
-16.329	0.32773	0.0026611
-16.329	0.37815	0.0026078
-16.329	0.42857	0.0024615
-16.329	0.47899	0.0023864
-16.329	0.52941	0.0023038
-16.329	0.57983	0.0021444
-16.329	0.63025	0.0020435
-16.329	0.68067	0.0018799
-16.329	0.73109	0.0017186
-16.329	0.78151	0.0016056
-16.329	0.83193	0.0014489
-16.329	0.88235	0.0013332
-16.329	0.93277	0.0011863
-16.329	0.98319	0.0010475
-16.281	-0.98319	0.0010258
-16.281	-0.93277	0.0011239
-16.281	-0.88235	0.0012843
-16.281	-0.83193	0.0013864
-16.281	-0.78151	0.0014866
-16.281	-0.73109	0.0016109
-16.281	-0.68067	0.0017103
-16.281	-0.63025	0.0018906
-16.281	-0.57983	0.0019827
-16.281	-0.52941	0.0020671
-16.281	-0.47899	0.0022419
-16.281	-0.42857	0.002311
-16.281	-0.37815	0.0024756
-16.281	-0.32773	0.0025242
-16.281	-0.27731	0.0025602
-16.281	-0.22689	0.0026956
-16.281	-0.17647	0.0027057
-16.281	-0.12605	0.0028158
-16.281	-0.07563	0.0027976
-16.281	-0.02521	0.0027655
-16.281	0.02521	0.0028305
-16.281	0.07563	0.0027698
-16.281	0.12605	0.0028024
-16.281	0.17647	0.0027145
-16.281	0.22689	0.0026159
-16.281	0.27731	0.0026026
-16.281	0.32773	0.0024821
-16.281	0.37815	0.0024402
-16.281	0.42857	0.0023025
-16.281	0.47899	0.0021607
-16.281	0.52941	0.0020865
-16.281	0.57983	0.001936
-16.281	0.63025	0.0018455
-16.281	0.68067	0.0016921
-16.281	0.73109	0.0015419
-16.281	0.78151	0.0014402
-16.281	0.83193	0.0012952
-16.281	0.88235	0.0011916
-16.281	0.93277	0.0010563
-16.234	-0.93277	0.0010145
-16.234	-0.88235	0.0011621
-16.234	-0.83193	0.0012554
-16.234	-0.78151	0.0013472
-16.234	-0.73109	0.0015084
-16.234	-0.68067	0.0015975
-16.234	-0.63025	0.001764
-16.234	-0.57983	0.0018454
-16.234	-0.52941	0.0020111
-16.234	-0.47899	0.0020797
-16.234	-0.42857	0.002139
-16.234	-0.37815	0.0022893
-16.234	-0.32773	0.0023291
-16.234	-0.27731	0.0024636
-16.234	-0.22689	0.0024801
-16.234	-0.17647	0.0024842
-16.234	-0.12605	0.0025837
-16.234	-0.07563	0.0025615
-16.234	-0.02521	0.0026342
-16.234	0.02521	0.0026111
-16.234	0.07563	0.002556
-16.234	0.12605	0.002592
-16.234	0.17647	0.0025115
-16.234	0.22689	0.0025177
-16.234	0.27731	0.0024144
-16.234	0.32773	0.0023037
-16.234	0.37815	0.0022699
-16.234	0.42857	0.0021427
-16.234	0.47899	0.0020857
-16.234	0.52941	0.0019471
-16.234	0.57983	0.0018077
-16.234	0.63025	0.0017269
-16.234	0.68067	0.0015842
-16.234	0.73109	0.0014929
-16.234	0.78151	0.0013523
-16.234	0.83193	0.0012171
-16.234	0.88235	0.0011222
-16.186	-0.88235	0.0010497
-16.186	-0.83193	0.0011358
-16.186	-0.78151	0.0012822
-16.186	-0.73109	0.0013683
-16.186	-0.68067	0.0014514
-16.186	-0.63025	0.0016039
-16.186	-0.57983	0.0016803
-16.186	-0.52941	0.0018326
-16.186	-0.47899	0.0018974
-16.186	-0.42857	0.0019543
-16.186	-0.37815	0.0020927
-16.186	-0.32773	0.0021319
-16.186	-0.27731	0.0022563
-16.186	-0.22689	0.0022741
-16.186	-0.17647	0.002281
-16.186	-0.12605	0.0023736
-16.186	-0.07563	0.0023562
-16.186	-0.02521	0.0024247
-16.186	0.02521	0.0023822
-16.186	0.07563	0.0024244
-16.186	0.12605	0.0023576
-16.186	0.17647	0.0022817
-16.186	0.22689	0.0022832
-16.186	0.27731	0.0021868
-16.186	0.32773	0.0021631
-16.186	0.37815	0.0020497
-16.186	0.42857	0.0019324
-16.186	0.47899	0.0018775
-16.186	0.52941	0.0017504
-16.186	0.57983	0.0016793
-16.186	0.63025	0.0015472
-16.186	0.68067	0.0014174
-16.186	0.73109	0.0013327
-16.186	0.78151	0.0012684
-16.186	0.83193	0.0011795
-16.186	0.88235	0.0010555
-16.138	-0.83193	0.0010709
-16.138	-0.78151	0.0012045
-16.138	-0.73109	0.0012846
-16.138	-0.68067	0.0014242
-16.138	-0.63025	0.0014996
-16.138	-0.57983	0.0015703
-16.138	-0.52941	0.0017066
-16.138	-0.47899	0.0017662
-16.138	-0.42857	0.0018707
-16.138	-0.37815	0.0019192
-16.138	-0.32773	0.0019594
-16.138	-0.27731	0.0020724
-16.138	-0.22689	0.0020932
-16.138	-0.17647	0.002189
-16.138	-0.12605	0.0021877
-16.138	-0.07563	0.0021764
-16.138	-0.02521	0.0022379
-16.138	0.02521	0.0022034
-16.138	0.07563	0.002241
-16.138	0.12605	0.0021837
-16.138	0.17647	0.0021181
-16.138	0.22689	0.0021182
-16.138	0.27731	0.0020331
-16.138	0.32773	0.0020104
-16.138	0.37815	0.0019089
-16.138	0.42857	0.0018039
-16.138	0.47899	0.001752
-16.138	0.52941	0.001637
-16.138	0.57983	0.0015704
-16.138	0.63025	0.0014501
-16.138	0.68067	0.0013317
-16.138	0.73109	0.001252
-16.138	0.78151	0.0011351
-16.138	0.83193	0.0010518
-16.091	-0.78151	0.0011015
-16.091	-0.73109	0.0011784
-16.091	-0.68067	0.0013051
-16.091	-0.63025	0.0013784
-16.091	-0.57983	0.001448
-16.091	-0.52941	0.0015714
-16.091	-0.47899	0.0016313
-16.091	-0.42857	0.0017487
-16.091	-0.37815	0.0017949
-16.091	-0.32773	0.0019013
-16.091	-0.27731	0.0019303
-16.091	-0.22689	0.0019508
-16.091	-0.17647	0.0020306
-16.091	-0.12605	0.0020305
-16.091	-0.07563	0.0020903
-16.091	-0.02521	0.0020686
-16.091	0.02521	0.002038
-16.091	0.07563	0.0020629
-16.091	0.12605	0.0020113
-16.091	0.17647	0.0020137
-16.091	0.22689	0.0019428
-16.091	0.27731	0.001866
-16.091	0.32773	0.0018806
-16.091	0.37815	0.0017909
-16.091	0.42857	0.0017477
-16.091	0.47899	0.0016459
-16.091	0.52941	0.0015426
-16.091	0.57983	0.0014777
-16.091	0.63025	0.0013686
-16.091	0.68067	0.0012943
-16.091	0.73109	0.0011839
-16.091	0.78151	0.0010768
-16.043	-0.78151	0.0010171
-16.043	-0.73109	0.0010922
-16.043	-0.68067	0.0012074
-16.043	-0.63025	0.0012797
-16.043	-0.57983	0.0013957
-16.043	-0.52941	0.0014614
-16.043	-0.47899	0.0015225
-16.043	-0.42857	0.0016287
-16.043	-0.37815	0.0016776
-16.043	-0.32773	0.0017733
-16.043	-0.27731	0.0018065
-16.043	-0.22689	0.0018321
-16.043	-0.17647	0.0019026
-16.043	-0.12605	0.0019091
-16.043	-0.07563	0.0019606
-16.043	-0.02521	0.0019468
-16.043	0.02521	0.0019248
-16.043	0.07563	0.0019432
-16.043	0.12605	0.0019012
-16.043	0.17647	0.0018986
-16.043	0.22689	0.001838
-16.043	0.27731	0.0018153
-16.043	0.32773	0.0017386
-16.043	0.37815	0.0016577
-16.043	0.42857	0.0016084
-16.043	0.47899	0.0015164
-16.043	0.52941	0.001454
-16.043	0.57983	0.001355
-16.043	0.63025	0.0012563
-16.043	0.68067	0.0011812
-16.043	0.73109	0.0010814
-16.043	0.78151	0.0010029
-15.995	-0.73109	0.0010933
-15.995	-0.68067	0.0011665
-15.995	-0.63025	0.0012378
-15.995	-0.57983	0.0013422
-15.995	-0.52941	0.0014071
-15.995	-0.47899	0.0015067
-15.995	-0.42857	0.0015613
-15.995	-0.37815	0.0016104
-15.995	-0.32773	0.0016929
-15.995	-0.27731	0.001727
-15.995	-0.22689	0.0017947
-15.995	-0.17647	0.0018115
-15.995	-0.12605	0.0018169
-15.995	-0.07563	0.0018613
-15.995	-0.02521	0.0018549
-15.995	0.02521	0.0018793
-15.995	0.07563	0.0018534
-15.995	0.12605	0.0018199
-15.995	0.17647	0.0018125
-15.995	0.22689	0.0017611
-15.995	0.27731	0.0017345
-15.995	0.32773	0.0016673
-15.995	0.37815	0.0015955
-15.995	0.42857	0.0015438
-15.995	0.47899	0.0014609
-15.995	0.52941	0.0013969
-15.995	0.57983	0.0013067
-15.995	0.63025	0.0012161
-15.995	0.68067	0.0011403
-15.995	0.73109	0.0010481
-15.948	-0.73109	0.0010341
-15.948	-0.68067	0.0011074
-15.948	-0.63025	0.0011794
-15.948	-0.57983	0.0012759
-15.948	-0.52941	0.0013423
-15.948	-0.47899	0.0014342
-15.948	-0.42857	0.0014915
-15.948	-0.37815	0.0015745
-15.948	-0.32773	0.0016192
-15.948	-0.27731	0.0016576
-15.948	-0.22689	0.001719
-15.948	-0.17647	0.001741
-15.948	-0.12605	0.0017852
-15.948	-0.07563	0.0017891
-15.948	-0.02521	0.0017851
-15.948	0.02521	0.0017994
-15.948	0.07563	0.0017768
-15.948	0.12605	0.001771
-15.948	0.17647	0.0017306
-15.948	0.22689	0.0016835
-15.948	0.27731	0.0016492
-15.948	0.32773	0.0015873
-15.948	0.37815	0.0015371
-15.948	0.42857	0.0014632
-15.948	0.47899	0.0013861
-15.948	0.52941	0.0013179
-15.948	0.57983	0.001234
-15.948	0.63025	0.0012022
-15.948	0.68067	0.001115
-15.948	0.73109	0.0010285
-15.9	-0.73109	0.0010258
-15.9	-0.68067	0.0010987
-15.9	-0.63025	0.001191
-15.9	-0.57983	0.0012259
-15.9	-0.52941	0.0012934
-15.9	-0.47899	0.0013798
-15.9	-0.42857	0.0014391
-15.9	-0.37815	0.0015169
-15.9	-0.32773	0.0015646
-15.9	-0.27731	0.0016061
-15.9	-0.22689	0.0016632
-15.9	-0.17647	0.0016893
-15.9	-0.12605	0.0017298
-15.9	-0.07563	0.0017386
-15.9	-0.02521	0.0017395
-15.9	0.02521	0.0017512
-15.9	0.07563	0.0017341
-15.9	0.12605	0.0017264
-15.9	0.17647	0.0016918
-15.9	0.22689	0.0016653
-15.9	0.27731	0.0016148
-15.9	0.32773	0.0015585
-15.9	0.37815	0.0015074
-15.9	0.42857	0.0014391
-15.9	0.47899	0.0013753
-15.9	0.52941	0.0012982
-15.9	0.57983	0.0012192
-15.9	0.63025	0.0011431
-15.9	0.68067	0.0010605
-15.852	-0.68067	0.0010622
-15.852	-0.63025	0.0011513
-15.852	-0.57983	0.0012205
-15.852	-0.52941	0.0013057
-15.852	-0.47899	0.0013682
-15.852	-0.42857	0.0014261
-15.852	-0.37815	0.0014981
-15.852	-0.32773	0.0015445
-15.852	-0.27731	0.0016036
-15.852	-0.22689	0.0016358
-15.852	-0.17647	0.0016605
-15.852	-0.12605	0.0016952
-15.852	-0.07563	0.0017031
-15.852	-0.02521	0.0017192
-15.852	0.02521	0.0017097
-15.852	0.07563	0.001692
-15.852	0.12605	0.0016797
-15.852	0.17647	0.0016635
-15.852	0.22689	0.0016373
-15.852	0.27731	0.001591
-15.852	0.32773	0.0015384
-15.852	0.37815	0.0014882
-15.852	0.42857	0.0014236
-15.852	0.47899	0.0013605
-15.852	0.52941	0.001287
-15.852	0.57983	0.001211
-15.852	0.63025	0.0011357
-15.852	0.68067	0.0010559
-15.805	-0.68067	0.0010277
-15.805	-0.63025	0.0011157
-15.805	-0.57983	0.001184
-15.805	-0.52941	0.0012683
-15.805	-0.47899	0.0013304
-15.805	-0.42857	0.0014072
-15.805	-0.37815	0.0014598
-15.805	-0.32773	0.0015063
-15.805	-0.27731	0.0015656
-15.805	-0.22689	0.0015986
-15.805	-0.17647	0.0016425
-15.805	-0.12605	0.0016598
-15.805	-0.07563	0.001669
-15.805	-0.02521	0.0016867
-15.805	0.02521	0.0016788
-15.805	0.07563	0.0016777
-15.805	0.12605	0.0016529
-15.805	0.17647	0.0016204
-15.805	0.22689	0.0015926
-15.805	0.27731	0.0015452
-15.805	0.32773	0.0015012
-15.805	0.37815	0.0014411
-15.805	0.42857	0.0013762
-15.805	0.47899	0.0013136
-15.805	0.52941	0.0012405
-15.805	0.57983	0.001169
-15.805	0.63025	0.0010912
-15.805	0.68067	0.0010125
-15.757	-0.68067	0.0010438
-15.757	-0.63025	0.0011111
-15.757	-0.57983	0.0011755
-15.757	-0.52941	0.0012595
-15.757	-0.47899	0.0013173
-15.757	-0.42857	0.0013935
-15.757	-0.37815	0.0014416
-15.757	-0.32773	0.0014633
-15.757	-0.27731	0.0015252
-15.757	-0.22689	0.001557
-15.757	-0.17647	0.0016039
-15.757	-0.12605	0.0016207
-15.757	-0.07563	0.0016291
-15.757	-0.02521	0.0016508
-15.757	0.02521	0.0016427
-15.757	0.07563	0.0016458
-15.757	0.12605	0.0016213
-15.757	0.17647	0.0016059
-15.757	0.22689	0.001566
-15.757	0.27731	0.0015191
-15.757	0.32773	0.0014799
-15.757	0.37815	0.0014206
-15.757	0.42857	0.0013674
-15.757	0.47899	0.0012985
-15.757	0.52941	0.0012261
-15.757	0.57983	0.0011591
-15.757	0.63025	0.001082
-15.757	0.68067	0.0010092
-15.709	-0.63025	0.0010632
-15.709	-0.57983	0.001151
-15.709	-0.52941	0.0012097
-15.709	-0.47899	0.0012636
-15.709	-0.42857	0.001343
-15.709	-0.37815	0.0013877
-15.709	-0.32773	0.0014566
-15.709	-0.27731	0.0014893
-15.709	-0.22689	0.0015143
-15.709	-0.17647	0.001563
-15.709	-0.12605	0.0015732
-15.709	-0.07563	0.0016048
-15.709	-0.02521	0.0015992
-15.709	0.02521	0.0015849
-15.709	0.07563	0.0015909
-15.709	0.12605	0.0015611
-15.709	0.17647	0.0015488
-15.709	0.22689	0.0015046
-15.709	0.27731	0.0014535
-15.709	0.32773	0.0014186
-15.709	0.37815	0.0013562
-15.709	0.42857	0.0013416
-15.709	0.47899	0.0012727
-15.709	0.52941	0.0012002
-15.709	0.57983	0.0011398
-15.709	0.63025	0.0010627
-15.662	-0.63025	0.0010024
-15.662	-0.57983	0.001092
-15.662	-0.52941	0.0011453
-15.662	-0.47899	0.0012309
-15.662	-0.42857	0.0012766
-15.662	-0.37815	0.0013162
-15.662	-0.32773	0.00139
-15.662	-0.27731	0.0014181
-15.662	-0.22689	0.0014792
-15.662	-0.17647	0.0014939
-15.662	-0.12605	0.0015001
-15.662	-0.07563	0.0015394
-15.662	-0.02521	0.0015306
-15.662	0.02521	0.0015521
-15.662	0.07563	0.001528
-15.662	0.12605	0.0014958
-15.662	0.17647	0.0014927
-15.662	0.22689	0.0014467
-15.662	0.27731	0.0014266
-15.662	0.32773	0.0013687
-15.662	0.37815	0.0013055
-15.662	0.42857	0.001266
-15.662	0.47899	0.0011948
-15.662	0.52941	0.0011441
-15.662	0.57983	0.0010678
-15.614	-0.57983	0.0010411
-15.614	-0.52941	0.001085
-15.614	-0.47899	0.001172
-15.614	-0.42857	0.0012081
-15.614	-0.37815	0.0012376
-15.614	-0.32773	0.0013141
-15.614	-0.27731	0.0013324
-15.614	-0.22689	0.0013974
-15.614	-0.17647	0.0014026
-15.614	-0.12605	0.0013996
-15.614	-0.07563	0.0014443
-15.614	-0.02521	0.0014368
-15.614	0.02521	0.0014678
-15.614	0.07563	0.0014404
-15.614	0.12605	0.0014053
-15.614	0.17647	0.0014128
-15.614	0.22689	0.0013648
-15.614	0.27731	0.0013556
-15.614	0.32773	0.0012965
-15.614	0.37815	0.0012719
-15.614	0.42857	0.0012039
-15.614	0.47899	0.0011325
-15.614	0.52941	0.0010923
-15.614	0.57983	0.0010163
-15.566	-0.47899	0.00107
-15.566	-0.42857	0.0010984
-15.566	-0.37815	0.0011815
-15.566	-0.32773	0.0012002
-15.566	-0.27731	0.0012116
-15.566	-0.22689	0.0012821
-15.566	-0.17647	0.0012814
-15.566	-0.12605	0.0013395
-15.566	-0.07563	0.0013257
-15.566	-0.02521	0.0013041
-15.566	0.02521	0.0013418
-15.566	0.07563	0.0013072
-15.566	0.12605	0.0013288
-15.566	0.17647	0.001282
-15.566	0.22689	0.0012293
-15.566	0.27731	0.0012296
-15.566	0.32773	0.0011674
-15.566	0.37815	0.0011531
-15.566	0.42857	0.0010835
-15.566	0.47899	0.0010115
-15.518	-0.37815	0.0010541
-15.518	-0.32773	0.0010651
-15.518	-0.27731	0.0011429
-15.518	-0.22689	0.0011433
-15.518	-0.17647	0.0011365
-15.518	-0.12605	0.0012003
-15.518	-0.07563	0.0011817
-15.518	-0.02521	0.0012329
-15.518	0.02521	0.0012021
-15.518	0.07563	0.0011647
-15.518	0.12605	0.0011964
-15.518	0.17647	0.0011481
-15.518	0.22689	0.0011649
-15.518	0.27731	0.001107
-15.518	0.32773	0.0010452
-15.518	0.37815	0.0010435
-15.471	-0.12605	0.0010294
-15.471	-0.07563	0.0010032
-15.471	-0.02521	0.0010578
-15.471	0.02521	0.0010212
-15.471	0.12605	0.0010172
-14.851	-0.52941	0.0010154
-14.851	-0.42857	0.0010943
-14.851	-0.37815	0.0010438
-14.851	-0.32773	0.0011519
-14.851	-0.27731	0.001262
-14.851	-0.22689	0.0011852
-14.851	-0.17647	0.0012862
-14.851	-0.12605	0.0011924
-14.851	-0.07563	0.001282
-14.851	-0.02521	0.0013686
-14.851	0.02521	0.00125
-14.851	0.07563	0.0013221
-14.851	0.12605	0.0011922
-14.851	0.17647	0.0012493
-14.851	0.22689	0.0012754
-14.851	0.27731	0.0011341
-14.851	0.32773	0.0011729
-14.851	0.37815	0.0010292
-14.851	0.42857	0.0010542
-14.851	0.47899	0.0010717
-14.803	-0.68067	0.0010515
-14.803	-0.63025	0.0010508
-14.803	-0.57983	0.001182
-14.803	-0.52941	0.0013196
-14.803	-0.47899	0.0012956
-14.803	-0.42857	0.0014312
-14.803	-0.37815	0.0013865
-14.803	-0.32773	0.0015161
-14.803	-0.27731	0.0014499
-14.803	-0.22689	0.00157
-14.803	-0.17647	0.0016885
-14.803	-0.12605	0.0015901
-14.803	-0.07563	0.0016939
-14.803	-0.02521	0.0015755
-14.803	0.02521	0.0016626
-14.803	0.07563	0.0017427
-14.803	0.12605	0.0015965
-14.803	0.17647	0.0016577
-14.803	0.22689	0.0014995
-14.803	0.27731	0.0015422
-14.803	0.32773	0.0015752
-14.803	0.37815	0.0014025
-14.803	0.42857	0.0014183
-14.803	0.47899	0.0012461
-14.803	0.52941	0.0012471
-14.803	0.57983	0.001239
-14.803	0.63025	0.0010697
-14.803	0.68067	0.0010509
-14.756	-0.83193	0.0010553
-14.756	-0.78151	0.0010879
-14.756	-0.73109	0.0012339
-14.756	-0.68067	0.0013888
-14.756	-0.63025	0.0014037
-14.756	-0.57983	0.0015616
-14.756	-0.52941	0.0015562
-14.756	-0.47899	0.0017125
-14.756	-0.42857	0.0018715
-14.756	-0.37815	0.0018337
-14.756	-0.32773	0.0019836
-14.756	-0.27731	0.0019191
-14.756	-0.22689	0.0019877
-14.756	-0.17647	0.0021221
-14.756	-0.12605	0.0020245
-14.756	-0.07563	0.0021406
-14.756	-0.02521	0.0020174
-14.756	0.02521	0.0021129
-14.756	0.07563	0.0021986
-14.756	0.12605	0.0020407
-14.756	0.17647	0.0021033
-14.756	0.22689	0.0019283
-14.756	0.27731	0.0019683
-14.756	0.32773	0.001782
-14.756	0.37815	0.001801
-14.756	0.42857	0.0018079
-14.756	0.47899	0.0016101
-14.756	0.52941	0.0015996
-14.756	0.57983	0.0014052
-14.756	0.63025	0.0013808
-14.756	0.68067	0.0013468
-14.756	0.73109	0.0011614
-14.756	0.78151	0.0011193
-14.708	-0.88235	0.001105
-14.708	-0.83193	0.0012624
-14.708	-0.78151	0.0013173
-14.708	-0.73109	0.0014852
-14.708	-0.68067	0.0015258
-14.708	-0.63025	0.0016995
-14.708	-0.57983	0.0018794
-14.708	-0.52941	0.0018948
-14.708	-0.47899	0.0020724
-14.708	-0.42857	0.0020614
-14.708	-0.37815	0.0022309
-14.708	-0.32773	0.0023987
-14.708	-0.27731	0.0023468
-14.708	-0.22689	0.0024982
-14.708	-0.17647	0.0024141
-14.708	-0.12605	0.0025448
-14.708	-0.07563	0.0026658
-14.708	-0.02521	0.0025364
-14.708	0.02521	0.0026315
-14.708	0.07563	0.002474
-14.708	0.12605	0.0025422
-14.708	0.17647	0.0025959
-14.708	0.22689	0.0024029
-14.708	0.27731	0.0024297
-14.708	0.32773	0.0022215
-14.708	0.37815	0.0022238
-14.708	0.42857	0.0022116
-14.708	0.47899	0.0019888
-14.708	0.52941	0.0019746
-14.708	0.57983	0.0017555
-14.708	0.63025	0.0017143
-14.708	0.68067	0.0016623
-14.708	0.73109	0.0014506
-14.708	0.78151	0.0013897
-14.708	0.83193	0.0011941
-14.708	0.88235	0.0011292
-14.66	-0.98319	0.0011169
-14.66	-0.93277	0.0012019
-14.66	-0.88235	0.0013721
-14.66	-0.83193	0.0015538
-14.66	-0.78151	0.0016343
-14.66	-0.73109	0.0018266
-14.66	-0.68067	0.0017958
-14.66	-0.63025	0.0019899
-14.66	-0.57983	0.0021897
-14.66	-0.52941	0.0022307
-14.66	-0.47899	0.0024273
-14.66	-0.42857	0.0024396
-14.66	-0.37815	0.0026264
-14.66	-0.32773	0.0026058
-14.66	-0.27731	0.0027766
-14.66	-0.22689	0.0029403
-14.66	-0.17647	0.0028701
-14.66	-0.12605	0.0030094
-14.66	-0.07563	0.0029021
-14.66	-0.02521	0.0030135
-14.66	0.02521	0.0031102
-14.66	0.07563	0.0029529
-14.66	0.12605	0.0030182
-14.66	0.17647	0.0028316
-14.66	0.22689	0.002866
-14.66	0.27731	0.002883
-14.66	0.32773	0.0026621
-14.66	0.37815	0.002651
-14.66	0.42857	0.0024175
-14.66	0.47899	0.0023824
-14.66	0.52941	0.0023326
-14.66	0.57983	0.0020906
-14.66	0.63025	0.0020241
-14.66	0.68067	0.001789
-14.66	0.73109	0.0017117
-14.66	0.78151	0.0016257
-14.66	0.83193	0.0014081
-14.66	0.88235	0.0013197
-14.66	0.93277	0.0011241
-14.66	0.98319	0.0010382
-14.613	-1.0336	0.0010847
-14.613	-0.98319	0.0012524
-14.613	-0.93277	0.0013606
-14.613	-0.88235	0.0015469
-14.613	-0.83193	0.0016519
-14.613	-0.78151	0.0018524
-14.613	-0.73109	0.0020617
-14.613	-0.68067	0.0021558
-14.613	-0.63025	0.0023702
-14.613	-0.57983	0.0024432
-14.613	-0.52941	0.0026555
-14.613	-0.47899	0.0028675
-14.613	-0.42857	0.0029032
-14.613	-0.37815	0.0031016
-14.613	-0.32773	0.0031001
-14.613	-0.27731	0.0032782
-14.613	-0.22689	0.0034455
-14.613	-0.17647	0.0033877
-14.613	-0.12605	0.0035254
-14.613	-0.07563	0.0034245
-14.613	-0.02521	0.003529
-14.613	0.02521	0.0036152
-14.613	0.07563	0.0034242
-14.613	0.12605	0.003484
-14.613	0.17647	0.0032979
-14.613	0.22689	0.0033227
-14.613	0.27731	0.0031074
-14.613	0.32773	0.0030997
-14.613	0.37815	0.003073
-14.613	0.42857	0.0028273
-14.613	0.47899	0.0027738
-14.613	0.52941	0.0025196
-14.613	0.57983	0.0024451
-14.613	0.63025	0.0023571
-14.613	0.68067	0.0021025
-14.613	0.73109	0.002003
-14.613	0.78151	0.0017607
-14.613	0.83193	0.0016562
-14.613	0.88235	0.0015459
-14.613	0.93277	0.0013295
-14.613	0.98319	0.0012231
-14.613	1.0336	0.001033
-14.565	-1.084	0.0010247
-14.565	-1.0336	0.0011902
-14.565	-0.98319	0.0013136
-14.565	-0.93277	0.0015008
-14.565	-0.88235	0.0017004
-14.565	-0.83193	0.0018314
-14.565	-0.78151	0.0020461
-14.565	-0.73109	0.0021693
-14.565	-0.68067	0.0023927
-14.565	-0.63025	0.0026207
-14.565	-0.57983	0.0027246
-14.565	-0.52941	0.0029499
-14.565	-0.47899	0.0030256
-14.565	-0.42857	0.00324
-14.565	-0.37815	0.0034481
-14.565	-0.32773	0.0034761
-14.565	-0.27731	0.0036612
-14.565	-0.22689	0.0036452
-14.565	-0.17647	0.0038009
-14.565	-0.12605	0.0039399
-14.565	-0.07563	0.0038597
-14.565	-0.02521	0.0039616
-14.565	0.02521	0.0038345
-14.565	0.07563	0.0038974
-14.565	0.12605	0.0039383
-14.565	0.17647	0.0037514
-14.565	0.22689	0.0037534
-14.565	0.27731	0.0035322
-14.565	0.32773	0.0034986
-14.565	0.37815	0.0034444
-14.565	0.42857	0.003188
-14.565	0.47899	0.0031057
-14.565	0.52941	0.0028378
-14.565	0.57983	0.0027343
-14.565	0.63025	0.0026171
-14.565	0.68067	0.0023477
-14.565	0.73109	0.0022204
-14.565	0.78151	0.0019629
-14.565	0.83193	0.0018985
-14.565	0.88235	0.0016571
-14.565	0.93277	0.0015317
-14.565	0.98319	0.0014042
-14.565	1.0336	0.0011967
-14.565	1.084	0.0010795
-14.517	-1.1345	0.0010498
-14.517	-1.084	0.0011873
-14.517	-1.0336	0.0013687
-14.517	-0.98319	0.0015172
-14.517	-0.93277	0.0017209
-14.517	-0.88235	0.0019359
-14.517	-0.83193	0.0020949
-14.517	-0.78151	0.0023242
-14.517	-0.73109	0.0024765
-14.517	-0.68067	0.0027128
-14.517	-0.63025	0.0029514
-14.517	-0.57983	0.0030843
-14.517	-0.52941	0.0033172
-14.517	-0.47899	0.0034209
-14.517	-0.42857	0.0036392
-14.517	-0.37815	0.0036034
-14.517	-0.32773	0.0038047
-14.517	-0.27731	0.0039932
-14.517	-0.22689	0.0040073
-14.517	-0.17647	0.0041635
-14.517	-0.12605	0.0041279
-14.517	-0.07563	0.0042463
-14.517	-0.02521	0.004343
-14.517	0.02521	0.0042372
-14.517	0.07563	0.0042913
-14.517	0.12605	0.0041369
-14.517	0.17647	0.0041485
-14.517	0.22689	0.0041361
-14.517	0.27731	0.0039229
-14.517	0.32773	0.0038719
-14.517	0.37815	0.0036273
-14.517	0.42857	0.0035431
-14.517	0.47899	0.0034397
-14.517	0.52941	0.0031672
-14.517	0.57983	0.0030412
-14.517	0.63025	0.002763
-14.517	0.68067	0.0026225
-14.517	0.73109	0.0024721
-14.517	0.78151	0.0022024
-14.517	0.83193	0.0020496
-14.517	0.88235	0.0017977
-14.517	0.93277	0.0016497
-14.517	0.98319	0.0015016
-14.517	1.0336	0.0012853
-14.517	1.084	0.0011508
-14.47	-1.1345	0.0010745
-14.47	-1.084	0.0012476
-14.47	-1.0336	0.0014346
-14.47	-0.98319	0.0016028
-14.47	-0.93277	0.001813
-14.47	-0.88235	0.0019894
-14.47	-0.83193	0.0022174
-14.47	-0.78151	0.002453
-14.47	-0.73109	0.0026327
-14.47	-0.68067	0.0028753
-14.47	-0.63025	0.0030416
-14.47	-0.57983	0.0032823
-14.47	-0.52941	0.0035193
-14.47	-0.47899	0.003655
-14.47	-0.42857	0.0038759
-14.47	-0.37815	0.0039746
-14.47	-0.32773	0.0041706
-14.47	-0.27731	0.0043505
-14.47	-0.22689	0.0043879
-14.47	-0.17647	0.004531
-14.47	-0.12605	0.0045158
-14.47	-0.07563	0.0046169
-14.47	-0.02521	0.0046935
-14.47	0.02521	0.0046034
-14.47	0.07563	0.0046338
-14.47	0.12605	0.0044912
-14.47	0.17647	0.0044763
-14.47	0.22689	0.0044358
-14.47	0.27731	0.0042297
-14.47	0.32773	0.004149
-14.47	0.37815	0.0039569
-14.47	0.42857	0.0038528
-14.47	0.47899	0.0035907
-14.47	0.52941	0.0034589
-14.47	0.57983	0.003311
-14.47	0.63025	0.0030305
-14.47	0.68067	0.0028676
-14.47	0.73109	0.0025879
-14.47	0.78151	0.0024188
-14.47	0.83193	0.0022446
-14.47	0.88235	0.0019833
-14.47	0.93277	0.0018151
-14.47	0.98319	0.0015769
-14.47	1.0336	0.0014211
-14.47	1.084	0.0012692
-14.47	1.1345	0.0010731
-14.422	-1.1849	0.0010344
-14.422	-1.1345	0.0011945
-14.422	-1.084	0.0013771
-14.422	-1.0336	0.0015727
-14.422	-0.98319	0.001764
-14.422	-0.93277	0.0019822
-14.422	-0.88235	0.0021839
-14.422	-0.83193	0.0023004
-14.422	-0.78151	0.0025014
-14.422	-0.73109	0.0027435
-14.422	-0.68067	0.0029881
-14.422	-0.63025	0.0031828
-14.422	-0.57983	0.0034249
-14.422	-0.52941	0.0035984
-14.422	-0.47899	0.0038285
-14.422	-0.42857	0.0040482
-14.422	-0.37815	0.0041789
-14.422	-0.32773	0.0043721
-14.422	-0.27731	0.0044583
-14.422	-0.22689	0.0046166
-14.422	-0.17647	0.0047531
-14.422	-0.12605	0.0047689
-14.422	-0.07563	0.0048611
-14.422	-0.02521	0.0048204
-14.422	0.02521	0.0048653
-14.422	0.07563	0.0048829
-14.422	0.12605	0.0047654
-14.422	0.17647	0.0047355
-14.422	0.22689	0.0045669
-14.422	0.27731	0.0044928
-14.422	0.32773	0.0043943
-14.422	0.37815	0.004168
-14.422	0.42857	0.0040344
-14.422	0.47899	0.0037783
-14.422	0.52941	0.0036178
-14.422	0.57983	0.0034424
-14.422	0.63025	0.0031655
-14.422	0.68067	0.0029771
-14.422	0.73109	0.0026988
-14.422	0.78151	0.0025067
-14.422	0.83193	0.002238
-14.422	0.88235	0.0020509
-14.422	0.93277	0.0018648
-14.422	0.98319	0.0016262
-14.422	1.0336	0.0014556
-14.422	1.084	0.0012453
-14.422	1.1345	0.0011692
-14.422	1.1849	0.001023
-14.374	-1.1849	0.0010366
-14.374	-1.1345	0.0012064
-14.374	-1.084	0.0013882
-14.374	-1.0336	0.0015812
-14.374	-0.98319	0.0017879
-14.374	-0.93277	0.0020046
-14.374	-0.88235	0.0022247
-14.374	-0.83193	0.002458
-14.374	-0.78151	0.0026836
-14.374	-0.73109	0.0029256
-14.374	-0.68067	0.0031676
-14.374	-0.63025	0.0033879
-14.374	-0.57983	0.0036244
-14.374	-0.52941	0.0038238
-14.374	-0.47899	0.0040448
-14.374	-0.42857	0.0042122
-14.374	-0.37815	0.0044079
-14.374	-0.32773	0.0045855
-14.374	-0.27731	0.0046951
-14.374	-0.22689	0.0048345
-14.374	-0.17647	0.0048915
-14.374	-0.12605	0.0049863
-14.374	-0.07563	0.0050238
-14.374	-0.02521	0.0050132
-14.374	0.02521	0.0050457
-14.374	0.07563	0.004977
-14.374	0.12605	0.00496
-14.374	0.17647	0.0049151
-14.374	0.22689	0.0047712
-14.374	0.27731	0.0046808
-14.374	0.32773	0.0044896
-14.374	0.37815	0.0043595
-14.374	0.42857	0.0042083
-14.374	0.47899	0.0039682
-14.374	0.52941	0.0037894
-14.374	0.57983	0.0035268
-14.374	0.63025	0.0033301
-14.374	0.68067	0.0031238
-14.374	0.73109	0.0028519
-14.374	0.78151	0.0026424
-14.374	0.83193	0.0023761
-14.374	0.88235	0.0021722
-14.374	0.93277	0.0019705
-14.374	0.98319	0.001731
-14.374	1.0336	0.0015461
-14.374	1.084	0.0013325
-14.374	1.1345	0.0011695
-14.374	1.1849	0.0010161
-14.327	-1.1849	0.0010304
-14.327	-1.1345	0.0011957
-14.327	-1.084	0.0013734
-14.327	-1.0336	0.0015758
-14.327	-0.98319	0.0017782
-14.327	-0.93277	0.0020017
-14.327	-0.88235	0.0022238
-14.327	-0.83193	0.0024515
-14.327	-0.78151	0.0026952
-14.327	-0.73109	0.0029314
-14.327	-0.68067	0.0031742
-14.327	-0.63025	0.0034096
-14.327	-0.57983	0.0036387
-14.327	-0.52941	0.0038644
-14.327	-0.47899	0.0040774
-14.327	-0.42857	0.0042739
-14.327	-0.37815	0.0044609
-14.327	-0.32773	0.0046286
-14.327	-0.27731	0.0047692
-14.327	-0.22689	0.0048979
-14.327	-0.17647	0.0049863
-14.327	-0.12605	0.0050696
-14.327	-0.07563	0.0051253
-14.327	-0.02521	0.0051346
-14.327	0.02521	0.0051398
-14.327	0.07563	0.0050897
-14.327	0.12605	0.0050446
-14.327	0.17647	0.0049718
-14.327	0.22689	0.0048451
-14.327	0.27731	0.0047273
-14.327	0.32773	0.0045523
-14.327	0.37815	0.004396
-14.327	0.42857	0.0041817
-14.327	0.47899	0.0039953
-14.327	0.52941	0.003794
-14.327	0.57983	0.0035454
-14.327	0.63025	0.0033286
-14.327	0.68067	0.0031774
-14.327	0.73109	0.0029572
-14.327	0.78151	0.0027335
-14.327	0.83193	0.0024752
-14.327	0.88235	0.0022577
-14.327	0.93277	0.0020114
-14.327	0.98319	0.0018081
-14.327	1.0336	0.0016118
-14.327	1.084	0.0013994
-14.327	1.1345	0.001226
-14.327	1.1849	0.0010419
-14.279	-1.1849	0.0010829
-14.279	-1.1345	0.0012481
-14.279	-1.084	0.0014242
-14.279	-1.0336	0.0016386
-14.279	-0.98319	0.0018376
-14.279	-0.93277	0.0020751
-14.279	-0.88235	0.0022916
-14.279	-0.83193	0.0025445
-14.279	-0.78151	0.0027711
-14.279	-0.73109	0.0029967
-14.279	-0.68067	0.0032575
-14.279	-0.63025	0.0034794
-14.279	-0.57983	0.003621
-14.279	-0.52941	0.0038351
-14.279	-0.47899	0.0040367
-14.279	-0.42857	0.004259
-14.279	-0.37815	0.0044343
-14.279	-0.32773	0.0046194
-14.279	-0.27731	0.0047594
-14.279	-0.22689	0.0048756
-14.279	-0.17647	0.0049948
-14.279	-0.12605	0.0050653
-14.279	-0.07563	0.0051277
-14.279	-0.02521	0.0051486
-14.279	0.02521	0.0051407
-14.279	0.07563	0.0051212
-14.279	0.12605	0.005063
-14.279	0.17647	0.0049851
-14.279	0.22689	0.0048793
-14.279	0.27731	0.0047488
-14.279	0.32773	0.0046002
-14.279	0.37815	0.0044313
-14.279	0.42857	0.0042407
-14.279	0.47899	0.0040418
-14.279	0.52941	0.0038288
-14.279	0.57983	0.0036002
-14.279	0.63025	0.003372
-14.279	0.68067	0.0031279
-14.279	0.73109	0.0028946
-14.279	0.78151	0.0026603
-14.279	0.83193	0.0024175
-14.279	0.88235	0.0021921
-14.279	0.93277	0.0019598
-14.279	0.98319	0.001751
-14.279	1.0336	0.0015373
-14.279	1.084	0.001351
-14.279	1.1345	0.0011759
-14.279	1.1849	0.001002
-14.231	-1.1849	0.0010373
-14.231	-1.1345	0.0011938
-14.231	-1.084	0.0013946
-14.231	-1.0336	0.0015751
-14.231	-0.98319	0.0017631
-14.231	-0.93277	0.0020039
-14.231	-0.88235	0.0022085
-14.231	-0.83193	0.002468
-14.231	-0.78151	0.0026821
-14.231	-0.73109	0.0028941
-14.231	-0.68067	0.0031661
-14.231	-0.63025	0.0033742
-14.231	-0.57983	0.00364
-14.231	-0.52941	0.0038342
-14.231	-0.47899	0.0040139
-14.231	-0.42857	0.004252
-14.231	-0.37815	0.0044034
-14.231	-0.32773	0.0046061
-14.231	-0.27731	0.0047205
-14.231	-0.22689	0.0048776
-14.231	-0.17647	0.0049482
-14.231	-0.12605	0.0049916
-14.231	-0.07563	0.0050738
-14.231	-0.02521	0.0050677
-14.231	0.02521	0.0050906
-14.231	0.07563	0.0050342
-14.231	0.12605	0.0049508
-14.231	0.17647	0.0048934
-14.231	0.22689	0.0048318
-14.231	0.27731	0.0047297
-14.231	0.32773	0.0045713
-14.231	0.37815	0.0043928
-14.231	0.42857	0.0042288
-14.231	0.47899	0.0040208
-14.231	0.52941	0.0038223
-14.231	0.57983	0.0035944
-14.231	0.63025	0.0033588
-14.231	0.68067	0.0031347
-14.231	0.73109	0.0028944
-14.231	0.78151	0.0026629
-14.231	0.83193	0.0024274
-14.231	0.88235	0.0021965
-14.231	0.93277	0.0019767
-14.231	0.98319	0.0017627
-14.231	1.0336	0.0015583
-14.231	1.084	0.001367
-14.231	1.1345	0.0011879
-14.231	1.1849	0.0010198
-14.184	-1.1849	0.0010488
-14.184	-1.1345	0.0011991
-14.184	-1.084	0.001404
-14.184	-1.0336	0.0014891
-14.184	-0.98319	0.0017163
-14.184	-0.93277	0.0019031
-14.184	-0.88235	0.0020933
-14.184	-0.83193	0.0023539
-14.184	-0.78151	0.0025526
-14.184	-0.73109	0.0028262
-14.184	-0.68067	0.0030253
-14.184	-0.63025	0.0032169
-14.184	-0.57983	0.0034917
-14.184	-0.52941	0.0036696
-14.184	-0.47899	0.0039306
-14.184	-0.42857	0.0040851
-14.184	-0.37815	0.0042205
-14.184	-0.32773	0.0044426
-14.184	-0.27731	0.0045421
-14.184	-0.22689	0.004723
-14.184	-0.17647	0.0047797
-14.184	-0.12605	0.00481
-14.184	-0.07563	0.0049202
-14.184	-0.02521	0.0049023
-14.184	0.02521	0.0049554
-14.184	0.07563	0.0048887
-14.184	0.12605	0.004796
-14.184	0.17647	0.0047699
-14.184	0.22689	0.0046328
-14.184	0.27731	0.0045525
-14.184	0.32773	0.0043769
-14.184	0.37815	0.0042488
-14.184	0.42857	0.0040423
-14.184	0.47899	0.003823
-14.184	0.52941	0.003647
-14.184	0.57983	0.003411
-14.184	0.63025	0.003211
-14.184	0.68067	0.0029682
-14.184	0.73109	0.0027255
-14.184	0.78151	0.0025153
-14.184	0.83193	0.0022798
-14.184	0.88235	0.0020715
-14.184	0.93277	0.0018511
-14.184	0.98319	0.0017446
-14.184	1.0336	0.0015525
-14.184	1.084	0.0013596
-14.184	1.1345	0.0011863
-14.184	1.1849	0.0010199
-14.136	-1.1345	0.001108
-14.136	-1.084	0.0013064
-14.136	-1.0336	0.0014637
-14.136	-0.98319	0.0016916
-14.136	-0.93277	0.0018645
-14.136	-0.88235	0.0021169
-14.136	-0.83193	0.0022994
-14.136	-0.78151	0.0024793
-14.136	-0.73109	0.0027535
-14.136	-0.68067	0.0029311
-14.136	-0.63025	0.0032092
-14.136	-0.57983	0.0033755
-14.136	-0.52941	0.0035283
-14.136	-0.47899	0.0037925
-14.136	-0.42857	0.0039206
-14.136	-0.37815	0.0041615
-14.136	-0.32773	0.0042567
-14.136	-0.27731	0.0042958
-14.136	-0.22689	0.0044944
-14.136	-0.17647	0.0045374
-14.136	-0.12605	0.0046909
-14.136	-0.07563	0.0046885
-14.136	-0.02521	0.00466
-14.136	0.02521	0.0047403
-14.136	0.07563	0.0046651
-14.136	0.12605	0.0046896
-14.136	0.17647	0.0045694
-14.136	0.22689	0.0044274
-14.136	0.27731	0.0043782
-14.136	0.32773	0.0041992
-14.136	0.37815	0.0041019
-14.136	0.42857	0.0038933
-14.136	0.47899	0.0036734
-14.136	0.52941	0.0035261
-14.136	0.57983	0.0032903
-14.136	0.63025	0.0031166
-14.136	0.68067	0.0028745
-14.136	0.73109	0.0026336
-14.136	0.78151	0.0024456
-14.136	0.83193	0.002212
-14.136	0.88235	0.0020225
-14.136	0.93277	0.0018038
-14.136	0.98319	0.0016215
-14.136	1.0336	0.0014238
-14.136	1.084	0.0012391
-14.136	1.1345	0.0010836
-14.088	-1.1345	0.0010582
-14.088	-1.084	0.0011949
-14.088	-1.0336	0.0013364
-14.088	-0.98319	0.0015551
-14.088	-0.93277	0.0017108
-14.088	-0.88235	0.0019551
-14.088	-0.83193	0.0021192
-14.088	-0.78151	0.0022801
-14.088	-0.73109	0.0025482
-14.088	-0.68067	0.0027065
-14.088	-0.63025	0.0029812
-14.088	-0.57983	0.0031286
-14.088	-0.52941	0.0032624
-14.088	-0.47899	0.0035276
-14.088	-0.42857	0.003638
-14.088	-0.37815	0.0038844
-14.088	-0.32773	0.0039637
-14.088	-0.27731	0.004181
-14.088	-0.22689	0.0042227
-14.088	-0.17647	0.0042405
-14.088	-0.12605	0.0044008
-14.088	-0.07563	0.0043755
-14.088	-0.02521	0.0044881
-14.088	0.02521	0.0044182
-14.088	0.07563	0.0043252
-14.088	0.12605	0.0043658
-14.088	0.17647	0.0042315
-14.088	0.22689	0.0042207
-14.088	0.27731	0.0040498
-14.088	0.32773	0.0038636
-14.088	0.37815	0.0037897
-14.088	0.42857	0.0035777
-14.088	0.47899	0.003465
-14.088	0.52941	0.003351
-14.088	0.57983	0.0031196
-14.088	0.63025	0.0029739
-14.088	0.68067	0.0027367
-14.088	0.73109	0.0025724
-14.088	0.78151	0.0023382
-14.088	0.83193	0.0021103
-14.088	0.88235	0.001942
-14.088	0.93277	0.0017285
-14.088	0.98319	0.001564
-14.088	1.0336	0.0013708
-14.088	1.084	0.0011909
-14.088	1.1345	0.0010485
-14.041	-1.1345	0.0010122
-14.041	-1.084	0.0011355
-14.041	-1.0336	0.0013362
-14.041	-0.98319	0.0014732
-14.041	-0.93277	0.0016108
-14.041	-0.88235	0.0018473
-14.041	-0.83193	0.0019906
-14.041	-0.78151	0.0022461
-14.041	-0.73109	0.0023182
-14.041	-0.68067	0.0024565
-14.041	-0.63025	0.0027232
-14.041	-0.57983	0.002851
-14.041	-0.52941	0.0031173
-14.041	-0.47899	0.0032267
-14.041	-0.42857	0.0033194
-14.041	-0.37815	0.0035657
-14.041	-0.32773	0.0036294
-14.041	-0.27731	0.0038512
-14.041	-0.22689	0.0038798
-14.041	-0.17647	0.0038863
-14.041	-0.12605	0.0040572
-14.041	-0.07563	0.0040236
-14.041	-0.02521	0.004152
-14.041	0.02521	0.004077
-14.041	0.07563	0.003981
-14.041	0.12605	0.0040431
-14.041	0.17647	0.0039089
-14.041	0.22689	0.0039234
-14.041	0.27731	0.0037551
-14.041	0.32773	0.003724
-14.041	0.37815	0.0035277
-14.041	0.42857	0.0033222
-14.041	0.47899	0.0032386
-14.041	0.52941	0.003017
-14.041	0.57983	0.0029027
-14.041	0.63025	0.0026736
-14.041	0.68067	0.0024465
-14.041	0.73109	0.0023086
-14.041	0.78151	0.0020864
-14.041	0.83193	0.0019391
-14.041	0.88235	0.0017289
-14.041	0.93277	0.0015296
-14.041	0.98319	0.0013885
-14.041	1.0336	0.0012094
-14.041	1.084	0.001077
-13.993	-1.084	0.0010005
-13.993	-1.0336	0.0011861
-13.993	-0.98319	0.001305
-13.993	-0.93277	0.001518
-13.993	-0.88235	0.0016446
-13.993	-0.83193	0.0017682
-13.993	-0.78151	0.0020091
-13.993	-0.73109	0.0021313
-13.993	-0.68067	0.0023854
-13.993	-0.63025	0.0024993
-13.993	-0.57983	0.0026017
-13.993	-0.52941	0.0028564
-13.993	-0.47899	0.0029399
-13.993	-0.42857	0.0031858
-13.993	-0.37815	0.0032438
-13.993	-0.32773	0.0032835
-13.993	-0.27731	0.0034981
-13.993	-0.22689	0.0035047
-13.993	-0.17647	0.0036893
-13.993	-0.12605	0.0036593
-13.993	-0.07563	0.0036091
-13.993	-0.02521	0.003739
-13.993	0.02521	0.0036976
-13.993	0.07563	0.0037945
-13.993	0.12605	0.0036795
-13.993	0.17647	0.0035478
-13.993	0.22689	0.0035832
-13.993	0.27731	0.0034204
-13.993	0.32773	0.0034136
-13.993	0.37815	0.0032253
-13.993	0.42857	0.0030295
-13.993	0.47899	0.0029727
-13.993	0.52941	0.0027623
-13.993	0.57983	0.0026754
-13.993	0.63025	0.0024581
-13.993	0.68067	0.0022438
-13.993	0.73109	0.002132
-13.993	0.78151	0.0019222
-13.993	0.83193	0.001799
-13.993	0.88235	0.0016005
-13.993	0.93277	0.0014736
-13.993	0.98319	0.0012918
-13.993	1.0336	0.0011229
-13.993	1.084	0.0010073
-13.945	-1.0336	0.0010332
-13.945	-0.98319	0.0011343
-13.945	-0.93277	0.0013291
-13.945	-0.88235	0.0014367
-13.945	-0.83193	0.0015408
-13.945	-0.78151	0.0017635
-13.945	-0.73109	0.001866
-13.945	-0.68067	0.0021034
-13.945	-0.63025	0.0021981
-13.945	-0.57983	0.0022821
-13.945	-0.52941	0.0025231
-13.945	-0.47899	0.0025899
-13.945	-0.42857	0.0028258
-13.945	-0.37815	0.0028694
-13.945	-0.32773	0.0028964
-13.945	-0.27731	0.0031065
-13.945	-0.22689	0.0031037
-13.945	-0.17647	0.0032886
-13.945	-0.12605	0.0032528
-13.945	-0.07563	0.0034059
-13.945	-0.02521	0.0033356
-13.945	0.02521	0.0032482
-13.945	0.07563	0.0033474
-13.945	0.12605	0.0032277
-13.945	0.17647	0.0032875
-13.945	0.22689	0.0031385
-13.945	0.27731	0.002979
-13.945	0.32773	0.0029854
-13.945	0.37815	0.0028047
-13.945	0.42857	0.0027765
-13.945	0.47899	0.0025809
-13.945	0.52941	0.0023843
-13.945	0.57983	0.0023191
-13.945	0.63025	0.0021182
-13.945	0.68067	0.0020322
-13.945	0.73109	0.0018339
-13.945	0.78151	0.0017376
-13.945	0.83193	0.0016379
-13.945	0.88235	0.0014536
-13.945	0.93277	0.0013482
-13.945	0.98319	0.0011793
-13.945	1.0336	0.0010228
-13.897	-0.98319	0.0010087
-13.897	-0.93277	0.0011864
-13.897	-0.88235	0.001274
-13.897	-0.83193	0.0014734
-13.897	-0.78151	0.0015605
-13.897	-0.73109	0.0016408
-13.897	-0.68067	0.001858
-13.897	-0.63025	0.0019298
-13.897	-0.57983	0.0021547
-13.897	-0.52941	0.0022122
-13.897	-0.47899	0.002257
-13.897	-0.42857	0.0024578
-13.897	-0.37815	0.0024884
-13.897	-0.32773	0.0027002
-13.897	-0.27731	0.0027054
-13.897	-0.22689	0.0026948
-13.897	-0.17647	0.0028757
-13.897	-0.12605	0.0028358
-13.897	-0.07563	0.00299
-13.897	-0.02521	0.0029195
-13.897	0.02521	0.0028343
-13.897	0.07563	0.002941
-13.897	0.12605	0.0028272
-13.897	0.17647	0.002899
-13.897	0.22689	0.0027593
-13.897	0.27731	0.0027959
-13.897	0.32773	0.0026344
-13.897	0.37815	0.0024675
-13.897	0.42857	0.0024591
-13.897	0.47899	0.0022792
-13.897	0.52941	0.0022428
-13.897	0.57983	0.0020559
-13.897	0.63025	0.0018725
-13.897	0.68067	0.001809
-13.897	0.73109	0.001628
-13.897	0.78151	0.0015501
-13.897	0.83193	0.0013772
-13.897	0.88235	0.0012144
-13.897	0.93277	0.001131
-13.85	-0.88235	0.0010678
-13.85	-0.83193	0.0012443
-13.85	-0.78151	0.0013138
-13.85	-0.73109	0.0015072
-13.85	-0.68067	0.0015713
-13.85	-0.63025	0.0016268
-13.85	-0.57983	0.0018302
-13.85	-0.52941	0.0018731
-13.85	-0.47899	0.0020791
-13.85	-0.42857	0.0021047
-13.85	-0.37815	0.0021174
-13.85	-0.32773	0.0023102
-13.85	-0.27731	0.0023002
-13.85	-0.22689	0.0024787
-13.85	-0.17647	0.0024433
-13.85	-0.12605	0.0023944
-13.85	-0.07563	0.0025387
-13.85	-0.02521	0.0024635
-13.85	0.02521	0.0025807
-13.85	0.07563	0.0024798
-13.85	0.12605	0.002369
-13.85	0.17647	0.0024423
-13.85	0.22689	0.0023101
-13.85	0.27731	0.0023528
-13.85	0.32773	0.0022785
-13.85	0.37815	0.0021271
-13.85	0.42857	0.0021353
-13.85	0.47899	0.0019726
-13.85	0.52941	0.0019551
-13.85	0.57983	0.0017865
-13.85	0.63025	0.0016219
-13.85	0.68067	0.0015784
-13.85	0.73109	0.0014161
-13.85	0.78151	0.0013584
-13.85	0.83193	0.0012033
-13.85	0.88235	0.0010579
-13.802	-0.83193	0.0010283
-13.802	-0.78151	0.0010822
-13.802	-0.73109	0.0012513
-13.802	-0.68067	0.0013
-13.802	-0.63025	0.0013412
-13.802	-0.57983	0.0015208
-13.802	-0.52941	0.0015508
-13.802	-0.47899	0.0017351
-13.802	-0.42857	0.0017501
-13.802	-0.37815	0.0017542
-13.802	-0.32773	0.0019293
-13.802	-0.27731	0.0019139
-13.802	-0.22689	0.0020791
-13.802	-0.17647	0.0020419
-13.802	-0.12605	0.0021914
-13.802	-0.07563	0.002131
-13.802	-0.02521	0.0020601
-13.802	0.02521	0.0021759
-13.802	0.07563	0.0020831
-13.802	0.12605	0.0021738
-13.802	0.17647	0.0020607
-13.802	0.22689	0.0019419
-13.802	0.27731	0.001994
-13.802	0.32773	0.0018603
-13.802	0.37815	0.0018864
-13.802	0.42857	0.0017419
-13.802	0.47899	0.0015983
-13.802	0.52941	0.0015931
-13.802	0.57983	0.0014459
-13.802	0.63025	0.0014218
-13.802	0.68067	0.0012756
-13.802	0.73109	0.0011364
-13.802	0.78151	0.0010958
-13.754	-0.73109	0.0010332
-13.754	-0.68067	0.0010653
-13.754	-0.63025	0.0012213
-13.754	-0.57983	0.0012445
-13.754	-0.52941	0.0012597
-13.754	-0.47899	0.0014183
-13.754	-0.42857	0.0014201
-13.754	-0.37815	0.0015785
-13.754	-0.32773	0.0015641
-13.754	-0.27731	0.0015403
-13.754	-0.22689	0.0016845
-13.754	-0.17647	0.0016423
-13.754	-0.12605	0.0018019
-13.754	-0.07563	0.001745
-13.754	-0.02521	0.0016796
-13.754	0.02521	0.0017899
-13.754	0.07563	0.0017062
-13.754	0.12605	0.0017964
-13.754	0.17647	0.0016958
-13.754	0.22689	0.0017638
-13.754	0.27731	0.0016487
-13.754	0.32773	0.0015316
-13.754	0.37815	0.0015672
-13.754	0.42857	0.0014411
-13.754	0.47899	0.0014556
-13.754	0.52941	0.0013243
-13.754	0.57983	0.001197
-13.754	0.63025	0.0011876
-13.754	0.68067	0.0010612
-13.754	0.73109	0.0010378
-13.707	-0.52941	0.0011196
-13.707	-0.47899	0.0011229
-13.707	-0.42857	0.0011187
-13.707	-0.37815	0.0012554
-13.707	-0.32773	0.0012379
-13.707	-0.27731	0.0013719
-13.707	-0.22689	0.0013392
-13.707	-0.17647	0.001299
-13.707	-0.12605	0.0014172
-13.707	-0.07563	0.0013614
-13.707	-0.02521	0.0014675
-13.707	0.02521	0.0013962
-13.707	0.07563	0.0013202
-13.707	0.12605	0.0014011
-13.707	0.17647	0.0013121
-13.707	0.22689	0.0013757
-13.707	0.27731	0.0012757
-13.707	0.32773	0.0011754
-13.707	0.37815	0.0012126
-13.707	0.42857	0.001106
-13.707	0.47899	0.0011261
-13.707	0.52941	0.0010163
-13.659	-0.27731	0.0010632
-13.659	-0.22689	0.0010318
-13.659	-0.17647	0.0011418
-13.659	-0.12605	0.0010973
-13.659	-0.07563	0.0010477
-13.659	-0.02521	0.0011417
-13.659	0.02521	0.0010798
-13.659	0.07563	0.0011626
-13.659	0.12605	0.0010891
-13.659	0.17647	0.0010137
-13.659	0.22689	0.0010747
-13.659	0.32773	0.0010373
-12.753	-0.12605	0.0010282
-12.753	-0.02521	0.0010107
-12.753	0.12605	0.0010155
-12.706	-0.32773	0.001031
-12.706	-0.27731	0.0010922
-12.706	-0.22689	0.0010785
-12.706	-0.17647	0.0011311
-12.706	-0.12605	0.0011038
-12.706	-0.07563	0.0011461
-12.706	-0.02521	0.0011835
-12.706	0.02521	0.0011365
-12.706	0.07563	0.001162
-12.706	0.12605	0.0011028
-12.706	0.17647	0.0011164
-12.706	0.22689	0.001124
-12.706	0.27731	0.0010493
-12.706	0.32773	0.0010457
-12.658	-0.52941	0.0010268
-12.658	-0.47899	0.0010097
-12.658	-0.42857	0.0010849
-12.658	-0.37815	0.0010955
-12.658	-0.32773	0.0011646
-12.658	-0.27731	0.001231
-12.658	-0.22689	0.0012225
-12.658	-0.17647	0.0012791
-12.658	-0.12605	0.0012554
-12.658	-0.07563	0.0013006
-12.658	-0.02521	0.0012618
-12.658	0.02521	0.0012943
-12.658	0.07563	0.0013203
-12.658	0.12605	0.0012606
-12.658	0.17647	0.0012733
-12.658	0.22689	0.0012014
-12.658	0.27731	0.0012014
-12.658	0.32773	0.0011946
-12.658	0.37815	0.0011085
-12.658	0.42857	0.0010908
-12.61	-0.57983	0.0010484
-12.61	-0.52941	0.0010808
-12.61	-0.47899	0.0011625
-12.61	-0.42857	0.001243
-12.61	-0.37815	0.0012589
-12.61	-0.32773	0.0013319
-12.61	-0.27731	0.0013327
-12.61	-0.22689	0.0013955
-12.61	-0.17647	0.0014532
-12.61	-0.12605	0.0014305
-12.61	-0.07563	0.0014749
-12.61	-0.02521	0.0014353
-12.61	0.02521	0.0014652
-12.61	0.07563	0.0014876
-12.61	0.12605	0.0014247
-12.61	0.17647	0.0014322
-12.61	0.22689	0.0013558
-12.61	0.27731	0.0013534
-12.61	0.32773	0.001269
-12.61	0.37815	0.0012535
-12.61	0.42857	0.001231
-12.61	0.47899	0.0011347
-12.61	0.52941	0.0011024
-12.61	0.57983	0.0010031
-12.563	-0.63025	0.0010517
-12.563	-0.57983	0.0011422
-12.563	-0.52941	0.0011842
-12.563	-0.47899	0.0012715
-12.563	-0.42857	0.0013012
-12.563	-0.37815	0.001382
-12.563	-0.32773	0.0014594
-12.563	-0.27731	0.001468
-12.563	-0.22689	0.0015343
-12.563	-0.17647	0.001525
-12.563	-0.12605	0.0015779
-12.563	-0.07563	0.0016239
-12.563	-0.02521	0.0015881
-12.563	0.02521	0.0016182
-12.563	0.07563	0.0015645
-12.563	0.12605	0.0015784
-12.563	0.17647	0.0015837
-12.563	0.22689	0.0015068
-12.563	0.27731	0.0014967
-12.563	0.32773	0.0014073
-12.563	0.37815	0.0013835
-12.563	0.42857	0.0013524
-12.563	0.47899	0.0012502
-12.563	0.52941	0.0012088
-12.563	0.57983	0.0011032
-12.563	0.63025	0.0010546
-12.563	0.68067	0.0010018
-12.515	-0.73109	0.0010223
-12.515	-0.68067	0.0010837
-12.515	-0.63025	0.0011788
-12.515	-0.57983	0.0012743
-12.515	-0.52941	0.001325
-12.515	-0.47899	0.0014161
-12.515	-0.42857	0.0014535
-12.515	-0.37815	0.0015368
-12.515	-0.32773	0.0016157
-12.515	-0.27731	0.0016299
-12.515	-0.22689	0.001696
-12.515	-0.17647	0.0016622
-12.515	-0.12605	0.0017169
-12.515	-0.07563	0.0016953
-12.515	-0.02521	0.0017337
-12.515	0.02521	0.0017634
-12.515	0.07563	0.0017133
-12.515	0.12605	0.0017254
-12.515	0.17647	0.0016571
-12.515	0.22689	0.0016522
-12.515	0.27731	0.0016383
-12.515	0.32773	0.001548
-12.515	0.37815	0.0015192
-12.515	0.42857	0.0014183
-12.515	0.47899	0.0013772
-12.515	0.52941	0.0013295
-12.515	0.57983	0.0012194
-12.515	0.63025	0.0011639
-12.515	0.68067	0.0010534
-12.467	-0.73109	0.0010793
-12.467	-0.68067	0.0011502
-12.467	-0.63025	0.0012494
-12.467	-0.57983	0.0013131
-12.467	-0.52941	0.0014097
-12.467	-0.47899	0.0015044
-12.467	-0.42857	0.0015523
-12.467	-0.37815	0.0016387
-12.467	-0.32773	0.0016699
-12.467	-0.27731	0.0017445
-12.467	-0.22689	0.0018123
-12.467	-0.17647	0.001816
-12.467	-0.12605	0.0018676
-12.467	-0.07563	0.0018493
-12.467	-0.02521	0.001883
-12.467	0.02521	0.001907
-12.467	0.07563	0.0018578
-12.467	0.12605	0.0018629
-12.467	0.17647	0.0017937
-12.467	0.22689	0.0017806
-12.467	0.27731	0.0017579
-12.467	0.32773	0.001665
-12.467	0.37815	0.0016268
-12.467	0.42857	0.0015222
-12.467	0.47899	0.0014715
-12.467	0.52941	0.0013597
-12.467	0.57983	0.0013304
-12.467	0.63025	0.0012679
-12.467	0.68067	0.0011532
-12.467	0.73109	0.001086
-12.42	-0.78151	0.0010744
-12.42	-0.73109	0.0011541
-12.42	-0.68067	0.001256
-12.42	-0.63025	0.001307
-12.42	-0.57983	0.0013805
-12.42	-0.52941	0.00148
-12.42	-0.47899	0.0015428
-12.42	-0.42857	0.0016356
-12.42	-0.37815	0.001724
-12.42	-0.32773	0.0017659
-12.42	-0.27731	0.0018418
-12.42	-0.22689	0.0018639
-12.42	-0.17647	0.0019242
-12.42	-0.12605	0.0019758
-12.42	-0.07563	0.0019667
-12.42	-0.02521	0.0019993
-12.42	0.02521	0.0019668
-12.42	0.07563	0.0019796
-12.42	0.12605	0.0019819
-12.42	0.17647	0.001918
-12.42	0.22689	0.001901
-12.42	0.27731	0.0018179
-12.42	0.32773	0.0017835
-12.42	0.37815	0.0017399
-12.42	0.42857	0.0016359
-12.42	0.47899	0.0015791
-12.42	0.52941	0.0014661
-12.42	0.57983	0.0013995
-12.42	0.63025	0.0013277
-12.42	0.68067	0.0012099
-12.42	0.73109	0.0011341
-12.42	0.78151	0.0010189
-12.372	-0.83193	0.0010057
-12.372	-0.78151	0.0011072
-12.372	-0.73109	0.001195
-12.372	-0.68067	0.0012988
-12.372	-0.63025	0.0014025
-12.372	-0.57983	0.0014842
-12.372	-0.52941	0.0015841
-12.372	-0.47899	0.0016548
-12.372	-0.42857	0.0017467
-12.372	-0.37815	0.0018332
-12.372	-0.32773	0.0018821
-12.372	-0.27731	0.0019547
-12.372	-0.22689	0.0019831
-12.372	-0.17647	0.0020387
-12.372	-0.12605	0.0020442
-12.372	-0.07563	0.0020805
-12.372	-0.02521	0.0021061
-12.372	0.02521	0.0020776
-12.372	0.07563	0.0020824
-12.372	0.12605	0.002034
-12.372	0.17647	0.0020238
-12.372	0.22689	0.0020028
-12.372	0.27731	0.0019251
-12.372	0.32773	0.0018857
-12.372	0.37815	0.0017907
-12.372	0.42857	0.0017359
-12.372	0.47899	0.0016731
-12.372	0.52941	0.0015611
-12.372	0.57983	0.001488
-12.372	0.63025	0.0013703
-12.372	0.68067	0.001291
-12.372	0.73109	0.0012086
-12.372	0.78151	0.0010911
-12.372	0.83193	0.0010083
-12.324	-0.83193	0.001025
-12.324	-0.78151	0.0011272
-12.324	-0.73109	0.0012226
-12.324	-0.68067	0.001327
-12.324	-0.63025	0.0014189
-12.324	-0.57983	0.0015216
-12.324	-0.52941	0.0016218
-12.324	-0.47899	0.0017019
-12.324	-0.42857	0.0017939
-12.324	-0.37815	0.0018592
-12.324	-0.32773	0.0019389
-12.324	-0.27731	0.0020107
-12.324	-0.22689	0.0020492
-12.324	-0.17647	0.0021035
-12.324	-0.12605	0.0021191
-12.324	-0.07563	0.0021534
-12.324	-0.02521	0.0021767
-12.324	0.02521	0.0021576
-12.324	0.07563	0.0021593
-12.324	0.12605	0.0021157
-12.324	0.17647	0.0020963
-12.324	0.22689	0.0020658
-12.324	0.27731	0.001991
-12.324	0.32773	0.001942
-12.324	0.37815	0.0018491
-12.324	0.42857	0.0017848
-12.324	0.47899	0.0016782
-12.324	0.52941	0.0016022
-12.324	0.57983	0.0015205
-12.324	0.63025	0.0014035
-12.324	0.68067	0.0013164
-12.324	0.73109	0.0011981
-12.324	0.78151	0.0011097
-12.324	0.83193	0.0010207
-12.277	-0.83193	0.0010821
-12.277	-0.78151	0.0011845
-12.277	-0.73109	0.0012874
-12.277	-0.68067	0.0013911
-12.277	-0.63025	0.0014904
-12.277	-0.57983	0.0015913
-12.277	-0.52941	0.0016822
-12.277	-0.47899	0.0017758
-12.277	-0.42857	0.0018638
-12.277	-0.37815	0.0018954
-12.277	-0.32773	0.0019738
-12.277	-0.27731	0.0020302
-12.277	-0.22689	0.0020923
-12.277	-0.17647	0.0021446
-12.277	-0.12605	0.00217
-12.277	-0.07563	0.002202
-12.277	-0.02521	0.0022027
-12.277	0.02521	0.0022129
-12.277	0.07563	0.0022113
-12.277	0.12605	0.0021768
-12.277	0.17647	0.0021536
-12.277	0.22689	0.0020955
-12.277	0.27731	0.0020523
-12.277	0.32773	0.0019989
-12.277	0.37815	0.0019128
-12.277	0.42857	0.0018436
-12.277	0.47899	0.0017424
-12.277	0.52941	0.0016611
-12.277	0.57983	0.0015743
-12.277	0.63025	0.0014607
-12.277	0.68067	0.0013683
-12.277	0.73109	0.0012519
-12.277	0.78151	0.0011581
-12.277	0.83193	0.001064
-12.229	-0.83193	0.0010744
-12.229	-0.78151	0.0011815
-12.229	-0.73109	0.0012836
-12.229	-0.68067	0.0013853
-12.229	-0.63025	0.0014919
-12.229	-0.57983	0.0015909
-12.229	-0.52941	0.00169
-12.229	-0.47899	0.0017817
-12.229	-0.42857	0.0018673
-12.229	-0.37815	0.0019485
-12.229	-0.32773	0.0020205
-12.229	-0.27731	0.0020827
-12.229	-0.22689	0.0021374
-12.229	-0.17647	0.0021775
-12.229	-0.12605	0.0022122
-12.229	-0.07563	0.0022354
-12.229	-0.02521	0.0022408
-12.229	0.02521	0.0022418
-12.229	0.07563	0.0022217
-12.229	0.12605	0.0022007
-12.229	0.17647	0.0021681
-12.229	0.22689	0.0021142
-12.229	0.27731	0.0020619
-12.229	0.32773	0.0019872
-12.229	0.37815	0.0019536
-12.229	0.42857	0.0018803
-12.229	0.47899	0.0017857
-12.229	0.52941	0.0017001
-12.229	0.57983	0.0015941
-12.229	0.63025	0.0015006
-12.229	0.68067	0.0014038
-12.229	0.73109	0.0012911
-12.229	0.78151	0.001193
-12.229	0.83193	0.001081
-12.181	-0.88235	0.0010049
-12.181	-0.83193	0.001053
-12.181	-0.78151	0.0011641
-12.181	-0.73109	0.0012633
-12.181	-0.68067	0.0013757
-12.181	-0.63025	0.0014743
-12.181	-0.57983	0.00157
-12.181	-0.52941	0.0016765
-12.181	-0.47899	0.001765
-12.181	-0.42857	0.0018603
-12.181	-0.37815	0.0019373
-12.181	-0.32773	0.002006
-12.181	-0.27731	0.0020778
-12.181	-0.22689	0.0021293
-12.181	-0.17647	0.0021793
-12.181	-0.12605	0.0022108
-12.181	-0.07563	0.0022307
-12.181	-0.02521	0.0022462
-12.181	0.02521	0.0022439
-12.181	0.07563	0.0022336
-12.181	0.12605	0.0022092
-12.181	0.17647	0.0021733
-12.181	0.22689	0.0021286
-12.181	0.27731	0.0020729
-12.181	0.32773	0.0020066
-12.181	0.37815	0.001934
-12.181	0.42857	0.0018534
-12.181	0.47899	0.0017638
-12.181	0.52941	0.0016721
-12.181	0.57983	0.0015711
-12.181	0.63025	0.0014724
-12.181	0.68067	0.001365
-12.181	0.73109	0.0012639
-12.181	0.78151	0.0011624
-12.181	0.83193	0.0010555
-12.133	-0.83193	0.0010653
-12.133	-0.78151	0.0011799
-12.133	-0.73109	0.0012746
-12.133	-0.68067	0.0013911
-12.133	-0.63025	0.0014841
-12.133	-0.57983	0.0015974
-12.133	-0.52941	0.0016845
-12.133	-0.47899	0.0017658
-12.133	-0.42857	0.0018659
-12.133	-0.37815	0.0019349
-12.133	-0.32773	0.0020192
-12.133	-0.27731	0.002072
-12.133	-0.22689	0.0021145
-12.133	-0.17647	0.0021697
-12.133	-0.12605	0.0021919
-12.133	-0.07563	0.0022182
-12.133	-0.02521	0.0022245
-12.133	0.02521	0.002219
-12.133	0.07563	0.002219
-12.133	0.12605	0.0021915
-12.133	0.17647	0.0021663
-12.133	0.22689	0.002118
-12.133	0.27731	0.0020596
-12.133	0.32773	0.0020026
-12.133	0.37815	0.0019273
-12.133	0.42857	0.0018517
-12.133	0.47899	0.0017632
-12.133	0.52941	0.0016691
-12.133	0.57983	0.0015755
-12.133	0.63025	0.0014746
-12.133	0.68067	0.0013735
-12.133	0.73109	0.0012701
-12.133	0.78151	0.0011668
-12.133	0.83193	0.0010647
-12.086	-0.83193	0.0010429
-12.086	-0.78151	0.001133
-12.086	-0.73109	0.0012225
-12.086	-0.68067	0.0013407
-12.086	-0.63025	0.0014285
-12.086	-0.57983	0.0015452
-12.086	-0.52941	0.0016272
-12.086	-0.47899	0.0017034
-12.086	-0.42857	0.001809
-12.086	-0.37815	0.0018732
-12.086	-0.32773	0.0019648
-12.086	-0.27731	0.0020132
-12.086	-0.22689	0.0020862
-12.086	-0.17647	0.0021158
-12.086	-0.12605	0.0021343
-12.086	-0.07563	0.0021753
-12.086	-0.02521	0.0021724
-12.086	0.02521	0.0021883
-12.086	0.07563	0.0021637
-12.086	0.12605	0.002128
-12.086	0.17647	0.0021087
-12.086	0.22689	0.0020531
-12.086	0.27731	0.0020104
-12.086	0.32773	0.0019375
-12.086	0.37815	0.0018567
-12.086	0.42857	0.0017875
-12.086	0.47899	0.0016948
-12.086	0.52941	0.0016113
-12.086	0.57983	0.0015107
-12.086	0.63025	0.0014077
-12.086	0.68067	0.0013656
-12.086	0.73109	0.0012612
-12.086	0.78151	0.0011637
-12.086	0.83193	0.0010611
-12.038	-0.83193	0.001033
-12.038	-0.78151	0.001117
-12.038	-0.73109	0.0012345
-12.038	-0.68067	0.0013179
-12.038	-0.63025	0.001398
-12.038	-0.57983	0.0015151
-12.038	-0.52941	0.0015525
-12.038	-0.47899	0.0016652
-12.038	-0.42857	0.0017318
-12.038	-0.37815	0.0017906
-12.038	-0.32773	0.0018873
-12.038	-0.27731	0.001931
-12.038	-0.22689	0.0020109
-12.038	-0.17647	0.0020364
-12.038	-0.12605	0.0020511
-12.038	-0.07563	0.0021011
-12.038	-0.02521	0.0020952
-12.038	0.02521	0.0021211
-12.038	0.07563	0.0020942
-12.038	0.12605	0.0020565
-12.038	0.17647	0.0020482
-12.038	0.22689	0.0019912
-12.038	0.27731	0.0019596
-12.038	0.32773	0.0018856
-12.038	0.37815	0.0018044
-12.038	0.42857	0.0017457
-12.038	0.47899	0.0016528
-12.038	0.52941	0.0015789
-12.038	0.57983	0.0014783
-12.038	0.63025	0.0013937
-12.038	0.68067	0.0012897
-12.038	0.73109	0.0011857
-12.038	0.78151	0.0010958
-11.99	-0.78151	0.0010466
-11.99	-0.73109	0.0011623
-11.99	-0.68067	0.0012392
-11.99	-0.63025	0.0013568
-11.99	-0.57983	0.0014293
-11.99	-0.52941	0.0014965
-11.99	-0.47899	0.0016083
-11.99	-0.42857	0.0016653
-11.99	-0.37815	0.0017676
-11.99	-0.32773	0.0018109
-11.99	-0.27731	0.0018449
-11.99	-0.22689	0.0019257
-11.99	-0.17647	0.0019419
-11.99	-0.12605	0.0020035
-11.99	-0.07563	0.0020001
-11.99	-0.02521	0.0019861
-11.99	0.02521	0.0020161
-11.99	0.07563	0.0019821
-11.99	0.12605	0.0019887
-11.99	0.17647	0.0019356
-11.99	0.22689	0.0019058
-11.99	0.27731	0.0018852
-11.99	0.32773	0.0018113
-11.99	0.37815	0.0017701
-11.99	0.42857	0.0016831
-11.99	0.47899	0.0015911
-11.99	0.52941	0.0015278
-11.99	0.57983	0.0014284
-11.99	0.63025	0.0013535
-11.99	0.68067	0.0012508
-11.99	0.73109	0.0011484
-11.99	0.78151	0.0010667
-11.943	-0.73109	0.0010808
-11.943	-0.68067	0.0011508
-11.943	-0.63025	0.0012662
-11.943	-0.57983	0.001332
-11.943	-0.52941	0.0013926
-11.943	-0.47899	0.0015037
-11.943	-0.42857	0.0015547
-11.943	-0.37815	0.0016578
-11.943	-0.32773	0.0016958
-11.943	-0.27731	0.001725
-11.943	-0.22689	0.0018088
-11.943	-0.17647	0.0018211
-11.943	-0.12605	0.0018875
-11.943	-0.07563	0.0018814
-11.943	-0.02521	0.0019277
-11.943	0.02521	0.0019024
-11.943	0.07563	0.0018674
-11.943	0.12605	0.0018828
-11.943	0.17647	0.0018297
-11.943	0.22689	0.0018233
-11.943	0.27731	0.001754
-11.943	0.32773	0.0016781
-11.943	0.37815	0.0016444
-11.943	0.42857	0.0015567
-11.943	0.47899	0.0015065
-11.943	0.52941	0.0014106
-11.943	0.57983	0.001313
-11.943	0.63025	0.0012473
-11.943	0.68067	0.0011474
-11.943	0.73109	0.0010747
-11.895	-0.73109	0.0010237
-11.895	-0.68067	0.0010849
-11.895	-0.63025	0.0011967
-11.895	-0.57983	0.0012531
-11.895	-0.52941	0.0013635
-11.895	-0.47899	0.0014117
-11.895	-0.42857	0.0014531
-11.895	-0.37815	0.0015532
-11.895	-0.32773	0.0015818
-11.895	-0.27731	0.0016703
-11.895	-0.22689	0.0016781
-11.895	-0.17647	0.0016869
-11.895	-0.12605	0.0017564
-11.895	-0.07563	0.0017479
-11.895	-0.02521	0.0017992
-11.895	0.02521	0.0017726
-11.895	0.07563	0.0017371
-11.895	0.12605	0.0017597
-11.895	0.17647	0.0017073
-11.895	0.22689	0.0017096
-11.895	0.27731	0.001642
-11.895	0.32773	0.0015683
-11.895	0.37815	0.0015446
-11.895	0.42857	0.0014599
-11.895	0.47899	0.0014202
-11.895	0.52941	0.0013278
-11.895	0.57983	0.0012751
-11.895	0.63025	0.0011787
-11.895	0.68067	0.0010827
-11.895	0.73109	0.0010197
-11.847	-0.68067	0.0010329
-11.847	-0.63025	0.0010868
-11.847	-0.57983	0.0011363
-11.847	-0.52941	0.0012432
-11.847	-0.47899	0.0012851
-11.847	-0.42857	0.0013877
-11.847	-0.37815	0.001419
-11.847	-0.32773	0.0014428
-11.847	-0.27731	0.0015313
-11.847	-0.22689	0.0015409
-11.847	-0.17647	0.001616
-11.847	-0.12605	0.0016097
-11.847	-0.07563	0.0015949
-11.847	-0.02521	0.0016457
-11.847	0.02521	0.0016143
-11.847	0.07563	0.0016467
-11.847	0.12605	0.0015993
-11.847	0.17647	0.0015448
-11.847	0.22689	0.0015506
-11.847	0.27731	0.0014827
-11.847	0.32773	0.0014709
-11.847	0.37815	0.0013919
-11.847	0.42857	0.0013097
-11.847	0.47899	0.0012772
-11.847	0.52941	0.0012331
-11.847	0.57983	0.0011903
-11.847	0.63025	0.0010986
-11.847	0.68067	0.0010076
-11.8	-0.57983	0.0010157
-11.8	-0.52941	0.0011175
-11.8	-0.47899	0.0011532
-11.8	-0.42857	0.0012523
-11.8	-0.37815	0.0012783
-11.8	-0.32773	0.0012974
-11.8	-0.27731	0.0013846
-11.8	-0.22689	0.0013908
-11.8	-0.17647	0.0014663
-11.8	-0.12605	0.0014581
-11.8	-0.07563	0.0015192
-11.8	-0.02521	0.0014956
-11.8	0.02521	0.0014645
-11.8	0.07563	0.0015013
-11.8	0.12605	0.0014555
-11.8	0.17647	0.0014749
-11.8	0.22689	0.0014156
-11.8	0.27731	0.0013511
-11.8	0.32773	0.0013469
-11.8	0.37815	0.0012724
-11.8	0.42857	0.0012532
-11.8	0.47899	0.0011713
-11.8	0.52941	0.0010882
-11.8	0.57983	0.001053
-11.752	-0.52941	0.0010053
-11.752	-0.47899	0.0010325
-11.752	-0.42857	0.0011248
-11.752	-0.37815	0.0011428
-11.752	-0.32773	0.0012294
-11.752	-0.27731	0.0012361
-11.752	-0.22689	0.0012358
-11.752	-0.17647	0.0013074
-11.752	-0.12605	0.001294
-11.752	-0.07563	0.0013527
-11.752	-0.02521	0.0013256
-11.752	0.02521	0.0013095
-11.752	0.07563	0.0013499
-11.752	0.12605	0.0013061
-11.752	0.17647	0.0013306
-11.752	0.22689	0.0012746
-11.752	0.27731	0.0012143
-11.752	0.32773	0.0012168
-11.752	0.37815	0.0011473
-11.752	0.42857	0.0011358
-11.752	0.47899	0.0010596
-11.752	0.52941	0.001036
-11.704	-0.32773	0.0010797
-11.704	-0.27731	0.0010833
-11.704	-0.22689	0.0011581
-11.704	-0.17647	0.0011502
-11.704	-0.12605	0.001136
-11.704	-0.07563	0.0011946
-11.704	-0.02521	0.0011682
-11.704	0.02521	0.001214
-11.704	0.07563	0.0011755
-11.704	0.12605	0.0011319
-11.704	0.17647	0.0011572
-11.704	0.22689	0.0011032
-11.704	0.27731	0.0011144
-11.704	0.32773	0.0010517
-11.657	-0.22689	0.0010047
-11.657	-0.07563	0.001038
-11.657	-0.02521	0.0010128
-11.657	0.02521	0.0010589
-11.657	0.07563	0.001023
-11.657	0.12605	0.001057
-11.657	0.17647	0.001011
-9.6067	-0.27731	0.0010353
-9.6067	-0.22689	0.0010917
-9.6067	-0.17647	0.0010704
-9.6067	-0.12605	0.0011177
-9.6067	-0.07563	0.0010824
-9.6067	-0.02521	0.0011195
-9.6067	0.02521	0.0011504
-9.6067	0.07563	0.0010969
-9.6067	0.12605	0.0011165
-9.6067	0.17647	0.0010514
-9.6067	0.22689	0.00106
-9.6067	0.27731	0.0010616
-9.559	-0.42857	0.001029
-9.559	-0.37815	0.0010961
-9.559	-0.32773	0.0011046
-9.559	-0.27731	0.0011648
-9.559	-0.22689	0.0011594
-9.559	-0.17647	0.0012105
-9.559	-0.12605	0.0012558
-9.559	-0.07563	0.0012308
-9.559	-0.02521	0.0012646
-9.559	0.02521	0.0012244
-9.559	0.07563	0.001246
-9.559	0.12605	0.00126
-9.559	0.17647	0.0012012
-9.559	0.22689	0.001203
-9.559	0.27731	0.0011325
-9.559	0.32773	0.0011231
-9.559	0.37815	0.0011065
-9.559	0.42857	0.0010248
-9.5113	-0.52941	0.0010488
-9.5113	-0.47899	0.0010847
-9.5113	-0.42857	0.0011519
-9.5113	-0.37815	0.001215
-9.5113	-0.32773	0.0012362
-9.5113	-0.27731	0.0012908
-9.5113	-0.22689	0.0012973
-9.5113	-0.17647	0.0013414
-9.5113	-0.12605	0.0013782
-9.5113	-0.07563	0.0013641
-9.5113	-0.02521	0.0013881
-9.5113	0.02521	0.0013575
-9.5113	0.07563	0.001364
-9.5113	0.12605	0.00132
-9.5113	0.17647	0.001322
-9.5113	0.22689	0.0013154
-9.5113	0.27731	0.0012534
-9.5113	0.32773	0.001235
-9.5113	0.37815	0.0011619
-9.5113	0.42857	0.0011334
-9.5113	0.47899	0.0010982
-9.5113	0.52941	0.001016
-9.4636	-0.57983	0.001023
-9.4636	-0.52941	0.001091
-9.4636	-0.47899	0.0011417
-9.4636	-0.42857	0.0012046
-9.4636	-0.37815	0.0012441
-9.4636	-0.32773	0.0012992
-9.4636	-0.27731	0.0013477
-9.4636	-0.22689	0.00137
-9.4636	-0.17647	0.0014073
-9.4636	-0.12605	0.0014133
-9.4636	-0.07563	0.0014379
-9.4636	-0.02521	0.0014535
-9.4636	0.02521	0.0014379
-9.4636	0.07563	0.0014397
-9.4636	0.12605	0.0014074
-9.4636	0.17647	0.0013957
-9.4636	0.22689	0.0013752
-9.4636	0.27731	0.0013238
-9.4636	0.32773	0.0012916
-9.4636	0.37815	0.0012279
-9.4636	0.42857	0.001186
-9.4636	0.47899	0.0011377
-9.4636	0.52941	0.0010637
-9.4636	0.57983	0.0010095
-9.416	-0.57983	0.001062
-9.416	-0.52941	0.0011278
-9.416	-0.47899	0.0011859
-9.416	-0.42857	0.0012381
-9.416	-0.37815	0.0012684
-9.416	-0.32773	0.0013154
-9.416	-0.27731	0.001358
-9.416	-0.22689	0.0013945
-9.416	-0.17647	0.0014225
-9.416	-0.12605	0.0014459
-9.416	-0.07563	0.0014608
-9.416	-0.02521	0.0014669
-9.416	0.02521	0.0014681
-9.416	0.07563	0.0014596
-9.416	0.12605	0.0014439
-9.416	0.17647	0.001422
-9.416	0.22689	0.0013899
-9.416	0.27731	0.0013556
-9.416	0.32773	0.0013134
-9.416	0.37815	0.001264
-9.416	0.42857	0.0012125
-9.416	0.47899	0.001152
-9.416	0.52941	0.0010936
-9.416	0.57983	0.0010307
-9.3683	-0.57983	0.0010226
-9.3683	-0.52941	0.0011015
-9.3683	-0.47899	0.0011494
-9.3683	-0.42857	0.0011907
-9.3683	-0.37815	0.0012611
-9.3683	-0.32773	0.0012932
-9.3683	-0.27731	0.0013517
-9.3683	-0.22689	0.0013727
-9.3683	-0.17647	0.0013844
-9.3683	-0.12605	0.0014247
-9.3683	-0.07563	0.0014234
-9.3683	-0.02521	0.0014466
-9.3683	0.02521	0.0014318
-9.3683	0.07563	0.0014373
-9.3683	0.12605	0.0014092
-9.3683	0.17647	0.0013723
-9.3683	0.22689	0.0013571
-9.3683	0.27731	0.001309
-9.3683	0.32773	0.0012785
-9.3683	0.37815	0.0012506
-9.3683	0.42857	0.0011902
-9.3683	0.47899	0.001146
-9.3683	0.52941	0.0010796
-9.3683	0.57983	0.0010256
-9.3206	-0.52941	0.0010278
-9.3206	-0.47899	0.001063
-9.3206	-0.42857	0.0011472
-9.3206	-0.37815	0.0011744
-9.3206	-0.32773	0.0011933
-9.3206	-0.27731	0.0012674
-9.3206	-0.22689	0.0012755
-9.3206	-0.17647	0.001337
-9.3206	-0.12605	0.0013329
-9.3206	-0.07563	0.0013194
-9.3206	-0.02521	0.0013623
-9.3206	0.02521	0.0013361
-9.3206	0.07563	0.001362
-9.3206	0.12605	0.0013235
-9.3206	0.17647	0.0012768
-9.3206	0.22689	0.0012824
-9.3206	0.27731	0.0012257
-9.3206	0.32773	0.0012153
-9.3206	0.37815	0.0011504
-9.3206	0.42857	0.0010809
-9.3206	0.47899	0.0010552
-9.2729	-0.42857	0.0010303
-9.2729	-0.37815	0.0010392
-9.2729	-0.32773	0.0011258
-9.2729	-0.27731	0.0011247
-9.2729	-0.22689	0.0011149
-9.2729	-0.17647	0.00119
-9.2729	-0.12605	0.0011689
-9.2729	-0.07563	0.0012443
-9.2729	-0.02521	0.0012158
-9.2729	0.02521	0.001179
-9.2729	0.07563	0.0012248
-9.2729	0.12605	0.001177
-9.2729	0.17647	0.0012067
-9.2729	0.22689	0.0011491
-9.2729	0.27731	0.0010858
-9.2729	0.32773	0.0010968
-9.2729	0.37815	0.0010268
-9.2729	0.42857	0.0010233
-9.2253	-0.07563	0.001035
-9.2253	0.07563	0.001005
-8.7962	-0.68067	0.0010332
-8.7962	-0.63025	0.0012513
-8.7962	-0.57983	0.001117
-8.7962	-0.52941	0.0013403
-8.7962	-0.47899	0.0011768
-8.7962	-0.42857	0.0014
-8.7962	-0.37815	0.0015204
-8.7962	-0.32773	0.0013161
-8.7962	-0.27731	0.0015442
-8.7962	-0.22689	0.0013162
-8.7962	-0.17647	0.0015325
-8.7962	-0.12605	0.0017643
-8.7962	-0.07563	0.0014869
-8.7962	-0.02521	0.0016989
-8.7962	0.02521	0.0014106
-8.7962	0.07563	0.0015998
-8.7962	0.12605	0.0013083
-8.7962	0.17647	0.001473
-8.7962	0.22689	0.0016393
-8.7962	0.27731	0.0013256
-8.7962	0.32773	0.001464
-8.7962	0.37815	0.0011653
-8.7962	0.42857	0.0012768
-8.7962	0.47899	0.0013827
-8.7962	0.52941	0.0010866
-8.7962	0.57983	0.0011667
-8.7962	0.73109	0.0010076
-8.7485	-0.93277	0.0011107
-8.7485	-0.88235	0.0010664
-8.7485	-0.83193	0.0013045
-8.7485	-0.78151	0.0015785
-8.7485	-0.73109	0.0014861
-8.7485	-0.68067	0.0017778
-8.7485	-0.63025	0.0016456
-8.7485	-0.57983	0.0019481
-8.7485	-0.52941	0.0022838
-8.7485	-0.47899	0.0020805
-8.7485	-0.42857	0.0024157
-8.7485	-0.37815	0.002168
-8.7485	-0.32773	0.0024946
-8.7485	-0.27731	0.0028439
-8.7485	-0.22689	0.0025172
-8.7485	-0.17647	0.0028448
-8.7485	-0.12605	0.0024835
-8.7485	-0.07563	0.002783
-8.7485	-0.02521	0.0030906
-8.7485	0.02521	0.0026633
-8.7485	0.07563	0.0029328
-8.7485	0.12605	0.0024934
-8.7485	0.17647	0.0027226
-8.7485	0.22689	0.0029462
-8.7485	0.27731	0.0024719
-8.7485	0.32773	0.0026515
-8.7485	0.37815	0.0021201
-8.7485	0.42857	0.0022644
-8.7485	0.47899	0.0023958
-8.7485	0.52941	0.0019536
-8.7485	0.57983	0.0020473
-8.7485	0.63025	0.0016439
-8.7485	0.68067	0.0017056
-8.7485	0.73109	0.0017518
-8.7485	0.78151	0.0013829
-8.7485	0.83193	0.0014044
-8.7485	0.88235	0.0010891
-8.7485	0.93277	0.0010924
-8.7008	-1.1345	0.0010119
-8.7008	-1.084	0.0012614
-8.7008	-1.0336	0.0015544
-8.7008	-0.98319	0.0015601
-8.7008	-0.93277	0.0018934
-8.7008	-0.88235	0.0016979
-8.7008	-0.83193	0.0020429
-8.7008	-0.78151	0.0024342
-8.7008	-0.73109	0.0023525
-8.7008	-0.68067	0.0027696
-8.7008	-0.63025	0.0026336
-8.7008	-0.57983	0.0030664
-8.7008	-0.52941	0.0035397
-8.7008	-0.47899	0.0033088
-8.7008	-0.42857	0.0037809
-8.7008	-0.37815	0.0034836
-8.7008	-0.32773	0.0039424
-8.7008	-0.27731	0.0035822
-8.7008	-0.22689	0.0040164
-8.7008	-0.17647	0.0044675
-8.7008	-0.12605	0.0040005
-8.7008	-0.07563	0.0044098
-8.7008	-0.02521	0.0038975
-8.7008	0.02521	0.0042581
-8.7008	0.07563	0.0046157
-8.7008	0.12605	0.0040228
-8.7008	0.17647	0.0043216
-8.7008	0.22689	0.0037183
-8.7008	0.27731	0.0039583
-8.7008	0.32773	0.0041804
-8.7008	0.37815	0.0035452
-8.7008	0.42857	0.0037087
-8.7008	0.47899	0.0031028
-8.7008	0.52941	0.003214
-8.7008	0.57983	0.0033012
-8.7008	0.63025	0.0027176
-8.7008	0.68067	0.0027615
-8.7008	0.73109	0.0022387
-8.7008	0.78151	0.0022489
-8.7008	0.83193	0.0022381
-8.7008	0.88235	0.0017791
-8.7008	0.93277	0.0017474
-8.7008	0.98319	0.0013634
-8.7008	1.0336	0.0013196
-8.7008	1.084	0.001263
-8.6532	-1.2353	0.0011149
-8.6532	-1.1849	0.0014018
-8.6532	-1.1345	0.0014737
-8.6532	-1.084	0.0018172
-8.6532	-1.0336	0.001869
-8.6532	-0.98319	0.0022664
-8.6532	-0.93277	0.0027211
-8.6532	-0.88235	0.0027317
-8.6532	-0.83193	0.0032342
-8.6532	-0.78151	0.0031924
-8.6532	-0.73109	0.003732
-8.6532	-0.68067	0.0043264
-8.6532	-0.63025	0.0041896
-8.6532	-0.57983	0.0048022
-8.6532	-0.52941	0.0045829
-8.6532	-0.47899	0.0051974
-8.6532	-0.42857	0.0058499
-8.6532	-0.37815	0.0054905
-8.6532	-0.32773	0.0061186
-8.6532	-0.27731	0.0056658
-8.6532	-0.22689	0.0062536
-8.6532	-0.17647	0.006853
-8.6532	-0.12605	0.0062489
-8.6532	-0.07563	0.0065168
-8.6532	-0.02521	0.0058728
-8.6532	0.02521	0.0063396
-8.6532	0.07563	0.0067951
-8.6532	0.12605	0.0060333
-8.6532	0.17647	0.0064069
-8.6532	0.22689	0.0056172
-8.6532	0.27731	0.0059093
-8.6532	0.32773	0.0051152
-8.6532	0.37815	0.0053299
-8.6532	0.42857	0.0055124
-8.6532	0.47899	0.0046985
-8.6532	0.52941	0.0048104
-8.6532	0.57983	0.0040448
-8.6532	0.63025	0.0040973
-8.6532	0.68067	0.0041173
-8.6532	0.73109	0.0034018
-8.6532	0.78151	0.0033785
-8.6532	0.83193	0.0027479
-8.6532	0.88235	0.0026946
-8.6532	0.93277	0.0026182
-8.6532	0.98319	0.0020834
-8.6532	1.0336	0.0019944
-8.6532	1.084	0.0015559
-8.6532	1.1345	0.0014647
-8.6532	1.1849	0.0013629
-8.6532	1.2353	0.0010313
-8.6055	-1.3361	0.0010888
-8.6055	-1.2857	0.0012063
-8.6055	-1.2353	0.0015251
-8.6055	-1.1849	0.0019033
-8.6055	-1.1345	0.0020322
-8.6055	-1.084	0.002486
-8.6055	-1.0336	0.0025965
-8.6055	-0.98319	0.0031224
-8.6055	-0.93277	0.0031987
-8.6055	-0.88235	0.0037889
-8.6055	-0.83193	0.0044486
-8.6055	-0.78151	0.0044576
-8.6055	-0.73109	0.0051662
-8.6055	-0.68067	0.0050975
-8.6055	-0.63025	0.0058377
-8.6055	-0.57983	0.0066347
-8.6055	-0.52941	0.006429
-8.6055	-0.47899	0.0072277
-8.6055	-0.42857	0.0069088
-8.6055	-0.37815	0.007687
-8.6055	-0.32773	0.0084937
-8.6055	-0.27731	0.0079877
-8.6055	-0.22689	0.0087395
-8.6055	-0.17647	0.0081138
-8.6055	-0.12605	0.0087925
-8.6055	-0.07563	0.0094647
-8.6055	-0.02521	0.0086515
-8.6055	0.02521	0.0092251
-8.6055	0.07563	0.0083269
-8.6055	0.12605	0.0087955
-8.6055	0.17647	0.0092287
-8.6055	0.22689	0.0082022
-8.6055	0.27731	0.0085236
-8.6055	0.32773	0.0074798
-8.6055	0.37815	0.0076967
-8.6055	0.42857	0.0078651
-8.6055	0.47899	0.0067912
-8.6055	0.52941	0.0068679
-8.6055	0.57983	0.0058508
-8.6055	0.63025	0.0058524
-8.6055	0.68067	0.0058367
-8.6055	0.73109	0.004893
-8.6055	0.78151	0.0048185
-8.6055	0.83193	0.0039785
-8.6055	0.88235	0.0038681
-8.6055	0.93277	0.0031416
-8.6055	0.98319	0.0030117
-8.6055	1.0336	0.00286
-8.6055	1.084	0.0022667
-8.6055	1.1345	0.0021167
-8.6055	1.1849	0.0016415
-8.6055	1.2353	0.0015033
-8.6055	1.2857	0.0013594
-8.6055	1.3361	0.001017
-8.5578	-1.3866	0.0012467
-8.5578	-1.3361	0.001598
-8.5578	-1.2857	0.0017856
-8.5578	-1.2353	0.0022302
-8.5578	-1.1849	0.0024243
-8.5578	-1.1345	0.0029642
-8.5578	-1.084	0.0035856
-8.5578	-1.0336	0.0037799
-8.5578	-0.98319	0.0044953
-8.5578	-0.93277	0.0046495
-8.5578	-0.88235	0.0054472
-8.5578	-0.83193	0.0063287
-8.5578	-0.78151	0.006402
-8.5578	-0.73109	0.007342
-8.5578	-0.68067	0.0073167
-8.5578	-0.63025	0.008291
-8.5578	-0.57983	0.0088019
-8.5578	-0.52941	0.0086317
-8.5578	-0.47899	0.0096384
-8.5578	-0.42857	0.0093279
-8.5578	-0.37815	0.010306
-8.5578	-0.32773	0.0098474
-8.5578	-0.27731	0.010771
-8.5578	-0.22689	0.011704
-8.5578	-0.17647	0.011006
-8.5578	-0.12605	0.011843
-8.5578	-0.07563	0.011
-8.5578	-0.02521	0.011723
-8.5578	0.02521	0.012416
-8.5578	0.07563	0.011352
-8.5578	0.12605	0.011908
-8.5578	0.17647	0.010753
-8.5578	0.22689	0.011171
-8.5578	0.27731	0.011531
-8.5578	0.32773	0.010247
-8.5578	0.37815	0.010472
-8.5578	0.42857	0.0091861
-8.5578	0.47899	0.0092917
-8.5578	0.52941	0.0093347
-8.5578	0.57983	0.0080493
-8.5578	0.63025	0.0079978
-8.5578	0.68067	0.0068004
-8.5578	0.73109	0.0066784
-8.5578	0.78151	0.0065087
-8.5578	0.83193	0.0054261
-8.5578	0.88235	0.0052193
-8.5578	0.93277	0.0042801
-8.5578	0.98319	0.0040579
-8.5578	1.0336	0.003812
-8.5578	1.084	0.0030485
-8.5578	1.1345	0.0028147
-8.5578	1.1849	0.0022026
-8.5578	1.2353	0.0019932
-8.5578	1.2857	0.0017812
-8.5578	1.3361	0.0013433
-8.5578	1.3866	0.0011689
-8.5101	-1.4874	0.001011
-8.5101	-1.437	0.0012051
-8.5101	-1.3866	0.0015647
-8.5101	-1.3361	0.0017944
-8.5101	-1.2857	0.002262
-8.5101	-1.2353	0.0028135
-8.5101	-1.1849	0.0030962
-8.5101	-1.1345	0.0037682
-8.5101	-1.084	0.0040496
-8.5101	-1.0336	0.0048381
-8.5101	-0.98319	0.0057258
-8.5101	-0.93277	0.0059877
-8.5101	-0.88235	0.0069789
-8.5101	-0.83193	0.0071726
-8.5101	-0.78151	0.0082458
-8.5101	-0.73109	0.0094074
-8.5101	-0.68067	0.0094702
-8.5101	-0.63025	0.010674
-8.5101	-0.57983	0.010595
-8.5101	-0.52941	0.011806
-8.5101	-0.47899	0.013067
-8.5101	-0.42857	0.012748
-8.5101	-0.37815	0.013961
-8.5101	-0.32773	0.013452
-8.5101	-0.27731	0.014583
-8.5101	-0.22689	0.01571
-8.5101	-0.17647	0.014899
-8.5101	-0.12605	0.015894
-8.5101	-0.07563	0.014894
-8.5101	-0.02521	0.015735
-8.5101	0.02521	0.016523
-8.5101	0.07563	0.015244
-8.5101	0.12605	0.015852
-8.5101	0.17647	0.014205
-8.5101	0.22689	0.014673
-8.5101	0.27731	0.013232
-8.5101	0.32773	0.013533
-8.5101	0.37815	0.013755
-8.5101	0.42857	0.0122
-8.5101	0.47899	0.012272
-8.5101	0.52941	0.010741
-8.5101	0.57983	0.010689
-8.5101	0.63025	0.010563
-8.5101	0.68067	0.0090787
-8.5101	0.73109	0.0088678
-8.5101	0.78151	0.0075095
-8.5101	0.83193	0.0072433
-8.5101	0.88235	0.0069318
-8.5101	0.93277	0.0057445
-8.5101	0.98319	0.0054188
-8.5101	1.0336	0.0044109
-8.5101	1.084	0.0040943
-8.5101	1.1345	0.0037629
-8.5101	1.1849	0.0029768
-8.5101	1.2353	0.0026821
-8.5101	1.2857	0.0020697
-8.5101	1.3361	0.0018211
-8.5101	1.3866	0.0015791
-8.5101	1.437	0.0011652
-8.4625	-1.5378	0.0010518
-8.4625	-1.4874	0.0014021
-8.4625	-1.437	0.0016764
-8.4625	-1.3866	0.0021531
-8.4625	-1.3361	0.0024811
-8.4625	-1.2857	0.0030966
-8.4625	-1.2353	0.0038153
-8.4625	-1.1849	0.004224
-8.4625	-1.1345	0.0050945
-8.4625	-1.084	0.0055115
-8.4625	-1.0336	0.006005
-8.4625	-0.98319	0.0063889
-8.4625	-0.93277	0.0074787
-8.4625	-0.88235	0.0086806
-8.4625	-0.83193	0.0090101
-8.4625	-0.78151	0.010313
-8.4625	-0.73109	0.010534
-8.4625	-0.68067	0.011904
-8.4625	-0.63025	0.013357
-8.4625	-0.57983	0.013378
-8.4625	-0.52941	0.01484
-8.4625	-0.47899	0.014665
-8.4625	-0.42857	0.01609
-8.4625	-0.37815	0.017542
-8.4625	-0.32773	0.017046
-8.4625	-0.27731	0.018394
-8.4625	-0.22689	0.017661
-8.4625	-0.17647	0.018867
-8.4625	-0.12605	0.020036
-8.4625	-0.07563	0.018938
-8.4625	-0.02521	0.019915
-8.4625	0.02521	0.018606
-8.4625	0.07563	0.019376
-8.4625	0.12605	0.020058
-8.4625	0.17647	0.01845
-8.4625	0.22689	0.018912
-8.4625	0.27731	0.017186
-8.4625	0.32773	0.017441
-8.4625	0.37815	0.017591
-8.4625	0.42857	0.015722
-8.4625	0.47899	0.015692
-8.4625	0.52941	0.013842
-8.4625	0.57983	0.013664
-8.4625	0.63025	0.0134
-8.4625	0.68067	0.011601
-8.4625	0.73109	0.011241
-8.4625	0.78151	0.0095875
-8.4625	0.83193	0.0091721
-8.4625	0.88235	0.0076979
-8.4625	0.93277	0.007262
-8.4625	0.98319	0.0070312
-8.4625	1.0336	0.0057788
-8.4625	1.084	0.0053427
-8.4625	1.1345	0.0043045
-8.4625	1.1849	0.0039077
-8.4625	1.2353	0.0035086
-8.4625	1.2857	0.0027349
-8.4625	1.3361	0.0023989
-8.4625	1.3866	0.0018158
-8.4625	1.437	0.0015475
-8.4625	1.4874	0.0012957
-8.4148	-1.5378	0.0012353
-8.4148	-1.4874	0.0015234
-8.4148	-1.437	0.0019888
-8.4148	-1.3866	0.0025502
-8.4148	-1.3361	0.0029683
-8.4148	-1.2857	0.0036959
-8.4148	-1.2353	0.0041754
-8.4148	-1.1849	0.0050769
-8.4148	-1.1345	0.0061056
-8.4148	-1.084	0.0066681
-8.4148	-1.0336	0.007872
-8.4148	-0.98319	0.0084248
-8.4148	-0.93277	0.0097859
-8.4148	-0.88235	0.011274
-8.4148	-0.83193	0.011774
-8.4148	-0.78151	0.013377
-8.4148	-0.73109	0.01375
-8.4148	-0.68067	0.015425
-8.4148	-0.63025	0.017186
-8.4148	-0.57983	0.017318
-8.4148	-0.52941	0.019075
-8.4148	-0.47899	0.018963
-8.4148	-0.42857	0.020659
-8.4148	-0.37815	0.020276
-8.4148	-0.32773	0.02186
-8.4148	-0.27731	0.022647
-8.4148	-0.22689	0.02191
-8.4148	-0.17647	0.023314
-8.4148	-0.12605	0.022291
-8.4148	-0.07563	0.023485
-8.4148	-0.02521	0.024599
-8.4148	0.02521	0.023157
-8.4148	0.07563	0.024019
-8.4148	0.12605	0.022352
-8.4148	0.17647	0.022957
-8.4148	0.22689	0.023441
-8.4148	0.27731	0.021473
-8.4148	0.32773	0.021706
-8.4148	0.37815	0.019644
-8.4148	0.42857	0.019653
-8.4148	0.47899	0.019541
-8.4148	0.52941	0.017385
-8.4148	0.57983	0.017097
-8.4148	0.63025	0.015006
-8.4148	0.68067	0.014589
-8.4148	0.73109	0.014085
-8.4148	0.78151	0.012121
-8.4148	0.83193	0.011554
-8.4148	0.88235	0.0097851
-8.4148	0.93277	0.0091987
-8.4148	0.98319	0.0085763
-8.4148	1.0336	0.007087
-8.4148	1.084	0.0065005
-8.4148	1.1345	0.0052632
-8.4148	1.1849	0.0047382
-8.4148	1.2353	0.0042184
-8.4148	1.2857	0.0033005
-8.4148	1.3361	0.0028687
-8.4148	1.3866	0.0021774
-8.4148	1.437	0.0018369
-8.4148	1.4874	0.001342
-8.4148	1.5378	0.0010888
-8.3671	-1.5882	0.0012185
-8.3671	-1.5378	0.0016431
-8.3671	-1.4874	0.0017688
-8.3671	-1.437	0.0023076
-8.3671	-1.3866	0.0027525
-8.3671	-1.3361	0.0034709
-8.3671	-1.2857	0.0043141
-8.3671	-1.2353	0.0049152
-8.3671	-1.1849	0.005963
-8.3671	-1.1345	0.0066263
-8.3671	-1.084	0.0078776
-8.3671	-1.0336	0.0092753
-8.3671	-0.98319	0.010009
-8.3671	-0.93277	0.011593
-8.3671	-0.88235	0.012286
-8.3671	-0.83193	0.014023
-8.3671	-0.78151	0.015885
-8.3671	-0.73109	0.016463
-8.3671	-0.68067	0.018411
-8.3671	-0.63025	0.018799
-8.3671	-0.57983	0.020773
-8.3671	-0.52941	0.022807
-8.3671	-0.47899	0.022853
-8.3671	-0.42857	0.024815
-8.3671	-0.37815	0.024543
-8.3671	-0.32773	0.02637
-8.3671	-0.27731	0.028166
-8.3671	-0.22689	0.027392
-8.3671	-0.17647	0.028963
-8.3671	-0.12605	0.027831
-8.3671	-0.07563	0.029136
-8.3671	-0.02521	0.030329
-8.3671	0.02521	0.028686
-8.3671	0.07563	0.029568
-8.3671	0.12605	0.027645
-8.3671	0.17647	0.028214
-8.3671	0.22689	0.026076
-8.3671	0.27731	0.026347
-8.3671	0.32773	0.026465
-8.3671	0.37815	0.024068
-8.3671	0.42857	0.023925
-8.3671	0.47899	0.02162
-8.3671	0.52941	0.021327
-8.3671	0.57983	0.020906
-8.3671	0.63025	0.018491
-8.3671	0.68067	0.017918
-8.3671	0.73109	0.015628
-8.3671	0.78151	0.014959
-8.3671	0.83193	0.014216
-8.3671	0.88235	0.01214
-8.3671	0.93277	0.011378
-8.3671	0.98319	0.0095514
-8.3671	1.0336	0.0088164
-8.3671	1.084	0.0080652
-8.3671	1.1345	0.0065874
-8.3671	1.1849	0.0059159
-8.3671	1.2353	0.0047214
-8.3671	1.2857	0.0041494
-8.3671	1.3361	0.0036001
-8.3671	1.3866	0.0027586
-8.3671	1.437	0.0023246
-8.3671	1.4874	0.0017158
-8.3671	1.5378	0.001392
-8.3671	1.5882	0.0011027
-8.3194	-1.5882	0.0013712
-8.3194	-1.5378	0.0018511
-8.3194	-1.4874	0.0023043
-8.3194	-1.437	0.002977
-8.3194	-1.3866	0.0035526
-8.3194	-1.3361	0.0044415
-8.3194	-1.2857	0.0054759
-8.3194	-1.2353	0.00625
-8.3194	-1.1849	0.0075257
-8.3194	-1.1345	0.0083839
-8.3194	-1.084	0.0098967
-8.3194	-1.0336	0.010798
-8.3194	-0.98319	0.01253
-8.3194	-0.93277	0.014417
-8.3194	-0.88235	0.015339
-8.3194	-0.83193	0.017395
-8.3194	-0.78151	0.018214
-8.3194	-0.73109	0.019285
-8.3194	-0.68067	0.021508
-8.3194	-0.63025	0.022127
-8.3194	-0.57983	0.024381
-8.3194	-0.52941	0.024736
-8.3194	-0.47899	0.026949
-8.3194	-0.42857	0.029178
-8.3194	-0.37815	0.029074
-8.3194	-0.32773	0.031147
-8.3194	-0.27731	0.030644
-8.3194	-0.22689	0.032493
-8.3194	-0.17647	0.034256
-8.3194	-0.12605	0.033147
-8.3194	-0.07563	0.034598
-8.3194	-0.02521	0.03308
-8.3194	0.02521	0.034189
-8.3194	0.07563	0.035136
-8.3194	0.12605	0.033061
-8.3194	0.17647	0.033642
-8.3194	0.22689	0.031287
-8.3194	0.27731	0.031518
-8.3194	0.32773	0.031567
-8.3194	0.37815	0.028884
-8.3194	0.42857	0.028629
-8.3194	0.47899	0.025878
-8.3194	0.52941	0.025374
-8.3194	0.57983	0.024724
-8.3194	0.63025	0.021954
-8.3194	0.68067	0.021145
-8.3194	0.73109	0.018518
-8.3194	0.78151	0.017615
-8.3194	0.83193	0.015199
-8.3194	0.88235	0.014264
-8.3194	0.93277	0.013283
-8.3194	0.98319	0.011196
-8.3194	1.0336	0.010265
-8.3194	1.084	0.0084883
-8.3194	1.1345	0.0076461
-8.3194	1.1849	0.006817
-8.3194	1.2353	0.0058191
-8.3194	1.2857	0.0051053
-8.3194	1.3361	0.0040008
-8.3194	1.3866	0.0034208
-8.3194	1.437	0.0028803
-8.3194	1.4874	0.0021473
-8.3194	1.5378	0.0017425
-8.3194	1.5882	0.0012376
-8.2718	-1.6387	0.0010868
-8.2718	-1.5882	0.0015129
-8.2718	-1.5378	0.0019506
-8.2718	-1.4874	0.0025727
-8.2718	-1.437	0.003324
-8.2718	-1.3866	0.0040015
-8.2718	-1.3361	0.0049989
-8.2718	-1.2857	0.0058189
-8.2718	-1.2353	0.0070788
-8.2718	-1.1849	0.0085109
-8.2718	-1.1345	0.0095455
-8.2718	-1.084	0.011247
-8.2718	-1.0336	0.012351
-8.2718	-0.98319	0.014301
-8.2718	-0.93277	0.016421
-8.2718	-0.88235	0.017579
-8.2718	-0.83193	0.01989
-8.2718	-0.78151	0.020958
-8.2718	-0.73109	0.023399
-8.2718	-0.68067	0.025945
-8.2718	-0.63025	0.026792
-8.2718	-0.57983	0.029354
-8.2718	-0.52941	0.029907
-8.2718	-0.47899	0.032398
-8.2718	-0.42857	0.032582
-8.2718	-0.37815	0.034916
-8.2718	-0.32773	0.037199
-8.2718	-0.27731	0.036773
-8.2718	-0.22689	0.038776
-8.2718	-0.17647	0.037864
-8.2718	-0.12605	0.039528
-8.2718	-0.07563	0.041033
-8.2718	-0.02521	0.039415
-8.2718	0.02521	0.039988
-8.2718	0.07563	0.038036
-8.2718	0.12605	0.038818
-8.2718	0.17647	0.039395
-8.2718	0.22689	0.036867
-8.2718	0.27731	0.03704
-8.2718	0.32773	0.03425
-8.2718	0.37815	0.034059
-8.2718	0.42857	0.033671
-8.2718	0.47899	0.030614
-8.2718	0.52941	0.029941
-8.2718	0.57983	0.026879
-8.2718	0.63025	0.025992
-8.2718	0.68067	0.024972
-8.2718	0.73109	0.022001
-8.2718	0.78151	0.020878
-8.2718	0.83193	0.018128
-8.2718	0.88235	0.016974
-8.2718	0.93277	0.015772
-8.2718	0.98319	0.013384
-8.2718	1.0336	0.012246
-8.2718	1.084	0.010199
-8.2718	1.1345	0.0091707
-8.2718	1.1849	0.008163
-8.2718	1.2353	0.0065882
-8.2718	1.2857	0.0057374
-8.2718	1.3361	0.0045058
-8.2718	1.3866	0.0038211
-8.2718	1.437	0.0029012
-8.2718	1.4874	0.0023788
-8.2718	1.5378	0.0019106
-8.2718	1.5882	0.0013544
-8.2718	1.6387	0.0010307
-8.2241	-1.6387	0.001391
-8.2241	-1.5882	0.0019119
-8.2241	-1.5378	0.0024602
-8.2241	-1.4874	0.0032129
-8.2241	-1.437	0.003938
-8.2241	-1.3866	0.004956
-8.2241	-1.3361	0.0061428
-8.2241	-1.2857	0.0071612
-8.2241	-1.2353	0.0086501
-8.2241	-1.1849	0.0089944
-8.2241	-1.1345	0.01069
-8.2241	-1.084	0.012576
-8.2241	-1.0336	0.013898
-8.2241	-0.98319	0.016064
-8.2241	-0.93277	0.017421
-8.2241	-0.88235	0.019824
-8.2241	-0.83193	0.022385
-8.2241	-0.78151	0.02372
-8.2241	-0.73109	0.026426
-8.2241	-0.68067	0.027595
-8.2241	-0.63025	0.030361
-8.2241	-0.57983	0.03319
-8.2241	-0.52941	0.034009
-8.2241	-0.47899	0.036757
-8.2241	-0.42857	0.037188
-8.2241	-0.37815	0.039759
-8.2241	-0.32773	0.04226
-8.2241	-0.27731	0.042036
-8.2241	-0.22689	0.044221
-8.2241	-0.17647	0.043461
-8.2241	-0.12605	0.04526
-8.2241	-0.07563	0.046873
-8.2241	-0.02521	0.045319
-8.2241	0.02521	0.04647
-8.2241	0.07563	0.044395
-8.2241	0.12605	0.045072
-8.2241	0.17647	0.042545
-8.2241	0.22689	0.042763
-8.2241	0.27731	0.04274
-8.2241	0.32773	0.039675
-8.2241	0.37815	0.039246
-8.2241	0.42857	0.035981
-8.2241	0.47899	0.035214
-8.2241	0.52941	0.034256
-8.2241	0.57983	0.030851
-8.2241	0.63025	0.029671
-8.2241	0.68067	0.026362
-8.2241	0.73109	0.025049
-8.2241	0.78151	0.024354
-8.2241	0.83193	0.021266
-8.2241	0.88235	0.019872
-8.2241	0.93277	0.017082
-8.2241	0.98319	0.015731
-8.2241	1.0336	0.014368
-8.2241	1.084	0.012043
-8.2241	1.1345	0.010811
-8.2241	1.1849	0.0088744
-8.2241	1.2353	0.0078096
-8.2241	1.2857	0.0067939
-8.2241	1.3361	0.0053769
-8.2241	1.3866	0.0045573
-8.2241	1.437	0.0034906
-8.2241	1.4874	0.0028629
-8.2241	1.5378	0.0023016
-8.2241	1.5882	0.0016495
-8.2241	1.6387	0.0012588
-8.1764	-1.6891	0.0010333
-8.1764	-1.6387	0.001475
-8.1764	-1.5882	0.0020336
-8.1764	-1.5378	0.0026451
-8.1764	-1.4874	0.0034582
-8.1764	-1.437	0.0042785
-8.1764	-1.3866	0.0053847
-8.1764	-1.3361	0.0066722
-8.1764	-1.2857	0.0078415
-8.1764	-1.2353	0.0094638
-8.1764	-1.1849	0.010822
-8.1764	-1.1345	0.01278
-8.1764	-1.084	0.01428
-8.1764	-1.0336	0.016554
-8.1764	-0.98319	0.019021
-8.1764	-0.93277	0.020678
-8.1764	-0.88235	0.023398
-8.1764	-0.83193	0.025012
-8.1764	-0.78151	0.02791
-8.1764	-0.73109	0.030927
-8.1764	-0.68067	0.032373
-8.1764	-0.63025	0.035431
-8.1764	-0.57983	0.036587
-8.1764	-0.52941	0.039582
-8.1764	-0.47899	0.042562
-8.1764	-0.42857	0.041773
-8.1764	-0.37815	0.044565
-8.1764	-0.32773	0.044775
-8.1764	-0.27731	0.047267
-8.1764	-0.22689	0.049617
-8.1764	-0.17647	0.049038
-8.1764	-0.12605	0.050957
-8.1764	-0.07563	0.049779
-8.1764	-0.02521	0.051212
-8.1764	0.02521	0.052397
-8.1764	0.07563	0.050366
-8.1764	0.12605	0.051021
-8.1764	0.17647	0.048464
-8.1764	0.22689	0.048605
-8.1764	0.27731	0.048474
-8.1764	0.32773	0.04528
-8.1764	0.37815	0.044694
-8.1764	0.42857	0.04123
-8.1764	0.47899	0.040265
-8.1764	0.52941	0.039089
-8.1764	0.57983	0.035414
-8.1764	0.63025	0.033991
-8.1764	0.68067	0.030375
-8.1764	0.73109	0.028805
-8.1764	0.78151	0.027131
-8.1764	0.83193	0.023751
-8.1764	0.88235	0.022072
-8.1764	0.93277	0.019014
-8.1764	0.98319	0.017411
-8.1764	1.0336	0.014736
-8.1764	1.084	0.013272
-8.1764	1.1345	0.011841
-8.1764	1.1849	0.0097326
-8.1764	1.2353	0.0085081
-8.1764	1.2857	0.0068216
-8.1764	1.3361	0.00582
-8.1764	1.3866	0.0048951
-8.1764	1.437	0.0037477
-8.1764	1.4874	0.0030463
-8.1764	1.5378	0.0025097
-8.1764	1.5882	0.0019731
-8.1764	1.6387	0.00151
-8.1764	1.6891	0.0010213
-8.1287	-1.6891	0.0012907
-8.1287	-1.6387	0.0015381
-8.1287	-1.5882	0.0020842
-8.1287	-1.5378	0.0027959
-8.1287	-1.4874	0.0036604
-8.1287	-1.437	0.0045689
-8.1287	-1.3866	0.0057517
-8.1287	-1.3361	0.0069095
-8.1287	-1.2857	0.0084412
-8.1287	-1.2353	0.010181
-8.1287	-1.1849	0.011729
-8.1287	-1.1345	0.013837
-8.1287	-1.084	0.015571
-8.1287	-1.0336	0.018026
-8.1287	-0.98319	0.020685
-8.1287	-0.93277	0.022633
-8.1287	-0.88235	0.02557
-8.1287	-0.83193	0.027499
-8.1287	-0.78151	0.030632
-8.1287	-0.73109	0.033885
-8.1287	-0.68067	0.035664
-8.1287	-0.63025	0.038961
-8.1287	-0.57983	0.040439
-8.1287	-0.52941	0.043665
-8.1287	-0.47899	0.046862
-8.1287	-0.42857	0.047771
-8.1287	-0.37815	0.050715
-8.1287	-0.32773	0.051077
-8.1287	-0.27731	0.053659
-8.1287	-0.22689	0.053415
-8.1287	-0.17647	0.055545
-8.1287	-0.12605	0.057442
-8.1287	-0.07563	0.056274
-8.1287	-0.02521	0.057617
-8.1287	0.02521	0.055806
-8.1287	0.07563	0.056572
-8.1287	0.12605	0.057034
-8.1287	0.17647	0.054361
-8.1287	0.22689	0.054257
-8.1287	0.27731	0.051102
-8.1287	0.32773	0.050828
-8.1287	0.37815	0.050071
-8.1287	0.42857	0.046472
-8.1287	0.47899	0.045295
-8.1287	0.52941	0.041502
-8.1287	0.57983	0.040006
-8.1287	0.63025	0.038326
-8.1287	0.68067	0.034458
-8.1287	0.73109	0.032618
-8.1287	0.78151	0.028902
-8.1287	0.83193	0.027009
-8.1287	0.88235	0.025058
-8.1287	0.93277	0.021713
-8.1287	0.98319	0.019852
-8.1287	1.0336	0.0169
-8.1287	1.084	0.015201
-8.1287	1.1345	0.013546
-8.1287	1.1849	0.0112
-8.1287	1.2353	0.0097827
-8.1287	1.2857	0.0078932
-8.1287	1.3361	0.0067313
-8.1287	1.3866	0.0056609
-8.1287	1.437	0.0043659
-8.1287	1.4874	0.0035514
-8.1287	1.5378	0.002625
-8.1287	1.5882	0.0020419
-8.1287	1.6387	0.0014224
-8.1287	1.6891	0.0010363
-8.081	-1.6891	0.0013227
-8.081	-1.6387	0.0018703
-8.081	-1.5882	0.002519
-8.081	-1.5378	0.0033434
-8.081	-1.4874	0.0042518
-8.081	-1.437	0.0054028
-8.081	-1.3866	0.006748
-8.081	-1.3361	0.0081064
-8.081	-1.2857	0.009835
-8.081	-1.2353	0.011474
-8.081	-1.1849	0.013597
-8.081	-1.1345	0.015944
-8.081	-1.084	0.017983
-8.081	-1.0336	0.020701
-8.081	-0.98319	0.022888
-8.081	-0.93277	0.025922
-8.081	-0.88235	0.027506
-8.081	-0.83193	0.029771
-8.081	-0.78151	0.033111
-8.081	-0.73109	0.035268
-8.081	-0.68067	0.038718
-8.081	-0.63025	0.042226
-8.081	-0.57983	0.044073
-8.081	-0.52941	0.047504
-8.081	-0.47899	0.048921
-8.081	-0.42857	0.052145
-8.081	-0.37815	0.055256
-8.081	-0.32773	0.055919
-8.081	-0.27731	0.058635
-8.081	-0.22689	0.058638
-8.081	-0.17647	0.060859
-8.081	-0.12605	0.062819
-8.081	-0.07563	0.061821
-8.081	-0.02521	0.063175
-8.081	0.02521	0.061475
-8.081	0.07563	0.062199
-8.081	0.12605	0.062589
-8.081	0.17647	0.059948
-8.081	0.22689	0.05972
-8.081	0.27731	0.056542
-8.081	0.32773	0.055753
-8.081	0.37815	0.052159
-8.081	0.42857	0.050893
-8.081	0.47899	0.049368
-8.081	0.52941	0.045383
-8.081	0.57983	0.043535
-8.081	0.63025	0.039487
-8.081	0.68067	0.037437
-8.081	0.73109	0.035261
-8.081	0.78151	0.031341
-8.081	0.83193	0.029137
-8.081	0.88235	0.02549
-8.081	0.93277	0.023365
-8.081	0.98319	0.021246
-8.081	1.0336	0.018127
-8.081	1.084	0.017162
-8.081	1.1345	0.014412
-8.081	1.1849	0.01271
-8.081	1.2353	0.011093
-8.081	1.2857	0.0090075
-8.081	1.3361	0.0076788
-8.081	1.3866	0.0060564
-8.081	1.437	0.0050159
-8.081	1.4874	0.0040833
-8.081	1.5378	0.003043
-8.081	1.5882	0.0023722
-8.081	1.6387	0.0016697
-8.081	1.6891	0.0012223
-8.0334	-1.6891	0.0013366
-8.0334	-1.6387	0.0018994
-8.0334	-1.5882	0.0025845
-8.0334	-1.5378	0.0034383
-8.0334	-1.4874	0.0044075
-8.0334	-1.437	0.0056057
-8.0334	-1.3866	0.0070047
-8.0334	-1.3361	0.0084699
-8.0334	-1.2857	0.010274
-8.0334	-1.2353	0.012061
-8.0334	-1.1849	0.014283
-8.0334	-1.1345	0.016734
-8.0334	-1.084	0.01899
-8.0334	-1.0336	0.021836
-8.0334	-0.98319	0.024291
-8.0334	-0.93277	0.027477
-8.0334	-0.88235	0.030028
-8.0334	-0.83193	0.03347
-8.0334	-0.78151	0.037039
-8.0334	-0.73109	0.039575
-8.0334	-0.68067	0.043234
-8.0334	-0.63025	0.045521
-8.0334	-0.57983	0.049135
-8.0334	-0.52941	0.05271
-8.0334	-0.47899	0.054451
-8.0334	-0.42857	0.057769
-8.0334	-0.37815	0.058914
-8.0334	-0.32773	0.061841
-8.0334	-0.27731	0.064548
-8.0334	-0.22689	0.064717
-8.0334	-0.17647	0.066864
-8.0334	-0.12605	0.065379
-8.0334	-0.07563	0.067055
-8.0334	-0.02521	0.068399
-8.0334	0.02521	0.066855
-8.0334	0.07563	0.067519
-8.0334	0.12605	0.065252
-8.0334	0.17647	0.065245
-8.0334	0.22689	0.06488
-8.0334	0.27731	0.061707
-8.0334	0.32773	0.060738
-8.0334	0.37815	0.057097
-8.0334	0.42857	0.055613
-8.0334	0.47899	0.053854
-8.0334	0.52941	0.049762
-8.0334	0.57983	0.047656
-8.0334	0.63025	0.043464
-8.0334	0.68067	0.04114
-8.0334	0.73109	0.038688
-8.0334	0.78151	0.03459
-8.0334	0.83193	0.032111
-8.0334	0.88235	0.028264
-8.0334	0.93277	0.025872
-8.0334	0.98319	0.022385
-8.0334	1.0336	0.020174
-8.0334	1.084	0.018022
-8.0334	1.1345	0.015164
-8.0334	1.1849	0.013294
-8.0334	1.2353	0.010929
-8.0334	1.2857	0.0093718
-8.0334	1.3361	0.007935
-8.0334	1.3866	0.0062572
-8.0334	1.437	0.0051419
-8.0334	1.4874	0.0039033
-8.0334	1.5378	0.0030847
-8.0334	1.5882	0.0023795
-8.0334	1.6387	0.0016647
-8.0334	1.6891	0.0012012
-7.9857	-1.7395	0.0010945
-7.9857	-1.6891	0.0015993
-7.9857	-1.6387	0.0022412
-7.9857	-1.5882	0.0030318
-7.9857	-1.5378	0.0039921
-7.9857	-1.4874	0.0051021
-7.9857	-1.437	0.0064355
-7.9857	-1.3866	0.0071032
-7.9857	-1.3361	0.0087386
-7.9857	-1.2857	0.010598
-7.9857	-1.2353	0.012514
-7.9857	-1.1849	0.014811
-7.9857	-1.1345	0.017061
-7.9857	-1.084	0.019783
-7.9857	-1.0336	0.022725
-7.9857	-0.98319	0.025417
-7.9857	-0.93277	0.028716
-7.9857	-0.88235	0.031557
-7.9857	-0.83193	0.035127
-7.9857	-0.78151	0.038819
-7.9857	-0.73109	0.041715
-7.9857	-0.68067	0.045503
-7.9857	-0.63025	0.048192
-7.9857	-0.57983	0.051936
-7.9857	-0.52941	0.055626
-7.9857	-0.47899	0.0578
-7.9857	-0.42857	0.06122
-7.9857	-0.37815	0.062791
-7.9857	-0.32773	0.065799
-7.9857	-0.27731	0.066646
-7.9857	-0.22689	0.069118
-7.9857	-0.17647	0.071287
-7.9857	-0.12605	0.071002
-7.9857	-0.07563	0.072497
-7.9857	-0.02521	0.071362
-7.9857	0.02521	0.07214
-7.9857	0.07563	0.072532
-7.9857	0.12605	0.070253
-7.9857	0.17647	0.069931
-7.9857	0.22689	0.066958
-7.9857	0.27731	0.065977
-7.9857	0.32773	0.064648
-7.9857	0.37815	0.060891
-7.9857	0.42857	0.059039
-7.9857	0.47899	0.054941
-7.9857	0.52941	0.052689
-7.9857	0.57983	0.050225
-7.9857	0.63025	0.04718
-7.9857	0.68067	0.044589
-7.9857	0.73109	0.040312
-7.9857	0.78151	0.037629
-7.9857	0.83193	0.034882
-7.9857	0.88235	0.030877
-7.9857	0.93277	0.028227
-7.9857	0.98319	0.024571
-7.9857	1.0336	0.022119
-7.9857	1.084	0.01974
-7.9857	1.1345	0.016717
-7.9857	1.1849	0.014644
-7.9857	1.2353	0.012121
-7.9857	1.2857	0.01039
-7.9857	1.3361	0.0087959
-7.9857	1.3866	0.0069885
-7.9857	1.437	0.0057457
-7.9857	1.4874	0.0043979
-7.9857	1.5378	0.0034811
-7.9857	1.5882	0.0025355
-7.9857	1.6387	0.0019037
-7.9857	1.6891	0.0013807
-7.938	-1.7395	0.0010684
-7.938	-1.6891	0.0015726
-7.938	-1.6387	0.0022322
-7.938	-1.5882	0.0030301
-7.938	-1.5378	0.0040031
-7.938	-1.4874	0.0051562
-7.938	-1.437	0.0065102
-7.938	-1.3866	0.0080421
-7.938	-1.3361	0.0098231
-7.938	-1.2857	0.011742
-7.938	-1.2353	0.013972
-7.938	-1.1849	0.016436
-7.938	-1.1345	0.018938
-7.938	-1.084	0.021836
-7.938	-1.0336	0.024645
-7.938	-0.98319	0.027927
-7.938	-0.93277	0.031389
-7.938	-0.88235	0.03454
-7.938	-0.83193	0.038257
-7.938	-0.78151	0.041445
-7.938	-0.73109	0.045295
-7.938	-0.68067	0.049175
-7.938	-0.63025	0.052205
-7.938	-0.57983	0.054112
-7.938	-0.52941	0.056833
-7.938	-0.47899	0.060457
-7.938	-0.42857	0.063933
-7.938	-0.37815	0.065944
-7.938	-0.32773	0.06899
-7.938	-0.27731	0.070276
-7.938	-0.22689	0.072761
-7.938	-0.17647	0.074919
-7.938	-0.12605	0.075036
-7.938	-0.07563	0.076486
-7.938	-0.02521	0.075691
-7.938	0.02521	0.076386
-7.938	0.07563	0.076672
-7.938	0.12605	0.074638
-7.938	0.17647	0.07417
-7.938	0.22689	0.071353
-7.938	0.27731	0.07019
-7.938	0.32773	0.066729
-7.938	0.37815	0.064964
-7.938	0.42857	0.062885
-7.938	0.47899	0.058776
-7.938	0.52941	0.056279
-7.938	0.57983	0.051944
-7.938	0.63025	0.049171
-7.938	0.68067	0.046252
-7.938	0.73109	0.041887
-7.938	0.78151	0.038911
-7.938	0.83193	0.034728
-7.938	0.88235	0.031826
-7.938	0.93277	0.028947
-7.938	0.98319	0.025241
-7.938	1.0336	0.022601
-7.938	1.084	0.019341
-7.938	1.1345	0.017014
-7.938	1.1849	0.014817
-7.938	1.2353	0.012279
-7.938	1.2857	0.010459
-7.938	1.3361	0.0084304
-7.938	1.3866	0.00769
-7.938	1.437	0.0063254
-7.938	1.4874	0.0048825
-7.938	1.5378	0.0038706
-7.938	1.5882	0.0028471
-7.938	1.6387	0.0021448
-7.938	1.6891	0.0015632
-7.938	1.7395	0.0010258
-7.8903	-1.7395	0.0010252
-7.8903	-1.6891	0.0015212
-7.8903	-1.6387	0.0021886
-7.8903	-1.5882	0.002982
-7.8903	-1.5378	0.0039806
-7.8903	-1.4874	0.005136
-7.8903	-1.437	0.006492
-7.8903	-1.3866	0.0080836
-7.8903	-1.3361	0.0098763
-7.8903	-1.2857	0.011887
-7.8903	-1.2353	0.014139
-7.8903	-1.1849	0.016624
-7.8903	-1.1345	0.019265
-7.8903	-1.084	0.022195
-7.8903	-1.0336	0.025178
-7.8903	-0.98319	0.028502
-7.8903	-0.93277	0.031739
-7.8903	-0.88235	0.035374
-7.8903	-0.83193	0.039131
-7.8903	-0.78151	0.042583
-7.8903	-0.73109	0.046475
-7.8903	-0.68067	0.049849
-7.8903	-0.63025	0.053731
-7.8903	-0.57983	0.057551
-7.8903	-0.52941	0.060573
-7.8903	-0.47899	0.064144
-7.8903	-0.42857	0.066664
-7.8903	-0.37815	0.06983
-7.8903	-0.32773	0.072731
-7.8903	-0.27731	0.074305
-7.8903	-0.22689	0.076594
-7.8903	-0.17647	0.077318
-7.8903	-0.12605	0.078895
-7.8903	-0.07563	0.080068
-7.8903	-0.02521	0.079499
-7.8903	0.02521	0.079878
-7.8903	0.07563	0.078368
-7.8903	0.12605	0.077959
-7.8903	0.17647	0.077597
-7.8903	0.22689	0.075048
-7.8903	0.27731	0.073702
-7.8903	0.32773	0.070422
-7.8903	0.37815	0.068448
-7.8903	0.42857	0.066151
-7.8903	0.47899	0.062125
-7.8903	0.52941	0.059392
-7.8903	0.57983	0.055068
-7.8903	0.63025	0.05205
-7.8903	0.68067	0.048889
-7.8903	0.73109	0.044474
-7.8903	0.78151	0.041257
-7.8903	0.83193	0.036991
-7.8903	0.88235	0.033857
-7.8903	0.93277	0.029883
-7.8903	0.98319	0.026951
-7.8903	1.0336	0.024108
-7.8903	1.084	0.02074
-7.8903	1.1345	0.01823
-7.8903	1.1849	0.015357
-7.8903	1.2353	0.013228
-7.8903	1.2857	0.011263
-7.8903	1.3361	0.0091415
-7.8903	1.3866	0.0075797
-7.8903	1.437	0.0059501
-7.8903	1.4874	0.0047702
-7.8903	1.5378	0.0037472
-7.8903	1.5882	0.0027471
-7.8903	1.6387	0.002045
-7.8903	1.6891	0.0013929
-7.8427	-1.7395	0.0011921
-7.8427	-1.6891	0.0017814
-7.8427	-1.6387	0.0024805
-7.8427	-1.5882	0.0033397
-7.8427	-1.5378	0.0044438
-7.8427	-1.4874	0.0056818
-7.8427	-1.437	0.0071993
-7.8427	-1.3866	0.0088678
-7.8427	-1.3361	0.010758
-7.8427	-1.2857	0.012959
-7.8427	-1.2353	0.015318
-7.8427	-1.1849	0.01796
-7.8427	-1.1345	0.020778
-7.8427	-1.084	0.022267
-7.8427	-1.0336	0.025407
-7.8427	-0.98319	0.028732
-7.8427	-0.93277	0.032161
-7.8427	-0.88235	0.035802
-7.8427	-0.83193	0.039555
-7.8427	-0.78151	0.043245
-7.8427	-0.73109	0.047133
-7.8427	-0.68067	0.050777
-7.8427	-0.63025	0.054652
-7.8427	-0.57983	0.05845
-7.8427	-0.52941	0.061783
-7.8427	-0.47899	0.065324
-7.8427	-0.42857	0.068191
-7.8427	-0.37815	0.071316
-7.8427	-0.32773	0.073554
-7.8427	-0.27731	0.076118
-7.8427	-0.22689	0.078335
-7.8427	-0.17647	0.07947
-7.8427	-0.12605	0.080957
-7.8427	-0.07563	0.081178
-7.8427	-0.02521	0.081872
-7.8427	0.02521	0.082126
-7.8427	0.07563	0.081018
-7.8427	0.12605	0.080461
-7.8427	0.17647	0.078436
-7.8427	0.22689	0.077115
-7.8427	0.27731	0.0754
-7.8427	0.32773	0.072271
-7.8427	0.37815	0.069933
-7.8427	0.42857	0.066195
-7.8427	0.47899	0.06337
-7.8427	0.52941	0.060308
-7.8427	0.57983	0.056057
-7.8427	0.63025	0.05274
-7.8427	0.68067	0.048355
-7.8427	0.73109	0.044944
-7.8427	0.78151	0.041494
-7.8427	0.83193	0.037262
-7.8427	0.88235	0.033937
-7.8427	0.93277	0.031565
-7.8427	0.98319	0.028436
-7.8427	1.0336	0.025409
-7.8427	1.084	0.021969
-7.8427	1.1345	0.019294
-7.8427	1.1849	0.016341
-7.8427	1.2353	0.014068
-7.8427	1.2857	0.011975
-7.8427	1.3361	0.0097795
-7.8427	1.3866	0.0081104
-7.8427	1.437	0.0064127
-7.8427	1.4874	0.0051465
-7.8427	1.5378	0.0039021
-7.8427	1.5882	0.002997
-7.8427	1.6387	0.002239
-7.8427	1.6891	0.0015447
-7.8427	1.7395	0.0010656
-7.795	-1.7395	0.0011136
-7.795	-1.6891	0.0016887
-7.795	-1.6387	0.0023635
-7.795	-1.5882	0.0032716
-7.795	-1.5378	0.0042903
-7.795	-1.4874	0.0054947
-7.795	-1.437	0.0070208
-7.795	-1.3866	0.0086532
-7.795	-1.3361	0.010648
-7.795	-1.2857	0.012742
-7.795	-1.2353	0.015058
-7.795	-1.1849	0.017779
-7.795	-1.1345	0.020555
-7.795	-1.084	0.023712
-7.795	-1.0336	0.026906
-7.795	-0.98319	0.030267
-7.795	-0.93277	0.033954
-7.795	-0.88235	0.037608
-7.795	-0.83193	0.041474
-7.795	-0.78151	0.045298
-7.795	-0.73109	0.049134
-7.795	-0.68067	0.053035
-7.795	-0.63025	0.056816
-7.795	-0.57983	0.060487
-7.795	-0.52941	0.064047
-7.795	-0.47899	0.067411
-7.795	-0.42857	0.07049
-7.795	-0.37815	0.073391
-7.795	-0.32773	0.07455
-7.795	-0.27731	0.077023
-7.795	-0.22689	0.079135
-7.795	-0.17647	0.080633
-7.795	-0.12605	0.082005
-7.795	-0.07563	0.082612
-7.795	-0.02521	0.083179
-7.795	0.02521	0.083298
-7.795	0.07563	0.082584
-7.795	0.12605	0.08188
-7.795	0.17647	0.080242
-7.795	0.22689	0.07876
-7.795	0.27731	0.076272
-7.795	0.32773	0.074101
-7.795	0.37815	0.071587
-7.795	0.42857	0.068145
-7.795	0.47899	0.065133
-7.795	0.52941	0.061205
-7.795	0.57983	0.057852
-7.795	0.63025	0.054348
-7.795	0.68067	0.050105
-7.795	0.73109	0.046504
-7.795	0.78151	0.042251
-7.795	0.83193	0.03871
-7.795	0.88235	0.035211
-7.795	0.93277	0.031278
-7.795	0.98319	0.028033
-7.795	1.0336	0.024463
-7.795	1.084	0.021565
-7.795	1.1345	0.018833
-7.795	1.1849	0.015957
-7.795	1.2353	0.013655
-7.795	1.2857	0.011287
-7.795	1.3361	0.0094268
-7.795	1.3866	0.0077624
-7.795	1.437	0.0061278
-7.795	1.4874	0.0048769
-7.795	1.5378	0.0036859
-7.795	1.5882	0.0028015
-7.795	1.6387	0.0020679
-7.795	1.6891	0.0016871
-7.795	1.7395	0.001172
-7.7473	-1.7395	0.0012568
-7.7473	-1.6891	0.0018826
-7.7473	-1.6387	0.0025983
-7.7473	-1.5882	0.0035749
-7.7473	-1.5378	0.0040855
-7.7473	-1.4874	0.0052416
-7.7473	-1.437	0.0067497
-7.7473	-1.3866	0.0083242
-7.7473	-1.3361	0.010318
-7.7473	-1.2857	0.012346
-7.7473	-1.2353	0.014585
-7.7473	-1.1849	0.017338
-7.7473	-1.1345	0.020031
-7.7473	-1.084	0.023262
-7.7473	-1.0336	0.026371
-7.7473	-0.98319	0.030005
-7.7473	-0.93277	0.033456
-7.7473	-0.88235	0.037011
-7.7473	-0.83193	0.041065
-7.7473	-0.78151	0.044791
-7.7473	-0.73109	0.048913
-7.7473	-0.68067	0.052663
-7.7473	-0.63025	0.056332
-7.7473	-0.57983	0.060283
-7.7473	-0.52941	0.063731
-7.7473	-0.47899	0.0673
-7.7473	-0.42857	0.070361
-7.7473	-0.37815	0.073136
-7.7473	-0.32773	0.075899
-7.7473	-0.27731	0.078067
-7.7473	-0.22689	0.080068
-7.7473	-0.17647	0.081515
-7.7473	-0.12605	0.082536
-7.7473	-0.07563	0.083307
-7.7473	-0.02521	0.083509
-7.7473	0.02521	0.083349
-7.7473	0.07563	0.082721
-7.7473	0.12605	0.081653
-7.7473	0.17647	0.080212
-7.7473	0.22689	0.078382
-7.7473	0.27731	0.076111
-7.7473	0.32773	0.073614
-7.7473	0.37815	0.070797
-7.7473	0.42857	0.067591
-7.7473	0.47899	0.065979
-7.7473	0.52941	0.062352
-7.7473	0.57983	0.058843
-7.7473	0.63025	0.055193
-7.7473	0.68067	0.051182
-7.7473	0.73109	0.047434
-7.7473	0.78151	0.043349
-7.7473	0.83193	0.039661
-7.7473	0.88235	0.035682
-7.7473	0.93277	0.032192
-7.7473	0.98319	0.028818
-7.7473	1.0336	0.025294
-7.7473	1.084	0.022275
-7.7473	1.1345	0.019165
-7.7473	1.1849	0.016566
-7.7473	1.2353	0.014168
-7.7473	1.2857	0.011782
-7.7473	1.3361	0.0098387
-7.7473	1.3866	0.0079435
-7.7473	1.437	0.0064406
-7.7473	1.4874	0.0051312
-7.7473	1.5378	0.0039093
-7.7473	1.5882	0.0029789
-7.7473	1.6387	0.0021397
-7.7473	1.6891	0.0015276
-7.7473	1.7395	0.0010431
-7.6996	-1.7395	0.0012027
-7.6996	-1.6891	0.0017421
-7.6996	-1.6387	0.0024161
-7.6996	-1.5882	0.003357
-7.6996	-1.5378	0.0043676
-7.6996	-1.4874	0.0057268
-7.6996	-1.437	0.0071308
-7.6996	-1.3866	0.0087263
-7.6996	-1.3361	0.010806
-7.6996	-1.2857	0.012844
-7.6996	-1.2353	0.01545
-7.6996	-1.1849	0.017933
-7.6996	-1.1345	0.020596
-7.6996	-1.084	0.023956
-7.6996	-1.0336	0.027009
-7.6996	-0.98319	0.030801
-7.6996	-0.93277	0.034166
-7.6996	-0.88235	0.037602
-7.6996	-0.83193	0.041842
-7.6996	-0.78151	0.04363
-7.6996	-0.73109	0.047939
-7.6996	-0.68067	0.051537
-7.6996	-0.63025	0.055043
-7.6996	-0.57983	0.059252
-7.6996	-0.52941	0.06254
-7.6996	-0.47899	0.06641
-7.6996	-0.42857	0.069315
-7.6996	-0.37815	0.072656
-7.6996	-0.32773	0.075026
-7.6996	-0.27731	0.077036
-7.6996	-0.22689	0.079384
-7.6996	-0.17647	0.080679
-7.6996	-0.12605	0.082169
-7.6996	-0.07563	0.082672
-7.6996	-0.02521	0.082726
-7.6996	0.02521	0.08292
-7.6996	0.07563	0.082151
-7.6996	0.12605	0.081423
-7.6996	0.17647	0.079863
-7.6996	0.22689	0.077904
-7.6996	0.27731	0.075989
-7.6996	0.32773	0.073369
-7.6996	0.37815	0.070732
-7.6996	0.42857	0.067578
-7.6996	0.47899	0.06419
-7.6996	0.52941	0.060822
-7.6996	0.57983	0.057132
-7.6996	0.63025	0.053425
-7.6996	0.68067	0.049598
-7.6996	0.73109	0.045744
-7.6996	0.78151	0.041925
-7.6996	0.83193	0.038168
-7.6996	0.88235	0.034434
-7.6996	0.93277	0.030907
-7.6996	0.98319	0.027521
-7.6996	1.0336	0.024213
-7.6996	1.084	0.021205
-7.6996	1.1345	0.018277
-7.6996	1.1849	0.015705
-7.6996	1.2353	0.014499
-7.6996	1.2857	0.012137
-7.6996	1.3361	0.010134
-7.6996	1.3866	0.0082383
-7.6996	1.437	0.0066827
-7.6996	1.4874	0.005238
-7.6996	1.5378	0.0040933
-7.6996	1.5882	0.0031261
-7.6996	1.6387	0.0022683
-7.6996	1.6891	0.0016274
-7.6996	1.7395	0.0010825
-7.652	-1.7395	0.0010888
-7.652	-1.6891	0.0015891
-7.652	-1.6387	0.0023179
-7.652	-1.5882	0.0031112
-7.652	-1.5378	0.0040574
-7.652	-1.4874	0.0053637
-7.652	-1.437	0.0066848
-7.652	-1.3866	0.0084643
-7.652	-1.3361	0.0102
-7.652	-1.2857	0.01212
-7.652	-1.2353	0.014664
-7.652	-1.1849	0.017009
-7.652	-1.1345	0.020082
-7.652	-1.084	0.022828
-7.652	-1.0336	0.025708
-7.652	-0.98319	0.029482
-7.652	-0.93277	0.03266
-7.652	-0.88235	0.036804
-7.652	-0.83193	0.040175
-7.652	-0.78151	0.043538
-7.652	-0.73109	0.04798
-7.652	-0.68067	0.051329
-7.652	-0.63025	0.055748
-7.652	-0.57983	0.058925
-7.652	-0.52941	0.061899
-7.652	-0.47899	0.06596
-7.652	-0.42857	0.068524
-7.652	-0.37815	0.072073
-7.652	-0.32773	0.074081
-7.652	-0.27731	0.075714
-7.652	-0.22689	0.078273
-7.652	-0.17647	0.079186
-7.652	-0.12605	0.08088
-7.652	-0.07563	0.081004
-7.652	-0.02521	0.080901
-7.652	0.02521	0.081482
-7.652	0.07563	0.080577
-7.652	0.12605	0.080225
-7.652	0.17647	0.078545
-7.652	0.22689	0.076477
-7.652	0.27731	0.074928
-7.652	0.32773	0.072215
-7.652	0.37815	0.06993
-7.652	0.42857	0.066695
-7.652	0.47899	0.063815
-7.652	0.52941	0.060204
-7.652	0.57983	0.056455
-7.652	0.63025	0.05306
-7.652	0.68067	0.049178
-7.652	0.73109	0.045592
-7.652	0.78151	0.041733
-7.652	0.83193	0.037936
-7.652	0.88235	0.034428
-7.652	0.93277	0.030859
-7.652	0.98319	0.027534
-7.652	1.0336	0.024299
-7.652	1.084	0.021256
-7.652	1.1345	0.018446
-7.652	1.1849	0.015836
-7.652	1.2353	0.013426
-7.652	1.2857	0.011275
-7.652	1.3361	0.0093493
-7.652	1.3866	0.0076033
-7.652	1.437	0.0061195
-7.652	1.4874	0.0047904
-7.652	1.5378	0.0037085
-7.652	1.5882	0.0028026
-7.652	1.6387	0.0020222
-7.652	1.6891	0.0014301
-7.6043	-1.7395	0.0011835
-7.6043	-1.6891	0.0016969
-7.6043	-1.6387	0.0024576
-7.6043	-1.5882	0.0032591
-7.6043	-1.5378	0.0042055
-7.6043	-1.4874	0.0055479
-7.6043	-1.437	0.0068554
-7.6043	-1.3866	0.008673
-7.6043	-1.3361	0.010375
-7.6043	-1.2857	0.012242
-7.6043	-1.2353	0.013742
-7.6043	-1.1849	0.015927
-7.6043	-1.1345	0.01891
-7.6043	-1.084	0.021472
-7.6043	-1.0336	0.024958
-7.6043	-0.98319	0.027842
-7.6043	-0.93277	0.0308
-7.6043	-0.88235	0.03489
-7.6043	-0.83193	0.038028
-7.6043	-0.78151	0.042398
-7.6043	-0.73109	0.045589
-7.6043	-0.68067	0.048689
-7.6043	-0.63025	0.053184
-7.6043	-0.57983	0.056116
-7.6043	-0.52941	0.060468
-7.6043	-0.47899	0.063077
-7.6043	-0.42857	0.065408
-7.6043	-0.37815	0.069218
-7.6043	-0.32773	0.071012
-7.6043	-0.27731	0.074209
-7.6043	-0.22689	0.075348
-7.6043	-0.17647	0.076078
-7.6043	-0.12605	0.07817
-7.6043	-0.07563	0.078138
-7.6043	-0.02521	0.079324
-7.6043	0.02521	0.078506
-7.6043	0.07563	0.077271
-7.6043	0.12605	0.077168
-7.6043	0.17647	0.075198
-7.6043	0.22689	0.074213
-7.6043	0.27731	0.07159
-7.6043	0.32773	0.06867
-7.6043	0.37815	0.066655
-7.6043	0.42857	0.063268
-7.6043	0.47899	0.060666
-7.6043	0.52941	0.056958
-7.6043	0.57983	0.05315
-7.6043	0.63025	0.050057
-7.6043	0.68067	0.046164
-7.6043	0.73109	0.042887
-7.6043	0.78151	0.040963
-7.6043	0.83193	0.037175
-7.6043	0.88235	0.033922
-7.6043	0.93277	0.030359
-7.6043	0.98319	0.027249
-7.6043	1.0336	0.024015
-7.6043	1.084	0.021159
-7.6043	1.1345	0.018327
-7.6043	1.1849	0.015719
-7.6043	1.2353	0.013422
-7.6043	1.2857	0.011265
-7.6043	1.3361	0.0093622
-7.6043	1.3866	0.0076545
-7.6043	1.437	0.0061623
-7.6043	1.4874	0.0048671
-7.6043	1.5378	0.0037731
-7.6043	1.5882	0.0028359
-7.6043	1.6387	0.0020859
-7.6043	1.6891	0.0014823
-7.5566	-1.7395	0.0010384
-7.5566	-1.6891	0.0014993
-7.5566	-1.6387	0.002202
-7.5566	-1.5882	0.0029292
-7.5566	-1.5378	0.004
-7.5566	-1.4874	0.0050469
-7.5566	-1.437	0.0062402
-7.5566	-1.3866	0.0079618
-7.5566	-1.3361	0.009522
-7.5566	-1.2857	0.011749
-7.5566	-1.2353	0.013686
-7.5566	-1.1849	0.01576
-7.5566	-1.1345	0.018735
-7.5566	-1.084	0.021145
-7.5566	-1.0336	0.024612
-7.5566	-0.98319	0.027299
-7.5566	-0.93277	0.03003
-7.5566	-0.88235	0.034075
-7.5566	-0.83193	0.036938
-7.5566	-0.78151	0.041263
-7.5566	-0.73109	0.044137
-7.5566	-0.68067	0.046893
-7.5566	-0.63025	0.051346
-7.5566	-0.57983	0.053903
-7.5566	-0.52941	0.058249
-7.5566	-0.47899	0.05939
-7.5566	-0.42857	0.061461
-7.5566	-0.37815	0.06542
-7.5566	-0.32773	0.066979
-7.5566	-0.27731	0.070421
-7.5566	-0.22689	0.071356
-7.5566	-0.17647	0.074113
-7.5566	-0.12605	0.074339
-7.5566	-0.07563	0.074154
-7.5566	-0.02521	0.075753
-7.5566	0.02521	0.074815
-7.5566	0.07563	0.075512
-7.5566	0.12605	0.073839
-7.5566	0.17647	0.071804
-7.5566	0.22689	0.071281
-7.5566	0.27731	0.068619
-7.5566	0.32773	0.067293
-7.5566	0.37815	0.064114
-7.5566	0.42857	0.060732
-7.5566	0.47899	0.058543
-7.5566	0.52941	0.054856
-7.5566	0.57983	0.052202
-7.5566	0.63025	0.048361
-7.5566	0.68067	0.044515
-7.5566	0.73109	0.041565
-7.5566	0.78151	0.037786
-7.5566	0.83193	0.034769
-7.5566	0.88235	0.031184
-7.5566	0.93277	0.027756
-7.5566	0.98319	0.024958
-7.5566	1.0336	0.02187
-7.5566	1.084	0.019303
-7.5566	1.1345	0.016619
-7.5566	1.1849	0.014165
-7.5566	1.2353	0.012112
-7.5566	1.2857	0.010096
-7.5566	1.3361	0.0083995
-7.5566	1.3866	0.0068153
-7.5566	1.437	0.005442
-7.5566	1.4874	0.0042957
-7.5566	1.5378	0.0037744
-7.5566	1.5882	0.0028669
-7.5566	1.6387	0.0021149
-7.5566	1.6891	0.0014993
-7.5566	1.7395	0.0010237
-7.5089	-1.7395	0.0010851
-7.5089	-1.6891	0.0013
-7.5089	-1.6387	0.0019367
-7.5089	-1.5882	0.0025846
-7.5089	-1.5378	0.0035698
-7.5089	-1.4874	0.0045094
-7.5089	-1.437	0.0059141
-7.5089	-1.3866	0.0071845
-7.5089	-1.3361	0.0085897
-7.5089	-1.2857	0.010687
-7.5089	-1.2353	0.012439
-7.5089	-1.1849	0.01505
-7.5089	-1.1345	0.017134
-7.5089	-1.084	0.019311
-7.5089	-1.0336	0.022625
-7.5089	-0.98319	0.025055
-7.5089	-0.93277	0.028801
-7.5089	-0.88235	0.031402
-7.5089	-0.83193	0.033977
-7.5089	-0.78151	0.03816
-7.5089	-0.73109	0.040738
-7.5089	-0.68067	0.045087
-7.5089	-0.63025	0.047538
-7.5089	-0.57983	0.0498
-7.5089	-0.52941	0.054092
-7.5089	-0.47899	0.056026
-7.5089	-0.42857	0.060097
-7.5089	-0.37815	0.061574
-7.5089	-0.32773	0.06272
-7.5089	-0.27731	0.066162
-7.5089	-0.22689	0.066702
-7.5089	-0.17647	0.069537
-7.5089	-0.12605	0.069401
-7.5089	-0.07563	0.068878
-7.5089	-0.02521	0.070653
-7.5089	0.02521	0.069428
-7.5089	0.07563	0.070375
-7.5089	0.12605	0.068471
-7.5089	0.17647	0.066246
-7.5089	0.22689	0.066049
-7.5089	0.27731	0.064685
-7.5089	0.32773	0.063843
-7.5089	0.37815	0.060694
-7.5089	0.42857	0.059152
-7.5089	0.47899	0.055641
-7.5089	0.52941	0.052024
-7.5089	0.57983	0.049801
-7.5089	0.63025	0.04604
-7.5089	0.68067	0.043475
-7.5089	0.73109	0.039714
-7.5089	0.78151	0.036031
-7.5089	0.83193	0.033339
-7.5089	0.88235	0.029846
-7.5089	0.93277	0.02718
-7.5089	0.98319	0.023978
-7.5089	1.0336	0.020977
-7.5089	1.084	0.018623
-7.5089	1.1345	0.016011
-7.5089	1.1849	0.01392
-7.5089	1.2353	0.011729
-7.5089	1.2857	0.0097685
-7.5089	1.3361	0.0081855
-7.5089	1.3866	0.0066393
-7.5089	1.437	0.0053823
-7.5089	1.4874	0.0042218
-7.5089	1.5378	0.0032446
-7.5089	1.5882	0.0024579
-7.5089	1.6387	0.0017907
-7.5089	1.6891	0.001261
-7.4613	-1.6891	0.0014253
-7.4613	-1.6387	0.001943
-7.4613	-1.5882	0.0025597
-7.4613	-1.5378	0.0035266
-7.4613	-1.4874	0.0044104
-7.4613	-1.437	0.0057853
-7.4613	-1.3866	0.0069689
-7.4613	-1.3361	0.0082656
-7.4613	-1.2857	0.010308
-7.4613	-1.2353	0.011911
-7.4613	-1.1849	0.014455
-7.4613	-1.1345	0.016348
-7.4613	-1.084	0.018305
-7.4613	-1.0336	0.021523
-7.4613	-0.98319	0.023688
-7.4613	-0.93277	0.026168
-7.4613	-0.88235	0.028475
-7.4613	-0.83193	0.032393
-7.4613	-0.78151	0.034753
-7.4613	-0.73109	0.03702
-7.4613	-0.68067	0.041214
-7.4613	-0.63025	0.043356
-7.4613	-0.57983	0.047599
-7.4613	-0.52941	0.049491
-7.4613	-0.47899	0.051137
-7.4613	-0.42857	0.055146
-7.4613	-0.37815	0.056366
-7.4613	-0.32773	0.060053
-7.4613	-0.27731	0.060742
-7.4613	-0.22689	0.061086
-7.4613	-0.17647	0.064038
-7.4613	-0.12605	0.063754
-7.4613	-0.07563	0.066072
-7.4613	-0.02521	0.065128
-7.4613	0.02521	0.063838
-7.4613	0.07563	0.065118
-7.4613	0.12605	0.063198
-7.4613	0.17647	0.06371
-7.4613	0.22689	0.061216
-7.4613	0.27731	0.058485
-7.4613	0.32773	0.057989
-7.4613	0.37815	0.054834
-7.4613	0.42857	0.053684
-7.4613	0.47899	0.050226
-7.4613	0.52941	0.046705
-7.4613	0.57983	0.044903
-7.4613	0.63025	0.041283
-7.4613	0.68067	0.039137
-7.4613	0.73109	0.03555
-7.4613	0.78151	0.032069
-7.4613	0.83193	0.029775
-7.4613	0.88235	0.026499
-7.4613	0.93277	0.024201
-7.4613	0.98319	0.021221
-7.4613	1.0336	0.020427
-7.4613	1.084	0.017697
-7.4613	1.1345	0.01519
-7.4613	1.1849	0.013291
-7.4613	1.2353	0.011184
-7.4613	1.2857	0.0095524
-7.4613	1.3361	0.0078513
-7.4613	1.3866	0.0063641
-7.4613	1.437	0.0052003
-7.4613	1.4874	0.0040799
-7.4613	1.5378	0.0031976
-7.4613	1.5882	0.0024015
-7.4613	1.6387	0.0017543
-7.4613	1.6891	0.0012521
-7.4136	-1.6891	0.0012056
-7.4136	-1.6387	0.0016503
-7.4136	-1.5882	0.0023674
-7.4136	-1.5378	0.0030347
-7.4136	-1.4874	0.0037973
-7.4136	-1.437	0.0050277
-7.4136	-1.3866	0.0060533
-7.4136	-1.3361	0.0077187
-7.4136	-1.2857	0.0090225
-7.4136	-1.2353	0.010411
-7.4136	-1.1849	0.012742
-7.4136	-1.1345	0.014385
-7.4136	-1.084	0.017199
-7.4136	-1.0336	0.019058
-7.4136	-0.98319	0.02093
-7.4136	-0.93277	0.024338
-7.4136	-0.88235	0.026319
-7.4136	-0.83193	0.030073
-7.4136	-0.78151	0.03207
-7.4136	-0.73109	0.033956
-7.4136	-0.68067	0.037969
-7.4136	-0.63025	0.039708
-7.4136	-0.57983	0.043769
-7.4136	-0.52941	0.045246
-7.4136	-0.47899	0.046481
-7.4136	-0.42857	0.050316
-7.4136	-0.37815	0.051136
-7.4136	-0.32773	0.054674
-7.4136	-0.27731	0.054991
-7.4136	-0.22689	0.058102
-7.4136	-0.17647	0.058018
-7.4136	-0.12605	0.057601
-7.4136	-0.07563	0.060036
-7.4136	-0.02521	0.059016
-7.4136	0.02521	0.060817
-7.4136	0.07563	0.059195
-7.4136	0.12605	0.057291
-7.4136	0.17647	0.05812
-7.4136	0.22689	0.055693
-7.4136	0.27731	0.055839
-7.4136	0.32773	0.052967
-7.4136	0.37815	0.049948
-7.4136	0.42857	0.049248
-7.4136	0.47899	0.045952
-7.4136	0.52941	0.044726
-7.4136	0.57983	0.041275
-7.4136	0.63025	0.037848
-7.4136	0.68067	0.03615
-7.4136	0.73109	0.032753
-7.4136	0.78151	0.030821
-7.4136	0.83193	0.027569
-7.4136	0.88235	0.024477
-7.4136	0.93277	0.02252
-7.4136	0.98319	0.019703
-7.4136	1.0336	0.017801
-7.4136	1.084	0.015321
-7.4136	1.1345	0.013061
-7.4136	1.1849	0.011457
-7.4136	1.2353	0.0095711
-7.4136	1.2857	0.0081879
-7.4136	1.3361	0.006677
-7.4136	1.3866	0.0053672
-7.4136	1.437	0.004386
-7.4136	1.4874	0.0034083
-7.4136	1.5378	0.0026666
-7.4136	1.5882	0.0019796
-7.4136	1.6387	0.0014573
-7.4136	1.6891	0.0010112
-7.3659	-1.6891	0.0011795
-7.3659	-1.6387	0.0015894
-7.3659	-1.5882	0.0022704
-7.3659	-1.5378	0.0028762
-7.3659	-1.4874	0.003883
-7.3659	-1.437	0.0047133
-7.3659	-1.3866	0.0051585
-7.3659	-1.3361	0.0066339
-7.3659	-1.2857	0.0077432
-7.3659	-1.2353	0.0096608
-7.3659	-1.1849	0.011006
-7.3659	-1.1345	0.012399
-7.3659	-1.084	0.014947
-7.3659	-1.0336	0.016524
-7.3659	-0.98319	0.019518
-7.3659	-0.93277	0.021224
-7.3659	-0.88235	0.022891
-7.3659	-0.83193	0.026375
-7.3659	-0.78151	0.02805
-7.3659	-0.73109	0.031801
-7.3659	-0.68067	0.033387
-7.3659	-0.63025	0.034813
-7.3659	-0.57983	0.038679
-7.3659	-0.52941	0.039865
-7.3659	-0.47899	0.043682
-7.3659	-0.42857	0.044529
-7.3659	-0.37815	0.045114
-7.3659	-0.32773	0.048575
-7.3659	-0.27731	0.048705
-7.3659	-0.22689	0.051799
-7.3659	-0.17647	0.051416
-7.3659	-0.12605	0.050739
-7.3659	-0.07563	0.053107
-7.3659	-0.02521	0.051893
-7.3659	0.02521	0.053693
-7.3659	0.07563	0.051952
-7.3659	0.12605	0.049977
-7.3659	0.17647	0.050914
-7.3659	0.22689	0.048494
-7.3659	0.27731	0.048833
-7.3659	0.32773	0.046043
-7.3659	0.37815	0.045814
-7.3659	0.42857	0.042749
-7.3659	0.47899	0.039644
-7.3659	0.52941	0.038777
-7.3659	0.57983	0.037166
-7.3659	0.63025	0.035956
-7.3659	0.68067	0.032705
-7.3659	0.73109	0.029546
-7.3659	0.78151	0.028027
-7.3659	0.83193	0.025
-7.3659	0.88235	0.023341
-7.3659	0.93277	0.020534
-7.3659	0.98319	0.017918
-7.3659	1.0336	0.016324
-7.3659	1.084	0.014015
-7.3659	1.1345	0.012511
-7.3659	1.1849	0.010545
-7.3659	1.2353	0.0087917
-7.3659	1.2857	0.0075861
-7.3659	1.3361	0.0061767
-7.3659	1.3866	0.0051724
-7.3659	1.437	0.0040899
-7.3659	1.4874	0.0031768
-7.3659	1.5378	0.002511
-7.3659	1.5882	0.001866
-7.3659	1.6387	0.0013905
-7.3182	-1.6387	0.001298
-7.3182	-1.5882	0.0018785
-7.3182	-1.5378	0.0023808
-7.3182	-1.4874	0.0032478
-7.3182	-1.437	0.0039387
-7.3182	-1.3866	0.0046919
-7.3182	-1.3361	0.006044
-7.3182	-1.2857	0.0069927
-7.3182	-1.2353	0.0087469
-7.3182	-1.1849	0.0098839
-7.3182	-1.1345	0.011046
-7.3182	-1.084	0.013367
-7.3182	-1.0336	0.014666
-7.3182	-0.98319	0.017401
-7.3182	-0.93277	0.018787
-7.3182	-0.88235	0.0219
-7.3182	-0.83193	0.023304
-7.3182	-0.78151	0.024611
-7.3182	-0.73109	0.028067
-7.3182	-0.68067	0.029268
-7.3182	-0.63025	0.032314
-7.3182	-0.57983	0.033412
-7.3182	-0.52941	0.034318
-7.3182	-0.47899	0.037932
-7.3182	-0.42857	0.038533
-7.3182	-0.37815	0.042022
-7.3182	-0.32773	0.04224
-7.3182	-0.27731	0.042202
-7.3182	-0.22689	0.045245
-7.3182	-0.17647	0.04475
-7.3182	-0.12605	0.047388
-7.3182	-0.07563	0.046408
-7.3182	-0.02521	0.045181
-7.3182	0.02521	0.047088
-7.3182	0.07563	0.045397
-7.3182	0.12605	0.046761
-7.3182	0.17647	0.04464
-7.3182	0.22689	0.042364
-7.3182	0.27731	0.042956
-7.3182	0.32773	0.040358
-7.3182	0.37815	0.040437
-7.3182	0.42857	0.0376
-7.3182	0.47899	0.034744
-7.3182	0.52941	0.034235
-7.3182	0.57983	0.031289
-7.3182	0.63025	0.030428
-7.3182	0.68067	0.02749
-7.3182	0.73109	0.024663
-7.3182	0.78151	0.023523
-7.3182	0.83193	0.020835
-7.3182	0.88235	0.01956
-7.3182	0.93277	0.017085
-7.3182	0.98319	0.015762
-7.3182	1.0336	0.013555
-7.3182	1.084	0.01155
-7.3182	1.1345	0.010363
-7.3182	1.1849	0.0086653
-7.3182	1.2353	0.007591
-7.3182	1.2857	0.0062082
-7.3182	1.3361	0.0055867
-7.3182	1.3866	0.0047258
-7.3182	1.437	0.0037316
-7.3182	1.4874	0.0030421
-7.3182	1.5378	0.0023149
-7.3182	1.5882	0.0017209
-7.3182	1.6387	0.0012992
-7.2706	-1.6387	0.0011619
-7.2706	-1.5882	0.0015169
-7.2706	-1.5378	0.0019226
-7.2706	-1.4874	0.0026553
-7.2706	-1.437	0.0032156
-7.2706	-1.3866	0.0042491
-7.2706	-1.3361	0.0049756
-7.2706	-1.2857	0.0057414
-7.2706	-1.2353	0.0072483
-7.2706	-1.1849	0.0081657
-7.2706	-1.1345	0.010055
-7.2706	-1.084	0.011102
-7.2706	-1.0336	0.012138
-7.2706	-0.98319	0.014524
-7.2706	-0.93277	0.015623
-7.2706	-0.88235	0.018366
-7.2706	-0.83193	0.01947
-7.2706	-0.78151	0.020481
-7.2706	-0.73109	0.023564
-7.2706	-0.68067	0.024474
-7.2706	-0.63025	0.027752
-7.2706	-0.57983	0.028485
-7.2706	-0.52941	0.02904
-7.2706	-0.47899	0.03233
-7.2706	-0.42857	0.032604
-7.2706	-0.37815	0.035819
-7.2706	-0.32773	0.035747
-7.2706	-0.27731	0.038765
-7.2706	-0.22689	0.038298
-7.2706	-0.17647	0.037607
-7.2706	-0.12605	0.040114
-7.2706	-0.07563	0.039005
-7.2706	-0.02521	0.041091
-7.2706	0.02521	0.039568
-7.2706	0.07563	0.037872
-7.2706	0.12605	0.040241
-7.2706	0.17647	0.038257
-7.2706	0.22689	0.039261
-7.2706	0.27731	0.036958
-7.2706	0.32773	0.034577
-7.2706	0.37815	0.034918
-7.2706	0.42857	0.032336
-7.2706	0.47899	0.032252
-7.2706	0.52941	0.029551
-7.2706	0.57983	0.026898
-7.2706	0.63025	0.026366
-7.2706	0.68067	0.023726
-7.2706	0.73109	0.022938
-7.2706	0.78151	0.020391
-7.2706	0.83193	0.01799
-7.2706	0.88235	0.017038
-7.2706	0.93277	0.014827
-7.2706	0.98319	0.013806
-7.2706	1.0336	0.011831
-7.2706	1.084	0.010045
-7.2706	1.1345	0.0091033
-7.2706	1.1849	0.0075873
-7.2706	1.2353	0.0067168
-7.2706	1.2857	0.0054778
-7.2706	1.3361	0.0044085
-7.2706	1.3866	0.0037458
-7.2706	1.437	0.002927
-7.2706	1.4874	0.0023932
-7.2706	1.5378	0.0017994
-7.2706	1.5882	0.0013976
-7.2229	-1.6387	0.0010447
-7.2229	-1.5882	0.0013431
-7.2229	-1.5378	0.0019048
-7.2229	-1.4874	0.0023265
-7.2229	-1.437	0.002784
-7.2229	-1.3866	0.0036965
-7.2229	-1.3361	0.0042825
-7.2229	-1.2857	0.0054993
-7.2229	-1.2353	0.0062099
-7.2229	-1.1849	0.0069278
-7.2229	-1.1345	0.0085806
-7.2229	-1.084	0.0089864
-7.2229	-1.0336	0.010936
-7.2229	-0.98319	0.011818
-7.2229	-0.93277	0.012656
-7.2229	-0.88235	0.015016
-7.2229	-0.83193	0.015847
-7.2229	-0.78151	0.018499
-7.2229	-0.73109	0.019265
-7.2229	-0.68067	0.019913
-7.2229	-0.63025	0.022793
-7.2229	-0.57983	0.023283
-7.2229	-0.52941	0.026288
-7.2229	-0.47899	0.026555
-7.2229	-0.42857	0.026647
-7.2229	-0.37815	0.029574
-7.2229	-0.32773	0.029369
-7.2229	-0.27731	0.032181
-7.2229	-0.22689	0.031638
-7.2229	-0.17647	0.030908
-7.2229	-0.12605	0.033323
-7.2229	-0.07563	0.032239
-7.2229	-0.02521	0.034324
-7.2229	0.02521	0.032887
-7.2229	0.07563	0.031316
-7.2229	0.12605	0.032812
-7.2229	0.17647	0.030943
-7.2229	0.22689	0.032014
-7.2229	0.27731	0.029895
-7.2229	0.32773	0.030541
-7.2229	0.37815	0.028234
-7.2229	0.42857	0.025932
-7.2229	0.47899	0.026055
-7.2229	0.52941	0.023678
-7.2229	0.57983	0.023476
-7.2229	0.63025	0.021098
-7.2229	0.68067	0.018826
-7.2229	0.73109	0.018323
-7.2229	0.78151	0.016151
-7.2229	0.83193	0.015484
-7.2229	0.88235	0.014456
-7.2229	0.93277	0.012522
-7.2229	0.98319	0.011773
-7.2229	1.0336	0.010046
-7.2229	1.084	0.0092701
-7.2229	1.1345	0.0077764
-7.2229	1.1849	0.0064548
-7.2229	1.2353	0.005778
-7.2229	1.2857	0.0046949
-7.2229	1.3361	0.00409
-7.2229	1.3866	0.0032386
-7.2229	1.437	0.0025234
-7.2229	1.4874	0.002091
-7.2229	1.5378	0.0015695
-7.2229	1.5882	0.0012374
-7.1752	-1.5882	0.0010159
-7.1752	-1.5378	0.0014654
-7.1752	-1.4874	0.0017851
-7.1752	-1.437	0.0021286
-7.1752	-1.3866	0.0028691
-7.1752	-1.3361	0.0033099
-7.1752	-1.2857	0.0043098
-7.1752	-1.2353	0.004844
-7.1752	-1.1849	0.0053763
-7.1752	-1.1345	0.006746
-7.1752	-1.084	0.007341
-7.1752	-1.0336	0.0090084
-7.1752	-0.98319	0.0096376
-7.1752	-0.93277	0.011599
-7.1752	-0.88235	0.012224
-7.1752	-0.83193	0.012773
-7.1752	-0.78151	0.015034
-7.1752	-0.73109	0.015507
-7.1752	-0.68067	0.017979
-7.1752	-0.63025	0.018324
-7.1752	-0.57983	0.018539
-7.1752	-0.52941	0.021112
-7.1752	-0.47899	0.021128
-7.1752	-0.42857	0.02375
-7.1752	-0.37815	0.023521
-7.1752	-0.32773	0.023348
-7.1752	-0.27731	0.025872
-7.1752	-0.22689	0.025283
-7.1752	-0.17647	0.02767
-7.1752	-0.12605	0.026778
-7.1752	-0.07563	0.025747
-7.1752	-0.02521	0.027743
-7.1752	0.02521	0.026421
-7.1752	0.07563	0.028114
-7.1752	0.12605	0.02652
-7.1752	0.17647	0.024854
-7.1752	0.22689	0.026031
-7.1752	0.27731	0.024161
-7.1752	0.32773	0.024978
-7.1752	0.37815	0.022954
-7.1752	0.42857	0.020953
-7.1752	0.47899	0.021302
-7.1752	0.52941	0.019242
-7.1752	0.57983	0.019295
-7.1752	0.63025	0.017239
-7.1752	0.68067	0.015289
-7.1752	0.73109	0.01505
-7.1752	0.78151	0.013188
-7.1752	0.83193	0.012783
-7.1752	0.88235	0.011056
-7.1752	0.93277	0.01054
-7.1752	0.98319	0.008986
-7.1752	1.0336	0.0075895
-7.1752	1.084	0.0070575
-7.1752	1.1345	0.005859
-7.1752	1.1849	0.0053312
-7.1752	1.2353	0.0043381
-7.1752	1.2857	0.0034852
-7.1752	1.3361	0.003057
-7.1752	1.3866	0.0023917
-7.1752	1.437	0.002027
-7.1752	1.4874	0.001533
-7.1752	1.5378	0.0011343
-7.1275	-1.5378	0.0010835
-7.1275	-1.4874	0.0013145
-7.1275	-1.437	0.0018326
-7.1275	-1.3866	0.0021387
-7.1275	-1.3361	0.0024531
-7.1275	-1.2857	0.0032471
-7.1275	-1.2353	0.0036271
-7.1275	-1.1849	0.0046641
-7.1275	-1.1345	0.0050984
-7.1275	-1.084	0.0055098
-7.1275	-1.0336	0.0068652
-7.1275	-0.98319	0.0072935
-7.1275	-0.93277	0.0089049
-7.1275	-0.88235	0.0093192
-7.1275	-0.83193	0.0096656
-7.1275	-0.78151	0.011536
-7.1275	-0.73109	0.011811
-7.1275	-0.68067	0.013875
-7.1275	-0.63025	0.014038
-7.1275	-0.57983	0.014093
-7.1275	-0.52941	0.01626
-7.1275	-0.47899	0.016148
-7.1275	-0.42857	0.018383
-7.1275	-0.37815	0.01807
-7.1275	-0.32773	0.020309
-7.1275	-0.27731	0.019766
-7.1275	-0.22689	0.019103
-7.1275	-0.17647	0.021148
-7.1275	-0.12605	0.020246
-7.1275	-0.07563	0.02214
-7.1275	-0.02521	0.020996
-7.1275	0.02521	0.019775
-7.1275	0.07563	0.021306
-7.1275	0.12605	0.01988
-7.1275	0.17647	0.021149
-7.1275	0.22689	0.019547
-7.1275	0.27731	0.017941
-7.1275	0.32773	0.01879
-7.1275	0.37815	0.017078
-7.1275	0.42857	0.018552
-7.1275	0.47899	0.016753
-7.1275	0.52941	0.015018
-7.1275	0.57983	0.015276
-7.1275	0.63025	0.013547
-7.1275	0.68067	0.013579
-7.1275	0.73109	0.011906
-7.1275	0.78151	0.010354
-7.1275	0.83193	0.010176
-7.1275	0.88235	0.0087382
-7.1275	0.93277	0.0084434
-7.1275	0.98319	0.0071485
-7.1275	1.0336	0.0059941
-7.1275	1.084	0.0056511
-7.1275	1.1345	0.0046595
-7.1275	1.1849	0.0042982
-7.1275	1.2353	0.0034753
-7.1275	1.2857	0.0027738
-7.1275	1.3361	0.002469
-7.1275	1.3866	0.0019205
-7.1275	1.437	0.0016529
-7.1275	1.4874	0.0012441
-7.1275	1.5378	0.0010252
-7.0799	-1.4874	0.0010031
-7.0799	-1.437	0.001414
-7.0799	-1.3866	0.0016231
-7.0799	-1.3361	0.0022026
-7.0799	-1.2857	0.0024578
-7.0799	-1.2353	0.0027031
-7.0799	-1.1849	0.0035274
-7.0799	-1.1345	0.0037995
-7.0799	-1.084	0.0048392
-7.0799	-1.0336	0.0051211
-7.0799	-0.98319	0.0053619
-7.0799	-0.93277	0.0066521
-7.0799	-0.88235	0.0068645
-7.0799	-0.83193	0.0083594
-7.0799	-0.78151	0.0084458
-7.0799	-0.73109	0.0085637
-7.0799	-0.68067	0.010236
-7.0799	-0.63025	0.010258
-7.0799	-0.57983	0.012072
-7.0799	-0.52941	0.011965
-7.0799	-0.47899	0.011765
-7.0799	-0.42857	0.013614
-7.0799	-0.37815	0.013252
-7.0799	-0.32773	0.015129
-7.0799	-0.27731	0.014584
-7.0799	-0.22689	0.013953
-7.0799	-0.17647	0.015696
-7.0799	-0.12605	0.014878
-7.0799	-0.07563	0.016529
-7.0799	-0.02521	0.015524
-7.0799	0.02521	0.014472
-7.0799	0.07563	0.015852
-7.0799	0.12605	0.014644
-7.0799	0.17647	0.01584
-7.0799	0.22689	0.014498
-7.0799	0.27731	0.015482
-7.0799	0.32773	0.014037
-7.0799	0.37815	0.012631
-7.0799	0.42857	0.013282
-7.0799	0.47899	0.011834
-7.0799	0.52941	0.012268
-7.0799	0.57983	0.010819
-7.0799	0.63025	0.0094627
-7.0799	0.68067	0.009639
-7.0799	0.73109	0.0083364
-7.0799	0.78151	0.0083558
-7.0799	0.83193	0.007139
-7.0799	0.88235	0.0060431
-7.0799	0.93277	0.0059296
-7.0799	0.98319	0.0049494
-7.0799	1.0336	0.0047628
-7.0799	1.084	0.003913
-7.0799	1.1345	0.0031782
-7.0799	1.1849	0.003315
-7.0799	1.2353	0.0026572
-7.0799	1.2857	0.0024315
-7.0799	1.3361	0.0019052
-7.0799	1.3866	0.0014697
-7.0799	1.437	0.0012885
-7.0322	-1.3866	0.0010783
-7.0322	-1.3361	0.0014973
-7.0322	-1.2857	0.0016518
-7.0322	-1.2353	0.001794
-7.0322	-1.1849	0.0023967
-7.0322	-1.1345	0.0025495
-7.0322	-1.084	0.0033228
-7.0322	-1.0336	0.0034731
-7.0322	-0.98319	0.0044287
-7.0322	-0.93277	0.0045589
-7.0322	-0.88235	0.004643
-7.0322	-0.83193	0.0057876
-7.0322	-0.78151	0.0058192
-7.0322	-0.73109	0.0071259
-7.0322	-0.68067	0.0070814
-7.0322	-0.63025	0.0069716
-7.0322	-0.57983	0.0083833
-7.0322	-0.52941	0.0081676
-7.0322	-0.47899	0.009671
-7.0322	-0.42857	0.0093294
-7.0322	-0.37815	0.0089219
-7.0322	-0.32773	0.010402
-7.0322	-0.27731	0.0098568
-7.0322	-0.22689	0.011334
-7.0322	-0.17647	0.010643
-7.0322	-0.12605	0.0099109
-7.0322	-0.07563	0.01124
-7.0322	-0.02521	0.01081
-7.0322	0.02521	0.012103
-7.0322	0.07563	0.011121
-7.0322	0.12605	0.010134
-7.0322	0.17647	0.011195
-7.0322	0.22689	0.010112
-7.0322	0.27731	0.011024
-7.0322	0.32773	0.0098683
-7.0322	0.37815	0.0087588
-7.0322	0.42857	0.009414
-7.0322	0.47899	0.0082773
-7.0322	0.52941	0.0087705
-7.0322	0.57983	0.0076355
-7.0322	0.63025	0.0065873
-7.0322	0.68067	0.0068661
-7.0322	0.73109	0.0058601
-7.0322	0.78151	0.0060087
-7.0322	0.83193	0.0050685
-7.0322	0.88235	0.0042323
-7.0322	0.93277	0.0042522
-7.0322	0.98319	0.0035032
-7.0322	1.0336	0.0034499
-7.0322	1.084	0.0027992
-7.0322	1.1345	0.0026962
-7.0322	1.1849	0.0021493
-7.0322	1.2353	0.0016902
-7.0322	1.2857	0.0015761
-7.0322	1.3361	0.0012113
-7.0322	1.3866	0.0010939
-6.9845	-1.2857	0.0010222
-6.9845	-1.2353	0.0014166
-6.9845	-1.1849	0.001502
-6.9845	-1.1345	0.0015686
-6.9845	-1.084	0.0021076
-6.9845	-1.0336	0.0021635
-6.9845	-0.98319	0.0028421
-6.9845	-0.93277	0.0028747
-6.9845	-0.88235	0.0028721
-6.9845	-0.83193	0.0036936
-6.9845	-0.78151	0.0036453
-6.9845	-0.73109	0.0046022
-6.9845	-0.68067	0.0044916
-6.9845	-0.63025	0.0043359
-6.9845	-0.57983	0.0053825
-6.9845	-0.52941	0.0051453
-6.9845	-0.47899	0.0062823
-6.9845	-0.42857	0.0059499
-6.9845	-0.37815	0.0055775
-6.9845	-0.32773	0.0067119
-6.9845	-0.27731	0.0062382
-6.9845	-0.22689	0.0073927
-6.9845	-0.17647	0.0068138
-6.9845	-0.12605	0.0079564
-6.9845	-0.07563	0.0072731
-6.9845	-0.02521	0.0065838
-6.9845	0.02521	0.0075902
-6.9845	0.07563	0.0068158
-6.9845	0.12605	0.0077471
-6.9845	0.17647	0.0068999
-6.9845	0.22689	0.006085
-6.9845	0.27731	0.0068305
-6.9845	0.32773	0.0059739
-6.9845	0.37815	0.0066101
-6.9845	0.42857	0.005731
-6.9845	0.47899	0.0049181
-6.9845	0.52941	0.0053686
-6.9845	0.57983	0.0045647
-6.9845	0.63025	0.0049052
-6.9845	0.68067	0.0041295
-6.9845	0.73109	0.0037734
-6.9845	0.78151	0.0039885
-6.9845	0.83193	0.0033031
-6.9845	0.88235	0.003429
-6.9845	0.93277	0.0028054
-6.9845	0.98319	0.0022675
-6.9845	1.0336	0.0023047
-6.9845	1.084	0.0018362
-6.9845	1.1345	0.0018242
-6.9845	1.1849	0.0014292
-6.9845	1.2353	0.001103
-6.9845	1.2857	0.0010626
-6.9368	-1.1345	0.0011883
-6.9368	-1.084	0.0011958
-6.9368	-1.0336	0.0011838
-6.9368	-0.98319	0.0016253
-6.9368	-0.93277	0.001588
-6.9368	-0.88235	0.0021334
-6.9368	-0.83193	0.0020603
-6.9368	-0.78151	0.0019614
-6.9368	-0.73109	0.002593
-6.9368	-0.68067	0.0024448
-6.9368	-0.63025	0.0031719
-6.9368	-0.57983	0.002964
-6.9368	-0.52941	0.0027328
-6.9368	-0.47899	0.0036415
-6.9368	-0.42857	0.003353
-6.9368	-0.37815	0.0042086
-6.9368	-0.32773	0.0038451
-6.9368	-0.27731	0.0034688
-6.9368	-0.22689	0.0043024
-6.9368	-0.17647	0.0038537
-6.9368	-0.12605	0.0047002
-6.9368	-0.07563	0.0041802
-6.9368	-0.02521	0.0036716
-6.9368	0.02521	0.004429
-6.9368	0.07563	0.0038636
-6.9368	0.12605	0.0045849
-6.9368	0.17647	0.0039718
-6.9368	0.22689	0.0033974
-6.9368	0.27731	0.0039889
-6.9368	0.32773	0.0033881
-6.9368	0.37815	0.0039133
-6.9368	0.42857	0.0032991
-6.9368	0.47899	0.0037487
-6.9368	0.52941	0.0031352
-6.9368	0.57983	0.0025882
-6.9368	0.63025	0.0029051
-6.9368	0.68067	0.0023776
-6.9368	0.73109	0.0026214
-6.9368	0.78151	0.0021249
-6.9368	0.83193	0.0016985
-6.9368	0.88235	0.0018439
-6.9368	0.93277	0.0014576
-6.9368	0.98319	0.0015491
-6.9368	1.0336	0.0012092
-6.8892	-0.88235	0.0010375
-6.8892	-0.78151	0.0013475
-6.8892	-0.73109	0.0012334
-6.8892	-0.68067	0.0011085
-6.8892	-0.63025	0.0015427
-6.8892	-0.57983	0.001377
-6.8892	-0.52941	0.0018772
-6.8892	-0.47899	0.0016649
-6.8892	-0.42857	0.0014509
-6.8892	-0.37815	0.0019614
-6.8892	-0.32773	0.0017
-6.8892	-0.27731	0.0022529
-6.8892	-0.22689	0.0019423
-6.8892	-0.17647	0.0016458
-6.8892	-0.12605	0.0021649
-6.8892	-0.07563	0.0018257
-6.8892	-0.02521	0.0023546
-6.8892	0.02521	0.001976
-6.8892	0.07563	0.0016298
-6.8892	0.12605	0.0020868
-6.8892	0.17647	0.0017131
-6.8892	0.22689	0.0021506
-6.8892	0.27731	0.0019477
-6.8892	0.32773	0.0015772
-6.8892	0.37815	0.0019531
-6.8892	0.42857	0.0015731
-6.8892	0.47899	0.00191
-6.8892	0.52941	0.0015292
-6.8892	0.57983	0.001203
-6.8892	0.63025	0.001448
-6.8892	0.68067	0.0011316
-6.8892	0.73109	0.001334
-6.8892	0.78151	0.0010348
-6.6985	-0.73109	0.0011489
-6.6985	-0.63025	0.0011091
-6.6985	-0.52941	0.0011699
-6.6985	-0.47899	0.0014529
-6.6985	-0.42857	0.0012009
-6.6985	-0.37815	0.0014828
-6.6985	-0.32773	0.0012009
-6.6985	-0.27731	0.0014753
-6.6985	-0.22689	0.0011712
-6.6985	-0.17647	0.0014321
-6.6985	-0.12605	0.001719
-6.6985	-0.07563	0.0013573
-6.6985	-0.02521	0.0016216
-6.6985	0.02521	0.0012563
-6.6985	0.07563	0.0014942
-6.6985	0.12605	0.0017451
-6.6985	0.17647	0.001345
-6.6985	0.22689	0.0015633
-6.6985	0.27731	0.0011822
-6.6985	0.32773	0.0013676
-6.6985	0.37815	0.0015533
-6.6985	0.42857	0.0011673
-6.6985	0.47899	0.0013186
-6.6985	0.57983	0.0010908
-6.6985	0.63025	0.0012025
-6.6508	-1.0336	0.0010155
-6.6508	-0.93277	0.0012228
-6.6508	-0.88235	0.0015213
-6.6508	-0.83193	0.0014235
-6.6508	-0.78151	0.0017518
-6.6508	-0.73109	0.0016061
-6.6508	-0.68067	0.0019578
-6.6508	-0.63025	0.0023526
-6.6508	-0.57983	0.002127
-6.6508	-0.52941	0.0025342
-6.6508	-0.47899	0.0022493
-6.6508	-0.42857	0.0026592
-6.6508	-0.37815	0.0031018
-6.6508	-0.32773	0.0027205
-6.6508	-0.27731	0.0031501
-6.6508	-0.22689	0.0027158
-6.6508	-0.17647	0.0031229
-6.6508	-0.12605	0.0035447
-6.6508	-0.07563	0.003024
-6.6508	-0.02521	0.0034087
-6.6508	0.02521	0.0028613
-6.6508	0.07563	0.0030327
-6.6508	0.12605	0.0033735
-6.6508	0.17647	0.0027955
-6.6508	0.22689	0.0030884
-6.6508	0.27731	0.0025185
-6.6508	0.32773	0.0027634
-6.6508	0.37815	0.0022167
-6.6508	0.42857	0.0024153
-6.6508	0.47899	0.0025956
-6.6508	0.52941	0.0020605
-6.6508	0.57983	0.0021971
-6.6508	0.63025	0.0017136
-6.6508	0.68067	0.0018122
-6.6508	0.73109	0.0018892
-6.6508	0.78151	0.001454
-6.6508	0.83193	0.0015012
-6.6508	0.88235	0.0011321
-6.6508	0.93277	0.0011565
-6.6508	0.98319	0.001163
-6.6031	-1.1849	0.0011375
-6.6031	-1.1345	0.0012758
-6.6031	-1.084	0.0013052
-6.6031	-1.0336	0.0016199
-6.6031	-0.98319	0.0016203
-6.6031	-0.93277	0.0019819
-6.6031	-0.88235	0.0019423
-6.6031	-0.83193	0.0023457
-6.6031	-0.78151	0.0027985
-6.6031	-0.73109	0.0026936
-6.6031	-0.68067	0.0031783
-6.6031	-0.63025	0.0030067
-6.6031	-0.57983	0.0035125
-6.6031	-0.52941	0.0040582
-6.6031	-0.47899	0.0037818
-6.6031	-0.42857	0.0043295
-6.6031	-0.37815	0.0039704
-6.6031	-0.32773	0.0045065
-6.6031	-0.27731	0.0050616
-6.6031	-0.22689	0.004579
-6.6031	-0.17647	0.0051008
-6.6031	-0.12605	0.0045441
-6.6031	-0.07563	0.0050216
-6.6031	-0.02521	0.005493
-6.6031	0.02521	0.004831
-6.6031	0.07563	0.0052423
-6.6031	0.12605	0.0045428
-6.6031	0.17647	0.0048905
-6.6031	0.22689	0.0052115
-6.6031	0.27731	0.0044595
-6.6031	0.32773	0.0047128
-6.6031	0.37815	0.003974
-6.6031	0.42857	0.0041641
-6.6031	0.47899	0.004318
-6.6031	0.52941	0.0035927
-6.6031	0.57983	0.0036911
-6.6031	0.63025	0.0030237
-6.6031	0.68067	0.0030763
-6.6031	0.73109	0.0030951
-6.6031	0.78151	0.0024956
-6.6031	0.83193	0.0024929
-6.6031	0.88235	0.001974
-6.6031	0.93277	0.0019523
-6.6031	0.98319	0.0015159
-6.6031	1.0336	0.0014795
-6.6031	1.084	0.0014245
-6.6031	1.1345	0.0010806
-6.6031	1.1849	0.0010234
-6.5554	-1.2857	0.0011811
-6.5554	-1.2353	0.0012843
-6.5554	-1.1849	0.0016025
-6.5554	-1.1345	0.0016964
-6.5554	-1.084	0.0020773
-6.5554	-1.0336	0.0025125
-6.5554	-0.98319	0.00259
-6.5554	-0.93277	0.0030856
-6.5554	-0.88235	0.0031207
-6.5554	-0.83193	0.0036686
-6.5554	-0.78151	0.0042686
-6.5554	-0.73109	0.0042355
-6.5554	-0.68067	0.0048713
-6.5554	-0.63025	0.0047587
-6.5554	-0.57983	0.0054148
-6.5554	-0.52941	0.006105
-6.5554	-0.47899	0.0058704
-6.5554	-0.42857	0.0065539
-6.5554	-0.37815	0.0058877
-6.5554	-0.32773	0.0065409
-6.5554	-0.27731	0.006113
-6.5554	-0.22689	0.0067304
-6.5554	-0.17647	0.0073453
-6.5554	-0.12605	0.0067669
-6.5554	-0.07563	0.0073208
-6.5554	-0.02521	0.006649
-6.5554	0.02521	0.0071317
-6.5554	0.07563	0.0075837
-6.5554	0.12605	0.0067908
-6.5554	0.17647	0.0071588
-6.5554	0.22689	0.0063201
-6.5554	0.27731	0.0066044
-6.5554	0.32773	0.0068415
-6.5554	0.37815	0.0059536
-6.5554	0.42857	0.0061109
-6.5554	0.47899	0.005242
-6.5554	0.52941	0.0053294
-6.5554	0.57983	0.0053689
-6.5554	0.63025	0.0045346
-6.5554	0.68067	0.0045208
-6.5554	0.73109	0.0037597
-6.5554	0.78151	0.0037067
-6.5554	0.83193	0.0036179
-6.5554	0.88235	0.0029537
-6.5554	0.93277	0.0028461
-6.5554	0.98319	0.0022814
-6.5554	1.0336	0.0021671
-6.5554	1.084	0.0020342
-6.5554	1.1345	0.0015904
-6.5554	1.1849	0.0014667
-6.5554	1.2353	0.0011186
-6.5554	1.2857	0.0010103
-6.5077	-1.3361	0.001196
-6.5077	-1.2857	0.0013468
-6.5077	-1.2353	0.0016819
-6.5077	-1.1849	0.0020712
-6.5077	-1.1345	0.0022481
-6.5077	-1.084	0.0027149
-6.5077	-1.0336	0.0028788
-6.5077	-0.98319	0.003419
-6.5077	-0.93277	0.004018
-6.5077	-0.88235	0.0041576
-6.5077	-0.83193	0.0048185
-6.5077	-0.78151	0.0049004
-6.5077	-0.73109	0.0056086
-6.5077	-0.68067	0.0063621
-6.5077	-0.63025	0.0063524
-6.5077	-0.57983	0.0071257
-6.5077	-0.52941	0.0070143
-6.5077	-0.47899	0.0077861
-6.5077	-0.42857	0.0085733
-6.5077	-0.37815	0.0083092
-6.5077	-0.32773	0.0090601
-6.5077	-0.27731	0.0086667
-6.5077	-0.22689	0.009361
-6.5077	-0.17647	0.010034
-6.5077	-0.12605	0.0094584
-6.5077	-0.07563	0.010045
-6.5077	-0.02521	0.0093459
-6.5077	0.02521	0.0098363
-6.5077	0.07563	0.010275
-6.5077	0.12605	0.0094179
-6.5077	0.17647	0.009748
-6.5077	0.22689	0.0088145
-6.5077	0.27731	0.0090393
-6.5077	0.32773	0.0091989
-6.5077	0.37815	0.0081328
-6.5077	0.42857	0.008229
-6.5077	0.47899	0.007229
-6.5077	0.52941	0.0072423
-6.5077	0.57983	0.0062706
-6.5077	0.63025	0.0062172
-6.5077	0.68067	0.0061119
-6.5077	0.73109	0.0052003
-6.5077	0.78151	0.0050538
-6.5077	0.83193	0.0042319
-6.5077	0.88235	0.0040617
-6.5077	0.93277	0.0038608
-6.5077	0.98319	0.0031654
-6.5077	1.0336	0.0029653
-6.5077	1.084	0.0023841
-6.5077	1.1345	0.0021967
-6.5077	1.1849	0.0019999
-6.5077	1.2353	0.0015614
-6.5077	1.2857	0.001392
-6.5077	1.3361	0.0010568
-6.4601	-1.437	0.001084
-6.4601	-1.3866	0.0012838
-6.4601	-1.3361	0.0016175
-6.4601	-1.2857	0.001851
-6.4601	-1.2353	0.0022735
-6.4601	-1.1849	0.0027563
-6.4601	-1.1345	0.0030413
-6.4601	-1.084	0.0036164
-6.4601	-1.0336	0.0039002
-6.4601	-0.98319	0.0045609
-6.4601	-0.93277	0.0052821
-6.4601	-0.88235	0.0055547
-6.4601	-0.83193	0.0059426
-6.4601	-0.78151	0.0061548
-6.4601	-0.73109	0.0069692
-6.4601	-0.68067	0.007103
-6.4601	-0.63025	0.0079478
-6.4601	-0.57983	0.0088225
-6.4601	-0.52941	0.0088326
-6.4601	-0.47899	0.0096993
-6.4601	-0.42857	0.0095811
-6.4601	-0.37815	0.010414
-6.4601	-0.32773	0.011237
-6.4601	-0.27731	0.010931
-6.4601	-0.22689	0.01168
-6.4601	-0.17647	0.011223
-6.4601	-0.12605	0.011879
-6.4601	-0.07563	0.012485
-6.4601	-0.02521	0.011823
-6.4601	0.02521	0.01231
-6.4601	0.07563	0.011513
-6.4601	0.12605	0.011877
-6.4601	0.17647	0.012166
-6.4601	0.22689	0.011207
-6.4601	0.27731	0.011371
-6.4601	0.32773	0.010336
-6.4601	0.37815	0.010387
-6.4601	0.42857	0.010362
-6.4601	0.47899	0.0092644
-6.4601	0.52941	0.0091476
-6.4601	0.57983	0.0080616
-6.4601	0.63025	0.0078746
-6.4601	0.68067	0.0076316
-6.4601	0.73109	0.0066014
-6.4601	0.78151	0.006322
-6.4601	0.83193	0.0053807
-6.4601	0.88235	0.0050868
-6.4601	0.93277	0.0047654
-6.4601	0.98319	0.0039657
-6.4601	1.0336	0.0036595
-6.4601	1.084	0.0029858
-6.4601	1.1345	0.0028478
-6.4601	1.1849	0.0022811
-6.4601	1.2353	0.0020411
-6.4601	1.2857	0.0018029
-6.4601	1.3361	0.0013946
-6.4601	1.3866	0.001201
-6.4124	-1.437	0.0011589
-6.4124	-1.3866	0.0014758
-6.4124	-1.3361	0.0018479
-6.4124	-1.2857	0.0021501
-6.4124	-1.2353	0.0026225
-6.4124	-1.1849	0.0029669
-6.4124	-1.1345	0.0035417
-6.4124	-1.084	0.0041811
-6.4124	-1.0336	0.0045843
-6.4124	-0.98319	0.0053202
-6.4124	-0.93277	0.0057164
-6.4124	-0.88235	0.0065348
-6.4124	-0.83193	0.007406
-6.4124	-0.78151	0.0077745
-6.4124	-0.73109	0.0086971
-6.4124	-0.68067	0.0089828
-6.4124	-0.63025	0.0099292
-6.4124	-0.57983	0.010894
-6.4124	-0.52941	0.011043
-6.4124	-0.47899	0.011984
-6.4124	-0.42857	0.011983
-6.4124	-0.37815	0.01287
-6.4124	-0.32773	0.013728
-6.4124	-0.27731	0.01351
-6.4124	-0.22689	0.014269
-6.4124	-0.17647	0.013874
-6.4124	-0.12605	0.014513
-6.4124	-0.07563	0.013666
-6.4124	-0.02521	0.014207
-6.4124	0.02521	0.014671
-6.4124	0.07563	0.013913
-6.4124	0.12605	0.014232
-6.4124	0.17647	0.013335
-6.4124	0.22689	0.013511
-6.4124	0.27731	0.013598
-6.4124	0.32773	0.012546
-6.4124	0.37815	0.012503
-6.4124	0.42857	0.011386
-6.4124	0.47899	0.011232
-6.4124	0.52941	0.011002
-6.4124	0.57983	0.0098479
-6.4124	0.63025	0.0095413
-6.4124	0.68067	0.0084153
-6.4124	0.73109	0.0080596
-6.4124	0.78151	0.0076584
-6.4124	0.83193	0.0066193
-6.4124	0.88235	0.0062087
-6.4124	0.93277	0.005274
-6.4124	0.98319	0.0048767
-6.4124	1.0336	0.004467
-6.4124	1.084	0.0036992
-6.4124	1.1345	0.003331
-6.4124	1.1849	0.002698
-6.4124	1.2353	0.0023816
-6.4124	1.2857	0.0020757
-6.4124	1.3361	0.0016208
-6.4124	1.3866	0.001376
-6.4124	1.437	0.0010385
-6.3647	-1.4874	0.001179
-6.3647	-1.437	0.0014501
-6.3647	-1.3866	0.0018224
-6.3647	-1.3361	0.0021616
-6.3647	-1.2857	0.0023932
-6.3647	-1.2353	0.0029038
-6.3647	-1.1849	0.0033289
-6.3647	-1.1345	0.0039511
-6.3647	-1.084	0.004424
-6.3647	-1.0336	0.0051538
-6.3647	-0.98319	0.0059457
-6.3647	-0.93277	0.0064774
-6.3647	-0.88235	0.0073588
-6.3647	-0.83193	0.0078732
-6.3647	-0.78151	0.0088219
-6.3647	-0.73109	0.0098072
-6.3647	-0.68067	0.010269
-6.3647	-0.63025	0.011277
-6.3647	-0.57983	0.011629
-6.3647	-0.52941	0.012626
-6.3647	-0.47899	0.013615
-6.3647	-0.42857	0.013785
-6.3647	-0.37815	0.014708
-6.3647	-0.32773	0.014694
-6.3647	-0.27731	0.01552
-6.3647	-0.22689	0.016286
-6.3647	-0.17647	0.016012
-6.3647	-0.12605	0.016639
-6.3647	-0.07563	0.016164
-6.3647	-0.02521	0.016636
-6.3647	0.02521	0.017013
-6.3647	0.07563	0.016282
-6.3647	0.12605	0.016492
-6.3647	0.17647	0.015601
-6.3647	0.22689	0.015649
-6.3647	0.27731	0.015597
-6.3647	0.32773	0.014531
-6.3647	0.37815	0.014338
-6.3647	0.42857	0.013193
-6.3647	0.47899	0.012884
-6.3647	0.52941	0.011702
-6.3647	0.57983	0.011304
-6.3647	0.63025	0.010843
-6.3647	0.68067	0.0099032
-6.3647	0.73109	0.0094228
-6.3647	0.78151	0.0082945
-6.3647	0.83193	0.0077943
-6.3647	0.88235	0.0072654
-6.3647	0.93277	0.0062564
-6.3647	0.98319	0.0057493
-6.3647	1.0336	0.004859
-6.3647	1.084	0.0043945
-6.3647	1.1345	0.0039344
-6.3647	1.1849	0.0032301
-6.3647	1.2353	0.0028356
-6.3647	1.2857	0.0022694
-6.3647	1.3361	0.0019461
-6.3647	1.3866	0.0016444
-6.3647	1.437	0.0012586
-6.3647	1.4874	0.0010292
-6.317	-1.4874	0.0012476
-6.317	-1.437	0.0015528
-6.317	-1.3866	0.0019452
-6.317	-1.3361	0.0023326
-6.317	-1.2857	0.002838
-6.317	-1.2353	0.0034074
-6.317	-1.1849	0.0039274
-6.317	-1.1345	0.0046148
-6.317	-1.084	0.005201
-6.317	-1.0336	0.0060001
-6.317	-0.98319	0.0068573
-6.317	-0.93277	0.0075273
-6.317	-0.88235	0.0084729
-6.317	-0.83193	0.0091441
-6.317	-0.78151	0.010153
-6.317	-0.73109	0.010783
-6.317	-0.68067	0.011823
-6.317	-0.63025	0.01287
-6.317	-0.57983	0.013402
-6.317	-0.52941	0.013915
-6.317	-0.47899	0.014315
-6.317	-0.42857	0.015291
-6.317	-0.37815	0.016227
-6.317	-0.32773	0.016399
-6.317	-0.27731	0.017224
-6.317	-0.22689	0.01718
-6.317	-0.17647	0.017866
-6.317	-0.12605	0.018464
-6.317	-0.07563	0.01812
-6.317	-0.02521	0.018546
-6.317	0.02521	0.017981
-6.317	0.07563	0.018226
-6.317	0.12605	0.018361
-6.317	0.17647	0.01753
-6.317	0.22689	0.017488
-6.317	0.27731	0.016502
-6.317	0.32773	0.016299
-6.317	0.37815	0.015997
-6.317	0.42857	0.014859
-6.317	0.47899	0.014432
-6.317	0.52941	0.013239
-6.317	0.57983	0.01272
-6.317	0.63025	0.012138
-6.317	0.68067	0.010937
-6.317	0.73109	0.010314
-6.317	0.78151	0.0091585
-6.317	0.83193	0.0085272
-6.317	0.88235	0.0078768
-6.317	0.93277	0.0068422
-6.317	0.98319	0.0062289
-6.317	1.0336	0.0053108
-6.317	1.084	0.0047564
-6.317	1.1345	0.0039708
-6.317	1.1849	0.0034903
-6.317	1.2353	0.0030327
-6.317	1.2857	0.0024451
-6.317	1.3361	0.0020738
-6.317	1.3866	0.0016201
-6.317	1.437	0.0014729
-6.317	1.4874	0.0012011
-6.2694	-1.4874	0.0012695
-6.2694	-1.437	0.0016163
-6.2694	-1.3866	0.00202
-6.2694	-1.3361	0.002448
-6.2694	-1.2857	0.0029692
-6.2694	-1.2353	0.0034906
-6.2694	-1.1849	0.0041331
-6.2694	-1.1345	0.004839
-6.2694	-1.084	0.0055007
-6.2694	-1.0336	0.0063208
-6.2694	-0.98319	0.0070454
-6.2694	-0.93277	0.0079648
-6.2694	-0.88235	0.0089285
-6.2694	-0.83193	0.0097206
-6.2694	-0.78151	0.010746
-6.2694	-0.73109	0.011522
-6.2694	-0.68067	0.012576
-6.2694	-0.63025	0.013631
-6.2694	-0.57983	0.014335
-6.2694	-0.52941	0.015359
-6.2694	-0.47899	0.015934
-6.2694	-0.42857	0.016886
-6.2694	-0.37815	0.017782
-6.2694	-0.32773	0.018126
-6.2694	-0.27731	0.018892
-6.2694	-0.22689	0.019007
-6.2694	-0.17647	0.019613
-6.2694	-0.12605	0.019481
-6.2694	-0.07563	0.019905
-6.2694	-0.02521	0.020217
-6.2694	0.02521	0.019754
-6.2694	0.07563	0.019868
-6.2694	0.12605	0.019176
-6.2694	0.17647	0.019099
-6.2694	0.22689	0.019017
-6.2694	0.27731	0.018098
-6.2694	0.32773	0.017792
-6.2694	0.37815	0.016728
-6.2694	0.42857	0.016277
-6.2694	0.47899	0.015739
-6.2694	0.52941	0.014555
-6.2694	0.57983	0.013921
-6.2694	0.63025	0.012709
-6.2694	0.68067	0.012017
-6.2694	0.73109	0.011282
-6.2694	0.78151	0.010107
-6.2694	0.83193	0.0093702
-6.2694	0.88235	0.0082667
-6.2694	0.93277	0.0075585
-6.2694	0.98319	0.0068532
-6.2694	1.0336	0.0059031
-6.2694	1.084	0.0052662
-6.2694	1.1345	0.004445
-6.2694	1.1849	0.0038925
-6.2694	1.2353	0.0033707
-6.2694	1.2857	0.0027495
-6.2694	1.3361	0.0023249
-6.2694	1.3866	0.001839
-6.2694	1.437	0.0015097
-6.2694	1.4874	0.001217
-6.2217	-1.5378	0.0011281
-6.2217	-1.4874	0.0014549
-6.2217	-1.437	0.0018321
-6.2217	-1.3866	0.0022629
-6.2217	-1.3361	0.0027582
-6.2217	-1.2857	0.0033147
-6.2217	-1.2353	0.003913
-6.2217	-1.1849	0.0045934
-6.2217	-1.1345	0.0052891
-6.2217	-1.084	0.0060874
-6.2217	-1.0336	0.0069394
-6.2217	-0.98319	0.0073088
-6.2217	-0.93277	0.0082336
-6.2217	-0.88235	0.009086
-6.2217	-0.83193	0.010086
-6.2217	-0.78151	0.011109
-6.2217	-0.73109	0.011998
-6.2217	-0.68067	0.013047
-6.2217	-0.63025	0.013895
-6.2217	-0.57983	0.014929
-6.2217	-0.52941	0.015935
-6.2217	-0.47899	0.016668
-6.2217	-0.42857	0.017595
-6.2217	-0.37815	0.018172
-6.2217	-0.32773	0.018981
-6.2217	-0.27731	0.019707
-6.2217	-0.22689	0.020014
-6.2217	-0.17647	0.020569
-6.2217	-0.12605	0.02063
-6.2217	-0.07563	0.020993
-6.2217	-0.02521	0.021238
-6.2217	0.02521	0.02095
-6.2217	0.07563	0.020988
-6.2217	0.12605	0.020444
-6.2217	0.17647	0.02028
-6.2217	0.22689	0.019998
-6.2217	0.27731	0.019158
-6.2217	0.32773	0.018703
-6.2217	0.37815	0.017691
-6.2217	0.42857	0.017093
-6.2217	0.47899	0.015963
-6.2217	0.52941	0.015258
-6.2217	0.57983	0.01449
-6.2217	0.63025	0.013294
-6.2217	0.68067	0.012479
-6.2217	0.73109	0.011292
-6.2217	0.78151	0.010468
-6.2217	0.83193	0.0096332
-6.2217	0.88235	0.008538
-6.2217	0.93277	0.0077471
-6.2217	0.98319	0.0071201
-6.2217	1.0336	0.0063888
-6.2217	1.084	0.0056809
-6.2217	1.1345	0.0048384
-6.2217	1.1849	0.004224
-6.2217	1.2353	0.003517
-6.2217	1.2857	0.0030052
-6.2217	1.3361	0.002535
-6.2217	1.3866	0.0020276
-6.2217	1.437	0.0016615
-6.2217	1.4874	0.0012801
-6.2217	1.5378	0.0010103
-6.174	-1.5378	0.0010977
-6.174	-1.4874	0.0014342
-6.174	-1.437	0.0018048
-6.174	-1.3866	0.0022557
-6.174	-1.3361	0.002745
-6.174	-1.2857	0.003293
-6.174	-1.2353	0.003928
-6.174	-1.1849	0.0046004
-6.174	-1.1345	0.005347
-6.174	-1.084	0.0061376
-6.174	-1.0336	0.0069778
-6.174	-0.98319	0.0078719
-6.174	-0.93277	0.0088044
-6.174	-0.88235	0.0097543
-6.174	-0.83193	0.010752
-6.174	-0.78151	0.011722
-6.174	-0.73109	0.01275
-6.174	-0.68067	0.013771
-6.174	-0.63025	0.014721
-6.174	-0.57983	0.015711
-6.174	-0.52941	0.016579
-6.174	-0.47899	0.017497
-6.174	-0.42857	0.01835
-6.174	-0.37815	0.01904
-6.174	-0.32773	0.01976
-6.174	-0.27731	0.020261
-6.174	-0.22689	0.02055
-6.174	-0.17647	0.021047
-6.174	-0.12605	0.021281
-6.174	-0.07563	0.02158
-6.174	-0.02521	0.021559
-6.174	0.02521	0.021647
-6.174	0.07563	0.021611
-6.174	0.12605	0.021238
-6.174	0.17647	0.020994
-6.174	0.22689	0.020375
-6.174	0.27731	0.019939
-6.174	0.32773	0.019399
-6.174	0.37815	0.018507
-6.174	0.42857	0.017819
-6.174	0.47899	0.016777
-6.174	0.52941	0.015981
-6.174	0.57983	0.015126
-6.174	0.63025	0.013982
-6.174	0.68067	0.013081
-6.174	0.73109	0.011921
-6.174	0.78151	0.011017
-6.174	0.83193	0.010107
-6.174	0.88235	0.0090192
-6.174	0.93277	0.0081594
-6.174	0.98319	0.0071608
-6.174	1.0336	0.0063785
-6.174	1.084	0.0054952
-6.174	1.1345	0.0048097
-6.174	1.1849	0.0041665
-6.174	1.2353	0.0034793
-6.174	1.2857	0.0029482
-6.174	1.3361	0.0023959
-6.174	1.3866	0.0019762
-6.174	1.437	0.0016039
-6.174	1.4874	0.0012374
-6.1263	-1.5378	0.0012203
-6.1263	-1.4874	0.0015511
-6.1263	-1.437	0.0017357
-6.1263	-1.3866	0.0021926
-6.1263	-1.3361	0.0026653
-6.1263	-1.2857	0.003252
-6.1263	-1.2353	0.0038477
-6.1263	-1.1849	0.0044982
-6.1263	-1.1345	0.0052796
-6.1263	-1.084	0.0060471
-6.1263	-1.0336	0.0069382
-6.1263	-0.98319	0.0078079
-6.1263	-0.93277	0.0087114
-6.1263	-0.88235	0.0097295
-6.1263	-0.83193	0.010696
-6.1263	-0.78151	0.011745
-6.1263	-0.73109	0.01274
-6.1263	-0.68067	0.013722
-6.1263	-0.63025	0.01476
-6.1263	-0.57983	0.015707
-6.1263	-0.52941	0.01667
-6.1263	-0.47899	0.01754
-6.1263	-0.42857	0.018343
-6.1263	-0.37815	0.019136
-6.1263	-0.32773	0.0198
-6.1263	-0.27731	0.020417
-6.1263	-0.22689	0.02091
-6.1263	-0.17647	0.021318
-6.1263	-0.12605	0.021613
-6.1263	-0.07563	0.021788
-6.1263	-0.02521	0.02187
-6.1263	0.02521	0.02183
-6.1263	0.07563	0.02166
-6.1263	0.12605	0.021406
-6.1263	0.17647	0.021035
-6.1263	0.22689	0.020535
-6.1263	0.27731	0.019976
-6.1263	0.32773	0.019258
-6.1263	0.37815	0.018543
-6.1263	0.42857	0.017747
-6.1263	0.47899	0.016808
-6.1263	0.52941	0.016368
-6.1263	0.57983	0.015328
-6.1263	0.63025	0.014394
-6.1263	0.68067	0.013429
-6.1263	0.73109	0.012331
-6.1263	0.78151	0.011364
-6.1263	0.83193	0.010277
-6.1263	0.88235	0.009345
-6.1263	0.93277	0.0084325
-6.1263	0.98319	0.0074511
-6.1263	1.0336	0.006621
-6.1263	1.084	0.0057425
-6.1263	1.1345	0.005015
-6.1263	1.1849	0.0043356
-6.1263	1.2353	0.0036458
-6.1263	1.2857	0.0030841
-6.1263	1.3361	0.0025255
-6.1263	1.3866	0.0020808
-6.1263	1.437	0.0016876
-6.1263	1.4874	0.0013139
-6.1263	1.5378	0.0010257
-6.0787	-1.5378	0.0011506
-6.0787	-1.4874	0.0014635
-6.0787	-1.437	0.0018816
-6.0787	-1.3866	0.0023043
-6.0787	-1.3361	0.0027782
-6.0787	-1.2857	0.0033967
-6.0787	-1.2353	0.0039891
-6.0787	-1.1849	0.0047473
-6.0787	-1.1345	0.0054557
-6.0787	-1.084	0.0062074
-6.0787	-1.0336	0.0071558
-6.0787	-0.98319	0.0080016
-6.0787	-0.93277	0.0090456
-6.0787	-0.88235	0.0099603
-6.0787	-0.83193	0.010884
-6.0787	-0.78151	0.012012
-6.0787	-0.73109	0.012952
-6.0787	-0.68067	0.013601
-6.0787	-0.63025	0.014533
-6.0787	-0.57983	0.015428
-6.0787	-0.52941	0.016477
-6.0787	-0.47899	0.017293
-6.0787	-0.42857	0.018227
-6.0787	-0.37815	0.018923
-6.0787	-0.32773	0.019529
-6.0787	-0.27731	0.020239
-6.0787	-0.22689	0.020673
-6.0787	-0.17647	0.021181
-6.0787	-0.12605	0.021416
-6.0787	-0.07563	0.021533
-6.0787	-0.02521	0.021724
-6.0787	0.02521	0.021626
-6.0787	0.07563	0.021578
-6.0787	0.12605	0.021269
-6.0787	0.17647	0.020846
-6.0787	0.22689	0.020476
-6.0787	0.27731	0.019868
-6.0787	0.32773	0.019286
-6.0787	0.37815	0.018521
-6.0787	0.42857	0.017757
-6.0787	0.47899	0.016871
-6.0787	0.52941	0.015932
-6.0787	0.57983	0.014999
-6.0787	0.63025	0.014004
-6.0787	0.68067	0.012997
-6.0787	0.73109	0.01199
-6.0787	0.78151	0.010984
-6.0787	0.83193	0.0099792
-6.0787	0.88235	0.0090195
-6.0787	0.93277	0.008057
-6.0787	0.98319	0.0071748
-6.0787	1.0336	0.0063351
-6.0787	1.084	0.0055106
-6.0787	1.1345	0.0047802
-6.0787	1.1849	0.0040681
-6.0787	1.2353	0.0034571
-6.0787	1.2857	0.0031729
-6.0787	1.3361	0.0026165
-6.0787	1.3866	0.0021541
-6.0787	1.437	0.0017201
-6.0787	1.4874	0.0013707
-6.0787	1.5378	0.0010707
-6.031	-1.5378	0.001069
-6.031	-1.4874	0.0013611
-6.031	-1.437	0.0017623
-6.031	-1.3866	0.0021581
-6.031	-1.3361	0.0026012
-6.031	-1.2857	0.0032001
-6.031	-1.2353	0.0037549
-6.031	-1.1849	0.0044983
-6.031	-1.1345	0.0051629
-6.031	-1.084	0.0058663
-6.031	-1.0336	0.0068103
-6.031	-0.98319	0.0076031
-6.031	-0.93277	0.0086609
-6.031	-0.88235	0.0095195
-6.031	-0.83193	0.010656
-6.031	-0.78151	0.011549
-6.031	-0.73109	0.012429
-6.031	-0.68067	0.013607
-6.031	-0.63025	0.014462
-6.031	-0.57983	0.015599
-6.031	-0.52941	0.016386
-6.031	-0.47899	0.017108
-6.031	-0.42857	0.018106
-6.031	-0.37815	0.018699
-6.031	-0.32773	0.019535
-6.031	-0.27731	0.019965
-6.031	-0.22689	0.020289
-6.031	-0.17647	0.020844
-6.031	-0.12605	0.020969
-6.031	-0.07563	0.021296
-6.031	-0.02521	0.021211
-6.031	0.02521	0.02101
-6.031	0.07563	0.02117
-6.031	0.12605	0.020818
-6.031	0.17647	0.020634
-6.031	0.22689	0.020089
-6.031	0.27731	0.019448
-6.031	0.32773	0.018975
-6.031	0.37815	0.018181
-6.031	0.42857	0.017532
-6.031	0.47899	0.01662
-6.031	0.52941	0.015662
-6.031	0.57983	0.014839
-6.031	0.63025	0.013826
-6.031	0.68067	0.012922
-6.031	0.73109	0.011895
-6.031	0.78151	0.010876
-6.031	0.83193	0.0099549
-6.031	0.88235	0.0089805
-6.031	0.93277	0.0080834
-6.031	0.98319	0.0071855
-6.031	1.0336	0.0063492
-6.031	1.084	0.0055518
-6.031	1.1345	0.0048091
-6.031	1.1849	0.0041234
-6.031	1.2353	0.0035002
-6.031	1.2857	0.0029257
-6.031	1.3361	0.0024242
-6.031	1.3866	0.0019803
-6.031	1.437	0.0015805
-6.031	1.4874	0.0012481
-5.9833	-1.5378	0.0011103
-5.9833	-1.4874	0.0014006
-5.9833	-1.437	0.0018083
-5.9833	-1.3866	0.002197
-5.9833	-1.3361	0.002736
-5.9833	-1.2857	0.0032293
-5.9833	-1.2353	0.0037645
-5.9833	-1.1849	0.0042031
-5.9833	-1.1345	0.0048198
-5.9833	-1.084	0.005673
-5.9833	-1.0336	0.0063822
-5.9833	-0.98319	0.0071166
-5.9833	-0.93277	0.0081508
-5.9833	-0.88235	0.0089464
-5.9833	-0.83193	0.010077
-5.9833	-0.78151	0.010904
-5.9833	-0.73109	0.011717
-5.9833	-0.68067	0.012914
-5.9833	-0.63025	0.013703
-5.9833	-0.57983	0.014885
-5.9833	-0.52941	0.015609
-5.9833	-0.47899	0.016269
-5.9833	-0.42857	0.017337
-5.9833	-0.37815	0.017873
-5.9833	-0.32773	0.018794
-5.9833	-0.27731	0.019172
-5.9833	-0.22689	0.019903
-5.9833	-0.17647	0.020096
-5.9833	-0.12605	0.020179
-5.9833	-0.07563	0.020597
-5.9833	-0.02521	0.020476
-5.9833	0.02521	0.020657
-5.9833	0.07563	0.020331
-5.9833	0.12605	0.019901
-5.9833	0.17647	0.019758
-5.9833	0.22689	0.019147
-5.9833	0.27731	0.018796
-5.9833	0.32773	0.018028
-5.9833	0.37815	0.017193
-5.9833	0.42857	0.016605
-5.9833	0.47899	0.015667
-5.9833	0.52941	0.014951
-5.9833	0.57983	0.013949
-5.9833	0.63025	0.012934
-5.9833	0.68067	0.012118
-5.9833	0.73109	0.0111
-5.9833	0.78151	0.010252
-5.9833	0.83193	0.0097568
-5.9833	0.88235	0.0087888
-5.9833	0.93277	0.0079637
-5.9833	0.98319	0.0070693
-5.9833	1.0336	0.0062917
-5.9833	1.084	0.0054947
-5.9833	1.1345	0.0047548
-5.9833	1.1849	0.0041077
-5.9833	1.2353	0.0034842
-5.9833	1.2857	0.0029352
-5.9833	1.3361	0.0024312
-5.9833	1.3866	0.0019861
-5.9833	1.437	0.0015983
-5.9833	1.4874	0.0012633
-5.9356	-1.5378	0.0010055
-5.9356	-1.4874	0.0013365
-5.9356	-1.437	0.0016539
-5.9356	-1.3866	0.0020111
-5.9356	-1.3361	0.0025194
-5.9356	-1.2857	0.0029739
-5.9356	-1.2353	0.0036168
-5.9356	-1.1849	0.0041681
-5.9356	-1.1345	0.0047531
-5.9356	-1.084	0.0055891
-5.9356	-1.0336	0.006255
-5.9356	-0.98319	0.0072173
-5.9356	-0.93277	0.0079454
-5.9356	-0.88235	0.0086795
-5.9356	-0.83193	0.0097805
-5.9356	-0.78151	0.010535
-5.9356	-0.73109	0.011699
-5.9356	-0.68067	0.012439
-5.9356	-0.63025	0.013141
-5.9356	-0.57983	0.01431
-5.9356	-0.52941	0.014941
-5.9356	-0.47899	0.016058
-5.9356	-0.42857	0.016329
-5.9356	-0.37815	0.016811
-5.9356	-0.32773	0.017789
-5.9356	-0.27731	0.018121
-5.9356	-0.22689	0.018931
-5.9356	-0.17647	0.019085
-5.9356	-0.12605	0.019138
-5.9356	-0.07563	0.019648
-5.9356	-0.02521	0.019504
-5.9356	0.02521	0.019779
-5.9356	0.07563	0.019438
-5.9356	0.12605	0.019001
-5.9356	0.17647	0.018948
-5.9356	0.22689	0.018335
-5.9356	0.27731	0.018068
-5.9356	0.32773	0.017305
-5.9356	0.37815	0.016482
-5.9356	0.42857	0.015972
-5.9356	0.47899	0.01505
-5.9356	0.52941	0.014409
-5.9356	0.57983	0.013426
-5.9356	0.63025	0.012695
-5.9356	0.68067	0.01169
-5.9356	0.73109	0.010696
-5.9356	0.78151	0.0099194
-5.9356	0.83193	0.0089578
-5.9356	0.88235	0.0081844
-5.9356	0.93277	0.0072866
-5.9356	0.98319	0.0064368
-5.9356	1.0336	0.0057381
-5.9356	1.084	0.0049852
-5.9356	1.1345	0.0043557
-5.9356	1.1849	0.0037127
-5.9356	1.2353	0.0031309
-5.9356	1.2857	0.002641
-5.9356	1.3361	0.0021733
-5.9356	1.3866	0.0017774
-5.9356	1.437	0.0014188
-5.9356	1.4874	0.0011123
-5.888	-1.4874	0.0012043
-5.888	-1.437	0.0014931
-5.888	-1.3866	0.0018183
-5.888	-1.3361	0.0022944
-5.888	-1.2857	0.0027103
-5.888	-1.2353	0.0033149
-5.888	-1.1849	0.003821
-5.888	-1.1345	0.0043579
-5.888	-1.084	0.0051448
-5.888	-1.0336	0.0057567
-5.888	-0.98319	0.0066628
-5.888	-0.93277	0.0073317
-5.888	-0.88235	0.008006
-5.888	-0.83193	0.0090431
-5.888	-0.78151	0.0097349
-5.888	-0.73109	0.010838
-5.888	-0.68067	0.011515
-5.888	-0.63025	0.012649
-5.888	-0.57983	0.013276
-5.888	-0.52941	0.013852
-5.888	-0.47899	0.014941
-5.888	-0.42857	0.015414
-5.888	-0.37815	0.016425
-5.888	-0.32773	0.016762
-5.888	-0.27731	0.017014
-5.888	-0.22689	0.017821
-5.888	-0.17647	0.017902
-5.888	-0.12605	0.018524
-5.888	-0.07563	0.01842
-5.888	-0.02521	0.018221
-5.888	0.02521	0.018533
-5.888	0.07563	0.018148
-5.888	0.12605	0.018233
-5.888	0.17647	0.017674
-5.888	0.22689	0.017043
-5.888	0.27731	0.016827
-5.888	0.32773	0.016058
-5.888	0.37815	0.016082
-5.888	0.42857	0.015227
-5.888	0.47899	0.014336
-5.888	0.52941	0.01377
-5.888	0.57983	0.01282
-5.888	0.63025	0.012157
-5.888	0.68067	0.011186
-5.888	0.73109	0.010228
-5.888	0.78151	0.0095112
-5.888	0.83193	0.0085844
-5.888	0.88235	0.0078671
-5.888	0.93277	0.0070007
-5.888	0.98319	0.0061825
-5.888	1.0336	0.0055312
-5.888	1.084	0.0048046
-5.888	1.1345	0.0042168
-5.888	1.1849	0.0035945
-5.888	1.2353	0.0030847
-5.888	1.2857	0.002572
-5.888	1.3361	0.002118
-5.888	1.3866	0.001744
-5.888	1.437	0.001394
-5.888	1.4874	0.0011052
-5.8403	-1.4874	0.0011965
-5.8403	-1.437	0.0014733
-5.8403	-1.3866	0.0018885
-5.8403	-1.3361	0.0022494
-5.8403	-1.2857	0.0026436
-5.8403	-1.2353	0.0032341
-5.8403	-1.1849	0.0037109
-5.8403	-1.1345	0.0044256
-5.8403	-1.084	0.0049767
-5.8403	-1.0336	0.0055471
-5.8403	-0.98319	0.0064177
-5.8403	-0.93277	0.0070362
-5.8403	-0.88235	0.0076743
-5.8403	-0.83193	0.0083195
-5.8403	-0.78151	0.0089564
-5.8403	-0.73109	0.0099887
-5.8403	-0.68067	0.010612
-5.8403	-0.63025	0.011674
-5.8403	-0.57983	0.01225
-5.8403	-0.52941	0.01278
-5.8403	-0.47899	0.013804
-5.8403	-0.42857	0.014238
-5.8403	-0.37815	0.015202
-5.8403	-0.32773	0.01551
-5.8403	-0.27731	0.015739
-5.8403	-0.22689	0.016529
-5.8403	-0.17647	0.016599
-5.8403	-0.12605	0.017237
-5.8403	-0.07563	0.017134
-5.8403	-0.02521	0.017588
-5.8403	0.02521	0.017305
-5.8403	0.07563	0.016941
-5.8403	0.12605	0.017098
-5.8403	0.17647	0.016568
-5.8403	0.22689	0.016518
-5.8403	0.27731	0.015842
-5.8403	0.32773	0.015114
-5.8403	0.37815	0.014801
-5.8403	0.42857	0.013971
-5.8403	0.47899	0.013506
-5.8403	0.52941	0.012608
-5.8403	0.57983	0.011703
-5.8403	0.63025	0.011099
-5.8403	0.68067	0.01018
-5.8403	0.73109	0.0095207
-5.8403	0.78151	0.0086216
-5.8403	0.83193	0.0077558
-5.8403	0.88235	0.0070978
-5.8403	0.93277	0.0062938
-5.8403	0.98319	0.0056663
-5.8403	1.0336	0.0049449
-5.8403	1.084	0.0042788
-5.8403	1.1345	0.0040519
-5.8403	1.1849	0.0034562
-5.8403	1.2353	0.0029761
-5.8403	1.2857	0.0024838
-5.8403	1.3361	0.0020481
-5.8403	1.3866	0.0016942
-5.8403	1.437	0.0013568
-5.8403	1.4874	0.0010825
-5.7926	-1.4874	0.0010558
-5.7926	-1.437	0.0013042
-5.7926	-1.3866	0.0016812
-5.7926	-1.3361	0.0020071
-5.7926	-1.2857	0.0025016
-5.7926	-1.2353	0.0029072
-5.7926	-1.1849	0.0033412
-5.7926	-1.1345	0.0040057
-5.7926	-1.084	0.0045099
-5.7926	-1.0336	0.0052882
-5.7926	-0.98319	0.0058488
-5.7926	-0.93277	0.0064187
-5.7926	-0.88235	0.0073218
-5.7926	-0.83193	0.0079154
-5.7926	-0.78151	0.0088804
-5.7926	-0.73109	0.0094698
-5.7926	-0.68067	0.010036
-5.7926	-0.63025	0.011021
-5.7926	-0.57983	0.011537
-5.7926	-0.52941	0.012506
-5.7926	-0.47899	0.01294
-5.7926	-0.42857	0.013317
-5.7926	-0.37815	0.014183
-5.7926	-0.32773	0.014438
-5.7926	-0.27731	0.015209
-5.7926	-0.22689	0.015318
-5.7926	-0.17647	0.015352
-5.7926	-0.12605	0.015949
-5.7926	-0.07563	0.015858
-5.7926	-0.02521	0.016307
-5.7926	0.02521	0.01605
-5.7926	0.07563	0.015719
-5.7926	0.12605	0.015903
-5.7926	0.17647	0.015416
-5.7926	0.22689	0.015419
-5.7926	0.27731	0.014792
-5.7926	0.32773	0.014119
-5.7926	0.37815	0.013876
-5.7926	0.42857	0.013103
-5.7926	0.47899	0.012714
-5.7926	0.52941	0.011873
-5.7926	0.57983	0.011368
-5.7926	0.63025	0.010493
-5.7926	0.68067	0.0096294
-5.7926	0.73109	0.0090329
-5.7926	0.78151	0.0081848
-5.7926	0.83193	0.0075628
-5.7926	0.88235	0.0067594
-5.7926	0.93277	0.005999
-5.7926	0.98319	0.0054113
-5.7926	1.0336	0.0047271
-5.7926	1.084	0.0041864
-5.7926	1.1345	0.0035923
-5.7926	1.1849	0.0030534
-5.7926	1.2353	0.0026193
-5.7926	1.2857	0.0021771
-5.7926	1.3361	0.0018187
-5.7926	1.3866	0.0014712
-5.7926	1.437	0.0011719
-5.7449	-1.4874	0.0010389
-5.7449	-1.437	0.0012767
-5.7449	-1.3866	0.0016349
-5.7449	-1.3361	0.0017859
-5.7449	-1.2857	0.0022324
-5.7449	-1.2353	0.0026007
-5.7449	-1.1849	0.002996
-5.7449	-1.1345	0.0036033
-5.7449	-1.084	0.004065
-5.7449	-1.0336	0.0047844
-5.7449	-0.98319	0.0053006
-5.7449	-0.93277	0.0058274
-5.7449	-0.88235	0.0066707
-5.7449	-0.83193	0.0072227
-5.7449	-0.78151	0.0081288
-5.7449	-0.73109	0.0086799
-5.7449	-0.68067	0.0096173
-5.7449	-0.63025	0.010138
-5.7449	-0.57983	0.010627
-5.7449	-0.52941	0.011533
-5.7449	-0.47899	0.011947
-5.7449	-0.42857	0.012801
-5.7449	-0.37815	0.013113
-5.7449	-0.32773	0.013364
-5.7449	-0.27731	0.01407
-5.7449	-0.22689	0.014187
-5.7449	-0.17647	0.014775
-5.7449	-0.12605	0.014743
-5.7449	-0.07563	0.01464
-5.7449	-0.02521	0.015004
-5.7449	0.02521	0.014747
-5.7449	0.07563	0.014958
-5.7449	0.12605	0.014551
-5.7449	0.17647	0.014087
-5.7449	0.22689	0.014059
-5.7449	0.27731	0.013469
-5.7449	0.32773	0.013293
-5.7449	0.37815	0.012599
-5.7449	0.42857	0.011881
-5.7449	0.47899	0.011519
-5.7449	0.52941	0.010741
-5.7449	0.57983	0.010279
-5.7449	0.63025	0.0098744
-5.7449	0.68067	0.0090736
-5.7449	0.73109	0.008535
-5.7449	0.78151	0.0077439
-5.7449	0.83193	0.0071746
-5.7449	0.88235	0.0064213
-5.7449	0.93277	0.005708
-5.7449	0.98319	0.0051603
-5.7449	1.0336	0.0045156
-5.7449	1.084	0.0040065
-5.7449	1.1345	0.0034445
-5.7449	1.1849	0.0029927
-5.7449	1.2353	0.0025209
-5.7449	1.2857	0.0021005
-5.7449	1.3361	0.0017577
-5.7449	1.3866	0.0014261
-5.7449	1.437	0.0011554
-5.6973	-1.437	0.0012049
-5.6973	-1.3866	0.0014595
-5.6973	-1.3361	0.001742
-5.6973	-1.2857	0.0021613
-5.6973	-1.2353	0.0025115
-5.6973	-1.1849	0.0030381
-5.6973	-1.1345	0.0034529
-5.6973	-1.084	0.0038888
-5.6973	-1.0336	0.0045585
-5.6973	-0.98319	0.0050433
-5.6973	-0.93277	0.0058065
-5.6973	-0.88235	0.0063229
-5.6973	-0.83193	0.0068394
-5.6973	-0.78151	0.0076846
-5.6973	-0.73109	0.0081983
-5.6973	-0.68067	0.0090728
-5.6973	-0.63025	0.0095561
-5.6973	-0.57983	0.009787
-5.6973	-0.52941	0.010641
-5.6973	-0.47899	0.011044
-5.6973	-0.42857	0.011846
-5.6973	-0.37815	0.012157
-5.6973	-0.32773	0.012414
-5.6973	-0.27731	0.013069
-5.6973	-0.22689	0.013203
-5.6973	-0.17647	0.013737
-5.6973	-0.12605	0.013732
-5.6973	-0.07563	0.014131
-5.6973	-0.02521	0.013979
-5.6973	0.02521	0.013766
-5.6973	0.07563	0.013937
-5.6973	0.12605	0.013582
-5.6973	0.17647	0.013609
-5.6973	0.22689	0.013125
-5.6973	0.27731	0.012598
-5.6973	0.32773	0.012419
-5.6973	0.37815	0.011793
-5.6973	0.42857	0.011497
-5.6973	0.47899	0.010797
-5.6973	0.52941	0.010088
-5.6973	0.57983	0.0096581
-5.6973	0.63025	0.0089179
-5.6973	0.68067	0.0084268
-5.6973	0.73109	0.0076845
-5.6973	0.78151	0.006966
-5.6973	0.83193	0.0064408
-5.6973	0.88235	0.005758
-5.6973	0.93277	0.0052374
-5.6973	0.98319	0.0046113
-5.6973	1.0336	0.0040296
-5.6973	1.084	0.0035652
-5.6973	1.1345	0.0030596
-5.6973	1.1849	0.0026486
-5.6973	1.2353	0.0022259
-5.6973	1.2857	0.0018503
-5.6973	1.3361	0.0015399
-5.6973	1.3866	0.0012453
-5.6973	1.437	0.0011261
-5.6496	-1.437	0.0010811
-5.6496	-1.3866	0.0013157
-5.6496	-1.3361	0.0016553
-5.6496	-1.2857	0.0019541
-5.6496	-1.2353	0.0022795
-5.6496	-1.1849	0.0027516
-5.6496	-1.1345	0.0031381
-5.6496	-1.084	0.003708
-5.6496	-1.0336	0.004148
-5.6496	-0.98319	0.0046037
-5.6496	-0.93277	0.0052926
-5.6496	-0.88235	0.0057806
-5.6496	-0.83193	0.0065422
-5.6496	-0.78151	0.0070422
-5.6496	-0.73109	0.0075346
-5.6496	-0.68067	0.008341
-5.6496	-0.63025	0.0088094
-5.6496	-0.57983	0.0096187
-5.6496	-0.52941	0.010036
-5.6496	-0.47899	0.010418
-5.6496	-0.42857	0.011151
-5.6496	-0.37815	0.011445
-5.6496	-0.32773	0.012093
-5.6496	-0.27731	0.012277
-5.6496	-0.22689	0.012405
-5.6496	-0.17647	0.012868
-5.6496	-0.12605	0.012866
-5.6496	-0.07563	0.013188
-5.6496	-0.02521	0.013049
-5.6496	0.02521	0.012854
-5.6496	0.07563	0.01295
-5.6496	0.12605	0.012624
-5.6496	0.17647	0.012787
-5.6496	0.22689	0.012363
-5.6496	0.27731	0.011898
-5.6496	0.32773	0.011695
-5.6496	0.37815	0.011134
-5.6496	0.42857	0.010827
-5.6496	0.47899	0.010194
-5.6496	0.52941	0.0098024
-5.6496	0.57983	0.0091236
-5.6496	0.63025	0.0084473
-5.6496	0.68067	0.0079716
-5.6496	0.73109	0.0072892
-5.6496	0.78151	0.0067874
-5.6496	0.83193	0.006124
-5.6496	0.88235	0.0054909
-5.6496	0.93277	0.0049964
-5.6496	0.98319	0.0044124
-5.6496	1.0336	0.0039455
-5.6496	1.084	0.003426
-5.6496	1.1345	0.0029501
-5.6496	1.1849	0.0025577
-5.6496	1.2353	0.0021574
-5.6496	1.2857	0.0018242
-5.6496	1.3361	0.0015014
-5.6496	1.3866	0.0012196
-5.6019	-1.437	0.0010851
-5.6019	-1.3866	0.0013173
-5.6019	-1.3361	0.001644
-5.6019	-1.2857	0.0019377
-5.6019	-1.2353	0.0022578
-5.6019	-1.1849	0.0027033
-5.6019	-1.1345	0.003081
-5.6019	-1.084	0.0036104
-5.6019	-1.0336	0.0038218
-5.6019	-0.98319	0.0042573
-5.6019	-0.93277	0.0048772
-5.6019	-0.88235	0.0053454
-5.6019	-0.83193	0.0060308
-5.6019	-0.78151	0.0065133
-5.6019	-0.73109	0.0072467
-5.6019	-0.68067	0.0077214
-5.6019	-0.63025	0.0081815
-5.6019	-0.57983	0.0089205
-5.6019	-0.52941	0.0093369
-5.6019	-0.47899	0.010054
-5.6019	-0.42857	0.010401
-5.6019	-0.37815	0.010709
-5.6019	-0.32773	0.011316
-5.6019	-0.27731	0.011523
-5.6019	-0.22689	0.012028
-5.6019	-0.17647	0.012117
-5.6019	-0.12605	0.012152
-5.6019	-0.07563	0.012455
-5.6019	-0.02521	0.012361
-5.6019	0.02521	0.012518
-5.6019	0.07563	0.012294
-5.6019	0.12605	0.012021
-5.6019	0.17647	0.011959
-5.6019	0.22689	0.011571
-5.6019	0.27731	0.01138
-5.6019	0.32773	0.010893
-5.6019	0.37815	0.010379
-5.6019	0.42857	0.010029
-5.6019	0.47899	0.009449
-5.6019	0.52941	0.0090258
-5.6019	0.57983	0.0084055
-5.6019	0.63025	0.0077872
-5.6019	0.68067	0.007299
-5.6019	0.73109	0.0066773
-5.6019	0.78151	0.0061776
-5.6019	0.83193	0.0055754
-5.6019	0.88235	0.0050004
-5.6019	0.93277	0.0047994
-5.6019	0.98319	0.0042535
-5.6019	1.0336	0.0038
-5.6019	1.084	0.0033119
-5.6019	1.1345	0.002903
-5.6019	1.1849	0.0024825
-5.6019	1.2353	0.0021026
-5.6019	1.2857	0.0017797
-5.6019	1.3361	0.0014715
-5.6019	1.3866	0.0012094
-5.5542	-1.3866	0.0012106
-5.5542	-1.3361	0.0015141
-5.5542	-1.2857	0.0017932
-5.5542	-1.2353	0.0021751
-5.5542	-1.1849	0.0025136
-5.5542	-1.1345	0.0028768
-5.5542	-1.084	0.003366
-5.5542	-1.0336	0.003779
-5.5542	-0.98319	0.0043364
-5.5542	-0.93277	0.0047869
-5.5542	-0.88235	0.005248
-5.5542	-0.83193	0.0058741
-5.5542	-0.78151	0.0063473
-5.5542	-0.73109	0.007007
-5.5542	-0.68067	0.0074708
-5.5542	-0.63025	0.0079216
-5.5542	-0.57983	0.0085756
-5.5542	-0.52941	0.0089831
-5.5542	-0.47899	0.0096135
-5.5542	-0.42857	0.0099544
-5.5542	-0.37815	0.010258
-5.5542	-0.32773	0.010786
-5.5542	-0.27731	0.010895
-5.5542	-0.22689	0.011363
-5.5542	-0.17647	0.011484
-5.5542	-0.12605	0.011838
-5.5542	-0.07563	0.011839
-5.5542	-0.02521	0.011787
-5.5542	0.02521	0.011936
-5.5542	0.07563	0.01176
-5.5542	0.12605	0.011766
-5.5542	0.17647	0.011472
-5.5542	0.22689	0.011135
-5.5542	0.27731	0.01094
-5.5542	0.32773	0.010506
-5.5542	0.37815	0.010197
-5.5542	0.42857	0.0096862
-5.5542	0.47899	0.0091565
-5.5542	0.52941	0.0087232
-5.5542	0.57983	0.0081512
-5.5542	0.63025	0.0076694
-5.5542	0.68067	0.0070796
-5.5542	0.73109	0.0064993
-5.5542	0.78151	0.0059922
-5.5542	0.83193	0.0054277
-5.5542	0.88235	0.004934
-5.5542	0.93277	0.0044043
-5.5542	0.98319	0.0039045
-5.5542	1.0336	0.0034625
-5.5542	1.084	0.0030177
-5.5542	1.1345	0.0026265
-5.5542	1.1849	0.002245
-5.5542	1.2353	0.0019003
-5.5542	1.2857	0.001597
-5.5542	1.3361	0.0013186
-5.5542	1.3866	0.0010758
-5.5066	-1.3866	0.0011626
-5.5066	-1.3361	0.001402
-5.5066	-1.2857	0.0016684
-5.5066	-1.2353	0.0020283
-5.5066	-1.1849	0.0023542
-5.5066	-1.1345	0.0027883
-5.5066	-1.084	0.003169
-5.5066	-1.0336	0.0035715
-5.5066	-0.98319	0.004097
-5.5066	-0.93277	0.004539
-5.5066	-0.88235	0.0051135
-5.5066	-0.83193	0.0055793
-5.5066	-0.78151	0.0060491
-5.5066	-0.73109	0.0066572
-5.5066	-0.68067	0.0071215
-5.5066	-0.63025	0.0077337
-5.5066	-0.57983	0.0081699
-5.5066	-0.52941	0.0085855
-5.5066	-0.47899	0.0091515
-5.5066	-0.42857	0.0095062
-5.5066	-0.37815	0.010023
-5.5066	-0.32773	0.010296
-5.5066	-0.27731	0.010527
-5.5066	-0.22689	0.010915
-5.5066	-0.17647	0.011041
-5.5066	-0.12605	0.011327
-5.5066	-0.07563	0.011338
-5.5066	-0.02521	0.011298
-5.5066	0.02521	0.011397
-5.5066	0.07563	0.011239
-5.5066	0.12605	0.011209
-5.5066	0.17647	0.010938
-5.5066	0.22689	0.010626
-5.5066	0.27731	0.010409
-5.5066	0.32773	0.010004
-5.5066	0.37815	0.009678
-5.5066	0.42857	0.0091998
-5.5066	0.47899	0.0090467
-5.5066	0.52941	0.0085237
-5.5066	0.57983	0.0079904
-5.5066	0.63025	0.0075068
-5.5066	0.68067	0.0069526
-5.5066	0.73109	0.0064433
-5.5066	0.78151	0.0058914
-5.5066	0.83193	0.0053548
-5.5066	0.88235	0.0048543
-5.5066	0.93277	0.0043489
-5.5066	0.98319	0.0038807
-5.5066	1.0336	0.0034217
-5.5066	1.084	0.0029937
-5.5066	1.1345	0.0025987
-5.5066	1.1849	0.0022306
-5.5066	1.2353	0.0018952
-5.5066	1.2857	0.0015908
-5.5066	1.3361	0.0013197
-5.5066	1.3866	0.0010762
-5.4589	-1.3866	0.0011865
-5.4589	-1.3361	0.0014276
-5.4589	-1.2857	0.0016954
-5.4589	-1.2353	0.0020522
-5.4589	-1.1849	0.0023788
-5.4589	-1.1345	0.0028086
-5.4589	-1.084	0.0031896
-5.4589	-1.0336	0.0035919
-5.4589	-0.98319	0.0041104
-5.4589	-0.93277	0.0045519
-5.4589	-0.88235	0.0051129
-5.4589	-0.83193	0.0055775
-5.4589	-0.78151	0.0061609
-5.4589	-0.73109	0.0063954
-5.4589	-0.68067	0.0068609
-5.4589	-0.63025	0.0074398
-5.4589	-0.57983	0.0078816
-5.4589	-0.52941	0.0084344
-5.4589	-0.47899	0.0088299
-5.4589	-0.42857	0.0091967
-5.4589	-0.37815	0.0096648
-5.4589	-0.32773	0.0099551
-5.4589	-0.27731	0.010349
-5.4589	-0.22689	0.010546
-5.4589	-0.17647	0.010695
-5.4589	-0.12605	0.010941
-5.4589	-0.07563	0.01098
-5.4589	-0.02521	0.011119
-5.4589	0.02521	0.011044
-5.4589	0.07563	0.010918
-5.4589	0.12605	0.010878
-5.4589	0.17647	0.010643
-5.4589	0.22689	0.010487
-5.4589	0.27731	0.010153
-5.4589	0.32773	0.0097832
-5.4589	0.37815	0.0094704
-5.4589	0.42857	0.0090264
-5.4589	0.47899	0.008628
-5.4589	0.52941	0.0081311
-5.4589	0.57983	0.0076228
-5.4589	0.63025	0.0071425
-5.4589	0.68067	0.0066155
-5.4589	0.73109	0.0061098
-5.4589	0.78151	0.0055864
-5.4589	0.83193	0.0050763
-5.4589	0.88235	0.0045818
-5.4589	0.93277	0.0041034
-5.4589	0.98319	0.0036414
-5.4589	1.0336	0.0032091
-5.4589	1.084	0.0027956
-5.4589	1.1345	0.0024193
-5.4589	1.1849	0.0020743
-5.4589	1.2353	0.0019026
-5.4589	1.2857	0.0016035
-5.4589	1.3361	0.0013261
-5.4589	1.3866	0.0010884
-5.4112	-1.3866	0.0011079
-5.4112	-1.3361	0.0013381
-5.4112	-1.2857	0.0016429
-5.4112	-1.2353	0.0019312
-5.4112	-1.1849	0.0022452
-5.4112	-1.1345	0.0026553
-5.4112	-1.084	0.0030239
-5.4112	-1.0336	0.0035017
-5.4112	-0.98319	0.0039168
-5.4112	-0.93277	0.0043477
-5.4112	-0.88235	0.0048986
-5.4112	-0.83193	0.0053559
-5.4112	-0.78151	0.0059325
-5.4112	-0.73109	0.0063973
-5.4112	-0.68067	0.0068567
-5.4112	-0.63025	0.0074252
-5.4112	-0.57983	0.0078604
-5.4112	-0.52941	0.0083909
-5.4112	-0.47899	0.0087794
-5.4112	-0.42857	0.0091375
-5.4112	-0.37815	0.0095696
-5.4112	-0.32773	0.0098513
-5.4112	-0.27731	0.010195
-5.4112	-0.22689	0.010384
-5.4112	-0.17647	0.010629
-5.4112	-0.12605	0.010713
-5.4112	-0.07563	0.010746
-5.4112	-0.02521	0.010826
-5.4112	0.02521	0.010794
-5.4112	0.07563	0.010794
-5.4112	0.12605	0.010632
-5.4112	0.17647	0.010422
-5.4112	0.22689	0.010258
-5.4112	0.27731	0.0099512
-5.4112	0.32773	0.0096893
-5.4112	0.37815	0.0092995
-5.4112	0.42857	0.0088803
-5.4112	0.47899	0.0084963
-5.4112	0.52941	0.0080231
-5.4112	0.57983	0.007579
-5.4112	0.63025	0.0070737
-5.4112	0.68067	0.0065647
-5.4112	0.73109	0.0060755
-5.4112	0.78151	0.0055669
-5.4112	0.83193	0.0050734
-5.4112	0.88235	0.0045852
-5.4112	0.93277	0.0041156
-5.4112	0.98319	0.0036586
-5.4112	1.0336	0.0032323
-5.4112	1.084	0.0028188
-5.4112	1.1345	0.0024463
-5.4112	1.1849	0.0021033
-5.4112	1.2353	0.001775
-5.4112	1.2857	0.0014924
-5.4112	1.3361	0.001226
-5.4112	1.3866	0.0010033
-5.3635	-1.3866	0.0011488
-5.3635	-1.3361	0.0013815
-5.3635	-1.2857	0.0016844
-5.3635	-1.2353	0.0019732
-5.3635	-1.1849	0.0021842
-5.3635	-1.1345	0.002516
-5.3635	-1.084	0.0028704
-5.3635	-1.0336	0.003328
-5.3635	-0.98319	0.0037288
-5.3635	-0.93277	0.004246
-5.3635	-0.88235	0.0046819
-5.3635	-0.83193	0.0051258
-5.3635	-0.78151	0.0056975
-5.3635	-0.73109	0.006152
-5.3635	-0.68067	0.0067331
-5.3635	-0.63025	0.0071777
-5.3635	-0.57983	0.0076065
-5.3635	-0.52941	0.0081515
-5.3635	-0.47899	0.0085381
-5.3635	-0.42857	0.0090222
-5.3635	-0.37815	0.0093454
-5.3635	-0.32773	0.0096291
-5.3635	-0.27731	0.0099857
-5.3635	-0.22689	0.01018
-5.3635	-0.17647	0.010428
-5.3635	-0.12605	0.010522
-5.3635	-0.07563	0.010563
-5.3635	-0.02521	0.01064
-5.3635	0.02521	0.010573
-5.3635	0.07563	0.010535
-5.3635	0.12605	0.010363
-5.3635	0.17647	0.010142
-5.3635	0.22689	0.0099468
-5.3635	0.27731	0.0096346
-5.3635	0.32773	0.0093494
-5.3635	0.37815	0.0089603
-5.3635	0.42857	0.0085419
-5.3635	0.47899	0.0081522
-5.3635	0.52941	0.0076853
-5.3635	0.57983	0.007247
-5.3635	0.63025	0.0067525
-5.3635	0.68067	0.0062845
-5.3635	0.73109	0.0057835
-5.3635	0.78151	0.0055351
-5.3635	0.83193	0.0050599
-5.3635	0.88235	0.0045794
-5.3635	0.93277	0.0041184
-5.3635	0.98319	0.0036723
-5.3635	1.0336	0.0032493
-5.3635	1.084	0.0028442
-5.3635	1.1345	0.0024729
-5.3635	1.1849	0.0021179
-5.3635	1.2353	0.0018045
-5.3635	1.2857	0.0015206
-5.3635	1.3361	0.0012536
-5.3635	1.3866	0.0010288
-5.3159	-1.3866	0.0010839
-5.3159	-1.3361	0.0013057
-5.3159	-1.2857	0.0015955
-5.3159	-1.2353	0.0018714
-5.3159	-1.1849	0.0022279
-5.3159	-1.1345	0.0025562
-5.3159	-1.084	0.0029046
-5.3159	-1.0336	0.0033546
-5.3159	-0.98319	0.0037453
-5.3159	-0.93277	0.0042525
-5.3159	-0.88235	0.0046742
-5.3159	-0.83193	0.005226
-5.3159	-0.78151	0.0056636
-5.3159	-0.73109	0.0060968
-5.3159	-0.68067	0.0066755
-5.3159	-0.63025	0.0070964
-5.3159	-0.57983	0.0076633
-5.3159	-0.52941	0.0080507
-5.3159	-0.47899	0.0084089
-5.3159	-0.42857	0.008746
-5.3159	-0.37815	0.0090602
-5.3159	-0.32773	0.0094945
-5.3159	-0.27731	0.0097309
-5.3159	-0.22689	0.0099199
-5.3159	-0.17647	0.010206
-5.3159	-0.12605	0.010298
-5.3159	-0.07563	0.010461
-5.3159	-0.02521	0.010449
-5.3159	0.02521	0.010382
-5.3159	0.07563	0.010368
-5.3159	0.12605	0.010198
-5.3159	0.17647	0.010066
-5.3159	0.22689	0.0098012
-5.3159	0.27731	0.0094928
-5.3159	0.32773	0.0092184
-5.3159	0.37815	0.0088351
-5.3159	0.42857	0.008484
-5.3159	0.47899	0.0080437
-5.3159	0.52941	0.007583
-5.3159	0.57983	0.0071583
-5.3159	0.63025	0.0066709
-5.3159	0.68067	0.0062195
-5.3159	0.73109	0.0057254
-5.3159	0.78151	0.0052363
-5.3159	0.83193	0.0047843
-5.3159	0.88235	0.0043164
-5.3159	0.93277	0.0038821
-5.3159	0.98319	0.0034503
-5.3159	1.0336	0.0030417
-5.3159	1.084	0.002664
-5.3159	1.1345	0.0023071
-5.3159	1.1849	0.0019766
-5.3159	1.2353	0.001677
-5.3159	1.2857	0.0014
-5.3159	1.3361	0.0011589
-5.2682	-1.3866	0.001014
-5.2682	-1.3361	0.0012658
-5.2682	-1.2857	0.0015041
-5.2682	-1.2353	0.0017646
-5.2682	-1.1849	0.0021103
-5.2682	-1.1345	0.0024211
-5.2682	-1.084	0.0028292
-5.2682	-1.0336	0.0031849
-5.2682	-0.98319	0.0035539
-5.2682	-0.93277	0.0040423
-5.2682	-0.88235	0.0044405
-5.2682	-0.83193	0.0049727
-5.2682	-0.78151	0.0053856
-5.2682	-0.73109	0.0057925
-5.2682	-0.68067	0.006358
-5.2682	-0.63025	0.0067529
-5.2682	-0.57983	0.0073185
-5.2682	-0.52941	0.007682
-5.2682	-0.47899	0.0080151
-5.2682	-0.42857	0.0085338
-5.2682	-0.37815	0.0088069
-5.2682	-0.32773	0.0092605
-5.2682	-0.27731	0.0094564
-5.2682	-0.22689	0.0096028
-5.2682	-0.17647	0.0099224
-5.2682	-0.12605	0.0099739
-5.2682	-0.07563	0.010174
-5.2682	-0.02521	0.010124
-5.2682	0.02521	0.010195
-5.2682	0.07563	0.010044
-5.2682	0.12605	0.0098424
-5.2682	0.17647	0.0097395
-5.2682	0.22689	0.0094481
-5.2682	0.27731	0.0092329
-5.2682	0.32773	0.0090533
-5.2682	0.37815	0.0086681
-5.2682	0.42857	0.008347
-5.2682	0.47899	0.0079068
-5.2682	0.52941	0.0075217
-5.2682	0.57983	0.0070461
-5.2682	0.63025	0.0065604
-5.2682	0.68067	0.0061298
-5.2682	0.73109	0.0056388
-5.2682	0.78151	0.0051991
-5.2682	0.83193	0.004721
-5.2682	0.88235	0.0042563
-5.2682	0.93277	0.0038414
-5.2682	0.98319	0.0034125
-5.2682	1.0336	0.003028
-5.2682	1.084	0.002646
-5.2682	1.1345	0.0022909
-5.2682	1.1849	0.0019744
-5.2682	1.2353	0.0016752
-5.2682	1.2857	0.0014083
-5.2682	1.3361	0.0011664
-5.2205	-1.3866	0.0010231
-5.2205	-1.3361	0.0012821
-5.2205	-1.2857	0.0015129
-5.2205	-1.2353	0.0018367
-5.2205	-1.1849	0.0021166
-5.2205	-1.1345	0.0024131
-5.2205	-1.084	0.0028275
-5.2205	-1.0336	0.0031645
-5.2205	-0.98319	0.003632
-5.2205	-0.93277	0.0039994
-5.2205	-0.88235	0.0041841
-5.2205	-0.83193	0.0047027
-5.2205	-0.78151	0.0050847
-5.2205	-0.73109	0.0056305
-5.2205	-0.68067	0.0060092
-5.2205	-0.63025	0.0063704
-5.2205	-0.57983	0.0069242
-5.2205	-0.52941	0.0072545
-5.2205	-0.47899	0.0077919
-5.2205	-0.42857	0.0080731
-5.2205	-0.37815	0.0083144
-5.2205	-0.32773	0.0087862
-5.2205	-0.27731	0.0089541
-5.2205	-0.22689	0.0093534
-5.2205	-0.17647	0.0094352
-5.2205	-0.12605	0.0094639
-5.2205	-0.07563	0.0097255
-5.2205	-0.02521	0.0096581
-5.2205	0.02521	0.0098023
-5.2205	0.07563	0.0096383
-5.2205	0.12605	0.0094239
-5.2205	0.17647	0.0094011
-5.2205	0.22689	0.0091005
-5.2205	0.27731	0.0089593
-5.2205	0.32773	0.008585
-5.2205	0.37815	0.0081785
-5.2205	0.42857	0.0079085
-5.2205	0.47899	0.0074544
-5.2205	0.52941	0.0071115
-5.2205	0.57983	0.0066292
-5.2205	0.63025	0.006239
-5.2205	0.68067	0.0057481
-5.2205	0.73109	0.0052604
-5.2205	0.78151	0.0048547
-5.2205	0.83193	0.0043854
-5.2205	0.88235	0.003987
-5.2205	0.93277	0.0035509
-5.2205	0.98319	0.0031368
-5.2205	1.0336	0.0027845
-5.2205	1.084	0.0025984
-5.2205	1.1345	0.0022724
-5.2205	1.1849	0.001947
-5.2205	1.2353	0.0016504
-5.2205	1.2857	0.0013966
-5.2205	1.3361	0.0011563
-5.1728	-1.3361	0.0011604
-5.1728	-1.2857	0.0013674
-5.1728	-1.2353	0.0016802
-5.1728	-1.1849	0.0019328
-5.1728	-1.1345	0.0021989
-5.1728	-1.084	0.0026063
-5.1728	-1.0336	0.0029101
-5.1728	-0.98319	0.0033736
-5.1728	-0.93277	0.0037056
-5.1728	-0.88235	0.0040368
-5.1728	-0.83193	0.0045599
-5.1728	-0.78151	0.0048987
-5.1728	-0.73109	0.0054429
-5.1728	-0.68067	0.005773
-5.1728	-0.63025	0.0063219
-5.1728	-0.57983	0.006626
-5.1728	-0.52941	0.0068994
-5.1728	-0.47899	0.0074237
-5.1728	-0.42857	0.0076458
-5.1728	-0.37815	0.0081327
-5.1728	-0.32773	0.0082882
-5.1728	-0.27731	0.0083959
-5.1728	-0.22689	0.0087961
-5.1728	-0.17647	0.0088209
-5.1728	-0.12605	0.0091541
-5.1728	-0.07563	0.0091156
-5.1728	-0.02521	0.0090245
-5.1728	0.02521	0.0092291
-5.1728	0.07563	0.0090474
-5.1728	0.12605	0.009143
-5.1728	0.17647	0.0088748
-5.1728	0.22689	0.0085642
-5.1728	0.27731	0.0085109
-5.1728	0.32773	0.0081307
-5.1728	0.37815	0.0079728
-5.1728	0.42857	0.0075382
-5.1728	0.47899	0.0070834
-5.1728	0.52941	0.006819
-5.1728	0.57983	0.0063378
-5.1728	0.63025	0.0060131
-5.1728	0.68067	0.0055247
-5.1728	0.73109	0.005041
-5.1728	0.78151	0.0046863
-5.1728	0.83193	0.0042218
-5.1728	0.88235	0.0038624
-5.1728	0.93277	0.0034314
-5.1728	0.98319	0.0030234
-5.1728	1.0336	0.0027
-5.1728	1.084	0.0023403
-5.1728	1.1345	0.0020494
-5.1728	1.1849	0.0017434
-5.1728	1.2353	0.0014929
-5.1728	1.2857	0.0012422
-5.1728	1.3361	0.0010201
-5.1251	-1.3361	0.001023
-5.1251	-1.2857	0.0012025
-5.1251	-1.2353	0.0014942
-5.1251	-1.1849	0.001714
-5.1251	-1.1345	0.0020753
-5.1251	-1.084	0.0023327
-5.1251	-1.0336	0.0025958
-5.1251	-0.98319	0.003048
-5.1251	-0.93277	0.0033364
-5.1251	-0.88235	0.0038395
-5.1251	-0.83193	0.0041415
-5.1251	-0.78151	0.0044321
-5.1251	-0.73109	0.0049794
-5.1251	-0.68067	0.0052612
-5.1251	-0.63025	0.0058149
-5.1251	-0.57983	0.0060713
-5.1251	-0.52941	0.006296
-5.1251	-0.47899	0.0068268
-5.1251	-0.42857	0.0070026
-5.1251	-0.37815	0.0074952
-5.1251	-0.32773	0.0076082
-5.1251	-0.27731	0.0076747
-5.1251	-0.22689	0.0080872
-5.1251	-0.17647	0.0080766
-5.1251	-0.12605	0.0084184
-5.1251	-0.07563	0.0083251
-5.1251	-0.02521	0.0085857
-5.1251	0.02521	0.0084079
-5.1251	0.07563	0.0081843
-5.1251	0.12605	0.0083184
-5.1251	0.17647	0.0080182
-5.1251	0.22689	0.0080567
-5.1251	0.27731	0.0076891
-5.1251	0.32773	0.0072929
-5.1251	0.37815	0.0072097
-5.1251	0.42857	0.0067681
-5.1251	0.47899	0.0066016
-5.1251	0.52941	0.0061313
-5.1251	0.57983	0.0056566
-5.1251	0.63025	0.0056542
-5.1251	0.68067	0.0051748
-5.1251	0.73109	0.0048879
-5.1251	0.78151	0.0044195
-5.1251	0.83193	0.0039661
-5.1251	0.88235	0.003665
-5.1251	0.93277	0.0032443
-5.1251	0.98319	0.0029445
-5.1251	1.0336	0.0025672
-5.1251	1.084	0.0022176
-5.1251	1.1345	0.0019585
-5.1251	1.1849	0.001661
-5.1251	1.2353	0.0014336
-5.1251	1.2857	0.0011899
-5.0775	-1.2857	0.0012036
-5.0775	-1.2353	0.0013838
-5.0775	-1.1849	0.0015715
-5.0775	-1.1345	0.0019141
-5.0775	-1.084	0.0021312
-5.0775	-1.0336	0.0025421
-5.0775	-0.98319	0.0027826
-5.0775	-0.93277	0.0030181
-5.0775	-0.88235	0.0035097
-5.0775	-0.83193	0.0037526
-5.0775	-0.78151	0.0042868
-5.0775	-0.73109	0.0045239
-5.0775	-0.68067	0.0047382
-5.0775	-0.63025	0.005192
-5.0775	-0.57983	0.005394
-5.0775	-0.52941	0.005947
-5.0775	-0.47899	0.0061098
-5.0775	-0.42857	0.0062346
-5.0775	-0.37815	0.0067457
-5.0775	-0.32773	0.0068123
-5.0775	-0.27731	0.0072715
-5.0775	-0.22689	0.0072699
-5.0775	-0.17647	0.007222
-5.0775	-0.12605	0.0075877
-5.0775	-0.07563	0.0074647
-5.0775	-0.02521	0.0077538
-5.0775	0.02521	0.0075548
-5.0775	0.07563	0.0073149
-5.0775	0.12605	0.0074905
-5.0775	0.17647	0.0071827
-5.0775	0.22689	0.0072757
-5.0775	0.27731	0.0069085
-5.0775	0.32773	0.0065178
-5.0775	0.37815	0.0065046
-5.0775	0.42857	0.0060745
-5.0775	0.47899	0.0059883
-5.0775	0.52941	0.0055336
-5.0775	0.57983	0.0053827
-5.0775	0.63025	0.0049191
-5.0775	0.68067	0.0044632
-5.0775	0.73109	0.0042588
-5.0775	0.78151	0.0038174
-5.0775	0.83193	0.0035831
-5.0775	0.88235	0.0031696
-5.0775	0.93277	0.0027804
-5.0775	0.98319	0.0025476
-5.0775	1.0336	0.0022008
-5.0775	1.084	0.0019753
-5.0775	1.1345	0.001677
-5.0775	1.1849	0.0014083
-5.0775	1.2353	0.0012237
-5.0775	1.2857	0.0010053
-5.0298	-1.2857	0.0010167
-5.0298	-1.2353	0.0011631
-5.0298	-1.1849	0.0013137
-5.0298	-1.1345	0.001614
-5.0298	-1.084	0.0017868
-5.0298	-1.0336	0.0021526
-5.0298	-0.98319	0.0023424
-5.0298	-0.93277	0.002525
-5.0298	-0.88235	0.0029719
-5.0298	-0.83193	0.0031577
-5.0298	-0.78151	0.0036579
-5.0298	-0.73109	0.0038363
-5.0298	-0.68067	0.004373
-5.0298	-0.63025	0.0045317
-5.0298	-0.57983	0.0046612
-5.0298	-0.52941	0.0052095
-5.0298	-0.47899	0.0053
-5.0298	-0.42857	0.005833
-5.0298	-0.37815	0.0058728
-5.0298	-0.32773	0.0058724
-5.0298	-0.27731	0.006347
-5.0298	-0.22689	0.0062842
-5.0298	-0.17647	0.0066972
-5.0298	-0.12605	0.0065671
-5.0298	-0.07563	0.0063972
-5.0298	-0.02521	0.0067086
-5.0298	0.02521	0.0064734
-5.0298	0.07563	0.0067054
-5.0298	0.12605	0.0064089
-5.0298	0.17647	0.0062502
-5.0298	0.22689	0.0063896
-5.0298	0.27731	0.0060285
-5.0298	0.32773	0.0060933
-5.0298	0.37815	0.0056922
-5.0298	0.42857	0.0052814
-5.0298	0.47899	0.0052591
-5.0298	0.52941	0.004829
-5.0298	0.57983	0.0047494
-5.0298	0.63025	0.0043135
-5.0298	0.68067	0.0038885
-5.0298	0.73109	0.0037576
-5.0298	0.78151	0.0033471
-5.0298	0.83193	0.0031849
-5.0298	0.88235	0.0028004
-5.0298	0.93277	0.002441
-5.0298	0.98319	0.0022702
-5.0298	1.0336	0.0019494
-5.0298	1.084	0.0017764
-5.0298	1.1345	0.0014996
-5.0298	1.1849	0.0013352
-5.0298	1.2353	0.001105
-4.9821	-1.2353	0.0010039
-4.9821	-1.1849	0.0012535
-4.9821	-1.1345	0.0013856
-4.9821	-1.084	0.0014505
-4.9821	-1.0336	0.0017653
-4.9821	-0.98319	0.0019071
-4.9821	-0.93277	0.0022799
-4.9821	-0.88235	0.0024258
-4.9821	-0.83193	0.0025577
-4.9821	-0.78151	0.0029968
-4.9821	-0.73109	0.0031188
-4.9821	-0.68067	0.0036036
-4.9821	-0.63025	0.0037055
-4.9821	-0.57983	0.0037805
-4.9821	-0.52941	0.0042935
-4.9821	-0.47899	0.004333
-4.9821	-0.42857	0.0048526
-4.9821	-0.37815	0.0048469
-4.9821	-0.32773	0.0048063
-4.9821	-0.27731	0.0052905
-4.9821	-0.22689	0.0051955
-4.9821	-0.17647	0.0056342
-4.9821	-0.12605	0.0054808
-4.9821	-0.07563	0.005858
-4.9821	-0.02521	0.0056451
-4.9821	0.02521	0.0054026
-4.9821	0.07563	0.0056805
-4.9821	0.12605	0.0053858
-4.9821	0.17647	0.0055876
-4.9821	0.22689	0.005248
-4.9821	0.27731	0.0048945
-4.9821	0.32773	0.0050004
-4.9821	0.37815	0.0046184
-4.9821	0.42857	0.0046598
-4.9821	0.47899	0.0042605
-4.9821	0.52941	0.0038666
-4.9821	0.57983	0.0038409
-4.9821	0.63025	0.0034482
-4.9821	0.68067	0.0033803
-4.9821	0.73109	0.0029998
-4.9821	0.78151	0.0026401
-4.9821	0.83193	0.0025408
-4.9821	0.88235	0.0022073
-4.9821	0.93277	0.00225
-4.9821	0.98319	0.0019361
-4.9821	1.0336	0.0016499
-4.9821	1.084	0.0015282
-4.9821	1.1345	0.0012807
-4.9821	1.1849	0.0011601
-4.9344	-1.1345	0.0010788
-4.9344	-1.084	0.0013395
-4.9344	-1.0336	0.0014414
-4.9344	-0.98319	0.0015345
-4.9344	-0.93277	0.0018559
-4.9344	-0.88235	0.0019471
-4.9344	-0.83193	0.0023153
-4.9344	-0.78151	0.0023971
-4.9344	-0.73109	0.00246
-4.9344	-0.68067	0.0028736
-4.9344	-0.63025	0.0029147
-4.9344	-0.57983	0.0033616
-4.9344	-0.52941	0.0033727
-4.9344	-0.47899	0.003357
-4.9344	-0.42857	0.0038148
-4.9344	-0.37815	0.003759
-4.9344	-0.32773	0.0042585
-4.9344	-0.27731	0.0041711
-4.9344	-0.22689	0.0040551
-4.9344	-0.17647	0.0044866
-4.9344	-0.12605	0.004321
-4.9344	-0.07563	0.0047144
-4.9344	-0.02521	0.0044987
-4.9344	0.02521	0.0042616
-4.9344	0.07563	0.0045737
-4.9344	0.12605	0.0042933
-4.9344	0.17647	0.0045393
-4.9344	0.22689	0.0042219
-4.9344	0.27731	0.0038976
-4.9344	0.32773	0.0040538
-4.9344	0.37815	0.0037069
-4.9344	0.42857	0.0038013
-4.9344	0.47899	0.0034419
-4.9344	0.52941	0.0034809
-4.9344	0.57983	0.0031194
-4.9344	0.63025	0.002773
-4.9344	0.68067	0.0027581
-4.9344	0.73109	0.0024243
-4.9344	0.78151	0.0023766
-4.9344	0.83193	0.0020636
-4.9344	0.88235	0.0017756
-4.9344	0.93277	0.0017068
-4.9344	0.98319	0.0014481
-4.9344	1.0336	0.0013673
-4.9344	1.084	0.0011418
-4.8868	-1.084	0.0010008
-4.8868	-1.0336	0.001065
-4.8868	-0.98319	0.0011209
-4.8868	-0.93277	0.0013865
-4.8868	-0.88235	0.0014379
-4.8868	-0.83193	0.0017431
-4.8868	-0.78151	0.0017841
-4.8868	-0.73109	0.0021258
-4.8868	-0.68067	0.0021498
-4.8868	-0.63025	0.002155
-4.8868	-0.57983	0.0025242
-4.8868	-0.52941	0.0025032
-4.8868	-0.47899	0.002895
-4.8868	-0.42857	0.0028417
-4.8868	-0.37815	0.002767
-4.8868	-0.32773	0.0031571
-4.8868	-0.27731	0.0030447
-4.8868	-0.22689	0.0034341
-4.8868	-0.17647	0.0032811
-4.8868	-0.12605	0.0031107
-4.8868	-0.07563	0.0034614
-4.8868	-0.02521	0.0032519
-4.8868	0.02521	0.003572
-4.8868	0.07563	0.0033256
-4.8868	0.12605	0.0030725
-4.8868	0.17647	0.0033236
-4.8868	0.22689	0.0030428
-4.8868	0.27731	0.0032428
-4.8868	0.32773	0.0029415
-4.8868	0.37815	0.0026471
-4.8868	0.42857	0.0029287
-4.8868	0.47899	0.0026208
-4.8868	0.52941	0.002705
-4.8868	0.57983	0.0023963
-4.8868	0.63025	0.002105
-4.8868	0.68067	0.0021348
-4.8868	0.73109	0.0018547
-4.8868	0.78151	0.0018514
-4.8868	0.83193	0.0015895
-4.8868	0.88235	0.0013518
-4.8868	0.93277	0.0013227
-4.8868	0.98319	0.0011096
-4.8868	1.0336	0.0010663
-4.8391	-0.83193	0.0012358
-4.8391	-0.78151	0.0012411
-4.8391	-0.73109	0.0015134
-4.8391	-0.68067	0.0015115
-4.8391	-0.63025	0.0014967
-4.8391	-0.57983	0.0017886
-4.8391	-0.52941	0.0017518
-4.8391	-0.47899	0.0020625
-4.8391	-0.42857	0.0019993
-4.8391	-0.37815	0.001923
-4.8391	-0.32773	0.0022302
-4.8391	-0.27731	0.0021242
-4.8391	-0.22689	0.0024354
-4.8391	-0.17647	0.0022979
-4.8391	-0.12605	0.0026057
-4.8391	-0.07563	0.002436
-4.8391	-0.02521	0.0022604
-4.8391	0.02521	0.0025307
-4.8391	0.07563	0.0023268
-4.8391	0.12605	0.0025746
-4.8391	0.17647	0.0023455
-4.8391	0.22689	0.0021208
-4.8391	0.27731	0.0023127
-4.8391	0.32773	0.0020715
-4.8391	0.37815	0.0022274
-4.8391	0.42857	0.001976
-4.8391	0.47899	0.0017393
-4.8391	0.52941	0.0018379
-4.8391	0.57983	0.0016011
-4.8391	0.63025	0.0016644
-4.8391	0.68067	0.0014344
-4.8391	0.73109	0.0012257
-4.8391	0.78151	0.0012487
-4.8391	0.83193	0.0010541
-4.8391	0.88235	0.001055
-4.7914	-0.73109	0.0010031
-4.7914	-0.63025	0.0012067
-4.7914	-0.57983	0.0011781
-4.7914	-0.52941	0.0011445
-4.7914	-0.47899	0.001362
-4.7914	-0.42857	0.0013077
-4.7914	-0.37815	0.0015353
-4.7914	-0.32773	0.0014578
-4.7914	-0.27731	0.0013782
-4.7914	-0.22689	0.0015886
-4.7914	-0.17647	0.0014855
-4.7914	-0.12605	0.001695
-4.7914	-0.07563	0.0015684
-4.7914	-0.02521	0.0015062
-4.7914	0.02521	0.0016975
-4.7914	0.07563	0.0015509
-4.7914	0.12605	0.0017322
-4.7914	0.17647	0.0015662
-4.7914	0.22689	0.0014097
-4.7914	0.27731	0.0015505
-4.7914	0.32773	0.0013805
-4.7914	0.37815	0.0015031
-4.7914	0.42857	0.0013238
-4.7914	0.47899	0.0011604
-4.7914	0.52941	0.0012408
-4.7914	0.57983	0.0010749
-4.7914	0.63025	0.0011345
-4.7914	0.73109	0.0010098
-4.7437	-0.37815	0.0010361
-4.7437	-0.32773	0.0010059
-4.7437	-0.27731	0.0011388
-4.7437	-0.22689	0.0010894
-4.7437	-0.17647	0.0010477
-4.7437	-0.12605	0.0011545
-4.7437	-0.07563	0.0010936
-4.7437	-0.02521	0.0011989
-4.7437	0.02521	0.0011193
-4.7437	0.07563	0.001051
-4.7437	0.12605	0.0011241
-4.7437	0.17647	0.0010396
-4.7437	0.22689	0.0011085
-4.7437	0.27731	0.0010099
-4.6961	-0.07563	0.0010052
-4.6484	-0.57983	0.0010057
-4.6484	-0.47899	0.0010808
-4.6484	-0.42857	0.0010059
-4.6484	-0.37815	0.0011385
-4.6484	-0.32773	0.0012938
-4.6484	-0.27731	0.0011753
-4.6484	-0.22689	0.0013166
-4.6484	-0.17647	0.0011883
-4.6484	-0.12605	0.0013119
-4.6484	-0.07563	0.0014539
-4.6484	-0.02521	0.0012791
-4.6484	0.02521	0.0013983
-4.6484	0.07563	0.0012201
-4.6484	0.12605	0.0013149
-4.6484	0.17647	0.0014222
-4.6484	0.22689	0.0012093
-4.6484	0.27731	0.0012485
-4.6484	0.32773	0.0010632
-4.6484	0.37815	0.0011152
-4.6484	0.42857	0.0011748
-4.6484	0.52941	0.0010117
-4.6007	-0.83193	0.0011216
-4.6007	-0.78151	0.0010535
-4.6007	-0.73109	0.0012732
-4.6007	-0.68067	0.0011783
-4.6007	-0.63025	0.0014058
-4.6007	-0.57983	0.0012858
-4.6007	-0.52941	0.0015153
-4.6007	-0.47899	0.0017767
-4.6007	-0.42857	0.0015985
-4.6007	-0.37815	0.0018533
-4.6007	-0.32773	0.0016524
-4.6007	-0.27731	0.0018946
-4.6007	-0.22689	0.002162
-4.6007	-0.17647	0.0018983
-4.6007	-0.12605	0.0021437
-4.6007	-0.07563	0.0018629
-4.6007	-0.02521	0.0020818
-4.6007	0.02521	0.0023153
-4.6007	0.07563	0.0019778
-4.6007	0.12605	0.0021773
-4.6007	0.17647	0.0018362
-4.6007	0.22689	0.0020006
-4.6007	0.27731	0.0021687
-4.6007	0.32773	0.0017943
-4.6007	0.37815	0.001925
-4.6007	0.42857	0.0015701
-4.6007	0.47899	0.0016662
-4.6007	0.52941	0.0017583
-4.6007	0.57983	0.0014059
-4.6007	0.63025	0.0014668
-4.6007	0.68067	0.0011562
-4.6007	0.73109	0.0011915
-4.6007	0.78151	0.0012199
-4.553	-1.0336	0.0011131
-4.553	-0.98319	0.0013798
-4.553	-0.93277	0.0013542
-4.553	-0.88235	0.0016541
-4.553	-0.83193	0.0015878
-4.553	-0.78151	0.0019139
-4.553	-0.73109	0.0022863
-4.553	-0.68067	0.0021444
-4.553	-0.63025	0.0025323
-4.553	-0.57983	0.0023347
-4.553	-0.52941	0.0027275
-4.553	-0.47899	0.0031607
-4.553	-0.42857	0.0028659
-4.553	-0.37815	0.0032884
-4.553	-0.32773	0.0029455
-4.553	-0.27731	0.0033475
-4.553	-0.22689	0.0037752
-4.553	-0.17647	0.0031502
-4.553	-0.12605	0.0035335
-4.553	-0.07563	0.0030958
-4.553	-0.02521	0.0034406
-4.553	0.02521	0.0029821
-4.553	0.07563	0.0032839
-4.553	0.12605	0.0035895
-4.553	0.17647	0.0030689
-4.553	0.22689	0.0033237
-4.553	0.27731	0.0028041
-4.553	0.32773	0.0030085
-4.553	0.37815	0.0032032
-4.553	0.42857	0.0026578
-4.553	0.47899	0.0028024
-4.553	0.52941	0.0022885
-4.553	0.57983	0.0023885
-4.553	0.63025	0.0024725
-4.553	0.68067	0.0019806
-4.553	0.73109	0.0020277
-4.553	0.78151	0.0015962
-4.553	0.83193	0.0016146
-4.553	0.88235	0.0016182
-4.553	0.93277	0.0012465
-4.553	0.98319	0.0012321
-4.5054	-1.1849	0.0010447
-4.5054	-1.1345	0.0013179
-4.5054	-1.084	0.0013591
-4.5054	-1.0336	0.0016837
-4.5054	-0.98319	0.0017018
-4.5054	-0.93277	0.0020751
-4.5054	-0.88235	0.0025047
-4.5054	-0.83193	0.0024711
-4.5054	-0.78151	0.0029429
-4.5054	-0.73109	0.0028465
-4.5054	-0.68067	0.0033491
-4.5054	-0.63025	0.0039061
-4.5054	-0.57983	0.0036962
-4.5054	-0.52941	0.0042645
-4.5054	-0.47899	0.0039642
-4.5054	-0.42857	0.0045275
-4.5054	-0.37815	0.0051293
-4.5054	-0.32773	0.0046854
-4.5054	-0.27731	0.0052579
-4.5054	-0.22689	0.004738
-4.5054	-0.17647	0.0052681
-4.5054	-0.12605	0.0058126
-4.5054	-0.07563	0.005169
-4.5054	-0.02521	0.0056519
-4.5054	0.02521	0.0049723
-4.5054	0.07563	0.0053879
-4.5054	0.12605	0.0057938
-4.5054	0.17647	0.0050365
-4.5054	0.22689	0.0053664
-4.5054	0.27731	0.0046131
-4.5054	0.32773	0.0048695
-4.5054	0.37815	0.0050999
-4.5054	0.42857	0.0043224
-4.5054	0.47899	0.0044826
-4.5054	0.52941	0.0037458
-4.5054	0.57983	0.0037991
-4.5054	0.63025	0.0031281
-4.5054	0.68067	0.0031904
-4.5054	0.73109	0.0032256
-4.5054	0.78151	0.0026037
-4.5054	0.83193	0.0026015
-4.5054	0.88235	0.0020606
-4.5054	0.93277	0.0020324
-4.5054	0.98319	0.0019845
-4.5054	1.0336	0.001534
-4.5054	1.084	0.0014751
-4.5054	1.1345	0.001115
-4.5054	1.1849	0.0010535
-4.4577	-1.2857	0.0012498
-4.4577	-1.2353	0.0013394
-4.4577	-1.1849	0.0016818
-4.4577	-1.1345	0.0020855
-4.4577	-1.084	0.0021718
-4.4577	-1.0336	0.0026459
-4.4577	-0.98319	0.0027092
-4.4577	-0.93277	0.0032499
-4.4577	-0.88235	0.0038609
-4.4577	-0.83193	0.0038752
-4.4577	-0.78151	0.0045431
-4.4577	-0.73109	0.0044899
-4.4577	-0.68067	0.0051999
-4.4577	-0.63025	0.0047093
-4.4577	-0.57983	0.0054147
-4.4577	-0.52941	0.0061754
-4.4577	-0.47899	0.0058924
-4.4577	-0.42857	0.0066502
-4.4577	-0.37815	0.006237
-4.4577	-0.32773	0.0069696
-4.4577	-0.27731	0.0077296
-4.4577	-0.22689	0.0071175
-4.4577	-0.17647	0.0078195
-4.4577	-0.12605	0.007095
-4.4577	-0.07563	0.0077234
-4.4577	-0.02521	0.0083462
-4.4577	0.02521	0.0074613
-4.4577	0.07563	0.0079896
-4.4577	0.12605	0.0070602
-4.4577	0.17647	0.007491
-4.4577	0.22689	0.0078898
-4.4577	0.27731	0.0068835
-4.4577	0.32773	0.0071817
-4.4577	0.37815	0.0061981
-4.4577	0.42857	0.0064038
-4.4577	0.47899	0.0065658
-4.4577	0.52941	0.0055874
-4.4577	0.57983	0.0056694
-4.4577	0.63025	0.0047612
-4.4577	0.68067	0.0047783
-4.4577	0.73109	0.0047554
-4.4577	0.78151	0.0039207
-4.4577	0.83193	0.0038545
-4.4577	0.88235	0.0031222
-4.4577	0.93277	0.0030289
-4.4577	0.98319	0.0029098
-4.4577	1.0336	0.0022988
-4.4577	1.084	0.0021738
-4.4577	1.1345	0.0016776
-4.4577	1.1849	0.0015578
-4.4577	1.2353	0.0011709
-4.4577	1.2857	0.0010642
-4.4577	1.3361	0.0010089
-4.41	-1.3866	0.0010265
-4.41	-1.3361	0.0013284
-4.41	-1.2857	0.0016923
-4.41	-1.2353	0.001846
-4.41	-1.1849	0.0022965
-4.41	-1.1345	0.0024399
-4.41	-1.084	0.0029765
-4.41	-1.0336	0.003592
-4.41	-0.98319	0.0037173
-4.41	-0.93277	0.0044159
-4.41	-0.88235	0.0045005
-4.41	-0.83193	0.0052722
-4.41	-0.78151	0.0061224
-4.41	-0.73109	0.0061315
-4.41	-0.68067	0.0070334
-4.41	-0.63025	0.0069543
-4.41	-0.57983	0.0078863
-4.41	-0.52941	0.0088751
-4.41	-0.47899	0.0086284
-4.41	-0.42857	0.0096079
-4.41	-0.37815	0.0092047
-4.41	-0.32773	0.010146
-4.41	-0.27731	0.011105
-4.41	-0.22689	0.010446
-4.41	-0.17647	0.011323
-4.41	-0.12605	0.010484
-4.41	-0.07563	0.011258
-4.41	-0.02521	0.010266
-4.41	0.02521	0.010921
-4.41	0.07563	0.011538
-4.41	0.12605	0.010089
-4.41	0.17647	0.010596
-4.41	0.22689	0.0093933
-4.41	0.27731	0.0097735
-4.41	0.32773	0.010097
-4.41	0.37815	0.0088234
-4.41	0.42857	0.0090266
-4.41	0.47899	0.0077986
-4.41	0.52941	0.0078968
-4.41	0.57983	0.0079364
-4.41	0.63025	0.006756
-4.41	0.68067	0.0067149
-4.41	0.73109	0.0056432
-4.41	0.78151	0.0055427
-4.41	0.83193	0.0053983
-4.41	0.88235	0.0044513
-4.41	0.93277	0.0042774
-4.41	0.98319	0.0034657
-4.41	1.0336	0.003281
-4.41	1.084	0.0030745
-4.41	1.1345	0.0024242
-4.41	1.1849	0.0022309
-4.41	1.2353	0.0017148
-4.41	1.2857	0.0015448
-4.41	1.3361	0.001372
-4.41	1.3866	0.0010111
-4.3623	-1.437	0.0013091
-4.3623	-1.3866	0.0015161
-4.3623	-1.3361	0.0019367
-4.3623	-1.2857	0.0021639
-4.3623	-1.2353	0.0026926
-4.3623	-1.1849	0.0033088
-4.3623	-1.1345	0.0035566
-4.3623	-1.084	0.0039086
-4.3623	-1.0336	0.004122
-4.3623	-0.98319	0.0049053
-4.3623	-0.93277	0.0057819
-4.3623	-0.88235	0.005949
-4.3623	-0.83193	0.0069117
-4.3623	-0.78151	0.0070095
-4.3623	-0.73109	0.0080391
-4.3623	-0.68067	0.0091468
-4.3623	-0.63025	0.0091266
-4.3623	-0.57983	0.010265
-4.3623	-0.52941	0.01013
-4.3623	-0.47899	0.01127
-4.3623	-0.42857	0.01245
-4.3623	-0.37815	0.012105
-4.3623	-0.32773	0.013236
-4.3623	-0.27731	0.012709
-4.3623	-0.22689	0.01376
-4.3623	-0.17647	0.014798
-4.3623	-0.12605	0.01397
-4.3623	-0.07563	0.01488
-4.3623	-0.02521	0.013842
-4.3623	0.02521	0.014604
-4.3623	0.07563	0.015307
-4.3623	0.12605	0.013982
-4.3623	0.17647	0.014516
-4.3623	0.22689	0.013063
-4.3623	0.27731	0.013432
-4.3623	0.32773	0.013719
-4.3623	0.37815	0.012133
-4.3623	0.42857	0.012269
-4.3623	0.47899	0.010706
-4.3623	0.52941	0.010714
-4.3623	0.57983	0.0092301
-4.3623	0.63025	0.0091362
-4.3623	0.68067	0.0089756
-4.3623	0.73109	0.0076044
-4.3623	0.78151	0.0073805
-4.3623	0.83193	0.0061686
-4.3623	0.88235	0.0060437
-4.3623	0.93277	0.0057638
-4.3623	0.98319	0.0047317
-4.3623	1.0336	0.0044456
-4.3623	1.084	0.0035844
-4.3623	1.1345	0.0033113
-4.3623	1.1849	0.0030255
-4.3623	1.2353	0.0023674
-4.3623	1.2857	0.0021177
-4.3623	1.3361	0.0016111
-4.3623	1.3866	0.0014047
-4.3623	1.437	0.0012045
-4.3147	-1.4874	0.0011978
-4.3147	-1.437	0.0015708
-4.3147	-1.3866	0.0018734
-4.3147	-1.3361	0.0023809
-4.3147	-1.2857	0.0027161
-4.3147	-1.2353	0.0033647
-4.3147	-1.1849	0.0041159
-4.3147	-1.1345	0.0044981
-4.3147	-1.084	0.0053931
-4.3147	-1.0336	0.0057436
-4.3147	-0.98319	0.0067659
-4.3147	-0.93277	0.0078976
-4.3147	-0.88235	0.0081832
-4.3147	-0.83193	0.0094112
-4.3147	-0.78151	0.0095948
-4.3147	-0.73109	0.010888
-4.3147	-0.68067	0.010955
-4.3147	-0.63025	0.012282
-4.3147	-0.57983	0.013672
-4.3147	-0.52941	0.013547
-4.3147	-0.47899	0.014916
-4.3147	-0.42857	0.014636
-4.3147	-0.37815	0.015948
-4.3147	-0.32773	0.016606
-4.3147	-0.27731	0.016108
-4.3147	-0.22689	0.01732
-4.3147	-0.17647	0.016621
-4.3147	-0.12605	0.017699
-4.3147	-0.07563	0.018726
-4.3147	-0.02521	0.017697
-4.3147	0.02521	0.018546
-4.3147	0.07563	0.017292
-4.3147	0.12605	0.017947
-4.3147	0.17647	0.018509
-4.3147	0.22689	0.016951
-4.3147	0.27731	0.017312
-4.3147	0.32773	0.015615
-4.3147	0.37815	0.01579
-4.3147	0.42857	0.015862
-4.3147	0.47899	0.014039
-4.3147	0.52941	0.013956
-4.3147	0.57983	0.012168
-4.3147	0.63025	0.011964
-4.3147	0.68067	0.011679
-4.3147	0.73109	0.0099917
-4.3147	0.78151	0.0096365
-4.3147	0.83193	0.0081237
-4.3147	0.88235	0.0077326
-4.3147	0.93277	0.0072985
-4.3147	0.98319	0.0060237
-4.3147	1.0336	0.0055992
-4.3147	1.084	0.0045414
-4.3147	1.1345	0.0041487
-4.3147	1.1849	0.0032978
-4.3147	1.2353	0.0029524
-4.3147	1.2857	0.00261
-4.3147	1.3361	0.0020016
-4.3147	1.3866	0.0017228
-4.3147	1.437	0.001277
-4.3147	1.4874	0.0010623
-4.267	-1.4874	0.0012699
-4.267	-1.437	0.0016432
-4.267	-1.3866	0.0021045
-4.267	-1.3361	0.0026508
-4.267	-1.2857	0.0031871
-4.267	-1.2353	0.0039173
-4.267	-1.1849	0.0044859
-4.267	-1.1345	0.0054046
-4.267	-1.084	0.0064403
-4.267	-1.0336	0.0070446
-4.267	-0.98319	0.0082583
-4.267	-0.93277	0.0087627
-4.267	-0.88235	0.010118
-4.267	-0.83193	0.011585
-4.267	-0.78151	0.011939
-4.267	-0.73109	0.013487
-4.267	-0.68067	0.013657
-4.267	-0.63025	0.015235
-4.267	-0.57983	0.016876
-4.267	-0.52941	0.016782
-4.267	-0.47899	0.018379
-4.267	-0.42857	0.018091
-4.267	-0.37815	0.0196
-4.267	-0.32773	0.021099
-4.267	-0.27731	0.020508
-4.267	-0.22689	0.021854
-4.267	-0.17647	0.021065
-4.267	-0.12605	0.022229
-4.267	-0.07563	0.021233
-4.267	-0.02521	0.022191
-4.267	0.02521	0.02305
-4.267	0.07563	0.021713
-4.267	0.12605	0.022337
-4.267	0.17647	0.02079
-4.267	0.22689	0.021179
-4.267	0.27731	0.021441
-4.267	0.32773	0.019613
-4.267	0.37815	0.019657
-4.267	0.42857	0.017741
-4.267	0.47899	0.017654
-4.267	0.52941	0.017452
-4.267	0.57983	0.015446
-4.267	0.63025	0.015102
-4.267	0.68067	0.013149
-4.267	0.73109	0.012708
-4.267	0.78151	0.012191
-4.267	0.83193	0.010388
-4.267	0.88235	0.0098364
-4.267	0.93277	0.0082408
-4.267	0.98319	0.0076916
-4.267	1.0336	0.0071151
-4.267	1.084	0.0058152
-4.267	1.1345	0.0052878
-4.267	1.1849	0.0042352
-4.267	1.2353	0.003775
-4.267	1.2857	0.003324
-4.267	1.3361	0.0025709
-4.267	1.3866	0.002205
-4.267	1.437	0.0016522
-4.267	1.4874	0.0013705
-4.267	1.5378	0.0011133
-4.2193	-1.6891	0.0010061
-4.2193	-1.6387	0.0014519
-4.2193	-1.5882	0.0020096
-4.2193	-1.5378	0.0013636
-4.2193	-1.4874	0.0018539
-4.2193	-1.437	0.0018993
-4.2193	-1.3866	0.0024284
-4.2193	-1.3361	0.0029716
-4.2193	-1.2857	0.0036614
-4.2193	-1.2353	0.0044554
-4.2193	-1.1849	0.0053302
-4.2193	-1.1345	0.0063374
-4.2193	-1.084	0.0073405
-4.2193	-1.0336	0.0085788
-4.2193	-0.98319	0.0099328
-4.2193	-0.93277	0.011007
-4.2193	-0.88235	0.012573
-4.2193	-0.83193	0.01261
-4.2193	-0.78151	0.014282
-4.2193	-0.73109	0.01605
-4.2193	-0.68067	0.016593
-4.2193	-0.63025	0.018429
-4.2193	-0.57983	0.01861
-4.2193	-0.52941	0.020433
-4.2193	-0.47899	0.022286
-4.2193	-0.42857	0.022029
-4.2193	-0.37815	0.023765
-4.2193	-0.32773	0.023215
-4.2193	-0.27731	0.024781
-4.2193	-0.22689	0.026291
-4.2193	-0.17647	0.025353
-4.2193	-0.12605	0.026628
-4.2193	-0.07563	0.025488
-4.2193	-0.02521	0.026506
-4.2193	0.02521	0.0274
-4.2193	0.07563	0.02593
-4.2193	0.12605	0.026544
-4.2193	0.17647	0.024902
-4.2193	0.22689	0.025243
-4.2193	0.27731	0.025433
-4.2193	0.32773	0.023519
-4.2193	0.37815	0.023458
-4.2193	0.42857	0.021423
-4.2193	0.47899	0.021145
-4.2193	0.52941	0.020736
-4.2193	0.57983	0.018584
-4.2193	0.63025	0.018023
-4.2193	0.68067	0.015892
-4.2193	0.73109	0.015231
-4.2193	0.78151	0.013197
-4.2193	0.83193	0.012488
-4.2193	0.88235	0.011725
-4.2193	0.93277	0.0099143
-4.2193	0.98319	0.0091734
-4.2193	1.0336	0.0076031
-4.2193	1.084	0.0069204
-4.2193	1.1345	0.0062364
-4.2193	1.1849	0.0053139
-4.2193	1.2353	0.0047196
-4.2193	1.2857	0.0037208
-4.2193	1.3361	0.0032283
-4.2193	1.3866	0.0027613
-4.2193	1.437	0.002085
-4.2193	1.4874	0.0017263
-4.2193	1.5378	0.0012517
-4.1716	-1.5378	0.0011376
-4.1716	-1.4874	0.0014416
-4.1716	-1.437	0.0043962
-4.1716	-1.3866	0.0054248
-4.1716	-1.3361	0.0041592
-4.1716	-1.2857	0.0052752
-4.1716	-1.2353	0.0065999
-4.1716	-1.1849	0.0056591
-4.1716	-1.1345	0.0067951
-4.1716	-1.084	0.0075205
-4.1716	-1.0336	0.0087835
-4.1716	-0.98319	0.01017
-4.1716	-0.93277	0.011506
-4.1716	-0.88235	0.013075
-4.1716	-0.83193	0.014647
-4.1716	-0.78151	0.016409
-4.1716	-0.73109	0.018249
-4.1716	-0.68067	0.019779
-4.1716	-0.63025	0.021749
-4.1716	-0.57983	0.022798
-4.1716	-0.52941	0.024813
-4.1716	-0.47899	0.025206
-4.1716	-0.42857	0.027159
-4.1716	-0.37815	0.029079
-4.1716	-0.32773	0.028707
-4.1716	-0.27731	0.030432
-4.1716	-0.22689	0.029515
-4.1716	-0.17647	0.030975
-4.1716	-0.12605	0.032316
-4.1716	-0.07563	0.030848
-4.1716	-0.02521	0.031374
-4.1716	0.02521	0.029765
-4.1716	0.07563	0.030529
-4.1716	0.12605	0.031129
-4.1716	0.17647	0.029209
-4.1716	0.22689	0.029487
-4.1716	0.27731	0.027468
-4.1716	0.32773	0.027451
-4.1716	0.37815	0.027267
-4.1716	0.42857	0.025071
-4.1716	0.47899	0.024643
-4.1716	0.52941	0.02241
-4.1716	0.57983	0.021788
-4.1716	0.63025	0.021044
-4.1716	0.68067	0.018791
-4.1716	0.73109	0.017936
-4.1716	0.78151	0.015762
-4.1716	0.83193	0.014855
-4.1716	0.88235	0.013893
-4.1716	0.93277	0.011918
-4.1716	0.98319	0.010986
-4.1716	1.0336	0.0092303
-4.1716	1.084	0.0083714
-4.1716	1.1345	0.0075188
-4.1716	1.1849	0.0061211
-4.1716	1.2353	0.0053886
-4.1716	1.2857	0.0042698
-4.1716	1.3361	0.0036697
-4.1716	1.3866	0.002818
-4.1716	1.437	0.0023507
-4.1716	1.4874	0.0019252
-4.1716	1.5378	0.0013933
-4.1716	1.5882	0.0010902
-4.124	-1.6387	0.0013676
-4.124	-1.5378	0.0010867
-4.124	-1.4874	0.0010787
-4.124	-1.437	0.0013801
-4.124	-1.3866	0.0017387
-4.124	-1.3361	0.002888
-4.124	-1.2857	0.0031464
-4.124	-1.2353	0.0090978
-4.124	-1.1849	0.010476
-4.124	-1.1345	0.011908
-4.124	-1.084	0.012001
-4.124	-1.0336	0.014318
-4.124	-0.98319	0.011116
-4.124	-0.93277	0.012875
-4.124	-0.88235	0.014793
-4.124	-0.83193	0.01505
-4.124	-0.78151	0.0169
-4.124	-0.73109	0.018342
-4.124	-0.68067	0.020247
-4.124	-0.63025	0.022203
-4.124	-0.57983	0.024076
-4.124	-0.52941	0.02606
-4.124	-0.47899	0.027769
-4.124	-0.42857	0.029739
-4.124	-0.37815	0.03165
-4.124	-0.32773	0.032633
-4.124	-0.27731	0.034407
-4.124	-0.22689	0.034388
-4.124	-0.17647	0.035928
-4.124	-0.12605	0.037315
-4.124	-0.07563	0.036196
-4.124	-0.02521	0.037247
-4.124	0.02521	0.03543
-4.124	0.07563	0.03611
-4.124	0.12605	0.033908
-4.124	0.17647	0.034217
-4.124	0.22689	0.034329
-4.124	0.27731	0.03182
-4.124	0.32773	0.031598
-4.124	0.37815	0.029081
-4.124	0.42857	0.028574
-4.124	0.47899	0.027904
-4.124	0.52941	0.025367
-4.124	0.57983	0.024498
-4.124	0.63025	0.022057
-4.124	0.68067	0.021053
-4.124	0.73109	0.020515
-4.124	0.78151	0.018197
-4.124	0.83193	0.017091
-4.124	0.88235	0.01493
-4.124	0.93277	0.013829
-4.124	0.98319	0.012706
-4.124	1.0336	0.010822
-4.124	1.084	0.0097843
-4.124	1.1345	0.0081512
-4.124	1.1849	0.0072351
-4.124	1.2353	0.0063521
-4.124	1.2857	0.0051039
-4.124	1.3361	0.0043768
-4.124	1.3866	0.003405
-4.124	1.437	0.0028361
-4.124	1.4874	0.0023204
-4.124	1.5378	0.0017008
-4.124	1.5882	0.0013315
-4.0763	-1.5882	0.0032943
-4.0763	-1.5378	0.0041318
-4.0763	-1.4874	0.004113
-4.0763	-1.437	0.0056678
-4.0763	-1.3866	0.0076542
-4.0763	-1.3361	0.0033322
-4.0763	-1.2857	0.0042655
-4.0763	-1.2353	0.0032238
-4.0763	-1.1849	0.0038787
-4.0763	-1.1345	0.0053357
-4.0763	-1.084	0.0060833
-4.0763	-1.0336	0.0068834
-4.0763	-0.98319	0.017128
-4.0763	-0.93277	0.018619
-4.0763	-0.88235	0.024461
-4.0763	-0.83193	0.027871
-4.0763	-0.78151	0.03145
-4.0763	-0.73109	0.022682
-4.0763	-0.68067	0.025224
-4.0763	-0.63025	0.024044
-4.0763	-0.57983	0.026213
-4.0763	-0.52941	0.027308
-4.0763	-0.47899	0.028195
-4.0763	-0.42857	0.030165
-4.0763	-0.37815	0.031842
-4.0763	-0.32773	0.033637
-4.0763	-0.27731	0.035327
-4.0763	-0.22689	0.036798
-4.0763	-0.17647	0.038242
-4.0763	-0.12605	0.038903
-4.0763	-0.07563	0.040056
-4.0763	-0.02521	0.041005
-4.0763	0.02521	0.040358
-4.0763	0.07563	0.040948
-4.0763	0.12605	0.039196
-4.0763	0.17647	0.039408
-4.0763	0.22689	0.03939
-4.0763	0.27731	0.036766
-4.0763	0.32773	0.036395
-4.0763	0.37815	0.033464
-4.0763	0.42857	0.032786
-4.0763	0.47899	0.031927
-4.0763	0.52941	0.028922
-4.0763	0.57983	0.027853
-4.0763	0.63025	0.025019
-4.0763	0.68067	0.023812
-4.0763	0.73109	0.021201
-4.0763	0.78151	0.019927
-4.0763	0.83193	0.018594
-4.0763	0.88235	0.016271
-4.0763	0.93277	0.01497
-4.0763	0.98319	0.012907
-4.0763	1.0336	0.011691
-4.0763	1.084	0.010492
-4.0763	1.1345	0.0088046
-4.0763	1.1849	0.0077543
-4.0763	1.2353	0.0063501
-4.0763	1.2857	0.0054699
-4.0763	1.3361	0.0046499
-4.0763	1.3866	0.003645
-4.0763	1.437	0.0030065
-4.0763	1.4874	0.0025189
-4.0763	1.5378	0.0020192
-4.0763	1.5882	0.0015817
-4.0763	1.6387	0.0011096
-4.0286	-1.4874	0.0016911
-4.0286	-1.437	0.0020539
-4.0286	-1.3866	0.0069144
-4.0286	-1.3361	0.0078832
-4.0286	-1.2857	0.0088541
-4.0286	-1.2353	0.016727
-4.0286	-1.1849	0.020819
-4.0286	-1.1345	0.0084483
-4.0286	-1.084	0.010438
-4.0286	-1.0336	0.012805
-4.0286	-0.98319	0.0074926
-4.0286	-0.93277	0.0086814
-4.0286	-0.88235	0.0095763
-4.0286	-0.83193	0.010561
-4.0286	-0.78151	0.011581
-4.0286	-0.73109	0.024208
-4.0286	-0.68067	0.025453
-4.0286	-0.63025	0.042712
-4.0286	-0.57983	0.046442
-4.0286	-0.52941	0.033335
-4.0286	-0.47899	0.036111
-4.0286	-0.42857	0.038871
-4.0286	-0.37815	0.034877
-4.0286	-0.32773	0.036918
-4.0286	-0.27731	0.036516
-4.0286	-0.22689	0.038082
-4.0286	-0.17647	0.039496
-4.0286	-0.12605	0.040112
-4.0286	-0.07563	0.041078
-4.0286	-0.02521	0.041831
-4.0286	0.02521	0.042376
-4.0286	0.07563	0.042689
-4.0286	0.12605	0.042539
-4.0286	0.17647	0.042438
-4.0286	0.22689	0.041159
-4.0286	0.27731	0.04095
-4.0286	0.32773	0.040359
-4.0286	0.37815	0.037976
-4.0286	0.42857	0.037072
-4.0286	0.47899	0.034059
-4.0286	0.52941	0.03291
-4.0286	0.57983	0.031601
-4.0286	0.63025	0.028399
-4.0286	0.68067	0.026961
-4.0286	0.73109	0.023922
-4.0286	0.78151	0.022431
-4.0286	0.83193	0.020884
-4.0286	0.88235	0.018221
-4.0286	0.93277	0.016727
-4.0286	0.98319	0.014424
-4.0286	1.0336	0.013036
-4.0286	1.084	0.011677
-4.0286	1.1345	0.0098388
-4.0286	1.1849	0.008649
-4.0286	1.2353	0.0071408
-4.0286	1.2857	0.0061408
-4.0286	1.3361	0.0049375
-4.0286	1.3866	0.0041345
-4.0286	1.437	0.0034075
-4.0286	1.4874	0.0026004
-4.0286	1.5378	0.002062
-4.0286	1.5882	0.0014931
-4.0286	1.6387	0.0011217
-3.9809	-1.7395	0.0011578
-3.9809	-1.6891	0.001876
-3.9809	-1.5882	0.0012959
-3.9809	-1.4874	0.0012897
-3.9809	-1.437	0.0016779
-3.9809	-1.3866	0.0018194
-3.9809	-1.3361	0.002217
-3.9809	-1.2857	0.0036338
-3.9809	-1.2353	0.0041729
-3.9809	-1.1849	0.0047496
-3.9809	-1.1345	0.012167
-3.9809	-1.084	0.013068
-3.9809	-1.0336	0.037397
-3.9809	-0.98319	0.039722
-3.9809	-0.93277	0.044064
-3.9809	-0.88235	0.022725
-3.9809	-0.83193	0.027165
-3.9809	-0.78151	0.013043
-3.9809	-0.73109	0.014781
-3.9809	-0.68067	0.01667
-3.9809	-0.63025	0.014806
-3.9809	-0.57983	0.015914
-3.9809	-0.52941	0.028664
-3.9809	-0.47899	0.029532
-3.9809	-0.42857	0.030287
-3.9809	-0.37815	0.059504
-3.9809	-0.32773	0.062003
-3.9809	-0.27731	0.046701
-3.9809	-0.22689	0.049038
-3.9809	-0.17647	0.051177
-3.9809	-0.12605	0.043817
-3.9809	-0.07563	0.045103
-3.9809	-0.02521	0.042646
-3.9809	0.02521	0.04328
-3.9809	0.07563	0.042692
-3.9809	0.12605	0.042775
-3.9809	0.17647	0.042624
-3.9809	0.22689	0.042202
-3.9809	0.27731	0.041572
-3.9809	0.32773	0.040708
-3.9809	0.37815	0.039683
-3.9809	0.42857	0.038456
-3.9809	0.47899	0.036598
-3.9809	0.52941	0.035105
-3.9809	0.57983	0.032464
-3.9809	0.63025	0.030813
-3.9809	0.68067	0.029054
-3.9809	0.73109	0.026045
-3.9809	0.78151	0.02427
-3.9809	0.83193	0.021295
-3.9809	0.88235	0.019583
-3.9809	0.93277	0.017869
-3.9809	0.98319	0.015313
-3.9809	1.0336	0.014529
-3.9809	1.084	0.012311
-3.9809	1.1345	0.010916
-3.9809	1.1849	0.0095833
-3.9809	1.2353	0.00791
-3.9809	1.2857	0.006795
-3.9809	1.3361	0.0054849
-3.9809	1.3866	0.0045897
-3.9809	1.437	0.0037815
-3.9809	1.4874	0.0029107
-3.9809	1.5378	0.0023095
-3.9809	1.5882	0.0016946
-3.9809	1.6387	0.0012762
-3.9333	-1.6387	0.002269
-3.9333	-1.5882	0.0027916
-3.9333	-1.5378	0.0061227
-3.9333	-1.4874	0.0084032
-3.9333	-1.437	0.0111
-3.9333	-1.3866	0.0046882
-3.9333	-1.3361	0.0062419
-3.9333	-1.2857	0.0034101
-3.9333	-1.2353	0.004229
-3.9333	-1.1849	0.0037622
-3.9333	-1.1345	0.0044082
-3.9333	-1.084	0.0051264
-3.9333	-1.0336	0.0066906
-3.9333	-0.98319	0.0074014
-3.9333	-0.93277	0.01559
-3.9333	-0.88235	0.016358
-3.9333	-0.83193	0.017086
-3.9333	-0.78151	0.054264
-3.9333	-0.73109	0.055574
-3.9333	-0.68067	0.048079
-3.9333	-0.63025	0.055617
-3.9333	-0.57983	0.063743
-3.9333	-0.52941	0.024503
-3.9333	-0.47899	0.02709
-3.9333	-0.42857	0.019767
-3.9333	-0.37815	0.020826
-3.9333	-0.32773	0.021849
-3.9333	-0.27731	0.031973
-3.9333	-0.22689	0.032086
-3.9333	-0.17647	0.066955
-3.9333	-0.12605	0.067682
-3.9333	-0.07563	0.067936
-3.9333	-0.02521	0.056071
-3.9333	0.02521	0.0571
-3.9333	0.07563	0.047588
-3.9333	0.12605	0.047912
-3.9333	0.17647	0.047968
-3.9333	0.22689	0.043489
-3.9333	0.27731	0.04295
-3.9333	0.32773	0.0408
-3.9333	0.37815	0.039762
-3.9333	0.42857	0.03853
-3.9333	0.47899	0.036961
-3.9333	0.52941	0.035368
-3.9333	0.57983	0.033753
-3.9333	0.63025	0.031917
-3.9333	0.68067	0.029823
-3.9333	0.73109	0.027875
-3.9333	0.78151	0.025875
-3.9333	0.83193	0.02337
-3.9333	0.88235	0.021421
-3.9333	0.93277	0.018786
-3.9333	0.98319	0.016978
-3.9333	1.0336	0.015215
-3.9333	1.084	0.012907
-3.9333	1.1345	0.01137
-3.9333	1.1849	0.0094239
-3.9333	1.2353	0.0081353
-3.9333	1.2857	0.0069403
-3.9333	1.3361	0.0055542
-3.9333	1.3866	0.0046123
-3.9333	1.437	0.0035842
-3.9333	1.4874	0.0028759
-3.9333	1.5378	0.0022597
-3.9333	1.5882	0.001645
-3.9333	1.6387	0.0012231
-3.8856	-1.5378	0.0012999
-3.8856	-1.4874	0.0015805
-3.8856	-1.437	0.0044765
-3.8856	-1.3866	0.0050607
-3.8856	-1.3361	0.0056501
-3.8856	-1.2857	0.020333
-3.8856	-1.2353	0.023163
-3.8856	-1.1849	0.013879
-3.8856	-1.1345	0.017789
-3.8856	-1.084	0.022589
-3.8856	-1.0336	0.0092702
-3.8856	-0.98319	0.01111
-3.8856	-0.93277	0.0077532
-3.8856	-0.88235	0.008799
-3.8856	-0.83193	0.0099359
-3.8856	-0.78151	0.010492
-3.8856	-0.73109	0.01131
-3.8856	-0.68067	0.018988
-3.8856	-0.63025	0.019518
-3.8856	-0.57983	0.055982
-3.8856	-0.52941	0.055226
-3.8856	-0.47899	0.054157
-3.8856	-0.42857	0.089751
-3.8856	-0.37815	0.097963
-3.8856	-0.32773	0.035712
-3.8856	-0.27731	0.038836
-3.8856	-0.22689	0.042059
-3.8856	-0.17647	0.024608
-3.8856	-0.12605	0.025393
-3.8856	-0.07563	0.031964
-3.8856	-0.02521	0.031639
-3.8856	0.02521	0.031189
-3.8856	0.07563	0.0653
-3.8856	0.12605	0.063646
-3.8856	0.17647	0.057967
-3.8856	0.22689	0.057407
-3.8856	0.27731	0.056496
-3.8856	0.32773	0.046055
-3.8856	0.37815	0.044932
-3.8856	0.42857	0.039329
-3.8856	0.47899	0.037857
-3.8856	0.52941	0.037058
-3.8856	0.57983	0.033846
-3.8856	0.63025	0.032025
-3.8856	0.68067	0.029862
-3.8856	0.73109	0.027865
-3.8856	0.78151	0.025828
-3.8856	0.83193	0.023882
-3.8856	0.88235	0.021825
-3.8856	0.93277	0.019811
-3.8856	0.98319	0.017844
-3.8856	1.0336	0.015939
-3.8856	1.084	0.013945
-3.8856	1.1345	0.01225
-3.8856	1.1849	0.010356
-3.8856	1.2353	0.0089226
-3.8856	1.2857	0.0072917
-3.8856	1.3361	0.0061374
-3.8856	1.3866	0.0050937
-3.8856	1.437	0.0039665
-3.8856	1.4874	0.0031847
-3.8856	1.5378	0.0023793
-3.8856	1.5882	0.0018267
-3.8856	1.6387	0.001363
-3.8379	-1.4874	0.0010615
-3.8379	-1.437	0.0013048
-3.8379	-1.3866	0.0015936
-3.8379	-1.3361	0.0025964
-3.8379	-1.2857	0.0029915
-3.8379	-1.2353	0.0034136
-3.8379	-1.1849	0.0077161
-3.8379	-1.1345	0.0082968
-3.8379	-1.084	0.0297
-3.8379	-1.0336	0.030597
-3.8379	-0.98319	0.031158
-3.8379	-0.93277	0.047569
-3.8379	-0.88235	0.056829
-3.8379	-0.83193	0.020205
-3.8379	-0.78151	0.023762
-3.8379	-0.73109	0.027849
-3.8379	-0.68067	0.013929
-3.8379	-0.63025	0.015464
-3.8379	-0.57983	0.01381
-3.8379	-0.52941	0.014643
-3.8379	-0.47899	0.01547
-3.8379	-0.42857	0.021052
-3.8379	-0.37815	0.021277
-3.8379	-0.32773	0.049668
-3.8379	-0.27731	0.047895
-3.8379	-0.22689	0.046039
-3.8379	-0.17647	0.11843
-3.8379	-0.12605	0.11907
-3.8379	-0.07563	0.052053
-3.8379	-0.02521	0.055376
-3.8379	0.02521	0.027216
-3.8379	0.07563	0.027621
-3.8379	0.12605	0.027912
-3.8379	0.17647	0.029147
-3.8379	0.22689	0.028257
-3.8379	0.27731	0.056835
-3.8379	0.32773	0.05409
-3.8379	0.37815	0.05118
-3.8379	0.42857	0.051818
-3.8379	0.47899	0.049694
-3.8379	0.52941	0.040242
-3.8379	0.57983	0.03831
-3.8379	0.63025	0.036237
-3.8379	0.68067	0.030571
-3.8379	0.73109	0.028518
-3.8379	0.78151	0.025084
-3.8379	0.83193	0.023036
-3.8379	0.88235	0.021003
-3.8379	0.93277	0.018716
-3.8379	0.98319	0.016777
-3.8379	1.0336	0.014968
-3.8379	1.084	0.013182
-3.8379	1.1345	0.0115
-3.8379	1.1849	0.0099806
-3.8379	1.2353	0.0085291
-3.8379	1.2857	0.0077964
-3.8379	1.3361	0.0065483
-3.8379	1.3866	0.0054248
-3.8379	1.437	0.0043269
-3.8379	1.4874	0.0034725
-3.8379	1.5378	0.0026298
-3.8379	1.5882	0.0020221
-3.8379	1.6387	0.0015127
-3.8379	1.6891	0.0010393
-3.7902	-1.7395	0.0013853
-3.7902	-1.6891	0.0032129
-3.7902	-1.6387	0.0049397
-3.7902	-1.5882	0.0019863
-3.7902	-1.5378	0.0028841
-3.7902	-1.4874	0.0041072
-3.7902	-1.437	0.0021221
-3.7902	-1.3866	0.0027757
-3.7902	-1.3361	0.0021267
-3.7902	-1.2857	0.0026134
-3.7902	-1.2353	0.0026983
-3.7902	-1.1849	0.0031518
-3.7902	-1.1345	0.0036503
-3.7902	-1.084	0.0048274
-3.7902	-1.0336	0.005342
-3.7902	-0.98319	0.009975
-3.7902	-0.93277	0.010504
-3.7902	-0.88235	0.011013
-3.7902	-0.83193	0.031419
-3.7902	-0.78151	0.031187
-3.7902	-0.73109	0.084638
-3.7902	-0.68067	0.091724
-3.7902	-0.63025	0.096738
-3.7902	-0.57983	0.043935
-3.7902	-0.52941	0.050775
-3.7902	-0.47899	0.021698
-3.7902	-0.42857	0.023733
-3.7902	-0.37815	0.025883
-3.7902	-0.32773	0.018231
-3.7902	-0.27731	0.018963
-3.7902	-0.22689	0.021544
-3.7902	-0.17647	0.021469
-3.7902	-0.12605	0.021328
-3.7902	-0.07563	0.039192
-3.7902	-0.02521	0.0372
-3.7902	0.02521	0.10756
-3.7902	0.07563	0.10461
-3.7902	0.12605	0.098135
-3.7902	0.17647	0.067277
-3.7902	0.22689	0.069573
-3.7902	0.27731	0.02806
-3.7902	0.32773	0.027857
-3.7902	0.37815	0.027527
-3.7902	0.42857	0.023874
-3.7902	0.47899	0.022624
-3.7902	0.52941	0.041878
-3.7902	0.57983	0.038715
-3.7902	0.63025	0.042096
-3.7902	0.68067	0.039282
-3.7902	0.73109	0.036394
-3.7902	0.78151	0.029447
-3.7902	0.83193	0.027092
-3.7902	0.88235	0.022202
-3.7902	0.93277	0.020123
-3.7902	0.98319	0.018094
-3.7902	1.0336	0.015188
-3.7902	1.084	0.013402
-3.7902	1.1345	0.011471
-3.7902	1.1849	0.0099129
-3.7902	1.2353	0.0084751
-3.7902	1.2857	0.0071632
-3.7902	1.3361	0.0059708
-3.7902	1.3866	0.0049336
-3.7902	1.437	0.0039901
-3.7902	1.4874	0.0031697
-3.7902	1.5378	0.0024562
-3.7902	1.5882	0.0018653
-3.7902	1.6387	0.0013452
-3.7426	-1.5882	0.0029629
-3.7426	-1.5378	0.0034382
-3.7426	-1.4874	0.014217
-3.7426	-1.437	0.017034
-3.7426	-1.3866	0.019494
-3.7426	-1.3361	0.012628
-3.7426	-1.2857	0.016933
-3.7426	-1.2353	0.0065164
-3.7426	-1.1849	0.00816
-3.7426	-1.1345	0.0091086
-3.7426	-1.084	0.0054304
-3.7426	-1.0336	0.0063975
-3.7426	-0.98319	0.0054236
-3.7426	-0.93277	0.0061082
-3.7426	-0.88235	0.0068388
-3.7426	-0.83193	0.0075497
-3.7426	-0.78151	0.0081231
-3.7426	-0.73109	0.012388
-3.7426	-0.68067	0.012786
-3.7426	-0.63025	0.029934
-3.7426	-0.57983	0.029382
-3.7426	-0.52941	0.028779
-3.7426	-0.47899	0.098289
-3.7426	-0.42857	0.095161
-3.7426	-0.37815	0.076156
-3.7426	-0.32773	0.086061
-3.7426	-0.27731	0.096401
-3.7426	-0.22689	0.03302
-3.7426	-0.17647	0.035619
-3.7426	-0.12605	0.020928
-3.7426	-0.07563	0.02149
-3.7426	-0.02521	0.021997
-3.7426	0.02521	0.020517
-3.7426	0.07563	0.020124
-3.7426	0.12605	0.031295
-3.7426	0.17647	0.029376
-3.7426	0.22689	0.027494
-3.7426	0.27731	0.073092
-3.7426	0.32773	0.066117
-3.7426	0.37815	0.073755
-3.7426	0.42857	0.073546
-3.7426	0.47899	0.072612
-3.7426	0.52941	0.025401
-3.7426	0.57983	0.024536
-3.7426	0.63025	0.018009
-3.7426	0.68067	0.01667
-3.7426	0.73109	0.015342
-3.7426	0.78151	0.025217
-3.7426	0.83193	0.023852
-3.7426	0.88235	0.027668
-3.7426	0.93277	0.024856
-3.7426	0.98319	0.022143
-3.7426	1.0336	0.017944
-3.7426	1.084	0.015844
-3.7426	1.1345	0.012484
-3.7426	1.1849	0.010823
-3.7426	1.2353	0.0086858
-3.7426	1.2857	0.0073532
-3.7426	1.3361	0.0061473
-3.7426	1.3866	0.0049179
-3.7426	1.437	0.0039848
-3.7426	1.4874	0.003156
-3.7426	1.5378	0.0024586
-3.7426	1.5882	0.0018709
-3.7426	1.6387	0.0013845
-3.6949	-2.4958	0.0011322
-3.6949	-2.4454	0.0010614
-3.6949	-1.4874	0.0014377
-3.6949	-1.437	0.0016916
-3.6949	-1.3866	0.0048535
-3.6949	-1.3361	0.0053099
-3.6949	-1.2857	0.0057536
-3.6949	-1.2353	0.023892
-3.6949	-1.1849	0.024468
-3.6949	-1.1345	0.037485
-3.6949	-1.084	0.046995
-3.6949	-1.0336	0.057334
-3.6949	-0.98319	0.018941
-3.6949	-0.93277	0.023113
-3.6949	-0.88235	0.010842
-3.6949	-0.83193	0.012463
-3.6949	-0.78151	0.014263
-3.6949	-0.73109	0.0097388
-3.6949	-0.68067	0.010656
-3.6949	-0.63025	0.010112
-3.6949	-0.57983	0.010656
-3.6949	-0.52941	0.011182
-3.6949	-0.47899	0.014098
-3.6949	-0.42857	0.014268
-3.6949	-0.37815	0.026709
-3.6949	-0.32773	0.025944
-3.6949	-0.27731	0.025144
-3.6949	-0.22689	0.07517
-3.6949	-0.17647	0.069747
-3.6949	-0.12605	0.12595
-3.6949	-0.07563	0.13338
-3.6949	-0.02521	0.043993
-3.6949	0.02521	0.046935
-3.6949	0.07563	0.049922
-3.6949	0.12605	0.023145
-3.6949	0.17647	0.023389
-3.6949	0.22689	0.018615
-3.6949	0.27731	0.018013
-3.6949	0.32773	0.017368
-3.6949	0.37815	0.022124
-3.6949	0.42857	0.020442
-3.6949	0.47899	0.047354
-3.6949	0.52941	0.041959
-3.6949	0.57983	0.037011
-3.6949	0.63025	0.065387
-3.6949	0.68067	0.061633
-3.6949	0.73109	0.021375
-3.6949	0.78151	0.020169
-3.6949	0.83193	0.018907
-3.6949	0.88235	0.011523
-3.6949	0.93277	0.010335
-3.6949	0.98319	0.015375
-3.6949	1.0336	0.013331
-3.6949	1.084	0.011461
-3.6949	1.1345	0.013753
-3.6949	1.1849	0.011735
-3.6949	1.2353	0.009467
-3.6949	1.2857	0.0079642
-3.6949	1.3361	0.0066119
-3.6949	1.3866	0.0049163
-3.6949	1.437	0.0039653
-3.6949	1.4874	0.0029137
-3.6949	1.5378	0.0022557
-3.6949	1.5882	0.001967
-3.6949	1.6387	0.0014024
-3.6949	1.6891	0.0010071
-3.6472	-1.3866	0.0012197
-3.6472	-1.3361	0.0014356
-3.6472	-1.2857	0.001669
-3.6472	-1.2353	0.0028389
-3.6472	-1.1849	0.0031479
-3.6472	-1.1345	0.0069801
-3.6472	-1.084	0.0073455
-3.6472	-1.0336	0.024594
-3.6472	-0.98319	0.024305
-3.6472	-0.93277	0.023916
-3.6472	-0.88235	0.084258
-3.6472	-0.83193	0.08864
-3.6472	-0.78151	0.041037
-3.6472	-0.73109	0.049275
-3.6472	-0.68067	0.058848
-3.6472	-0.63025	0.020886
-3.6472	-0.57983	0.023551
-3.6472	-0.52941	0.013592
-3.6472	-0.47899	0.014617
-3.6472	-0.42857	0.015656
-3.6472	-0.37815	0.012599
-3.6472	-0.32773	0.013002
-3.6472	-0.27731	0.014475
-3.6472	-0.22689	0.014439
-3.6472	-0.17647	0.014351
-3.6472	-0.12605	0.022114
-3.6472	-0.07563	0.021193
-3.6472	-0.02521	0.052344
-3.6472	0.02521	0.047967
-3.6472	0.07563	0.043865
-3.6472	0.12605	0.13381
-3.6472	0.17647	0.12648
-3.6472	0.22689	0.060255
-3.6472	0.27731	0.062979
-3.6472	0.32773	0.065481
-3.6472	0.37815	0.023572
-3.6472	0.42857	0.023405
-3.6472	0.47899	0.01522
-3.6472	0.52941	0.014448
-3.6472	0.57983	0.013657
-3.6472	0.63025	0.014351
-3.6472	0.68067	0.013002
-3.6472	0.73109	0.024729
-3.6472	0.78151	0.021422
-3.6472	0.83193	0.047717
-3.6472	0.88235	0.042654
-3.6472	0.93277	0.037616
-3.6472	0.98319	0.014923
-3.6472	1.0336	0.013578
-3.6472	1.084	0.0071247
-3.6472	1.1345	0.0061891
-3.6472	1.1849	0.0053261
-3.6472	1.2353	0.0068818
-3.6472	1.2857	0.0056831
-3.6472	1.3361	0.006788
-3.6472	1.3866	0.0055035
-3.6472	1.437	0.0043912
-3.6472	1.4874	0.0034435
-3.6472	1.5378	0.0026665
-3.6472	1.5882	0.0018441
-3.6472	1.6387	0.0013563
-3.5995	-1.7395	0.0012118
-3.5995	-1.6891	0.0020286
-3.5995	-1.5882	0.0012984
-3.5995	-1.4874	0.0011461
-3.5995	-1.437	0.0015003
-3.5995	-1.3866	0.0012524
-3.5995	-1.3361	0.0015405
-3.5995	-1.2857	0.0015941
-3.5995	-1.2353	0.0018677
-3.5995	-1.1849	0.0021683
-3.5995	-1.1345	0.0026109
-3.5995	-1.084	0.0029109
-3.5995	-1.0336	0.0042452
-3.5995	-0.98319	0.0045528
-3.5995	-0.93277	0.0048533
-3.5995	-0.88235	0.0086426
-3.5995	-0.83193	0.0087472
-3.5995	-0.78151	0.022355
-3.5995	-0.73109	0.021745
-3.5995	-0.68067	0.021102
-3.5995	-0.63025	0.080468
-3.5995	-0.57983	0.074973
-3.5995	-0.52941	0.095303
-3.5995	-0.47899	0.10899
-3.5995	-0.42857	0.033158
-3.5995	-0.37815	0.036953
-3.5995	-0.32773	0.041071
-3.5995	-0.27731	0.018794
-3.5995	-0.22689	0.019825
-3.5995	-0.17647	0.013943
-3.5995	-0.12605	0.014155
-3.5995	-0.07563	0.014311
-3.5995	-0.02521	0.013771
-3.5995	0.02521	0.013477
-3.5995	0.07563	0.018324
-3.5995	0.12605	0.017345
-3.5995	0.17647	0.016363
-3.5995	0.22689	0.033122
-3.5995	0.27731	0.030022
-3.5995	0.32773	0.096773
-3.5995	0.37815	0.086255
-3.5995	0.42857	0.076137
-3.5995	0.47899	0.070749
-3.5995	0.52941	0.071405
-3.5995	0.57983	0.022122
-3.5995	0.63025	0.021557
-3.5995	0.68067	0.020905
-3.5995	0.73109	0.010813
-3.5995	0.78151	0.010001
-3.5995	0.83193	0.0088618
-3.5995	0.88235	0.0078476
-3.5995	0.93277	0.0069081
-3.5995	0.98319	0.010529
-3.5995	1.0336	0.0088458
-3.5995	1.084	0.021809
-3.5995	1.1345	0.01991
-3.5995	1.1849	0.016431
-3.5995	1.2353	0.0084765
-3.5995	1.2857	0.007333
-3.5995	1.3361	0.003182
-3.5995	1.3866	0.0026137
-3.5995	1.437	0.0029569
-3.5995	1.4874	0.0023041
-3.5995	1.5378	0.0017606
-3.5995	1.5882	0.0019811
-3.5995	1.6387	0.0014444
-3.5995	1.6891	0.0010508
-3.5518	-1.6891	0.0025176
-3.5518	-1.6387	0.0029349
-3.5518	-1.5882	0.0032838
-3.5518	-1.5378	0.0074364
-3.5518	-1.4874	0.010465
-3.5518	-1.437	0.0036431
-3.5518	-1.3866	0.0050236
-3.5518	-1.3361	0.0068779
-3.5518	-1.2857	0.0031422
-3.5518	-1.2353	0.0039546
-3.5518	-1.1849	0.0027002
-3.5518	-1.1345	0.0032046
-3.5518	-1.084	0.0037794
-3.5518	-1.0336	0.003238
-3.5518	-0.98319	0.0036527
-3.5518	-0.93277	0.0038716
-3.5518	-0.88235	0.0042066
-3.5518	-0.83193	0.0045463
-3.5518	-0.78151	0.0056888
-3.5518	-0.73109	0.0059382
-3.5518	-0.68067	0.0092354
-3.5518	-0.63025	0.0092948
-3.5518	-0.57983	0.0093188
-3.5518	-0.52941	0.018657
-3.5518	-0.47899	0.017917
-3.5518	-0.42857	0.055324
-3.5518	-0.37815	0.05031
-3.5518	-0.32773	0.045666
-3.5518	-0.27731	0.14615
-3.5518	-0.22689	0.14301
-3.5518	-0.17647	0.058115
-3.5518	-0.12605	0.063685
-3.5518	-0.07563	0.066559
-3.5518	-0.02521	0.023674
-3.5518	0.02521	0.024529
-3.5518	0.07563	0.014425
-3.5518	0.12605	0.014341
-3.5518	0.17647	0.012325
-3.5518	0.22689	0.011861
-3.5518	0.27731	0.011364
-3.5518	0.32773	0.013433
-3.5518	0.37815	0.012479
-3.5518	0.42857	0.021987
-3.5518	0.47899	0.019695
-3.5518	0.52941	0.017579
-3.5518	0.57983	0.05006
-3.5518	0.63025	0.043009
-3.5518	0.68067	0.068623
-3.5518	0.73109	0.065904
-3.5518	0.78151	0.062297
-3.5518	0.83193	0.018475
-3.5518	0.88235	0.017523
-3.5518	0.93277	0.0076402
-3.5518	0.98319	0.0068953
-3.5518	1.0336	0.0061786
-3.5518	1.084	0.0045256
-3.5518	1.1345	0.003871
-3.5518	1.1849	0.0050198
-3.5518	1.2353	0.0040858
-3.5518	1.2857	0.0032925
-3.5518	1.3361	0.0075374
-3.5518	1.3866	0.0058372
-3.5518	1.437	0.0039531
-3.5518	1.4874	0.0031873
-3.5518	1.5378	0.0025146
-3.5042	-1.5378	0.001001
-3.5042	-1.4874	0.0011354
-3.5042	-1.437	0.0040789
-3.5042	-1.3866	0.0042197
-3.5042	-1.3361	0.0043335
-3.5042	-1.2857	0.020982
-3.5042	-1.2353	0.021319
-3.5042	-1.1849	0.017038
-3.5042	-1.1345	0.022686
-3.5042	-1.084	0.0076586
-3.5042	-1.0336	0.0094916
-3.5042	-0.98319	0.011749
-3.5042	-0.93277	0.0060179
-3.5042	-0.88235	0.0069743
-3.5042	-0.83193	0.0050803
-3.5042	-0.78151	0.0056201
-3.5042	-0.73109	0.0061936
-3.5042	-0.68067	0.0055764
-3.5042	-0.63025	0.0059181
-3.5042	-0.57983	0.0065755
-3.5042	-0.52941	0.0067464
-3.5042	-0.47899	0.006895
-3.5042	-0.42857	0.0091854
-3.5042	-0.37815	0.0090763
-3.5042	-0.32773	0.015639
-3.5042	-0.27731	0.014869
-3.5042	-0.22689	0.014101
-3.5042	-0.17647	0.033878
-3.5042	-0.12605	0.030593
-3.5042	-0.07563	0.11304
-3.5042	-0.02521	0.10024
-3.5042	0.02521	0.08769
-3.5042	0.07563	0.086781
-3.5042	0.12605	0.091695
-3.5042	0.17647	0.027019
-3.5042	0.22689	0.027555
-3.5042	0.27731	0.028001
-3.5042	0.32773	0.013236
-3.5042	0.37815	0.012842
-3.5042	0.42857	0.0094323
-3.5042	0.47899	0.0088452
-3.5042	0.52941	0.0082519
-3.5042	0.57983	0.0084679
-3.5042	0.63025	0.0076636
-3.5042	0.68067	0.012202
-3.5042	0.73109	0.010706
-3.5042	0.78151	0.026458
-3.5042	0.83193	0.02228
-3.5042	0.88235	0.018664
-3.5042	0.93277	0.047362
-3.5042	0.98319	0.041657
-3.5042	1.0336	0.014349
-3.5042	1.084	0.013217
-3.5042	1.1345	0.012065
-3.5042	1.1849	0.0042346
-3.5042	1.2353	0.0036652
-3.5042	1.2857	0.0022915
-3.5042	1.3361	0.0018827
-3.5042	1.3866	0.0015271
-3.5042	1.437	0.0016026
-3.5042	1.4874	0.0012237
-3.5042	1.5378	0.0024367
-3.5042	1.5882	0.0017436
-3.5042	1.6387	0.0012132
-3.5042	1.6891	0.0010387
-3.4565	-2.7983	0.0010833
-3.4565	-2.7479	0.0011176
-3.4565	-1.3361	0.0015289
-3.4565	-1.2857	0.0016529
-3.4565	-1.2353	0.0017716
-3.4565	-1.1849	0.0045461
-3.4565	-1.1345	0.0045809
-3.4565	-1.084	0.018141
-3.4565	-1.0336	0.016918
-3.4565	-0.98319	0.015746
-3.4565	-0.93277	0.057712
-3.4565	-0.88235	0.06128
-3.4565	-0.83193	0.024796
-3.4565	-0.78151	0.030713
-3.4565	-0.73109	0.03799
-3.4565	-0.68067	0.013202
-3.4565	-0.63025	0.015177
-3.4565	-0.57983	0.0084887
-3.4565	-0.52941	0.0088565
-3.4565	-0.47899	0.0069178
-3.4565	-0.42857	0.0072382
-3.4565	-0.37815	0.0075504
-3.4565	-0.32773	0.0072015
-3.4565	-0.27731	0.0072564
-3.4565	-0.22689	0.0085787
-3.4565	-0.17647	0.0083628
-3.4565	-0.12605	0.0081256
-3.4565	-0.07563	0.011829
-3.4565	-0.02521	0.011094
-3.4565	0.02521	0.022343
-3.4565	0.07563	0.020055
-3.4565	0.12605	0.017967
-3.4565	0.17647	0.055847
-3.4565	0.22689	0.047571
-3.4565	0.27731	0.098324
-3.4565	0.32773	0.096445
-3.4565	0.37815	0.092184
-3.4565	0.42857	0.02872
-3.4565	0.47899	0.028727
-3.4565	0.52941	0.0114
-3.4565	0.57983	0.010849
-3.4565	0.63025	0.010271
-3.4565	0.68067	0.0064844
-3.4565	0.73109	0.005915
-3.4565	0.78151	0.0054916
-3.4565	0.83193	0.0048546
-3.4565	0.88235	0.0042632
-3.4565	0.93277	0.0055549
-3.4565	0.98319	0.0047181
-3.4565	1.0336	0.0095959
-3.4565	1.084	0.0078175
-3.4565	1.1345	0.0063198
-3.4565	1.1849	0.018652
-3.4565	1.2353	0.014876
-3.4565	1.2857	0.0080647
-3.4565	1.3361	0.0069838
-3.4565	1.3866	0.0020176
-3.4565	1.437	0.0018272
-3.4565	1.4874	0.0014797
-3.4088	-1.2353	0.0010256
-3.4088	-1.1849	0.001122
-3.4088	-1.1345	0.0012167
-3.4088	-1.084	0.0020862
-3.4088	-1.0336	0.0021745
-3.4088	-0.98319	0.0045918
-3.4088	-0.93277	0.0045662
-3.4088	-0.88235	0.0045268
-3.4088	-0.83193	0.012712
-3.4088	-0.78151	0.011858
-3.4088	-0.73109	0.052785
-3.4088	-0.68067	0.047032
-3.4088	-0.63025	0.041365
-3.4088	-0.57983	0.068534
-3.4088	-0.52941	0.080004
-3.4088	-0.47899	0.023124
-3.4088	-0.42857	0.026667
-3.4088	-0.37815	0.030795
-3.4088	-0.32773	0.012713
-3.4088	-0.27731	0.013728
-3.4088	-0.22689	0.0085634
-3.4088	-0.17647	0.0088266
-3.4088	-0.12605	0.0090765
-3.4088	-0.07563	0.0072182
-3.4088	-0.02521	0.0071493
-3.4088	0.02521	0.0071613
-3.4088	0.07563	0.0068572
-3.4088	0.12605	0.0086559
-3.4088	0.17647	0.0080076
-3.4088	0.22689	0.0076926
-3.4088	0.27731	0.012751
-3.4088	0.32773	0.011317
-3.4088	0.37815	0.02892
-3.4088	0.42857	0.024391
-3.4088	0.47899	0.020528
-3.4088	0.52941	0.068384
-3.4088	0.57983	0.058856
-3.4088	0.63025	0.027919
-3.4088	0.68067	0.027335
-3.4088	0.73109	0.026573
-3.4088	0.78151	0.0084379
-3.4088	0.83193	0.0078127
-3.4088	0.88235	0.0043219
-3.4088	0.93277	0.00384
-3.4088	0.98319	0.0033867
-3.4088	1.0336	0.0027637
-3.4088	1.084	0.0023538
-3.4088	1.1345	0.0027595
-3.4088	1.1849	0.0022675
-3.4088	1.2353	0.0018444
-3.4088	1.2857	0.0031628
-3.4088	1.3361	0.0024578
-3.4088	1.3866	0.0068247
-3.4088	1.437	0.0050828
-3.4088	1.4874	0.0037131
-3.4088	1.5378	0.0032834
-3.4088	1.5882	0.002563
-3.3611	-1.084	0.001057
-3.3611	-1.0336	0.0011435
-3.3611	-0.98319	0.0014813
-3.3611	-0.93277	0.0015595
-3.3611	-0.88235	0.002379
-3.3611	-0.83193	0.0024251
-3.3611	-0.78151	0.0024595
-3.3611	-0.73109	0.0043287
-3.3611	-0.68067	0.0042373
-3.3611	-0.63025	0.009656
-3.3611	-0.57983	0.0090182
-3.3611	-0.52941	0.0084182
-3.3611	-0.47899	0.027577
-3.3611	-0.42857	0.024136
-3.3611	-0.37815	0.09581
-3.3611	-0.32773	0.090798
-3.3611	-0.27731	0.081984
-3.3611	-0.22689	0.047616
-3.3611	-0.17647	0.05488
-3.3611	-0.12605	0.017222
-3.3611	-0.07563	0.018563
-3.3611	-0.02521	0.020008
-3.3611	0.02521	0.0097391
-3.3611	0.07563	0.0099282
-3.3611	0.12605	0.006823
-3.3611	0.17647	0.0066771
-3.3611	0.22689	0.0065142
-3.3611	0.27731	0.0055761
-3.3611	0.32773	0.0052497
-3.3611	0.37815	0.005673
-3.3611	0.42857	0.0051587
-3.3611	0.47899	0.0046732
-3.3611	0.52941	0.0063765
-3.3611	0.57983	0.0055606
-3.3611	0.63025	0.011017
-3.3611	0.68067	0.009164
-3.3611	0.73109	0.030111
-3.3611	0.78151	0.024131
-3.3611	0.83193	0.019158
-3.3611	0.88235	0.022331
-3.3611	0.93277	0.02065
-3.3611	0.98319	0.0059707
-3.3611	1.0336	0.0053843
-3.3611	1.084	0.0048187
-3.3611	1.1345	0.0022127
-3.3611	1.1849	0.0018857
-3.3611	1.2353	0.0013743
-3.3611	1.2857	0.0011243
-3.3611	1.4874	0.0010604
-3.3611	1.6387	0.0012578
-3.3135	-1.7899	0.0012962
-3.3135	-1.6891	0.0012687
-3.3135	-1.5378	0.0011741
-3.3135	-1.2857	0.001014
-3.3135	-1.084	0.0010348
-3.3135	-1.0336	0.0011533
-3.3135	-0.98319	0.0011597
-3.3135	-0.93277	0.0012533
-3.3135	-0.88235	0.0013846
-3.3135	-0.83193	0.0014552
-3.3135	-0.78151	0.0015193
-3.3135	-0.73109	0.0018175
-3.3135	-0.68067	0.0018494
-3.3135	-0.63025	0.002483
-3.3135	-0.57983	0.0024618
-3.3135	-0.52941	0.0038276
-3.3135	-0.47899	0.0036876
-3.3135	-0.42857	0.0035389
-3.3135	-0.37815	0.0065564
-3.3135	-0.32773	0.0060806
-3.3135	-0.27731	0.015396
-3.3135	-0.22689	0.014462
-3.3135	-0.17647	0.012769
-3.3135	-0.12605	0.051004
-3.3135	-0.07563	0.042506
-3.3135	-0.02521	0.078715
-3.3135	0.02521	0.084638
-3.3135	0.07563	0.087408
-3.3135	0.12605	0.025068
-3.3135	0.17647	0.027022
-3.3135	0.22689	0.010387
-3.3135	0.27731	0.010501
-3.3135	0.32773	0.010593
-3.3135	0.37815	0.0059332
-3.3135	0.42857	0.0057122
-3.3135	0.47899	0.0042838
-3.3135	0.52941	0.0039713
-3.3135	0.57983	0.0036658
-3.3135	0.63025	0.0033892
-3.3135	0.68067	0.0030179
-3.3135	0.73109	0.0035985
-3.3135	0.78151	0.0030844
-3.3135	0.83193	0.0026303
-3.3135	0.88235	0.0042267
-3.3135	0.93277	0.003444
-3.3135	0.98319	0.0091583
-3.3135	1.0336	0.007065
-3.3135	1.084	0.005414
-3.3135	1.1345	0.012475
-3.3135	1.1849	0.010368
-3.3135	1.2353	0.0030512
-3.3135	1.2857	0.002617
-3.2658	-1.6387	0.0022698
-3.2658	-1.5882	0.0023052
-3.2658	-1.5378	0.0063713
-3.2658	-1.4874	0.007617
-3.2658	-1.437	0.01016
-3.2658	-1.3866	0.0033007
-3.2658	-1.3361	0.0046037
-3.2658	-1.2857	0.0019192
-3.2658	-1.2353	0.002428
-3.2658	-1.1849	0.0030566
-3.2658	-1.1345	0.0017434
-3.2658	-1.084	0.0020573
-3.2658	-1.0336	0.0014811
-3.2658	-0.98319	0.0016708
-3.2658	-0.93277	0.0018718
-3.2658	-0.88235	0.001524
-3.2658	-0.83193	0.0016484
-3.2658	-0.78151	0.0015148
-3.2658	-0.73109	0.0015914
-3.2658	-0.68067	0.0016608
-3.2658	-0.63025	0.0016629
-3.2658	-0.57983	0.0016919
-3.2658	-0.52941	0.0018809
-3.2658	-0.47899	0.0018693
-3.2658	-0.42857	0.0018467
-3.2658	-0.37815	0.00226
-3.2658	-0.32773	0.0021831
-3.2658	-0.27731	0.0030506
-3.2658	-0.22689	0.0028776
-3.2658	-0.17647	0.0027014
-3.2658	-0.12605	0.0043805
-3.2658	-0.07563	0.0040028
-3.2658	-0.02521	0.0082567
-3.2658	0.02521	0.0072728
-3.2658	0.07563	0.022249
-3.2658	0.12605	0.018525
-3.2658	0.17647	0.015438
-3.2658	0.22689	0.066282
-3.2658	0.27731	0.055605
-3.2658	0.32773	0.034768
-3.2658	0.37815	0.037021
-3.2658	0.42857	0.039055
-3.2658	0.47899	0.010729
-3.2658	0.52941	0.010722
-3.2658	0.57983	0.0049832
-3.2658	0.63025	0.0047225
-3.2658	0.68067	0.0044552
-3.2658	0.73109	0.0028027
-3.2658	0.78151	0.0025361
-3.2658	0.83193	0.0020661
-3.2658	0.88235	0.0018003
-3.2658	0.93277	0.0015586
-3.2658	0.98319	0.0015757
-3.2658	1.0336	0.0013109
-3.2658	1.084	0.0017991
-3.2658	1.1345	0.0014291
-3.2658	1.1849	0.001126
-3.2658	1.2353	0.002331
-3.2658	1.2857	0.0017303
-3.2658	1.3361	0.0050503
-3.2658	1.3866	0.0037587
-3.2658	1.437	0.0027213
-3.2658	1.4874	0.0012323
-3.2181	-1.3866	0.0020785
-3.2181	-1.3361	0.0019853
-3.2181	-1.2857	0.011813
-3.2181	-1.2353	0.010464
-3.2181	-1.1849	0.014266
-3.2181	-1.1345	0.019009
-3.2181	-1.084	0.02408
-3.2181	-1.0336	0.0067285
-3.2181	-0.98319	0.0084368
-3.2181	-0.93277	0.003518
-3.2181	-0.88235	0.0040634
-3.2181	-0.83193	0.0046808
-3.2181	-0.78151	0.0026527
-3.2181	-0.73109	0.0027725
-3.2181	-0.68067	0.0020043
-3.2181	-0.63025	0.0021119
-3.2181	-0.57983	0.0022114
-3.2181	-0.52941	0.0018144
-3.2181	-0.47899	0.0018443
-3.2181	-0.42857	0.0017146
-3.2181	-0.37815	0.0017001
-3.2181	-0.32773	0.0016744
-3.2181	-0.27731	0.0017162
-3.2181	-0.22689	0.0016536
-3.2181	-0.17647	0.0019022
-3.2181	-0.12605	0.0017954
-3.2181	-0.07563	0.0016841
-3.2181	-0.02521	0.0021672
-3.2181	0.02521	0.0019916
-3.2181	0.07563	0.0029798
-3.2181	0.12605	0.0026756
-3.2181	0.17647	0.00239
-3.2181	0.22689	0.0042719
-3.2181	0.27731	0.0037079
-3.2181	0.32773	0.0089337
-3.2181	0.37815	0.007429
-3.2181	0.42857	0.0061642
-3.2181	0.47899	0.022769
-3.2181	0.52941	0.017848
-3.2181	0.57983	0.041028
-3.2181	0.63025	0.039236
-3.2181	0.68067	0.010459
-3.2181	0.73109	0.010305
-3.2181	0.78151	0.01011
-3.2181	0.83193	0.0034916
-3.2181	0.88235	0.0032152
-3.2181	0.93277	0.0017031
-3.2181	0.98319	0.0014961
-3.2181	1.0336	0.0013037
-3.1704	-1.1849	0.0016765
-3.1704	-1.1345	0.0015679
-3.1704	-1.084	0.001458
-3.1704	-1.0336	0.0056676
-3.1704	-0.98319	0.0048507
-3.1704	-0.93277	0.027524
-3.1704	-0.88235	0.023652
-3.1704	-0.83193	0.019265
-3.1704	-0.78151	0.021018
-3.1704	-0.73109	0.025857
-3.1704	-0.68067	0.0070924
-3.1704	-0.63025	0.0081426
-3.1704	-0.57983	0.0036487
-3.1704	-0.52941	0.003907
-3.1704	-0.47899	0.0041668
-3.1704	-0.42857	0.0024745
-3.1704	-0.37815	0.00252
-3.1704	-0.32773	0.0018524
-3.1704	-0.27731	0.0018262
-3.1704	-0.22689	0.0017875
-3.1704	-0.17647	0.0015035
-3.1704	-0.12605	0.0014343
-3.1704	-0.07563	0.0013767
-3.1704	-0.02521	0.0012855
-3.1704	0.02521	0.0011912
-3.1704	0.07563	0.0013357
-3.1704	0.12605	0.0012189
-3.1704	0.17647	0.0014895
-3.1704	0.22689	0.0013341
-3.1704	0.27731	0.0011862
-3.1704	0.32773	0.001645
-3.1704	0.37815	0.0014337
-3.1704	0.42857	0.0023567
-3.1704	0.47899	0.0020038
-3.1704	0.52941	0.0016927
-3.1704	0.57983	0.0034512
-3.1704	0.63025	0.0028187
-3.1704	0.68067	0.0084449
-3.1704	0.73109	0.0065421
-3.1704	0.78151	0.0050491
-3.1704	0.83193	0.021187
-3.1704	0.88235	0.016437
-3.1704	0.93277	0.0092105
-3.1704	0.98319	0.0087788
-3.1704	1.0336	0.0082636
-3.1704	1.084	0.0021551
-3.1704	1.1345	0.0019102
-3.1228	-0.93277	0.0011281
-3.1228	-0.88235	0.0010208
-3.1228	-0.83193	0.0030451
-3.1228	-0.78151	0.0025997
-3.1228	-0.73109	0.0022119
-3.1228	-0.68067	0.0093679
-3.1228	-0.63025	0.0073302
-3.1228	-0.57983	0.034243
-3.1228	-0.52941	0.030949
-3.1228	-0.47899	0.025404
-3.1228	-0.42857	0.014273
-3.1228	-0.37815	0.016364
-3.1228	-0.32773	0.0049475
-3.1228	-0.27731	0.0052061
-3.1228	-0.22689	0.0054629
-3.1228	-0.17647	0.0025441
-3.1228	-0.12605	0.0025085
-3.1228	-0.07563	0.0016016
-3.1228	-0.02521	0.0015192
-3.1228	0.02521	0.0011872
-3.1228	0.07563	0.0010957
-3.1228	0.12605	0.0010019
-3.1228	0.78151	0.0013191
-3.1228	0.83193	0.0011742
-3.1228	0.93277	0.0022495
-3.1228	0.98319	0.0016945
-3.1228	1.0336	0.0066301
-3.1228	1.084	0.0047361
-3.1228	1.1345	0.0033395
-3.1228	1.1849	0.0061368
-3.1228	1.2353	0.0052473
-3.1228	1.2857	0.0012488
-3.1228	1.3361	0.001057
-3.0751	-0.57983	0.0012014
-3.0751	-0.47899	0.0031121
-3.0751	-0.42857	0.0027478
-3.0751	-0.37815	0.0021334
-3.0751	-0.32773	0.010385
-3.0751	-0.27731	0.0074292
-3.0751	-0.22689	0.021598
-3.0751	-0.17647	0.021116
-3.0751	-0.12605	0.018696
-3.0751	-0.07563	0.0062032
-3.0751	-0.02521	0.0064207
-3.0751	0.02521	0.0023019
-3.0751	0.07563	0.0022014
-3.0751	0.12605	0.0020862
-3.0751	0.17647	0.0011199
-3.0751	0.22689	0.0010099
-3.0751	1.3866	0.0021433
-3.0751	1.437	0.0014792
-3.0274	-0.12605	0.0021949
-3.0274	-0.07563	0.0015173
-3.0274	-0.02521	0.0010315
-3.0274	0.02521	0.0059556
-3.0274	0.07563	0.003799
-3.0274	0.12605	0.0065635
-3.0274	0.17647	0.006143
-3.0274	0.22689	0.005356
-3.0274	0.27731	0.0015795
-3.0274	0.32773	0.0014953
-2.9797	0.37815	0.0017917
-2.8367	-1.1849	0.0013937
-2.8367	-1.1345	0.0024254
-2.8367	-1.084	0.0028262
-2.8367	-0.98319	0.0019171
-2.8367	-0.83193	0.0011877
-2.789	-0.93277	0.0017584
-2.789	-0.88235	0.0015416
-2.789	-0.83193	0.0076177
-2.789	-0.78151	0.0065244
-2.789	-0.73109	0.0051382
-2.789	-0.68067	0.0083636
-2.789	-0.63025	0.014062
-2.789	-0.57983	0.0024536
-2.789	-0.52941	0.0043032
-2.789	-0.47899	0.0078075
-2.789	-0.42857	0.0016592
-2.789	-0.37815	0.0025872
-2.789	-0.27731	0.0012622
-2.789	-0.22689	0.001812
-2.789	-0.12605	0.0010249
-2.7414	-0.68067	0.001192
-2.7414	-0.63025	0.0011647
-2.7414	-0.57983	0.002973
-2.7414	-0.52941	0.0026536
-2.7414	-0.47899	0.011088
-2.7414	-0.42857	0.0085335
-2.7414	-0.37815	0.0068269
-2.7414	-0.32773	0.031537
-2.7414	-0.27731	0.028784
-2.7414	-0.22689	0.011542
-2.7414	-0.17647	0.020166
-2.7414	-0.12605	0.03432
-2.7414	-0.07563	0.0058107
-2.7414	-0.02521	0.0089668
-2.7414	0.02521	0.0025579
-2.7414	0.07563	0.0035192
-2.7414	0.12605	0.0049043
-2.7414	0.17647	0.0018337
-2.7414	0.22689	0.0023685
-2.7414	0.27731	0.0011101
-2.7414	0.32773	0.0013656
-2.7414	0.37815	0.0016789
-2.7414	0.47899	0.0010282
-2.6937	-0.47899	0.0011392
-2.6937	-0.42857	0.0011431
-2.6937	-0.37815	0.0011494
-2.6937	-0.32773	0.0019981
-2.6937	-0.27731	0.0019626
-2.6937	-0.22689	0.0043135
-2.6937	-0.17647	0.0038857
-2.6937	-0.12605	0.0035554
-2.6937	-0.07563	0.010035
-2.6937	-0.02521	0.0083027
-2.6937	0.02521	0.040277
-2.6937	0.07563	0.02937
-2.6937	0.12605	0.039131
-2.6937	0.17647	0.060585
-2.6937	0.22689	0.074193
-2.6937	0.27731	0.015032
-2.6937	0.32773	0.023135
-2.6937	0.37815	0.0053128
-2.6937	0.42857	0.0071166
-2.6937	0.47899	0.0097051
-2.6937	0.52941	0.0031487
-2.6937	0.57983	0.0039158
-2.6937	0.63025	0.0016758
-2.6937	0.68067	0.0019682
-2.6937	0.73109	0.002313
-2.6937	0.78151	0.0011101
-2.6937	0.83193	0.0012468
-2.646	-0.22689	0.0011733
-2.646	-0.17647	0.0011804
-2.646	-0.12605	0.0017889
-2.646	-0.07563	0.001752
-2.646	-0.02521	0.0017171
-2.646	0.02521	0.0028137
-2.646	0.07563	0.0026656
-2.646	0.12605	0.0051312
-2.646	0.17647	0.0046191
-2.646	0.22689	0.0041929
-2.646	0.27731	0.0096982
-2.646	0.32773	0.0081681
-2.646	0.37815	0.029429
-2.646	0.42857	0.021674
-2.646	0.47899	0.018839
-2.646	0.52941	0.088063
-2.646	0.57983	0.071486
-2.646	0.63025	0.028722
-2.646	0.68067	0.043434
-2.646	0.73109	0.0079745
-2.646	0.78151	0.01042
-2.646	0.83193	0.013928
-2.646	0.88235	0.0038168
-2.646	0.93277	0.0045619
-2.646	0.98319	0.001744
-2.646	1.0336	0.0019466
-2.646	1.084	0.0021739
-2.5983	-0.02521	0.0011907
-2.5983	0.02521	0.0011888
-2.5983	0.07563	0.0011836
-2.5983	0.12605	0.0016117
-2.5983	0.17647	0.0015734
-2.5983	0.22689	0.0022941
-2.5983	0.27731	0.0021837
-2.5983	0.32773	0.0020765
-2.5983	0.37815	0.0032296
-2.5983	0.42857	0.0029741
-2.5983	0.47899	0.0052881
-2.5983	0.52941	0.0046494
-2.5983	0.57983	0.0041053
-2.5983	0.63025	0.0084587
-2.5983	0.68067	0.0069923
-2.5983	0.73109	0.020618
-2.5983	0.78151	0.015177
-2.5983	0.83193	0.011457
-2.5983	0.88235	0.050539
-2.5983	0.93277	0.033231
-2.5983	0.98319	0.046333
-2.5983	1.0336	0.060637
-2.5983	1.084	0.062543
-2.5983	1.1345	0.012121
-2.5983	1.1849	0.016034
-2.5983	1.2353	0.0030793
-2.5983	1.2857	0.0035006
-2.5983	1.3361	0.0040224
-2.5983	1.3866	0.0011976
-2.5983	1.437	0.0012433
-2.5507	0.22689	0.0011455
-2.5507	0.27731	0.0011247
-2.5507	0.32773	0.0014415
-2.5507	0.37815	0.001391
-2.5507	0.42857	0.0013372
-2.5507	0.47899	0.0017639
-2.5507	0.52941	0.0016607
-2.5507	0.57983	0.0023184
-2.5507	0.63025	0.0021263
-2.5507	0.68067	0.0019445
-2.5507	0.73109	0.0028534
-2.5507	0.78151	0.002525
-2.5507	0.83193	0.0041375
-2.5507	0.88235	0.0034993
-2.5507	0.93277	0.0029613
-2.5507	0.98319	0.0054422
-2.5507	1.0336	0.0043274
-2.5507	1.084	0.010583
-2.5507	1.1345	0.0075893
-2.5507	1.1849	0.005531
-2.5507	1.2353	0.019125
-2.5507	1.2857	0.011963
-2.5507	1.3361	0.034082
-2.5507	1.3866	0.030732
-2.5507	1.437	0.020731
-2.5507	1.4874	0.0074924
-2.5507	1.5378	0.0092591
-2.5507	1.5882	0.0014012
-2.5507	1.6387	0.00145
-2.5507	1.6891	0.0015018
-2.503	0.57983	0.0011253
-2.503	0.63025	0.0010593
-2.503	0.73109	0.0012019
-2.503	0.78151	0.0011522
-2.503	0.83193	0.0014526
-2.503	0.88235	0.0013053
-2.503	0.93277	0.0017206
-2.503	0.98319	0.0015015
-2.503	1.0336	0.0013031
-2.503	1.084	0.0017755
-2.503	1.1345	0.0014857
-2.503	1.1849	0.0022085
-2.503	1.2353	0.0017607
-2.503	1.2857	0.0013975
-2.503	1.3361	0.0022483
-2.503	1.3866	0.0016709
-2.503	1.437	0.0033387
-2.503	1.4874	0.0022403
-2.503	1.5378	0.0015069
-2.503	1.5882	0.0038384
-2.503	1.6387	0.0022001
-2.503	1.6891	0.0079035
-2.503	1.7395	0.0043043
-2.503	1.7899	0.0020361
-2.503	1.8403	0.0015419
-2.503	1.8908	0.0012901
-2.4076	2.5462	0.0020147
-2.4076	2.5966	0.0015137
-2.4076	2.6975	0.0014291
-2.4076	2.7479	0.0018718
-2.0262	-2.8487	0.0010878
-1.9785	-2.6975	0.0037177
-1.9785	-2.6471	0.0050757
-1.9309	-2.4958	0.0017407
-1.9309	-2.4454	0.0010071
-1.9309	-2.3445	0.0028387
-1.9309	-2.2941	0.0032865
-1.8832	-1.8403	0.001595
-1.8832	-1.7899	0.0055008
-1.8832	-1.6891	0.0018581
-1.8832	-1.5882	0.0013137
-1.8832	-1.5378	0.0021112
-1.8832	-1.4874	0.0011581
-1.8832	-1.437	0.0016403
-1.8832	-1.3866	0.0011053
-1.8832	-1.3361	0.0014446
-1.8832	-1.2857	0.0018646
-1.8832	-1.2353	0.0012078
-1.8832	-1.1849	0.0014794
-1.8832	-1.1345	0.0011673
-1.8832	-1.084	0.0013659
-1.8832	-1.0336	0.0015763
-1.8832	-0.98319	0.0012697
-1.8832	-0.93277	0.0014113
-1.8832	-0.88235	0.0011762
-1.8832	-0.83193	0.0012659
-1.8832	-0.78151	0.0013439
-1.8832	-0.73109	0.0011289
-1.8832	-0.68067	0.0011654
-1.8832	-0.57983	0.0010026
-1.8355	-1.6387	0.013105
-1.8355	-1.5882	0.0083569
-1.8355	-1.5378	0.020972
-1.8355	-1.4874	0.05884
-1.8355	-1.437	0.12036
-1.8355	-1.3866	0.0093239
-1.8355	-1.3361	0.016228
-1.8355	-1.2857	0.0044536
-1.8355	-1.2353	0.0061573
-1.8355	-1.1849	0.0084909
-1.8355	-1.1345	0.0037319
-1.8355	-1.084	0.0045873
-1.8355	-1.0336	0.0027003
-1.8355	-0.98319	0.0031035
-1.8355	-0.93277	0.00351
-1.8355	-0.88235	0.002322
-1.8355	-0.83193	0.0025045
-1.8355	-0.78151	0.001824
-1.8355	-0.73109	0.0018966
-1.8355	-0.68067	0.0019406
-1.8355	-0.63025	0.0014784
-1.8355	-0.57983	0.0014685
-1.8355	-0.52941	0.0011663
-1.8355	-0.47899	0.0011496
-1.8355	-0.42857	0.0011047
-1.7878	-1.3866	0.0035444
-1.7878	-1.3361	0.0031909
-1.7878	-1.2857	0.028077
-1.7878	-1.2353	0.019728
-1.7878	-1.1849	0.015122
-1.7878	-1.1345	0.28791
-1.7878	-1.084	0.3885
-1.7878	-1.0336	0.021919
-1.7878	-0.98319	0.02976
-1.7878	-0.93277	0.0077831
-1.7878	-0.88235	0.0089484
-1.7878	-0.83193	0.010059
-1.7878	-0.78151	0.0045577
-1.7878	-0.73109	0.0047761
-1.7878	-0.68067	0.0028317
-1.7878	-0.63025	0.0028425
-1.7878	-0.57983	0.0027979
-1.7878	-0.52941	0.0018781
-1.7878	-0.47899	0.0017938
-1.7878	-0.42857	0.0013084
-1.7878	-0.37815	0.0012187
-1.7878	-0.32773	0.0011165
-1.7402	-1.1849	0.0025014
-1.7402	-1.1345	0.0023827
-1.7402	-1.084	0.0022825
-1.7402	-1.0336	0.0086426
-1.7402	-0.98319	0.0078338
-1.7402	-0.93277	0.11175
-1.7402	-0.88235	0.083159
-1.7402	-0.83193	0.066965
-1.7402	-0.78151	0.082696
-1.7402	-0.73109	0.096106
-1.7402	-0.68067	0.012127
-1.7402	-0.63025	0.012116
-1.7402	-0.57983	0.011693
-1.7402	-0.52941	0.0045688
-1.7402	-0.47899	0.00425
-1.7402	-0.42857	0.0023632
-1.7402	-0.37815	0.0021442
-1.7402	-0.32773	0.0014026
-1.7402	-0.27731	0.0012463
-1.7402	-0.22689	0.0010878
-1.6925	-0.93277	0.0020558
-1.6925	-0.88235	0.0019981
-1.6925	-0.83193	0.006412
-1.6925	-0.78151	0.0061532
-1.6925	-0.73109	0.0059744
-1.6925	-0.68067	0.048639
-1.6925	-0.63025	0.049456
-1.6925	-0.57983	0.089263
-1.6925	-0.52941	0.072752
-1.6925	-0.47899	0.05545
-1.6925	-0.42857	0.0078709
-1.6925	-0.37815	0.0065438
-1.6925	-0.32773	0.0027251
-1.6925	-0.27731	0.0022799
-1.6925	-0.22689	0.001868
-1.6925	-0.17647	0.0011908
-1.6448	-0.73109	0.0018676
-1.6448	-0.68067	0.0018389
-1.6448	-0.63025	0.0018189
-1.6448	-0.57983	0.0059057
-1.6448	-0.52941	0.0060725
-1.6448	-0.47899	0.076394
-1.6448	-0.42857	0.10961
-1.6448	-0.37815	0.19527
-1.6448	-0.32773	0.019051
-1.6448	-0.27731	0.01278
-1.6448	-0.22689	0.0032302
-1.6448	-0.17647	0.0024497
-1.6448	-0.12605	0.0018276
-1.5971	-0.47899	0.0018333
-1.5971	-0.42857	0.001876
-1.5971	-0.37815	0.0077263
-1.5971	-0.32773	0.0091198
-1.5971	-0.27731	0.011616
-1.5971	-0.22689	0.12663
-1.5971	-0.17647	0.040774
-1.5971	-0.12605	0.0037354
-1.5971	-0.07563	0.002476
-1.5971	-0.02521	0.0016446
-1.5495	-0.22689	0.0027864
-1.5495	-0.17647	0.0034731
-1.5495	-0.12605	0.20802
-1.5495	-0.07563	0.1475
-1.5495	-0.02521	0.022685
-1.5495	0.02521	0.0017784
-1.5495	0.07563	0.0010667
-1.5018	-0.12605	0.0012057
-1.5018	-0.07563	0.0015204
-1.5018	-0.02521	0.019272
-1.5018	0.02521	0.13421
-1.5018	0.07563	0.053143
-1.5018	0.12605	0.0015199
-1.4541	0.02521	0.0010109
-1.4541	0.07563	0.0079176
-1.4541	0.12605	0.041747
-1.4541	0.17647	0.086162
-1.4541	0.22689	0.0013534
-1.4064	0.12605	0.0012024
-1.4064	0.17647	0.0021531
-1.4064	0.22689	0.32676
-1.4064	0.27731	0.013848
-1.3588	0.22689	0.0015138
-1.3588	0.27731	0.0031256
-1.3588	0.32773	0.087852
-1.3588	0.37815	0.0068496
-1.3111	0.27731	0.0012174
-1.3111	0.32773	0.0023012
-1.3111	0.37815	0.0062829
-1.3111	0.42857	0.014553
-1.3111	0.47899	0.0031246
-1.2634	0.37815	0.0027811
-1.2634	0.42857	0.0093022
-1.2634	0.47899	0.386
-1.2634	0.52941	0.0022997
-1.2157	0.42857	0.0010991
-1.2157	0.47899	0.0021101
-1.2157	0.52941	0.18003
-1.2157	0.57983	0.013368
-1.1681	0.47899	0.0010184
-1.1681	0.52941	0.0019621
-1.1681	0.57983	0.0060876
-1.1681	0.63025	0.012034
-1.1681	0.68067	0.0021291
-1.1204	0.57983	0.0031199
-1.1204	0.63025	0.022027
-1.1204	0.68067	0.025519
-1.0727	0.63025	0.0012607
-1.0727	0.68067	0.0038129
-1.0727	0.73109	0.011278
-1.0727	0.78151	0.001505
-1.025	0.68067	0.001315
-1.025	0.73109	0.0050927
-1.025	0.78151	0.16026
-0.97735	0.73109	0.0010002
-0.97735	0.78151	0.24817
-0.97735	0.83193	0.0027333
-0.92968	0.78151	0.0012014
-0.92968	0.83193	0.013471
-0.92968	0.88235	0.0010825
-0.882	0.88235	0.21899
-0.83433	0.88235	0.002564
-0.83433	0.93277	0.0035229
-0.78665	0.93277	0.001308
-0.73897	0.98319	0.0011541
-0.64362	1.0336	0.0032238
-0.59595	1.0336	0.0042071
-0.54827	1.084	0.0017583
-0.40524	1.1345	0.0026774
-0.35757	1.1345	0.0028745
-0.30989	1.1345	0.0013676
-0.11919	1.1849	0.020966
-0.023838	1.1849	0.0053921
0.11919	1.1849	0.0028078
0.21454	1.1345	0.0013087
0.26222	1.1345	0.076796
0.30989	1.1345	0.04437
0.35757	1.1345	0.018596
0.40524	1.084	0.015549
0.40524	1.1345	0.0010286
0.45292	1.084	0.17084
0.5006	1.0336	0.0068797
0.5006	1.084	0.044514
0.54827	0.98319	0.0010842
0.54827	1.0336	0.049436
0.54827	1.084	0.0010543
0.59595	0.98319	0.0014101
0.59595	1.0336	0.039731
0.64362	0.93277	0.0011865
0.64362	0.98319	0.27837
0.6913	0.93277	0.0028254
0.6913	0.98319	0.0060941
0.73897	0.93277	0.0070958
0.78665	0.88235	0.031339
0.92968	0.73109	0.0015596
0.92968	0.78151	0.0045016
0.97735	0.68067	0.018084
0.97735	0.73109	0.042934
1.025	0.57983	0.0012136
1.025	0.63025	0.012428
1.025	0.68067	0.0067635
1.025	0.73109	0.0011076
1.0727	0.42857	0.0013036
1.0727	0.47899	0.0015056
1.0727	0.52941	0.0051988
1.0727	0.57983	0.014493
1.0727	0.63025	0.020156
1.0727	0.68067	0.0018212
1.1204	0.27731	0.0015186
1.1204	0.32773	0.0015597
1.1204	0.37815	0.0032409
1.1204	0.42857	0.0041815
1.1204	0.47899	0.02912
1.1204	0.52941	0.046615
1.1204	0.57983	0.0079944
1.1204	0.63025	0.0016863
1.1681	-1.8403	0.0019592
1.1681	0.02521	0.0012691
1.1681	0.07563	0.0011693
1.1681	0.12605	0.0016457
1.1681	0.17647	0.0015705
1.1681	0.22689	0.0025255
1.1681	0.27731	0.0049303
1.1681	0.32773	0.0057116
1.1681	0.37815	0.024513
1.1681	0.42857	0.067609
1.1681	0.47899	0.045255
1.1681	0.52941	0.011063
1.1681	0.57983	0.0024781
1.1681	0.63025	0.0010036
1.2157	-1.7395	0.0010319
1.2157	-1.6891	0.038629
1.2157	-1.6387	0.031438
1.2157	-1.5882	0.0017007
1.2157	-1.5378	0.0019993
1.2157	-1.4874	0.0023544
1.2157	-1.3866	0.0010646
1.2157	-0.42857	0.0010338
1.2157	-0.37815	0.001255
1.2157	-0.32773	0.0010962
1.2157	-0.27731	0.0013512
1.2157	-0.22689	0.0011927
1.2157	-0.17647	0.0015065
1.2157	-0.12605	0.0019669
1.2157	-0.07563	0.0017684
1.2157	-0.02521	0.0024457
1.2157	0.02521	0.0022551
1.2157	0.07563	0.0034522
1.2157	0.12605	0.0061407
1.2157	0.17647	0.0062833
1.2157	0.22689	0.01734
1.2157	0.27731	0.023328
1.2157	0.32773	2.2155
1.2157	0.37815	0.026685
1.2157	0.42857	0.01159
1.2157	0.47899	0.0033202
1.2157	0.52941	0.0019617
1.2157	0.57983	0.0013277
1.2634	-1.5882	0.0058987
1.2634	-1.5378	0.009898
1.2634	-1.4874	0.022608
1.2634	-1.437	0.023278
1.2634	-1.3866	0.025149
1.2634	-1.3361	0.0039183
1.2634	-1.2857	0.0046929
1.2634	-1.2353	0.0020706
1.2634	-1.1849	0.0025045
1.2634	-1.1345	0.0030408
1.2634	-1.084	0.0018179
1.2634	-1.0336	0.0022016
1.2634	-0.98319	0.0015184
1.2634	-0.93277	0.0018328
1.2634	-0.88235	0.0022247
1.2634	-0.83193	0.0016505
1.2634	-0.78151	0.0020009
1.2634	-0.73109	0.0015631
1.2634	-0.68067	0.0017199
1.2634	-0.63025	0.002099
1.2634	-0.57983	0.0016919
1.2634	-0.52941	0.0020772
1.2634	-0.47899	0.0017178
1.2634	-0.42857	0.0021324
1.2634	-0.37815	0.0027096
1.2634	-0.32773	0.002274
1.2634	-0.27731	0.0029675
1.2634	-0.22689	0.0025395
1.2634	-0.17647	0.0034585
1.2634	-0.12605	0.0030229
1.2634	-0.07563	0.0044202
1.2634	-0.02521	0.0072361
1.2634	0.02521	0.0066141
1.2634	0.07563	0.013754
1.2634	0.12605	0.013781
1.2634	0.17647	0.059158
1.2634	0.22689	1.551
1.2634	0.27731	0.25369
1.2634	0.32773	0.016999
1.2634	0.37815	0.009808
1.2634	0.42857	0.0034445
1.2634	0.47899	0.0016536
1.2634	0.52941	0.0011477
1.3111	-1.4874	0.0022322
1.3111	-1.437	0.0030345
1.3111	-1.3866	0.036105
1.3111	-1.3361	0.049173
1.3111	-1.2857	0.061794
1.3111	-1.2353	0.040807
1.3111	-1.1849	0.052631
1.3111	-1.1345	0.0085811
1.3111	-1.084	0.010846
1.3111	-1.0336	0.014074
1.3111	-0.98319	0.0057307
1.3111	-0.93277	0.0073009
1.3111	-0.88235	0.0040894
1.3111	-0.83193	0.0051684
1.3111	-0.78151	0.0066881
1.3111	-0.73109	0.0042597
1.3111	-0.68067	0.0055065
1.3111	-0.63025	0.0038513
1.3111	-0.57983	0.0050128
1.3111	-0.52941	0.0067845
1.3111	-0.47899	0.004923
1.3111	-0.42857	0.0068276
1.3111	-0.37815	0.0051829
1.3111	-0.32773	0.0075013
1.3111	-0.27731	0.011988
1.3111	-0.22689	0.0091807
1.3111	-0.17647	0.016668
1.3111	-0.12605	0.01324
1.3111	-0.07563	0.031369
1.3111	-0.02521	0.16969
1.3111	0.02521	0.13932
1.3111	0.07563	0.70624
1.3111	0.12605	1.7302
1.3111	0.17647	0.074941
1.3111	0.22689	0.01469
1.3111	0.27731	0.010849
1.3111	0.32773	0.0043832
1.3111	0.37815	0.003251
1.3111	0.42857	0.0017137
1.3111	0.47899	0.0012748
1.3588	-1.3866	0.0015881
1.3588	-1.3361	0.0019487
1.3588	-1.2857	0.0023257
1.3588	-1.2353	0.0076742
1.3588	-1.1849	0.0085044
1.3588	-1.1345	0.072971
1.3588	-1.084	0.066284
1.3588	-1.0336	0.057149
1.3588	-0.98319	0.39769
1.3588	-0.93277	1.1292
1.3588	-0.88235	0.040938
1.3588	-0.83193	0.070586
1.3588	-0.78151	0.018508
1.3588	-0.73109	0.028655
1.3588	-0.68067	0.050545
1.3588	-0.63025	0.018904
1.3588	-0.57983	0.031916
1.3588	-0.52941	0.015691
1.3588	-0.47899	0.026835
1.3588	-0.42857	0.057378
1.3588	-0.37815	0.027635
1.3588	-0.32773	0.067432
1.3588	-0.27731	0.035195
1.3588	-0.22689	0.11913
1.3588	-0.17647	3.8008
1.3588	-0.12605	0.61817
1.3588	-0.07563	0.30779
1.3588	-0.02521	0.54515
1.3588	0.02521	0.044725
1.3588	0.07563	0.014187
1.3588	0.12605	0.012906
1.3588	0.17647	0.0058068
1.3588	0.22689	0.0048992
1.3588	0.27731	0.0026538
1.3588	0.32773	0.0016059
1.3588	0.37815	0.0013084
1.4064	-1.2857	0.0011712
1.4064	-1.2353	0.0013671
1.4064	-1.1849	0.0015616
1.4064	-1.1345	0.0033657
1.4064	-1.084	0.0036194
1.4064	-1.0336	0.0094223
1.4064	-0.98319	0.0091943
1.4064	-0.93277	0.0087651
1.4064	-0.88235	0.027696
1.4064	-0.83193	0.022096
1.4064	-0.78151	0.11796
1.4064	-0.73109	0.063461
1.4064	-0.68067	0.038412
1.4064	-0.63025	0.2132
1.4064	-0.57983	0.078549
1.4064	-0.52941	0.73161
1.4064	-0.47899	0.12787
1.4064	-0.42857	0.0481
1.4064	-0.37815	0.32645
1.4064	-0.32773	0.071777
1.4064	-0.27731	0.2047
1.4064	-0.22689	0.049152
1.4064	-0.17647	0.087106
1.4064	-0.12605	0.027274
1.4064	-0.07563	0.012624
1.4064	-0.02521	0.013936
1.4064	0.02521	0.0071971
1.4064	0.07563	0.0070433
1.4064	0.12605	0.0040036
1.4064	0.17647	0.0025054
1.4064	0.22689	0.0022267
1.4064	0.27731	0.0014657
1.4064	0.32773	0.0012525
1.4541	-1.1345	0.0010784
1.4541	-1.084	0.0011999
1.4541	-1.0336	0.0020637
1.4541	-0.98319	0.0021836
1.4541	-0.93277	0.0039481
1.4541	-0.88235	0.0039153
1.4541	-0.83193	0.0038242
1.4541	-0.78151	0.0068498
1.4541	-0.73109	0.0061632
1.4541	-0.68067	0.011419
1.4541	-0.63025	0.0092673
1.4541	-0.57983	0.0075724
1.4541	-0.52941	0.012514
1.4541	-0.47899	0.0093008
1.4541	-0.42857	0.014559
1.4541	-0.37815	0.0099359
1.4541	-0.32773	0.0071003
1.4541	-0.27731	0.0091399
1.4541	-0.22689	0.0062558
1.4541	-0.17647	0.0073287
1.4541	-0.12605	0.0049226
1.4541	-0.07563	0.0034727
1.4541	-0.02521	0.0035455
1.4541	0.02521	0.002501
1.4541	0.07563	0.0023995
1.4541	0.12605	0.001709
1.4541	0.17647	0.0012582
1.4541	0.22689	0.0011284
1.5018	-0.98319	0.0010656
1.5018	-0.93277	0.0015514
1.5018	-0.88235	0.0016216
1.5018	-0.83193	0.0016508
1.5018	-0.78151	0.0023625
1.5018	-0.73109	0.0023391
1.5018	-0.68067	0.0033206
1.5018	-0.63025	0.0031137
1.5018	-0.57983	0.0043365
1.5018	-0.52941	0.0038359
1.5018	-0.47899	0.0033912
1.5018	-0.42857	0.0043093
1.5018	-0.37815	0.003621
1.5018	-0.32773	0.0043707
1.5018	-0.27731	0.0035144
1.5018	-0.22689	0.0028632
1.5018	-0.17647	0.003107
1.5018	-0.12605	0.0024612
1.5018	-0.07563	0.0025257
1.5018	-0.02521	0.0019652
1.5018	0.02521	0.0015575
1.5018	0.07563	0.0014769
1.5018	0.12605	0.0011616
1.5018	0.17647	0.0010596
1.5495	-0.83193	0.0012959
1.5495	-0.78151	0.0013564
1.5495	-0.73109	0.0014074
1.5495	-0.68067	0.0017489
1.5495	-0.63025	0.0017456
1.5495	-0.57983	0.0021189
1.5495	-0.52941	0.0020316
1.5495	-0.47899	0.001939
1.5495	-0.42857	0.0022038
1.5495	-0.37815	0.0020272
1.5495	-0.32773	0.0022184
1.5495	-0.27731	0.0019727
1.5495	-0.22689	0.0017579
1.5495	-0.17647	0.0017889
1.5495	-0.12605	0.0015533
1.5495	-0.07563	0.0016515
1.5495	-0.02521	0.0013997
1.5495	0.02521	0.0013339
1.5495	0.07563	0.001113
1.5971	-0.78151	0.0010159
1.5971	-0.73109	0.0012096
1.5971	-0.68067	0.0012686
1.5971	-0.63025	0.0013198
1.5971	-0.57983	0.0014997
1.5971	-0.52941	0.0015102
1.5971	-0.47899	0.0016705
1.5971	-0.42857	0.0016283
1.5971	-0.37815	0.0015796
1.5971	-0.32773	0.0016498
1.5971	-0.27731	0.0015543
1.5971	-0.22689	0.0015696
1.5971	-0.17647	0.0014401
1.5971	-0.12605	0.001321
1.5971	-0.07563	0.0012598
1.5971	-0.02521	0.0011321
1.5971	0.02521	0.0010458
1.6448	-0.73109	0.0010633
1.6448	-0.68067	0.001141
1.6448	-0.63025	0.0012569
1.6448	-0.57983	0.001311
1.6448	-0.52941	0.0013349
1.6448	-0.47899	0.0014202
1.6448	-0.42857	0.0014347
1.6448	-0.37815	0.0014851
1.6448	-0.32773	0.00146
1.6448	-0.27731	0.0014278
1.6448	-0.22689	0.0014059
1.6448	-0.17647	0.0013423
1.6448	-0.12605	0.0012825
1.6448	-0.07563	0.0011985
1.6448	-0.02521	0.0011184
1.6448	0.02521	0.0010199
1.6925	-0.73109	0.0010256
1.6925	-0.68067	0.0011188
1.6925	-0.63025	0.0012004
1.6925	-0.57983	0.0012768
1.6925	-0.52941	0.0013462
1.6925	-0.47899	0.0013884
1.6925	-0.42857	0.0014287
1.6925	-0.37815	0.0014365
1.6925	-0.32773	0.0014435
1.6925	-0.27731	0.0014411
1.6925	-0.22689	0.0013885
1.6925	-0.17647	0.0013572
1.6925	-0.12605	0.0012729
1.6925	-0.07563	0.0012207
1.6925	-0.02521	0.0011149
1.6925	0.02521	0.0010516
1.7402	-0.73109	0.0010603
1.7402	-0.68067	0.0011673
1.7402	-0.63025	0.0012342
1.7402	-0.57983	0.001328
1.7402	-0.52941	0.0013733
1.7402	-0.47899	0.0014444
1.7402	-0.42857	0.0015063
1.7402	-0.37815	0.0015005
1.7402	-0.32773	0.0015315
1.7402	-0.27731	0.0014885
1.7402	-0.22689	0.0014885
1.7402	-0.17647	0.0014794
1.7402	-0.12605	0.0013841
1.7402	-0.07563	0.0013516
1.7402	-0.02521	0.0012337
1.7402	0.02521	0.0011862
1.7402	0.07563	0.0011372
1.7402	0.12605	0.0010037
1.7878	-0.83193	0.0010018
1.7878	-0.78151	0.0010789
1.7878	-0.73109	0.0011997
1.7878	-0.68067	0.0012661
1.7878	-0.63025	0.0013779
1.7878	-0.57983	0.0014856
1.7878	-0.52941	0.0015168
1.7878	-0.47899	0.0016019
1.7878	-0.42857	0.0015996
1.7878	-0.37815	0.0016556
1.7878	-0.32773	0.0017006
1.7878	-0.27731	0.0016402
1.7878	-0.22689	0.0016485
1.7878	-0.17647	0.0015621
1.7878	-0.12605	0.0015531
1.7878	-0.07563	0.001536
1.7878	-0.02521	0.001407
1.7878	0.02521	0.0013714
1.7878	0.07563	0.0012289
1.7878	0.12605	0.0011831
1.7878	0.17647	0.0011366
1.8355	-0.83193	0.0011023
1.8355	-0.78151	0.0011814
1.8355	-0.73109	0.001317
1.8355	-0.68067	0.0013839
1.8355	-0.63025	0.0015119
1.8355	-0.57983	0.0016366
1.8355	-0.52941	0.0016673
1.8355	-0.47899	0.0017704
1.8355	-0.42857	0.0017662
1.8355	-0.37815	0.0018405
1.8355	-0.32773	0.0019036
1.8355	-0.27731	0.0018394
1.8355	-0.22689	0.0018702
1.8355	-0.17647	0.0017684
1.8355	-0.12605	0.0017699
1.8355	-0.07563	0.0016379
1.8355	-0.02521	0.0016162
1.8355	0.02521	0.0015884
1.8355	0.07563	0.0014277
1.8355	0.12605	0.0013876
1.8355	0.17647	0.0012237
1.8355	0.22689	0.0011787
1.8355	0.27731	0.0011339
1.8832	-0.93277	0.0010032
1.8832	-0.88235	0.0011477
1.8832	-0.83193	0.0012332
1.8832	-0.78151	0.001383
1.8832	-0.73109	0.0015363
1.8832	-0.68067	0.0015307
1.8832	-0.63025	0.0016759
1.8832	-0.57983	0.001724
1.8832	-0.52941	0.0018526
1.8832	-0.47899	0.0019743
1.8832	-0.42857	0.0019714
1.8832	-0.37815	0.0020644
1.8832	-0.32773	0.00202
1.8832	-0.27731	0.0020803
1.8832	-0.22689	0.0021283
1.8832	-0.17647	0.0020217
1.8832	-0.12605	0.0020381
1.8832	-0.07563	0.0018976
1.8832	-0.02521	0.0018876
1.8832	0.02521	0.0018698
1.8832	0.07563	0.0016946
1.8832	0.12605	0.0016609
1.8832	0.17647	0.0014785
1.8832	0.22689	0.0014365
1.8832	0.27731	0.0013931
1.8832	0.32773	0.0012134
1.8832	0.37815	0.0011695
1.8832	0.42857	0.001004
1.9309	-2.8992	0.0010801
1.9309	-0.98319	0.0010225
1.9309	-0.93277	0.0011178
1.9309	-0.88235	0.0012784
1.9309	-0.83193	0.0013715
1.9309	-0.78151	0.0015387
1.9309	-0.73109	0.0016205
1.9309	-0.68067	0.0017846
1.9309	-0.63025	0.0019482
1.9309	-0.57983	0.0019952
1.9309	-0.52941	0.0021404
1.9309	-0.47899	0.002151
1.9309	-0.42857	0.0022691
1.9309	-0.37815	0.0023764
1.9309	-0.32773	0.0023223
1.9309	-0.27731	0.0023951
1.9309	-0.22689	0.0022962
1.9309	-0.17647	0.0023345
1.9309	-0.12605	0.0023609
1.9309	-0.07563	0.0022038
1.9309	-0.02521	0.0022018
1.9309	0.02521	0.0020187
1.9309	0.07563	0.0020079
1.9309	0.12605	0.0019816
1.9309	0.17647	0.0017805
1.9309	0.22689	0.0017421
1.9309	0.27731	0.0015407
1.9309	0.32773	0.0014967
1.9309	0.37815	0.0014517
1.9309	0.42857	0.0012598
1.9309	0.47899	0.0012151
1.9309	0.52941	0.0010408
1.9785	-0.98319	0.0010812
1.9785	-0.93277	0.0012482
1.9785	-0.88235	0.0014268
1.9785	-0.83193	0.0015291
1.9785	-0.78151	0.0017157
1.9785	-0.73109	0.0018061
1.9785	-0.68067	0.0019907
1.9785	-0.63025	0.0021758
1.9785	-0.57983	0.0022303
1.9785	-0.52941	0.0023974
1.9785	-0.47899	0.0024138
1.9785	-0.42857	0.0025536
1.9785	-0.37815	0.0026829
1.9785	-0.32773	0.0026311
1.9785	-0.27731	0.0027244
1.9785	-0.22689	0.0026243
1.9785	-0.17647	0.0026809
1.9785	-0.12605	0.002537
1.9785	-0.07563	0.0025599
1.9785	-0.02521	0.0025716
1.9785	0.02521	0.0023757
1.9785	0.07563	0.0023622
1.9785	0.12605	0.0021472
1.9785	0.17647	0.0021161
1.9785	0.22689	0.00208
1.9785	0.27731	0.0018526
1.9785	0.32773	0.001808
1.9785	0.37815	0.0015882
1.9785	0.42857	0.0015404
1.9785	0.47899	0.0014911
1.9785	0.52941	0.0012879
1.9785	0.57983	0.0012394
1.9785	0.63025	0.0010573
1.9785	0.68067	0.0010112
2.0262	-2.5966	0.0011809
2.0262	-1.084	0.0010162
2.0262	-1.0336	0.0011895
2.0262	-0.98319	0.0013017
2.0262	-0.93277	0.0014942
2.0262	-0.88235	0.0016066
2.0262	-0.83193	0.0018107
2.0262	-0.78151	0.0020228
2.0262	-0.73109	0.0021194
2.0262	-0.68067	0.002328
2.0262	-0.63025	0.0023983
2.0262	-0.57983	0.0025921
2.0262	-0.52941	0.002781
2.0262	-0.47899	0.0027938
2.0262	-0.42857	0.002953
2.0262	-0.37815	0.0028506
2.0262	-0.32773	0.00298
2.0262	-0.27731	0.0030965
2.0262	-0.22689	0.0029959
2.0262	-0.17647	0.0030733
2.0262	-0.12605	0.0029244
2.0262	-0.07563	0.0029647
2.0262	-0.02521	0.0029926
2.0262	0.02521	0.0027839
2.0262	0.07563	0.0027821
2.0262	0.12605	0.0025489
2.0262	0.17647	0.0025248
2.0262	0.22689	0.0024938
2.0262	0.27731	0.0022406
2.0262	0.32773	0.0021967
2.0262	0.37815	0.0019475
2.0262	0.42857	0.0018965
2.0262	0.47899	0.0018423
2.0262	0.52941	0.001606
2.0262	0.57983	0.0015498
2.0262	0.63025	0.0013343
2.0262	0.68067	0.0012786
2.0262	0.73109	0.0010871
2.0262	0.78151	0.0010335
2.0739	-2.4454	0.0010976
2.0739	-1.084	0.0011455
2.0739	-1.0336	0.0013393
2.0739	-0.98319	0.0014608
2.0739	-0.93277	0.0016758
2.0739	-0.88235	0.0017981
2.0739	-0.83193	0.0020263
2.0739	-0.78151	0.0022641
2.0739	-0.73109	0.0023703
2.0739	-0.68067	0.0026057
2.0739	-0.63025	0.0026848
2.0739	-0.57983	0.0029059
2.0739	-0.52941	0.0029466
2.0739	-0.47899	0.0031424
2.0739	-0.42857	0.0033294
2.0739	-0.37815	0.0032972
2.0739	-0.32773	0.0034467
2.0739	-0.27731	0.0033595
2.0739	-0.22689	0.0034679
2.0739	-0.17647	0.0035618
2.0739	-0.12605	0.0033948
2.0739	-0.07563	0.0034484
2.0739	-0.02521	0.0032375
2.0739	0.02521	0.0032556
2.0739	0.07563	0.003262
2.0739	0.12605	0.0030016
2.0739	0.17647	0.0029817
2.0739	0.22689	0.0027063
2.0739	0.27731	0.0026674
2.0739	0.32773	0.0026215
2.0739	0.37815	0.0023644
2.0739	0.42857	0.0023102
2.0739	0.47899	0.0020391
2.0739	0.52941	0.0019783
2.0739	0.57983	0.0019133
2.0739	0.63025	0.001661
2.0739	0.68067	0.001594
2.0739	0.73109	0.0013663
2.0739	0.78151	0.0013
2.0739	0.83193	0.0012311
2.0739	0.88235	0.001036
2.1216	-1.1849	0.0010844
2.1216	-1.1345	0.0011994
2.1216	-1.084	0.0014077
2.1216	-1.0336	0.0015343
2.1216	-0.98319	0.0017671
2.1216	-0.93277	0.0020168
2.1216	-0.88235	0.0020207
2.1216	-0.83193	0.0022769
2.1216	-0.78151	0.0023986
2.1216	-0.73109	0.002659
2.1216	-0.68067	0.0029253
2.1216	-0.63025	0.0030121
2.1216	-0.57983	0.0032646
2.1216	-0.52941	0.0033118
2.1216	-0.47899	0.0035388
2.1216	-0.42857	0.0037578
2.1216	-0.37815	0.0037284
2.1216	-0.32773	0.0039083
2.1216	-0.27731	0.0038206
2.1216	-0.22689	0.0039568
2.1216	-0.17647	0.0040777
2.1216	-0.12605	0.0039031
2.1216	-0.07563	0.0039794
2.1216	-0.02521	0.0037554
2.1216	0.02521	0.0037912
2.1216	0.07563	0.0035287
2.1216	0.12605	0.0035302
2.1216	0.17647	0.0035198
2.1216	0.22689	0.0032163
2.1216	0.27731	0.0031809
2.1216	0.32773	0.0028701
2.1216	0.37815	0.0028167
2.1216	0.42857	0.0027554
2.1216	0.47899	0.0024447
2.1216	0.52941	0.002373
2.1216	0.57983	0.0020797
2.1216	0.63025	0.0020022
2.1216	0.68067	0.0019196
2.1216	0.73109	0.0016534
2.1216	0.78151	0.0015702
2.1216	0.83193	0.0013341
2.1216	0.88235	0.0012533
2.1216	0.93277	0.0011702
2.1692	-1.2353	0.0010612
2.1692	-1.1849	0.0011685
2.1692	-1.1345	0.0013832
2.1692	-1.084	0.0016207
2.1692	-1.0336	0.0017501
2.1692	-0.98319	0.002014
2.1692	-0.93277	0.0021489
2.1692	-0.88235	0.0024312
2.1692	-0.83193	0.0027284
2.1692	-0.78151	0.0028512
2.1692	-0.73109	0.0031507
2.1692	-0.68067	0.0032492
2.1692	-0.63025	0.0035383
2.1692	-0.57983	0.0038275
2.1692	-0.52941	0.0038658
2.1692	-0.47899	0.004126
2.1692	-0.42857	0.0041107
2.1692	-0.37815	0.0043321
2.1692	-0.32773	0.0045408
2.1692	-0.27731	0.004433
2.1692	-0.22689	0.0045935
2.1692	-0.17647	0.0044243
2.1692	-0.12605	0.0045356
2.1692	-0.07563	0.0045849
2.1692	-0.02521	0.0043447
2.1692	0.02521	0.0044012
2.1692	0.07563	0.0041168
2.1692	0.12605	0.0041325
2.1692	0.17647	0.0041336
2.1692	0.22689	0.0037985
2.1692	0.27731	0.0037677
2.1692	0.32773	0.0034203
2.1692	0.37815	0.0033651
2.1692	0.42857	0.0032991
2.1692	0.47899	0.0029454
2.1692	0.52941	0.0028636
2.1692	0.57983	0.0025257
2.1692	0.63025	0.0024342
2.1692	0.68067	0.0021203
2.1692	0.73109	0.0020242
2.1692	0.78151	0.0019226
2.1692	0.83193	0.0016438
2.1692	0.88235	0.0015438
2.1692	0.93277	0.0013006
2.1692	0.98319	0.0012059
2.1692	1.0336	0.00111
2.2169	-1.9916	0.0011378
2.2169	-1.3361	0.001014
2.2169	-1.2857	0.0010773
2.2169	-1.2353	0.0012947
2.2169	-1.1849	0.0013882
2.2169	-1.1345	0.0016384
2.2169	-1.084	0.0019152
2.2169	-1.0336	0.0020343
2.2169	-0.98319	0.0023383
2.2169	-0.93277	0.0024671
2.2169	-0.88235	0.0027904
2.2169	-0.83193	0.0031316
2.2169	-0.78151	0.0032486
2.2169	-0.73109	0.0035923
2.2169	-0.68067	0.0036868
2.2169	-0.63025	0.0040197
2.2169	-0.57983	0.0040775
2.2169	-0.52941	0.0043865
2.2169	-0.47899	0.0046908
2.2169	-0.42857	0.0046686
2.2169	-0.37815	0.0049316
2.2169	-0.32773	0.0048478
2.2169	-0.27731	0.0050619
2.2169	-0.22689	0.0052598
2.2169	-0.17647	0.0050749
2.2169	-0.12605	0.0052182
2.2169	-0.07563	0.0049729
2.2169	-0.02521	0.005063
2.2169	0.02521	0.0051342
2.2169	0.07563	0.0048076
2.2169	0.12605	0.0048311
2.2169	0.17647	0.0044703
2.2169	0.22689	0.0044532
2.2169	0.27731	0.0044197
2.2169	0.32773	0.0040224
2.2169	0.37815	0.0039581
2.2169	0.42857	0.0035605
2.2169	0.47899	0.0034732
2.2169	0.52941	0.0033738
2.2169	0.57983	0.0029845
2.2169	0.63025	0.0028718
2.2169	0.68067	0.0025657
2.2169	0.73109	0.0024501
2.2169	0.78151	0.0023271
2.2169	0.83193	0.0020005
2.2169	0.88235	0.0018781
2.2169	0.93277	0.001591
2.2169	0.98319	0.0014742
2.2169	1.0336	0.0013559
2.2169	1.084	0.0011216
2.2169	1.1345	0.0010151
2.2646	-1.8403	0.0065337
2.2646	-1.7899	0.0062176
2.2646	-1.7395	0.0056842
2.2646	-1.6891	0.0013346
2.2646	-1.6387	0.0015161
2.2646	-1.5378	0.0011061
2.2646	-1.4874	0.0013206
2.2646	-1.437	0.0011303
2.2646	-1.3866	0.0013608
2.2646	-1.3361	0.001315
2.2646	-1.2857	0.0015718
2.2646	-1.2353	0.0018611
2.2646	-1.1849	0.0018873
2.2646	-1.1345	0.0022059
2.2646	-1.084	0.0022782
2.2646	-1.0336	0.0026239
2.2646	-0.98319	0.0029976
2.2646	-0.93277	0.0030884
2.2646	-0.88235	0.0034775
2.2646	-0.83193	0.0035725
2.2646	-0.78151	0.0039659
2.2646	-0.73109	0.0043728
2.2646	-0.68067	0.0044322
2.2646	-0.63025	0.0048227
2.2646	-0.57983	0.0046653
2.2646	-0.52941	0.005027
2.2646	-0.47899	0.0053854
2.2646	-0.42857	0.0053412
2.2646	-0.37815	0.0056544
2.2646	-0.32773	0.0055489
2.2646	-0.27731	0.0058083
2.2646	-0.22689	0.0060506
2.2646	-0.17647	0.0058377
2.2646	-0.12605	0.0060185
2.2646	-0.07563	0.0057424
2.2646	-0.02521	0.0058623
2.2646	0.02521	0.0055308
2.2646	0.07563	0.0055935
2.2646	0.12605	0.0056345
2.2646	0.17647	0.0052296
2.2646	0.22689	0.0052209
2.2646	0.27731	0.0047919
2.2646	0.32773	0.0047419
2.2646	0.37815	0.0046732
2.2646	0.42857	0.0042207
2.2646	0.47899	0.0041218
2.2646	0.52941	0.0036799
2.2646	0.57983	0.0035597
2.2646	0.63025	0.0034265
2.2646	0.68067	0.0030068
2.2646	0.73109	0.0028636
2.2646	0.78151	0.0024802
2.2646	0.83193	0.0023347
2.2646	0.88235	0.0021836
2.2646	0.93277	0.0018525
2.2646	0.98319	0.0017089
2.2646	1.0336	0.0014261
2.2646	1.084	0.0012951
2.2646	1.1345	0.0011657
2.3123	-3	0.0040473
2.3123	-1.7395	0.0017833
2.3123	-1.6891	0.021359
2.3123	-1.6387	0.033982
2.3123	-1.5882	0.0050255
2.3123	-1.5378	0.005078
2.3123	-1.4874	0.0052265
2.3123	-1.437	0.0025307
2.3123	-1.3866	0.0028733
2.3123	-1.3361	0.002161
2.3123	-1.2857	0.0025153
2.3123	-1.2353	0.0022549
2.3123	-1.1849	0.0026263
2.3123	-1.1345	0.0030363
2.3123	-1.084	0.0029352
2.3123	-1.0336	0.0033631
2.3123	-0.98319	0.0033509
2.3123	-0.93277	0.0037934
2.3123	-0.88235	0.0042638
2.3123	-0.83193	0.0042724
2.3123	-0.78151	0.0047417
2.3123	-0.73109	0.0047586
2.3123	-0.68067	0.0052142
2.3123	-0.63025	0.0056786
2.3123	-0.57983	0.0056432
2.3123	-0.52941	0.0060719
2.3123	-0.47899	0.0059962
2.3123	-0.42857	0.0063768
2.3123	-0.37815	0.0067464
2.3123	-0.32773	0.0065694
2.3123	-0.27731	0.0068751
2.3123	-0.22689	0.0066351
2.3123	-0.17647	0.006872
2.3123	-0.12605	0.0070854
2.3123	-0.07563	0.0067357
2.3123	-0.02521	0.0068775
2.3123	0.02521	0.0064738
2.3123	0.07563	0.006548
2.3123	0.12605	0.0065953
2.3123	0.17647	0.0061111
2.3123	0.22689	0.0061116
2.3123	0.27731	0.0056217
2.3123	0.32773	0.0055709
2.3123	0.37815	0.0054966
2.3123	0.42857	0.0049778
2.3123	0.47899	0.0048649
2.3123	0.52941	0.004357
2.3123	0.57983	0.0042163
2.3123	0.63025	0.0037323
2.3123	0.68067	0.0035739
2.3123	0.73109	0.003403
2.3123	0.78151	0.0029582
2.3123	0.83193	0.0027833
2.3123	0.88235	0.0023861
2.3123	0.93277	0.0022156
2.3123	0.98319	0.0020422
2.3123	1.0336	0.0017113
2.3123	1.084	0.0015527
2.3123	1.1345	0.0012775
2.3123	1.1849	0.0011383
2.3123	1.2353	0.0010039
2.36	-2.9496	0.0013484
2.36	-2.8992	0.0020086
2.36	-2.8487	0.0054436
2.36	-2.7983	0.0051399
2.36	-2.7479	0.0046812
2.36	-1.6891	0.0014973
2.36	-1.6387	0.0023432
2.36	-1.5882	0.014318
2.36	-1.5378	0.02752
2.36	-1.4874	0.024287
2.36	-1.437	0.021155
2.36	-1.3866	0.019187
2.36	-1.3361	0.0063625
2.36	-1.2857	0.0068456
2.36	-1.2353	0.0044176
2.36	-1.1849	0.0049661
2.36	-1.1345	0.0055644
2.36	-1.084	0.0046314
2.36	-1.0336	0.0049211
2.36	-0.98319	0.0044998
2.36	-0.93277	0.0050633
2.36	-0.88235	0.0056618
2.36	-0.83193	0.0054026
2.36	-0.78151	0.0059841
2.36	-0.73109	0.0058186
2.36	-0.68067	0.0063741
2.36	-0.63025	0.0062407
2.36	-0.57983	0.0067586
2.36	-0.52941	0.0072787
2.36	-0.47899	0.0070868
2.36	-0.42857	0.0075478
2.36	-0.37815	0.0073221
2.36	-0.32773	0.0077143
2.36	-0.27731	0.0080878
2.36	-0.22689	0.007756
2.36	-0.17647	0.0080485
2.36	-0.12605	0.0076623
2.36	-0.07563	0.0078727
2.36	-0.02521	0.0080528
2.36	0.02521	0.0075641
2.36	0.07563	0.0076635
2.36	0.12605	0.0071354
2.36	0.17647	0.0071613
2.36	0.22689	0.0071554
2.36	0.27731	0.0065677
2.36	0.32773	0.0065002
2.36	0.37815	0.005908
2.36	0.42857	0.0057907
2.36	0.47899	0.0056478
2.36	0.52941	0.0050541
2.36	0.57983	0.0048783
2.36	0.63025	0.0043165
2.36	0.68067	0.0041206
2.36	0.73109	0.0039101
2.36	0.78151	0.0033978
2.36	0.83193	0.0031843
2.36	0.88235	0.0027291
2.36	0.93277	0.0025228
2.36	0.98319	0.0024186
2.36	1.0336	0.0020336
2.36	1.084	0.0018434
2.36	1.1345	0.0015224
2.36	1.1849	0.0013553
2.36	1.2353	0.0010963
2.4076	-2.7983	0.0011159
2.4076	-2.7479	0.0071168
2.4076	-2.6975	0.0095167
2.4076	-2.6471	0.011842
2.4076	-2.5966	0.0029283
2.4076	-2.5462	0.0024802
2.4076	-1.6387	0.0012864
2.4076	-1.5882	0.001867
2.4076	-1.5378	0.0026791
2.4076	-1.4874	0.0089989
2.4076	-1.437	0.014457
2.4076	-1.3866	0.13285
2.4076	-1.3361	0.1293
2.4076	-1.2857	0.10543
2.4076	-1.2353	0.017129
2.4076	-1.1849	0.017175
2.4076	-1.1345	0.0086937
2.4076	-1.084	0.0094385
2.4076	-1.0336	0.010244
2.4076	-0.98319	0.0076562
2.4076	-0.93277	0.0084476
2.4076	-0.88235	0.0072381
2.4076	-0.83193	0.0079838
2.4076	-0.78151	0.0087599
2.4076	-0.73109	0.0079899
2.4076	-0.68067	0.008705
2.4076	-0.63025	0.0081698
2.4076	-0.57983	0.0088182
2.4076	-0.52941	0.0094675
2.4076	-0.47899	0.0089593
2.4076	-0.42857	0.0095231
2.4076	-0.37815	0.00905
2.4076	-0.32773	0.0095221
2.4076	-0.27731	0.0097493
2.4076	-0.22689	0.0092356
2.4076	-0.17647	0.0095967
2.4076	-0.12605	0.0090589
2.4076	-0.07563	0.0093207
2.4076	-0.02521	0.0087503
2.4076	0.02521	0.0089161
2.4076	0.07563	0.0090435
2.4076	0.12605	0.0083902
2.4076	0.17647	0.0084287
2.4076	0.22689	0.0077592
2.4076	0.27731	0.00772
2.4076	0.32773	0.0076443
2.4076	0.37815	0.006942
2.4076	0.42857	0.0068055
2.4076	0.47899	0.0061222
2.4076	0.52941	0.00594
2.4076	0.57983	0.0057316
2.4076	0.63025	0.0050758
2.4076	0.68067	0.0048427
2.4076	0.73109	0.0042394
2.4076	0.78151	0.0039961
2.4076	0.83193	0.0037416
2.4076	0.88235	0.0032131
2.4076	0.93277	0.0029672
2.4076	0.98319	0.0025105
2.4076	1.0336	0.002283
2.4076	1.084	0.0020582
2.4076	1.1345	0.0016974
2.4076	1.1849	0.0015021
2.4076	1.2353	0.0012131
2.4076	1.2857	0.0010505
2.4553	-2.6471	0.0023087
2.4553	-2.5966	0.0028697
2.4553	-2.5462	0.0035204
2.4553	-2.4958	0.011452
2.4553	-2.4454	0.0090819
2.4553	-2.395	0.0013229
2.4553	-2.3445	0.0010021
2.4553	-1.5882	0.0013007
2.4553	-1.5378	0.0017375
2.4553	-1.4874	0.0024697
2.4553	-1.437	0.003326
2.4553	-1.3866	0.007762
2.4553	-1.3361	0.011152
2.4553	-1.2857	0.072064
2.4553	-1.2353	0.13181
2.4553	-1.1849	0.23596
2.4553	-1.1345	0.060174
2.4553	-1.084	0.05392
2.4553	-1.0336	0.018516
2.4553	-0.98319	0.019254
2.4553	-0.93277	0.0201
2.4553	-0.88235	0.012995
2.4553	-0.83193	0.014007
2.4553	-0.78151	0.011059
2.4553	-0.73109	0.011992
2.4553	-0.68067	0.012945
2.4553	-0.63025	0.011218
2.4553	-0.57983	0.01206
2.4553	-0.52941	0.010903
2.4553	-0.47899	0.011632
2.4553	-0.42857	0.012347
2.4553	-0.37815	0.011359
2.4553	-0.32773	0.01195
2.4553	-0.27731	0.011097
2.4553	-0.22689	0.011564
2.4553	-0.17647	0.011991
2.4553	-0.12605	0.011117
2.4553	-0.07563	0.011418
2.4553	-0.02521	0.010575
2.4553	0.02521	0.010757
2.4553	0.07563	0.010889
2.4553	0.12605	0.010001
2.4553	0.17647	0.010026
2.4553	0.22689	0.0091587
2.4553	0.27731	0.0090915
2.4553	0.32773	0.0089788
2.4553	0.37815	0.0081058
2.4553	0.42857	0.0079233
2.4553	0.47899	0.0071996
2.4553	0.52941	0.006982
2.4553	0.57983	0.006211
2.4553	0.63025	0.0059568
2.4553	0.68067	0.0056786
2.4553	0.73109	0.0049709
2.4553	0.78151	0.004681
2.4553	0.83193	0.0040489
2.4553	0.88235	0.0037625
2.4553	0.93277	0.0034705
2.4553	0.98319	0.0029405
2.4553	1.0336	0.002671
2.4553	1.084	0.0022266
2.4553	1.1345	0.0019878
2.4553	1.1849	0.0017573
2.4553	1.2353	0.0014232
2.4553	1.2857	0.0012314
2.503	-2.5462	0.0010482
2.503	-2.4958	0.0011604
2.503	-2.4454	0.0012531
2.503	-2.395	0.0057918
2.503	-2.3445	0.0063687
2.503	-2.2941	0.0030625
2.503	-2.2437	0.0018625
2.503	-2.1933	0.0010063
2.503	-1.5882	0.0012848
2.503	-1.5378	0.0016263
2.503	-1.4874	0.0021021
2.503	-1.437	0.0026762
2.503	-1.3866	0.0038173
2.503	-1.3361	0.0048752
2.503	-1.2857	0.0091393
2.503	-1.2353	0.012231
2.503	-1.1849	0.016466
2.503	-1.1345	0.070106
2.503	-1.084	0.11415
2.503	-1.0336	0.29338
2.503	-0.98319	0.22933
2.503	-0.93277	0.18502
2.503	-0.88235	0.044121
2.503	-0.83193	0.043829
2.503	-0.78151	0.023674
2.503	-0.73109	0.024237
2.503	-0.68067	0.01723
2.503	-0.63025	0.018337
2.503	-0.57983	0.019443
2.503	-0.52941	0.015845
2.503	-0.47899	0.016793
2.503	-0.42857	0.014542
2.503	-0.37815	0.015327
2.503	-0.32773	0.016074
2.503	-0.27731	0.01433
2.503	-0.22689	0.014911
2.503	-0.17647	0.013504
2.503	-0.12605	0.013927
2.503	-0.07563	0.014293
2.503	-0.02521	0.012983
2.503	0.02521	0.013201
2.503	0.07563	0.012014
2.503	0.12605	0.012099
2.503	0.17647	0.012122
2.503	0.22689	0.010965
2.503	0.27731	0.010878
2.503	0.32773	0.0097999
2.503	0.37815	0.0096238
2.503	0.42857	0.0093988
2.503	0.47899	0.0083753
2.503	0.52941	0.0080914
2.503	0.57983	0.0071551
2.503	0.63025	0.0068343
2.503	0.68067	0.0064867
2.503	0.73109	0.0056509
2.503	0.78151	0.0052965
2.503	0.83193	0.0045629
2.503	0.88235	0.0042189
2.503	0.93277	0.0038712
2.503	0.98319	0.0032683
2.503	1.0336	0.0029521
2.503	1.084	0.002453
2.503	1.1345	0.0021767
2.503	1.1849	0.0019122
2.503	1.2353	0.0015435
2.503	1.2857	0.0014329
2.503	1.3361	0.0011357
2.5507	-2.2941	0.0012212
2.5507	-2.2437	0.001045
2.5507	-2.1429	0.0014662
2.5507	-1.6387	0.0013304
2.5507	-1.5882	0.0017504
2.5507	-1.5378	0.0018651
2.5507	-1.4874	0.0023594
2.5507	-1.437	0.0026858
2.5507	-1.3866	0.0033249
2.5507	-1.3361	0.0040664
2.5507	-1.2857	0.0051681
2.5507	-1.2353	0.0063375
2.5507	-1.1849	0.0099377
2.5507	-1.1345	0.01259
2.5507	-1.084	0.015991
2.5507	-1.0336	0.042779
2.5507	-0.98319	0.060663
2.5507	-0.93277	0.5821
2.5507	-0.88235	0.86957
2.5507	-0.83193	0.96445
2.5507	-0.78151	0.12108
2.5507	-0.73109	0.11097
2.5507	-0.68067	0.044548
2.5507	-0.63025	0.045088
2.5507	-0.57983	0.045693
2.5507	-0.52941	0.029395
2.5507	-0.47899	0.030472
2.5507	-0.42857	0.023126
2.5507	-0.37815	0.024072
2.5507	-0.32773	0.024946
2.5507	-0.27731	0.020578
2.5507	-0.22689	0.021246
2.5507	-0.17647	0.018264
2.5507	-0.12605	0.018731
2.5507	-0.07563	0.019112
2.5507	-0.02521	0.016757
2.5507	0.02521	0.016868
2.5507	0.07563	0.014986
2.5507	0.12605	0.015068
2.5507	0.17647	0.013457
2.5507	0.22689	0.013403
2.5507	0.27731	0.013277
2.5507	0.32773	0.011813
2.5507	0.37815	0.011585
2.5507	0.42857	0.010282
2.5507	0.47899	0.0099768
2.5507	0.52941	0.0096235
2.5507	0.57983	0.0084557
2.5507	0.63025	0.0080639
2.5507	0.68067	0.0070342
2.5507	0.73109	0.0066273
2.5507	0.78151	0.0062013
2.5507	0.83193	0.0053273
2.5507	0.88235	0.0049177
2.5507	0.93277	0.0041757
2.5507	0.98319	0.0037977
2.5507	1.0336	0.0034248
2.5507	1.084	0.0028449
2.5507	1.1345	0.002521
2.5507	1.1849	0.0020573
2.5507	1.2353	0.0017867
2.5507	1.2857	0.0015337
2.5507	1.3361	0.0012103
2.5507	1.3866	0.0010123
2.5983	-3	0.001792
2.5983	-1.9412	0.0020869
2.5983	-1.8908	0.0038083
2.5983	-1.8403	0.0057777
2.5983	-1.7899	0.0024581
2.5983	-1.7395	0.0033898
2.5983	-1.6891	0.0023641
2.5983	-1.6387	0.0030802
2.5983	-1.5882	0.003895
2.5983	-1.5378	0.003286
2.5983	-1.4874	0.004033
2.5983	-1.437	0.0038105
2.5983	-1.3866	0.0045778
2.5983	-1.3361	0.0047342
2.5983	-1.2857	0.0056186
2.5983	-1.2353	0.0066057
2.5983	-1.1849	0.007036
2.5983	-1.1345	0.0083324
2.5983	-1.084	0.01142
2.5983	-1.0336	0.013858
2.5983	-0.98319	0.016828
2.5983	-0.93277	0.033836
2.5983	-0.88235	0.044152
2.5983	-0.83193	0.20062
2.5983	-0.78151	0.31914
2.5983	-0.73109	0.5267
2.5983	-0.68067	0.48537
2.5983	-0.63025	0.38667
2.5983	-0.57983	0.093642
2.5983	-0.52941	0.09024
2.5983	-0.47899	0.087471
2.5983	-0.42857	0.047522
2.5983	-0.37815	0.048029
2.5983	-0.32773	0.033269
2.5983	-0.27731	0.034001
2.5983	-0.22689	0.034608
2.5983	-0.17647	0.027008
2.5983	-0.12605	0.02747
2.5983	-0.07563	0.022695
2.5983	-0.02521	0.022964
2.5983	0.02521	0.023117
2.5983	0.07563	0.019678
2.5983	0.12605	0.01966
2.5983	0.17647	0.017021
2.5983	0.22689	0.016858
2.5983	0.27731	0.016602
2.5983	0.32773	0.014442
2.5983	0.37815	0.014086
2.5983	0.42857	0.012286
2.5983	0.47899	0.011859
2.5983	0.52941	0.011377
2.5983	0.57983	0.0098634
2.5983	0.63025	0.009355
2.5983	0.68067	0.0080738
2.5983	0.73109	0.0075649
2.5983	0.78151	0.0067227
2.5983	0.83193	0.0062394
2.5983	0.88235	0.0057479
2.5983	0.93277	0.0048624
2.5983	0.98319	0.0044139
2.5983	1.0336	0.003688
2.5983	1.084	0.0032934
2.5983	1.1345	0.0029135
2.5983	1.1849	0.0023759
2.5983	1.2353	0.0020605
2.5983	1.2857	0.0016466
2.5983	1.3361	0.0013951
2.5983	1.3866	0.0011659
2.646	-2.9496	0.0016412
2.646	-2.8992	0.0022405
2.646	-2.8487	0.002953
2.646	-2.7983	0.0016838
2.646	-2.7479	0.001552
2.646	-1.8908	0.0013069
2.646	-1.8403	0.016766
2.646	-1.7899	0.030985
2.646	-1.7395	0.048102
2.646	-1.6891	0.012491
2.646	-1.6387	0.014886
2.646	-1.5882	0.0069446
2.646	-1.5378	0.0083528
2.646	-1.4874	0.0098542
2.646	-1.437	0.0069005
2.646	-1.3866	0.0080718
2.646	-1.3361	0.006762
2.646	-1.2857	0.0078248
2.646	-1.2353	0.0089576
2.646	-1.1849	0.0084759
2.646	-1.1345	0.0096613
2.646	-1.084	0.010267
2.646	-1.0336	0.01176
2.646	-0.98319	0.013416
2.646	-0.93277	0.017117
2.646	-0.88235	0.020033
2.646	-0.83193	0.033985
2.646	-0.78151	0.042007
2.646	-0.73109	0.05228
2.646	-0.68067	0.17335
2.646	-0.63025	0.24807
2.646	-0.57983	2.0068
2.646	-0.52941	1.7545
2.646	-0.47899	0.22415
2.646	-0.42857	0.21211
2.646	-0.37815	0.19205
2.646	-0.32773	0.081229
2.646	-0.27731	0.079452
2.646	-0.22689	0.048884
2.646	-0.17647	0.048879
2.646	-0.12605	0.048704
2.646	-0.07563	0.035556
2.646	-0.02521	0.03555
2.646	0.02521	0.028054
2.646	0.07563	0.027963
2.646	0.12605	0.027725
2.646	0.17647	0.022834
2.646	0.22689	0.022491
2.646	0.27731	0.018965
2.646	0.32773	0.018526
2.646	0.37815	0.017991
2.646	0.42857	0.015314
2.646	0.47899	0.014729
2.646	0.52941	0.012605
2.646	0.57983	0.011995
2.646	0.63025	0.011341
2.646	0.68067	0.0096623
2.646	0.73109	0.0090274
2.646	0.78151	0.0076628
2.646	0.83193	0.0070674
2.646	0.88235	0.0064688
2.646	0.93277	0.0054177
2.646	0.98319	0.004886
2.646	1.0336	0.0040483
2.646	1.084	0.003591
2.646	1.1345	0.0031548
2.646	1.1849	0.0025539
2.646	1.2353	0.0021988
2.646	1.2857	0.0017454
2.646	1.3361	0.0014672
2.646	1.3866	0.0011357
2.6937	-2.7479	0.0010607
2.6937	-2.6975	0.0049049
2.6937	-2.6471	0.0050114
2.6937	-2.5966	0.0011001
2.6937	-1.8403	0.0013243
2.6937	-1.7899	0.0023722
2.6937	-1.7395	0.014574
2.6937	-1.6891	0.025384
2.6937	-1.6387	0.033121
2.6937	-1.5882	0.084147
2.6937	-1.5378	0.088795
2.6937	-1.4874	0.022278
2.6937	-1.437	0.024753
2.6937	-1.3866	0.027201
2.6937	-1.3361	0.014781
2.6937	-1.2857	0.016512
2.6937	-1.2353	0.011983
2.6937	-1.1849	0.013386
2.6937	-1.1345	0.014821
2.6937	-1.084	0.012726
2.6937	-1.0336	0.014089
2.6937	-0.98319	0.013753
2.6937	-0.93277	0.015311
2.6937	-0.88235	0.016979
2.6937	-0.83193	0.019624
2.6937	-0.78151	0.022227
2.6937	-0.73109	0.032438
2.6937	-0.68067	0.038319
2.6937	-0.63025	0.045455
2.6937	-0.57983	0.10617
2.6937	-0.52941	0.13742
2.6937	-0.47899	0.87596
2.6937	-0.42857	1.4185
2.6937	-0.37815	2.2614
2.6937	-0.32773	0.60181
2.6937	-0.27731	0.49133
2.6937	-0.22689	0.14632
2.6937	-0.17647	0.13708
2.6937	-0.12605	0.12876
2.6937	-0.07563	0.071058
2.6937	-0.02521	0.068906
2.6937	0.02521	0.046626
2.6937	0.07563	0.045603
2.6937	0.12605	0.034178
2.6937	0.17647	0.033407
2.6937	0.22689	0.032477
2.6937	0.27731	0.025769
2.6937	0.32773	0.025357
2.6937	0.37815	0.020765
2.6937	0.42857	0.019982
2.6937	0.47899	0.01911
2.6937	0.52941	0.015885
2.6937	0.57983	0.015048
2.6937	0.63025	0.012613
2.6937	0.68067	0.01182
2.6937	0.73109	0.011
2.6937	0.78151	0.0091969
2.6937	0.83193	0.0084535
2.6937	0.88235	0.0070471
2.6937	0.93277	0.006389
2.6937	0.98319	0.0057447
2.6937	1.0336	0.0047231
2.6937	1.084	0.0041787
2.6937	1.1345	0.003396
2.6937	1.1849	0.0029496
2.6937	1.2353	0.0025342
2.6937	1.2857	0.0020058
2.6937	1.3361	0.0016835
2.6937	1.3866	0.0013018
2.6937	1.437	0.0010619
2.7414	-2.5966	0.0017435
2.7414	-2.5462	0.0019833
2.7414	-2.4958	0.0033807
2.7414	-2.4454	0.0026263
2.7414	-2.395	0.0019412
2.7414	-1.7395	0.0018103
2.7414	-1.6891	0.0027831
2.7414	-1.6387	0.0041189
2.7414	-1.5882	0.014849
2.7414	-1.5378	0.021944
2.7414	-1.4874	0.17645
2.7414	-1.437	0.25924
2.7414	-1.3866	0.35214
2.7414	-1.3361	0.094564
2.7414	-1.2857	0.094786
2.7414	-1.2353	0.035279
2.7414	-1.1849	0.037364
2.7414	-1.1345	0.022596
2.7414	-1.084	0.024272
2.7414	-1.0336	0.025893
2.7414	-0.98319	0.019943
2.7414	-0.93277	0.021396
2.7414	-0.88235	0.018452
2.7414	-0.83193	0.019994
2.7414	-0.78151	0.021584
2.7414	-0.73109	0.022786
2.7414	-0.68067	0.025056
2.7414	-0.63025	0.032421
2.7414	-0.57983	0.036891
2.7414	-0.52941	0.042085
2.7414	-0.47899	0.078257
2.7414	-0.42857	0.094965
2.7414	-0.37815	0.32713
2.7414	-0.32773	0.45532
2.7414	-0.27731	0.65163
2.7414	-0.22689	2.7529
2.7414	-0.17647	2.0072
2.7414	-0.12605	0.30529
2.7414	-0.07563	0.26828
2.7414	-0.02521	0.23793
2.7414	0.02521	0.10723
2.7414	0.07563	0.10077
2.7414	0.12605	0.061604
2.7414	0.17647	0.058897
2.7414	0.22689	0.056072
2.7414	0.27731	0.039762
2.7414	0.32773	0.037931
2.7414	0.37815	0.028859
2.7414	0.42857	0.027425
2.7414	0.47899	0.025906
2.7414	0.52941	0.020502
2.7414	0.57983	0.019222
2.7414	0.63025	0.015545
2.7414	0.68067	0.014436
2.7414	0.73109	0.011807
2.7414	0.78151	0.010842
2.7414	0.83193	0.0098822
2.7414	0.88235	0.0080721
2.7414	0.93277	0.0072598
2.7414	0.98319	0.0059144
2.7414	1.0336	0.0052393
2.7414	1.084	0.0049142
2.7414	1.1345	0.003958
2.7414	1.1849	0.0034282
2.7414	1.2353	0.0027256
2.7414	1.2857	0.0023119
2.7414	1.3361	0.0019365
2.7414	1.3866	0.0014926
2.7414	1.437	0.001216
2.789	-2.395	0.0024251
2.789	-2.3445	0.0022565
2.789	-2.2941	0.0018845
2.789	-1.6891	0.0011422
2.789	-1.6387	0.0023393
2.789	-1.5882	0.0032714
2.789	-1.5378	0.0044597
2.789	-1.4874	0.011412
2.789	-1.437	0.015441
2.789	-1.3866	0.065652
2.789	-1.3361	0.093187
2.789	-1.2857	0.13175
2.789	-1.2353	0.48904
2.789	-1.1849	0.46975
2.789	-1.1345	0.094509
2.789	-1.084	0.09408
2.789	-1.0336	0.093459
2.789	-0.98319	0.044207
2.789	-0.93277	0.045477
2.789	-0.88235	0.030295
2.789	-0.83193	0.031578
2.789	-0.78151	0.032759
2.789	-0.73109	0.026996
2.789	-0.68067	0.028335
2.789	-0.63025	0.027618
2.789	-0.57983	0.029523
2.789	-0.52941	0.034936
2.789	-0.47899	0.038496
2.789	-0.42857	0.042489
2.789	-0.37815	0.068477
2.789	-0.32773	0.07939
2.789	-0.27731	0.19956
2.789	-0.22689	0.25274
2.789	-0.17647	0.3247
2.789	-0.12605	2.3017
2.789	-0.07563	3.4928
2.789	-0.02521	0.82378
2.789	0.02521	0.6498
2.789	0.07563	0.5249
2.789	0.12605	0.17166
2.789	0.17647	0.15488
2.789	0.22689	0.082639
2.789	0.27731	0.07692
2.789	0.32773	0.07135
2.789	0.37815	0.047063
2.789	0.42857	0.043956
2.789	0.47899	0.031849
2.789	0.52941	0.029699
2.789	0.57983	0.027526
2.789	0.63025	0.021029
2.789	0.68067	0.019362
2.789	0.73109	0.015217
2.789	0.78151	0.01388
2.789	0.83193	0.012568
2.789	0.88235	0.0099872
2.789	0.93277	0.0089341
2.789	0.98319	0.0071338
2.789	1.0336	0.0062913
2.789	1.084	0.0054977
2.789	1.1345	0.0043486
2.789	1.1849	0.0037333
2.789	1.2353	0.0029243
2.789	1.2857	0.0024582
2.789	1.3361	0.0018944
2.789	1.3866	0.0015523
2.789	1.437	0.0012522
2.8367	-3	0.0018927
2.8367	-2.9496	0.0024864
2.8367	-2.8992	0.0010879
2.8367	-2.8487	0.0011232
2.8367	-2.7983	0.0011351
2.8367	-1.6891	0.001073
2.8367	-1.6387	0.0015296
2.8367	-1.5882	0.0020349
2.8367	-1.5378	0.0034004
2.8367	-1.4874	0.0044039
2.8367	-1.437	0.0056052
2.8367	-1.3866	0.011375
2.8367	-1.3361	0.012813
2.8367	-1.2857	0.035537
2.8367	-1.2353	0.046073
2.8367	-1.1849	0.059343
2.8367	-1.1345	0.365
2.8367	-1.084	0.50467
2.8367	-1.0336	0.36384
2.8367	-0.98319	0.33121
2.8367	-0.93277	0.30219
2.8367	-0.88235	0.090351
2.8367	-0.83193	0.088887
2.8367	-0.78151	0.048115
2.8367	-0.73109	0.048604
2.8367	-0.68067	0.048903
2.8367	-0.63025	0.035683
2.8367	-0.57983	0.03646
2.8367	-0.52941	0.032261
2.8367	-0.47899	0.033565
2.8367	-0.42857	0.034885
2.8367	-0.37815	0.038456
2.8367	-0.32773	0.041139
2.8367	-0.27731	0.057868
2.8367	-0.22689	0.064463
2.8367	-0.17647	0.072005
2.8367	-0.12605	0.15079
2.8367	-0.07563	0.1798
2.8367	-0.02521	0.77555
2.8367	0.02521	1.0945
2.8367	0.07563	2.8338
2.8367	0.12605	1.9605
2.8367	0.17647	1.3818
2.8367	0.22689	0.28105
2.8367	0.27731	0.24019
2.8367	0.32773	0.10821
2.8367	0.37815	0.097408
2.8367	0.42857	0.087473
2.8367	0.47899	0.053119
2.8367	0.52941	0.048322
2.8367	0.57983	0.033152
2.8367	0.63025	0.031658
2.8367	0.68067	0.028737
2.8367	0.73109	0.021089
2.8367	0.78151	0.019039
2.8367	0.83193	0.014492
2.8367	0.88235	0.012966
2.8367	0.93277	0.011509
2.8367	0.98319	0.0089001
2.8367	1.0336	0.007801
2.8367	1.084	0.0060741
2.8367	1.1345	0.0052426
2.8367	1.1849	0.0044791
2.8367	1.2353	0.0034531
2.8367	1.2857	0.0028917
2.8367	1.3361	0.0022039
2.8367	1.3866	0.0018007
2.8367	1.437	0.0014489
2.8367	1.4874	0.0010653
2.8844	-2.8487	0.0011979
2.8844	-2.7983	0.004077
2.8844	-2.7479	0.0041433
2.8844	-2.6975	0.004017
2.8844	-2.6471	0.0010065
2.8844	-1.8908	0.0016095
2.8844	-1.8403	0.0023691
2.8844	-1.7899	0.0010907
2.8844	-1.7395	0.0014869
2.8844	-1.6891	0.0019433
2.8844	-1.6387	0.0016434
2.8844	-1.5882	0.0020987
2.8844	-1.5378	0.0024047
2.8844	-1.4874	0.0030092
2.8844	-1.437	0.0037018
2.8844	-1.3866	0.0051883
2.8844	-1.3361	0.0063057
2.8844	-1.2857	0.010616
2.8844	-1.2353	0.012829
2.8844	-1.1849	0.02736
2.8844	-1.1345	0.033312
2.8844	-1.084	0.040269
2.8844	-1.0336	0.13925
2.8844	-0.98319	0.17688
2.8844	-0.93277	1.1603
2.8844	-0.88235	1.246
2.8844	-0.83193	1.2275
2.8844	-0.78151	0.2243
2.8844	-0.73109	0.20705
2.8844	-0.68067	0.082196
2.8844	-0.63025	0.079894
2.8844	-0.57983	0.07869
2.8844	-0.52941	0.048774
2.8844	-0.47899	0.048432
2.8844	-0.42857	0.038298
2.8844	-0.37815	0.03878
2.8844	-0.32773	0.039215
2.8844	-0.27731	0.03906
2.8844	-0.22689	0.040569
2.8844	-0.17647	0.050749
2.8844	-0.12605	0.054593
2.8844	-0.07563	0.058824
2.8844	-0.02521	0.10218
2.8844	0.02521	0.11561
2.8844	0.07563	0.32209
2.8844	0.12605	0.40106
2.8844	0.17647	0.50809
2.8844	0.22689	4.7601
2.8844	0.27731	4.8855
2.8844	0.32773	0.57936
2.8844	0.37815	0.4544
2.8844	0.42857	0.36196
2.8844	0.47899	0.13285
2.8844	0.52941	0.11486
2.8844	0.57983	0.06214
2.8844	0.63025	0.055012
2.8844	0.68067	0.035238
2.8844	0.73109	0.031355
2.8844	0.78151	0.027727
2.8844	0.83193	0.019448
2.8844	0.88235	0.017122
2.8844	0.93277	0.012563
2.8844	0.98319	0.010959
2.8844	1.0336	0.0094787
2.8844	1.084	0.0070942
2.8844	1.1345	0.0060507
2.8844	1.1849	0.0045644
2.8844	1.2353	0.0038245
2.8844	1.2857	0.0031665
2.8844	1.3361	0.0023578
2.8844	1.3866	0.0021232
2.8844	1.437	0.0015666
2.8844	1.4874	0.0012375
2.9321	-2.6471	0.0025454
2.9321	-2.5966	0.0029019
2.9321	-2.5462	0.0029083
2.9321	-2.4958	0.0024432
2.9321	-1.7899	0.0076444
2.9321	-1.7395	0.012145
2.9321	-1.6891	0.0049628
2.9321	-1.6387	0.0058934
2.9321	-1.5882	0.0068483
2.9321	-1.5378	0.0036714
2.9321	-1.4874	0.0043642
2.9321	-1.437	0.0038723
2.9321	-1.3866	0.004603
2.9321	-1.3361	0.0054027
2.9321	-1.2857	0.0063372
2.9321	-1.2353	0.0074046
2.9321	-1.1849	0.010558
2.9321	-1.1345	0.012287
2.9321	-1.084	0.014172
2.9321	-1.0336	0.024937
2.9321	-0.98319	0.028868
2.9321	-0.93277	0.068643
2.9321	-0.88235	0.081218
2.9321	-0.83193	0.095746
2.9321	-0.78151	0.46352
2.9321	-0.73109	0.5911
2.9321	-0.68067	0.8567
2.9321	-0.63025	0.72969
2.9321	-0.57983	0.16389
2.9321	-0.52941	0.15171
2.9321	-0.47899	0.14041
2.9321	-0.42857	0.069536
2.9321	-0.37815	0.066778
2.9321	-0.32773	0.046377
2.9321	-0.27731	0.045616
2.9321	-0.22689	0.044808
2.9321	-0.17647	0.040537
2.9321	-0.12605	0.0409
2.9321	-0.07563	0.046561
2.9321	-0.02521	0.048523
2.9321	0.02521	0.050614
2.9321	0.07563	0.07742
2.9321	0.12605	0.084077
2.9321	0.17647	0.17192
2.9321	0.22689	0.19848
2.9321	0.27731	0.23087
2.9321	0.32773	1.1971
2.9321	0.37815	1.6959
2.9321	0.42857	1.7
2.9321	0.47899	1.154
2.9321	0.52941	0.80866
2.9321	0.57983	0.19418
2.9321	0.63025	0.15962
2.9321	0.68067	0.073565
2.9321	0.73109	0.063074
2.9321	0.78151	0.05388
2.9321	0.83193	0.032147
2.9321	0.88235	0.027705
2.9321	0.93277	0.018412
2.9321	0.98319	0.015829
2.9321	1.0336	0.0135
2.9321	1.084	0.0094987
2.9321	1.1345	0.0080186
2.9321	1.1849	0.0057972
2.9321	1.2353	0.0048198
2.9321	1.2857	0.0035192
2.9321	1.3361	0.0028671
2.9321	1.3866	0.0023035
2.9321	1.437	0.0016548
2.9321	1.4874	0.0012903
2.9797	-2.4454	0.0034929
2.9797	-2.395	0.0033638
2.9797	-2.3445	0.0030153
2.9797	-1.7395	0.0012648
2.9797	-1.6891	0.0055519
2.9797	-1.6387	0.0084951
2.9797	-1.5882	0.029778
2.9797	-1.5378	0.033109
2.9797	-1.4874	0.035465
2.9797	-1.437	0.010344
2.9797	-1.3866	0.011376
2.9797	-1.3361	0.0072081
2.9797	-1.2857	0.0081247
2.9797	-1.2353	0.009078
2.9797	-1.1849	0.0087047
2.9797	-1.1345	0.0097714
2.9797	-1.084	0.011839
2.9797	-1.0336	0.012552
2.9797	-0.98319	0.014026
2.9797	-0.93277	0.020728
2.9797	-0.88235	0.023188
2.9797	-0.83193	0.043074
2.9797	-0.78151	0.048654
2.9797	-0.73109	0.054676
2.9797	-0.68067	0.15449
2.9797	-0.63025	0.18071
2.9797	-0.57983	1.1723
2.9797	-0.52941	1.3985
2.9797	-0.47899	1.577
2.9797	-0.42857	0.38738
2.9797	-0.37815	0.33389
2.9797	-0.32773	0.11093
2.9797	-0.27731	0.10239
2.9797	-0.22689	0.094424
2.9797	-0.17647	0.055763
2.9797	-0.12605	0.05311
2.9797	-0.07563	0.04224
2.9797	-0.02521	0.041372
2.9797	0.02521	0.042061
2.9797	0.07563	0.042485
2.9797	0.12605	0.042928
2.9797	0.17647	0.057733
2.9797	0.22689	0.060412
2.9797	0.27731	0.10905
2.9797	0.32773	0.11955
2.9797	0.37815	0.13151
2.9797	0.42857	0.42828
2.9797	0.47899	0.53065
2.9797	0.52941	4.164
2.9797	0.57983	3.2619
2.9797	0.63025	2.1439
2.9797	0.68067	0.28264
2.9797	0.73109	0.21687
2.9797	0.78151	0.08136
2.9797	0.83193	0.067006
2.9797	0.88235	0.055045
2.9797	0.93277	0.032662
2.9797	0.98319	0.027337
2.9797	1.0336	0.017021
2.9797	1.084	0.014251
2.9797	1.1345	0.01183
2.9797	1.1849	0.007942
2.9797	1.2353	0.0065248
2.9797	1.2857	0.0045324
2.9797	1.3361	0.0036604
2.9797	1.3866	0.0029164
2.9797	1.437	0.0020284
2.9797	1.4874	0.0015724
2.9797	1.5378	0.001081
3.0274	-2.9496	0.0011807
3.0274	-2.8992	0.0014333
3.0274	-2.1933	0.0011175
3.0274	-1.6891	0.0011032
3.0274	-1.6387	0.0015245
3.0274	-1.5882	0.0037428
3.0274	-1.5378	0.0051133
3.0274	-1.4874	0.0068708
3.0274	-1.437	0.038007
3.0274	-1.3866	0.052601
3.0274	-1.3361	0.038799
3.0274	-1.2857	0.039253
3.0274	-1.2353	0.014493
3.0274	-1.1849	0.01552
3.0274	-1.1345	0.016529
3.0274	-1.084	0.012084
3.0274	-1.0336	0.013105
3.0274	-0.98319	0.013185
3.0274	-0.93277	0.01436
3.0274	-0.88235	0.015534
3.0274	-0.83193	0.019546
3.0274	-0.78151	0.021168
3.0274	-0.73109	0.032637
3.0274	-0.68067	0.035508
3.0274	-0.63025	0.038422
3.0274	-0.57983	0.079439
3.0274	-0.52941	0.087648
3.0274	-0.47899	0.31398
3.0274	-0.42857	0.36917
3.0274	-0.37815	0.43527
3.0274	-0.32773	1.3214
3.0274	-0.27731	1.2114
3.0274	-0.22689	0.21829
3.0274	-0.17647	0.19045
3.0274	-0.12605	0.16647
3.0274	-0.07563	0.073655
3.0274	-0.02521	0.067688
3.0274	0.02521	0.045616
3.0274	0.07563	0.043301
3.0274	0.12605	0.041082
3.0274	0.17647	0.03802
3.0274	0.22689	0.037221
3.0274	0.27731	0.044352
3.0274	0.32773	0.044843
3.0274	0.37815	0.045332
3.0274	0.42857	0.072908
3.0274	0.47899	0.076563
3.0274	0.52941	0.18023
3.0274	0.57983	0.20303
3.0274	0.63025	1.1921
3.0274	0.68067	1.6546
3.0274	0.73109	2.2653
3.0274	0.78151	0.57801
3.0274	0.83193	0.39496
3.0274	0.88235	0.10226
3.0274	0.93277	0.080123
3.0274	0.98319	0.062798
3.0274	1.0336	0.029799
3.0274	1.084	0.02403
3.0274	1.1345	0.013877
3.0274	1.1849	0.011223
3.0274	1.2353	0.0089904
3.0274	1.2857	0.005708
3.0274	1.3361	0.0045177
3.0274	1.3866	0.0029841
3.0274	1.437	0.0023113
3.0274	1.4874	0.0017595
3.0274	1.5378	0.0011566
3.0751	-2.6975	0.0019392
3.0751	-2.6471	0.001864
3.0751	-1.8908	0.0012169
3.0751	-1.7899	0.0010033
3.0751	-1.6891	0.001191
3.0751	-1.6387	0.0015492
3.0751	-1.5882	0.0018466
3.0751	-1.5378	0.002079
3.0751	-1.4874	0.0034384
3.0751	-1.437	0.0043425
3.0751	-1.3866	0.0054085
3.0751	-1.3361	0.015538
3.0751	-1.2857	0.020063
3.0751	-1.2353	0.1139
3.0751	-1.1849	0.134
3.0751	-1.1345	0.1492
3.0751	-1.084	0.039944
3.0751	-1.0336	0.039953
3.0751	-0.98319	0.019366
3.0751	-0.93277	0.020217
3.0751	-0.88235	0.021006
3.0751	-0.83193	0.017016
3.0751	-0.78151	0.017893
3.0751	-0.73109	0.01892
3.0751	-0.68067	0.019958
3.0751	-0.63025	0.025915
3.0751	-0.57983	0.027401
3.0751	-0.52941	0.028811
3.0751	-0.47899	0.047216
3.0751	-0.42857	0.050099
3.0751	-0.37815	0.11582
3.0751	-0.32773	0.1266
3.0751	-0.27731	0.13822
3.0751	-0.22689	0.72143
3.0751	-0.17647	0.84896
3.0751	-0.12605	0.57886
3.0751	-0.07563	0.4654
3.0751	-0.02521	0.37561
3.0751	0.02521	0.10496
3.0751	0.07563	0.092158
3.0751	0.12605	0.050089
3.0751	0.17647	0.045901
3.0751	0.22689	0.042044
3.0751	0.27731	0.034078
3.0751	0.32773	0.032279
3.0751	0.37815	0.034494
3.0751	0.42857	0.033716
3.0751	0.47899	0.033324
3.0751	0.52941	0.046727
3.0751	0.57983	0.047149
3.0751	0.63025	0.089383
3.0751	0.68067	0.094518
3.0751	0.73109	0.10028
3.0751	0.78151	0.37316
3.0751	0.83193	0.45782
3.0751	0.88235	1.7137
3.0751	0.93277	1.0441
3.0751	0.98319	0.62774
3.0751	1.0336	0.10402
3.0751	1.084	0.076418
3.0751	1.1345	0.029861
3.0751	1.1849	0.023111
3.0751	1.2353	0.017774
3.0751	1.2857	0.0094175
3.0751	1.3361	0.0072747
3.0751	1.3866	0.004318
3.0751	1.437	0.0032917
3.0751	1.4874	0.0020527
3.0751	1.5378	0.0015232
3.0751	1.5882	0.0011055
3.1228	-2.4958	0.0012955
3.1228	-2.4454	0.0010607
3.1228	-1.8908	0.0015347
3.1228	-1.8403	0.003049
3.1228	-1.7899	0.0053019
3.1228	-1.7395	0.0036291
3.1228	-1.6891	0.0045624
3.1228	-1.6387	0.0023079
3.1228	-1.5882	0.0028351
3.1228	-1.5378	0.0033982
3.1228	-1.4874	0.0029075
3.1228	-1.437	0.0034473
3.1228	-1.3866	0.0041904
3.1228	-1.3361	0.0049568
3.1228	-1.2857	0.005798
3.1228	-1.2353	0.010729
3.1228	-1.1849	0.012812
3.1228	-1.1345	0.047217
3.1228	-1.084	0.059795
3.1228	-1.0336	0.075442
3.1228	-0.98319	0.1538
3.1228	-0.93277	0.14625
3.1228	-0.88235	0.039499
3.1228	-0.83193	0.039206
3.1228	-0.78151	0.039028
3.1228	-0.73109	0.022904
3.1228	-0.68067	0.023353
3.1228	-0.63025	0.020109
3.1228	-0.57983	0.020676
3.1228	-0.52941	0.021142
3.1228	-0.47899	0.023321
3.1228	-0.42857	0.02391
3.1228	-0.37815	0.032433
3.1228	-0.32773	0.033394
3.1228	-0.27731	0.034214
3.1228	-0.22689	0.060928
3.1228	-0.17647	0.063396
3.1228	-0.12605	0.17965
3.1228	-0.07563	0.19638
3.1228	-0.02521	0.21509
3.1228	0.02521	1.1948
3.1228	0.07563	1.1102
3.1228	0.12605	0.203
3.1228	0.17647	0.16677
3.1228	0.22689	0.062506
3.1228	0.27731	0.054935
3.1228	0.32773	0.04828
3.1228	0.37815	0.03222
3.1228	0.42857	0.029454
3.1228	0.47899	0.027336
3.1228	0.52941	0.025817
3.1228	0.57983	0.024353
3.1228	0.63025	0.030461
3.1228	0.68067	0.029589
3.1228	0.73109	0.04842
3.1228	0.78151	0.048738
3.1228	0.83193	0.049052
3.1228	0.88235	0.12894
3.1228	0.93277	0.14141
3.1228	0.98319	1.1397
3.1228	1.0336	1.3354
3.1228	1.084	1.1945
3.1228	1.1345	0.13019
3.1228	1.1849	0.087216
3.1228	1.2353	0.030649
3.1228	1.2857	0.022519
3.1228	1.3361	0.016458
3.1228	1.3866	0.0076815
3.1228	1.437	0.0056804
3.1228	1.4874	0.0030991
3.1228	1.5378	0.002257
3.1228	1.5882	0.00161
3.1704	-1.7395	0.0019355
3.1704	-1.6891	0.002984
3.1704	-1.6387	0.01639
3.1704	-1.5882	0.020835
3.1704	-1.5378	0.025097
3.1704	-1.4874	0.0083876
3.1704	-1.437	0.0092897
3.1704	-1.3866	0.0052316
3.1704	-1.3361	0.0058649
3.1704	-1.2857	0.006496
3.1704	-1.2353	0.0059434
3.1704	-1.1849	0.0066271
3.1704	-1.1345	0.0087768
3.1704	-1.084	0.0099218
3.1704	-1.0336	0.021091
3.1704	-0.98319	0.024681
3.1704	-0.93277	0.028779
3.1704	-0.88235	0.14609
3.1704	-0.83193	0.17808
3.1704	-0.78151	0.11952
3.1704	-0.73109	0.11104
3.1704	-0.68067	0.10308
3.1704	-0.63025	0.037127
3.1704	-0.57983	0.036359
3.1704	-0.52941	0.024072
3.1704	-0.47899	0.024018
3.1704	-0.42857	0.023846
3.1704	-0.37815	0.021905
3.1704	-0.32773	0.021861
3.1704	-0.27731	0.025001
3.1704	-0.22689	0.025021
3.1704	-0.17647	0.024911
3.1704	-0.12605	0.035874
3.1704	-0.07563	0.035992
3.1704	-0.02521	0.070134
3.1704	0.02521	0.072168
3.1704	0.07563	0.074112
3.1704	0.12605	0.28751
3.1704	0.17647	0.31875
3.1704	0.22689	0.61122
3.1704	0.27731	0.4689
3.1704	0.32773	0.35644
3.1704	0.37815	0.078294
3.1704	0.42857	0.065153
3.1704	0.47899	0.032734
3.1704	0.52941	0.028734
3.1704	0.57983	0.025205
3.1704	0.63025	0.020386
3.1704	0.68067	0.018533
3.1704	0.73109	0.020229
3.1704	0.78151	0.018931
3.1704	0.83193	0.026798
3.1704	0.88235	0.02581
3.1704	0.93277	0.024797
3.1704	0.98319	0.050196
3.1704	1.0336	0.05076
3.1704	1.084	0.20655
3.1704	1.1345	0.2461
3.1704	1.1849	0.30172
3.1704	1.2353	0.25968
3.1704	1.2857	0.1493
3.1704	1.3361	0.027621
3.1704	1.3866	0.018894
3.1704	1.437	0.012871
3.1704	1.4874	0.0051134
3.1704	1.5378	0.0035513
3.1704	1.5882	0.0017366
3.1704	1.6387	0.0011771
3.2181	-2.6975	0.0010044
3.2181	-1.6387	0.0016814
3.2181	-1.5882	0.0022591
3.2181	-1.5378	0.010326
3.2181	-1.4874	0.013936
3.2181	-1.437	0.018452
3.2181	-1.3866	0.035308
3.2181	-1.3361	0.036648
3.2181	-1.2857	0.012012
3.2181	-1.2353	0.012331
3.2181	-1.1849	0.012907
3.2181	-1.1345	0.0082973
3.2181	-1.084	0.0088424
3.2181	-1.0336	0.0087316
3.2181	-0.98319	0.0094307
3.2181	-0.93277	0.010119
3.2181	-0.88235	0.015246
3.2181	-0.83193	0.016757
3.2181	-0.78151	0.044864
3.2181	-0.73109	0.051787
3.2181	-0.68067	0.059666
3.2181	-0.63025	0.30106
3.2181	-0.57983	0.31154
3.2181	-0.52941	0.08233
3.2181	-0.47899	0.07631
3.2181	-0.42857	0.033447
3.2181	-0.37815	0.032283
3.2181	-0.32773	0.031033
3.2181	-0.27731	0.022644
3.2181	-0.22689	0.022029
3.2181	-0.17647	0.021039
3.2181	-0.12605	0.020547
3.2181	-0.07563	0.019958
3.2181	-0.02521	0.023827
3.2181	0.02521	0.023235
3.2181	0.07563	0.035419
3.2181	0.12605	0.034941
3.2181	0.17647	0.034334
3.2181	0.22689	0.080503
3.2181	0.27731	0.082336
3.2181	0.32773	0.45256
3.2181	0.37815	0.48431
3.2181	0.42857	0.4976
3.2181	0.47899	0.13731
3.2181	0.52941	0.10551
3.2181	0.57983	0.034528
3.2181	0.63025	0.028824
3.2181	0.68067	0.024056
3.2181	0.73109	0.015791
3.2181	0.78151	0.014747
3.2181	0.83193	0.013747
3.2181	0.88235	0.012374
3.2181	0.93277	0.011099
3.2181	0.98319	0.014075
3.2181	1.0336	0.012946
3.2181	1.084	0.021654
3.2181	1.1345	0.020592
3.2181	1.1849	0.019535
3.2181	1.2353	0.055834
3.2181	1.2857	0.058544
3.2181	1.3361	0.44438
3.2181	1.3866	0.32361
3.2181	1.437	0.032568
3.2181	1.4874	0.020113
3.2181	1.5378	0.01244
3.2181	1.5882	0.0038276
3.2181	1.6387	0.0024689
3.2181	1.6891	0.0010394
3.2658	-2.5462	0.0010018
3.2658	-1.5378	0.0015049
3.2658	-1.4874	0.0018618
3.2658	-1.437	0.0047889
3.2658	-1.3866	0.0059415
3.2658	-1.3361	0.0072688
3.2658	-1.2857	0.038398
3.2658	-1.2353	0.047169
3.2658	-1.1849	0.037414
3.2658	-1.1345	0.036869
3.2658	-1.084	0.036043
3.2658	-1.0336	0.01422
3.2658	-0.98319	0.014385
3.2658	-0.93277	0.010407
3.2658	-0.88235	0.010736
3.2658	-0.83193	0.011006
3.2658	-0.78151	0.012352
3.2658	-0.73109	0.012917
3.2658	-0.68067	0.022557
3.2658	-0.63025	0.024344
3.2658	-0.57983	0.026179
3.2658	-0.52941	0.096563
3.2658	-0.47899	0.10322
3.2658	-0.42857	0.2733
3.2658	-0.37815	0.24715
3.2658	-0.32773	0.21972
3.2658	-0.27731	0.055571
3.2658	-0.22689	0.051065
3.2658	-0.17647	0.026845
3.2658	-0.12605	0.025338
3.2658	-0.07563	0.023797
3.2658	-0.02521	0.018699
3.2658	0.02521	0.0177
3.2658	0.07563	0.01769
3.2658	0.12605	0.016802
3.2658	0.17647	0.020889
3.2658	0.22689	0.019954
3.2658	0.27731	0.018962
3.2658	0.32773	0.031854
3.2658	0.37815	0.030851
3.2658	0.42857	0.088515
3.2658	0.47899	0.090996
3.2658	0.52941	0.093791
3.2658	0.57983	0.35857
3.2658	0.63025	0.27899
3.2658	0.68067	0.049006
3.2658	0.73109	0.038174
3.2658	0.78151	0.029789
3.2658	0.83193	0.013907
3.2658	0.88235	0.011546
3.2658	0.93277	0.0089663
3.2658	0.98319	0.0077175
3.2658	1.0336	0.0066126
3.2658	1.084	0.0073255
3.2658	1.1345	0.0064254
3.2658	1.1849	0.0092924
3.2658	1.2353	0.0083447
3.2658	1.2857	0.0074443
3.2658	1.3361	0.016
3.2658	1.3866	0.015076
3.2658	1.437	0.080047
3.2658	1.4874	0.090712
3.2658	1.5378	0.095516
3.2658	1.5882	0.025959
3.2658	1.6387	0.013764
3.2658	1.6891	0.0027822
3.2658	1.7395	0.0016156
3.3135	-1.7899	0.0011288
3.3135	-1.7395	0.0017236
3.3135	-1.6891	0.0019678
3.3135	-1.6387	0.0023523
3.3135	-1.5882	0.0027203
3.3135	-1.5378	0.0014024
3.3135	-1.4874	0.0016219
3.3135	-1.437	0.0016485
3.3135	-1.3866	0.0019077
3.3135	-1.3361	0.0021745
3.3135	-1.2857	0.0036826
3.3135	-1.2353	0.0042197
3.3135	-1.1849	0.012394
3.3135	-1.1345	0.014503
3.3135	-1.084	0.075791
3.3135	-1.0336	0.083935
3.3135	-0.98319	0.090105
3.3135	-0.93277	0.032362
3.3135	-0.88235	0.030861
3.3135	-0.83193	0.014321
3.3135	-0.78151	0.014124
3.3135	-0.73109	0.013846
3.3135	-0.68067	0.011438
3.3135	-0.63025	0.011454
3.3135	-0.57983	0.014338
3.3135	-0.52941	0.014703
3.3135	-0.47899	0.015007
3.3135	-0.42857	0.031892
3.3135	-0.37815	0.033833
3.3135	-0.32773	0.15997
3.3135	-0.27731	0.17847
3.3135	-0.22689	0.19668
3.3135	-0.17647	0.13546
3.3135	-0.12605	0.11673
3.3135	-0.07563	0.037046
3.3135	-0.02521	0.033509
3.3135	0.02521	0.030175
3.3135	0.07563	0.018313
3.3135	0.12605	0.016775
3.3135	0.17647	0.013944
3.3135	0.22689	0.012846
3.3135	0.27731	0.012301
3.3135	0.32773	0.012896
3.3135	0.37815	0.011889
3.3135	0.42857	0.01577
3.3135	0.47899	0.014674
3.3135	0.52941	0.013581
3.3135	0.57983	0.026333
3.3135	0.63025	0.025145
3.3135	0.68067	0.10434
3.3135	0.73109	0.10826
3.3135	0.78151	0.10681
3.3135	0.83193	0.075733
3.3135	0.88235	0.053665
3.3135	0.93277	0.014203
3.3135	0.98319	0.01108
3.3135	1.0336	0.0064923
3.3135	1.084	0.0053155
3.3135	1.1345	0.0043288
3.3135	1.1849	0.0040193
3.3135	1.2353	0.0033567
3.3135	1.2857	0.0041523
3.3135	1.3361	0.0035283
3.3135	1.3866	0.0029669
3.3135	1.437	0.0050462
3.3135	1.4874	0.0043525
3.3135	1.5378	0.012685
3.3135	1.5882	0.012049
3.3135	1.6387	0.011502
3.3135	1.6891	0.02956
3.3135	1.7395	0.013087
3.3135	1.7899	0.0013979
3.3611	-1.5882	0.004528
3.3611	-1.5378	0.0057483
3.3611	-1.4874	0.0070271
3.3611	-1.437	0.0037754
3.3611	-1.3866	0.0039915
3.3611	-1.3361	0.002366
3.3611	-1.2857	0.002555
3.3611	-1.2353	0.0027262
3.3611	-1.1849	0.0031038
3.3611	-1.1345	0.0033474
3.3611	-1.084	0.006226
3.3611	-1.0336	0.0068009
3.3611	-0.98319	0.0073589
3.3611	-0.93277	0.024878
3.3611	-0.88235	0.027878
3.3611	-0.83193	0.092725
3.3611	-0.78151	0.088635
3.3611	-0.73109	0.082868
3.3611	-0.68067	0.02421
3.3611	-0.63025	0.022487
3.3611	-0.57983	0.012593
3.3611	-0.52941	0.012058
3.3611	-0.47899	0.011126
3.3611	-0.42857	0.010898
3.3611	-0.37815	0.010615
3.3611	-0.32773	0.01551
3.3611	-0.27731	0.015529
3.3611	-0.22689	0.039576
3.3611	-0.17647	0.041407
3.3611	-0.12605	0.043161
3.3611	-0.07563	0.23315
3.3611	-0.02521	0.23278
3.3611	0.02521	0.073445
3.3611	0.07563	0.062578
3.3611	0.12605	0.053139
3.3611	0.17647	0.021373
3.3611	0.22689	0.018837
3.3611	0.27731	0.012415
3.3611	0.32773	0.01108
3.3611	0.37815	0.0098173
3.3611	0.42857	0.0086586
3.3611	0.47899	0.0077074
3.3611	0.52941	0.0085012
3.3611	0.57983	0.0076073
3.3611	0.63025	0.0067585
3.3611	0.68067	0.0099194
3.3611	0.73109	0.0089531
3.3611	0.78151	0.021077
3.3611	0.83193	0.019981
3.3611	0.88235	0.018929
3.3611	0.93277	0.099635
3.3611	0.98319	0.083979
3.3611	1.0336	0.019299
3.3611	1.084	0.013765
3.3611	1.1345	0.0098174
3.3611	1.1849	0.0039835
3.3611	1.2353	0.0030466
3.3611	1.2857	0.0022427
3.3611	1.3361	0.0017696
3.3611	1.3866	0.0018465
3.3611	1.437	0.0014775
3.3611	1.4874	0.0011648
3.3611	1.5378	0.0016318
3.3611	1.5882	0.0012935
3.3611	1.6387	0.0025928
3.3611	1.6891	0.0021107
3.3611	1.7395	0.001678
3.3611	1.7899	0.0095784
3.3611	1.8403	0.007624
3.4088	-1.4874	0.0017995
3.4088	-1.437	0.0022051
3.4088	-1.3866	0.0026547
3.4088	-1.3361	0.010375
3.4088	-1.2857	0.011068
3.4088	-1.2353	0.004377
3.4088	-1.1849	0.0044152
3.4088	-1.1345	0.0044085
3.4088	-1.084	0.0030985
3.4088	-1.0336	0.003166
3.4088	-0.98319	0.0039431
3.4088	-0.93277	0.0040805
3.4088	-0.88235	0.0041804
3.4088	-0.83193	0.0088229
3.4088	-0.78151	0.0092048
3.4088	-0.73109	0.038786
3.4088	-0.68067	0.041714
3.4088	-0.63025	0.044364
3.4088	-0.57983	0.057472
3.4088	-0.52941	0.050354
3.4088	-0.47899	0.016622
3.4088	-0.42857	0.015046
3.4088	-0.37815	0.013532
3.4088	-0.32773	0.0091979
3.4088	-0.27731	0.0085085
3.4088	-0.22689	0.0092463
3.4088	-0.17647	0.0090101
3.4088	-0.12605	0.0085133
3.4088	-0.07563	0.014808
3.4088	-0.02521	0.014425
3.4088	0.02521	0.047702
3.4088	0.07563	0.048866
3.4088	0.12605	0.18547
3.4088	0.17647	0.16015
3.4088	0.22689	0.13431
3.4088	0.27731	0.031735
3.4088	0.32773	0.026453
3.4088	0.37815	0.012397
3.4088	0.42857	0.010627
3.4088	0.47899	0.0090357
3.4088	0.52941	0.006519
3.4088	0.57983	0.0055924
3.4088	0.63025	0.0051866
3.4088	0.68067	0.0044691
3.4088	0.73109	0.0038159
3.4088	0.78151	0.0045265
3.4088	0.83193	0.0038956
3.4088	0.88235	0.006352
3.4088	0.93277	0.005595
3.4088	0.98319	0.0048958
3.4088	1.0336	0.016052
3.4088	1.084	0.015172
3.4088	1.1345	0.031953
3.4088	1.1849	0.020987
3.4088	1.2353	0.013484
3.4088	1.2857	0.0029464
3.4088	1.3361	0.0020625
3.4088	1.3866	0.0011136
3.4565	-1.6891	0.0010057
3.4565	-1.6387	0.0012226
3.4565	-1.3361	0.0010847
3.4565	-1.2857	0.0011947
3.4565	-1.2353	0.0042137
3.4565	-1.1849	0.0047706
3.4565	-1.1345	0.011439
3.4565	-1.084	0.011056
3.4565	-1.0336	0.010487
3.4565	-0.98319	0.0041327
3.4565	-0.93277	0.0039632
3.4565	-0.88235	0.0031728
3.4565	-0.83193	0.0031081
3.4565	-0.78151	0.003011
3.4565	-0.73109	0.0042276
3.4565	-0.68067	0.0041541
3.4565	-0.63025	0.0098905
3.4565	-0.57983	0.0099382
3.4565	-0.52941	0.0098851
3.4565	-0.47899	0.04917
3.4565	-0.42857	0.04919
3.4565	-0.37815	0.03207
3.4565	-0.32773	0.027133
3.4565	-0.27731	0.022764
3.4565	-0.22689	0.0094357
3.4565	-0.17647	0.0082367
3.4565	-0.12605	0.006448
3.4565	-0.07563	0.0057853
3.4565	-0.02521	0.0051443
3.4565	0.02521	0.0065908
3.4565	0.07563	0.0060133
3.4565	0.12605	0.012481
3.4565	0.17647	0.011771
3.4565	0.22689	0.011004
3.4565	0.27731	0.050309
3.4565	0.32773	0.049388
3.4565	0.37815	0.061569
3.4565	0.42857	0.047643
3.4565	0.47899	0.036434
3.4565	0.52941	0.01069
3.4565	0.57983	0.0095625
3.4565	0.63025	0.0052606
3.4565	0.68067	0.0043038
3.4565	0.73109	0.003334
3.4565	0.78151	0.0027471
3.4565	0.83193	0.0022368
3.4565	0.88235	0.0022362
3.4565	0.93277	0.00183
3.4565	0.98319	0.0023485
3.4565	1.0336	0.0019434
3.4565	1.084	0.0015896
3.4565	1.1345	0.0031423
3.4565	1.1849	0.0026681
3.4565	1.2353	0.012428
3.4565	1.2857	0.011269
3.4565	1.3361	0.0098352
3.4565	1.3866	0.0033483
3.4565	1.437	0.0020686
3.5042	-1.4874	0.0016696
3.5042	-1.437	0.0017154
3.5042	-1.1345	0.001478
3.5042	-1.084	0.001515
3.5042	-1.0336	0.0015266
3.5042	-0.98319	0.0068521
3.5042	-0.93277	0.0070586
3.5042	-0.88235	0.0076626
3.5042	-0.83193	0.0067657
3.5042	-0.78151	0.0058785
3.5042	-0.73109	0.0028492
3.5042	-0.68067	0.0025524
3.5042	-0.63025	0.0025458
3.5042	-0.57983	0.0023432
3.5042	-0.52941	0.003674
3.5042	-0.47899	0.0034366
3.5042	-0.42857	0.0031675
3.5042	-0.37815	0.0090972
3.5042	-0.32773	0.0086285
3.5042	-0.27731	0.042974
3.5042	-0.22689	0.038919
3.5042	-0.17647	0.034175
3.5042	-0.12605	0.01271
3.5042	-0.07563	0.010241
3.5042	-0.02521	0.0051757
3.5042	0.02521	0.0043355
3.5042	0.07563	0.0035836
3.5042	0.12605	0.0033978
3.5042	0.17647	0.0028871
3.5042	0.22689	0.0042969
3.5042	0.27731	0.0037505
3.5042	0.32773	0.0032266
3.5042	0.37815	0.0084508
3.5042	0.42857	0.0075507
3.5042	0.47899	0.042493
3.5042	0.52941	0.03862
3.5042	0.57983	0.034
3.5042	0.63025	0.015187
3.5042	0.68067	0.011051
3.5042	0.73109	0.0040423
3.5042	0.78151	0.0030632
3.5042	0.83193	0.0022815
3.5042	0.88235	0.0014866
3.5042	0.93277	0.0011236
3.5042	1.3361	0.0015424
3.5042	1.3866	0.0012555
3.5042	1.437	0.0010072
3.5042	1.4874	0.0041678
3.5042	1.5378	0.0025717
3.5518	-1.2857	0.0015256
3.5518	-1.2353	0.0013749
3.5518	-1.1849	0.0011967
3.5518	-0.88235	0.0013882
3.5518	-0.83193	0.0012822
3.5518	-0.78151	0.0066509
3.5518	-0.73109	0.0061319
3.5518	-0.68067	0.0054384
3.5518	-0.63025	0.0034474
3.5518	-0.57983	0.0027543
3.5518	-0.52941	0.0016494
3.5518	-0.47899	0.0013635
3.5518	-0.42857	0.0010942
3.5518	-0.37815	0.0012955
3.5518	-0.32773	0.0010639
3.5518	-0.27731	0.0020675
3.5518	-0.22689	0.001738
3.5518	-0.17647	0.0014164
3.5518	-0.12605	0.0055014
3.5518	-0.07563	0.0046655
3.5518	-0.02521	0.016612
3.5518	0.02521	0.012441
3.5518	0.07563	0.0042769
3.5518	0.12605	0.0037031
3.5518	0.17647	0.0027228
3.5518	0.22689	0.0018296
3.5518	0.27731	0.0013996
3.5518	0.32773	0.0016048
3.5518	0.37815	0.0012649
3.5518	0.47899	0.0018412
3.5518	0.52941	0.0014559
3.5518	0.57983	0.0048729
3.5518	0.63025	0.0040317
3.5518	0.68067	0.0032385
3.5518	0.73109	0.017947
3.5518	0.78151	0.013036
3.5518	0.83193	0.003827
3.5518	0.88235	0.0025637
3.5518	0.93277	0.0016624
3.5995	-0.52941	0.0027693
3.5995	-0.47899	0.0018982
3.5995	-0.42857	0.001127
3.5995	0.07563	0.0022138
3.5995	0.12605	0.0015084
3.5995	0.22689	0.002365
3.5995	0.27731	0.0012754
3.5995	0.83193	0.001024
3.5995	0.93277	0.0033088
3.5995	0.98319	0.0017501
3.6949	-0.68067	0.0015472
3.6949	-0.63025	0.0023431
3.6949	-0.47899	0.0010914
3.6949	-0.17647	0.0017014
3.6949	-0.12605	0.0026197
3.6949	-0.07563	0.0020459
3.6949	-0.02521	0.0028648
3.6949	0.02521	0.0037429
3.6949	0.52941	0.0019004
3.6949	0.57983	0.002836
3.6949	0.63025	0.0038717
3.6949	0.73109	0.0010022
3.6949	1.2857	0.0010879
3.6949	1.3361	0.0014142
3.6949	1.3866	0.0016748
3.7426	-1.1345	0.0010402
3.7426	-1.084	0.0010056
3.7426	-1.0336	0.001378
3.7426	-0.98319	0.0013708
3.7426	-0.93277	0.0018571
3.7426	-0.88235	0.0024491
3.7426	-0.83193	0.0017101
3.7426	-0.78151	0.0019474
3.7426	-0.68067	0.0012662
3.7426	-0.63025	0.0016395
3.7426	-0.57983	0.0023704
3.7426	-0.52941	0.0031571
3.7426	-0.47899	0.005789
3.7426	-0.42857	0.0072221
3.7426	-0.37815	0.0087457
3.7426	-0.32773	0.0022756
3.7426	-0.27731	0.0027404
3.7426	-0.22689	0.0013499
3.7426	-0.17647	0.0016823
3.7426	-0.12605	0.0020473
3.7426	-0.07563	0.0022606
3.7426	-0.02521	0.0028461
3.7426	0.02521	0.0070089
3.7426	0.07563	0.0090489
3.7426	0.12605	0.011363
3.7426	0.17647	0.0063929
3.7426	0.22689	0.0071873
3.7426	0.27731	0.0018538
3.7426	0.32773	0.0021374
3.7426	0.37815	0.0024068
3.7426	0.42857	0.0012473
3.7426	0.47899	0.0014289
3.7426	0.52941	0.0012337
3.7426	0.57983	0.0014386
3.7426	0.63025	0.001639
3.7426	0.68067	0.0027604
3.7426	0.73109	0.0032411
3.7426	0.78151	0.0071858
3.7426	0.83193	0.0077543
3.7426	0.88235	0.0014782
3.7426	0.93277	0.0015309
3.7426	0.98319	0.0015476
3.7426	1.5378	0.001744
3.7426	1.5882	0.0015383
3.7902	-1.2857	0.001195
3.7902	-1.2353	0.0011653
3.7902	-1.1849	0.001537
3.7902	-1.1345	0.0019891
3.7902	-1.084	0.001905
3.7902	-1.0336	0.0024349
3.7902	-0.98319	0.0023755
3.7902	-0.93277	0.0030099
3.7902	-0.88235	0.0037522
3.7902	-0.83193	0.0038655
3.7902	-0.78151	0.004779
3.7902	-0.73109	0.0049279
3.7902	-0.68067	0.0059999
3.7902	-0.63025	0.0071934
3.7902	-0.57983	0.0049414
3.7902	-0.52941	0.0058038
3.7902	-0.47899	0.0034491
3.7902	-0.42857	0.0041113
3.7902	-0.37815	0.0072443
3.7902	-0.32773	0.0088271
3.7902	-0.27731	0.010598
3.7902	-0.22689	0.014252
3.7902	-0.17647	0.015726
3.7902	-0.12605	0.0045084
3.7902	-0.07563	0.0050218
3.7902	-0.02521	0.0052749
3.7902	0.02521	0.003297
3.7902	0.07563	0.0037478
3.7902	0.12605	0.0050265
3.7902	0.17647	0.0058786
3.7902	0.22689	0.0067805
3.7902	0.27731	0.019528
3.7902	0.32773	0.022426
3.7902	0.37815	0.009028
3.7902	0.42857	0.0094231
3.7902	0.47899	0.0096997
3.7902	0.52941	0.0030654
3.7902	0.57983	0.0032188
3.7902	0.63025	0.0019007
3.7902	0.68067	0.0020206
3.7902	0.73109	0.0021171
3.7902	0.78151	0.002165
3.7902	0.83193	0.0023011
3.7902	0.88235	0.0046685
3.7902	0.93277	0.005101
3.7902	0.98319	0.0054917
3.7902	1.0336	0.0076385
3.7902	1.084	0.0071317
3.7902	1.1345	0.0014166
3.7902	1.1849	0.0013272
3.7902	1.2353	0.0012229
3.8379	-1.437	0.0011008
3.8379	-1.3866	0.0012428
3.8379	-1.3361	0.0016361
3.8379	-1.2857	0.0021149
3.8379	-1.2353	0.0019955
3.8379	-1.1849	0.0025441
3.8379	-1.1345	0.0025867
3.8379	-1.084	0.0032373
3.8379	-1.0336	0.0039937
3.8379	-0.98319	0.0039076
3.8379	-0.93277	0.0047563
3.8379	-0.88235	0.0046275
3.8379	-0.83193	0.005577
3.8379	-0.78151	0.0066401
3.8379	-0.73109	0.0066754
3.8379	-0.68067	0.0078885
3.8379	-0.63025	0.0082882
3.8379	-0.57983	0.0097093
3.8379	-0.52941	0.011246
3.8379	-0.47899	0.011432
3.8379	-0.42857	0.013024
3.8379	-0.37815	0.0087121
3.8379	-0.32773	0.0097535
3.8379	-0.27731	0.01081
3.8379	-0.22689	0.007318
3.8379	-0.17647	0.0082255
3.8379	-0.12605	0.016949
3.8379	-0.07563	0.019351
3.8379	-0.02521	0.021849
3.8379	0.02521	0.020381
3.8379	0.07563	0.021144
3.8379	0.12605	0.0068875
3.8379	0.17647	0.0072699
3.8379	0.22689	0.0053339
3.8379	0.27731	0.0057598
3.8379	0.32773	0.00616
3.8379	0.37815	0.010163
3.8379	0.42857	0.011135
3.8379	0.47899	0.031327
3.8379	0.52941	0.033083
3.8379	0.57983	0.034331
3.8379	0.63025	0.0097538
3.8379	0.68067	0.0095312
3.8379	0.73109	0.0034424
3.8379	0.78151	0.0034362
3.8379	0.83193	0.0033913
3.8379	0.88235	0.0022491
3.8379	0.93277	0.0022392
3.8379	0.98319	0.0025483
3.8379	1.0336	0.0025713
3.8379	1.084	0.0025635
3.8379	1.1345	0.0062909
3.8379	1.1849	0.0063941
3.8379	1.2353	0.0051349
3.8379	1.2857	0.0044354
3.8379	1.3361	0.0037645
3.8856	-1.4874	0.0010691
3.8856	-1.437	0.0014227
3.8856	-1.3866	0.0016633
3.8856	-1.3361	0.0021469
3.8856	-1.2857	0.0027255
3.8856	-1.2353	0.0030691
3.8856	-1.1849	0.0038115
3.8856	-1.1345	0.0041569
3.8856	-1.084	0.0050657
3.8856	-1.0336	0.0053037
3.8856	-0.98319	0.0063565
3.8856	-0.93277	0.0075322
3.8856	-0.88235	0.0075395
3.8856	-0.83193	0.0088145
3.8856	-0.78151	0.0086117
3.8856	-0.73109	0.0099608
3.8856	-0.68067	0.01141
3.8856	-0.63025	0.011227
3.8856	-0.57983	0.012759
3.8856	-0.52941	0.013006
3.8856	-0.47899	0.013832
3.8856	-0.42857	0.01554
3.8856	-0.37815	0.016423
3.8856	-0.32773	0.018279
3.8856	-0.27731	0.018085
3.8856	-0.22689	0.019791
3.8856	-0.17647	0.021463
3.8856	-0.12605	0.01392
3.8856	-0.07563	0.014886
3.8856	-0.02521	0.011044
3.8856	0.02521	0.011974
3.8856	0.07563	0.012878
3.8856	0.12605	0.029518
3.8856	0.17647	0.031973
3.8856	0.22689	0.02234
3.8856	0.27731	0.022375
3.8856	0.32773	0.022237
3.8856	0.37815	0.0082859
3.8856	0.42857	0.0083925
3.8856	0.47899	0.0071379
3.8856	0.52941	0.0073693
3.8856	0.57983	0.0075452
3.8856	0.63025	0.014572
3.8856	0.68067	0.015231
3.8856	0.73109	0.034682
3.8856	0.78151	0.033697
3.8856	0.83193	0.0083713
3.8856	0.88235	0.0078606
3.8856	0.93277	0.007309
3.8856	0.98319	0.0029705
3.8856	1.0336	0.0027909
3.8856	1.084	0.0020111
3.8856	1.1345	0.0018997
3.8856	1.1849	0.0017729
3.8856	1.2353	0.0023069
3.8856	1.2857	0.0021762
3.8856	1.3361	0.0059378
3.8856	1.3866	0.005562
3.8856	1.437	0.0050864
3.8856	1.4874	0.0020647
3.8856	1.5378	0.0016242
3.9333	-1.4874	0.0013115
3.9333	-1.437	0.0017243
3.9333	-1.3866	0.0020423
3.9333	-1.3361	0.0026006
3.9333	-1.2857	0.0029971
3.9333	-1.2353	0.0037228
3.9333	-1.1849	0.0045619
3.9333	-1.1345	0.0051148
3.9333	-1.084	0.0061511
3.9333	-1.0336	0.0067598
3.9333	-0.98319	0.0079966
3.9333	-0.93277	0.0093619
3.9333	-0.88235	0.0099555
3.9333	-0.83193	0.011488
3.9333	-0.78151	0.011778
3.9333	-0.73109	0.013413
3.9333	-0.68067	0.01514
3.9333	-0.63025	0.014952
3.9333	-0.57983	0.016692
3.9333	-0.52941	0.016252
3.9333	-0.47899	0.017982
3.9333	-0.42857	0.017769
3.9333	-0.37815	0.01952
3.9333	-0.32773	0.021279
3.9333	-0.27731	0.021846
3.9333	-0.22689	0.02365
3.9333	-0.17647	0.024837
3.9333	-0.12605	0.026617
3.9333	-0.07563	0.028303
3.9333	-0.02521	0.026674
3.9333	0.02521	0.027876
3.9333	0.07563	0.017695
3.9333	0.12605	0.018279
3.9333	0.17647	0.018748
3.9333	0.22689	0.015632
3.9333	0.27731	0.015953
3.9333	0.32773	0.038288
3.9333	0.37815	0.039869
3.9333	0.42857	0.04111
3.9333	0.47899	0.020884
3.9333	0.52941	0.020163
3.9333	0.57983	0.0083341
3.9333	0.63025	0.0081916
3.9333	0.68067	0.0079918
3.9333	0.73109	0.0077098
3.9333	0.78151	0.0076393
3.9333	0.83193	0.016472
3.9333	0.88235	0.0166
3.9333	0.93277	0.016572
3.9333	0.98319	0.025872
3.9333	1.0336	0.023376
3.9333	1.084	0.0055324
3.9333	1.1345	0.0049375
3.9333	1.1849	0.0043578
3.9333	1.2353	0.0019401
3.9333	1.2857	0.0017178
3.9333	1.3361	0.0013338
3.9333	1.3866	0.0011792
3.9333	1.437	0.0016773
3.9333	1.4874	0.0014882
3.9333	1.5378	0.0012949
3.9333	1.5882	0.0032516
3.9333	1.6387	0.0025987
3.9809	-1.5882	0.0010439
3.9809	-1.5378	0.0013265
3.9809	-1.4874	0.0017493
3.9809	-1.437	0.0021177
3.9809	-1.3866	0.0026947
3.9809	-1.3361	0.003373
3.9809	-1.2857	0.0039016
3.9809	-1.2353	0.0047645
3.9809	-1.1849	0.0053917
3.9809	-1.1345	0.0064529
3.9809	-1.084	0.0076374
3.9809	-1.0336	0.0084592
3.9809	-0.98319	0.009141
3.9809	-0.93277	0.010023
3.9809	-0.88235	0.011564
3.9809	-0.83193	0.01322
3.9809	-0.78151	0.014186
3.9809	-0.73109	0.016008
3.9809	-0.68067	0.016724
3.9809	-0.63025	0.018638
3.9809	-0.57983	0.020606
3.9809	-0.52941	0.020723
3.9809	-0.47899	0.022653
3.9809	-0.42857	0.022142
3.9809	-0.37815	0.023965
3.9809	-0.32773	0.025752
3.9809	-0.27731	0.024966
3.9809	-0.22689	0.026615
3.9809	-0.17647	0.026365
3.9809	-0.12605	0.027918
3.9809	-0.07563	0.02936
3.9809	-0.02521	0.030164
3.9809	0.02521	0.031491
3.9809	0.07563	0.032527
3.9809	0.12605	0.033575
3.9809	0.17647	0.030398
3.9809	0.22689	0.030829
3.9809	0.27731	0.031039
3.9809	0.32773	0.019388
3.9809	0.37815	0.019336
3.9809	0.42857	0.017492
3.9809	0.47899	0.017677
3.9809	0.52941	0.01774
3.9809	0.57983	0.04234
3.9809	0.63025	0.041749
3.9809	0.68067	0.016878
3.9809	0.73109	0.01579
3.9809	0.78151	0.014666
3.9809	0.83193	0.0069042
3.9809	0.88235	0.0065057
3.9809	0.93277	0.0069252
3.9809	0.98319	0.0066032
3.9809	1.0336	0.0064258
3.9809	1.084	0.015531
3.9809	1.1345	0.014878
3.9809	1.1849	0.015889
3.9809	1.2353	0.013593
3.9809	1.2857	0.011464
3.9809	1.3361	0.0027846
3.9809	1.3866	0.0023338
3.9809	1.437	0.0010933
4.0286	-1.5882	0.0011319
4.0286	-1.5378	0.0014714
4.0286	-1.4874	0.0019307
4.0286	-1.437	0.002382
4.0286	-1.3866	0.0030121
4.0286	-1.3361	0.0037467
4.0286	-1.2857	0.0043928
4.0286	-1.2353	0.0053262
4.0286	-1.1849	0.006078
4.0286	-1.1345	0.0072166
4.0286	-1.084	0.0080692
4.0286	-1.0336	0.0094129
4.0286	-0.98319	0.010874
4.0286	-0.93277	0.011918
4.0286	-0.88235	0.013571
4.0286	-0.83193	0.014733
4.0286	-0.78151	0.01656
4.0286	-0.73109	0.018466
4.0286	-0.68067	0.019766
4.0286	-0.63025	0.021784
4.0286	-0.57983	0.022939
4.0286	-0.52941	0.024994
4.0286	-0.47899	0.02704
4.0286	-0.42857	0.027612
4.0286	-0.37815	0.029544
4.0286	-0.32773	0.029222
4.0286	-0.27731	0.030943
4.0286	-0.22689	0.031761
4.0286	-0.17647	0.030658
4.0286	-0.12605	0.032061
4.0286	-0.07563	0.030956
4.0286	-0.02521	0.032128
4.0286	0.02521	0.033129
4.0286	0.07563	0.032804
4.0286	0.12605	0.033596
4.0286	0.17647	0.03439
4.0286	0.22689	0.03494
4.0286	0.27731	0.035262
4.0286	0.32773	0.035496
4.0286	0.37815	0.035363
4.0286	0.42857	0.030341
4.0286	0.47899	0.029683
4.0286	0.52941	0.02883
4.0286	0.57983	0.017856
4.0286	0.63025	0.017203
4.0286	0.68067	0.017195
4.0286	0.73109	0.016778
4.0286	0.78151	0.037637
4.0286	0.83193	0.035605
4.0286	0.88235	0.033323
4.0286	0.93277	0.011236
4.0286	0.98319	0.01012
4.0286	1.0336	0.0051748
4.0286	1.084	0.0047093
4.0286	1.1345	0.0042444
4.0286	1.1849	0.0049596
4.0286	1.2353	0.0044969
4.0286	1.2857	0.011619
4.0286	1.3361	0.010488
4.0286	1.3866	0.0093118
4.0286	1.437	0.0055897
4.0286	1.4874	0.0043742
4.0286	1.5378	0.0010977
4.0286	2.6471	0.0010088
4.0286	2.6975	0.0010495
4.0286	2.7479	0.0010311
4.0763	-1.5882	0.0013423
4.0763	-1.5378	0.0017768
4.0763	-1.4874	0.0022986
4.0763	-1.437	0.0025522
4.0763	-1.3866	0.0032129
4.0763	-1.3361	0.0038831
4.0763	-1.2857	0.0047473
4.0763	-1.2353	0.0057259
4.0763	-1.1849	0.0066295
4.0763	-1.1345	0.0078255
4.0763	-1.084	0.0088386
4.0763	-1.0336	0.010244
4.0763	-0.98319	0.01176
4.0763	-0.93277	0.012942
4.0763	-0.88235	0.014636
4.0763	-0.83193	0.015886
4.0763	-0.78151	0.017729
4.0763	-0.73109	0.019632
4.0763	-0.68067	0.02102
4.0763	-0.63025	0.023008
4.0763	-0.57983	0.02447
4.0763	-0.52941	0.026495
4.0763	-0.47899	0.027923
4.0763	-0.42857	0.029915
4.0763	-0.37815	0.031836
4.0763	-0.32773	0.032858
4.0763	-0.27731	0.034602
4.0763	-0.22689	0.034761
4.0763	-0.17647	0.036223
4.0763	-0.12605	0.037507
4.0763	-0.07563	0.036432
4.0763	-0.02521	0.037351
4.0763	0.02521	0.035648
4.0763	0.07563	0.036228
4.0763	0.12605	0.036588
4.0763	0.17647	0.035087
4.0763	0.22689	0.035167
4.0763	0.27731	0.034714
4.0763	0.32773	0.034538
4.0763	0.37815	0.034142
4.0763	0.42857	0.034544
4.0763	0.47899	0.033825
4.0763	0.52941	0.033008
4.0763	0.57983	0.032451
4.0763	0.63025	0.031193
4.0763	0.68067	0.025285
4.0763	0.73109	0.023844
4.0763	0.78151	0.014737
4.0763	0.83193	0.013792
4.0763	0.88235	0.01281
4.0763	0.93277	0.01412
4.0763	0.98319	0.013263
4.0763	1.0336	0.025556
4.0763	1.084	0.022857
4.0763	1.1345	0.020196
4.0763	1.1849	0.0060918
4.0763	1.2353	0.0052336
4.0763	1.2857	0.0029135
4.0763	1.3361	0.0025088
4.0763	1.3866	0.0031089
4.0763	1.437	0.0026703
4.0763	1.4874	0.0022544
4.0763	1.5378	0.0057839
4.0763	1.5882	0.0046979
4.0763	1.6387	0.0018199
4.0763	1.6891	0.0012776
4.124	-1.5882	0.0013505
4.124	-1.5378	0.0017849
4.124	-1.4874	0.0023126
4.124	-1.437	0.0029286
4.124	-1.3866	0.0036436
4.124	-1.3361	0.0044548
4.124	-1.2857	0.005387
4.124	-1.2353	0.0063778
4.124	-1.1849	0.0075368
4.124	-1.1345	0.0088082
4.124	-1.084	0.010061
4.124	-1.0336	0.011549
4.124	-0.98319	0.0129
4.124	-0.93277	0.014574
4.124	-0.88235	0.016329
4.124	-0.83193	0.017794
4.124	-0.78151	0.01967
4.124	-0.73109	0.021129
4.124	-0.68067	0.022099
4.124	-0.63025	0.024047
4.124	-0.57983	0.025512
4.124	-0.52941	0.027455
4.124	-0.47899	0.028937
4.124	-0.42857	0.03082
4.124	-0.37815	0.032616
4.124	-0.32773	0.03406
4.124	-0.27731	0.03569
4.124	-0.22689	0.036916
4.124	-0.17647	0.0383
4.124	-0.12605	0.039493
4.124	-0.07563	0.039944
4.124	-0.02521	0.040768
4.124	0.02521	0.040113
4.124	0.07563	0.040521
4.124	0.12605	0.038782
4.124	0.17647	0.038792
4.124	0.22689	0.038565
4.124	0.27731	0.036321
4.124	0.32773	0.035787
4.124	0.37815	0.0341
4.124	0.42857	0.033329
4.124	0.47899	0.032368
4.124	0.52941	0.03172
4.124	0.57983	0.030544
4.124	0.63025	0.030468
4.124	0.68067	0.029011
4.124	0.73109	0.027423
4.124	0.78151	0.025601
4.124	0.83193	0.023773
4.124	0.88235	0.018261
4.124	0.93277	0.016612
4.124	0.98319	0.014981
4.124	1.0336	0.0092782
4.124	1.084	0.0082972
4.124	1.1345	0.0099457
4.124	1.1849	0.0089653
4.124	1.2353	0.0079954
4.124	1.2857	0.011806
4.124	1.3361	0.010779
4.124	1.3866	0.0030862
4.124	1.437	0.002516
4.124	1.4874	0.0020169
4.124	1.5378	0.0011813
4.124	1.6387	0.0011911
4.124	1.7899	0.001384
4.1716	-1.5882	0.0013143
4.1716	-1.5378	0.0017363
4.1716	-1.4874	0.0022781
4.1716	-1.437	0.0028792
4.1716	-1.3866	0.0035739
4.1716	-1.3361	0.0044295
4.1716	-1.2857	0.00534
4.1716	-1.2353	0.0064195
4.1716	-1.1849	0.0075589
4.1716	-1.1345	0.0088471
4.1716	-1.084	0.010214
4.1716	-1.0336	0.011678
4.1716	-0.98319	0.013245
4.1716	-0.93277	0.014902
4.1716	-0.88235	0.016553
4.1716	-0.83193	0.018358
4.1716	-0.78151	0.020204
4.1716	-0.73109	0.021909
4.1716	-0.68067	0.023812
4.1716	-0.63025	0.025426
4.1716	-0.57983	0.027316
4.1716	-0.52941	0.029151
4.1716	-0.47899	0.030629
4.1716	-0.42857	0.032345
4.1716	-0.37815	0.033718
4.1716	-0.32773	0.035255
4.1716	-0.27731	0.036639
4.1716	-0.22689	0.037862
4.1716	-0.17647	0.038977
4.1716	-0.12605	0.040056
4.1716	-0.07563	0.040844
4.1716	-0.02521	0.041403
4.1716	0.02521	0.041929
4.1716	0.07563	0.042037
4.1716	0.12605	0.041802
4.1716	0.17647	0.041648
4.1716	0.22689	0.041247
4.1716	0.27731	0.039705
4.1716	0.32773	0.038908
4.1716	0.37815	0.036522
4.1716	0.42857	0.035425
4.1716	0.47899	0.034147
4.1716	0.52941	0.031684
4.1716	0.57983	0.030248
4.1716	0.63025	0.028514
4.1716	0.68067	0.026971
4.1716	0.73109	0.026172
4.1716	0.78151	0.024507
4.1716	0.83193	0.022779
4.1716	0.88235	0.022125
4.1716	0.93277	0.020269
4.1716	0.98319	0.018101
4.1716	1.0336	0.016236
4.1716	1.084	0.014425
4.1716	1.1345	0.01039
4.1716	1.1849	0.0090131
4.1716	1.2353	0.0055921
4.1716	1.2857	0.0047961
4.1716	1.3361	0.0040623
4.1716	1.3866	0.0052675
4.1716	1.437	0.0044532
4.1716	1.4874	0.005053
4.1716	1.5378	0.003888
4.1716	1.5882	0.002917
4.2193	-1.6387	0.001079
4.2193	-1.5882	0.0014462
4.2193	-1.5378	0.0018865
4.2193	-1.4874	0.0024673
4.2193	-1.437	0.003085
4.2193	-1.3866	0.0038813
4.2193	-1.3361	0.0047012
4.2193	-1.2857	0.0056161
4.2193	-1.2353	0.0067781
4.2193	-1.1849	0.0079132
4.2193	-1.1345	0.0086862
4.2193	-1.084	0.0099956
4.2193	-1.0336	0.011391
4.2193	-0.98319	0.013096
4.2193	-0.93277	0.014684
4.2193	-0.88235	0.016548
4.2193	-0.83193	0.018286
4.2193	-0.78151	0.020054
4.2193	-0.73109	0.022048
4.2193	-0.68067	0.023873
4.2193	-0.63025	0.025791
4.2193	-0.57983	0.027597
4.2193	-0.52941	0.029341
4.2193	-0.47899	0.031048
4.2193	-0.42857	0.032648
4.2193	-0.37815	0.034102
4.2193	-0.32773	0.035493
4.2193	-0.27731	0.036708
4.2193	-0.22689	0.037832
4.2193	-0.17647	0.038762
4.2193	-0.12605	0.039682
4.2193	-0.07563	0.040279
4.2193	-0.02521	0.041045
4.2193	0.02521	0.041276
4.2193	0.07563	0.041269
4.2193	0.12605	0.041637
4.2193	0.17647	0.041231
4.2193	0.22689	0.041067
4.2193	0.27731	0.040254
4.2193	0.32773	0.039221
4.2193	0.37815	0.038022
4.2193	0.42857	0.03664
4.2193	0.47899	0.034523
4.2193	0.52941	0.032895
4.2193	0.57983	0.031142
4.2193	0.63025	0.028545
4.2193	0.68067	0.02672
4.2193	0.73109	0.024398
4.2193	0.78151	0.022589
4.2193	0.83193	0.020763
4.2193	0.88235	0.020115
4.2193	0.93277	0.018345
4.2193	0.98319	0.01745
4.2193	1.0336	0.015702
4.2193	1.084	0.014002
4.2193	1.1345	0.013057
4.2193	1.1849	0.011413
4.2193	1.2353	0.0094984
4.2193	1.2857	0.0080737
4.2193	1.3361	0.0067732
4.2193	1.3866	0.004525
4.2193	1.437	0.0036761
4.2193	1.4874	0.0022596
4.2193	1.5378	0.0017931
4.2193	1.5882	0.0023987
4.2193	1.6387	0.0018576
4.2193	1.6891	0.0013914
4.2193	1.7395	0.0010048
4.267	-1.6387	0.0010116
4.267	-1.5882	0.0013581
4.267	-1.5378	0.0018327
4.267	-1.4874	0.002336
4.267	-1.437	0.0029184
4.267	-1.3866	0.0036911
4.267	-1.3361	0.004463
4.267	-1.2857	0.0054749
4.267	-1.2353	0.0064513
4.267	-1.1849	0.0075137
4.267	-1.1345	0.0089104
4.267	-1.084	0.010176
4.267	-1.0336	0.011838
4.267	-0.98319	0.013291
4.267	-0.93277	0.014797
4.267	-0.88235	0.016799
4.267	-0.83193	0.018435
4.267	-0.78151	0.020583
4.267	-0.73109	0.022294
4.267	-0.68067	0.023982
4.267	-0.63025	0.02619
4.267	-0.57983	0.027842
4.267	-0.52941	0.02991
4.267	-0.47899	0.031444
4.267	-0.42857	0.032854
4.267	-0.37815	0.033934
4.267	-0.32773	0.035191
4.267	-0.27731	0.036599
4.267	-0.22689	0.037571
4.267	-0.17647	0.038347
4.267	-0.12605	0.039255
4.267	-0.07563	0.039679
4.267	-0.02521	0.040274
4.267	0.02521	0.040328
4.267	0.07563	0.040155
4.267	0.12605	0.040375
4.267	0.17647	0.039828
4.267	0.22689	0.03985
4.267	0.27731	0.038936
4.267	0.32773	0.038655
4.267	0.37815	0.037388
4.267	0.42857	0.035946
4.267	0.47899	0.034982
4.267	0.52941	0.03326
4.267	0.57983	0.031578
4.267	0.63025	0.029666
4.267	0.68067	0.027685
4.267	0.73109	0.025391
4.267	0.78151	0.023395
4.267	0.83193	0.021015
4.267	0.88235	0.019115
4.267	0.93277	0.017253
4.267	0.98319	0.015392
4.267	1.0336	0.013702
4.267	1.084	0.012442
4.267	1.1345	0.010908
4.267	1.1849	0.009467
4.267	1.2353	0.0086649
4.267	1.2857	0.0073645
4.267	1.3361	0.0064911
4.267	1.3866	0.0053566
4.267	1.437	0.0043488
4.267	1.4874	0.0032398
4.267	1.5378	0.0025135
4.267	1.5882	0.0015241
4.267	1.6387	0.0013111
4.3147	-1.6387	0.0010797
4.3147	-1.5882	0.0012476
4.3147	-1.5378	0.0017056
4.3147	-1.4874	0.0021749
4.3147	-1.437	0.0027166
4.3147	-1.3866	0.0034634
4.3147	-1.3361	0.0041829
4.3147	-1.2857	0.0051571
4.3147	-1.2353	0.006066
4.3147	-1.1849	0.0070516
4.3147	-1.1345	0.0083889
4.3147	-1.084	0.0095584
4.3147	-1.0336	0.011157
4.3147	-0.98319	0.012495
4.3147	-0.93277	0.014351
4.3147	-0.88235	0.015828
4.3147	-0.83193	0.017324
4.3147	-0.78151	0.019483
4.3147	-0.73109	0.021045
4.3147	-0.68067	0.023334
4.3147	-0.63025	0.024899
4.3147	-0.57983	0.026397
4.3147	-0.52941	0.028696
4.3147	-0.47899	0.030084
4.3147	-0.42857	0.032213
4.3147	-0.37815	0.033411
4.3147	-0.32773	0.03445
4.3147	-0.27731	0.036161
4.3147	-0.22689	0.036905
4.3147	-0.17647	0.038169
4.3147	-0.12605	0.038567
4.3147	-0.07563	0.038751
4.3147	-0.02521	0.039386
4.3147	0.02521	0.039189
4.3147	0.07563	0.03941
4.3147	0.12605	0.038841
4.3147	0.17647	0.038065
4.3147	0.22689	0.037836
4.3147	0.27731	0.036727
4.3147	0.32773	0.0363
4.3147	0.37815	0.035616
4.3147	0.42857	0.034136
4.3147	0.47899	0.033464
4.3147	0.52941	0.031741
4.3147	0.57983	0.030794
4.3147	0.63025	0.028881
4.3147	0.68067	0.026911
4.3147	0.73109	0.025478
4.3147	0.78151	0.023437
4.3147	0.83193	0.021585
4.3147	0.88235	0.019579
4.3147	0.93277	0.017506
4.3147	0.98319	0.015645
4.3147	1.0336	0.013866
4.3147	1.084	0.012067
4.3147	1.1345	0.010519
4.3147	1.1849	0.0091427
4.3147	1.2353	0.0078268
4.3147	1.2857	0.0066234
4.3147	1.3361	0.0057767
4.3147	1.3866	0.0047721
4.3147	1.437	0.0041585
4.3147	1.4874	0.003325
4.3147	1.5378	0.0026051
4.3147	1.5882	0.0020624
4.3147	1.6387	0.0015275
4.3623	-1.5882	0.0012808
4.3623	-1.5378	0.0017549
4.3623	-1.4874	0.0022158
4.3623	-1.437	0.0028852
4.3623	-1.3866	0.0035103
4.3623	-1.3361	0.0042065
4.3623	-1.2857	0.0051993
4.3623	-1.2353	0.0060717
4.3623	-1.1849	0.0072999
4.3623	-1.1345	0.0083449
4.3623	-1.084	0.0094466
4.3623	-1.0336	0.011016
4.3623	-0.98319	0.012259
4.3623	-0.93277	0.014058
4.3623	-0.88235	0.015411
4.3623	-0.83193	0.01609
4.3623	-0.78151	0.018136
4.3623	-0.73109	0.019544
4.3623	-0.68067	0.021759
4.3623	-0.63025	0.023162
4.3623	-0.57983	0.024498
4.3623	-0.52941	0.02681
4.3623	-0.47899	0.02804
4.3623	-0.42857	0.030309
4.3623	-0.37815	0.031361
4.3623	-0.32773	0.033445
4.3623	-0.27731	0.034248
4.3623	-0.22689	0.034873
4.3623	-0.17647	0.036492
4.3623	-0.12605	0.036784
4.3623	-0.07563	0.037926
4.3623	-0.02521	0.03785
4.3623	0.02521	0.037566
4.3623	0.07563	0.038017
4.3623	0.12605	0.037361
4.3623	0.17647	0.037339
4.3623	0.22689	0.036335
4.3623	0.27731	0.035161
4.3623	0.32773	0.034641
4.3623	0.37815	0.033191
4.3623	0.42857	0.032455
4.3623	0.47899	0.030783
4.3623	0.52941	0.029024
4.3623	0.57983	0.028072
4.3623	0.63025	0.026181
4.3623	0.68067	0.025113
4.3623	0.73109	0.023146
4.3623	0.78151	0.021188
4.3623	0.83193	0.019918
4.3623	0.88235	0.017983
4.3623	0.93277	0.016514
4.3623	0.98319	0.014681
4.3623	1.0336	0.01294
4.3623	1.084	0.01142
4.3623	1.1345	0.010637
4.3623	1.1849	0.0091345
4.3623	1.2353	0.0077888
4.3623	1.2857	0.0065664
4.3623	1.3361	0.0054591
4.3623	1.3866	0.0044909
4.3623	1.437	0.0037041
4.3623	1.4874	0.0029563
4.3623	1.5378	0.0024317
4.3623	1.5882	0.0018625
4.3623	1.6387	0.0013885
4.3623	1.6891	0.0010679
4.41	-1.5882	0.0012006
4.41	-1.5378	0.0015544
4.41	-1.4874	0.0019658
4.41	-1.437	0.0025921
4.41	-1.3866	0.0031551
4.41	-1.3361	0.004
4.41	-1.2857	0.0047277
4.41	-1.2353	0.0055182
4.41	-1.1849	0.0066993
4.41	-1.1345	0.0076507
4.41	-1.084	0.0090609
4.41	-1.0336	0.010157
4.41	-0.98319	0.011288
4.41	-0.93277	0.012996
4.41	-0.88235	0.014222
4.41	-0.83193	0.01611
4.41	-0.78151	0.017389
4.41	-0.73109	0.01864
4.41	-0.68067	0.020712
4.41	-0.63025	0.021932
4.41	-0.57983	0.024101
4.41	-0.52941	0.02523
4.41	-0.47899	0.026256
4.41	-0.42857	0.028413
4.41	-0.37815	0.029256
4.41	-0.32773	0.031327
4.41	-0.27731	0.031926
4.41	-0.22689	0.032358
4.41	-0.17647	0.03409
4.41	-0.12605	0.034207
4.41	-0.07563	0.035615
4.41	-0.02521	0.035477
4.41	0.02521	0.03515
4.41	0.07563	0.03595
4.41	0.12605	0.035263
4.41	0.17647	0.035541
4.41	0.22689	0.034511
4.41	0.27731	0.034302
4.41	0.32773	0.03297
4.41	0.37815	0.031513
4.41	0.42857	0.030799
4.41	0.47899	0.029133
4.41	0.52941	0.028194
4.41	0.57983	0.026386
4.41	0.63025	0.024543
4.41	0.68067	0.023445
4.41	0.73109	0.021559
4.41	0.78151	0.020427
4.41	0.83193	0.01855
4.41	0.88235	0.016726
4.41	0.93277	0.015564
4.41	0.98319	0.013829
4.41	1.0336	0.012622
4.41	1.084	0.011027
4.41	1.1345	0.0095443
4.41	1.1849	0.0083811
4.41	1.2353	0.0071034
4.41	1.2857	0.0060099
4.41	1.3361	0.0049699
4.41	1.3866	0.0040528
4.41	1.437	0.0032521
4.41	1.4874	0.0025656
4.41	1.5378	0.0019885
4.41	1.5882	0.001502
4.41	1.6387	0.0011027
4.4577	-1.5882	0.0011919
4.4577	-1.5378	0.0015283
4.4577	-1.4874	0.0019163
4.4577	-1.437	0.0025228
4.4577	-1.3866	0.0030491
4.4577	-1.3361	0.0038737
4.4577	-1.2857	0.004205
4.4577	-1.2353	0.004909
4.4577	-1.1849	0.0060198
4.4577	-1.1345	0.006873
4.4577	-1.084	0.0082199
4.4577	-1.0336	0.0092086
4.4577	-0.98319	0.01077
4.4577	-0.93277	0.011867
4.4577	-0.88235	0.012975
4.4577	-0.83193	0.014776
4.4577	-0.78151	0.015929
4.4577	-0.73109	0.01785
4.4577	-0.68067	0.018996
4.4577	-0.63025	0.020088
4.4577	-0.57983	0.022085
4.4577	-0.52941	0.023084
4.4577	-0.47899	0.025102
4.4577	-0.42857	0.025951
4.4577	-0.37815	0.026678
4.4577	-0.32773	0.028591
4.4577	-0.27731	0.029091
4.4577	-0.22689	0.030889
4.4577	-0.17647	0.031114
4.4577	-0.12605	0.031175
4.4577	-0.07563	0.032618
4.4577	-0.02521	0.03236
4.4577	0.02521	0.033467
4.4577	0.07563	0.032874
4.4577	0.12605	0.032122
4.4577	0.17647	0.032624
4.4577	0.22689	0.031555
4.4577	0.27731	0.031583
4.4577	0.32773	0.030231
4.4577	0.37815	0.028778
4.4577	0.42857	0.028232
4.4577	0.47899	0.026585
4.4577	0.52941	0.025717
4.4577	0.57983	0.023948
4.4577	0.63025	0.022166
4.4577	0.68067	0.021973
4.4577	0.73109	0.020163
4.4577	0.78151	0.019014
4.4577	0.83193	0.017233
4.4577	0.88235	0.016095
4.4577	0.93277	0.014393
4.4577	0.98319	0.012773
4.4577	1.0336	0.01171
4.4577	1.084	0.010227
4.4577	1.1345	0.0092147
4.4577	1.1849	0.0078986
4.4577	1.2353	0.0066999
4.4577	1.2857	0.0058133
4.4577	1.3361	0.0048126
4.4577	1.3866	0.0040165
4.4577	1.437	0.003227
4.4577	1.4874	0.0025483
4.4577	1.5378	0.0019856
4.4577	1.5882	0.0015006
4.4577	1.6387	0.0011002
4.5054	-1.5882	0.0010306
4.5054	-1.5378	0.0013259
4.5054	-1.4874	0.0017872
4.5054	-1.437	0.0022005
4.5054	-1.3866	0.0026636
4.5054	-1.3361	0.0033967
4.5054	-1.2857	0.0039933
4.5054	-1.2353	0.0049531
4.5054	-1.1849	0.0056868
4.5054	-1.1345	0.0064628
4.5054	-1.084	0.0077505
4.5054	-1.0336	0.0086457
4.5054	-0.98319	0.010157
4.5054	-0.93277	0.011147
4.5054	-0.88235	0.012141
4.5054	-0.83193	0.013889
4.5054	-0.78151	0.014917
4.5054	-0.73109	0.016769
4.5054	-0.68067	0.017779
4.5054	-0.63025	0.018733
4.5054	-0.57983	0.020608
4.5054	-0.52941	0.021046
4.5054	-0.47899	0.022909
4.5054	-0.42857	0.023661
4.5054	-0.37815	0.025464
4.5054	-0.32773	0.026021
4.5054	-0.27731	0.026448
4.5054	-0.22689	0.028052
4.5054	-0.17647	0.028224
4.5054	-0.12605	0.029677
4.5054	-0.07563	0.029565
4.5054	-0.02521	0.029302
4.5054	0.02521	0.030393
4.5054	0.07563	0.029828
4.5054	0.12605	0.030626
4.5054	0.17647	0.029758
4.5054	0.22689	0.028765
4.5054	0.27731	0.029034
4.5054	0.32773	0.027776
4.5054	0.37815	0.027644
4.5054	0.42857	0.026164
4.5054	0.47899	0.024627
4.5054	0.52941	0.024003
4.5054	0.57983	0.022336
4.5054	0.63025	0.021433
4.5054	0.68067	0.019709
4.5054	0.73109	0.01801
4.5054	0.78151	0.016927
4.5054	0.83193	0.015269
4.5054	0.88235	0.014161
4.5054	0.93277	0.012599
4.5054	0.98319	0.011124
4.5054	1.0336	0.010112
4.5054	1.084	0.0087857
4.5054	1.1345	0.0078727
4.5054	1.1849	0.0067143
4.5054	1.2353	0.0056666
4.5054	1.2857	0.0049257
4.5054	1.3361	0.0040574
4.5054	1.3866	0.0034221
4.5054	1.437	0.003065
4.5054	1.4874	0.0024998
4.5054	1.5378	0.001939
4.5054	1.5882	0.0014707
4.5054	1.6387	0.0011005
4.553	-1.5378	0.0011508
4.553	-1.4874	0.0015554
4.553	-1.437	0.0019201
4.553	-1.3866	0.0024899
4.553	-1.3361	0.0029717
4.553	-1.2857	0.0034991
4.553	-1.2353	0.0043425
4.553	-1.1849	0.004991
4.553	-1.1345	0.006057
4.553	-1.084	0.0068216
4.553	-1.0336	0.0076153
4.553	-0.98319	0.0089839
4.553	-0.93277	0.0098644
4.553	-0.88235	0.011438
4.553	-0.83193	0.012373
4.553	-0.78151	0.013296
4.553	-0.73109	0.015053
4.553	-0.68067	0.015964
4.553	-0.63025	0.017784
4.553	-0.57983	0.018631
4.553	-0.52941	0.019408
4.553	-0.47899	0.021163
4.553	-0.42857	0.021798
4.553	-0.37815	0.023443
4.553	-0.32773	0.023886
4.553	-0.27731	0.024212
4.553	-0.22689	0.025594
4.553	-0.17647	0.025677
4.553	-0.12605	0.026875
4.553	-0.07563	0.026692
4.553	-0.02521	0.026379
4.553	0.02521	0.027237
4.553	0.07563	0.026652
4.553	0.12605	0.027291
4.553	0.17647	0.026442
4.553	0.22689	0.027344
4.553	0.27731	0.026293
4.553	0.32773	0.025153
4.553	0.37815	0.025181
4.553	0.42857	0.023836
4.553	0.47899	0.023549
4.553	0.52941	0.022045
4.553	0.57983	0.020522
4.553	0.63025	0.019848
4.553	0.68067	0.018256
4.553	0.73109	0.017364
4.553	0.78151	0.015768
4.553	0.83193	0.014225
4.553	0.88235	0.013213
4.553	0.93277	0.011752
4.553	0.98319	0.010739
4.553	1.0336	0.0094058
4.553	1.084	0.0081699
4.553	1.1345	0.007286
4.553	1.1849	0.0062134
4.553	1.2353	0.0054448
4.553	1.2857	0.0045447
4.553	1.3361	0.0037475
4.553	1.3866	0.0031685
4.553	1.437	0.0025373
4.553	1.4874	0.0020725
4.553	1.5378	0.0015969
4.553	1.5882	0.0012022
4.6007	-1.5378	0.0011259
4.6007	-1.4874	0.0015121
4.6007	-1.437	0.0018564
4.6007	-1.3866	0.0023908
4.6007	-1.3361	0.0028408
4.6007	-1.2857	0.003332
4.6007	-1.2353	0.0041052
4.6007	-1.1849	0.0047023
4.6007	-1.1345	0.0056671
4.6007	-1.084	0.0063632
4.6007	-1.0336	0.007531
4.6007	-0.98319	0.007919
4.6007	-0.93277	0.0087059
4.6007	-0.88235	0.010101
4.6007	-0.83193	0.01094
4.6007	-0.78151	0.01251
4.6007	-0.73109	0.013364
4.6007	-0.68067	0.014189
4.6007	-0.63025	0.015886
4.6007	-0.57983	0.016659
4.6007	-0.52941	0.018382
4.6007	-0.47899	0.019053
4.6007	-0.42857	0.019645
4.6007	-0.37815	0.021234
4.6007	-0.32773	0.021653
4.6007	-0.27731	0.023079
4.6007	-0.22689	0.023285
4.6007	-0.17647	0.023378
4.6007	-0.12605	0.024467
4.6007	-0.07563	0.024312
4.6007	-0.02521	0.025167
4.6007	0.02521	0.024757
4.6007	0.07563	0.024236
4.6007	0.12605	0.024726
4.6007	0.17647	0.023963
4.6007	0.22689	0.024244
4.6007	0.27731	0.02326
4.6007	0.32773	0.022206
4.6007	0.37815	0.022156
4.6007	0.42857	0.020931
4.6007	0.47899	0.020676
4.6007	0.52941	0.019318
4.6007	0.57983	0.017952
4.6007	0.63025	0.017407
4.6007	0.68067	0.015982
4.6007	0.73109	0.015259
4.6007	0.78151	0.013829
4.6007	0.83193	0.012972
4.6007	0.88235	0.011592
4.6007	0.93277	0.010287
4.6007	0.98319	0.01002
4.6007	1.0336	0.0087833
4.6007	1.084	0.0078977
4.6007	1.1345	0.0068032
4.6007	1.1849	0.0058067
4.6007	1.2353	0.0050674
4.6007	1.2857	0.0042334
4.6007	1.3361	0.0036133
4.6007	1.3866	0.0029422
4.6007	1.437	0.0023609
4.6007	1.4874	0.0019267
4.6007	1.5378	0.00149
4.6007	1.5882	0.0011636
4.6484	-1.5378	0.0010476
4.6484	-1.4874	0.0013172
4.6484	-1.437	0.0016244
4.6484	-1.3866	0.002102
4.6484	-1.3361	0.0025064
4.6484	-1.2857	0.0031342
4.6484	-1.2353	0.0036388
4.6484	-1.1849	0.0041797
4.6484	-1.1345	0.005031
4.6484	-1.084	0.005662
4.6484	-1.0336	0.0066817
4.6484	-0.98319	0.0073883
4.6484	-0.93277	0.0081091
4.6484	-0.88235	0.0093388
4.6484	-0.83193	0.010098
4.6484	-0.78151	0.011479
4.6484	-0.73109	0.012245
4.6484	-0.68067	0.012986
4.6484	-0.63025	0.014485
4.6484	-0.57983	0.015174
4.6484	-0.52941	0.016727
4.6484	-0.47899	0.017321
4.6484	-0.42857	0.018854
4.6484	-0.37815	0.019307
4.6484	-0.32773	0.019675
4.6484	-0.27731	0.021005
4.6484	-0.22689	0.021104
4.6484	-0.17647	0.022288
4.6484	-0.12605	0.022288
4.6484	-0.07563	0.022183
4.6484	-0.02521	0.022987
4.6484	0.02521	0.022643
4.6484	0.07563	0.023181
4.6484	0.12605	0.022601
4.6484	0.17647	0.021933
4.6484	0.22689	0.022097
4.6484	0.27731	0.021223
4.6484	0.32773	0.021189
4.6484	0.37815	0.02014
4.6484	0.42857	0.019048
4.6484	0.47899	0.018748
4.6484	0.52941	0.017539
4.6484	0.57983	0.017101
4.6484	0.63025	0.015816
4.6484	0.68067	0.014546
4.6484	0.73109	0.013927
4.6484	0.78151	0.012648
4.6484	0.83193	0.011929
4.6484	0.88235	0.010684
4.6484	0.93277	0.0095039
4.6484	0.98319	0.0087281
4.6484	1.0336	0.0076394
4.6484	1.084	0.0068661
4.6484	1.1345	0.0059012
4.6484	1.1849	0.0050252
4.6484	1.2353	0.0043617
4.6484	1.2857	0.0036315
4.6484	1.3361	0.003069
4.6484	1.3866	0.0024873
4.6484	1.437	0.0020393
4.6484	1.4874	0.0015978
4.6484	1.5378	0.0012272
4.6961	-1.5378	0.0010198
4.6961	-1.4874	0.0012765
4.6961	-1.437	0.0015179
4.6961	-1.3866	0.0018453
4.6961	-1.3361	0.0022101
4.6961	-1.2857	0.002776
4.6961	-1.2353	0.003235
4.6961	-1.1849	0.0039474
4.6961	-1.1345	0.0044976
4.6961	-1.084	0.0050782
4.6961	-1.0336	0.005989
4.6961	-0.98319	0.0066413
4.6961	-0.93277	0.007689
4.6961	-0.88235	0.0083917
4.6961	-0.83193	0.009098
4.6961	-0.78151	0.010294
4.6961	-0.73109	0.011007
4.6961	-0.68067	0.012303
4.6961	-0.63025	0.012989
4.6961	-0.57983	0.01364
4.6961	-0.52941	0.014983
4.6961	-0.47899	0.015551
4.6961	-0.42857	0.016908
4.6961	-0.37815	0.017355
4.6961	-0.32773	0.017728
4.6961	-0.27731	0.018952
4.6961	-0.22689	0.019154
4.6961	-0.17647	0.020234
4.6961	-0.12605	0.020235
4.6961	-0.07563	0.020145
4.6961	-0.02521	0.020883
4.6961	0.02521	0.020574
4.6961	0.07563	0.021042
4.6961	0.12605	0.020514
4.6961	0.17647	0.02071
4.6961	0.22689	0.019979
4.6961	0.27731	0.019186
4.6961	0.32773	0.019027
4.6961	0.37815	0.018076
4.6961	0.42857	0.017741
4.6961	0.47899	0.01667
4.6961	0.52941	0.016129
4.6961	0.57983	0.015635
4.6961	0.63025	0.014487
4.6961	0.68067	0.013911
4.6961	0.73109	0.012735
4.6961	0.78151	0.011591
4.6961	0.83193	0.010929
4.6961	0.88235	0.0098136
4.6961	0.93277	0.0091187
4.6961	0.98319	0.0080663
4.6961	1.0336	0.0070831
4.6961	1.084	0.0064001
4.6961	1.1345	0.00552
4.6961	1.1849	0.0048713
4.6961	1.2353	0.0041149
4.6961	1.2857	0.0034393
4.6961	1.3361	0.0029127
4.6961	1.3866	0.0023698
4.6961	1.437	0.0019403
4.6961	1.4874	0.0015265
4.6961	1.5378	0.0011781
4.7437	-1.4874	0.0011166
4.7437	-1.437	0.0014697
4.7437	-1.3866	0.0017822
4.7437	-1.3361	0.0021304
4.7437	-1.2857	0.0026639
4.7437	-1.2353	0.0031009
4.7437	-1.1849	0.0037743
4.7437	-1.1345	0.0042975
4.7437	-1.084	0.0051064
4.7437	-1.0336	0.0057052
4.7437	-0.98319	0.0063257
4.7437	-0.93277	0.0072937
4.7437	-0.88235	0.00796
4.7437	-0.83193	0.009021
4.7437	-0.78151	0.009705
4.7437	-0.73109	0.01038
4.7437	-0.68067	0.011176
4.7437	-0.63025	0.011833
4.7437	-0.57983	0.01301
4.7437	-0.52941	0.013609
4.7437	-0.47899	0.014165
4.7437	-0.42857	0.015315
4.7437	-0.37815	0.015762
4.7437	-0.32773	0.016885
4.7437	-0.27731	0.017191
4.7437	-0.22689	0.017423
4.7437	-0.17647	0.018378
4.7437	-0.12605	0.018433
4.7437	-0.07563	0.019241
4.7437	-0.02521	0.019098
4.7437	0.02521	0.018873
4.7437	0.07563	0.019351
4.7437	0.12605	0.018924
4.7437	0.17647	0.01915
4.7437	0.22689	0.01853
4.7437	0.27731	0.017849
4.7437	0.32773	0.017706
4.7437	0.37815	0.01687
4.7437	0.42857	0.016515
4.7437	0.47899	0.01556
4.7437	0.52941	0.014588
4.7437	0.57983	0.014018
4.7437	0.63025	0.012988
4.7437	0.68067	0.012344
4.7437	0.73109	0.011297
4.7437	0.78151	0.010624
4.7437	0.83193	0.0095958
4.7437	0.88235	0.0086131
4.7437	0.93277	0.0079431
4.7437	0.98319	0.0070234
4.7437	1.0336	0.0063801
4.7437	1.084	0.0055468
4.7437	1.1345	0.0047818
4.7437	1.1849	0.0042127
4.7437	1.2353	0.0035561
4.7437	1.2857	0.003346
4.7437	1.3361	0.0027711
4.7437	1.3866	0.002266
4.7437	1.437	0.001863
4.7437	1.4874	0.0014738
4.7437	1.5378	0.0011601
4.7914	-1.437	0.0013003
4.7914	-1.3866	0.0015854
4.7914	-1.3361	0.0020111
4.7914	-1.2857	0.0023793
4.7914	-1.2353	0.0027822
4.7914	-1.1849	0.0033868
4.7914	-1.1345	0.0038727
4.7914	-1.084	0.00461
4.7914	-1.0336	0.0051713
4.7914	-0.98319	0.0057562
4.7914	-0.93277	0.0066534
4.7914	-0.88235	0.0072884
4.7914	-0.83193	0.0082709
4.7914	-0.78151	0.0089297
4.7914	-0.73109	0.0095841
4.7914	-0.68067	0.010617
4.7914	-0.63025	0.011248
4.7914	-0.57983	0.012284
4.7914	-0.52941	0.012858
4.7914	-0.47899	0.013871
4.7914	-0.42857	0.014353
4.7914	-0.37815	0.014782
4.7914	-0.32773	0.015685
4.7914	-0.27731	0.01598
4.7914	-0.22689	0.016806
4.7914	-0.17647	0.016943
4.7914	-0.12605	0.017006
4.7914	-0.07563	0.017628
4.7914	-0.02521	0.017512
4.7914	0.02521	0.017987
4.7914	0.07563	0.017845
4.7914	0.12605	0.017507
4.7914	0.17647	0.017737
4.7914	0.22689	0.01722
4.7914	0.27731	0.01723
4.7914	0.32773	0.01655
4.7914	0.37815	0.015822
4.7914	0.42857	0.015515
4.7914	0.47899	0.014668
4.7914	0.52941	0.014177
4.7914	0.57983	0.013247
4.7914	0.63025	0.012314
4.7914	0.68067	0.011656
4.7914	0.73109	0.0107
4.7914	0.78151	0.0099973
4.7914	0.83193	0.0090565
4.7914	0.88235	0.0081536
4.7914	0.93277	0.0074643
4.7914	0.98319	0.0066207
4.7914	1.0336	0.00598
4.7914	1.084	0.0052169
4.7914	1.1345	0.0045138
4.7914	1.1849	0.0039696
4.7914	1.2353	0.0033653
4.7914	1.2857	0.0028929
4.7914	1.3361	0.0023933
4.7914	1.3866	0.0019543
4.7914	1.437	0.0016016
4.7914	1.4874	0.0012638
4.8391	-1.4874	0.0010481
4.8391	-1.437	0.0012955
4.8391	-1.3866	0.0015757
4.8391	-1.3361	0.0019775
4.8391	-1.2857	0.0023362
4.8391	-1.2353	0.0028543
4.8391	-1.1849	0.0030695
4.8391	-1.1345	0.0035242
4.8391	-1.084	0.0041886
4.8391	-1.0336	0.0047167
4.8391	-0.98319	0.0055015
4.8391	-0.93277	0.0060906
4.8391	-0.88235	0.0066961
4.8391	-0.83193	0.0076116
4.8391	-0.78151	0.0082471
4.8391	-0.73109	0.0092248
4.8391	-0.68067	0.0098616
4.8391	-0.63025	0.010484
4.8391	-0.57983	0.01146
4.8391	-0.52941	0.012035
4.8391	-0.47899	0.012966
4.8391	-0.42857	0.01346
4.8391	-0.37815	0.013904
4.8391	-0.32773	0.014697
4.8391	-0.27731	0.015018
4.8391	-0.22689	0.015702
4.8391	-0.17647	0.015876
4.8391	-0.12605	0.015979
4.8391	-0.07563	0.016457
4.8391	-0.02521	0.016395
4.8391	0.02521	0.016745
4.8391	0.07563	0.016512
4.8391	0.12605	0.016209
4.8391	0.17647	0.01632
4.8391	0.22689	0.015857
4.8391	0.27731	0.015811
4.8391	0.32773	0.0152
4.8391	0.37815	0.014981
4.8391	0.42857	0.014245
4.8391	0.47899	0.01348
4.8391	0.52941	0.01302
4.8391	0.57983	0.012177
4.8391	0.63025	0.011583
4.8391	0.68067	0.0107
4.8391	0.73109	0.0098285
4.8391	0.78151	0.0091336
4.8391	0.83193	0.0087011
4.8391	0.88235	0.0079916
4.8391	0.93277	0.0071599
4.8391	0.98319	0.0063709
4.8391	1.0336	0.0057144
4.8391	1.084	0.0050013
4.8391	1.1345	0.0044151
4.8391	1.1849	0.0037928
4.8391	1.2353	0.0032271
4.8391	1.2857	0.0027636
4.8391	1.3361	0.0022964
4.8391	1.3866	0.0019162
4.8391	1.437	0.0015462
4.8391	1.4874	0.0012274
4.8868	-1.437	0.0011827
4.8868	-1.3866	0.0014455
4.8868	-1.3361	0.0018113
4.8868	-1.2857	0.0021487
4.8868	-1.2353	0.0026178
4.8868	-1.1849	0.0030314
4.8868	-1.1345	0.0034762
4.8868	-1.084	0.0040972
4.8868	-1.0336	0.0046103
4.8868	-0.98319	0.0053392
4.8868	-0.93277	0.0059087
4.8868	-0.88235	0.006736
4.8868	-0.83193	0.007344
4.8868	-0.78151	0.0079564
4.8868	-0.73109	0.0088711
4.8868	-0.68067	0.009485
4.8868	-0.63025	0.010427
4.8868	-0.57983	0.011012
4.8868	-0.52941	0.011567
4.8868	-0.47899	0.012456
4.8868	-0.42857	0.012936
4.8868	-0.37815	0.013525
4.8868	-0.32773	0.013924
4.8868	-0.27731	0.014267
4.8868	-0.22689	0.014898
4.8868	-0.17647	0.015103
4.8868	-0.12605	0.015585
4.8868	-0.07563	0.015636
4.8868	-0.02521	0.015614
4.8868	0.02521	0.015858
4.8868	0.07563	0.015675
4.8868	0.12605	0.015779
4.8868	0.17647	0.015438
4.8868	0.22689	0.015035
4.8868	0.27731	0.014923
4.8868	0.32773	0.014383
4.8868	0.37815	0.014147
4.8868	0.42857	0.01349
4.8868	0.47899	0.012799
4.8868	0.52941	0.012378
4.8868	0.57983	0.011611
4.8868	0.63025	0.011079
4.8868	0.68067	0.010267
4.8868	0.73109	0.0094611
4.8868	0.78151	0.0088226
4.8868	0.83193	0.0080206
4.8868	0.88235	0.0073472
4.8868	0.93277	0.0065818
4.8868	0.98319	0.0059186
4.8868	1.0336	0.005217
4.8868	1.084	0.0045619
4.8868	1.1345	0.0039865
4.8868	1.1849	0.0034194
4.8868	1.2353	0.0029278
4.8868	1.2857	0.0024557
4.8868	1.3361	0.0020352
4.8868	1.3866	0.0016771
4.8868	1.437	0.0013487
4.8868	1.4874	0.0010744
4.9344	-1.437	0.0010867
4.9344	-1.3866	0.0013882
4.9344	-1.3361	0.0016749
4.9344	-1.2857	0.0019938
4.9344	-1.2353	0.0024293
4.9344	-1.1849	0.0028216
4.9344	-1.1345	0.0033554
4.9344	-1.084	0.0038179
4.9344	-1.0336	0.0043067
4.9344	-0.98319	0.0049749
4.9344	-0.93277	0.0055185
4.9344	-0.88235	0.0062749
4.9344	-0.83193	0.006857
4.9344	-0.78151	0.0074442
4.9344	-0.73109	0.0082876
4.9344	-0.68067	0.0088797
4.9344	-0.63025	0.009761
4.9344	-0.57983	0.010331
4.9344	-0.52941	0.010874
4.9344	-0.47899	0.01173
4.9344	-0.42857	0.012207
4.9344	-0.37815	0.013001
4.9344	-0.32773	0.013382
4.9344	-0.27731	0.014065
4.9344	-0.22689	0.014323
4.9344	-0.17647	0.014514
4.9344	-0.12605	0.014964
4.9344	-0.07563	0.015008
4.9344	-0.02521	0.015271
4.9344	0.02521	0.015159
4.9344	0.07563	0.014976
4.9344	0.12605	0.014982
4.9344	0.17647	0.01465
4.9344	0.22689	0.01451
4.9344	0.27731	0.014042
4.9344	0.32773	0.013523
4.9344	0.37815	0.013497
4.9344	0.42857	0.012892
4.9344	0.47899	0.012506
4.9344	0.52941	0.011816
4.9344	0.57983	0.011105
4.9344	0.63025	0.010598
4.9344	0.68067	0.0098431
4.9344	0.73109	0.0092743
4.9344	0.78151	0.0085054
4.9344	0.83193	0.0077516
4.9344	0.88235	0.0071363
4.9344	0.93277	0.0064108
4.9344	0.98319	0.0057901
4.9344	1.0336	0.0051189
4.9344	1.084	0.0044892
4.9344	1.1345	0.0039301
4.9344	1.1849	0.0033811
4.9344	1.2353	0.0028899
4.9344	1.2857	0.0024314
4.9344	1.3361	0.0020213
4.9344	1.3866	0.0016588
4.9344	1.437	0.0013387
4.9344	1.4874	0.0010621
4.9821	-1.437	0.0011073
4.9821	-1.3866	0.0014106
4.9821	-1.3361	0.0016951
4.9821	-1.2857	0.0020878
4.9821	-1.2353	0.002444
4.9821	-1.1849	0.0028299
4.9821	-1.1345	0.003355
4.9821	-1.084	0.0038074
4.9821	-1.0336	0.0044197
4.9821	-0.98319	0.004929
4.9821	-0.93277	0.0054549
4.9821	-0.88235	0.0058955
4.9821	-0.83193	0.0064512
4.9821	-0.78151	0.0072205
4.9821	-0.73109	0.0077935
4.9821	-0.68067	0.0083595
4.9821	-0.63025	0.0091766
4.9821	-0.57983	0.0097232
4.9821	-0.52941	0.01055
4.9821	-0.47899	0.01105
4.9821	-0.42857	0.011511
4.9821	-0.37815	0.012279
4.9821	-0.32773	0.012654
4.9821	-0.27731	0.013341
4.9821	-0.22689	0.013603
4.9821	-0.17647	0.0138
4.9821	-0.12605	0.014294
4.9821	-0.07563	0.014352
4.9821	-0.02521	0.014673
4.9821	0.02521	0.014582
4.9821	0.07563	0.014421
4.9821	0.12605	0.014471
4.9821	0.17647	0.014165
4.9821	0.22689	0.014028
4.9821	0.27731	0.01359
4.9821	0.32773	0.013301
4.9821	0.37815	0.01275
4.9821	0.42857	0.012158
4.9821	0.47899	0.011713
4.9821	0.52941	0.011047
4.9821	0.57983	0.010539
4.9821	0.63025	0.0098267
4.9821	0.68067	0.0091087
4.9821	0.73109	0.0085472
4.9821	0.78151	0.0078239
4.9821	0.83193	0.0072489
4.9821	0.88235	0.0065455
4.9821	0.93277	0.0058684
4.9821	0.98319	0.0053087
4.9821	1.0336	0.0046843
4.9821	1.084	0.0041505
4.9821	1.1345	0.003868
4.9821	1.1849	0.0033357
4.9821	1.2353	0.0028676
4.9821	1.2857	0.0024192
4.9821	1.3361	0.00202
4.9821	1.3866	0.0016596
4.9821	1.437	0.0013435
4.9821	1.4874	0.0010654
5.0298	-1.437	0.0010079
5.0298	-1.3866	0.0012932
5.0298	-1.3361	0.0015571
5.0298	-1.2857	0.0019308
5.0298	-1.2353	0.0022636
5.0298	-1.1849	0.002624
5.0298	-1.1345	0.0031295
5.0298	-1.084	0.0035547
5.0298	-1.0336	0.0041454
5.0298	-0.98319	0.0046264
5.0298	-0.93277	0.0052908
5.0298	-0.88235	0.0058133
5.0298	-0.83193	0.0063415
5.0298	-0.78151	0.0070817
5.0298	-0.73109	0.0076215
5.0298	-0.68067	0.0083921
5.0298	-0.63025	0.0089199
5.0298	-0.57983	0.0094238
5.0298	-0.52941	0.010191
5.0298	-0.47899	0.010645
5.0298	-0.42857	0.011387
5.0298	-0.37815	0.011766
5.0298	-0.32773	0.012092
5.0298	-0.27731	0.012734
5.0298	-0.22689	0.012952
5.0298	-0.17647	0.013495
5.0298	-0.12605	0.013549
5.0298	-0.07563	0.013607
5.0298	-0.02521	0.01398
5.0298	0.02521	0.013898
5.0298	0.07563	0.014101
5.0298	0.12605	0.013877
5.0298	0.17647	0.013585
5.0298	0.22689	0.013532
5.0298	0.27731	0.013112
5.0298	0.32773	0.012884
5.0298	0.37815	0.012353
5.0298	0.42857	0.01178
5.0298	0.47899	0.01136
5.0298	0.52941	0.010715
5.0298	0.57983	0.010204
5.0298	0.63025	0.0095147
5.0298	0.68067	0.0088186
5.0298	0.73109	0.008251
5.0298	0.78151	0.0075533
5.0298	0.83193	0.0069867
5.0298	0.88235	0.0063101
5.0298	0.93277	0.005763
5.0298	0.98319	0.0051289
5.0298	1.0336	0.004528
5.0298	1.084	0.0040354
5.0298	1.1345	0.0035006
5.0298	1.1849	0.0030524
5.0298	1.2353	0.0025941
5.0298	1.2857	0.0021796
5.0298	1.3361	0.0018246
5.0298	1.3866	0.0014921
5.0298	1.437	0.0012035
5.0775	-1.437	0.0010623
5.0775	-1.3866	0.0012903
5.0775	-1.3361	0.0014139
5.0775	-1.2857	0.0017654
5.0775	-1.2353	0.0020708
5.0775	-1.1849	0.0025145
5.0775	-1.1345	0.0028845
5.0775	-1.084	0.0032761
5.0775	-1.0336	0.0038485
5.0775	-0.98319	0.0042942
5.0775	-0.93277	0.0049435
5.0775	-0.88235	0.00543
5.0775	-0.83193	0.0059199
5.0775	-0.78151	0.0066471
5.0775	-0.73109	0.0071491
5.0775	-0.68067	0.0079015
5.0775	-0.63025	0.0083924
5.0775	-0.57983	0.0088581
5.0775	-0.52941	0.0096012
5.0775	-0.47899	0.010019
5.0775	-0.42857	0.010729
5.0775	-0.37815	0.011075
5.0775	-0.32773	0.011731
5.0775	-0.27731	0.011984
5.0775	-0.22689	0.012176
5.0775	-0.17647	0.012707
5.0775	-0.12605	0.012781
5.0775	-0.07563	0.013205
5.0775	-0.02521	0.01315
5.0775	0.02521	0.013027
5.0775	0.07563	0.013254
5.0775	0.12605	0.012999
5.0775	0.17647	0.013068
5.0775	0.22689	0.012688
5.0775	0.27731	0.012252
5.0775	0.32773	0.012097
5.0775	0.37815	0.01156
5.0775	0.42857	0.011253
5.0775	0.47899	0.010636
5.0775	0.52941	0.0099946
5.0775	0.57983	0.0095373
5.0775	0.63025	0.0088588
5.0775	0.68067	0.0086771
5.0775	0.73109	0.007988
5.0775	0.78151	0.0073053
5.0775	0.83193	0.0067552
5.0775	0.88235	0.0060964
5.0775	0.93277	0.0055597
5.0775	0.98319	0.0049454
5.0775	1.0336	0.0043633
5.0775	1.084	0.0038902
5.0775	1.1345	0.0033739
5.0775	1.1849	0.0029537
5.0775	1.2353	0.0025111
5.0775	1.2857	0.0021106
5.0775	1.3361	0.0017831
5.0775	1.3866	0.0014598
5.0775	1.437	0.0011925
5.1251	-1.3866	0.0011576
5.1251	-1.3361	0.0014645
5.1251	-1.2857	0.0017282
5.1251	-1.2353	0.0020138
5.1251	-1.1849	0.0024483
5.1251	-1.1345	0.0027918
5.1251	-1.084	0.0033187
5.1251	-1.0336	0.0037151
5.1251	-0.98319	0.0041224
5.1251	-0.93277	0.0047668
5.1251	-0.88235	0.0052089
5.1251	-0.83193	0.0059165
5.1251	-0.78151	0.0063761
5.1251	-0.73109	0.0068232
5.1251	-0.68067	0.0075773
5.1251	-0.63025	0.0080092
5.1251	-0.57983	0.00855
5.1251	-0.52941	0.008961
5.1251	-0.47899	0.009334
5.1251	-0.42857	0.010042
5.1251	-0.37815	0.010347
5.1251	-0.32773	0.010994
5.1251	-0.27731	0.01121
5.1251	-0.22689	0.011366
5.1251	-0.17647	0.011889
5.1251	-0.12605	0.011934
5.1251	-0.07563	0.012357
5.1251	-0.02521	0.012282
5.1251	0.02521	0.01214
5.1251	0.07563	0.012394
5.1251	0.12605	0.012132
5.1251	0.17647	0.012258
5.1251	0.22689	0.011881
5.1251	0.27731	0.01187
5.1251	0.32773	0.011388
5.1251	0.37815	0.010863
5.1251	0.42857	0.010665
5.1251	0.47899	0.010066
5.1251	0.52941	0.0097418
5.1251	0.57983	0.0090916
5.1251	0.63025	0.0084315
5.1251	0.68067	0.0079916
5.1251	0.73109	0.0073217
5.1251	0.78151	0.0068283
5.1251	0.83193	0.0061749
5.1251	0.88235	0.0055429
5.1251	0.93277	0.0050525
5.1251	0.98319	0.0044688
5.1251	1.0336	0.0040055
5.1251	1.084	0.0034849
5.1251	1.1345	0.0030033
5.1251	1.1849	0.0026201
5.1251	1.2353	0.0022127
5.1251	1.2857	0.0018879
5.1251	1.3361	0.0015562
5.1251	1.3866	0.0012644
5.1251	1.437	0.0011567
5.1728	-1.3866	0.0010246
5.1728	-1.3361	0.0013048
5.1728	-1.2857	0.001538
5.1728	-1.2353	0.0017894
5.1728	-1.1849	0.0021888
5.1728	-1.1345	0.0024913
5.1728	-1.084	0.0029808
5.1728	-1.0336	0.00333
5.1728	-0.98319	0.0039078
5.1728	-0.93277	0.0042951
5.1728	-0.88235	0.0046824
5.1728	-0.83193	0.0053638
5.1728	-0.78151	0.0057668
5.1728	-0.73109	0.0065001
5.1728	-0.68067	0.0068997
5.1728	-0.63025	0.0072742
5.1728	-0.57983	0.0080308
5.1728	-0.52941	0.0083693
5.1728	-0.47899	0.0091042
5.1728	-0.42857	0.0093842
5.1728	-0.37815	0.0096141
5.1728	-0.32773	0.010266
5.1728	-0.27731	0.010409
5.1728	-0.22689	0.010973
5.1728	-0.17647	0.011015
5.1728	-0.12605	0.010993
5.1728	-0.07563	0.011406
5.1728	-0.02521	0.011272
5.1728	0.02521	0.011571
5.1728	0.07563	0.011325
5.1728	0.12605	0.01102
5.1728	0.17647	0.011338
5.1728	0.22689	0.010957
5.1728	0.27731	0.011
5.1728	0.32773	0.010525
5.1728	0.37815	0.010012
5.1728	0.42857	0.009899
5.1728	0.47899	0.009318
5.1728	0.52941	0.0090986
5.1728	0.57983	0.0084712
5.1728	0.63025	0.0078363
5.1728	0.68067	0.0075045
5.1728	0.73109	0.0068595
5.1728	0.78151	0.0064621
5.1728	0.83193	0.0058308
5.1728	0.88235	0.0053965
5.1728	0.93277	0.0048014
5.1728	0.98319	0.004237
5.1728	1.0336	0.0038214
5.1728	1.084	0.0033174
5.1728	1.1345	0.0029324
5.1728	1.1849	0.0024987
5.1728	1.2353	0.0021058
5.1728	1.2857	0.0018022
5.1728	1.3361	0.0014832
5.1728	1.3866	0.0012351
5.2205	-1.3361	0.0012421
5.2205	-1.2857	0.0014512
5.2205	-1.2353	0.0017981
5.2205	-1.1849	0.0020523
5.2205	-1.1345	0.0023169
5.2205	-1.084	0.0027792
5.2205	-1.0336	0.0029297
5.2205	-0.98319	0.0034611
5.2205	-0.93277	0.0037924
5.2205	-0.88235	0.0041206
5.2205	-0.83193	0.0047559
5.2205	-0.78151	0.005096
5.2205	-0.73109	0.0057932
5.2205	-0.68067	0.0061288
5.2205	-0.63025	0.0064385
5.2205	-0.57983	0.0071783
5.2205	-0.52941	0.0074547
5.2205	-0.47899	0.0081942
5.2205	-0.42857	0.0084172
5.2205	-0.37815	0.0091221
5.2205	-0.32773	0.0092724
5.2205	-0.27731	0.0093676
5.2205	-0.22689	0.0099708
5.2205	-0.17647	0.0099724
5.2205	-0.12605	0.010474
5.2205	-0.07563	0.010373
5.2205	-0.02521	0.010212
5.2205	0.02521	0.010552
5.2205	0.07563	0.010288
5.2205	0.12605	0.010509
5.2205	0.17647	0.010147
5.2205	0.22689	0.0097388
5.2205	0.27731	0.0098038
5.2205	0.32773	0.0093168
5.2205	0.37815	0.0092806
5.2205	0.42857	0.0087303
5.2205	0.47899	0.0081609
5.2205	0.52941	0.0080061
5.2205	0.57983	0.0074034
5.2205	0.63025	0.0071727
5.2205	0.68067	0.0065568
5.2205	0.73109	0.0059516
5.2205	0.78151	0.0056533
5.2205	0.83193	0.005066
5.2205	0.88235	0.0047296
5.2205	0.93277	0.0044502
5.2205	0.98319	0.0039154
5.2205	1.0336	0.0035719
5.2205	1.084	0.0030921
5.2205	1.1345	0.0027594
5.2205	1.1849	0.002345
5.2205	1.2353	0.0019708
5.2205	1.2857	0.0016992
5.2205	1.3361	0.0013949
5.2205	1.3866	0.0011681
5.2682	-1.3361	0.0010608
5.2682	-1.2857	0.0012355
5.2682	-1.2353	0.0015475
5.2682	-1.1849	0.0017601
5.2682	-1.1345	0.0021491
5.2682	-1.084	0.0023964
5.2682	-1.0336	0.0026458
5.2682	-0.98319	0.0031399
5.2682	-0.93277	0.0034115
5.2682	-0.88235	0.0039795
5.2682	-0.83193	0.0042622
5.2682	-0.78151	0.0045293
5.2682	-0.73109	0.0051765
5.2682	-0.68067	0.0054326
5.2682	-0.63025	0.0061247
5.2682	-0.57983	0.0063533
5.2682	-0.52941	0.0065456
5.2682	-0.47899	0.0072524
5.2682	-0.42857	0.0073923
5.2682	-0.37815	0.0080843
5.2682	-0.32773	0.0081557
5.2682	-0.27731	0.0081722
5.2682	-0.22689	0.0088023
5.2682	-0.17647	0.0087642
5.2682	-0.12605	0.0093126
5.2682	-0.07563	0.0091817
5.2682	-0.02521	0.0089974
5.2682	0.02521	0.0093978
5.2682	0.07563	0.0091203
5.2682	0.12605	0.0094015
5.2682	0.17647	0.0090356
5.2682	0.22689	0.0091988
5.2682	0.27731	0.0087545
5.2682	0.32773	0.0082797
5.2682	0.37815	0.0083001
5.2682	0.42857	0.007771
5.2682	0.47899	0.0077025
5.2682	0.52941	0.0071363
5.2682	0.57983	0.0065675
5.2682	0.63025	0.0064084
5.2682	0.68067	0.0058315
5.2682	0.73109	0.0056183
5.2682	0.78151	0.005051
5.2682	0.83193	0.0045064
5.2682	0.88235	0.0042553
5.2682	0.93277	0.0037444
5.2682	0.98319	0.003473
5.2682	1.0336	0.0030093
5.2682	1.084	0.0025828
5.2682	1.1345	0.002327
5.2682	1.1849	0.00196
5.2682	1.2353	0.0017209
5.2682	1.2857	0.0014177
5.2682	1.3361	0.0011521
5.3159	-1.2857	0.0010164
5.3159	-1.2353	0.0012912
5.3159	-1.1849	0.0014621
5.3159	-1.1345	0.0018082
5.3159	-1.084	0.0020068
5.3159	-1.0336	0.0024257
5.3159	-0.98319	0.0026461
5.3159	-0.93277	0.00286
5.3159	-0.88235	0.0033696
5.3159	-0.83193	0.00359
5.3159	-0.78151	0.0041612
5.3159	-0.73109	0.0043759
5.3159	-0.68067	0.0045667
5.3159	-0.63025	0.0051944
5.3159	-0.57983	0.0053583
5.3159	-0.52941	0.0060167
5.3159	-0.47899	0.0061392
5.3159	-0.42857	0.0062216
5.3159	-0.37815	0.0068754
5.3159	-0.32773	0.0068971
5.3159	-0.27731	0.0075295
5.3159	-0.22689	0.0074787
5.3159	-0.17647	0.0073807
5.3159	-0.12605	0.0079303
5.3159	-0.07563	0.0077513
5.3159	-0.02521	0.0082197
5.3159	0.02521	0.0079574
5.3159	0.07563	0.0076547
5.3159	0.12605	0.0079814
5.3159	0.17647	0.007604
5.3159	0.22689	0.0078201
5.3159	0.27731	0.0073776
5.3159	0.32773	0.0069148
5.3159	0.37815	0.0069916
5.3159	0.42857	0.0064869
5.3159	0.47899	0.0067385
5.3159	0.52941	0.0062081
5.3159	0.57983	0.0056798
5.3159	0.63025	0.0055858
5.3159	0.68067	0.0050538
5.3159	0.73109	0.0049073
5.3159	0.78151	0.0043875
5.3159	0.83193	0.003892
5.3159	0.88235	0.0037099
5.3159	0.93277	0.003247
5.3159	0.98319	0.0030462
5.3159	1.0336	0.0026263
5.3159	1.084	0.0024179
5.3159	1.1345	0.0020493
5.3159	1.1849	0.0017181
5.3159	1.2353	0.0015322
5.3159	1.2857	0.0012571
5.3159	1.3361	0.0010884
5.3635	-1.2353	0.0011008
5.3635	-1.1849	0.0012318
5.3635	-1.1345	0.0015412
5.3635	-1.084	0.0016914
5.3635	-1.0336	0.0020679
5.3635	-0.98319	0.0022315
5.3635	-0.93277	0.0023855
5.3635	-0.88235	0.0028421
5.3635	-0.83193	0.0029957
5.3635	-0.78151	0.0035074
5.3635	-0.73109	0.0035815
5.3635	-0.68067	0.0037123
5.3635	-0.63025	0.0042707
5.3635	-0.57983	0.0043756
5.3635	-0.52941	0.0049649
5.3635	-0.47899	0.0050318
5.3635	-0.42857	0.0056379
5.3635	-0.37815	0.0056552
5.3635	-0.32773	0.0056335
5.3635	-0.27731	0.0062184
5.3635	-0.22689	0.0061344
5.3635	-0.17647	0.0066931
5.3635	-0.12605	0.0065398
5.3635	-0.07563	0.0063479
5.3635	-0.02521	0.0068241
5.3635	0.02521	0.0065617
5.3635	0.07563	0.006965
5.3635	0.12605	0.0066341
5.3635	0.17647	0.0062771
5.3635	0.22689	0.0065544
5.3635	0.27731	0.006142
5.3635	0.32773	0.0063231
5.3635	0.37815	0.0058668
5.3635	0.42857	0.0054058
5.3635	0.47899	0.0054675
5.3635	0.52941	0.0049855
5.3635	0.57983	0.0049701
5.3635	0.63025	0.0044826
5.3635	0.68067	0.0040124
5.3635	0.73109	0.0039279
5.3635	0.78151	0.003474
5.3635	0.83193	0.0033519
5.3635	0.88235	0.0029264
5.3635	0.93277	0.0025324
5.3635	0.98319	0.0023935
5.3635	1.0336	0.0020403
5.3635	1.084	0.0018941
5.3635	1.1345	0.0015871
5.3635	1.1849	0.0013148
5.3635	1.2353	0.0013092
5.3635	1.2857	0.0010681
5.4112	-1.1849	0.0010794
5.4112	-1.1345	0.0011893
5.4112	-1.084	0.0012955
5.4112	-1.0336	0.0016118
5.4112	-0.98319	0.0017262
5.4112	-0.93277	0.0021035
5.4112	-0.88235	0.0022195
5.4112	-0.83193	0.002321
5.4112	-0.78151	0.0027626
5.4112	-0.73109	0.0028522
5.4112	-0.68067	0.0033382
5.4112	-0.63025	0.0034059
5.4112	-0.57983	0.003448
5.4112	-0.52941	0.003961
5.4112	-0.47899	0.0039672
5.4112	-0.42857	0.0044954
5.4112	-0.37815	0.0044569
5.4112	-0.32773	0.004387
5.4112	-0.27731	0.0048962
5.4112	-0.22689	0.0047734
5.4112	-0.17647	0.0052657
5.4112	-0.12605	0.0050856
5.4112	-0.07563	0.0048776
5.4112	-0.02521	0.0053076
5.4112	0.02521	0.0051785
5.4112	0.07563	0.0055765
5.4112	0.12605	0.0052687
5.4112	0.17647	0.0049434
5.4112	0.22689	0.0052455
5.4112	0.27731	0.0048754
5.4112	0.32773	0.0051047
5.4112	0.37815	0.0046985
5.4112	0.42857	0.0048494
5.4112	0.47899	0.0044187
5.4112	0.52941	0.0039965
5.4112	0.57983	0.0040502
5.4112	0.63025	0.0036238
5.4112	0.68067	0.003615
5.4112	0.73109	0.0031974
5.4112	0.78151	0.0028048
5.4112	0.83193	0.0027426
5.4112	0.88235	0.0023751
5.4112	0.93277	0.0022843
5.4112	0.98319	0.0019505
5.4112	1.0336	0.0016492
5.4112	1.084	0.0015496
5.4112	1.1345	0.0012883
5.4112	1.1849	0.0011861
5.4589	-1.0336	0.0011929
5.4589	-0.98319	0.0012663
5.4589	-0.93277	0.0015719
5.4589	-0.88235	0.0016438
5.4589	-0.83193	0.0020024
5.4589	-0.78151	0.0020661
5.4589	-0.73109	0.0021133
5.4589	-0.68067	0.0025202
5.4589	-0.63025	0.0025475
5.4589	-0.57983	0.002989
5.4589	-0.52941	0.0029883
5.4589	-0.47899	0.0029645
5.4589	-0.42857	0.0034165
5.4589	-0.37815	0.0033549
5.4589	-0.32773	0.0038128
5.4589	-0.27731	0.0037078
5.4589	-0.22689	0.0035793
5.4589	-0.17647	0.0040071
5.4589	-0.12605	0.0038323
5.4589	-0.07563	0.0042393
5.4589	-0.02521	0.0040173
5.4589	0.02521	0.0037797
5.4589	0.07563	0.0041254
5.4589	0.12605	0.0038461
5.4589	0.17647	0.00415
5.4589	0.22689	0.0038334
5.4589	0.27731	0.0035153
5.4589	0.32773	0.0037395
5.4589	0.37815	0.0033965
5.4589	0.42857	0.0035655
5.4589	0.47899	0.0032063
5.4589	0.52941	0.002861
5.4589	0.57983	0.0029519
5.4589	0.63025	0.0026058
5.4589	0.68067	0.0026455
5.4589	0.73109	0.0023086
5.4589	0.78151	0.0021496
5.4589	0.83193	0.0021411
5.4589	0.88235	0.0018368
5.4589	0.93277	0.0017964
5.4589	0.98319	0.0015197
5.4589	1.0336	0.0014582
5.4589	1.084	0.0012145
5.4589	1.1345	0.0010003
5.5066	-0.93277	0.0011318
5.5066	-0.88235	0.0011667
5.5066	-0.83193	0.0014446
5.5066	-0.78151	0.0014695
5.5066	-0.73109	0.001482
5.5066	-0.68067	0.0017984
5.5066	-0.63025	0.0017925
5.5066	-0.57983	0.0021415
5.5066	-0.52941	0.0021112
5.5066	-0.47899	0.0020655
5.5066	-0.42857	0.0024561
5.5066	-0.37815	0.0023873
5.5066	-0.32773	0.0027644
5.5066	-0.27731	0.0026606
5.5066	-0.22689	0.0030379
5.5066	-0.17647	0.0028961
5.5066	-0.12605	0.002741
5.5066	-0.07563	0.0030821
5.5066	-0.02521	0.0028901
5.5066	0.02521	0.00321
5.5066	0.07563	0.0029825
5.5066	0.12605	0.0027512
5.5066	0.17647	0.0030141
5.5066	0.22689	0.0027547
5.5066	0.27731	0.0029834
5.5066	0.32773	0.0027011
5.5066	0.37815	0.0024274
5.5066	0.42857	0.002592
5.5066	0.47899	0.0023064
5.5066	0.52941	0.002431
5.5066	0.57983	0.0021408
5.5066	0.63025	0.0018703
5.5066	0.68067	0.0019372
5.5066	0.73109	0.0016732
5.5066	0.78151	0.0017047
5.5066	0.83193	0.0014542
5.5066	0.88235	0.0012293
5.5066	0.93277	0.0012244
5.5066	0.98319	0.0010203
5.5542	-0.73109	0.0012125
5.5542	-0.68067	0.001209
5.5542	-0.63025	0.0011972
5.5542	-0.57983	0.0014498
5.5542	-0.52941	0.0014189
5.5542	-0.47899	0.0016953
5.5542	-0.42857	0.001641
5.5542	-0.37815	0.0015787
5.5542	-0.32773	0.0018526
5.5542	-0.27731	0.0017635
5.5542	-0.22689	0.0020425
5.5542	-0.17647	0.0019245
5.5542	-0.12605	0.0018029
5.5542	-0.07563	0.0020524
5.5542	-0.02521	0.0019033
5.5542	0.02521	0.00214
5.5542	0.07563	0.001965
5.5542	0.12605	0.001794
5.5542	0.17647	0.0019849
5.5542	0.22689	0.0017939
5.5542	0.27731	0.0019627
5.5542	0.32773	0.0018578
5.5542	0.37815	0.002014
5.5542	0.42857	0.0017892
5.5542	0.47899	0.001579
5.5542	0.52941	0.0016858
5.5542	0.57983	0.0014717
5.5542	0.63025	0.001552
5.5542	0.68067	0.0013396
5.5542	0.73109	0.0011478
5.5542	0.78151	0.0011881
5.5542	0.83193	0.0010051
5.5542	0.88235	0.0010238
5.6019	-0.47899	0.0011259
5.6019	-0.42857	0.0010956
5.6019	-0.37815	0.0012873
5.6019	-0.32773	0.0012369
5.6019	-0.27731	0.0011867
5.6019	-0.22689	0.0013661
5.6019	-0.17647	0.0012943
5.6019	-0.12605	0.0014759
5.6019	-0.07563	0.0013815
5.6019	-0.02521	0.0012916
5.6019	0.02521	0.0014428
5.6019	0.07563	0.0013323
5.6019	0.12605	0.0014741
5.6019	0.17647	0.0013449
5.6019	0.22689	0.0012257
5.6019	0.27731	0.0013287
5.6019	0.32773	0.0011956
5.6019	0.37815	0.0012849
5.6019	0.42857	0.0011417
5.6019	0.47899	0.0010132
5.6019	0.52941	0.0010671
5.6496	-0.27731	0.0010012
5.6496	-0.12605	0.0010579
5.6496	-0.07563	0.0010281
5.6496	-0.02521	0.0011059
5.6496	0.02521	0.0010579
5.6496	0.07563	0.0010193
5.6496	0.12605	0.0010672
5.6496	0.17647	0.0010117
5.6496	0.22689	0.001055
5.6973	-0.17647	0.0010454
5.6973	-0.12605	0.0010045
5.6973	-0.07563	0.0010534
5.6973	-0.02521	0.0010105
5.6973	0.02521	0.0010424
5.6973	0.07563	0.0010845
5.6973	0.12605	0.0010125
5.6973	0.17647	0.0010365
5.7449	-0.57983	0.001004
5.7449	-0.47899	0.001088
5.7449	-0.42857	0.001025
5.7449	-0.37815	0.0011523
5.7449	-0.32773	0.0012955
5.7449	-0.27731	0.0011946
5.7449	-0.22689	0.0013262
5.7449	-0.17647	0.0012139
5.7449	-0.12605	0.0013305
5.7449	-0.07563	0.0014587
5.7449	-0.02521	0.001309
5.7449	0.02521	0.0014178
5.7449	0.07563	0.0012634
5.7449	0.12605	0.0013513
5.7449	0.17647	0.0014456
5.7449	0.22689	0.0012624
5.7449	0.27731	0.001334
5.7449	0.32773	0.001155
5.7449	0.37815	0.0012049
5.7449	0.42857	0.0012566
5.7449	0.47899	0.001064
5.7449	0.52941	0.0010953
5.7926	-0.83193	0.0010841
5.7926	-0.78151	0.0010564
5.7926	-0.73109	0.00125
5.7926	-0.68067	0.001199
5.7926	-0.63025	0.0014013
5.7926	-0.57983	0.0016272
5.7926	-0.52941	0.0015297
5.7926	-0.47899	0.0017567
5.7926	-0.42857	0.0016284
5.7926	-0.37815	0.0018501
5.7926	-0.32773	0.0016928
5.7926	-0.27731	0.0019034
5.7926	-0.22689	0.0021285
5.7926	-0.17647	0.0019151
5.7926	-0.12605	0.0021204
5.7926	-0.07563	0.0018863
5.7926	-0.02521	0.002068
5.7926	0.02521	0.002255
5.7926	0.07563	0.0019757
5.7926	0.12605	0.0021336
5.7926	0.17647	0.001785
5.7926	0.22689	0.0019135
5.7926	0.27731	0.0020406
5.7926	0.32773	0.0017451
5.7926	0.37815	0.0018422
5.7926	0.42857	0.0015569
5.7926	0.47899	0.0016261
5.7926	0.52941	0.0016888
5.7926	0.57983	0.0014015
5.7926	0.63025	0.0014393
5.7926	0.68067	0.0011774
5.7926	0.73109	0.0011947
5.7926	0.78151	0.0012043
5.8403	-0.98319	0.0010911
5.8403	-0.93277	0.0011027
5.8403	-0.88235	0.0013246
5.8403	-0.83193	0.0013151
5.8403	-0.78151	0.0015588
5.8403	-0.73109	0.0018321
5.8403	-0.68067	0.0017823
5.8403	-0.63025	0.0020704
5.8403	-0.57983	0.001983
5.8403	-0.52941	0.0022786
5.8403	-0.47899	0.0025985
5.8403	-0.42857	0.0024445
5.8403	-0.37815	0.0027597
5.8403	-0.32773	0.0025587
5.8403	-0.27731	0.0028607
5.8403	-0.22689	0.0031757
5.8403	-0.17647	0.0028966
5.8403	-0.12605	0.0031857
5.8403	-0.07563	0.0028673
5.8403	-0.02521	0.0031247
5.8403	0.02521	0.0033815
5.8403	0.07563	0.0029987
5.8403	0.12605	0.0032157
5.8403	0.17647	0.0028171
5.8403	0.22689	0.0029934
5.8403	0.27731	0.0025912
5.8403	0.32773	0.0027277
5.8403	0.37815	0.0028508
5.8403	0.42857	0.0024321
5.8403	0.47899	0.0025171
5.8403	0.52941	0.0021196
5.8403	0.57983	0.0021712
5.8403	0.63025	0.0022069
5.8403	0.68067	0.0018266
5.8403	0.73109	0.0018358
5.8403	0.78151	0.0014952
5.8403	0.83193	0.0014844
5.8403	0.88235	0.0014607
5.8403	0.93277	0.0011769
5.8403	0.98319	0.0011474
5.888	-1.1345	0.0010784
5.888	-1.084	0.0011339
5.888	-1.0336	0.0013768
5.888	-0.98319	0.0014185
5.888	-0.93277	0.001696
5.888	-0.88235	0.0020087
5.888	-0.83193	0.0020237
5.888	-0.78151	0.0023657
5.888	-0.73109	0.0023458
5.888	-0.68067	0.0027096
5.888	-0.63025	0.0031046
5.888	-0.57983	0.0030233
5.888	-0.52941	0.0034268
5.888	-0.47899	0.0032894
5.888	-0.42857	0.0036906
5.888	-0.37815	0.0041101
5.888	-0.32773	0.0036846
5.888	-0.27731	0.0040789
5.888	-0.22689	0.0038011
5.888	-0.17647	0.0041684
5.888	-0.12605	0.0045385
5.888	-0.07563	0.004162
5.888	-0.02521	0.0044902
5.888	0.02521	0.004062
5.888	0.07563	0.0043425
5.888	0.12605	0.0046094
5.888	0.17647	0.0041069
5.888	0.22689	0.0043194
5.888	0.27731	0.0037997
5.888	0.32773	0.0039593
5.888	0.37815	0.0040954
5.888	0.42857	0.0035499
5.888	0.47899	0.0036364
5.888	0.52941	0.0031122
5.888	0.57983	0.0031556
5.888	0.63025	0.0031746
5.888	0.68067	0.0026733
5.888	0.73109	0.0026596
5.888	0.78151	0.0022066
5.888	0.83193	0.002169
5.888	0.88235	0.0017699
5.888	0.93277	0.001717
5.888	0.98319	0.0016496
5.888	1.0336	0.0013143
5.888	1.084	0.001243
5.9356	-1.1849	0.0011527
5.9356	-1.1345	0.0014129
5.9356	-1.084	0.0015114
5.9356	-1.0336	0.0018193
5.9356	-0.98319	0.0019055
5.9356	-0.93277	0.0022577
5.9356	-0.88235	0.0026502
5.9356	-0.83193	0.0027121
5.9356	-0.78151	0.0031414
5.9356	-0.73109	0.0031643
5.9356	-0.68067	0.0036207
5.9356	-0.63025	0.0041104
5.9356	-0.57983	0.0040665
5.9356	-0.52941	0.0045661
5.9356	-0.47899	0.0044566
5.9356	-0.42857	0.0049525
5.9356	-0.37815	0.0047697
5.9356	-0.32773	0.0052483
5.9356	-0.27731	0.0057342
5.9356	-0.22689	0.0054356
5.9356	-0.17647	0.0058827
5.9356	-0.12605	0.005502
5.9356	-0.07563	0.0058992
5.9356	-0.02521	0.0062817
5.9356	0.02521	0.0057822
5.9356	0.07563	0.0061003
5.9356	0.12605	0.0055393
5.9356	0.17647	0.0057898
5.9356	0.22689	0.0060097
5.9356	0.27731	0.0053707
5.9356	0.32773	0.0055217
5.9356	0.37815	0.0048692
5.9356	0.42857	0.0049573
5.9356	0.47899	0.0049883
5.9356	0.52941	0.0043354
5.9356	0.57983	0.0043527
5.9356	0.63025	0.0037331
5.9356	0.68067	0.0037076
5.9356	0.73109	0.0036531
5.9356	0.78151	0.0030792
5.9356	0.83193	0.0029975
5.9356	0.88235	0.0024881
5.9356	0.93277	0.0023905
5.9356	0.98319	0.0022753
5.9356	1.0336	0.0018465
5.9356	1.084	0.0017303
5.9356	1.1345	0.0013751
5.9356	1.1849	0.0012658
5.9356	1.2353	0.001151
5.9833	-1.2857	0.0011655
5.9833	-1.2353	0.0013063
5.9833	-1.1849	0.0015996
5.9833	-1.1345	0.0017466
5.9833	-1.084	0.0020979
5.9833	-1.0336	0.0024939
5.9833	-0.98319	0.0026455
5.9833	-0.93277	0.003096
5.9833	-0.88235	0.0032232
5.9833	-0.83193	0.0037197
5.9833	-0.78151	0.0039834
5.9833	-0.73109	0.0040691
5.9833	-0.68067	0.0046185
5.9833	-0.63025	0.0046482
5.9833	-0.57983	0.0052154
5.9833	-0.52941	0.0058088
5.9833	-0.47899	0.0057467
5.9833	-0.42857	0.0063335
5.9833	-0.37815	0.0061867
5.9833	-0.32773	0.0067501
5.9833	-0.27731	0.0073147
5.9833	-0.22689	0.0070365
5.9833	-0.17647	0.007552
5.9833	-0.12605	0.0071754
5.9833	-0.07563	0.0076286
5.9833	-0.02521	0.008057
5.9833	0.02521	0.0075375
5.9833	0.07563	0.0078864
5.9833	0.12605	0.0072817
5.9833	0.17647	0.0075471
5.9833	0.22689	0.0077703
5.9833	0.27731	0.0070577
5.9833	0.32773	0.0071962
5.9833	0.37815	0.0064466
5.9833	0.42857	0.006508
5.9833	0.47899	0.0057498
5.9833	0.52941	0.0057449
5.9833	0.57983	0.0056984
5.9833	0.63025	0.0049477
5.9833	0.68067	0.0048533
5.9833	0.73109	0.0041542
5.9833	0.78151	0.0040268
5.9833	0.83193	0.0038713
5.9833	0.88235	0.0032497
5.9833	0.93277	0.0030823
5.9833	0.98319	0.0025446
5.9833	1.0336	0.0023775
5.9833	1.084	0.0021991
5.9833	1.1345	0.0017691
5.9833	1.1849	0.0016065
5.9833	1.2353	0.0013322
5.9833	1.2857	0.0011916
5.9833	1.3361	0.0010514
6.031	-1.3361	0.001108
6.031	-1.2857	0.0013814
6.031	-1.2353	0.0015724
6.031	-1.1849	0.0019146
6.031	-1.1345	0.002123
6.031	-1.084	0.0025345
6.031	-1.0336	0.002995
6.031	-0.98319	0.0032242
6.031	-0.93277	0.0037495
6.031	-0.88235	0.0039595
6.031	-0.83193	0.0045394
6.031	-0.78151	0.0047109
6.031	-0.73109	0.0053313
6.031	-0.68067	0.0059876
6.031	-0.63025	0.0060901
6.031	-0.57983	0.0067611
6.031	-0.52941	0.006781
6.031	-0.47899	0.0074468
6.031	-0.42857	0.0081223
6.031	-0.37815	0.0080129
6.031	-0.32773	0.0086514
6.031	-0.27731	0.0084325
6.031	-0.22689	0.0090156
6.031	-0.17647	0.0095771
6.031	-0.12605	0.0091969
6.031	-0.07563	0.0096768
6.031	-0.02521	0.0089747
6.031	0.02521	0.009384
6.031	0.07563	0.0097496
6.031	0.12605	0.009128
6.031	0.17647	0.0093938
6.031	0.22689	0.0086839
6.031	0.27731	0.0088508
6.031	0.32773	0.0089622
6.031	0.37815	0.0081478
6.031	0.42857	0.0081678
6.031	0.47899	0.0073222
6.031	0.52941	0.0072639
6.031	0.57983	0.0071558
6.031	0.63025	0.0062981
6.031	0.68067	0.0061349
6.031	0.73109	0.0053189
6.031	0.78151	0.0051193
6.031	0.83193	0.0048883
6.031	0.88235	0.0041521
6.031	0.93277	0.0039113
6.031	0.98319	0.003267
6.031	1.0336	0.0030316
6.031	1.084	0.0024862
6.031	1.1345	0.0022681
6.031	1.1849	0.0020466
6.031	1.2353	0.0016293
6.031	1.2857	0.0014389
6.031	1.3361	0.0011149
6.0787	-1.3866	0.0011345
6.0787	-1.3361	0.0014193
6.0787	-1.2857	0.0016455
6.0787	-1.2353	0.0018201
6.0787	-1.1849	0.0022062
6.0787	-1.1345	0.0024785
6.0787	-1.084	0.0029442
6.0787	-1.0336	0.0032343
6.0787	-0.98319	0.0037759
6.0787	-0.93277	0.0043683
6.0787	-0.88235	0.0046742
6.0787	-0.83193	0.0053295
6.0787	-0.78151	0.0056036
6.0787	-0.73109	0.0063055
6.0787	-0.68067	0.0070426
6.0787	-0.63025	0.0072512
6.0787	-0.57983	0.0080041
6.0787	-0.52941	0.0081211
6.0787	-0.47899	0.0088657
6.0787	-0.42857	0.0096144
6.0787	-0.37815	0.0095855
6.0787	-0.32773	0.010288
6.0787	-0.27731	0.01013
6.0787	-0.22689	0.010765
6.0787	-0.17647	0.010474
6.0787	-0.12605	0.011023
6.0787	-0.07563	0.011528
6.0787	-0.02521	0.011053
6.0787	0.02521	0.01145
6.0787	0.07563	0.010853
6.0787	0.12605	0.011136
6.0787	0.17647	0.011356
6.0787	0.22689	0.010603
6.0787	0.27731	0.010707
6.0787	0.32773	0.0098746
6.0787	0.37815	0.0098724
6.0787	0.42857	0.0098063
6.0787	0.47899	0.0088903
6.0787	0.52941	0.0087376
6.0787	0.57983	0.0078087
6.0787	0.63025	0.0075896
6.0787	0.68067	0.007324
6.0787	0.73109	0.0065534
6.0787	0.78151	0.0062707
6.0787	0.83193	0.0054188
6.0787	0.88235	0.005118
6.0787	0.93277	0.0047941
6.0787	0.98319	0.0040489
6.0787	1.0336	0.003736
6.0787	1.084	0.0030964
6.0787	1.1345	0.0028091
6.0787	1.1849	0.0025215
6.0787	1.2353	0.0020286
6.0787	1.2857	0.0017826
6.0787	1.3361	0.0013972
6.0787	1.3866	0.0011964
6.0787	1.437	0.001008
6.1263	-1.3866	0.0012645
6.1263	-1.3361	0.0015771
6.1263	-1.2857	0.0018483
6.1263	-1.2353	0.0022458
6.1263	-1.1849	0.0025622
6.1263	-1.1345	0.0030473
6.1263	-1.084	0.0035865
6.1263	-1.0336	0.0039683
6.1263	-0.98319	0.0045913
6.1263	-0.93277	0.0049844
6.1263	-0.88235	0.0056803
6.1263	-0.83193	0.0064215
6.1263	-0.78151	0.0068123
6.1263	-0.73109	0.0076009
6.1263	-0.68067	0.0079368
6.1263	-0.63025	0.0087489
6.1263	-0.57983	0.0095781
6.1263	-0.52941	0.0098079
6.1263	-0.47899	0.010214
6.1263	-0.42857	0.010335
6.1263	-0.37815	0.011107
6.1263	-0.32773	0.011862
6.1263	-0.27731	0.011797
6.1263	-0.22689	0.012472
6.1263	-0.17647	0.012249
6.1263	-0.12605	0.012823
6.1263	-0.07563	0.013342
6.1263	-0.02521	0.012903
6.1263	0.02521	0.013297
6.1263	0.07563	0.012713
6.1263	0.12605	0.012976
6.1263	0.17647	0.013164
6.1263	0.22689	0.0124
6.1263	0.27731	0.012458
6.1263	0.32773	0.011601
6.1263	0.37815	0.011538
6.1263	0.42857	0.010614
6.1263	0.47899	0.010448
6.1263	0.52941	0.010217
6.1263	0.57983	0.0092371
6.1263	0.63025	0.0089332
6.1263	0.68067	0.0079595
6.1263	0.73109	0.007607
6.1263	0.78151	0.0072168
6.1263	0.83193	0.0062954
6.1263	0.88235	0.0058935
6.1263	0.93277	0.0050512
6.1263	0.98319	0.00466
6.1263	1.0336	0.0042607
6.1263	1.084	0.0035563
6.1263	1.1345	0.0031953
6.1263	1.1849	0.0026086
6.1263	1.2353	0.0022968
6.1263	1.2857	0.0019973
6.1263	1.3361	0.0015714
6.1263	1.3866	0.0013304
6.1263	1.437	0.0010124
6.174	-1.437	0.0010851
6.174	-1.3866	0.0013724
6.174	-1.3361	0.0017078
6.174	-1.2857	0.002021
6.174	-1.2353	0.0024485
6.174	-1.1849	0.0028192
6.174	-1.1345	0.0033414
6.174	-1.084	0.0039192
6.174	-1.0336	0.0043748
6.174	-0.98319	0.0050427
6.174	-0.93277	0.005525
6.174	-0.88235	0.0062715
6.174	-0.83193	0.006756
6.174	-0.78151	0.0075635
6.174	-0.73109	0.0084049
6.174	-0.68067	0.0088658
6.174	-0.63025	0.0097322
6.174	-0.57983	0.010117
6.174	-0.52941	0.010979
6.174	-0.47899	0.011837
6.174	-0.42857	0.012079
6.174	-0.37815	0.012885
6.174	-0.32773	0.012972
6.174	-0.27731	0.013696
6.174	-0.22689	0.014373
6.174	-0.17647	0.014225
6.174	-0.12605	0.014781
6.174	-0.07563	0.014446
6.174	-0.02521	0.014865
6.174	0.02521	0.015205
6.174	0.07563	0.014628
6.174	0.12605	0.014818
6.174	0.17647	0.014091
6.174	0.22689	0.014135
6.174	0.27731	0.014125
6.174	0.32773	0.013254
6.174	0.37815	0.013122
6.174	0.42857	0.012171
6.174	0.47899	0.011926
6.174	0.52941	0.011612
6.174	0.57983	0.010592
6.174	0.63025	0.010199
6.174	0.68067	0.0091789
6.174	0.73109	0.008735
6.174	0.78151	0.0082529
6.174	0.83193	0.0072778
6.174	0.88235	0.0067859
6.174	0.93277	0.0058826
6.174	0.98319	0.0054057
6.174	1.0336	0.0045976
6.174	1.084	0.0041566
6.174	1.1345	0.0037212
6.174	1.1849	0.003071
6.174	1.2353	0.0026947
6.174	1.2857	0.0021673
6.174	1.3361	0.0018568
6.174	1.3866	0.0015677
6.174	1.437	0.0012049
6.2217	-1.4874	0.0010368
6.2217	-1.437	0.0012956
6.2217	-1.3866	0.0016225
6.2217	-1.3361	0.0019524
6.2217	-1.2857	0.0023753
6.2217	-1.2353	0.002853
6.2217	-1.1849	0.0032972
6.2217	-1.1345	0.0038762
6.2217	-1.084	0.0043792
6.2217	-1.0336	0.0050548
6.2217	-0.98319	0.0057823
6.2217	-0.93277	0.0059754
6.2217	-0.88235	0.0067597
6.2217	-0.83193	0.007339
6.2217	-0.78151	0.0081868
6.2217	-0.73109	0.0090652
6.2217	-0.68067	0.0096401
6.2217	-0.63025	0.010543
6.2217	-0.57983	0.011057
6.2217	-0.52941	0.011954
6.2217	-0.47899	0.01284
6.2217	-0.42857	0.013225
6.2217	-0.37815	0.014054
6.2217	-0.32773	0.014286
6.2217	-0.27731	0.015026
6.2217	-0.22689	0.015077
6.2217	-0.17647	0.015698
6.2217	-0.12605	0.016249
6.2217	-0.07563	0.01603
6.2217	-0.02521	0.01643
6.2217	0.02521	0.016006
6.2217	0.07563	0.016245
6.2217	0.12605	0.016393
6.2217	0.17647	0.015711
6.2217	0.22689	0.015697
6.2217	0.27731	0.014864
6.2217	0.32773	0.014703
6.2217	0.37815	0.014456
6.2217	0.42857	0.01347
6.2217	0.47899	0.013106
6.2217	0.52941	0.012065
6.2217	0.57983	0.011611
6.2217	0.63025	0.0111
6.2217	0.68067	0.010041
6.2217	0.73109	0.0094859
6.2217	0.78151	0.008461
6.2217	0.83193	0.0078911
6.2217	0.88235	0.0073031
6.2217	0.93277	0.0063721
6.2217	0.98319	0.0058109
6.2217	1.0336	0.0052362
6.2217	1.084	0.0047186
6.2217	1.1345	0.0042115
6.2217	1.1849	0.0035144
6.2217	1.2353	0.0030752
6.2217	1.2857	0.0025009
6.2217	1.3361	0.0021373
6.2217	1.3866	0.0018008
6.2217	1.437	0.0013992
6.2217	1.4874	0.0011409
6.2694	-1.4874	0.0010509
6.2694	-1.437	0.0013387
6.2694	-1.3866	0.0016748
6.2694	-1.3361	0.0020369
6.2694	-1.2857	0.0024737
6.2694	-1.2353	0.0029171
6.2694	-1.1849	0.0034589
6.2694	-1.1345	0.0040566
6.2694	-1.084	0.0046213
6.2694	-1.0336	0.0053198
6.2694	-0.98319	0.005939
6.2694	-0.93277	0.0067262
6.2694	-0.88235	0.0075559
6.2694	-0.83193	0.0082349
6.2694	-0.78151	0.0091232
6.2694	-0.73109	0.009794
6.2694	-0.68067	0.010713
6.2694	-0.63025	0.01164
6.2694	-0.57983	0.012261
6.2694	-0.52941	0.013169
6.2694	-0.47899	0.013695
6.2694	-0.42857	0.014549
6.2694	-0.37815	0.015363
6.2694	-0.32773	0.015709
6.2694	-0.27731	0.016417
6.2694	-0.22689	0.016582
6.2694	-0.17647	0.016879
6.2694	-0.12605	0.017412
6.2694	-0.07563	0.017333
6.2694	-0.02521	0.017705
6.2694	0.02521	0.017405
6.2694	0.07563	0.017604
6.2694	0.12605	0.017703
6.2694	0.17647	0.017112
6.2694	0.22689	0.017038
6.2694	0.27731	0.016262
6.2694	0.32773	0.016029
6.2694	0.37815	0.015108
6.2694	0.42857	0.014738
6.2694	0.47899	0.014289
6.2694	0.52941	0.01324
6.2694	0.57983	0.012697
6.2694	0.63025	0.011616
6.2694	0.68067	0.011011
6.2694	0.73109	0.010367
6.2694	0.78151	0.0093084
6.2694	0.83193	0.0086529
6.2694	0.88235	0.0076545
6.2694	0.93277	0.0070171
6.2694	0.98319	0.0063799
6.2694	1.0336	0.0055109
6.2694	1.084	0.004929
6.2694	1.1345	0.0041724
6.2694	1.1849	0.0036622
6.2694	1.2353	0.0031788
6.2694	1.2857	0.0025984
6.2694	1.3361	0.0022013
6.2694	1.3866	0.0017436
6.2694	1.437	0.0014331
6.2694	1.4874	0.0011565
6.317	-1.4874	0.0011994
6.317	-1.437	0.001513
6.317	-1.3866	0.0016882
6.317	-1.3361	0.002075
6.317	-1.2857	0.0025166
6.317	-1.2353	0.0029972
6.317	-1.1849	0.0035472
6.317	-1.1345	0.0041519
6.317	-1.084	0.0047723
6.317	-1.0336	0.0054808
6.317	-0.98319	0.006169
6.317	-0.93277	0.0069688
6.317	-0.88235	0.0077004
6.317	-0.83193	0.0085714
6.317	-0.78151	0.0094696
6.317	-0.73109	0.010233
6.317	-0.68067	0.011161
6.317	-0.63025	0.01189
6.317	-0.57983	0.012814
6.317	-0.52941	0.013721
6.317	-0.47899	0.014356
6.317	-0.42857	0.015204
6.317	-0.37815	0.015716
6.317	-0.32773	0.01647
6.317	-0.27731	0.017159
6.317	-0.22689	0.017453
6.317	-0.17647	0.018
6.317	-0.12605	0.018095
6.317	-0.07563	0.018478
6.317	-0.02521	0.018762
6.317	0.02521	0.018558
6.317	0.07563	0.018659
6.317	0.12605	0.01823
6.317	0.17647	0.018147
6.317	0.22689	0.017962
6.317	0.27731	0.017252
6.317	0.32773	0.016903
6.317	0.37815	0.016024
6.317	0.42857	0.015536
6.317	0.47899	0.014971
6.317	0.52941	0.013939
6.317	0.57983	0.013619
6.317	0.63025	0.01254
6.317	0.68067	0.011851
6.317	0.73109	0.011124
6.317	0.78151	0.010048
6.317	0.83193	0.0093126
6.317	0.88235	0.0082876
6.317	0.93277	0.0075756
6.317	0.98319	0.0066344
6.317	1.0336	0.0059722
6.317	1.084	0.0053279
6.317	1.1345	0.0045445
6.317	1.1849	0.0039798
6.317	1.2353	0.003319
6.317	1.2857	0.0028439
6.317	1.3361	0.0024055
6.317	1.3866	0.0019256
6.317	1.437	0.0015814
6.317	1.4874	0.0012183
6.3647	-1.4874	0.0011836
6.3647	-1.437	0.0014931
6.3647	-1.3866	0.0018677
6.3647	-1.3361	0.0022792
6.3647	-1.2857	0.0027424
6.3647	-1.2353	0.0032774
6.3647	-1.1849	0.0038507
6.3647	-1.1345	0.0044868
6.3647	-1.084	0.0051673
6.3647	-1.0336	0.0058952
6.3647	-0.98319	0.0066671
6.3647	-0.93277	0.0074834
6.3647	-0.88235	0.008308
6.3647	-0.83193	0.0091902
6.3647	-0.78151	0.010091
6.3647	-0.73109	0.010953
6.3647	-0.68067	0.011874
6.3647	-0.63025	0.012239
6.3647	-0.57983	0.013154
6.3647	-0.52941	0.014047
6.3647	-0.47899	0.014785
6.3647	-0.42857	0.015614
6.3647	-0.37815	0.016231
6.3647	-0.32773	0.01696
6.3647	-0.27731	0.017424
6.3647	-0.22689	0.018021
6.3647	-0.17647	0.018532
6.3647	-0.12605	0.018743
6.3647	-0.07563	0.019083
6.3647	-0.02521	0.019083
6.3647	0.02521	0.01924
6.3647	0.07563	0.019288
6.3647	0.12605	0.018985
6.3647	0.17647	0.018845
6.3647	0.22689	0.018326
6.3647	0.27731	0.018009
6.3647	0.32773	0.017595
6.3647	0.37815	0.016819
6.3647	0.42857	0.016262
6.3647	0.47899	0.015337
6.3647	0.52941	0.014669
6.3647	0.57983	0.013941
6.3647	0.63025	0.012901
6.3647	0.68067	0.012119
6.3647	0.73109	0.011052
6.3647	0.78151	0.010252
6.3647	0.83193	0.0094426
6.3647	0.88235	0.0084281
6.3647	0.93277	0.0076536
6.3647	0.98319	0.0067179
6.3647	1.0336	0.006006
6.3647	1.084	0.0053209
6.3647	1.1345	0.0045462
6.3647	1.1849	0.003952
6.3647	1.2353	0.0033013
6.3647	1.2857	0.0028064
6.3647	1.3361	0.0025749
6.3647	1.3866	0.002079
6.3647	1.437	0.001706
6.3647	1.4874	0.0013281
6.3647	1.5378	0.0010498
6.4124	-1.4874	0.0011464
6.4124	-1.437	0.0014466
6.4124	-1.3866	0.001825
6.4124	-1.3361	0.0022255
6.4124	-1.2857	0.0027146
6.4124	-1.2353	0.0032229
6.4124	-1.1849	0.0037813
6.4124	-1.1345	0.0044421
6.4124	-1.084	0.0051068
6.4124	-1.0336	0.0058697
6.4124	-0.98319	0.0066308
6.4124	-0.93277	0.0074275
6.4124	-0.88235	0.0083136
6.4124	-0.83193	0.0091762
6.4124	-0.78151	0.010098
6.4124	-0.73109	0.010997
6.4124	-0.68067	0.011894
6.4124	-0.63025	0.012814
6.4124	-0.57983	0.013694
6.4124	-0.52941	0.014546
6.4124	-0.47899	0.015369
6.4124	-0.42857	0.016141
6.4124	-0.37815	0.016839
6.4124	-0.32773	0.017498
6.4124	-0.27731	0.018035
6.4124	-0.22689	0.018549
6.4124	-0.17647	0.01897
6.4124	-0.12605	0.019243
6.4124	-0.07563	0.019485
6.4124	-0.02521	0.019547
6.4124	0.02521	0.019598
6.4124	0.07563	0.01954
6.4124	0.12605	0.019388
6.4124	0.17647	0.019193
6.4124	0.22689	0.018788
6.4124	0.27731	0.018413
6.4124	0.32773	0.017811
6.4124	0.37815	0.017277
6.4124	0.42857	0.016661
6.4124	0.47899	0.015839
6.4124	0.52941	0.01511
6.4124	0.57983	0.014169
6.4124	0.63025	0.013364
6.4124	0.68067	0.012523
6.4124	0.73109	0.01151
6.4124	0.78151	0.010652
6.4124	0.83193	0.0096374
6.4124	0.88235	0.0087999
6.4124	0.93277	0.0079733
6.4124	0.98319	0.0070444
6.4124	1.0336	0.0062843
6.4124	1.084	0.0054484
6.4124	1.1345	0.004776
6.4124	1.1849	0.0041441
6.4124	1.2353	0.0034829
6.4124	1.2857	0.0029563
6.4124	1.3361	0.0024195
6.4124	1.3866	0.0019995
6.4124	1.437	0.0016261
6.4124	1.4874	0.0012647
6.4601	-1.4874	0.0012302
6.4601	-1.437	0.0015381
6.4601	-1.3866	0.0019394
6.4601	-1.3361	0.0023464
6.4601	-1.2857	0.002864
6.4601	-1.2353	0.0033759
6.4601	-1.1849	0.0039336
6.4601	-1.1345	0.0046303
6.4601	-1.084	0.0049546
6.4601	-1.0336	0.0057355
6.4601	-0.98319	0.0064674
6.4601	-0.93277	0.0073451
6.4601	-0.88235	0.0081534
6.4601	-0.83193	0.008981
6.4601	-0.78151	0.0099594
6.4601	-0.73109	0.010823
6.4601	-0.68067	0.011816
6.4601	-0.63025	0.01268
6.4601	-0.57983	0.01352
6.4601	-0.52941	0.014468
6.4601	-0.47899	0.015251
6.4601	-0.42857	0.016097
6.4601	-0.37815	0.016785
6.4601	-0.32773	0.017399
6.4601	-0.27731	0.018045
6.4601	-0.22689	0.018513
6.4601	-0.17647	0.018967
6.4601	-0.12605	0.019264
6.4601	-0.07563	0.019456
6.4601	-0.02521	0.019617
6.4601	0.02521	0.019618
6.4601	0.07563	0.01956
6.4601	0.12605	0.019368
6.4601	0.17647	0.019071
6.4601	0.22689	0.018723
6.4601	0.27731	0.018251
6.4601	0.32773	0.017716
6.4601	0.37815	0.017092
6.4601	0.42857	0.016394
6.4601	0.47899	0.01565
6.4601	0.52941	0.014848
6.4601	0.57983	0.01399
6.4601	0.63025	0.013122
6.4601	0.68067	0.012228
6.4601	0.73109	0.011296
6.4601	0.78151	0.010395
6.4601	0.83193	0.0094505
6.4601	0.88235	0.0090126
6.4601	0.93277	0.0080809
6.4601	0.98319	0.0072559
6.4601	1.0336	0.0064606
6.4601	1.084	0.0056415
6.4601	1.1345	0.0049365
6.4601	1.1849	0.0042187
6.4601	1.2353	0.0036182
6.4601	1.2857	0.0030671
6.4601	1.3361	0.0025265
6.4601	1.3866	0.0020861
6.4601	1.437	0.0016636
6.4601	1.4874	0.0013287
6.4601	1.5378	0.0010398
6.5077	-1.4874	0.0011536
6.5077	-1.437	0.0014929
6.5077	-1.3866	0.0018341
6.5077	-1.3361	0.002218
6.5077	-1.2857	0.0027261
6.5077	-1.2353	0.0032102
6.5077	-1.1849	0.0038407
6.5077	-1.1345	0.0044246
6.5077	-1.084	0.0050464
6.5077	-1.0336	0.0058526
6.5077	-0.98319	0.0065595
6.5077	-0.93277	0.0074689
6.5077	-0.88235	0.0082426
6.5077	-0.83193	0.0090275
6.5077	-0.78151	0.010046
6.5077	-0.73109	0.010856
6.5077	-0.68067	0.011902
6.5077	-0.63025	0.012703
6.5077	-0.57983	0.013472
6.5077	-0.52941	0.014485
6.5077	-0.47899	0.015188
6.5077	-0.42857	0.016111
6.5077	-0.37815	0.016712
6.5077	-0.32773	0.017231
6.5077	-0.27731	0.017738
6.5077	-0.22689	0.018156
6.5077	-0.17647	0.018723
6.5077	-0.12605	0.018971
6.5077	-0.07563	0.019326
6.5077	-0.02521	0.019387
6.5077	0.02521	0.01934
6.5077	0.07563	0.019385
6.5077	0.12605	0.019147
6.5077	0.17647	0.018973
6.5077	0.22689	0.018554
6.5077	0.27731	0.018042
6.5077	0.32773	0.017597
6.5077	0.37815	0.016936
6.5077	0.42857	0.016329
6.5077	0.47899	0.01555
6.5077	0.52941	0.014718
6.5077	0.57983	0.01395
6.5077	0.63025	0.013055
6.5077	0.68067	0.012209
6.5077	0.73109	0.011289
6.5077	0.78151	0.010367
6.5077	0.83193	0.0094965
6.5077	0.88235	0.0086034
6.5077	0.93277	0.0077494
6.5077	0.98319	0.0069169
6.5077	1.0336	0.0061215
6.5077	1.084	0.0053668
6.5077	1.1345	0.004666
6.5077	1.1849	0.0039995
6.5077	1.2353	0.0034064
6.5077	1.2857	0.0028667
6.5077	1.3361	0.002364
6.5077	1.3866	0.0019361
6.5077	1.437	0.0015425
6.5077	1.4874	0.0012203
6.5554	-1.4874	0.0010631
6.5554	-1.437	0.0013889
6.5554	-1.3866	0.0017066
6.5554	-1.3361	0.0021438
6.5554	-1.2857	0.0025553
6.5554	-1.2353	0.0030064
6.5554	-1.1849	0.0036208
6.5554	-1.1345	0.004166
6.5554	-1.084	0.0049023
6.5554	-1.0336	0.0055345
6.5554	-0.98319	0.0061928
6.5554	-0.93277	0.0070902
6.5554	-0.88235	0.0078103
6.5554	-0.83193	0.0087952
6.5554	-0.78151	0.0095529
6.5554	-0.73109	0.010303
6.5554	-0.68067	0.011361
6.5554	-0.63025	0.012101
6.5554	-0.57983	0.013162
6.5554	-0.52941	0.013856
6.5554	-0.47899	0.014497
6.5554	-0.42857	0.015483
6.5554	-0.37815	0.016025
6.5554	-0.32773	0.016896
6.5554	-0.27731	0.017305
6.5554	-0.22689	0.017623
6.5554	-0.17647	0.018263
6.5554	-0.12605	0.018411
6.5554	-0.07563	0.018843
6.5554	-0.02521	0.018806
6.5554	0.02521	0.018666
6.5554	0.07563	0.018786
6.5554	0.12605	0.018461
6.5554	0.17647	0.018356
6.5554	0.22689	0.017858
6.5554	0.27731	0.017275
6.5554	0.32773	0.016895
6.5554	0.37815	0.016175
6.5554	0.42857	0.016026
6.5554	0.47899	0.015225
6.5554	0.52941	0.014572
6.5554	0.57983	0.013693
6.5554	0.63025	0.012786
6.5554	0.68067	0.012021
6.5554	0.73109	0.011091
6.5554	0.78151	0.010285
6.5554	0.83193	0.0093678
6.5554	0.88235	0.0084703
6.5554	0.93277	0.0076837
6.5554	0.98319	0.0068462
6.5554	1.0336	0.0060993
6.5554	1.084	0.0053456
6.5554	1.1345	0.004641
6.5554	1.1849	0.004012
6.5554	1.2353	0.0034132
6.5554	1.2857	0.0028753
6.5554	1.3361	0.0023876
6.5554	1.3866	0.0019547
6.5554	1.437	0.0015713
6.5554	1.4874	0.0012436
6.6031	-1.4874	0.0010791
6.6031	-1.437	0.0014102
6.6031	-1.3866	0.0017186
6.6031	-1.3361	0.0021618
6.6031	-1.2857	0.0025581
6.6031	-1.2353	0.002989
6.6031	-1.1849	0.0036072
6.6031	-1.1345	0.0041239
6.6031	-1.084	0.0048628
6.6031	-1.0336	0.0054568
6.6031	-0.98319	0.0060698
6.6031	-0.93277	0.0069637
6.6031	-0.88235	0.0076275
6.6031	-0.83193	0.0086066
6.6031	-0.78151	0.008953
6.6031	-0.73109	0.0099817
6.6031	-0.68067	0.010681
6.6031	-0.63025	0.011353
6.6031	-0.57983	0.012413
6.6031	-0.52941	0.01304
6.6031	-0.47899	0.014076
6.6031	-0.42857	0.014623
6.6031	-0.37815	0.015101
6.6031	-0.32773	0.016022
6.6031	-0.27731	0.016373
6.6031	-0.22689	0.01716
6.6031	-0.17647	0.017358
6.6031	-0.12605	0.017461
6.6031	-0.07563	0.017996
6.6031	-0.02521	0.017921
6.6031	0.02521	0.018244
6.6031	0.07563	0.017988
6.6031	0.12605	0.017638
6.6031	0.17647	0.017655
6.6031	0.22689	0.017137
6.6031	0.27731	0.01694
6.6031	0.32773	0.016276
6.6031	0.37815	0.015548
6.6031	0.42857	0.015107
6.6031	0.47899	0.014278
6.6031	0.52941	0.013699
6.6031	0.57983	0.012803
6.6031	0.63025	0.011891
6.6031	0.68067	0.011202
6.6031	0.73109	0.010278
6.6031	0.78151	0.00955
6.6031	0.83193	0.0086496
6.6031	0.88235	0.0077762
6.6031	0.93277	0.0070696
6.6031	0.98319	0.0062618
6.6031	1.0336	0.0055936
6.6031	1.084	0.0048722
6.6031	1.1345	0.0042648
6.6031	1.1849	0.0039475
6.6031	1.2353	0.0033546
6.6031	1.2857	0.0028506
6.6031	1.3361	0.0023655
6.6031	1.3866	0.00195
6.6031	1.437	0.0015714
6.6031	1.4874	0.0012442
6.6508	-1.4874	0.0010194
6.6508	-1.437	0.0012652
6.6508	-1.3866	0.0015422
6.6508	-1.3361	0.0019575
6.6508	-1.2857	0.0023151
6.6508	-1.2353	0.002849
6.6508	-1.1849	0.0032887
6.6508	-1.1345	0.0037553
6.6508	-1.084	0.0044614
6.6508	-1.0336	0.0049991
6.6508	-0.98319	0.0058176
6.6508	-0.93277	0.006412
6.6508	-0.88235	0.007011
6.6508	-0.83193	0.0079579
6.6508	-0.78151	0.0085796
6.6508	-0.73109	0.0095881
6.6508	-0.68067	0.010205
6.6508	-0.63025	0.010789
6.6508	-0.57983	0.011824
6.6508	-0.52941	0.012356
6.6508	-0.47899	0.01337
6.6508	-0.42857	0.013818
6.6508	-0.37815	0.014197
6.6508	-0.32773	0.015105
6.6508	-0.27731	0.015358
6.6508	-0.22689	0.016151
6.6508	-0.17647	0.016255
6.6508	-0.12605	0.016896
6.6508	-0.07563	0.016835
6.6508	-0.02521	0.01677
6.6508	0.02521	0.017188
6.6508	0.07563	0.016909
6.6508	0.12605	0.017121
6.6508	0.17647	0.016676
6.6508	0.22689	0.016152
6.6508	0.27731	0.016078
6.6508	0.32773	0.015414
6.6508	0.37815	0.015148
6.6508	0.42857	0.014371
6.6508	0.47899	0.013552
6.6508	0.52941	0.013081
6.6508	0.57983	0.012199
6.6508	0.63025	0.011617
6.6508	0.68067	0.010708
6.6508	0.73109	0.0098048
6.6508	0.78151	0.0091551
6.6508	0.83193	0.0082751
6.6508	0.88235	0.0076115
6.6508	0.93277	0.0067838
6.6508	0.98319	0.0059976
6.6508	1.0336	0.0053866
6.6508	1.084	0.0046843
6.6508	1.1345	0.004126
6.6508	1.1849	0.0035209
6.6508	1.2353	0.0029718
6.6508	1.2857	0.0025296
6.6508	1.3361	0.0020837
6.6508	1.3866	0.0017204
6.6508	1.437	0.0013747
6.6508	1.4874	0.0010787
6.6985	-1.4874	0.001003
6.6985	-1.437	0.0012339
6.6985	-1.3866	0.0015922
6.6985	-1.3361	0.0018956
6.6985	-1.2857	0.0020574
6.6985	-1.2353	0.0025528
6.6985	-1.1849	0.002944
6.6985	-1.1345	0.0035592
6.6985	-1.084	0.0040207
6.6985	-1.0336	0.0044988
6.6985	-0.98319	0.0052749
6.6985	-0.93277	0.0058044
6.6985	-0.88235	0.0066797
6.6985	-0.83193	0.0072413
6.6985	-0.78151	0.0077924
6.6985	-0.73109	0.0087634
6.6985	-0.68067	0.0093082
6.6985	-0.63025	0.010314
6.6985	-0.57983	0.010824
6.6985	-0.52941	0.011287
6.6985	-0.47899	0.012275
6.6985	-0.42857	0.012658
6.6985	-0.37815	0.013597
6.6985	-0.32773	0.013873
6.6985	-0.27731	0.014074
6.6985	-0.22689	0.014872
6.6985	-0.17647	0.014934
6.6985	-0.12605	0.015604
6.6985	-0.07563	0.015512
6.6985	-0.02521	0.015336
6.6985	0.02521	0.015774
6.6985	0.07563	0.015441
6.6985	0.12605	0.0157
6.6985	0.17647	0.015215
6.6985	0.22689	0.014662
6.6985	0.27731	0.014663
6.6985	0.32773	0.013986
6.6985	0.37815	0.013811
6.6985	0.42857	0.013035
6.6985	0.47899	0.012702
6.6985	0.52941	0.011858
6.6985	0.57983	0.011001
6.6985	0.63025	0.010517
6.6985	0.68067	0.0096421
6.6985	0.73109	0.0095223
6.6985	0.78151	0.0086507
6.6985	0.83193	0.0078036
6.6985	0.88235	0.007217
6.6985	0.93277	0.0064199
6.6985	0.98319	0.0058395
6.6985	1.0336	0.0051148
6.6985	1.084	0.0044405
6.6985	1.1345	0.0039324
6.6985	1.1849	0.0033509
6.6985	1.2353	0.0029025
6.6985	1.2857	0.0024198
6.6985	1.3361	0.0019916
6.6985	1.3866	0.0016569
6.6985	1.437	0.001324
6.6985	1.4874	0.0010611
6.7461	-1.437	0.0010701
6.7461	-1.3866	0.0013919
6.7461	-1.3361	0.0016565
6.7461	-1.2857	0.0019438
6.7461	-1.2353	0.0024156
6.7461	-1.1849	0.0027671
6.7461	-1.1345	0.003354
6.7461	-1.084	0.0037653
6.7461	-1.0336	0.0041874
6.7461	-0.98319	0.0049274
6.7461	-0.93277	0.0053906
6.7461	-0.88235	0.0062282
6.7461	-0.83193	0.0067142
6.7461	-0.78151	0.0076286
6.7461	-0.73109	0.0081145
6.7461	-0.68067	0.0085726
6.7461	-0.63025	0.0095367
6.7461	-0.57983	0.0099548
6.7461	-0.52941	0.010724
6.7461	-0.47899	0.011102
6.7461	-0.42857	0.011424
6.7461	-0.37815	0.012338
6.7461	-0.32773	0.01256
6.7461	-0.27731	0.013401
6.7461	-0.22689	0.013501
6.7461	-0.17647	0.013525
6.7461	-0.12605	0.0142
6.7461	-0.07563	0.014083
6.7461	-0.02521	0.014622
6.7461	0.02521	0.014358
6.7461	0.07563	0.014021
6.7461	0.12605	0.014333
6.7461	0.17647	0.013858
6.7461	0.22689	0.014005
6.7461	0.27731	0.013405
6.7461	0.32773	0.012757
6.7461	0.37815	0.012681
6.7461	0.42857	0.011942
6.7461	0.47899	0.01172
6.7461	0.52941	0.010917
6.7461	0.57983	0.010106
6.7461	0.63025	0.0097332
6.7461	0.68067	0.008905
6.7461	0.73109	0.0084499
6.7461	0.78151	0.0076343
6.7461	0.83193	0.0068483
6.7461	0.88235	0.0063554
6.7461	0.93277	0.0056206
6.7461	0.98319	0.0051253
6.7461	1.0336	0.0044618
6.7461	1.084	0.0039915
6.7461	1.1345	0.0034134
6.7461	1.1849	0.0028892
6.7461	1.2353	0.0025036
6.7461	1.2857	0.002072
6.7461	1.3361	0.0017473
6.7461	1.3866	0.001407
6.7461	1.437	0.0011145
6.7461	1.4874	0.0010138
6.7938	-1.3866	0.0011978
6.7938	-1.3361	0.001425
6.7938	-1.2857	0.0018057
6.7938	-1.2353	0.0020908
6.7938	-1.1849	0.0023921
6.7938	-1.1345	0.0029192
6.7938	-1.084	0.0032723
6.7938	-1.0336	0.0039087
6.7938	-0.98319	0.0043047
6.7938	-0.93277	0.0047007
6.7938	-0.88235	0.0054701
6.7938	-0.83193	0.0058854
6.7938	-0.78151	0.006736
6.7938	-0.73109	0.0071503
6.7938	-0.68067	0.007538
6.7938	-0.63025	0.0084473
6.7938	-0.57983	0.0087983
6.7938	-0.52941	0.0097199
6.7938	-0.47899	0.010009
6.7938	-0.42857	0.010244
6.7938	-0.37815	0.011111
6.7938	-0.32773	0.011252
6.7938	-0.27731	0.012049
6.7938	-0.22689	0.012076
6.7938	-0.17647	0.012776
6.7938	-0.12605	0.012676
6.7938	-0.07563	0.012506
6.7938	-0.02521	0.013021
6.7938	0.02521	0.01272
6.7938	0.07563	0.013095
6.7938	0.12605	0.012665
6.7938	0.17647	0.012181
6.7938	0.22689	0.012346
6.7938	0.27731	0.012055
6.7938	0.32773	0.012107
6.7938	0.37815	0.011441
6.7938	0.42857	0.010749
6.7938	0.47899	0.010616
6.7938	0.52941	0.0098662
6.7938	0.57983	0.0096186
6.7938	0.63025	0.0088382
6.7938	0.68067	0.0080685
6.7938	0.73109	0.0077137
6.7938	0.78151	0.0069547
6.7938	0.83193	0.0065457
6.7938	0.88235	0.0058225
6.7938	0.93277	0.0051393
6.7938	0.98319	0.0047217
6.7938	1.0336	0.0041032
6.7938	1.084	0.0036967
6.7938	1.1345	0.0031562
6.7938	1.1849	0.0026675
6.7938	1.2353	0.0023273
6.7938	1.2857	0.0019239
6.7938	1.3361	0.0016332
6.7938	1.3866	0.0013143
6.7938	1.437	0.0010409
6.8415	-1.3866	0.0011088
6.8415	-1.3361	0.0013085
6.8415	-1.2857	0.0016591
6.8415	-1.2353	0.0019071
6.8415	-1.1849	0.0023544
6.8415	-1.1345	0.0026483
6.8415	-1.084	0.0029492
6.8415	-1.0336	0.0035304
6.8415	-0.98319	0.0036974
6.8415	-0.93277	0.0043613
6.8415	-0.88235	0.0047193
6.8415	-0.83193	0.0050669
6.8415	-0.78151	0.0058385
6.8415	-0.73109	0.006184
6.8415	-0.68067	0.0070184
6.8415	-0.63025	0.007341
6.8415	-0.57983	0.0076282
6.8415	-0.52941	0.0084893
6.8415	-0.47899	0.0087211
6.8415	-0.42857	0.0095746
6.8415	-0.37815	0.0097293
6.8415	-0.32773	0.009828
6.8415	-0.27731	0.0106
6.8415	-0.22689	0.010597
6.8415	-0.17647	0.011286
6.8415	-0.12605	0.011169
6.8415	-0.07563	0.010991
6.8415	-0.02521	0.011513
6.8415	0.02521	0.011218
6.8415	0.07563	0.011613
6.8415	0.12605	0.011202
6.8415	0.17647	0.010746
6.8415	0.22689	0.010948
6.8415	0.27731	0.010397
6.8415	0.32773	0.010471
6.8415	0.37815	0.0098413
6.8415	0.42857	0.009796
6.8415	0.47899	0.0091092
6.8415	0.52941	0.0084186
6.8415	0.57983	0.0082364
6.8415	0.63025	0.0075257
6.8415	0.68067	0.0072642
6.8415	0.73109	0.0065573
6.8415	0.78151	0.0058779
6.8415	0.83193	0.0055568
6.8415	0.88235	0.0049136
6.8415	0.93277	0.0045671
6.8415	0.98319	0.0039782
6.8415	1.0336	0.003701
6.8415	1.084	0.0033617
6.8415	1.1345	0.0028655
6.8415	1.1849	0.002546
6.8415	1.2353	0.0021269
6.8415	1.2857	0.0017561
6.8415	1.3361	0.0015027
6.8415	1.3866	0.0012084
6.8415	1.437	0.001
6.8892	-1.3361	0.0010885
6.8892	-1.2857	0.0013912
6.8892	-1.2353	0.0015971
6.8892	-1.1849	0.0019857
6.8892	-1.1345	0.0022299
6.8892	-1.084	0.0024785
6.8892	-1.0336	0.002986
6.8892	-0.98319	0.0032613
6.8892	-0.93277	0.0038566
6.8892	-0.88235	0.0041473
6.8892	-0.83193	0.0048237
6.8892	-0.78151	0.0051153
6.8892	-0.73109	0.0053857
6.8892	-0.68067	0.0061347
6.8892	-0.63025	0.0063795
6.8892	-0.57983	0.0071669
6.8892	-0.52941	0.0073667
6.8892	-0.47899	0.0075247
6.8892	-0.42857	0.0083017
6.8892	-0.37815	0.0083886
6.8892	-0.32773	0.0091365
6.8892	-0.27731	0.0091362
6.8892	-0.22689	0.0091161
6.8892	-0.17647	0.0097821
6.8892	-0.12605	0.009655
6.8892	-0.07563	0.010231
6.8892	-0.02521	0.0099979
6.8892	0.02521	0.0097145
6.8892	0.07563	0.010125
6.8892	0.12605	0.0097406
6.8892	0.17647	0.01003
6.8892	0.22689	0.0095527
6.8892	0.27731	0.009046
6.8892	0.32773	0.0091632
6.8892	0.37815	0.0085883
6.8892	0.42857	0.0085954
6.8892	0.47899	0.0079711
6.8892	0.52941	0.0073466
6.8892	0.57983	0.0072279
6.8892	0.63025	0.0065866
6.8892	0.68067	0.0063958
6.8892	0.73109	0.0057587
6.8892	0.78151	0.0051489
6.8892	0.83193	0.0049008
6.8892	0.88235	0.0043232
6.8892	0.93277	0.0040488
6.8892	0.98319	0.0035191
6.8892	1.0336	0.003236
6.8892	1.084	0.0027663
6.8892	1.1345	0.0023419
6.8892	1.1849	0.0020892
6.8892	1.2353	0.0017327
6.8892	1.2857	0.0015057
6.8892	1.3361	0.0012183
6.9368	-1.2857	0.0011446
6.9368	-1.2353	0.001312
6.9368	-1.1849	0.0016449
6.9368	-1.1345	0.0018436
6.9368	-1.084	0.0022569
6.9368	-1.0336	0.0024818
6.9368	-0.98319	0.0027043
6.9368	-0.93277	0.0032196
6.9368	-0.88235	0.0034536
6.9368	-0.83193	0.0040424
6.9368	-0.78151	0.0042755
6.9368	-0.73109	0.0044891
6.9368	-0.68067	0.0051454
6.9368	-0.63025	0.0053357
6.9368	-0.57983	0.0060325
6.9368	-0.52941	0.006183
6.9368	-0.47899	0.0062972
6.9368	-0.42857	0.0069946
6.9368	-0.37815	0.0070471
6.9368	-0.32773	0.0077309
6.9368	-0.27731	0.0077081
6.9368	-0.22689	0.0083525
6.9368	-0.17647	0.0082436
6.9368	-0.12605	0.008089
6.9368	-0.07563	0.0086214
6.9368	-0.02521	0.008376
6.9368	0.02521	0.0088173
6.9368	0.07563	0.0084817
6.9368	0.12605	0.0081121
6.9368	0.17647	0.0083983
6.9368	0.22689	0.0079521
6.9368	0.27731	0.0081301
6.9368	0.32773	0.0076199
6.9368	0.37815	0.0070991
6.9368	0.42857	0.0071352
6.9368	0.47899	0.006577
6.9368	0.52941	0.006819
6.9368	0.57983	0.006236
6.9368	0.63025	0.0056659
6.9368	0.68067	0.0055347
6.9368	0.73109	0.0049691
6.9368	0.78151	0.0047869
6.9368	0.83193	0.0042431
6.9368	0.88235	0.0037328
6.9368	0.93277	0.0035197
6.9368	0.98319	0.0030515
6.9368	1.0336	0.0028273
6.9368	1.084	0.0024114
6.9368	1.1345	0.002037
6.9368	1.1849	0.0018331
6.9368	1.2353	0.0015175
6.9368	1.2857	0.0013313
6.9368	1.3361	0.0010759
6.9845	-1.2353	0.0012564
6.9845	-1.1849	0.0014129
6.9845	-1.1345	0.0015715
6.9845	-1.084	0.0019323
6.9845	-1.0336	0.0021096
6.9845	-0.98319	0.0025412
6.9845	-0.93277	0.0027295
6.9845	-0.88235	0.0029077
6.9845	-0.83193	0.003418
6.9845	-0.78151	0.0035909
6.9845	-0.73109	0.0041558
6.9845	-0.68067	0.0042362
6.9845	-0.63025	0.0043789
6.9845	-0.57983	0.0049835
6.9845	-0.52941	0.0050914
6.9845	-0.47899	0.0057191
6.9845	-0.42857	0.0057786
6.9845	-0.37815	0.0058025
6.9845	-0.32773	0.0064092
6.9845	-0.27731	0.006369
6.9845	-0.22689	0.0069514
6.9845	-0.17647	0.0068381
6.9845	-0.12605	0.0066872
6.9845	-0.07563	0.0071831
6.9845	-0.02521	0.0069553
6.9845	0.02521	0.0073818
6.9845	0.07563	0.0070774
6.9845	0.12605	0.0067461
6.9845	0.17647	0.0070436
6.9845	0.22689	0.0066472
6.9845	0.27731	0.006853
6.9845	0.32773	0.0064019
6.9845	0.37815	0.0065153
6.9845	0.42857	0.0060231
6.9845	0.47899	0.0055335
6.9845	0.52941	0.0055324
6.9845	0.57983	0.0050267
6.9845	0.63025	0.0049573
6.9845	0.68067	0.0044519
6.9845	0.73109	0.0039702
6.9845	0.78151	0.0038394
6.9845	0.83193	0.00338
6.9845	0.88235	0.0032187
6.9845	0.93277	0.0027939
6.9845	0.98319	0.0024048
6.9845	1.0336	0.0022357
6.9845	1.084	0.0018927
6.9845	1.1345	0.0017247
6.9845	1.1849	0.0014325
6.9845	1.2353	0.0011763
6.9845	1.2857	0.0010355
7.0322	-1.1849	0.0011175
7.0322	-1.1345	0.0012395
7.0322	-1.084	0.0015392
7.0322	-1.0336	0.0016753
7.0322	-0.98319	0.0020371
7.0322	-0.93277	0.0021811
7.0322	-0.88235	0.0026031
7.0322	-0.83193	0.0027465
7.0322	-0.78151	0.0028753
7.0322	-0.73109	0.0033555
7.0322	-0.68067	0.0034682
7.0322	-0.63025	0.0039877
7.0322	-0.57983	0.0040727
7.0322	-0.52941	0.0041318
7.0322	-0.47899	0.0046646
7.0322	-0.42857	0.0046807
7.0322	-0.37815	0.0052182
7.0322	-0.32773	0.0051815
7.0322	-0.27731	0.0051135
7.0322	-0.22689	0.0056099
7.0322	-0.17647	0.0054809
7.0322	-0.12605	0.0059436
7.0322	-0.07563	0.0057499
7.0322	-0.02521	0.0055294
7.0322	0.02521	0.0059042
7.0322	0.07563	0.0057659
7.0322	0.12605	0.0060961
7.0322	0.17647	0.0057654
7.0322	0.22689	0.00542
7.0322	0.27731	0.0056383
7.0322	0.32773	0.0052473
7.0322	0.37815	0.0053892
7.0322	0.42857	0.0049637
7.0322	0.47899	0.004543
7.0322	0.52941	0.0045837
7.0322	0.57983	0.0041493
7.0322	0.63025	0.0041278
7.0322	0.68067	0.0036936
7.0322	0.73109	0.0032818
7.0322	0.78151	0.0032001
7.0322	0.83193	0.0028072
7.0322	0.88235	0.0026941
7.0322	0.93277	0.0023305
7.0322	0.98319	0.001999
7.0322	1.0336	0.0018729
7.0322	1.084	0.0015804
7.0322	1.1345	0.0014515
7.0322	1.1849	0.0012021
7.0322	1.2353	0.0010791
7.0799	-1.1345	0.0010898
7.0799	-1.084	0.0011939
7.0799	-1.0336	0.0012946
7.0799	-0.98319	0.0015907
7.0799	-0.93277	0.0016966
7.0799	-0.88235	0.0020456
7.0799	-0.83193	0.0021498
7.0799	-0.78151	0.0022413
7.0799	-0.73109	0.0026419
7.0799	-0.68067	0.0027192
7.0799	-0.63025	0.0031563
7.0799	-0.57983	0.00321
7.0799	-0.52941	0.0032422
7.0799	-0.47899	0.0036936
7.0799	-0.42857	0.00369
7.0799	-0.37815	0.0041486
7.0799	-0.32773	0.0041013
7.0799	-0.27731	0.0040288
7.0799	-0.22689	0.0044564
7.0799	-0.17647	0.004334
7.0799	-0.12605	0.0047376
7.0799	-0.07563	0.0045624
7.0799	-0.02521	0.00493
7.0799	0.02521	0.0047017
7.0799	0.07563	0.0044566
7.0799	0.12605	0.0047432
7.0799	0.17647	0.0044522
7.0799	0.22689	0.0046828
7.0799	0.27731	0.0043522
7.0799	0.32773	0.0040195
7.0799	0.37815	0.0041598
7.0799	0.42857	0.0038025
7.0799	0.47899	0.0038839
7.0799	0.52941	0.0035123
7.0799	0.57983	0.0031548
7.0799	0.63025	0.0031634
7.0799	0.68067	0.0028086
7.0799	0.73109	0.002774
7.0799	0.78151	0.0024324
7.0799	0.83193	0.0022712
7.0799	0.88235	0.0022012
7.0799	0.93277	0.0018964
7.0799	0.98319	0.0018059
7.0799	1.0336	0.0015322
7.0799	1.084	0.0012879
7.0799	1.1345	0.0011937
7.1275	-1.0336	0.0011665
7.1275	-0.98319	0.001244
7.1275	-0.93277	0.0013145
7.1275	-0.88235	0.0015979
7.1275	-0.83193	0.0016642
7.1275	-0.78151	0.0019892
7.1275	-0.73109	0.0020447
7.1275	-0.68067	0.0020859
7.1275	-0.63025	0.002443
7.1275	-0.57983	0.0024631
7.1275	-0.52941	0.0028432
7.1275	-0.47899	0.0028349
7.1275	-0.42857	0.0028075
7.1275	-0.37815	0.0032084
7.1275	-0.32773	0.003155
7.1275	-0.27731	0.0035383
7.1275	-0.22689	0.0034444
7.1275	-0.17647	0.0033314
7.1275	-0.12605	0.003677
7.1275	-0.07563	0.0035219
7.1275	-0.02521	0.0038409
7.1275	0.02521	0.0036434
7.1275	0.07563	0.0034342
7.1275	0.12605	0.0036894
7.1275	0.17647	0.0034441
7.1275	0.22689	0.0036568
7.1275	0.27731	0.0033804
7.1275	0.32773	0.0031046
7.1275	0.37815	0.0032457
7.1275	0.42857	0.0029508
7.1275	0.47899	0.003046
7.1275	0.52941	0.0027401
7.1275	0.57983	0.0027907
7.1275	0.63025	0.0024826
7.1275	0.68067	0.0021925
7.1275	0.73109	0.0021909
7.1275	0.78151	0.0019114
7.1275	0.83193	0.0018795
7.1275	0.88235	0.001618
7.1275	0.93277	0.0013812
7.1275	0.98319	0.0013264
7.1275	1.0336	0.0011149
7.1275	1.084	0.0010493
7.1752	-0.88235	0.0011756
7.1752	-0.83193	0.0012168
7.1752	-0.78151	0.0014725
7.1752	-0.73109	0.0015041
7.1752	-0.68067	0.001792
7.1752	-0.63025	0.0018085
7.1752	-0.57983	0.0018114
7.1752	-0.52941	0.0021182
7.1752	-0.47899	0.0020984
7.1752	-0.42857	0.0024196
7.1752	-0.37815	0.0023719
7.1752	-0.32773	0.0023091
7.1752	-0.27731	0.0026183
7.1752	-0.22689	0.0025238
7.1752	-0.17647	0.0028245
7.1752	-0.12605	0.0026962
7.1752	-0.07563	0.0025565
7.1752	-0.02521	0.0028169
7.1752	0.02521	0.0026456
7.1752	0.07563	0.0028793
7.1752	0.12605	0.0026785
7.1752	0.17647	0.0024751
7.1752	0.22689	0.0026534
7.1752	0.27731	0.0024283
7.1752	0.32773	0.0025717
7.1752	0.37815	0.0024501
7.1752	0.42857	0.0022123
7.1752	0.47899	0.0023102
7.1752	0.52941	0.0020644
7.1752	0.57983	0.0021276
7.1752	0.63025	0.0018806
7.1752	0.68067	0.0016498
7.1752	0.73109	0.0016699
7.1752	0.78151	0.0014475
7.1752	0.83193	0.0014423
7.1752	0.88235	0.0012341
7.1752	0.93277	0.0010467
7.1752	0.98319	0.0010194
7.2229	-0.78151	0.0010474
7.2229	-0.73109	0.0010613
7.2229	-0.68067	0.0012825
7.2229	-0.63025	0.001284
7.2229	-0.57983	0.0012752
7.2229	-0.52941	0.0015136
7.2229	-0.47899	0.001487
7.2229	-0.42857	0.0017406
7.2229	-0.37815	0.0016924
7.2229	-0.32773	0.0016332
7.2229	-0.27731	0.0018812
7.2229	-0.22689	0.0017978
7.2229	-0.17647	0.0020432
7.2229	-0.12605	0.0019341
7.2229	-0.07563	0.0021694
7.2229	-0.02521	0.0020342
7.2229	0.02521	0.001894
7.2229	0.07563	0.0020921
7.2229	0.12605	0.0019297
7.2229	0.17647	0.0021043
7.2229	0.22689	0.0019227
7.2229	0.27731	0.0017441
7.2229	0.32773	0.0018734
7.2229	0.37815	0.0016829
7.2229	0.42857	0.0017845
7.2229	0.47899	0.001587
7.2229	0.52941	0.0014007
7.2229	0.57983	0.0014616
7.2229	0.63025	0.0012761
7.2229	0.68067	0.001313
7.2229	0.73109	0.0011333
7.2706	-0.57983	0.0010397
7.2706	-0.52941	0.0010142
7.2706	-0.42857	0.0011684
7.2706	-0.37815	0.001119
7.2706	-0.32773	0.0013148
7.2706	-0.27731	0.0012472
7.2706	-0.22689	0.0011736
7.2706	-0.17647	0.0013588
7.2706	-0.12605	0.0012669
7.2706	-0.07563	0.0015013
7.2706	-0.02521	0.0013925
7.2706	0.02521	0.0012816
7.2706	0.07563	0.0014435
7.2706	0.12605	0.0013165
7.2706	0.17647	0.001463
7.2706	0.22689	0.001322
7.2706	0.27731	0.0011852
7.2706	0.32773	0.0012975
7.2706	0.37815	0.0011524
7.2706	0.42857	0.0012443
7.2706	0.47899	0.0010944
7.2706	0.52941	0.0011654
7.2706	0.57983	0.0010146
7.8427	-0.32773	0.0010269
7.8427	-0.22689	0.0010702
7.8427	-0.17647	0.001146
7.8427	-0.12605	0.0010901
7.8427	-0.07563	0.0011559
7.8427	-0.02521	0.0010856
7.8427	0.02521	0.0011402
7.8427	0.07563	0.0011893
7.8427	0.12605	0.0011001
7.8427	0.17647	0.0011365
7.8427	0.22689	0.0010383
7.8427	0.27731	0.0010622
7.8427	0.32773	0.001079
7.8903	-0.57983	0.0010119
7.8903	-0.52941	0.0010203
7.8903	-0.47899	0.0011192
7.8903	-0.42857	0.0011131
7.8903	-0.37815	0.0012079
7.8903	-0.32773	0.0013021
7.8903	-0.27731	0.0012732
7.8903	-0.22689	0.0013585
7.8903	-0.17647	0.0013112
7.8903	-0.12605	0.0013488
7.8903	-0.07563	0.0014203
7.8903	-0.02521	0.0013512
7.8903	0.02521	0.0014089
7.8903	0.07563	0.0013237
7.8903	0.12605	0.0013668
7.8903	0.17647	0.0014021
7.8903	0.22689	0.0012966
7.8903	0.27731	0.0013169
7.8903	0.32773	0.0012028
7.8903	0.37815	0.0012093
7.8903	0.42857	0.0012077
7.8903	0.47899	0.0010851
7.8903	0.52941	0.0010721
7.938	-0.63025	0.0010749
7.938	-0.57983	0.0011862
7.938	-0.52941	0.0012079
7.938	-0.47899	0.001318
7.938	-0.42857	0.0013244
7.938	-0.37815	0.0014295
7.938	-0.32773	0.0015328
7.938	-0.27731	0.0015146
7.938	-0.22689	0.0016074
7.938	-0.17647	0.0015684
7.938	-0.12605	0.0016478
7.938	-0.07563	0.0015878
7.938	-0.02521	0.0016516
7.938	0.02521	0.0017075
7.938	0.07563	0.0016187
7.938	0.12605	0.0016568
7.938	0.17647	0.0015511
7.938	0.22689	0.0015718
7.938	0.27731	0.0015828
7.938	0.32773	0.0014575
7.938	0.37815	0.0014526
7.938	0.42857	0.0013206
7.938	0.47899	0.0013021
7.938	0.52941	0.0012753
7.938	0.57983	0.0011392
7.938	0.63025	0.001122
7.9857	-0.78151	0.0010067
7.9857	-0.73109	0.0011244
7.9857	-0.68067	0.0011729
7.9857	-0.63025	0.0012937
7.9857	-0.57983	0.0012715
7.9857	-0.52941	0.0013908
7.9857	-0.47899	0.0015111
7.9857	-0.42857	0.0015309
7.9857	-0.37815	0.0016451
7.9857	-0.32773	0.0016459
7.9857	-0.27731	0.0017502
7.9857	-0.22689	0.0018496
7.9857	-0.17647	0.0018204
7.9857	-0.12605	0.0019043
7.9857	-0.07563	0.0018516
7.9857	-0.02521	0.0019176
7.9857	0.02521	0.0019742
7.9857	0.07563	0.0018886
7.9857	0.12605	0.0019249
7.9857	0.17647	0.0018188
7.9857	0.22689	0.0018351
7.9857	0.27731	0.0018404
7.9857	0.32773	0.0017099
7.9857	0.37815	0.001697
7.9857	0.42857	0.0015563
7.9857	0.47899	0.001528
7.9857	0.52941	0.0013829
7.9857	0.57983	0.0013426
7.9857	0.63025	0.0012947
7.9857	0.68067	0.00115
7.9857	0.73109	0.0010955
8.0334	-0.83193	0.0010047
8.0334	-0.78151	0.0011269
8.0334	-0.73109	0.0011908
8.0334	-0.68067	0.0013182
8.0334	-0.63025	0.0014492
8.0334	-0.57983	0.0015012
8.0334	-0.52941	0.0016309
8.0334	-0.47899	0.0016672
8.0334	-0.42857	0.0017911
8.0334	-0.37815	0.0019123
8.0334	-0.32773	0.0019217
8.0334	-0.27731	0.0020301
8.0334	-0.22689	0.0020159
8.0334	-0.17647	0.0021077
8.0334	-0.12605	0.0021908
8.0334	-0.07563	0.002141
8.0334	-0.02521	0.0022031
8.0334	0.02521	0.0021279
8.0334	0.07563	0.0021676
8.0334	0.12605	0.0021953
8.0334	0.17647	0.0020789
8.0334	0.22689	0.0020903
8.0334	0.27731	0.0019663
8.0334	0.32773	0.0019567
8.0334	0.37815	0.0019354
8.0334	0.42857	0.0017894
8.0334	0.47899	0.0017509
8.0334	0.52941	0.0015973
8.0334	0.57983	0.0015455
8.0334	0.63025	0.0014855
8.0334	0.68067	0.0013296
8.0334	0.73109	0.0012625
8.0334	0.78151	0.0011132
8.0334	0.83193	0.0010433
8.081	-0.88235	0.0010218
8.081	-0.83193	0.0011051
8.081	-0.78151	0.0012364
8.081	-0.73109	0.0013157
8.081	-0.68067	0.0014526
8.081	-0.63025	0.0015927
8.081	-0.57983	0.0016606
8.081	-0.52941	0.0017992
8.081	-0.47899	0.0018506
8.081	-0.42857	0.0019824
8.081	-0.37815	0.0021107
8.081	-0.32773	0.0021334
8.081	-0.27731	0.0022473
8.081	-0.22689	0.0022444
8.081	-0.17647	0.0023398
8.081	-0.12605	0.0023098
8.081	-0.07563	0.0023835
8.081	-0.02521	0.0024456
8.081	0.02521	0.0023763
8.081	0.07563	0.0024136
8.081	0.12605	0.0023183
8.081	0.17647	0.002331
8.081	0.22689	0.0023302
8.081	0.27731	0.002202
8.081	0.32773	0.0021785
8.081	0.37815	0.0020332
8.081	0.42857	0.0019901
8.081	0.47899	0.001936
8.081	0.52941	0.0017747
8.081	0.57983	0.0017069
8.081	0.63025	0.0015431
8.081	0.68067	0.0014664
8.081	0.73109	0.001384
8.081	0.78151	0.0012255
8.081	0.83193	0.0011413
8.1287	-0.93277	0.0010303
8.1287	-0.88235	0.0011257
8.1287	-0.83193	0.0012616
8.1287	-0.78151	0.0014034
8.1287	-0.73109	0.0014988
8.1287	-0.68067	0.0016455
8.1287	-0.63025	0.0017314
8.1287	-0.57983	0.0018776
8.1287	-0.52941	0.0020233
8.1287	-0.47899	0.0020885
8.1287	-0.42857	0.0022252
8.1287	-0.37815	0.0022674
8.1287	-0.32773	0.0023898
8.1287	-0.27731	0.002448
8.1287	-0.22689	0.002458
8.1287	-0.17647	0.0025562
8.1287	-0.12605	0.0025365
8.1287	-0.07563	0.002611
8.1287	-0.02521	0.0026725
8.1287	0.02521	0.0026097
8.1287	0.07563	0.0026443
8.1287	0.12605	0.002553
8.1287	0.17647	0.0025606
8.1287	0.22689	0.0025537
8.1287	0.27731	0.0024262
8.1287	0.32773	0.0023946
8.1287	0.37815	0.002248
8.1287	0.42857	0.0021951
8.1287	0.47899	0.0020351
8.1287	0.52941	0.0019654
8.1287	0.57983	0.0018861
8.1287	0.63025	0.0017164
8.1287	0.68067	0.0016276
8.1287	0.73109	0.0014598
8.1287	0.78151	0.0013667
8.1287	0.83193	0.0012703
8.1287	0.88235	0.0011142
8.1287	0.93277	0.0010208
8.1764	-0.93277	0.0010885
8.1764	-0.88235	0.0011963
8.1764	-0.83193	0.0013384
8.1764	-0.78151	0.0014469
8.1764	-0.73109	0.0015966
8.1764	-0.68067	0.0017497
8.1764	-0.63025	0.0018522
8.1764	-0.57983	0.0020048
8.1764	-0.52941	0.0020927
8.1764	-0.47899	0.0022389
8.1764	-0.42857	0.0023808
8.1764	-0.37815	0.00244
8.1764	-0.32773	0.0025664
8.1764	-0.27731	0.0025972
8.1764	-0.22689	0.0027031
8.1764	-0.17647	0.0027974
8.1764	-0.12605	0.0027836
8.1764	-0.07563	0.0028513
8.1764	-0.02521	0.002804
8.1764	0.02521	0.0028431
8.1764	0.07563	0.0028667
8.1764	0.12605	0.0027741
8.1764	0.17647	0.0027687
8.1764	0.22689	0.0026486
8.1764	0.27731	0.0026162
8.1764	0.32773	0.0025695
8.1764	0.37815	0.0024177
8.1764	0.42857	0.0023492
8.1764	0.47899	0.0022225
8.1764	0.52941	0.002142
8.1764	0.57983	0.0020518
8.1764	0.63025	0.0018775
8.1764	0.68067	0.0017771
8.1764	0.73109	0.0016035
8.1764	0.78151	0.0014986
8.1764	0.83193	0.0013907
8.1764	0.88235	0.0012277
8.1764	0.93277	0.001123
8.2241	-0.98319	0.0010667
8.2241	-0.93277	0.0012051
8.2241	-0.88235	0.0013261
8.2241	-0.83193	0.0014759
8.2241	-0.78151	0.0015984
8.2241	-0.73109	0.0016763
8.2241	-0.68067	0.0018341
8.2241	-0.63025	0.0019516
8.2241	-0.57983	0.002109
8.2241	-0.52941	0.0022135
8.2241	-0.47899	0.002364
8.2241	-0.42857	0.0025096
8.2241	-0.37815	0.0025862
8.2241	-0.32773	0.0027155
8.2241	-0.27731	0.0027632
8.2241	-0.22689	0.0028707
8.2241	-0.17647	0.0029656
8.2241	-0.12605	0.0029666
8.2241	-0.07563	0.0030333
8.2241	-0.02521	0.0029981
8.2241	0.02521	0.0030343
8.2241	0.07563	0.0029637
8.2241	0.12605	0.0029691
8.2241	0.17647	0.002958
8.2241	0.22689	0.0028421
8.2241	0.27731	0.0028023
8.2241	0.32773	0.0026609
8.2241	0.37815	0.002596
8.2241	0.42857	0.002518
8.2241	0.47899	0.0023505
8.2241	0.52941	0.0022546
8.2241	0.57983	0.0020781
8.2241	0.63025	0.0019702
8.2241	0.68067	0.0018559
8.2241	0.73109	0.0016779
8.2241	0.78151	0.0015603
8.2241	0.83193	0.0013897
8.2241	0.88235	0.0012745
8.2241	0.93277	0.0011599
8.2241	0.98319	0.0010083
8.2718	-0.98319	0.0011001
8.2718	-0.93277	0.0012249
8.2718	-0.88235	0.001372
8.2718	-0.83193	0.0015252
8.2718	-0.78151	0.0016589
8.2718	-0.73109	0.0018188
8.2718	-0.68067	0.0019495
8.2718	-0.63025	0.0021104
8.2718	-0.57983	0.00227
8.2718	-0.52941	0.0023868
8.2718	-0.47899	0.0025376
8.2718	-0.42857	0.0026344
8.2718	-0.37815	0.0027698
8.2718	-0.32773	0.0028955
8.2718	-0.27731	0.0029541
8.2718	-0.22689	0.0030556
8.2718	-0.17647	0.0030798
8.2718	-0.12605	0.0031527
8.2718	-0.07563	0.0032097
8.2718	-0.02521	0.0031812
8.2718	0.02521	0.0031957
8.2718	0.07563	0.003137
8.2718	0.12605	0.0031376
8.2718	0.17647	0.003121
8.2718	0.22689	0.0030127
8.2718	0.27731	0.0029658
8.2718	0.32773	0.0028285
8.2718	0.37815	0.0027552
8.2718	0.42857	0.0026684
8.2718	0.47899	0.0025011
8.2718	0.52941	0.0023955
8.2718	0.57983	0.0022169
8.2718	0.63025	0.0020987
8.2718	0.68067	0.0019167
8.2718	0.73109	0.0017923
8.2718	0.78151	0.0016646
8.2718	0.83193	0.0014893
8.2718	0.88235	0.0013643
8.2718	0.93277	0.0012011
8.2718	0.98319	0.0010838
8.3194	-0.98319	0.0011221
8.3194	-0.93277	0.001255
8.3194	-0.88235	0.0014044
8.3194	-0.83193	0.0015594
8.3194	-0.78151	0.001703
8.3194	-0.73109	0.0018649
8.3194	-0.68067	0.0020068
8.3194	-0.63025	0.0021696
8.3194	-0.57983	0.002303
8.3194	-0.52941	0.0024601
8.3194	-0.47899	0.0026119
8.3194	-0.42857	0.0027225
8.3194	-0.37815	0.0028584
8.3194	-0.32773	0.0029434
8.3194	-0.27731	0.0030573
8.3194	-0.22689	0.0031578
8.3194	-0.17647	0.0031975
8.3194	-0.12605	0.0032686
8.3194	-0.07563	0.0032708
8.3194	-0.02521	0.0033094
8.3194	0.02521	0.0033302
8.3194	0.07563	0.0032775
8.3194	0.12605	0.0032645
8.3194	0.17647	0.0031744
8.3194	0.22689	0.0031294
8.3194	0.27731	0.0030679
8.3194	0.32773	0.0029325
8.3194	0.37815	0.0028444
8.3194	0.42857	0.0026849
8.3194	0.47899	0.0025758
8.3194	0.52941	0.0024564
8.3194	0.57983	0.0022766
8.3194	0.63025	0.0021457
8.3194	0.68067	0.0019617
8.3194	0.73109	0.001826
8.3194	0.78151	0.0017573
8.3194	0.83193	0.0015785
8.3194	0.88235	0.0014445
8.3194	0.93277	0.0012772
8.3194	0.98319	0.0011514
8.3194	1.0336	0.0010294
8.3671	-1.0336	0.0010627
8.3671	-0.98319	0.0012023
8.3671	-0.93277	0.0013461
8.3671	-0.88235	0.0014991
8.3671	-0.83193	0.00165
8.3671	-0.78151	0.0018112
8.3671	-0.73109	0.0019745
8.3671	-0.68067	0.0021267
8.3671	-0.63025	0.0022891
8.3671	-0.57983	0.002432
8.3671	-0.52941	0.0025867
8.3671	-0.47899	0.0027346
8.3671	-0.42857	0.0027842
8.3671	-0.37815	0.0029194
8.3671	-0.32773	0.0030172
8.3671	-0.27731	0.0031298
8.3671	-0.22689	0.0032284
8.3671	-0.17647	0.0032816
8.3671	-0.12605	0.00335
8.3671	-0.07563	0.0033663
8.3671	-0.02521	0.0034014
8.3671	0.02521	0.0033787
8.3671	0.07563	0.0033793
8.3671	0.12605	0.0033615
8.3671	0.17647	0.0032843
8.3671	0.22689	0.0032335
8.3671	0.27731	0.0031213
8.3671	0.32773	0.003041
8.3671	0.37815	0.002946
8.3671	0.42857	0.0027942
8.3671	0.47899	0.0026775
8.3671	0.52941	0.0025067
8.3671	0.57983	0.0023746
8.3671	0.63025	0.0022357
8.3671	0.68067	0.0020529
8.3671	0.73109	0.0019089
8.3671	0.78151	0.0017275
8.3671	0.83193	0.0015851
8.3671	0.88235	0.0014439
8.3671	0.93277	0.0012772
8.3671	0.98319	0.0011459
8.4148	-1.0336	0.0010595
8.4148	-0.98319	0.0012019
8.4148	-0.93277	0.0013481
8.4148	-0.88235	0.0015
8.4148	-0.83193	0.001659
8.4148	-0.78151	0.0018194
8.4148	-0.73109	0.0019807
8.4148	-0.68067	0.0021436
8.4148	-0.63025	0.0023049
8.4148	-0.57983	0.0024586
8.4148	-0.52941	0.002612
8.4148	-0.47899	0.0027498
8.4148	-0.42857	0.0028882
8.4148	-0.37815	0.0030161
8.4148	-0.32773	0.00312
8.4148	-0.27731	0.0032232
8.4148	-0.22689	0.0032955
8.4148	-0.17647	0.0033691
8.4148	-0.12605	0.0034257
8.4148	-0.07563	0.0034461
8.4148	-0.02521	0.0034682
8.4148	0.02521	0.0034498
8.4148	0.07563	0.0034367
8.4148	0.12605	0.0034052
8.4148	0.17647	0.0033326
8.4148	0.22689	0.0032681
8.4148	0.27731	0.0031609
8.4148	0.32773	0.0031159
8.4148	0.37815	0.0030152
8.4148	0.42857	0.0028734
8.4148	0.47899	0.0027503
8.4148	0.52941	0.0025873
8.4148	0.57983	0.0024485
8.4148	0.63025	0.0022723
8.4148	0.68067	0.0021248
8.4148	0.73109	0.0019739
8.4148	0.78151	0.0017946
8.4148	0.83193	0.0016453
8.4148	0.88235	0.0014724
8.4148	0.93277	0.0013306
8.4148	0.98319	0.001193
8.4148	1.0336	0.0010412
8.4625	-1.0336	0.0011113
8.4625	-0.98319	0.0012618
8.4625	-0.93277	0.0013345
8.4625	-0.88235	0.0014838
8.4625	-0.83193	0.0016491
8.4625	-0.78151	0.001807
8.4625	-0.73109	0.0019766
8.4625	-0.68067	0.0021372
8.4625	-0.63025	0.0023034
8.4625	-0.57983	0.0024597
8.4625	-0.52941	0.0026104
8.4625	-0.47899	0.0027595
8.4625	-0.42857	0.0028952
8.4625	-0.37815	0.0030218
8.4625	-0.32773	0.0031358
8.4625	-0.27731	0.0032358
8.4625	-0.22689	0.0033199
8.4625	-0.17647	0.00339
8.4625	-0.12605	0.0034381
8.4625	-0.07563	0.0034747
8.4625	-0.02521	0.0034927
8.4625	0.02521	0.0034857
8.4625	0.07563	0.0034683
8.4625	0.12605	0.0034226
8.4625	0.17647	0.0033708
8.4625	0.22689	0.0033017
8.4625	0.27731	0.0032055
8.4625	0.32773	0.0031071
8.4625	0.37815	0.002981
8.4625	0.42857	0.0028585
8.4625	0.47899	0.0027251
8.4625	0.52941	0.0025683
8.4625	0.57983	0.0024207
8.4625	0.63025	0.0022509
8.4625	0.68067	0.0020961
8.4625	0.73109	0.0019392
8.4625	0.78151	0.0017661
8.4625	0.83193	0.0016122
8.4625	0.88235	0.0014448
8.4625	0.93277	0.0012998
8.4625	0.98319	0.0011601
8.4625	1.0336	0.0010132
8.5101	-1.0336	0.0010838
8.5101	-0.98319	0.001236
8.5101	-0.93277	0.0013789
8.5101	-0.88235	0.001545
8.5101	-0.83193	0.0016977
8.5101	-0.78151	0.0018521
8.5101	-0.73109	0.0020288
8.5101	-0.68067	0.0021843
8.5101	-0.63025	0.0023582
8.5101	-0.57983	0.0025078
8.5101	-0.52941	0.0026506
8.5101	-0.47899	0.002807
8.5101	-0.42857	0.0029333
8.5101	-0.37815	0.0030668
8.5101	-0.32773	0.0031699
8.5101	-0.27731	0.0032583
8.5101	-0.22689	0.0033479
8.5101	-0.17647	0.0034053
8.5101	-0.12605	0.0034393
8.5101	-0.07563	0.0034718
8.5101	-0.02521	0.0034933
8.5101	0.02521	0.0034905
8.5101	0.07563	0.003469
8.5101	0.12605	0.0034345
8.5101	0.17647	0.0033785
8.5101	0.22689	0.0033072
8.5101	0.27731	0.0032198
8.5101	0.32773	0.0031174
8.5101	0.37815	0.0030015
8.5101	0.42857	0.002875
8.5101	0.47899	0.0027348
8.5101	0.52941	0.0025906
8.5101	0.57983	0.0024393
8.5101	0.63025	0.0022781
8.5101	0.68067	0.0021195
8.5101	0.73109	0.0019518
8.5101	0.78151	0.0017929
8.5101	0.83193	0.0016355
8.5101	0.88235	0.0014732
8.5101	0.93277	0.0013246
8.5101	0.98319	0.0011725
8.5101	1.0336	0.0010375
8.5578	-1.0336	0.0010665
8.5578	-0.98319	0.001199
8.5578	-0.93277	0.0013367
8.5578	-0.88235	0.0015037
8.5578	-0.83193	0.0016511
8.5578	-0.78151	0.001828
8.5578	-0.73109	0.0019796
8.5578	-0.68067	0.0021293
8.5578	-0.63025	0.0023087
8.5578	-0.57983	0.0024528
8.5578	-0.52941	0.0026235
8.5578	-0.47899	0.0027549
8.5578	-0.42857	0.0028758
8.5578	-0.37815	0.0030201
8.5578	-0.32773	0.0031184
8.5578	-0.27731	0.0032344
8.5578	-0.22689	0.0033043
8.5578	-0.17647	0.0033572
8.5578	-0.12605	0.0034232
8.5578	-0.07563	0.0034424
8.5578	-0.02521	0.0034688
8.5578	0.02521	0.0034528
8.5578	0.07563	0.0034183
8.5578	0.12605	0.0033882
8.5578	0.17647	0.0033202
8.5578	0.22689	0.003253
8.5578	0.27731	0.0031548
8.5578	0.32773	0.0030426
8.5578	0.37815	0.0029316
8.5578	0.42857	0.002797
8.5578	0.47899	0.0026626
8.5578	0.52941	0.0025121
8.5578	0.57983	0.0023614
8.5578	0.63025	0.0022821
8.5578	0.68067	0.0021214
8.5578	0.73109	0.0019616
8.5578	0.78151	0.0018004
8.5578	0.83193	0.0016405
8.5578	0.88235	0.0014852
8.5578	0.93277	0.0013346
8.5578	0.98319	0.0011874
8.5578	1.0336	0.0010503
8.6055	-1.0336	0.0010886
8.6055	-0.98319	0.0012179
8.6055	-0.93277	0.0013513
8.6055	-0.88235	0.0015203
8.6055	-0.83193	0.0016618
8.6055	-0.78151	0.0018405
8.6055	-0.73109	0.0019845
8.6055	-0.68067	0.0021664
8.6055	-0.63025	0.0022372
8.6055	-0.57983	0.0023744
8.6055	-0.52941	0.0025499
8.6055	-0.47899	0.0026748
8.6055	-0.42857	0.0028358
8.6055	-0.37815	0.0029416
8.6055	-0.32773	0.003034
8.6055	-0.27731	0.0031607
8.6055	-0.22689	0.0032255
8.6055	-0.17647	0.0033197
8.6055	-0.12605	0.0033527
8.6055	-0.07563	0.0033678
8.6055	-0.02521	0.0034084
8.6055	0.02521	0.0033888
8.6055	0.07563	0.0033892
8.6055	0.12605	0.0033355
8.6055	0.17647	0.0032649
8.6055	0.22689	0.0032111
8.6055	0.27731	0.0031107
8.6055	0.32773	0.0030232
8.6055	0.37815	0.0028978
8.6055	0.42857	0.0027619
8.6055	0.47899	0.0026381
8.6055	0.52941	0.0024865
8.6055	0.57983	0.0023453
8.6055	0.63025	0.0021849
8.6055	0.68067	0.0020226
8.6055	0.73109	0.0018713
8.6055	0.78151	0.0017104
8.6055	0.83193	0.0015594
8.6055	0.88235	0.0014057
8.6055	0.93277	0.0012576
8.6055	0.98319	0.0011196
8.6532	-1.0336	0.0010372
8.6532	-0.98319	0.0011597
8.6532	-0.93277	0.0013198
8.6532	-0.88235	0.0014524
8.6532	-0.83193	0.0015862
8.6532	-0.78151	0.0017632
8.6532	-0.73109	0.0018994
8.6532	-0.68067	0.0020808
8.6532	-0.63025	0.0022133
8.6532	-0.57983	0.0023393
8.6532	-0.52941	0.0025141
8.6532	-0.47899	0.0026265
8.6532	-0.42857	0.0027877
8.6532	-0.37815	0.0028802
8.6532	-0.32773	0.0029589
8.6532	-0.27731	0.0030871
8.6532	-0.22689	0.0031381
8.6532	-0.17647	0.0032355
8.6532	-0.12605	0.0032552
8.6532	-0.07563	0.003317
8.6532	-0.02521	0.0033031
8.6532	0.02521	0.0032716
8.6532	0.07563	0.0032787
8.6532	0.12605	0.0032486
8.6532	0.17647	0.0032248
8.6532	0.22689	0.0031377
8.6532	0.27731	0.0030363
8.6532	0.32773	0.0029631
8.6532	0.37815	0.0028372
8.6532	0.42857	0.0027349
8.6532	0.47899	0.0025902
8.6532	0.52941	0.0024389
8.6532	0.57983	0.0023088
8.6532	0.63025	0.0021488
8.6532	0.68067	0.0020072
8.6532	0.73109	0.0018453
8.6532	0.78151	0.0016852
8.6532	0.83193	0.001542
8.6532	0.88235	0.0013891
8.6532	0.93277	0.0012511
8.6532	0.98319	0.0011102
8.7008	-0.98319	0.0010932
8.7008	-0.93277	0.0012497
8.7008	-0.88235	0.0013742
8.7008	-0.83193	0.0015443
8.7008	-0.78151	0.0016737
8.7008	-0.73109	0.0018013
8.7008	-0.68067	0.0019807
8.7008	-0.63025	0.0021045
8.7008	-0.57983	0.0022825
8.7008	-0.52941	0.0023963
8.7008	-0.47899	0.0025007
8.7008	-0.42857	0.0026633
8.7008	-0.37815	0.0027485
8.7008	-0.32773	0.0028921
8.7008	-0.27731	0.0029528
8.7008	-0.22689	0.0029981
8.7008	-0.17647	0.0031029
8.7008	-0.12605	0.003118
8.7008	-0.07563	0.00319
8.7008	-0.02521	0.003173
8.7008	0.02521	0.0031391
8.7008	0.07563	0.0031595
8.7008	0.12605	0.003094
8.7008	0.17647	0.0030777
8.7008	0.22689	0.002983
8.7008	0.27731	0.0028754
8.7008	0.32773	0.0028119
8.7008	0.37815	0.0026819
8.7008	0.42857	0.00259
8.7008	0.47899	0.0024433
8.7008	0.52941	0.0023292
8.7008	0.57983	0.0021723
8.7008	0.63025	0.0020135
8.7008	0.68067	0.0018828
8.7008	0.73109	0.0017237
8.7008	0.78151	0.0015886
8.7008	0.83193	0.0014351
8.7008	0.88235	0.001287
8.7008	0.93277	0.00123
8.7008	0.98319	0.0010908
8.7485	-0.98319	0.0010732
8.7485	-0.93277	0.0012283
8.7485	-0.88235	0.0013444
8.7485	-0.83193	0.0015126
8.7485	-0.78151	0.001632
8.7485	-0.73109	0.0018078
8.7485	-0.68067	0.0019251
8.7485	-0.63025	0.0020368
8.7485	-0.57983	0.0022114
8.7485	-0.52941	0.002312
8.7485	-0.47899	0.0024777
8.7485	-0.42857	0.0025614
8.7485	-0.37815	0.0026326
8.7485	-0.32773	0.0027439
8.7485	-0.27731	0.002798
8.7485	-0.22689	0.00292
8.7485	-0.17647	0.0029467
8.7485	-0.12605	0.0029573
8.7485	-0.07563	0.0030366
8.7485	-0.02521	0.0030166
8.7485	0.02521	0.0030626
8.7485	0.07563	0.0030117
8.7485	0.12605	0.0029457
8.7485	0.17647	0.0029425
8.7485	0.22689	0.0028486
8.7485	0.27731	0.0028121
8.7485	0.32773	0.0026941
8.7485	0.37815	0.0025666
8.7485	0.42857	0.0024903
8.7485	0.47899	0.0023467
8.7485	0.52941	0.0022477
8.7485	0.57983	0.0020941
8.7485	0.63025	0.0019391
8.7485	0.68067	0.0018217
8.7485	0.73109	0.0016662
8.7485	0.78151	0.0015425
8.7485	0.83193	0.0013922
8.7485	0.88235	0.0012476
8.7485	0.93277	0.0011289
8.7962	-0.98319	0.0010313
8.7962	-0.93277	0.0011368
8.7962	-0.88235	0.0012431
8.7962	-0.83193	0.0014057
8.7962	-0.78151	0.0015151
8.7962	-0.73109	0.0016865
8.7962	-0.68067	0.001794
8.7962	-0.63025	0.0018959
8.7962	-0.57983	0.0020678
8.7962	-0.52941	0.0021593
8.7962	-0.47899	0.0023238
8.7962	-0.42857	0.0023992
8.7962	-0.37815	0.0024628
8.7962	-0.32773	0.0026039
8.7962	-0.27731	0.0026445
8.7962	-0.22689	0.002763
8.7962	-0.17647	0.0027769
8.7962	-0.12605	0.0027757
8.7962	-0.07563	0.0028533
8.7962	-0.02521	0.0028231
8.7962	0.02521	0.0028696
8.7962	0.07563	0.0028105
8.7962	0.12605	0.0028248
8.7962	0.17647	0.0027386
8.7962	0.22689	0.0026405
8.7962	0.27731	0.002611
8.7962	0.32773	0.0024914
8.7962	0.37815	0.0024342
8.7962	0.42857	0.0023667
8.7962	0.47899	0.0022277
8.7962	0.52941	0.0021438
8.7962	0.57983	0.0019951
8.7962	0.63025	0.0018945
8.7962	0.68067	0.0017423
8.7962	0.73109	0.001592
8.7962	0.78151	0.0014812
8.7962	0.83193	0.0013358
8.7962	0.88235	0.0012233
8.7962	0.93277	0.0010876
8.8439	-0.93277	0.0010876
8.8439	-0.88235	0.0012404
8.8439	-0.83193	0.0013405
8.8439	-0.78151	0.0013897
8.8439	-0.73109	0.0015547
8.8439	-0.68067	0.0016518
8.8439	-0.63025	0.001821
8.8439	-0.57983	0.001911
8.8439	-0.52941	0.001993
8.8439	-0.47899	0.0021551
8.8439	-0.42857	0.0022222
8.8439	-0.37815	0.0023722
8.8439	-0.32773	0.0024195
8.8439	-0.27731	0.0024537
8.8439	-0.22689	0.0025745
8.8439	-0.17647	0.0025839
8.8439	-0.12605	0.0026792
8.8439	-0.07563	0.0026615
8.8439	-0.02521	0.0026296
8.8439	0.02521	0.0026828
8.8439	0.07563	0.0026239
8.8439	0.12605	0.0026469
8.8439	0.17647	0.0025625
8.8439	0.22689	0.0024673
8.8439	0.27731	0.0024489
8.8439	0.32773	0.0023335
8.8439	0.37815	0.0022892
8.8439	0.42857	0.0021581
8.8439	0.47899	0.0020227
8.8439	0.52941	0.0019499
8.8439	0.57983	0.001807
8.8439	0.63025	0.0017192
8.8439	0.68067	0.0015742
8.8439	0.73109	0.0014767
8.8439	0.78151	0.001335
8.8439	0.83193	0.0011985
8.8439	0.88235	0.0010997
8.8915	-0.88235	0.001126
8.8915	-0.83193	0.0012154
8.8915	-0.78151	0.0013023
8.8915	-0.73109	0.0014594
8.8915	-0.68067	0.0015435
8.8915	-0.63025	0.001705
8.8915	-0.57983	0.0017813
8.8915	-0.52941	0.0019411
8.8915	-0.47899	0.0020047
8.8915	-0.42857	0.0020581
8.8915	-0.37815	0.0022023
8.8915	-0.32773	0.0022366
8.8915	-0.27731	0.0023638
8.8915	-0.22689	0.0023755
8.8915	-0.17647	0.002374
8.8915	-0.12605	0.002467
8.8915	-0.07563	0.0024404
8.8915	-0.02521	0.0025276
8.8915	0.02521	0.0024819
8.8915	0.07563	0.0024238
8.8915	0.12605	0.0024547
8.8915	0.17647	0.002373
8.8915	0.22689	0.0023758
8.8915	0.27731	0.0022732
8.8915	0.32773	0.0021629
8.8915	0.37815	0.0021299
8.8915	0.42857	0.0020051
8.8915	0.47899	0.0019509
8.8915	0.52941	0.0018165
8.8915	0.57983	0.0016811
8.8915	0.63025	0.0016064
8.8915	0.68067	0.0014691
8.8915	0.73109	0.0013846
8.8915	0.78151	0.0012504
8.8915	0.83193	0.0011213
8.8915	0.88235	0.0010342
8.9392	-0.88235	0.0010102
8.9392	-0.83193	0.001089
8.9392	-0.78151	0.0012338
8.9392	-0.73109	0.0013119
8.9392	-0.68067	0.0013855
8.9392	-0.63025	0.0015377
8.9392	-0.57983	0.0016041
8.9392	-0.52941	0.0017566
8.9392	-0.47899	0.0018114
8.9392	-0.42857	0.0018567
8.9392	-0.37815	0.0019969
8.9392	-0.32773	0.0020248
8.9392	-0.27731	0.0021509
8.9392	-0.22689	0.0021582
8.9392	-0.17647	0.0021534
8.9392	-0.12605	0.0022492
8.9392	-0.07563	0.0022214
8.9392	-0.02521	0.0022927
8.9392	0.02521	0.0022415
8.9392	0.07563	0.0022862
8.9392	0.12605	0.0022126
8.9392	0.17647	0.0021296
8.9392	0.22689	0.0021365
8.9392	0.27731	0.0020353
8.9392	0.32773	0.0020177
8.9392	0.37815	0.0019019
8.9392	0.42857	0.0017825
8.9392	0.47899	0.001737
8.9392	0.52941	0.00161
8.9392	0.57983	0.0015491
8.9392	0.63025	0.0014193
8.9392	0.68067	0.0012919
8.9392	0.73109	0.001283
8.9392	0.78151	0.0011571
8.9392	0.83193	0.0010796
8.9869	-0.78151	0.0011318
8.9869	-0.73109	0.0011974
8.9869	-0.68067	0.0013389
8.9869	-0.63025	0.001399
8.9869	-0.57983	0.0014524
8.9869	-0.52941	0.0015936
8.9869	-0.47899	0.0016156
8.9869	-0.42857	0.0017549
8.9869	-0.37815	0.0017867
8.9869	-0.32773	0.0018085
8.9869	-0.27731	0.0019309
8.9869	-0.22689	0.001934
8.9869	-0.17647	0.0020402
8.9869	-0.12605	0.0020226
8.9869	-0.07563	0.0019941
8.9869	-0.02521	0.0020691
8.9869	0.02521	0.0020194
8.9869	0.07563	0.0020706
8.9869	0.12605	0.0020004
8.9869	0.17647	0.001922
8.9869	0.22689	0.0019382
8.9869	0.27731	0.0018432
8.9869	0.32773	0.0018363
8.9869	0.37815	0.001728
8.9869	0.42857	0.0016167
8.9869	0.47899	0.0015829
8.9869	0.52941	0.0014647
8.9869	0.57983	0.0014157
8.9869	0.63025	0.001295
8.9869	0.68067	0.001235
8.9869	0.73109	0.0011159
8.9869	0.78151	0.0010014
9.0346	-0.73109	0.001049
9.0346	-0.68067	0.0011787
9.0346	-0.63025	0.0012294
9.0346	-0.57983	0.0013625
9.0346	-0.52941	0.0014044
9.0346	-0.47899	0.0014386
9.0346	-0.42857	0.001566
9.0346	-0.37815	0.0015867
9.0346	-0.32773	0.0017064
9.0346	-0.27731	0.0017107
9.0346	-0.22689	0.0017053
9.0346	-0.17647	0.0018039
9.0346	-0.12605	0.0017799
9.0346	-0.07563	0.001861
9.0346	-0.02521	0.0018178
9.0346	0.02521	0.0017658
9.0346	0.07563	0.0018164
9.0346	0.12605	0.0017467
9.0346	0.17647	0.0017755
9.0346	0.22689	0.00169
9.0346	0.27731	0.0016453
9.0346	0.32773	0.0016483
9.0346	0.37815	0.0015483
9.0346	0.42857	0.0015318
9.0346	0.47899	0.0014234
9.0346	0.52941	0.0013147
9.0346	0.57983	0.0012774
9.0346	0.63025	0.0011664
9.0346	0.68067	0.0011179
9.0346	0.73109	0.0010084
9.0822	-0.68067	0.0010234
9.0822	-0.63025	0.0010653
9.0822	-0.57983	0.0011869
9.0822	-0.52941	0.0012209
9.0822	-0.47899	0.001248
9.0822	-0.42857	0.0013654
9.0822	-0.37815	0.0013805
9.0822	-0.32773	0.0014919
9.0822	-0.27731	0.0014925
9.0822	-0.22689	0.0014845
9.0822	-0.17647	0.0015782
9.0822	-0.12605	0.0015538
9.0822	-0.07563	0.001633
9.0822	-0.02521	0.0015916
9.0822	0.02521	0.0016536
9.0822	0.07563	0.0015956
9.0822	0.12605	0.001531
9.0822	0.17647	0.0015652
9.0822	0.22689	0.0014867
9.0822	0.27731	0.0015017
9.0822	0.32773	0.0014117
9.0822	0.37815	0.0013194
9.0822	0.42857	0.00131
9.0822	0.47899	0.0012112
9.0822	0.52941	0.0011869
9.0822	0.57983	0.0010851
9.1299	-0.57983	0.0010325
9.1299	-0.52941	0.0010563
9.1299	-0.47899	0.0011652
9.1299	-0.42857	0.0011789
9.1299	-0.37815	0.0011855
9.1299	-0.32773	0.0012852
9.1299	-0.27731	0.0012789
9.1299	-0.22689	0.00137
9.1299	-0.17647	0.0013606
9.1299	-0.12605	0.0013363
9.1299	-0.07563	0.0014118
9.1299	-0.02521	0.0013727
9.1299	0.02521	0.0014337
9.1299	0.07563	0.0013801
9.1299	0.12605	0.0013211
9.1299	0.17647	0.001358
9.1299	0.22689	0.0012869
9.1299	0.27731	0.0013074
9.1299	0.32773	0.0012263
9.1299	0.37815	0.0011434
9.1299	0.42857	0.0011423
9.1299	0.47899	0.0010537
9.1299	0.52941	0.0010392
9.1776	-0.37815	0.0010899
9.1776	-0.32773	0.0010881
9.1776	-0.27731	0.0010799
9.1776	-0.22689	0.0011638
9.1776	-0.17647	0.0011432
9.1776	-0.12605	0.0012174
9.1776	-0.07563	0.0011839
9.1776	-0.02521	0.0011447
9.1776	0.02521	0.0011998
9.1776	0.07563	0.0011486
9.1776	0.12605	0.00119
9.1776	0.17647	0.0011278
9.1776	0.22689	0.0010628
9.1776	0.27731	0.0010837
9.1776	0.32773	0.0010107
9.1776	0.37815	0.0010183
9.2253	-0.12605	0.0010192
9.2253	-0.02521	0.0010468
9.2253	0.02521	0.0010049
12.086	-0.32773	0.0010069
12.086	-0.27731	0.001128
12.086	-0.22689	0.0010279
12.086	-0.17647	0.0011409
12.086	-0.12605	0.0010254
12.086	-0.07563	0.0011278
12.086	-0.02521	0.001231
12.086	0.02521	0.00109
12.086	0.07563	0.001179
12.086	0.12605	0.00103
12.086	0.17647	0.0011041
12.086	0.22689	0.0011744
12.086	0.27731	0.0010107
12.086	0.32773	0.0010651
12.133	-0.68067	0.001085
12.133	-0.63025	0.0010548
12.133	-0.57983	0.0012073
12.133	-0.52941	0.0011566
12.133	-0.47899	0.0013097
12.133	-0.42857	0.001472
12.133	-0.37815	0.0013868
12.133	-0.32773	0.001543
12.133	-0.27731	0.0014343
12.133	-0.22689	0.0015805
12.133	-0.17647	0.0017293
12.133	-0.12605	0.0015825
12.133	-0.07563	0.0017153
12.133	-0.02521	0.0015493
12.133	0.02521	0.0016637
12.133	0.07563	0.0017741
12.133	0.12605	0.0015312
12.133	0.17647	0.0016232
12.133	0.22689	0.0014265
12.133	0.27731	0.001498
12.133	0.32773	0.0015617
12.133	0.37815	0.0013509
12.133	0.42857	0.0013946
12.133	0.47899	0.0011899
12.133	0.52941	0.0012158
12.133	0.57983	0.0012329
12.133	0.63025	0.0010339
12.133	0.68067	0.0010369
12.181	-0.83193	0.0011019
12.181	-0.78151	0.001109
12.181	-0.73109	0.0012842
12.181	-0.68067	0.0014755
12.181	-0.63025	0.0014554
12.181	-0.57983	0.0016526
12.181	-0.52941	0.0016066
12.181	-0.47899	0.0018044
12.181	-0.42857	0.0017303
12.181	-0.37815	0.001923
12.181	-0.32773	0.0021225
12.181	-0.27731	0.0020021
12.181	-0.22689	0.002188
12.181	-0.17647	0.0020377
12.181	-0.12605	0.0022053
12.181	-0.07563	0.002371
12.181	-0.02521	0.0021739
12.181	0.02521	0.0023151
12.181	0.07563	0.002096
12.181	0.12605	0.0022108
12.181	0.17647	0.0023166
12.181	0.22689	0.0020644
12.181	0.27731	0.0021422
12.181	0.32773	0.0018842
12.181	0.37815	0.0019358
12.181	0.42857	0.0019751
12.181	0.47899	0.0017083
12.181	0.52941	0.0017247
12.181	0.57983	0.0014709
12.181	0.63025	0.0014687
12.181	0.68067	0.0014554
12.181	0.73109	0.0012179
12.181	0.78151	0.0011922
12.229	-0.98319	0.0010957
12.229	-0.93277	0.0011399
12.229	-0.88235	0.0013354
12.229	-0.83193	0.0015515
12.229	-0.78151	0.0015769
12.229	-0.73109	0.001808
12.229	-0.68067	0.001809
12.229	-0.63025	0.002049
12.229	-0.57983	0.0023042
12.229	-0.52941	0.0022625
12.229	-0.47899	0.0025162
12.229	-0.42857	0.0024375
12.229	-0.37815	0.0026823
12.229	-0.32773	0.0028069
12.229	-0.27731	0.0026792
12.229	-0.22689	0.002909
12.229	-0.17647	0.0027421
12.229	-0.12605	0.0029482
12.229	-0.07563	0.0031497
12.229	-0.02521	0.0029226
12.229	0.02521	0.0030922
12.229	0.07563	0.0028343
12.229	0.12605	0.0029699
12.229	0.17647	0.0030924
12.229	0.22689	0.0027899
12.229	0.27731	0.0028764
12.229	0.32773	0.0025621
12.229	0.37815	0.0026151
12.229	0.42857	0.002299
12.229	0.47899	0.0023222
12.229	0.52941	0.0023297
12.229	0.57983	0.0020122
12.229	0.63025	0.0019963
12.229	0.68067	0.0016993
12.229	0.73109	0.001666
12.229	0.78151	0.0016209
12.229	0.83193	0.0013517
12.229	0.88235	0.0012977
12.229	0.93277	0.0010639
12.229	0.98319	0.0010065
12.277	-1.084	0.0010862
12.277	-1.0336	0.0011655
12.277	-0.98319	0.0013804
12.277	-0.93277	0.001452
12.277	-0.88235	0.0016931
12.277	-0.83193	0.0017495
12.277	-0.78151	0.0020116
12.277	-0.73109	0.0022954
12.277	-0.68067	0.0023213
12.277	-0.63025	0.0026162
12.277	-0.57983	0.0026071
12.277	-0.52941	0.0029044
12.277	-0.47899	0.0032141
12.277	-0.42857	0.0031454
12.277	-0.37815	0.0034436
12.277	-0.32773	0.0033265
12.277	-0.27731	0.0036045
12.277	-0.22689	0.0038815
12.277	-0.17647	0.0036887
12.277	-0.12605	0.0039329
12.277	-0.07563	0.0036924
12.277	-0.02521	0.0038983
12.277	0.02521	0.0040908
12.277	0.07563	0.0037806
12.277	0.12605	0.0039286
12.277	0.17647	0.003587
12.277	0.22689	0.0036907
12.277	0.27731	0.0037739
12.277	0.32773	0.0033902
12.277	0.37815	0.0034314
12.277	0.42857	0.0030333
12.277	0.47899	0.0030478
12.277	0.52941	0.0030423
12.277	0.57983	0.0026561
12.277	0.63025	0.0026218
12.277	0.68067	0.0022565
12.277	0.73109	0.002201
12.277	0.78151	0.0018657
12.277	0.83193	0.0017967
12.277	0.88235	0.0017166
12.277	0.93277	0.001423
12.277	0.98319	0.0013397
12.277	1.0336	0.0010901
12.277	1.084	0.0010096
12.324	-1.1345	0.0012079
12.324	-1.084	0.001314
12.324	-1.0336	0.0015581
12.324	-0.98319	0.0018306
12.324	-0.93277	0.0019374
12.324	-0.88235	0.0022414
12.324	-0.83193	0.0021764
12.324	-0.78151	0.0024925
12.324	-0.73109	0.0028331
12.324	-0.68067	0.0028922
12.324	-0.63025	0.0032465
12.324	-0.57983	0.0032658
12.324	-0.52941	0.003623
12.324	-0.47899	0.0039931
12.324	-0.42857	0.0039433
12.324	-0.37815	0.0042992
12.324	-0.32773	0.0041906
12.324	-0.27731	0.0045213
12.324	-0.22689	0.0043519
12.324	-0.17647	0.0046479
12.324	-0.12605	0.0049344
12.324	-0.07563	0.0046732
12.324	-0.02521	0.0049123
12.324	0.02521	0.0045968
12.324	0.07563	0.0047846
12.324	0.12605	0.0049507
12.324	0.17647	0.0045595
12.324	0.22689	0.004671
12.324	0.27731	0.0042501
12.324	0.32773	0.0043101
12.324	0.37815	0.0043441
12.324	0.42857	0.0038872
12.324	0.47899	0.0038766
12.324	0.52941	0.0034236
12.324	0.57983	0.0033766
12.324	0.63025	0.003308
12.324	0.68067	0.0028671
12.324	0.73109	0.0027751
12.324	0.78151	0.002369
12.324	0.83193	0.0022634
12.324	0.88235	0.0021456
12.324	0.93277	0.0017903
12.324	0.98319	0.001672
12.324	1.0336	0.0013691
12.324	1.084	0.0012573
12.324	1.1345	0.0011431
12.372	-1.1849	0.0011936
12.372	-1.1345	0.0014384
12.372	-1.084	0.0015781
12.372	-1.0336	0.001866
12.372	-0.98319	0.0020059
12.372	-0.93277	0.0023328
12.372	-0.88235	0.0026905
12.372	-0.83193	0.0028219
12.372	-0.78151	0.003209
12.372	-0.73109	0.0033126
12.372	-0.68067	0.0037187
12.372	-0.63025	0.004146
12.372	-0.57983	0.0041951
12.372	-0.52941	0.0046227
12.372	-0.47899	0.0046138
12.372	-0.42857	0.0050281
12.372	-0.37815	0.0054458
12.372	-0.32773	0.0053404
12.372	-0.27731	0.0057239
12.372	-0.22689	0.0055429
12.372	-0.17647	0.0058808
12.372	-0.12605	0.0062029
12.372	-0.07563	0.0057695
12.372	-0.02521	0.0060426
12.372	0.02521	0.005699
12.372	0.07563	0.0059099
12.372	0.12605	0.0060931
12.372	0.17647	0.0056548
12.372	0.22689	0.005772
12.372	0.27731	0.0052925
12.372	0.32773	0.0053476
12.372	0.37815	0.0048436
12.372	0.42857	0.0048431
12.372	0.47899	0.0048127
12.372	0.52941	0.0042844
12.372	0.57983	0.0042106
12.372	0.63025	0.0036981
12.372	0.68067	0.0035922
12.372	0.73109	0.0034652
12.372	0.78151	0.0029834
12.372	0.83193	0.0028409
12.372	0.88235	0.002407
12.372	0.93277	0.0022598
12.372	0.98319	0.0021041
12.372	1.0336	0.0017386
12.372	1.084	0.0015921
12.372	1.1345	0.0012884
12.372	1.1849	0.0011575
12.372	1.2353	0.0010282
12.42	-1.2857	0.0010015
12.42	-1.2353	0.0011471
12.42	-1.1849	0.0013953
12.42	-1.1345	0.001678
12.42	-1.084	0.0018552
12.42	-1.0336	0.0021884
12.42	-0.98319	0.0023704
12.42	-0.93277	0.0027495
12.42	-0.88235	0.0029243
12.42	-0.83193	0.0033417
12.42	-0.78151	0.0037898
12.42	-0.73109	0.0039411
12.42	-0.68067	0.0044115
12.42	-0.63025	0.0045205
12.42	-0.57983	0.004999
12.42	-0.52941	0.0054924
12.42	-0.47899	0.005523
12.42	-0.42857	0.0060007
12.42	-0.37815	0.0059557
12.42	-0.32773	0.0064019
12.42	-0.27731	0.0068409
12.42	-0.22689	0.0066743
12.42	-0.17647	0.0070593
12.42	-0.12605	0.0068032
12.42	-0.07563	0.0071235
12.42	-0.02521	0.0074164
12.42	0.02521	0.0070311
12.42	0.07563	0.0072475
12.42	0.12605	0.0067886
12.42	0.17647	0.0069279
12.42	0.22689	0.0070293
12.42	0.27731	0.0064768
12.42	0.32773	0.0065045
12.42	0.37815	0.0059197
12.42	0.42857	0.0058827
12.42	0.47899	0.0058102
12.42	0.52941	0.0051961
12.42	0.57983	0.005075
12.42	0.63025	0.0044779
12.42	0.68067	0.004403
12.42	0.73109	0.0042353
12.42	0.78151	0.0036734
12.42	0.83193	0.0034882
12.42	0.88235	0.0029784
12.42	0.93277	0.0027888
12.42	0.98319	0.0023405
12.42	1.0336	0.0021577
12.42	1.084	0.0019712
12.42	1.1345	0.0016089
12.42	1.1849	0.0014424
12.42	1.2353	0.0011498
12.42	1.2857	0.0010082
12.467	-1.3361	0.001024
12.467	-1.2857	0.0012669
12.467	-1.2353	0.0014541
12.467	-1.1849	0.0017557
12.467	-1.1345	0.0019647
12.467	-1.084	0.0023244
12.467	-1.0336	0.0027238
12.467	-0.98319	0.0029592
12.467	-0.93277	0.0034107
12.467	-0.88235	0.0036397
12.467	-0.83193	0.0041335
12.467	-0.78151	0.0046595
12.467	-0.73109	0.0048629
12.467	-0.68067	0.0054113
12.467	-0.63025	0.0055666
12.467	-0.57983	0.00612
12.467	-0.52941	0.0064016
12.467	-0.47899	0.0064799
12.467	-0.42857	0.0070219
12.467	-0.37815	0.0070166
12.467	-0.32773	0.007522
12.467	-0.27731	0.0074227
12.467	-0.22689	0.0078749
12.467	-0.17647	0.0083066
12.467	-0.12605	0.0080608
12.467	-0.07563	0.0084173
12.467	-0.02521	0.00807
12.467	0.02521	0.0083429
12.467	0.07563	0.0085764
12.467	0.12605	0.0080886
12.467	0.17647	0.008232
12.467	0.22689	0.0076699
12.467	0.27731	0.0077269
12.467	0.32773	0.0077393
12.467	0.37815	0.0070902
12.467	0.42857	0.007027
12.467	0.47899	0.0063563
12.467	0.52941	0.0062311
12.467	0.57983	0.0060703
12.467	0.63025	0.005391
12.467	0.68067	0.0051903
12.467	0.73109	0.0045447
12.467	0.78151	0.0043207
12.467	0.83193	0.0040782
12.467	0.88235	0.0034947
12.467	0.93277	0.0032518
12.467	0.98319	0.0027388
12.467	1.0336	0.0025084
12.467	1.084	0.0022765
12.467	1.1345	0.001864
12.467	1.1849	0.0016594
12.467	1.2353	0.0013266
12.467	1.2857	0.0011545
12.515	-1.3361	0.0011461
12.515	-1.2857	0.0013428
12.515	-1.2353	0.0016389
12.515	-1.1849	0.0019765
12.515	-1.1345	0.0022279
12.515	-1.084	0.0026317
12.515	-1.0336	0.002902
12.515	-0.98319	0.0033672
12.515	-0.93277	0.0038738
12.515	-0.88235	0.0041604
12.515	-0.83193	0.0047152
12.515	-0.78151	0.0049816
12.515	-0.73109	0.0055697
12.515	-0.68067	0.0061843
12.515	-0.63025	0.0064
12.515	-0.57983	0.0070203
12.515	-0.52941	0.0071669
12.515	-0.47899	0.007772
12.515	-0.42857	0.008377
12.515	-0.37815	0.0084011
12.515	-0.32773	0.0089584
12.515	-0.27731	0.0088743
12.515	-0.22689	0.009365
12.515	-0.17647	0.009827
12.515	-0.12605	0.0095747
12.515	-0.07563	0.0099459
12.515	-0.02521	0.0095758
12.515	0.02521	0.0098478
12.515	0.07563	0.010071
12.515	0.12605	0.0095384
12.515	0.17647	0.0096569
12.515	0.22689	0.0090069
12.515	0.27731	0.0090518
12.515	0.32773	0.008385
12.515	0.37815	0.0083396
12.515	0.42857	0.0082459
12.515	0.47899	0.0075064
12.515	0.52941	0.0073415
12.515	0.57983	0.0065954
12.515	0.63025	0.0063771
12.515	0.68067	0.006126
12.515	0.73109	0.0053976
12.515	0.78151	0.0051206
12.515	0.83193	0.0044442
12.515	0.88235	0.0041593
12.515	0.93277	0.0038628
12.515	0.98319	0.0032747
12.515	1.0336	0.0029939
12.515	1.084	0.0024902
12.515	1.1345	0.0022367
12.515	1.1849	0.0019885
12.515	1.2353	0.0016017
12.515	1.2857	0.0013925
12.515	1.3361	0.0010908
12.563	-1.3866	0.0011281
12.563	-1.3361	0.0014042
12.563	-1.2857	0.0016469
12.563	-1.2353	0.0019961
12.563	-1.1849	0.0023912
12.563	-1.1345	0.0027011
12.563	-1.084	0.0031708
12.563	-1.0336	0.0035052
12.563	-0.98319	0.0037687
12.563	-0.93277	0.0041032
12.563	-0.88235	0.0046783
12.563	-0.83193	0.0052928
12.563	-0.78151	0.0056259
12.563	-0.73109	0.006278
12.563	-0.68067	0.0065721
12.563	-0.63025	0.0072415
12.563	-0.57983	0.0079273
12.563	-0.52941	0.0081385
12.563	-0.47899	0.008807
12.563	-0.42857	0.0089248
12.563	-0.37815	0.0095523
12.563	-0.32773	0.010164
12.563	-0.27731	0.010125
12.563	-0.22689	0.010661
12.563	-0.17647	0.010494
12.563	-0.12605	0.010938
12.563	-0.07563	0.011337
12.563	-0.02521	0.010978
12.563	0.02521	0.011266
12.563	0.07563	0.010781
12.563	0.12605	0.010953
12.563	0.17647	0.011065
12.563	0.22689	0.010416
12.563	0.27731	0.010416
12.563	0.32773	0.0096861
12.563	0.37815	0.0095851
12.563	0.42857	0.0094298
12.563	0.47899	0.008616
12.563	0.52941	0.0083836
12.563	0.57983	0.0075586
12.563	0.63025	0.0072702
12.563	0.68067	0.0069476
12.563	0.73109	0.0061412
12.563	0.78151	0.0057947
12.563	0.83193	0.0050441
12.563	0.88235	0.0046945
12.563	0.93277	0.0043354
12.563	0.98319	0.0038521
12.563	1.0336	0.0035163
12.563	1.084	0.0029435
12.563	1.1345	0.0026403
12.563	1.1849	0.0021634
12.563	1.2353	0.0019016
12.563	1.2857	0.001652
12.563	1.3361	0.0013038
12.563	1.3866	0.0011029
12.61	-1.3866	0.0012215
12.61	-1.3361	0.0015203
12.61	-1.2857	0.0017962
12.61	-1.2353	0.0021756
12.61	-1.1849	0.0025001
12.61	-1.1345	0.0029614
12.61	-1.084	0.0034724
12.61	-1.0336	0.0038637
12.61	-0.98319	0.0044506
12.61	-0.93277	0.0048582
12.61	-0.88235	0.0055088
12.61	-0.83193	0.0061992
12.61	-0.78151	0.0066078
12.61	-0.73109	0.0073355
12.61	-0.68067	0.0077013
12.61	-0.63025	0.0084426
12.61	-0.57983	0.009196
12.61	-0.52941	0.0094682
12.61	-0.47899	0.010195
12.61	-0.42857	0.010361
12.61	-0.37815	0.011036
12.61	-0.32773	0.011686
12.61	-0.27731	0.011674
12.61	-0.22689	0.011959
12.61	-0.17647	0.011832
12.61	-0.12605	0.012308
12.61	-0.07563	0.012036
12.61	-0.02521	0.012394
12.61	0.02521	0.012693
12.61	0.07563	0.012213
12.61	0.12605	0.012382
12.61	0.17647	0.011775
12.61	0.22689	0.011818
12.61	0.27731	0.011794
12.61	0.32773	0.011031
12.61	0.37815	0.010895
12.61	0.42857	0.010063
12.61	0.47899	0.0098324
12.61	0.52941	0.0095495
12.61	0.57983	0.0086616
12.61	0.63025	0.0083161
12.61	0.68067	0.0074385
12.61	0.73109	0.0070551
12.61	0.78151	0.006646
12.61	0.83193	0.0058205
12.61	0.88235	0.0054087
12.61	0.93277	0.0046589
12.61	0.98319	0.0042648
12.61	1.0336	0.0038712
12.61	1.084	0.003247
12.61	1.1345	0.0028951
12.61	1.1849	0.0023758
12.61	1.2353	0.0020748
12.61	1.2857	0.0017904
12.61	1.3361	0.0014137
12.61	1.3866	0.0011869
12.658	-1.437	0.0010301
12.658	-1.3866	0.0013034
12.658	-1.3361	0.0015733
12.658	-1.2857	0.0019299
12.658	-1.2353	0.0023365
12.658	-1.1849	0.0027025
12.658	-1.1345	0.0031983
12.658	-1.084	0.0036133
12.658	-1.0336	0.0041945
12.658	-0.98319	0.0048258
12.658	-0.93277	0.0052998
12.658	-0.88235	0.0060012
12.658	-0.83193	0.0064775
12.658	-0.78151	0.0072305
12.658	-0.73109	0.0080143
12.658	-0.68067	0.0084627
12.658	-0.63025	0.0092619
12.658	-0.57983	0.0096414
12.658	-0.52941	0.010428
12.658	-0.47899	0.011209
12.658	-0.42857	0.011453
12.658	-0.37815	0.012177
12.658	-0.32773	0.012286
12.658	-0.27731	0.012924
12.658	-0.22689	0.013519
12.658	-0.17647	0.013413
12.658	-0.12605	0.013887
12.658	-0.07563	0.013617
12.658	-0.02521	0.013957
12.658	0.02521	0.014228
12.658	0.07563	0.013727
12.658	0.12605	0.013853
12.658	0.17647	0.01321
12.658	0.22689	0.013197
12.658	0.27731	0.012437
12.658	0.32773	0.012296
12.658	0.37815	0.012088
12.658	0.42857	0.011199
12.658	0.47899	0.01089
12.658	0.52941	0.010134
12.658	0.57983	0.009774
12.658	0.63025	0.0093686
12.658	0.68067	0.0084291
12.658	0.73109	0.007982
12.658	0.78151	0.0070769
12.658	0.83193	0.0066149
12.658	0.88235	0.0061382
12.658	0.93277	0.0053198
12.658	0.98319	0.0048636
12.658	1.0336	0.0041393
12.658	1.084	0.003722
12.658	1.1345	0.0033156
12.658	1.1849	0.0027384
12.658	1.2353	0.00239
12.658	1.2857	0.0019247
12.658	1.3361	0.0016394
12.658	1.3866	0.0013767
12.658	1.437	0.0010581
12.706	-1.437	0.0012218
12.706	-1.3866	0.0015337
12.706	-1.3361	0.0018499
12.706	-1.2857	0.0022535
12.706	-1.2353	0.0027104
12.706	-1.1849	0.0031368
12.706	-1.1345	0.00369
12.706	-1.084	0.0041738
12.706	-1.0336	0.0048181
12.706	-0.98319	0.0053425
12.706	-0.93277	0.0060661
12.706	-0.88235	0.0068335
12.706	-0.83193	0.0073925
12.706	-0.78151	0.0082109
12.706	-0.73109	0.0087455
12.706	-0.68067	0.0091647
12.706	-0.63025	0.010015
12.706	-0.57983	0.010484
12.706	-0.52941	0.01132
12.706	-0.47899	0.01169
12.706	-0.42857	0.012481
12.706	-0.37815	0.013247
12.706	-0.32773	0.013438
12.706	-0.27731	0.014112
12.706	-0.22689	0.014139
12.706	-0.17647	0.014695
12.706	-0.12605	0.015189
12.706	-0.07563	0.014967
12.706	-0.02521	0.015314
12.706	0.02521	0.014915
12.706	0.07563	0.015108
12.706	0.12605	0.015221
12.706	0.17647	0.014585
12.706	0.22689	0.014544
12.706	0.27731	0.013774
12.706	0.32773	0.013594
12.706	0.37815	0.013342
12.706	0.42857	0.012422
12.706	0.47899	0.01206
12.706	0.52941	0.011088
12.706	0.57983	0.010644
12.706	0.63025	0.010155
12.706	0.68067	0.0091602
12.706	0.73109	0.0086328
12.706	0.78151	0.007674
12.706	0.83193	0.0071376
12.706	0.88235	0.0065902
12.706	0.93277	0.0057253
12.706	0.98319	0.0052071
12.706	1.0336	0.0044412
12.706	1.084	0.0039715
12.706	1.1345	0.0033177
12.706	1.1849	0.0029098
12.706	1.2353	0.0025241
12.706	1.2857	0.0022006
12.706	1.3361	0.0018743
12.706	1.3866	0.0014748
12.706	1.437	0.0012194
12.753	-1.437	0.0012686
12.753	-1.3866	0.0015934
12.753	-1.3361	0.0019349
12.753	-1.2857	0.0023568
12.753	-1.2353	0.0027758
12.753	-1.1849	0.0032989
12.753	-1.1345	0.003878
12.753	-1.084	0.0044109
12.753	-1.0336	0.0050869
12.753	-0.98319	0.0056709
12.753	-0.93277	0.0064316
12.753	-0.88235	0.0072364
12.753	-0.83193	0.0078696
12.753	-0.78151	0.0087291
12.753	-0.73109	0.0093467
12.753	-0.68067	0.010233
12.753	-0.63025	0.01113
12.753	-0.57983	0.01168
12.753	-0.52941	0.012554
12.753	-0.47899	0.013
12.753	-0.42857	0.013817
12.753	-0.37815	0.014599
12.753	-0.32773	0.014851
12.753	-0.27731	0.015527
12.753	-0.22689	0.015602
12.753	-0.17647	0.016144
12.753	-0.12605	0.016028
12.753	-0.07563	0.016417
12.753	-0.02521	0.016724
12.753	0.02521	0.016332
12.753	0.07563	0.016413
12.753	0.12605	0.015877
12.753	0.17647	0.015894
12.753	0.22689	0.015824
12.753	0.27731	0.015057
12.753	0.32773	0.014837
12.753	0.37815	0.013949
12.753	0.42857	0.0136
12.753	0.47899	0.013183
12.753	0.52941	0.012179
12.753	0.57983	0.011674
12.753	0.63025	0.010644
12.753	0.68067	0.010083
12.753	0.73109	0.009489
12.753	0.78151	0.0084801
12.753	0.83193	0.0078772
12.753	0.88235	0.0069306
12.753	0.93277	0.0063469
12.753	0.98319	0.0057664
12.753	1.0336	0.004948
12.753	1.084	0.004421
12.753	1.1345	0.0037168
12.753	1.1849	0.0032581
12.753	1.2353	0.0028252
12.753	1.2857	0.0022928
12.753	1.3361	0.0019399
12.753	1.3866	0.0015264
12.753	1.437	0.0012525
12.801	-1.4874	0.0011511
12.801	-1.437	0.0014602
12.801	-1.3866	0.0018001
12.801	-1.3361	0.0022084
12.801	-1.2857	0.002672
12.801	-1.2353	0.0031475
12.801	-1.1849	0.0037179
12.801	-1.1345	0.0039568
12.801	-1.084	0.0046029
12.801	-1.0336	0.0053037
12.801	-0.98319	0.0059436
12.801	-0.93277	0.0067336
12.801	-0.88235	0.0074115
12.801	-0.83193	0.0082708
12.801	-0.78151	0.0091623
12.801	-0.73109	0.0098592
12.801	-0.68067	0.010779
12.801	-0.63025	0.011433
12.801	-0.57983	0.012347
12.801	-0.52941	0.013252
12.801	-0.47899	0.013792
12.801	-0.42857	0.014636
12.801	-0.37815	0.015039
12.801	-0.32773	0.015789
12.801	-0.27731	0.016481
12.801	-0.22689	0.016647
12.801	-0.17647	0.017198
12.801	-0.12605	0.017163
12.801	-0.07563	0.017552
12.801	-0.02521	0.017852
12.801	0.02521	0.017523
12.801	0.07563	0.017644
12.801	0.12605	0.017114
12.801	0.17647	0.017059
12.801	0.22689	0.01691
12.801	0.27731	0.016131
12.801	0.32773	0.015826
12.801	0.37815	0.014913
12.801	0.42857	0.014476
12.801	0.47899	0.013472
12.801	0.52941	0.012934
12.801	0.57983	0.012341
12.801	0.63025	0.011275
12.801	0.68067	0.010631
12.801	0.73109	0.0095776
12.801	0.78151	0.0089167
12.801	0.83193	0.0085809
12.801	0.88235	0.0075893
12.801	0.93277	0.0069424
12.801	0.98319	0.0060376
12.801	1.0336	0.0054374
12.801	1.084	0.0048544
12.801	1.1345	0.004106
12.801	1.1849	0.0035974
12.801	1.2353	0.0029732
12.801	1.2857	0.002548
12.801	1.3361	0.0021561
12.801	1.3866	0.0017092
12.801	1.437	0.0014038
12.801	1.4874	0.0010711
12.849	-1.4874	0.0011625
12.849	-1.437	0.0014762
12.849	-1.3866	0.0018335
12.849	-1.3361	0.0022501
12.849	-1.2857	0.0027224
12.849	-1.2353	0.0032272
12.849	-1.1849	0.0038104
12.849	-1.1345	0.0044048
12.849	-1.084	0.0050954
12.849	-1.0336	0.0058395
12.849	-0.98319	0.0065522
12.849	-0.93277	0.0073852
12.849	-0.88235	0.0081404
12.849	-0.83193	0.0090398
12.849	-0.78151	0.0098054
12.849	-0.73109	0.010742
12.849	-0.68067	0.01169
12.849	-0.63025	0.012422
12.849	-0.57983	0.013354
12.849	-0.52941	0.014001
12.849	-0.47899	0.01488
12.849	-0.42857	0.015722
12.849	-0.37815	0.015804
12.849	-0.32773	0.016567
12.849	-0.27731	0.016897
12.849	-0.22689	0.017526
12.849	-0.17647	0.018079
12.849	-0.12605	0.018133
12.849	-0.07563	0.018516
12.849	-0.02521	0.018352
12.849	0.02521	0.018551
12.849	0.07563	0.01865
12.849	0.12605	0.018183
12.849	0.17647	0.018096
12.849	0.22689	0.017433
12.849	0.27731	0.017173
12.849	0.32773	0.016823
12.849	0.37815	0.015932
12.849	0.42857	0.015443
12.849	0.47899	0.014442
12.849	0.52941	0.013845
12.849	0.57983	0.013192
12.849	0.63025	0.012111
12.849	0.68067	0.011404
12.849	0.73109	0.010324
12.849	0.78151	0.0095995
12.849	0.83193	0.0088638
12.849	0.88235	0.007852
12.849	0.93277	0.0071475
12.849	0.98319	0.0062248
12.849	1.0336	0.0055772
12.849	1.084	0.0047656
12.849	1.1345	0.0041938
12.849	1.1849	0.0036535
12.849	1.2353	0.0030219
12.849	1.2857	0.0025737
12.849	1.3361	0.0020697
12.849	1.3866	0.0017147
12.849	1.437	0.0013977
12.849	1.4874	0.0010648
12.896	-1.4874	0.001158
12.896	-1.437	0.0014723
12.896	-1.3866	0.0018424
12.896	-1.3361	0.0022618
12.896	-1.2857	0.0027342
12.896	-1.2353	0.0032655
12.896	-1.1849	0.0038542
12.896	-1.1345	0.0044824
12.896	-1.084	0.0051816
12.896	-1.0336	0.0058959
12.896	-0.98319	0.0066946
12.896	-0.93277	0.007538
12.896	-0.88235	0.0083523
12.896	-0.83193	0.0092643
12.896	-0.78151	0.010099
12.896	-0.73109	0.011049
12.896	-0.68067	0.012008
12.896	-0.63025	0.01282
12.896	-0.57983	0.013763
12.896	-0.52941	0.014497
12.896	-0.47899	0.015385
12.896	-0.42857	0.016231
12.896	-0.37815	0.016793
12.896	-0.32773	0.017527
12.896	-0.27731	0.017915
12.896	-0.22689	0.018503
12.896	-0.17647	0.018691
12.896	-0.12605	0.019108
12.896	-0.07563	0.019428
12.896	-0.02521	0.019306
12.896	0.02521	0.019432
12.896	0.07563	0.019085
12.896	0.12605	0.019017
12.896	0.17647	0.018847
12.896	0.22689	0.018205
12.896	0.27731	0.017857
12.896	0.32773	0.017041
12.896	0.37815	0.016801
12.896	0.42857	0.016261
12.896	0.47899	0.015285
12.896	0.52941	0.014632
12.896	0.57983	0.013575
12.896	0.63025	0.012847
12.896	0.68067	0.012082
12.896	0.73109	0.010992
12.896	0.78151	0.010208
12.896	0.83193	0.0091494
12.896	0.88235	0.0083825
12.896	0.93277	0.0076224
12.896	0.98319	0.0066727
12.896	1.0336	0.0059733
12.896	1.084	0.0051317
12.896	1.1345	0.0045132
12.896	1.1849	0.0039299
12.896	1.2353	0.0032699
12.896	1.2857	0.0027848
12.896	1.3361	0.0022544
12.896	1.3866	0.0018688
12.896	1.437	0.0015248
12.896	1.4874	0.0011712
12.944	-1.5378	0.0010005
12.944	-1.4874	0.0012873
12.944	-1.437	0.0016383
12.944	-1.3866	0.0020283
12.944	-1.3361	0.0024722
12.944	-1.2857	0.0029883
12.944	-1.2353	0.0035467
12.944	-1.1849	0.0041722
12.944	-1.1345	0.0048441
12.944	-1.084	0.0055688
12.944	-1.0336	0.0063459
12.944	-0.98319	0.0071682
12.944	-0.93277	0.0080157
12.944	-0.88235	0.0089145
12.944	-0.83193	0.0093745
12.944	-0.78151	0.010272
12.944	-0.73109	0.011225
12.944	-0.68067	0.012115
12.944	-0.63025	0.013071
12.944	-0.57983	0.014014
12.944	-0.52941	0.01483
12.944	-0.47899	0.015716
12.944	-0.42857	0.016418
12.944	-0.37815	0.017208
12.944	-0.32773	0.017933
12.944	-0.27731	0.018413
12.944	-0.22689	0.018988
12.944	-0.17647	0.019267
12.944	-0.12605	0.019667
12.944	-0.07563	0.019965
12.944	-0.02521	0.019931
12.944	0.02521	0.020031
12.944	0.07563	0.019767
12.944	0.12605	0.019667
12.944	0.17647	0.019461
12.944	0.22689	0.018892
12.944	0.27731	0.018503
12.944	0.32773	0.017747
12.944	0.37815	0.017201
12.944	0.42857	0.016294
12.944	0.47899	0.015623
12.944	0.52941	0.01489
12.944	0.57983	0.013849
12.944	0.63025	0.013049
12.944	0.68067	0.011969
12.944	0.73109	0.011139
12.944	0.78151	0.010297
12.944	0.83193	0.0092474
12.944	0.88235	0.0084318
12.944	0.93277	0.0074479
12.944	0.98319	0.0066892
12.944	1.0336	0.0059574
12.944	1.084	0.0051235
12.944	1.1345	0.0047976
12.944	1.1849	0.0040571
12.944	1.2353	0.0034946
12.944	1.2857	0.0029758
12.944	1.3361	0.0024245
12.944	1.3866	0.0020107
12.944	1.437	0.0015848
12.944	1.4874	0.0012711
12.992	-1.4874	0.0012498
12.992	-1.437	0.0016026
12.992	-1.3866	0.0019855
12.992	-1.3361	0.0024208
12.992	-1.2857	0.002945
12.992	-1.2353	0.0034944
12.992	-1.1849	0.0041359
12.992	-1.1345	0.0047991
12.992	-1.084	0.005513
12.992	-1.0336	0.0063186
12.992	-0.98319	0.0071306
12.992	-0.93277	0.0080186
12.992	-0.88235	0.0089079
12.992	-0.83193	0.0098471
12.992	-0.78151	0.010785
12.992	-0.73109	0.01173
12.992	-0.68067	0.012688
12.992	-0.63025	0.013627
12.992	-0.57983	0.014533
12.992	-0.52941	0.015426
12.992	-0.47899	0.016276
12.992	-0.42857	0.01704
12.992	-0.37815	0.017782
12.992	-0.32773	0.018387
12.992	-0.27731	0.018986
12.992	-0.22689	0.019495
12.992	-0.17647	0.019824
12.992	-0.12605	0.020148
12.992	-0.07563	0.020148
12.992	-0.02521	0.020327
12.992	0.02521	0.020397
12.992	0.07563	0.02022
12.992	0.12605	0.020086
12.992	0.17647	0.019682
12.992	0.22689	0.019355
12.992	0.27731	0.018929
12.992	0.32773	0.018243
12.992	0.37815	0.017656
12.992	0.42857	0.016809
12.992	0.47899	0.016094
12.992	0.52941	0.015318
12.992	0.57983	0.014322
12.992	0.63025	0.013476
12.992	0.68067	0.012427
12.992	0.73109	0.011551
12.992	0.78151	0.010665
12.992	0.83193	0.0096303
12.992	0.88235	0.0087713
12.992	0.93277	0.0077908
12.992	0.98319	0.0069906
12.992	1.0336	0.0060975
12.992	1.084	0.0053804
12.992	1.1345	0.0047033
12.992	1.1849	0.0039805
12.992	1.2353	0.0034086
12.992	1.2857	0.0028124
12.992	1.3361	0.0023496
12.992	1.3866	0.0019351
12.992	1.437	0.0015231
12.992	1.4874	0.0012116
13.039	-1.5378	0.0010573
13.039	-1.4874	0.0013502
13.039	-1.437	0.0017272
13.039	-1.3866	0.0021234
13.039	-1.3361	0.0023841
13.039	-1.2857	0.0028655
13.039	-1.2353	0.0033993
13.039	-1.1849	0.0040472
13.039	-1.1345	0.0046933
13.039	-1.084	0.0054586
13.039	-1.0336	0.0062093
13.039	-0.98319	0.0070005
13.039	-0.93277	0.0079158
13.039	-0.88235	0.0087838
13.039	-0.83193	0.009763
13.039	-0.78151	0.01068
13.039	-0.73109	0.0116
13.039	-0.68067	0.012615
13.039	-0.63025	0.01353
13.039	-0.57983	0.014506
13.039	-0.52941	0.015375
13.039	-0.47899	0.016197
13.039	-0.42857	0.017045
13.039	-0.37815	0.01776
13.039	-0.32773	0.018455
13.039	-0.27731	0.019026
13.039	-0.22689	0.019532
13.039	-0.17647	0.019929
13.039	-0.12605	0.020224
13.039	-0.07563	0.020421
13.039	-0.02521	0.020514
13.039	0.02521	0.020475
13.039	0.07563	0.020363
13.039	0.12605	0.020142
13.039	0.17647	0.01978
13.039	0.22689	0.019368
13.039	0.27731	0.018798
13.039	0.32773	0.018216
13.039	0.37815	0.017553
13.039	0.42857	0.01675
13.039	0.47899	0.015967
13.039	0.52941	0.015044
13.039	0.57983	0.014179
13.039	0.63025	0.013281
13.039	0.68067	0.012732
13.039	0.73109	0.011819
13.039	0.78151	0.010799
13.039	0.83193	0.0098958
13.039	0.88235	0.0090029
13.039	0.93277	0.0080422
13.039	0.98319	0.0072091
13.039	1.0336	0.006325
13.039	1.084	0.0055768
13.039	1.1345	0.0048718
13.039	1.1849	0.0041486
13.039	1.2353	0.0035513
13.039	1.2857	0.0029492
13.039	1.3361	0.0024642
13.039	1.3866	0.0020304
13.039	1.437	0.00161
13.039	1.4874	0.0012825
13.087	-1.4874	0.001316
13.087	-1.437	0.0016478
13.087	-1.3866	0.0020268
13.087	-1.3361	0.0025156
13.087	-1.2857	0.0030031
13.087	-1.2353	0.0036176
13.087	-1.1849	0.0042155
13.087	-1.1345	0.0048598
13.087	-1.084	0.0056572
13.087	-1.0336	0.0064001
13.087	-0.98319	0.0073041
13.087	-0.93277	0.0081279
13.087	-0.88235	0.0089736
13.087	-0.83193	0.009993
13.087	-0.78151	0.010878
13.087	-0.73109	0.011928
13.087	-0.68067	0.012817
13.087	-0.63025	0.013683
13.087	-0.57983	0.014285
13.087	-0.52941	0.015119
13.087	-0.47899	0.016077
13.087	-0.42857	0.016824
13.087	-0.37815	0.017502
13.087	-0.32773	0.018282
13.087	-0.27731	0.018818
13.087	-0.22689	0.019416
13.087	-0.17647	0.01978
13.087	-0.12605	0.02004
13.087	-0.07563	0.020335
13.087	-0.02521	0.020395
13.087	0.02521	0.020453
13.087	0.07563	0.020308
13.087	0.12605	0.020055
13.087	0.17647	0.019787
13.087	0.22689	0.019343
13.087	0.27731	0.018861
13.087	0.32773	0.018249
13.087	0.37815	0.017582
13.087	0.42857	0.016832
13.087	0.47899	0.01602
13.087	0.52941	0.015167
13.087	0.57983	0.014274
13.087	0.63025	0.013338
13.087	0.68067	0.012405
13.087	0.73109	0.011462
13.087	0.78151	0.010496
13.087	0.83193	0.0095721
13.087	0.88235	0.0086291
13.087	0.93277	0.0077576
13.087	0.98319	0.0069187
13.087	1.0336	0.0060818
13.087	1.084	0.0053338
13.087	1.1345	0.004593
13.087	1.1849	0.0039513
13.087	1.2353	0.0033623
13.087	1.2857	0.0027941
13.087	1.3361	0.0023192
13.087	1.3866	0.001868
13.087	1.437	0.0016793
13.087	1.4874	0.0013394
13.087	1.5378	0.0010257
13.135	-1.4874	0.0012375
13.135	-1.437	0.0015512
13.135	-1.3866	0.001909
13.135	-1.3361	0.0023859
13.135	-1.2857	0.0028479
13.135	-1.2353	0.003452
13.135	-1.1849	0.0040202
13.135	-1.1345	0.0046311
13.135	-1.084	0.0054213
13.135	-1.0336	0.006127
13.135	-0.98319	0.0070299
13.135	-0.93277	0.0078135
13.135	-0.88235	0.0086154
13.135	-0.83193	0.0096437
13.135	-0.78151	0.010483
13.135	-0.73109	0.011555
13.135	-0.68067	0.012398
13.135	-0.63025	0.01347
13.135	-0.57983	0.014278
13.135	-0.52941	0.015041
13.135	-0.47899	0.016037
13.135	-0.42857	0.016705
13.135	-0.37815	0.017585
13.135	-0.32773	0.018123
13.135	-0.27731	0.018571
13.135	-0.22689	0.019217
13.135	-0.17647	0.01949
13.135	-0.12605	0.019927
13.135	-0.07563	0.020007
13.135	-0.02521	0.019977
13.135	0.02521	0.020092
13.135	0.07563	0.019861
13.135	0.12605	0.01974
13.135	0.17647	0.019541
13.135	0.22689	0.019071
13.135	0.27731	0.018687
13.135	0.32773	0.01805
13.135	0.37815	0.017475
13.135	0.42857	0.016702
13.135	0.47899	0.015871
13.135	0.52941	0.015099
13.135	0.57983	0.014188
13.135	0.63025	0.013322
13.135	0.68067	0.012372
13.135	0.73109	0.011415
13.135	0.78151	0.010508
13.135	0.83193	0.0095696
13.135	0.88235	0.0086738
13.135	0.93277	0.0077886
13.135	0.98319	0.0069406
13.135	1.0336	0.0061353
13.135	1.084	0.0053759
13.135	1.1345	0.0046584
13.135	1.1849	0.0040052
13.135	1.2353	0.0033904
13.135	1.2857	0.0028507
13.135	1.3361	0.0023664
13.135	1.3866	0.0019205
13.135	1.437	0.0015468
13.135	1.4874	0.0012076
13.182	-1.4874	0.0012884
13.182	-1.437	0.0016009
13.182	-1.3866	0.002032
13.182	-1.3361	0.0024424
13.182	-1.2857	0.0028951
13.182	-1.2353	0.0035113
13.182	-1.1849	0.0040637
13.182	-1.1345	0.0048084
13.182	-1.084	0.0054541
13.182	-1.0336	0.0057884
13.182	-0.98319	0.0066784
13.182	-0.93277	0.0074134
13.182	-0.88235	0.0084003
13.182	-0.83193	0.0091856
13.182	-0.78151	0.0099705
13.182	-0.73109	0.011046
13.182	-0.68067	0.011833
13.182	-0.63025	0.012922
13.182	-0.57983	0.013675
13.182	-0.52941	0.014381
13.182	-0.47899	0.015412
13.182	-0.42857	0.016028
13.182	-0.37815	0.01696
13.182	-0.32773	0.017448
13.182	-0.27731	0.018238
13.182	-0.22689	0.018568
13.182	-0.17647	0.018798
13.182	-0.12605	0.019324
13.182	-0.07563	0.019367
13.182	-0.02521	0.019673
13.182	0.02521	0.019519
13.182	0.07563	0.019261
13.182	0.12605	0.019247
13.182	0.17647	0.018802
13.182	0.22689	0.018564
13.182	0.27731	0.017951
13.182	0.32773	0.01726
13.182	0.37815	0.016756
13.182	0.42857	0.015941
13.182	0.47899	0.015282
13.182	0.52941	0.01438
13.182	0.57983	0.013449
13.182	0.63025	0.012658
13.182	0.68067	0.011699
13.182	0.73109	0.010857
13.182	0.78151	0.0099083
13.182	0.83193	0.0089788
13.182	0.88235	0.0081543
13.182	0.93277	0.0072843
13.182	0.98319	0.0069131
13.182	1.0336	0.0061043
13.182	1.084	0.0053432
13.182	1.1345	0.0046585
13.182	1.1849	0.0040023
13.182	1.2353	0.0034106
13.182	1.2857	0.0028667
13.182	1.3361	0.0023794
13.182	1.3866	0.0019459
13.182	1.437	0.0015682
13.182	1.4874	0.001235
13.23	-1.4874	0.0011772
13.23	-1.437	0.0014639
13.23	-1.3866	0.001873
13.23	-1.3361	0.0022511
13.23	-1.2857	0.0027842
13.23	-1.2353	0.0032577
13.23	-1.1849	0.0037671
13.23	-1.1345	0.0044863
13.23	-1.084	0.0050832
13.23	-1.0336	0.0059246
13.23	-0.98319	0.0065956
13.23	-0.93277	0.0072813
13.23	-0.88235	0.0082678
13.23	-0.83193	0.0089932
13.23	-0.78151	0.010048
13.23	-0.73109	0.010783
13.23	-0.68067	0.011493
13.23	-0.63025	0.012581
13.23	-0.57983	0.013248
13.23	-0.52941	0.014308
13.23	-0.47899	0.014897
13.23	-0.42857	0.015417
13.23	-0.37815	0.016358
13.23	-0.32773	0.016749
13.23	-0.27731	0.017404
13.23	-0.22689	0.017686
13.23	-0.17647	0.017872
13.23	-0.12605	0.01847
13.23	-0.07563	0.018476
13.23	-0.02521	0.018871
13.23	0.02521	0.018688
13.23	0.07563	0.018406
13.23	0.12605	0.018495
13.23	0.17647	0.018034
13.23	0.22689	0.017906
13.23	0.27731	0.017282
13.23	0.32773	0.016586
13.23	0.37815	0.016191
13.23	0.42857	0.015376
13.23	0.47899	0.014822
13.23	0.52941	0.013923
13.23	0.57983	0.013246
13.23	0.63025	0.0123
13.23	0.68067	0.011349
13.23	0.73109	0.01059
13.23	0.78151	0.0096492
13.23	0.83193	0.0088694
13.23	0.88235	0.0079725
13.23	0.93277	0.0071118
13.23	0.98319	0.0063851
13.23	1.0336	0.005607
13.23	1.084	0.0049395
13.23	1.1345	0.0042611
13.23	1.1849	0.0036388
13.23	1.2353	0.0031042
13.23	1.2857	0.0025922
13.23	1.3361	0.0021507
13.23	1.3866	0.0017476
13.23	1.437	0.0013973
13.23	1.4874	0.0010992
13.278	-1.4874	0.0010589
13.278	-1.437	0.0013177
13.278	-1.3866	0.0016998
13.278	-1.3361	0.0020426
13.278	-1.2857	0.0025453
13.278	-1.2353	0.0029761
13.278	-1.1849	0.0034383
13.278	-1.1345	0.0041228
13.278	-1.084	0.0046656
13.278	-1.0336	0.0054733
13.278	-0.98319	0.0060844
13.278	-0.93277	0.0067066
13.278	-0.88235	0.007662
13.278	-0.83193	0.0083201
13.278	-0.78151	0.0093502
13.278	-0.73109	0.010016
13.278	-0.68067	0.011088
13.278	-0.63025	0.01173
13.278	-0.57983	0.012328
13.278	-0.52941	0.013386
13.278	-0.47899	0.013909
13.278	-0.42857	0.014909
13.278	-0.37815	0.015324
13.278	-0.32773	0.015658
13.278	-0.27731	0.0165
13.278	-0.22689	0.016686
13.278	-0.17647	0.017376
13.278	-0.12605	0.017394
13.278	-0.07563	0.017315
13.278	-0.02521	0.017742
13.278	0.02521	0.017486
13.278	0.07563	0.01771
13.278	0.12605	0.01728
13.278	0.17647	0.016768
13.278	0.22689	0.016706
13.278	0.27731	0.016047
13.278	0.32773	0.015795
13.278	0.37815	0.015013
13.278	0.42857	0.014188
13.278	0.47899	0.014162
13.278	0.52941	0.013277
13.278	0.57983	0.012706
13.278	0.63025	0.011778
13.278	0.68067	0.010847
13.278	0.73109	0.010181
13.278	0.78151	0.0092603
13.278	0.83193	0.0085617
13.278	0.88235	0.0076835
13.278	0.93277	0.0069894
13.278	0.98319	0.0061806
13.278	1.0336	0.0054198
13.278	1.084	0.0048038
13.278	1.1345	0.0041393
13.278	1.1849	0.0035913
13.278	1.2353	0.0030323
13.278	1.2857	0.0025306
13.278	1.3361	0.0021148
13.278	1.3866	0.0017184
13.278	1.437	0.0013886
13.278	1.4874	0.0010907
13.325	-1.4874	0.0010486
13.325	-1.437	0.0013765
13.325	-1.3866	0.0016671
13.325	-1.3361	0.0019875
13.325	-1.2857	0.0024789
13.325	-1.2353	0.002878
13.325	-1.1849	0.0034935
13.325	-1.1345	0.0039682
13.325	-1.084	0.0044623
13.325	-1.0336	0.0052483
13.325	-0.98319	0.0057996
13.325	-0.93277	0.0066933
13.325	-0.88235	0.0072828
13.325	-0.83193	0.0078639
13.325	-0.78151	0.0088659
13.325	-0.73109	0.0091592
13.325	-0.68067	0.010201
13.325	-0.63025	0.010769
13.325	-0.57983	0.011296
13.325	-0.52941	0.012337
13.325	-0.47899	0.012792
13.325	-0.42857	0.013789
13.325	-0.37815	0.014142
13.325	-0.32773	0.015055
13.325	-0.27731	0.015278
13.325	-0.22689	0.015415
13.325	-0.17647	0.016141
13.325	-0.12605	0.016121
13.325	-0.07563	0.016683
13.325	-0.02521	0.016497
13.325	0.02521	0.016223
13.325	0.07563	0.016522
13.325	0.12605	0.016086
13.325	0.17647	0.016192
13.325	0.22689	0.015606
13.325	0.27731	0.014957
13.325	0.32773	0.01481
13.325	0.37815	0.014047
13.325	0.42857	0.013737
13.325	0.47899	0.012891
13.325	0.52941	0.012023
13.325	0.57983	0.011548
13.325	0.63025	0.010648
13.325	0.68067	0.010086
13.325	0.73109	0.0091876
13.325	0.78151	0.0083117
13.325	0.83193	0.0077095
13.325	0.88235	0.0068804
13.325	0.93277	0.0062768
13.325	0.98319	0.0055186
13.325	1.0336	0.0048108
13.325	1.084	0.0042739
13.325	1.1345	0.0036598
13.325	1.1849	0.0031809
13.325	1.2353	0.0026679
13.325	1.2857	0.0024325
13.325	1.3361	0.0020478
13.325	1.3866	0.0016635
13.325	1.437	0.0013551
13.325	1.4874	0.0010651
13.373	-1.437	0.0012091
13.373	-1.3866	0.0014641
13.373	-1.3361	0.001866
13.373	-1.2857	0.0021923
13.373	-1.2353	0.0025423
13.373	-1.1849	0.0031084
13.373	-1.1345	0.0035254
13.373	-1.084	0.0042117
13.373	-1.0336	0.0046874
13.373	-0.98319	0.00517
13.373	-0.93277	0.0060076
13.373	-0.88235	0.0065235
13.373	-0.83193	0.0074515
13.373	-0.78151	0.0079782
13.373	-0.73109	0.0084811
13.373	-0.68067	0.0094812
13.373	-0.63025	0.009954
13.373	-0.57983	0.010971
13.373	-0.52941	0.011384
13.373	-0.47899	0.011739
13.373	-0.42857	0.012703
13.373	-0.37815	0.012958
13.373	-0.32773	0.013846
13.373	-0.27731	0.013976
13.373	-0.22689	0.014027
13.373	-0.17647	0.014741
13.373	-0.12605	0.014646
13.373	-0.07563	0.015211
13.373	-0.02521	0.014963
13.373	0.02521	0.014809
13.373	0.07563	0.01517
13.373	0.12605	0.014732
13.373	0.17647	0.014916
13.373	0.22689	0.014342
13.373	0.27731	0.013711
13.373	0.32773	0.013658
13.373	0.37815	0.012923
13.373	0.42857	0.012717
13.373	0.47899	0.011905
13.373	0.52941	0.011566
13.373	0.57983	0.010708
13.373	0.63025	0.0098514
13.373	0.68067	0.009393
13.373	0.73109	0.0085379
13.373	0.78151	0.0080219
13.373	0.83193	0.0071978
13.373	0.88235	0.0064107
13.373	0.93277	0.0058889
13.373	0.98319	0.005168
13.373	1.0336	0.0046617
13.373	1.084	0.0040239
13.373	1.1345	0.0034403
13.373	1.1849	0.0030121
13.373	1.2353	0.0025233
13.373	1.2857	0.0021539
13.373	1.3361	0.0017609
13.373	1.3866	0.0014192
13.373	1.437	0.0011563
13.421	-1.437	0.0011508
13.421	-1.3866	0.0013809
13.421	-1.3361	0.0017616
13.421	-1.2857	0.0020533
13.421	-1.2353	0.0023629
13.421	-1.1849	0.0027176
13.421	-1.1345	0.0030767
13.421	-1.084	0.0037022
13.421	-1.0336	0.004112
13.421	-0.98319	0.0045255
13.421	-0.93277	0.005296
13.421	-0.88235	0.0057375
13.421	-0.83193	0.0065996
13.421	-0.78151	0.0070491
13.421	-0.73109	0.0079811
13.421	-0.68067	0.0084147
13.421	-0.63025	0.0088115
13.421	-0.57983	0.0097789
13.421	-0.52941	0.010121
13.421	-0.47899	0.011081
13.421	-0.42857	0.011341
13.421	-0.37815	0.011537
13.421	-0.32773	0.012411
13.421	-0.27731	0.012494
13.421	-0.22689	0.013276
13.421	-0.17647	0.013229
13.421	-0.12605	0.013107
13.421	-0.07563	0.013701
13.421	-0.02521	0.013439
13.421	0.02521	0.013883
13.421	0.07563	0.013484
13.421	0.12605	0.013022
13.421	0.17647	0.013239
13.421	0.22689	0.012658
13.421	0.27731	0.012716
13.421	0.32773	0.012035
13.421	0.37815	0.011323
13.421	0.42857	0.011187
13.421	0.47899	0.010413
13.421	0.52941	0.010158
13.421	0.57983	0.0093505
13.421	0.63025	0.008552
13.421	0.68067	0.0081878
13.421	0.73109	0.0073984
13.421	0.78151	0.0069796
13.421	0.83193	0.0065977
13.421	0.88235	0.0058623
13.421	0.93277	0.0054249
13.421	0.98319	0.0047504
13.421	1.0336	0.0043174
13.421	1.084	0.0037195
13.421	1.1345	0.0033126
13.421	1.1849	0.0028012
13.421	1.2353	0.002343
13.421	1.2857	0.0020165
13.421	1.3361	0.0016469
13.421	1.3866	0.0013753
13.421	1.437	0.0010905
13.468	-1.3866	0.001168
13.468	-1.3361	0.0015031
13.468	-1.2857	0.0017492
13.468	-1.2353	0.0021844
13.468	-1.1849	0.0024817
13.468	-1.1345	0.0027885
13.468	-1.084	0.0033662
13.468	-1.0336	0.0037123
13.468	-0.98319	0.0043927
13.468	-0.93277	0.0047659
13.468	-0.88235	0.0051284
13.468	-0.83193	0.0059234
13.468	-0.78151	0.0062858
13.468	-0.73109	0.0071482
13.468	-0.68067	0.007489
13.468	-0.63025	0.0077924
13.468	-0.57983	0.0086897
13.468	-0.52941	0.0089377
13.468	-0.47899	0.0098339
13.468	-0.42857	0.0099262
13.468	-0.37815	0.010067
13.468	-0.32773	0.01091
13.468	-0.27731	0.010949
13.468	-0.22689	0.011718
13.468	-0.17647	0.011641
13.468	-0.12605	0.012308
13.468	-0.07563	0.012105
13.468	-0.02521	0.011837
13.468	0.02521	0.012315
13.468	0.07563	0.011924
13.468	0.12605	0.012258
13.468	0.17647	0.011751
13.468	0.22689	0.011201
13.468	0.27731	0.011329
13.468	0.32773	0.010689
13.468	0.37815	0.010681
13.468	0.42857	0.0099734
13.468	0.47899	0.0092553
13.468	0.52941	0.0090907
13.468	0.57983	0.0083436
13.468	0.63025	0.0080868
13.468	0.68067	0.0073363
13.468	0.73109	0.0066098
13.468	0.78151	0.0062815
13.468	0.83193	0.005587
13.468	0.88235	0.0052266
13.468	0.93277	0.0045837
13.468	0.98319	0.0039868
13.468	1.0336	0.0036386
13.468	1.084	0.0031129
13.468	1.1345	0.0027831
13.468	1.1849	0.0023362
13.468	1.2353	0.0019393
13.468	1.2857	0.0016743
13.468	1.3361	0.0013562
13.468	1.3866	0.0011349
13.516	-1.3866	0.0010654
13.516	-1.3361	0.0012557
13.516	-1.2857	0.0014583
13.516	-1.2353	0.0018376
13.516	-1.1849	0.0020827
13.516	-1.1345	0.0025584
13.516	-1.084	0.0028411
13.516	-1.0336	0.0031242
13.516	-0.98319	0.0037266
13.516	-0.93277	0.0040308
13.516	-0.88235	0.0047221
13.516	-0.83193	0.005033
13.516	-0.78151	0.0053232
13.516	-0.73109	0.0061006
13.516	-0.68067	0.00637
13.516	-0.63025	0.0071947
13.516	-0.57983	0.0074232
13.516	-0.52941	0.0076081
13.516	-0.47899	0.0084368
13.516	-0.42857	0.0085525
13.516	-0.37815	0.0093624
13.516	-0.32773	0.0093913
13.516	-0.27731	0.0093629
13.516	-0.22689	0.01008
13.516	-0.17647	0.0099487
13.516	-0.12605	0.010581
13.516	-0.07563	0.01034
13.516	-0.02521	0.010045
13.516	0.02521	0.010512
13.516	0.07563	0.010113
13.516	0.12605	0.010456
13.516	0.17647	0.0099596
13.516	0.22689	0.0094303
13.516	0.27731	0.0095935
13.516	0.32773	0.0092951
13.516	0.37815	0.0093587
13.516	0.42857	0.0087082
13.516	0.47899	0.0086575
13.516	0.52941	0.0079699
13.516	0.57983	0.0072896
13.516	0.63025	0.007119
13.516	0.68067	0.0064367
13.516	0.73109	0.0061983
13.516	0.78151	0.0055357
13.516	0.83193	0.0049076
13.516	0.88235	0.0046278
13.516	0.93277	0.0040461
13.516	0.98319	0.0037507
13.516	1.0336	0.0032292
13.516	1.084	0.0027548
13.516	1.1345	0.0024848
13.516	1.1849	0.0020806
13.516	1.2353	0.0018334
13.516	1.2857	0.0015019
13.516	1.3361	0.0012142
13.516	1.3866	0.0010266
13.564	-1.3361	0.001104
13.564	-1.2857	0.0012698
13.564	-1.2353	0.0016074
13.564	-1.1849	0.0018056
13.564	-1.1345	0.002229
13.564	-1.084	0.0024547
13.564	-1.0336	0.0026767
13.564	-0.98319	0.0032105
13.564	-0.93277	0.0034449
13.564	-0.88235	0.0039344
13.564	-0.83193	0.0041778
13.564	-0.78151	0.0048559
13.564	-0.73109	0.0050875
13.564	-0.68067	0.0052911
13.564	-0.63025	0.0060266
13.564	-0.57983	0.0061932
13.564	-0.52941	0.0069572
13.564	-0.47899	0.0070695
13.564	-0.42857	0.0071368
13.564	-0.37815	0.0078791
13.564	-0.32773	0.007871
13.564	-0.27731	0.0085815
13.564	-0.22689	0.0084858
13.564	-0.17647	0.0083399
13.564	-0.12605	0.0089473
13.564	-0.07563	0.0087072
13.564	-0.02521	0.0092288
13.564	0.02521	0.0088936
13.564	0.07563	0.0085192
13.564	0.12605	0.0088871
13.564	0.17647	0.0084299
13.564	0.22689	0.0086866
13.564	0.27731	0.008158
13.564	0.32773	0.0076145
13.564	0.37815	0.0077181
13.564	0.42857	0.0071299
13.564	0.47899	0.007134
13.564	0.52941	0.0065201
13.564	0.57983	0.0059194
13.564	0.63025	0.0058173
13.564	0.68067	0.0052207
13.564	0.73109	0.0050573
13.564	0.78151	0.004483
13.564	0.83193	0.0039437
13.564	0.88235	0.0037405
13.564	0.93277	0.0032448
13.564	0.98319	0.0030245
13.564	1.0336	0.0025832
13.564	1.084	0.0025682
13.564	1.1345	0.0021661
13.564	1.1849	0.001808
13.564	1.2353	0.0016089
13.564	1.2857	0.0013144
13.564	1.3361	0.0011383
13.611	-1.2857	0.0011323
13.611	-1.2353	0.0012828
13.611	-1.1849	0.0014353
13.611	-1.1345	0.0017914
13.611	-1.084	0.0019645
13.611	-1.0336	0.0023986
13.611	-0.98319	0.0025853
13.611	-0.93277	0.0027614
13.611	-0.88235	0.0032865
13.611	-0.83193	0.0034599
13.611	-0.78151	0.0040498
13.611	-0.73109	0.0042076
13.611	-0.68067	0.0043389
13.611	-0.63025	0.0049783
13.611	-0.57983	0.0050736
13.611	-0.52941	0.0057409
13.611	-0.47899	0.0057863
13.611	-0.42857	0.005793
13.611	-0.37815	0.006444
13.611	-0.32773	0.0063851
13.611	-0.27731	0.0070141
13.611	-0.22689	0.0068805
13.611	-0.17647	0.0074663
13.611	-0.12605	0.0073643
13.611	-0.07563	0.007131
13.611	-0.02521	0.0076316
13.611	0.02521	0.0073185
13.611	0.07563	0.0077379
13.611	0.12605	0.0073489
13.611	0.17647	0.0069361
13.611	0.22689	0.0072186
13.611	0.27731	0.0067464
13.611	0.32773	0.0069338
13.611	0.37815	0.0064152
13.611	0.42857	0.0058971
13.611	0.47899	0.0059599
13.611	0.52941	0.0054209
13.611	0.57983	0.0054049
13.611	0.63025	0.0048617
13.611	0.68067	0.0043421
13.611	0.73109	0.0042484
13.611	0.78151	0.0037484
13.611	0.83193	0.0036113
13.611	0.88235	0.0031445
13.611	0.93277	0.0027153
13.611	0.98319	0.0025568
13.611	1.0336	0.0021743
13.611	1.084	0.0020082
13.611	1.1345	0.0016784
13.611	1.1849	0.0013878
13.611	1.2353	0.0012422
13.611	1.2857	0.0010049
13.659	-1.1849	0.0012642
13.659	-1.1345	0.0013946
13.659	-1.084	0.0015214
13.659	-1.0336	0.0018802
13.659	-0.98319	0.0020159
13.659	-0.93277	0.0024426
13.659	-0.88235	0.0025789
13.659	-0.83193	0.0026994
13.659	-0.78151	0.0031966
13.659	-0.73109	0.0033023
13.659	-0.68067	0.0038497
13.659	-0.63025	0.0039289
13.659	-0.57983	0.0039802
13.659	-0.52941	0.0045544
13.659	-0.47899	0.0045633
13.659	-0.42857	0.0051516
13.659	-0.37815	0.0051076
13.659	-0.32773	0.0050299
13.659	-0.27731	0.0055866
13.659	-0.22689	0.0054471
13.659	-0.17647	0.0059754
13.659	-0.12605	0.0057697
13.659	-0.07563	0.005535
13.659	-0.02521	0.0059795
13.659	0.02521	0.0056817
13.659	0.07563	0.0060638
13.659	0.12605	0.0057068
13.659	0.17647	0.005336
13.659	0.22689	0.0056077
13.659	0.27731	0.0051926
13.659	0.32773	0.0053885
13.659	0.37815	0.00494
13.659	0.42857	0.0050601
13.659	0.47899	0.0045912
13.659	0.52941	0.0041368
13.659	0.57983	0.0041645
13.659	0.63025	0.0039348
13.659	0.68067	0.0039124
13.659	0.73109	0.0034587
13.659	0.78151	0.0030341
13.659	0.83193	0.0029574
13.659	0.88235	0.0025609
13.659	0.93277	0.0024545
13.659	0.98319	0.0020953
13.659	1.0336	0.0017722
13.659	1.084	0.0016564
13.659	1.1345	0.0013773
13.659	1.1849	0.0012595
13.659	1.2353	0.0010268
13.707	-1.1849	0.001
13.707	-1.1345	0.0010899
13.707	-1.084	0.0011745
13.707	-1.0336	0.0014673
13.707	-0.98319	0.0015547
13.707	-0.93277	0.0019047
13.707	-0.88235	0.0019882
13.707	-0.83193	0.002393
13.707	-0.78151	0.0024646
13.707	-0.73109	0.0025174
13.707	-0.68067	0.0029689
13.707	-0.63025	0.0029967
13.707	-0.57983	0.0034755
13.707	-0.52941	0.0034823
13.707	-0.47899	0.0034632
13.707	-0.42857	0.0039618
13.707	-0.37815	0.0038993
13.707	-0.32773	0.0044017
13.707	-0.27731	0.0042891
13.707	-0.22689	0.0041504
13.707	-0.17647	0.0046126
13.707	-0.12605	0.0044208
13.707	-0.07563	0.0048523
13.707	-0.02521	0.0046067
13.707	0.02521	0.0043438
13.707	0.07563	0.004697
13.707	0.12605	0.0043876
13.707	0.17647	0.004686
13.707	0.22689	0.0043358
13.707	0.27731	0.0039842
13.707	0.32773	0.0041904
13.707	0.37815	0.0038131
13.707	0.42857	0.0039585
13.707	0.47899	0.0035657
13.707	0.52941	0.0031885
13.707	0.57983	0.0032548
13.707	0.63025	0.002879
13.707	0.68067	0.0028963
13.707	0.73109	0.0025325
13.707	0.78151	0.0021965
13.707	0.83193	0.0021663
13.707	0.88235	0.0018547
13.707	0.93277	0.0017978
13.707	0.98319	0.0015173
13.707	1.0336	0.001443
13.707	1.084	0.0011984
13.754	-1.0336	0.0010547
13.754	-0.98319	0.0011072
13.754	-0.93277	0.0013796
13.754	-0.88235	0.001427
13.754	-0.83193	0.0017463
13.754	-0.78151	0.0017824
13.754	-0.73109	0.001803
13.754	-0.68067	0.0021629
13.754	-0.63025	0.0021625
13.754	-0.57983	0.0025548
13.754	-0.52941	0.0025266
13.754	-0.47899	0.0024788
13.754	-0.42857	0.0028796
13.754	-0.37815	0.0027968
13.754	-0.32773	0.0032048
13.754	-0.27731	0.0030825
13.754	-0.22689	0.0029426
13.754	-0.17647	0.0033211
13.754	-0.12605	0.003141
13.754	-0.07563	0.0034994
13.754	-0.02521	0.0032793
13.754	0.02521	0.0036072
13.754	0.07563	0.0033494
13.754	0.12605	0.0030872
13.754	0.17647	0.0034926
13.754	0.22689	0.0032013
13.754	0.27731	0.0034297
13.754	0.32773	0.0031141
13.754	0.37815	0.0028064
13.754	0.42857	0.002961
13.754	0.47899	0.0026423
13.754	0.52941	0.00275
13.754	0.57983	0.0024287
13.754	0.63025	0.0021278
13.754	0.68067	0.0021768
13.754	0.73109	0.0018858
13.754	0.78151	0.0018994
13.754	0.83193	0.0016256
13.754	0.88235	0.0013787
13.754	0.93277	0.0013598
13.754	0.98319	0.0011373
13.754	1.0336	0.0011005
13.802	-0.83193	0.0012047
13.802	-0.78151	0.0012147
13.802	-0.73109	0.001492
13.802	-0.68067	0.0014865
13.802	-0.63025	0.0014674
13.802	-0.57983	0.0017706
13.802	-0.52941	0.0017293
13.802	-0.47899	0.0020557
13.802	-0.42857	0.0019876
13.802	-0.37815	0.0019055
13.802	-0.32773	0.0022303
13.802	-0.27731	0.0021181
13.802	-0.22689	0.0024451
13.802	-0.17647	0.002301
13.802	-0.12605	0.0021477
13.802	-0.07563	0.002444
13.802	-0.02521	0.002261
13.802	0.02521	0.0025388
13.802	0.07563	0.0023281
13.802	0.12605	0.0021174
13.802	0.17647	0.0023445
13.802	0.22689	0.0021135
13.802	0.27731	0.0023089
13.802	0.32773	0.0020625
13.802	0.37815	0.0022229
13.802	0.42857	0.0019671
13.802	0.47899	0.0017259
13.802	0.52941	0.001832
13.802	0.57983	0.0015914
13.802	0.63025	0.0016643
13.802	0.68067	0.0014305
13.802	0.73109	0.0012181
13.802	0.78151	0.0012514
13.802	0.83193	0.0010531
13.802	0.88235	0.0010633
13.85	-0.63025	0.0011576
13.85	-0.57983	0.0011167
13.85	-0.52941	0.0010665
13.85	-0.47899	0.0013031
13.85	-0.42857	0.0012328
13.85	-0.37815	0.0014839
13.85	-0.32773	0.0013912
13.85	-0.27731	0.0013422
13.85	-0.22689	0.0015929
13.85	-0.17647	0.0014735
13.85	-0.12605	0.0017239
13.85	-0.07563	0.0015812
13.85	-0.02521	0.0014368
13.85	0.02521	0.0016589
13.85	0.07563	0.001495
13.85	0.12605	0.0017019
13.85	0.17647	0.0015209
13.85	0.22689	0.0013465
13.85	0.27731	0.0015127
13.85	0.32773	0.0013278
13.85	0.37815	0.0014703
13.85	0.42857	0.0012792
13.85	0.47899	0.0011021
13.85	0.52941	0.0012033
13.85	0.57983	0.001027
13.85	0.63025	0.001104
13.897	-0.02521	0.0010385
14.231	-0.27731	0.0010233
14.231	-0.02521	0.0010666
14.231	0.07563	0.0010265
14.231	0.22689	0.0010251
14.279	-0.57983	0.001003
14.279	-0.47899	0.0010946
14.279	-0.42857	0.0012191
14.279	-0.37815	0.0011659
14.279	-0.32773	0.0012863
14.279	-0.27731	0.0012131
14.279	-0.22689	0.0013261
14.279	-0.17647	0.0014376
14.279	-0.12605	0.0013366
14.279	-0.07563	0.0014361
14.279	-0.02521	0.0013172
14.279	0.02521	0.001403
14.279	0.07563	0.001482
14.279	0.12605	0.0013403
14.279	0.17647	0.0014033
14.279	0.22689	0.0012519
14.279	0.27731	0.0012991
14.279	0.32773	0.0013367
14.279	0.37815	0.001175
14.279	0.42857	0.0011978
14.279	0.47899	0.0010379
14.279	0.52941	0.0010477
14.279	0.57983	0.0010483
14.327	-0.73109	0.0010758
14.327	-0.68067	0.0012134
14.327	-0.63025	0.001153
14.327	-0.57983	0.0012913
14.327	-0.52941	0.0012825
14.327	-0.47899	0.0014211
14.327	-0.42857	0.0015622
14.327	-0.37815	0.0015266
14.327	-0.32773	0.0016615
14.327	-0.27731	0.001602
14.327	-0.22689	0.0017271
14.327	-0.17647	0.0016435
14.327	-0.12605	0.0017555
14.327	-0.07563	0.0018611
14.327	-0.02521	0.0017453
14.327	0.02521	0.0018334
14.327	0.07563	0.0016973
14.327	0.12605	0.0017668
14.327	0.17647	0.0018254
14.327	0.22689	0.0016651
14.327	0.27731	0.0017044
14.327	0.32773	0.001534
14.327	0.37815	0.0015554
14.327	0.42857	0.0015648
14.327	0.47899	0.0013863
14.327	0.52941	0.0013808
14.327	0.57983	0.0012058
14.327	0.63025	0.0011883
14.327	0.68067	0.0011613
14.374	-0.83193	0.0011054
14.374	-0.78151	0.0011543
14.374	-0.73109	0.0013002
14.374	-0.68067	0.0013361
14.374	-0.63025	0.0014872
14.374	-0.57983	0.0016424
14.374	-0.52941	0.0016574
14.374	-0.47899	0.0018107
14.374	-0.42857	0.0018022
14.374	-0.37815	0.0019488
14.374	-0.32773	0.0020922
14.374	-0.27731	0.0020494
14.374	-0.22689	0.0021788
14.374	-0.17647	0.0021072
14.374	-0.12605	0.0022191
14.374	-0.07563	0.0023208
14.374	-0.02521	0.0022112
14.374	0.02521	0.0022909
14.374	0.07563	0.0021557
14.374	0.12605	0.0021859
14.374	0.17647	0.0022358
14.374	0.22689	0.0020749
14.374	0.27731	0.0021022
14.374	0.32773	0.001926
14.374	0.37815	0.0019324
14.374	0.42857	0.001925
14.374	0.47899	0.0017355
14.374	0.52941	0.0017111
14.374	0.57983	0.0015212
14.374	0.63025	0.0014838
14.374	0.68067	0.0012999
14.374	0.73109	0.0012536
14.374	0.78151	0.0011989
14.374	0.83193	0.00103
14.422	-0.88235	0.0011159
14.422	-0.83193	0.0012637
14.422	-0.78151	0.001339
14.422	-0.73109	0.0014965
14.422	-0.68067	0.0015607
14.422	-0.63025	0.0017233
14.422	-0.57983	0.0017706
14.422	-0.52941	0.0019331
14.422	-0.47899	0.0020953
14.422	-0.42857	0.0021154
14.422	-0.37815	0.002269
14.422	-0.32773	0.0022606
14.422	-0.27731	0.0024005
14.422	-0.22689	0.0025319
14.422	-0.17647	0.002483
14.422	-0.12605	0.0025937
14.422	-0.07563	0.0025123
14.422	-0.02521	0.0025993
14.422	0.02521	0.0026718
14.422	0.07563	0.002549
14.422	0.12605	0.0025952
14.422	0.17647	0.0024457
14.422	0.22689	0.0024662
14.422	0.27731	0.0024704
14.422	0.32773	0.0022921
14.422	0.37815	0.0022733
14.422	0.42857	0.0020822
14.422	0.47899	0.002044
14.422	0.52941	0.0019924
14.422	0.57983	0.001794
14.422	0.63025	0.0017295
14.422	0.68067	0.0015349
14.422	0.73109	0.0014625
14.422	0.78151	0.0013826
14.422	0.83193	0.0012025
14.422	0.88235	0.0011627
14.47	-0.98319	0.0010589
14.47	-0.93277	0.001159
14.47	-0.88235	0.0013102
14.47	-0.83193	0.0014094
14.47	-0.78151	0.0015716
14.47	-0.73109	0.0017388
14.47	-0.68067	0.0018319
14.47	-0.63025	0.0020024
14.47	-0.57983	0.0020791
14.47	-0.52941	0.002247
14.47	-0.47899	0.0024118
14.47	-0.42857	0.0024602
14.47	-0.37815	0.002613
14.47	-0.32773	0.0025595
14.47	-0.27731	0.0026998
14.47	-0.22689	0.0026885
14.47	-0.17647	0.0028079
14.47	-0.12605	0.0029138
14.47	-0.07563	0.0028563
14.47	-0.02521	0.0029355
14.47	0.02521	0.0028427
14.47	0.07563	0.0028936
14.47	0.12605	0.0029268
14.47	0.17647	0.0027909
14.47	0.22689	0.0027956
14.47	0.27731	0.0026333
14.47	0.32773	0.0026119
14.47	0.37815	0.0025738
14.47	0.42857	0.0023856
14.47	0.47899	0.0023266
14.47	0.52941	0.0021285
14.47	0.57983	0.0020536
14.47	0.63025	0.0019674
14.47	0.68067	0.0017675
14.47	0.73109	0.0016736
14.47	0.78151	0.0014811
14.47	0.83193	0.0013848
14.47	0.88235	0.0012842
14.47	0.93277	0.0011119
14.47	0.98319	0.0010163
14.517	-0.98319	0.0010942
14.517	-0.93277	0.0012414
14.517	-0.88235	0.0013963
14.517	-0.83193	0.0015183
14.517	-0.78151	0.0016842
14.517	-0.73109	0.0018023
14.517	-0.68067	0.001974
14.517	-0.63025	0.0021465
14.517	-0.57983	0.0022528
14.517	-0.52941	0.0024217
14.517	-0.47899	0.002507
14.517	-0.42857	0.0026658
14.517	-0.37815	0.0028162
14.517	-0.32773	0.0028659
14.517	-0.27731	0.0029967
14.517	-0.22689	0.0030112
14.517	-0.17647	0.0031175
14.517	-0.12605	0.0032076
14.517	-0.07563	0.0031719
14.517	-0.02521	0.0032319
14.517	0.02521	0.0031573
14.517	0.07563	0.0031859
14.517	0.12605	0.0031952
14.517	0.17647	0.0030727
14.517	0.22689	0.0030515
14.517	0.27731	0.0028988
14.517	0.32773	0.0028502
14.517	0.37815	0.0027847
14.517	0.42857	0.0026401
14.517	0.47899	0.0025609
14.517	0.52941	0.0023673
14.517	0.57983	0.0022716
14.517	0.63025	0.0020717
14.517	0.68067	0.0019654
14.517	0.73109	0.0018512
14.517	0.78151	0.0016561
14.517	0.83193	0.0015403
14.517	0.88235	0.0013563
14.517	0.93277	0.0012443
14.517	0.98319	0.0011318
14.565	-1.0336	0.0010847
14.565	-0.98319	0.0012157
14.565	-0.93277	0.0013676
14.565	-0.88235	0.0015255
14.565	-0.83193	0.0016694
14.565	-0.78151	0.0017528
14.565	-0.73109	0.0018936
14.565	-0.68067	0.0020646
14.565	-0.63025	0.0021978
14.565	-0.57983	0.0023678
14.565	-0.52941	0.0025338
14.565	-0.47899	0.002648
14.565	-0.42857	0.0028027
14.565	-0.37815	0.002891
14.565	-0.32773	0.0030279
14.565	-0.27731	0.0031516
14.565	-0.22689	0.0031972
14.565	-0.17647	0.0032945
14.565	-0.12605	0.0033013
14.565	-0.07563	0.0033683
14.565	-0.02521	0.0034162
14.565	0.02521	0.003369
14.565	0.07563	0.0033836
14.565	0.12605	0.0032966
14.565	0.17647	0.0032786
14.565	0.22689	0.0032411
14.565	0.27731	0.0031073
14.565	0.32773	0.0030411
14.565	0.37815	0.0028796
14.565	0.42857	0.0027892
14.565	0.47899	0.0026846
14.565	0.52941	0.0024989
14.565	0.57983	0.002379
14.565	0.63025	0.0021848
14.565	0.68067	0.002056
14.565	0.73109	0.0019212
14.565	0.78151	0.0017302
14.565	0.83193	0.0015962
14.565	0.88235	0.001415
14.565	0.93277	0.0012872
14.565	0.98319	0.001161
14.565	1.0336	0.0010043
14.613	-1.0336	0.0010913
14.613	-0.98319	0.001234
14.613	-0.93277	0.0013832
14.613	-0.88235	0.0015361
14.613	-0.83193	0.0016968
14.613	-0.78151	0.00186
14.613	-0.73109	0.0020208
14.613	-0.68067	0.0021871
14.613	-0.63025	0.0023419
14.613	-0.57983	0.0025046
14.613	-0.52941	0.0026611
14.613	-0.47899	0.0027978
14.613	-0.42857	0.0029402
14.613	-0.37815	0.003052
14.613	-0.32773	0.0031737
14.613	-0.27731	0.0032804
14.613	-0.22689	0.0033492
14.613	-0.17647	0.0034271
14.613	-0.12605	0.0034569
14.613	-0.07563	0.0035024
14.613	-0.02521	0.0034773
14.613	0.02521	0.0034988
14.613	0.07563	0.0034999
14.613	0.12605	0.0034395
14.613	0.17647	0.0034068
14.613	0.22689	0.0033075
14.613	0.27731	0.0032435
14.613	0.32773	0.0031618
14.613	0.37815	0.0030193
14.613	0.42857	0.0029129
14.613	0.47899	0.0027464
14.613	0.52941	0.0026214
14.613	0.57983	0.0024859
14.613	0.63025	0.0023021
14.613	0.68067	0.0021581
14.613	0.73109	0.0019704
14.613	0.78151	0.0018245
14.613	0.83193	0.001677
14.613	0.88235	0.0014994
14.613	0.93277	0.0013591
14.613	0.98319	0.0011945
14.613	1.0336	0.0010661
14.66	-1.0336	0.001085
14.66	-0.98319	0.0012232
14.66	-0.93277	0.001367
14.66	-0.88235	0.0015304
14.66	-0.83193	0.0016852
14.66	-0.78151	0.0018558
14.66	-0.73109	0.0020161
14.66	-0.68067	0.0021749
14.66	-0.63025	0.0023465
14.66	-0.57983	0.0025011
14.66	-0.52941	0.0026618
14.66	-0.47899	0.0028052
14.66	-0.42857	0.0029378
14.66	-0.37815	0.0030723
14.66	-0.32773	0.0031837
14.66	-0.27731	0.0032886
14.66	-0.22689	0.0033731
14.66	-0.17647	0.0034395
14.66	-0.12605	0.0034958
14.66	-0.07563	0.0035294
14.66	-0.02521	0.0035448
14.66	0.02521	0.0035437
14.66	0.07563	0.0035222
14.66	0.12605	0.0034815
14.66	0.17647	0.0034263
14.66	0.22689	0.003346
14.66	0.27731	0.00326
14.66	0.32773	0.0031575
14.66	0.37815	0.0030325
14.66	0.42857	0.0029066
14.66	0.47899	0.002756
14.66	0.52941	0.0026131
14.66	0.57983	0.0024449
14.66	0.63025	0.002292
14.66	0.68067	0.0021342
14.66	0.73109	0.002037
14.66	0.78151	0.00188
14.66	0.83193	0.0017042
14.66	0.88235	0.0015521
14.66	0.93277	0.0014026
14.66	0.98319	0.0012426
14.66	1.0336	0.0011058
14.708	-1.0336	0.0011202
14.708	-0.98319	0.0012541
14.708	-0.93277	0.0013922
14.708	-0.88235	0.0015652
14.708	-0.83193	0.0017123
14.708	-0.78151	0.001894
14.708	-0.73109	0.0020445
14.708	-0.68067	0.0022276
14.708	-0.63025	0.0023752
14.708	-0.57983	0.0025161
14.708	-0.52941	0.0026897
14.708	-0.47899	0.0027549
14.708	-0.42857	0.0029141
14.708	-0.37815	0.0030286
14.708	-0.32773	0.0031289
14.708	-0.27731	0.003254
14.708	-0.22689	0.0033272
14.708	-0.17647	0.0034191
14.708	-0.12605	0.003461
14.708	-0.07563	0.0034835
14.708	-0.02521	0.0035228
14.708	0.02521	0.0035108
14.708	0.07563	0.0035091
14.708	0.12605	0.0034626
14.708	0.17647	0.0033973
14.708	0.22689	0.0033414
14.708	0.27731	0.0032456
14.708	0.32773	0.0031537
14.708	0.37815	0.0030319
14.708	0.42857	0.0028975
14.708	0.47899	0.0027675
14.708	0.52941	0.0026163
14.708	0.57983	0.002466
14.708	0.63025	0.002305
14.708	0.68067	0.0021404
14.708	0.73109	0.0019787
14.708	0.78151	0.0018147
14.708	0.83193	0.0016523
14.708	0.88235	0.001495
14.708	0.93277	0.0013422
14.708	0.98319	0.0011937
14.708	1.0336	0.0010551
14.756	-1.0336	0.0010664
14.756	-0.98319	0.0011915
14.756	-0.93277	0.0013586
14.756	-0.88235	0.0014945
14.756	-0.83193	0.0016313
14.756	-0.78151	0.0018169
14.756	-0.73109	0.0019567
14.756	-0.68067	0.0021465
14.756	-0.63025	0.0022829
14.756	-0.57983	0.0024124
14.756	-0.52941	0.0025957
14.756	-0.47899	0.0027119
14.756	-0.42857	0.0028801
14.756	-0.37815	0.0029765
14.756	-0.32773	0.0030582
14.756	-0.27731	0.0031929
14.756	-0.22689	0.0032468
14.756	-0.17647	0.0033496
14.756	-0.12605	0.0033719
14.756	-0.07563	0.0034382
14.756	-0.02521	0.0034268
14.756	0.02521	0.0033965
14.756	0.07563	0.0034085
14.756	0.12605	0.0033449
14.756	0.17647	0.0033178
14.756	0.22689	0.0032233
14.756	0.27731	0.0031704
14.756	0.32773	0.0031005
14.756	0.37815	0.0029729
14.756	0.42857	0.0028719
14.756	0.47899	0.0027247
14.756	0.52941	0.0025693
14.756	0.57983	0.0024382
14.756	0.63025	0.0022733
14.756	0.68067	0.0021279
14.756	0.73109	0.0019603
14.756	0.78151	0.0017936
14.756	0.83193	0.0016445
14.756	0.88235	0.0014846
14.756	0.93277	0.0013391
14.756	0.98319	0.0011912
14.756	1.0336	0.0010508
14.803	-1.0336	0.0010545
14.803	-0.98319	0.0011713
14.803	-0.93277	0.0012769
14.803	-0.88235	0.0014021
14.803	-0.83193	0.0015818
14.803	-0.78151	0.0017123
14.803	-0.73109	0.0018405
14.803	-0.68067	0.0020317
14.803	-0.63025	0.0021565
14.803	-0.57983	0.002347
14.803	-0.52941	0.0024619
14.803	-0.47899	0.0025667
14.803	-0.42857	0.0027423
14.803	-0.37815	0.0028279
14.803	-0.32773	0.0029835
14.803	-0.27731	0.0030444
14.803	-0.22689	0.0030891
14.803	-0.17647	0.0032049
14.803	-0.12605	0.0032191
14.803	-0.07563	0.0033007
14.803	-0.02521	0.0032822
14.803	0.02521	0.0032461
14.803	0.07563	0.0032753
14.803	0.12605	0.003207
14.803	0.17647	0.0031986
14.803	0.22689	0.0031005
14.803	0.27731	0.0029887
14.803	0.32773	0.0029324
14.803	0.37815	0.0027975
14.803	0.42857	0.0027117
14.803	0.47899	0.0025593
14.803	0.52941	0.0024495
14.803	0.57983	0.0022863
14.803	0.63025	0.0021205
14.803	0.68067	0.0019916
14.803	0.73109	0.001825
14.803	0.78151	0.0016891
14.803	0.83193	0.0015277
14.803	0.88235	0.0013715
14.803	0.93277	0.0012409
14.803	0.98319	0.0010975
14.803	1.0336	0.0010419
14.851	-0.98319	0.0010772
14.851	-0.93277	0.0012386
14.851	-0.88235	0.001353
14.851	-0.83193	0.0015298
14.851	-0.78151	0.0016477
14.851	-0.73109	0.0018345
14.851	-0.68067	0.0019505
14.851	-0.63025	0.0020604
14.851	-0.57983	0.0022486
14.851	-0.52941	0.0023476
14.851	-0.47899	0.0025283
14.851	-0.42857	0.0026104
14.851	-0.37815	0.0026797
14.851	-0.32773	0.0028354
14.851	-0.27731	0.0028802
14.851	-0.22689	0.0030107
14.851	-0.17647	0.0030209
14.851	-0.12605	0.003029
14.851	-0.07563	0.0031216
14.851	-0.02521	0.0030986
14.851	0.02521	0.0031564
14.851	0.07563	0.0031019
14.851	0.12605	0.0030319
14.851	0.17647	0.0030387
14.851	0.22689	0.0029403
14.851	0.27731	0.0029126
14.851	0.32773	0.0027895
14.851	0.37815	0.0026567
14.851	0.42857	0.0025877
14.851	0.47899	0.0024383
14.851	0.52941	0.0023455
14.851	0.57983	0.0021855
14.851	0.63025	0.002024
14.851	0.68067	0.0019109
14.851	0.73109	0.0017483
14.851	0.78151	0.0016272
14.851	0.83193	0.0014695
14.851	0.88235	0.0013176
14.851	0.93277	0.001199
14.851	0.98319	0.0010592
14.899	-0.98319	0.0010285
14.899	-0.93277	0.0011314
14.899	-0.88235	0.0012349
14.899	-0.83193	0.0014026
14.899	-0.78151	0.0015093
14.899	-0.73109	0.0016882
14.899	-0.68067	0.001793
14.899	-0.63025	0.0018922
14.899	-0.57983	0.0020744
14.899	-0.52941	0.0021633
14.899	-0.47899	0.0023407
14.899	-0.42857	0.0024138
14.899	-0.37815	0.0024752
14.899	-0.32773	0.0026309
14.899	-0.27731	0.0026693
14.899	-0.22689	0.0028032
14.899	-0.17647	0.0028149
14.899	-0.12605	0.0029212
14.899	-0.07563	0.0029037
14.899	-0.02521	0.002871
14.899	0.02521	0.0029307
14.899	0.07563	0.0028687
14.899	0.12605	0.0028944
14.899	0.17647	0.0028047
14.899	0.22689	0.0027033
14.899	0.27731	0.0026827
14.899	0.32773	0.002559
14.899	0.37815	0.0025093
14.899	0.42857	0.0023683
14.899	0.47899	0.0022226
14.899	0.52941	0.0021413
14.899	0.57983	0.0020642
14.899	0.63025	0.0019685
14.899	0.68067	0.0018107
14.899	0.73109	0.001655
14.899	0.78151	0.0015473
14.899	0.83193	0.0013961
14.899	0.88235	0.0012854
14.899	0.93277	0.0011436
14.899	0.98319	0.0010096
14.946	-0.93277	0.0010706
14.946	-0.88235	0.0012248
14.946	-0.83193	0.0013222
14.946	-0.78151	0.0014176
14.946	-0.73109	0.001586
14.946	-0.68067	0.0016328
14.946	-0.63025	0.0018069
14.946	-0.57983	0.0018948
14.946	-0.52941	0.0019751
14.946	-0.47899	0.0021445
14.946	-0.42857	0.0022103
14.946	-0.37815	0.0023701
14.946	-0.32773	0.0024164
14.946	-0.27731	0.0024503
14.946	-0.22689	0.0025826
14.946	-0.17647	0.0025917
14.946	-0.12605	0.0026997
14.946	-0.07563	0.0026817
14.946	-0.02521	0.0026501
14.946	0.02521	0.002715
14.946	0.07563	0.002656
14.946	0.12605	0.0026897
14.946	0.17647	0.0026046
14.946	0.22689	0.0025091
14.946	0.27731	0.0024986
14.946	0.32773	0.0023821
14.946	0.37815	0.0023439
14.946	0.42857	0.0022109
14.946	0.47899	0.0021489
14.946	0.52941	0.0020047
14.946	0.57983	0.0018594
14.946	0.63025	0.0017741
14.946	0.68067	0.001626
14.946	0.73109	0.0015303
14.946	0.78151	0.0013849
14.946	0.83193	0.001245
14.946	0.88235	0.0011465
14.946	0.93277	0.001016
14.994	-0.88235	0.0011051
14.994	-0.83193	0.0011934
14.994	-0.78151	0.0013477
14.994	-0.73109	0.0014357
14.994	-0.68067	0.0015198
14.994	-0.63025	0.0016808
14.994	-0.57983	0.0017576
14.994	-0.52941	0.0019183
14.994	-0.47899	0.0019829
14.994	-0.42857	0.0020385
14.994	-0.37815	0.002185
14.994	-0.32773	0.0022219
14.994	-0.27731	0.0023537
14.994	-0.22689	0.0023683
14.994	-0.17647	0.002371
14.994	-0.12605	0.0024696
14.994	-0.07563	0.0024471
14.994	-0.02521	0.0025199
14.994	0.02521	0.0024716
14.994	0.07563	0.0024122
14.994	0.12605	0.0024808
14.994	0.17647	0.0024025
14.994	0.22689	0.0024114
14.994	0.27731	0.0023112
14.994	0.32773	0.0022039
14.994	0.37815	0.0021742
14.994	0.42857	0.0020512
14.994	0.47899	0.001999
14.994	0.52941	0.001865
14.994	0.57983	0.0017304
14.994	0.63025	0.0016551
14.994	0.68067	0.0015174
14.994	0.73109	0.0014317
14.994	0.78151	0.0012961
14.994	0.83193	0.0011657
14.994	0.88235	0.0010762
15.042	-0.83193	0.0010747
15.042	-0.78151	0.0012156
15.042	-0.73109	0.0012963
15.042	-0.68067	0.001374
15.042	-0.63025	0.0015214
15.042	-0.57983	0.0015926
15.042	-0.52941	0.0017404
15.042	-0.47899	0.0018006
15.042	-0.42857	0.001853
15.042	-0.37815	0.0019882
15.042	-0.32773	0.0020237
15.042	-0.27731	0.0021461
15.042	-0.22689	0.0021612
15.042	-0.17647	0.0021659
15.042	-0.12605	0.0022583
15.042	-0.07563	0.0022397
15.042	-0.02521	0.0023093
15.042	0.02521	0.002267
15.042	0.07563	0.0023113
15.042	0.12605	0.0022457
15.042	0.17647	0.0021715
15.042	0.22689	0.0021769
15.042	0.27731	0.0020831
15.042	0.32773	0.0020641
15.042	0.37815	0.0019541
15.042	0.42857	0.0018405
15.042	0.47899	0.0017913
15.042	0.52941	0.0016684
15.042	0.57983	0.0016033
15.042	0.63025	0.0014758
15.042	0.68067	0.0013506
15.042	0.73109	0.001272
15.042	0.78151	0.0011493
15.042	0.83193	0.0010666
15.042	0.88235	0.0010076
15.089	-0.83193	0.0010062
15.089	-0.78151	0.0011346
15.089	-0.73109	0.0012086
15.089	-0.68067	0.0013433
15.089	-0.63025	0.0014128
15.089	-0.57983	0.0014777
15.089	-0.52941	0.00161
15.089	-0.47899	0.0016643
15.089	-0.42857	0.0017909
15.089	-0.37815	0.0018118
15.089	-0.32773	0.0018475
15.089	-0.27731	0.001959
15.089	-0.22689	0.0019762
15.089	-0.17647	0.0020717
15.089	-0.12605	0.002068
15.089	-0.07563	0.0020547
15.089	-0.02521	0.0021181
15.089	0.02521	0.0020828
15.089	0.07563	0.0021236
15.089	0.12605	0.0020668
15.089	0.17647	0.0020021
15.089	0.22689	0.0020071
15.089	0.27731	0.001924
15.089	0.32773	0.001907
15.089	0.37815	0.0018085
15.089	0.42857	0.0017715
15.089	0.47899	0.0016615
15.089	0.52941	0.0015504
15.089	0.57983	0.0014906
15.089	0.63025	0.0013747
15.089	0.68067	0.0013043
15.089	0.73109	0.0011879
15.089	0.78151	0.0010755
15.137	-0.78151	0.0010293
15.137	-0.73109	0.0010995
15.137	-0.68067	0.0012214
15.137	-0.63025	0.001288
15.137	-0.57983	0.0014116
15.137	-0.52941	0.0014706
15.137	-0.47899	0.0015243
15.137	-0.42857	0.0016387
15.137	-0.37815	0.0016794
15.137	-0.32773	0.0017842
15.137	-0.27731	0.0018086
15.137	-0.22689	0.0018248
15.137	-0.17647	0.0019051
15.137	-0.12605	0.001902
15.137	-0.07563	0.0019638
15.137	-0.02521	0.0019403
15.137	0.02521	0.0019085
15.137	0.07563	0.0019376
15.137	0.12605	0.0018861
15.137	0.17647	0.001894
15.137	0.22689	0.0018244
15.137	0.27731	0.0017492
15.137	0.32773	0.0017266
15.137	0.37815	0.0016825
15.137	0.42857	0.0016467
15.137	0.47899	0.0015483
15.137	0.52941	0.0014487
15.137	0.57983	0.0013917
15.137	0.63025	0.0012869
15.137	0.68067	0.0012204
15.137	0.73109	0.0011144
15.137	0.78151	0.0010119
15.185	-0.73109	0.0010089
15.185	-0.68067	0.0011192
15.185	-0.63025	0.0011841
15.185	-0.57983	0.0012958
15.185	-0.52941	0.0013543
15.185	-0.47899	0.0014083
15.185	-0.42857	0.0015116
15.185	-0.37815	0.0015541
15.185	-0.32773	0.0016483
15.185	-0.27731	0.001676
15.185	-0.22689	0.0016965
15.185	-0.17647	0.0017677
15.185	-0.12605	0.0017703
15.185	-0.07563	0.0018242
15.185	-0.02521	0.0018079
15.185	0.02521	0.0018426
15.185	0.07563	0.0018071
15.185	0.12605	0.0017646
15.185	0.17647	0.0017682
15.185	0.22689	0.0017084
15.185	0.27731	0.0016931
15.185	0.32773	0.0016184
15.185	0.37815	0.00154
15.185	0.42857	0.0014994
15.185	0.47899	0.0014108
15.185	0.52941	0.0013574
15.185	0.57983	0.0012625
15.185	0.63025	0.0011681
15.185	0.68067	0.0011021
15.185	0.73109	0.0010069
15.232	-0.73109	0.0010034
15.232	-0.68067	0.0010684
15.232	-0.63025	0.0011314
15.232	-0.57983	0.0012314
15.232	-0.52941	0.0012883
15.232	-0.47899	0.0013846
15.232	-0.42857	0.0014319
15.232	-0.37815	0.0014737
15.232	-0.32773	0.0015549
15.232	-0.27731	0.0015829
15.232	-0.22689	0.001651
15.232	-0.17647	0.0016628
15.232	-0.12605	0.0016673
15.232	-0.07563	0.0017129
15.232	-0.02521	0.0017034
15.232	0.02521	0.001732
15.232	0.07563	0.0017044
15.232	0.12605	0.00167
15.232	0.17647	0.0016692
15.232	0.22689	0.0016184
15.232	0.27731	0.0015997
15.232	0.32773	0.0015345
15.232	0.37815	0.0014651
15.232	0.42857	0.0014229
15.232	0.47899	0.0013436
15.232	0.52941	0.0012895
15.232	0.57983	0.0012035
15.232	0.63025	0.0011409
15.232	0.68067	0.0010519
15.28	-0.68067	0.0010024
15.28	-0.63025	0.0010964
15.28	-0.57983	0.001157
15.28	-0.52941	0.0012146
15.28	-0.47899	0.0013027
15.28	-0.42857	0.0013518
15.28	-0.37815	0.0014324
15.28	-0.32773	0.00147
15.28	-0.27731	0.0015015
15.28	-0.22689	0.001563
15.28	-0.17647	0.0015795
15.28	-0.12605	0.0016256
15.28	-0.07563	0.0016256
15.28	-0.02521	0.0016184
15.28	0.02521	0.0016373
15.28	0.07563	0.0016131
15.28	0.12605	0.0016138
15.28	0.17647	0.0015734
15.28	0.22689	0.0015271
15.28	0.27731	0.0015015
15.28	0.32773	0.0014418
15.28	0.37815	0.0014015
15.28	0.42857	0.001331
15.28	0.47899	0.0012581
15.28	0.52941	0.0012006
15.28	0.57983	0.0011216
15.28	0.63025	0.001057
15.28	0.68067	0.0010161
15.328	-0.63025	0.0010685
15.328	-0.57983	0.0011281
15.328	-0.52941	0.0011568
15.328	-0.47899	0.0012386
15.328	-0.42857	0.0012892
15.328	-0.37815	0.0013638
15.328	-0.32773	0.0014038
15.328	-0.27731	0.001438
15.328	-0.22689	0.0014947
15.328	-0.17647	0.0015149
15.328	-0.12605	0.0015568
15.328	-0.07563	0.0015614
15.328	-0.02521	0.0015868
15.328	0.02521	0.001575
15.328	0.07563	0.0015563
15.328	0.12605	0.0015548
15.328	0.17647	0.0015204
15.328	0.22689	0.0015018
15.328	0.27731	0.0014531
15.328	0.32773	0.0013994
15.328	0.37815	0.0013583
15.328	0.42857	0.0012939
15.328	0.47899	0.0012409
15.328	0.52941	0.0011687
15.328	0.57983	0.0010951
15.328	0.63025	0.0010305
15.375	-0.63025	0.0010214
15.375	-0.57983	0.0010808
15.375	-0.52941	0.0011602
15.375	-0.47899	0.0012134
15.375	-0.42857	0.0012625
15.375	-0.37815	0.0013306
15.375	-0.32773	0.0013693
15.375	-0.27731	0.0014265
15.375	-0.22689	0.0014524
15.375	-0.17647	0.0014716
15.375	-0.12605	0.0015073
15.375	-0.07563	0.0015114
15.375	-0.02521	0.0015308
15.375	0.02521	0.0015193
15.375	0.07563	0.0015008
15.375	0.12605	0.0014948
15.375	0.17647	0.0014613
15.375	0.22689	0.0014603
15.375	0.27731	0.0014161
15.375	0.32773	0.0013667
15.375	0.37815	0.0013263
15.375	0.42857	0.0012662
15.375	0.47899	0.0012139
15.375	0.52941	0.001146
15.375	0.57983	0.0010851
15.375	0.63025	0.0010125
15.423	-0.57983	0.0010386
15.423	-0.52941	0.0011158
15.423	-0.47899	0.0011685
15.423	-0.42857	0.0012396
15.423	-0.37815	0.0012839
15.423	-0.32773	0.0013228
15.423	-0.27731	0.0013788
15.423	-0.22689	0.0014056
15.423	-0.17647	0.0014485
15.423	-0.12605	0.0014614
15.423	-0.07563	0.001467
15.423	-0.02521	0.0014869
15.423	0.02521	0.0014776
15.423	0.07563	0.0014809
15.423	0.12605	0.0014566
15.423	0.17647	0.0014256
15.423	0.22689	0.0014052
15.423	0.27731	0.0013611
15.423	0.32773	0.001326
15.423	0.37815	0.0012708
15.423	0.42857	0.0012115
15.423	0.47899	0.0011596
15.423	0.52941	0.0010932
15.423	0.57983	0.001033
15.471	-0.57983	0.0010226
15.471	-0.52941	0.0010982
15.471	-0.47899	0.0011472
15.471	-0.42857	0.0012164
15.471	-0.37815	0.0012568
15.471	-0.32773	0.0012915
15.471	-0.27731	0.0013458
15.471	-0.22689	0.0013581
15.471	-0.17647	0.0014023
15.471	-0.12605	0.0014151
15.471	-0.07563	0.0014445
15.471	-0.02521	0.001443
15.471	0.02521	0.0014341
15.471	0.07563	0.0014402
15.471	0.12605	0.0014169
15.471	0.17647	0.001407
15.471	0.22689	0.0013701
15.471	0.27731	0.0013273
15.471	0.32773	0.0012962
15.471	0.37815	0.0012426
15.471	0.42857	0.0011989
15.471	0.47899	0.0011369
15.471	0.52941	0.0010721
15.471	0.57983	0.0010158
15.518	-0.52941	0.0010482
15.518	-0.47899	0.001094
15.518	-0.42857	0.0011648
15.518	-0.37815	0.0012025
15.518	-0.32773	0.0012644
15.518	-0.27731	0.0012916
15.518	-0.22689	0.0013121
15.518	-0.17647	0.0013567
15.518	-0.12605	0.0013643
15.518	-0.07563	0.0013942
15.518	-0.02521	0.001388
15.518	0.02521	0.0013744
15.518	0.07563	0.001382
15.518	0.12605	0.0013548
15.518	0.17647	0.0013467
15.518	0.22689	0.001307
15.518	0.27731	0.0012614
15.518	0.32773	0.0012334
15.518	0.37815	0.0011781
15.518	0.42857	0.001138
15.518	0.47899	0.0010753
15.518	0.52941	0.0010588
15.566	-0.47899	0.0010633
15.566	-0.42857	0.0011022
15.566	-0.37815	0.0011358
15.566	-0.32773	0.0012009
15.566	-0.27731	0.0012245
15.566	-0.22689	0.0012788
15.566	-0.17647	0.0012907
15.566	-0.12605	0.0012955
15.566	-0.07563	0.0013309
15.566	-0.02521	0.0013225
15.566	0.02521	0.0013428
15.566	0.07563	0.0013211
15.566	0.12605	0.0012926
15.566	0.17647	0.0012914
15.566	0.22689	0.0012509
15.566	0.27731	0.0012352
15.566	0.32773	0.0011843
15.566	0.37815	0.0011289
15.566	0.42857	0.0010962
15.566	0.47899	0.0010339
15.614	-0.47899	0.0010093
15.614	-0.42857	0.0010403
15.614	-0.37815	0.0010656
15.614	-0.32773	0.0011321
15.614	-0.27731	0.0011477
15.614	-0.22689	0.0012044
15.614	-0.17647	0.0012087
15.614	-0.12605	0.001253
15.614	-0.07563	0.0012451
15.614	-0.02521	0.0012301
15.614	0.02521	0.0012549
15.614	0.07563	0.0012421
15.614	0.12605	0.0012546
15.614	0.17647	0.0012188
15.614	0.22689	0.0011771
15.614	0.27731	0.00117
15.614	0.32773	0.0011186
15.614	0.37815	0.0010983
15.614	0.42857	0.0010393
15.662	-0.37815	0.001017
15.662	-0.32773	0.0010333
15.662	-0.27731	0.0010435
15.662	-0.22689	0.0011042
15.662	-0.17647	0.0011039
15.662	-0.12605	0.0011539
15.662	-0.07563	0.0011423
15.662	-0.02521	0.001124
15.662	0.02521	0.0011564
15.662	0.07563	0.0011268
15.662	0.12605	0.0011453
15.662	0.17647	0.0011052
15.662	0.22689	0.00106
15.662	0.27731	0.0010602
15.662	0.32773	0.0010068
15.709	-0.12605	0.0010353
15.709	-0.07563	0.0010198
15.709	-0.02521	0.0010634
15.709	0.02521	0.0010375
15.709	0.07563	0.0010059
15.709	0.12605	0.0010326
15.709	0.22689	0.0010054
16.424	-0.32773	0.0010145
16.424	-0.22689	0.0010503
16.424	-0.17647	0.0011314
16.424	-0.12605	0.0010634
16.424	-0.07563	0.0011347
16.424	-0.02521	0.0010532
16.424	0.02521	0.0011133
16.424	0.07563	0.0011688
16.424	0.12605	0.0010686
16.424	0.17647	0.0011113
16.424	0.22689	0.0010032
16.424	0.27731	0.0010334
16.424	0.32773	0.001057
16.472	-0.57983	0.0010504
16.472	-0.52941	0.0010454
16.472	-0.47899	0.0011519
16.472	-0.42857	0.0012603
16.472	-0.37815	0.0012334
16.472	-0.32773	0.0013358
16.472	-0.27731	0.0012907
16.472	-0.22689	0.0013841
16.472	-0.17647	0.0014745
16.472	-0.12605	0.0013623
16.472	-0.07563	0.0014422
16.472	-0.02521	0.0013574
16.472	0.02521	0.0014233
16.472	0.07563	0.0013233
16.472	0.12605	0.0013745
16.472	0.17647	0.0014182
16.472	0.22689	0.0012984
16.472	0.27731	0.0013269
16.472	0.32773	0.0011995
16.472	0.37815	0.0012137
16.472	0.42857	0.0012197
16.472	0.47899	0.0010847
16.472	0.52941	0.0010787
16.52	-0.73109	0.001002
16.52	-0.68067	0.0010285
16.52	-0.63025	0.0011467
16.52	-0.57983	0.0012693
16.52	-0.52941	0.0012785
16.52	-0.47899	0.0013997
16.52	-0.42857	0.001391
16.52	-0.37815	0.0015068
16.52	-0.32773	0.0016215
16.52	-0.27731	0.0015852
16.52	-0.22689	0.0016889
16.52	-0.17647	0.0016307
16.52	-0.12605	0.0017205
16.52	-0.07563	0.0018037
16.52	-0.02521	0.0017149
16.52	0.02521	0.0017807
16.52	0.07563	0.0016727
16.52	0.12605	0.0017202
16.52	0.17647	0.001758
16.52	0.22689	0.001626
16.52	0.27731	0.0016454
16.52	0.32773	0.001503
16.52	0.37815	0.0015058
16.52	0.42857	0.0014987
16.52	0.47899	0.0013465
16.52	0.52941	0.001326
16.52	0.57983	0.0011752
16.52	0.63025	0.0011608
16.52	0.68067	0.0010164
16.567	-0.83193	0.0010516
16.567	-0.78151	0.0011055
16.567	-0.73109	0.0012365
16.567	-0.68067	0.0012801
16.567	-0.63025	0.0014145
16.567	-0.57983	0.0013774
16.567	-0.52941	0.00151
16.567	-0.47899	0.0016441
16.567	-0.42857	0.0016515
16.567	-0.37815	0.0017792
16.567	-0.32773	0.0017641
16.567	-0.27731	0.0018811
16.567	-0.22689	0.0019932
16.567	-0.17647	0.0019445
16.567	-0.12605	0.0020402
16.567	-0.07563	0.0019664
16.567	-0.02521	0.0020432
16.567	0.02521	0.00211
16.567	0.07563	0.0020023
16.567	0.12605	0.0020479
16.567	0.17647	0.0019202
16.567	0.22689	0.0019448
16.567	0.27731	0.0019575
16.567	0.32773	0.0018065
16.567	0.37815	0.0018001
16.567	0.42857	0.0016406
16.567	0.47899	0.0016178
16.567	0.52941	0.0015848
16.567	0.57983	0.0014195
16.567	0.63025	0.0013752
16.567	0.68067	0.0012146
16.567	0.73109	0.0011628
16.567	0.78151	0.001105
16.615	-0.88235	0.0010484
16.615	-0.83193	0.0011193
16.615	-0.78151	0.0012558
16.615	-0.73109	0.0013985
16.615	-0.68067	0.0014619
16.615	-0.63025	0.0016081
16.615	-0.57983	0.0016571
16.615	-0.52941	0.001802
16.615	-0.47899	0.0019468
16.615	-0.42857	0.0019703
16.615	-0.37815	0.002106
16.615	-0.32773	0.0021041
16.615	-0.27731	0.0022261
16.615	-0.22689	0.0023407
16.615	-0.17647	0.0023006
16.615	-0.12605	0.0023952
16.615	-0.07563	0.0023258
16.615	-0.02521	0.0023978
16.615	0.02521	0.0023006
16.615	0.07563	0.0023488
16.615	0.12605	0.0023838
16.615	0.17647	0.0022408
16.615	0.22689	0.0022586
16.615	0.27731	0.0021117
16.615	0.32773	0.0021074
16.615	0.37815	0.00209
16.615	0.42857	0.0019224
16.615	0.47899	0.0018869
16.615	0.52941	0.0017134
16.615	0.57983	0.0016635
16.615	0.63025	0.0016043
16.615	0.68067	0.0014305
16.615	0.73109	0.0013634
16.615	0.78151	0.001198
16.615	0.83193	0.0011273
16.615	0.88235	0.0010527
16.663	-0.93277	0.0010179
16.663	-0.88235	0.0011539
16.663	-0.83193	0.0012427
16.663	-0.78151	0.001389
16.663	-0.73109	0.0014725
16.663	-0.68067	0.0016249
16.663	-0.63025	0.0017805
16.663	-0.57983	0.0018508
16.663	-0.52941	0.0020046
16.663	-0.47899	0.0020557
16.663	-0.42857	0.0022022
16.663	-0.37815	0.0023445
16.663	-0.32773	0.002363
16.663	-0.27731	0.0024897
16.663	-0.22689	0.0024782
16.663	-0.17647	0.0025849
16.663	-0.12605	0.0026803
16.663	-0.07563	0.0026251
16.663	-0.02521	0.0026953
16.663	0.02521	0.0026081
16.663	0.07563	0.0026518
16.663	0.12605	0.0026803
16.663	0.17647	0.0025527
16.663	0.22689	0.0025547
16.663	0.27731	0.0024038
16.663	0.32773	0.0023816
16.663	0.37815	0.0023453
16.663	0.42857	0.0021705
16.663	0.47899	0.002115
16.663	0.52941	0.0019324
16.663	0.57983	0.0018624
16.663	0.63025	0.001679
16.663	0.68067	0.0015995
16.663	0.73109	0.0015131
16.663	0.78151	0.0013375
16.663	0.83193	0.0012491
16.663	0.88235	0.0010868
16.663	0.93277	0.001044
16.71	-0.98319	0.0010297
16.71	-0.93277	0.0011683
16.71	-0.88235	0.0013148
16.71	-0.83193	0.001423
16.71	-0.78151	0.0015793
16.71	-0.73109	0.0016829
16.71	-0.68067	0.0018441
16.71	-0.63025	0.002007
16.71	-0.57983	0.0020974
16.71	-0.52941	0.0022565
16.71	-0.47899	0.002327
16.71	-0.42857	0.0024762
16.71	-0.37815	0.0025211
16.71	-0.32773	0.0026547
16.71	-0.27731	0.002718
16.71	-0.22689	0.0027273
16.71	-0.17647	0.0028344
16.71	-0.12605	0.0028097
16.71	-0.07563	0.0028911
16.71	-0.02521	0.0029576
16.71	0.02521	0.002885
16.71	0.07563	0.0029226
16.71	0.12605	0.0028168
16.71	0.17647	0.0028254
16.71	0.22689	0.0028175
16.71	0.27731	0.0026719
16.71	0.32773	0.0026377
16.71	0.37815	0.0024707
16.71	0.42857	0.0024139
16.71	0.47899	0.0023439
16.71	0.52941	0.0021581
16.71	0.57983	0.0020726
16.71	0.63025	0.001883
16.71	0.68067	0.0017876
16.71	0.73109	0.0016853
16.71	0.78151	0.0015015
16.71	0.83193	0.0013976
16.71	0.88235	0.0012259
16.71	0.93277	0.0011252
16.71	0.98319	0.0010243
16.758	-0.98319	0.0010882
16.758	-0.93277	0.0012313
16.758	-0.88235	0.0013514
16.758	-0.83193	0.0015068
16.758	-0.78151	0.0016674
16.758	-0.73109	0.0017898
16.758	-0.68067	0.0019553
16.758	-0.63025	0.0020687
16.758	-0.57983	0.002233
16.758	-0.52941	0.0023948
16.758	-0.47899	0.0024874
16.758	-0.42857	0.0026384
16.758	-0.37815	0.0027059
16.758	-0.32773	0.00284
16.758	-0.27731	0.0029631
16.758	-0.22689	0.0029886
16.758	-0.17647	0.0030868
16.758	-0.12605	0.0030763
16.758	-0.07563	0.0031459
16.758	-0.02521	0.0030981
16.758	0.02521	0.003137
16.758	0.07563	0.0031583
16.758	0.12605	0.0030607
16.758	0.17647	0.0030511
16.758	0.22689	0.0029214
16.758	0.27731	0.002883
16.758	0.32773	0.0028285
16.758	0.37815	0.0026634
16.758	0.42857	0.0025859
16.758	0.47899	0.0024474
16.758	0.52941	0.0023579
16.758	0.57983	0.0022574
16.758	0.63025	0.002066
16.758	0.68067	0.0019552
16.758	0.73109	0.0017645
16.758	0.78151	0.0016494
16.758	0.83193	0.0015308
16.758	0.88235	0.0013527
16.758	0.93277	0.0012381
16.758	0.98319	0.0010757
16.806	-1.0336	0.0010569
16.806	-0.98319	0.0011981
16.806	-0.93277	0.0013467
16.806	-0.88235	0.001484
16.806	-0.83193	0.001644
16.806	-0.78151	0.0017004
16.806	-0.73109	0.0018654
16.806	-0.68067	0.0020322
16.806	-0.63025	0.0021651
16.806	-0.57983	0.0023303
16.806	-0.52941	0.0024488
16.806	-0.47899	0.0026059
16.806	-0.42857	0.002756
16.806	-0.37815	0.0028455
16.806	-0.32773	0.0029776
16.806	-0.27731	0.0030368
16.806	-0.22689	0.0031452
16.806	-0.17647	0.0032388
16.806	-0.12605	0.0032498
16.806	-0.07563	0.0033133
16.806	-0.02521	0.0032857
16.806	0.02521	0.0033169
16.806	0.07563	0.0033294
16.806	0.12605	0.0032493
16.806	0.17647	0.0032293
16.806	0.22689	0.0031141
16.806	0.27731	0.003064
16.806	0.32773	0.0029973
16.806	0.37815	0.0028426
16.806	0.42857	0.0027518
16.806	0.47899	0.0025768
16.806	0.52941	0.0024675
16.806	0.57983	0.0023481
16.806	0.63025	0.002159
16.806	0.68067	0.0020306
16.806	0.73109	0.0018406
16.806	0.78151	0.0017098
16.806	0.83193	0.0015265
16.806	0.88235	0.001399
16.806	0.93277	0.0012721
16.806	0.98319	0.0011094
16.853	-1.0336	0.0010738
16.853	-0.98319	0.0012146
16.853	-0.93277	0.0013622
16.853	-0.88235	0.001512
16.853	-0.83193	0.001671
16.853	-0.78151	0.0018247
16.853	-0.73109	0.0019897
16.853	-0.68067	0.0021547
16.853	-0.63025	0.002305
16.853	-0.57983	0.0024664
16.853	-0.52941	0.0026025
16.853	-0.47899	0.0027535
16.853	-0.42857	0.0028679
16.853	-0.37815	0.0030017
16.853	-0.32773	0.0031232
16.853	-0.27731	0.0031985
16.853	-0.22689	0.0032939
16.853	-0.17647	0.0033334
16.853	-0.12605	0.0033985
16.853	-0.07563	0.0034454
16.853	-0.02521	0.0034176
16.853	0.02521	0.0034403
16.853	0.07563	0.0033938
16.853	0.12605	0.0033827
16.853	0.17647	0.0033526
16.853	0.22689	0.0032545
16.853	0.27731	0.0031933
16.853	0.32773	0.0030628
16.853	0.37815	0.0029744
16.853	0.42857	0.0028716
16.853	0.47899	0.0027076
16.853	0.52941	0.0025859
16.853	0.57983	0.0024063
16.853	0.63025	0.0022723
16.853	0.68067	0.0021318
16.853	0.73109	0.0019459
16.853	0.78151	0.001803
16.853	0.83193	0.0016211
16.853	0.88235	0.0014821
16.853	0.93277	0.0013446
16.853	0.98319	0.001181
16.853	1.0336	0.0010549
16.901	-1.0336	0.0010704
16.901	-0.98319	0.0012082
16.901	-0.93277	0.0013603
16.901	-0.88235	0.0015117
16.901	-0.83193	0.001667
16.901	-0.78151	0.0018329
16.901	-0.73109	0.0019941
16.901	-0.68067	0.0021595
16.901	-0.63025	0.0023201
16.901	-0.57983	0.0024765
16.901	-0.52941	0.0026304
16.901	-0.47899	0.002776
16.901	-0.42857	0.00291
16.901	-0.37815	0.0030379
16.901	-0.32773	0.0031527
16.901	-0.27731	0.0032489
16.901	-0.22689	0.0033371
16.901	-0.17647	0.0033978
16.901	-0.12605	0.0034551
16.901	-0.07563	0.0034936
16.901	-0.02521	0.0035005
16.901	0.02521	0.0035045
16.901	0.07563	0.0034709
16.901	0.12605	0.0034407
16.901	0.17647	0.0033682
16.901	0.22689	0.0033055
16.901	0.27731	0.0032256
16.901	0.32773	0.0031064
16.901	0.37815	0.0030002
16.901	0.42857	0.002854
16.901	0.47899	0.0027271
16.901	0.52941	0.00259
16.901	0.57983	0.0024202
16.901	0.63025	0.0022724
16.901	0.68067	0.0020942
16.901	0.73109	0.0019426
16.901	0.78151	0.0018662
16.901	0.83193	0.0016895
16.901	0.88235	0.0015412
16.901	0.93277	0.0013728
16.901	0.98319	0.0012341
16.901	1.0336	0.0011002
16.949	-1.0336	0.0011134
16.949	-0.98319	0.0012491
16.949	-0.93277	0.0014108
16.949	-0.88235	0.0015584
16.949	-0.83193	0.0017307
16.949	-0.78151	0.0018853
16.949	-0.73109	0.0020393
16.949	-0.68067	0.002217
16.949	-0.63025	0.0023686
16.949	-0.57983	0.002539
16.949	-0.52941	0.0026813
16.949	-0.47899	0.002749
16.949	-0.42857	0.0029005
16.949	-0.37815	0.0030205
16.949	-0.32773	0.0031467
16.949	-0.27731	0.0032427
16.949	-0.22689	0.0033224
16.949	-0.17647	0.0034038
16.949	-0.12605	0.0034524
16.949	-0.07563	0.0034953
16.949	-0.02521	0.00351
16.949	0.02521	0.0035052
16.949	0.07563	0.0034923
16.949	0.12605	0.0034531
16.949	0.17647	0.0034005
16.949	0.22689	0.0033288
16.949	0.27731	0.0032402
16.949	0.32773	0.0031392
16.949	0.37815	0.0030244
16.949	0.42857	0.0028946
16.949	0.47899	0.0027592
16.949	0.52941	0.0026142
16.949	0.57983	0.0024582
16.949	0.63025	0.0023027
16.949	0.68067	0.002136
16.949	0.73109	0.0019769
16.949	0.78151	0.0018072
16.949	0.83193	0.0016511
16.949	0.88235	0.0014973
16.949	0.93277	0.0013384
16.949	0.98319	0.0011959
16.949	1.0336	0.0010497
16.996	-1.0336	0.0010704
16.996	-0.98319	0.0011987
16.996	-0.93277	0.0013627
16.996	-0.88235	0.0015023
16.996	-0.83193	0.0016792
16.996	-0.78151	0.0018254
16.996	-0.73109	0.0019702
16.996	-0.68067	0.0021557
16.996	-0.63025	0.0022979
16.996	-0.57983	0.002479
16.996	-0.52941	0.002612
16.996	-0.47899	0.0027804
16.996	-0.42857	0.0028973
16.996	-0.37815	0.0030011
16.996	-0.32773	0.0031391
16.996	-0.27731	0.0032178
16.996	-0.22689	0.0033247
16.996	-0.17647	0.0033735
16.996	-0.12605	0.0034038
16.996	-0.07563	0.0034597
16.996	-0.02521	0.0034561
16.996	0.02521	0.0034717
16.996	0.07563	0.0034339
16.996	0.12605	0.0033775
16.996	0.17647	0.0033384
16.996	0.22689	0.0032509
16.996	0.27731	0.0032273
16.996	0.32773	0.0031196
16.996	0.37815	0.0029983
16.996	0.42857	0.0028866
16.996	0.47899	0.002745
16.996	0.52941	0.0026098
16.996	0.57983	0.0024545
16.996	0.63025	0.002294
16.996	0.68067	0.0021411
16.996	0.73109	0.0019772
16.996	0.78151	0.0018191
16.996	0.83193	0.0016585
16.996	0.88235	0.0015009
16.996	0.93277	0.0013506
16.996	0.98319	0.0012045
16.996	1.0336	0.0010647
17.044	-1.0336	0.0010713
17.044	-0.98319	0.0012304
17.044	-0.93277	0.0012945
17.044	-0.88235	0.0014244
17.044	-0.83193	0.001602
17.044	-0.78151	0.0017379
17.044	-0.73109	0.0019244
17.044	-0.68067	0.0020607
17.044	-0.63025	0.0021918
17.044	-0.57983	0.0023792
17.044	-0.52941	0.0025012
17.044	-0.47899	0.0026791
17.044	-0.42857	0.0027852
17.044	-0.37815	0.0028783
17.044	-0.32773	0.0030295
17.044	-0.27731	0.0030981
17.044	-0.22689	0.0032212
17.044	-0.17647	0.0032607
17.044	-0.12605	0.0032821
17.044	-0.07563	0.0033568
17.044	-0.02521	0.0033454
17.044	0.02521	0.0033812
17.044	0.07563	0.0033363
17.044	0.12605	0.0033323
17.044	0.17647	0.0032555
17.044	0.22689	0.0031625
17.044	0.27731	0.0031074
17.044	0.32773	0.0029881
17.044	0.37815	0.0029006
17.044	0.42857	0.0027601
17.044	0.47899	0.0026108
17.044	0.52941	0.0024906
17.044	0.57983	0.0023298
17.044	0.63025	0.0021933
17.044	0.68067	0.0020278
17.044	0.73109	0.0018623
17.044	0.78151	0.0017188
17.044	0.83193	0.0015581
17.044	0.88235	0.0014158
17.044	0.93277	0.0012653
17.044	0.98319	0.0011218
17.044	1.0336	0.0010613
17.092	-0.98319	0.0011508
17.092	-0.93277	0.001269
17.092	-0.88235	0.001441
17.092	-0.83193	0.0015658
17.092	-0.78151	0.001689
17.092	-0.73109	0.0018761
17.092	-0.68067	0.0019978
17.092	-0.63025	0.0021875
17.092	-0.57983	0.0023017
17.092	-0.52941	0.0024066
17.092	-0.47899	0.0025869
17.092	-0.42857	0.0026751
17.092	-0.37815	0.0028394
17.092	-0.32773	0.0029053
17.092	-0.27731	0.0029556
17.092	-0.22689	0.0030849
17.092	-0.17647	0.0030979
17.092	-0.12605	0.0032022
17.092	-0.07563	0.0032014
17.092	-0.02521	0.0031829
17.092	0.02521	0.003237
17.092	0.07563	0.0031864
17.092	0.12605	0.0032025
17.092	0.17647	0.0031212
17.092	0.22689	0.0030249
17.092	0.27731	0.0029905
17.092	0.32773	0.0028689
17.092	0.37815	0.0028018
17.092	0.42857	0.0026599
17.092	0.47899	0.0025102
17.092	0.52941	0.0024091
17.092	0.57983	0.0022485
17.092	0.63025	0.0021295
17.092	0.68067	0.0019645
17.092	0.73109	0.0018002
17.092	0.78151	0.0016716
17.092	0.83193	0.0015122
17.092	0.88235	0.0013826
17.092	0.93277	0.0012333
17.092	0.98319	0.0011087
17.139	-0.98319	0.0010586
17.139	-0.93277	0.0011651
17.139	-0.88235	0.0013316
17.139	-0.83193	0.001444
17.139	-0.78151	0.0015543
17.139	-0.73109	0.0017372
17.139	-0.68067	0.0018458
17.139	-0.63025	0.0020333
17.139	-0.57983	0.0021346
17.139	-0.52941	0.0023198
17.139	-0.47899	0.0024078
17.139	-0.42857	0.0024841
17.139	-0.37815	0.0026523
17.139	-0.32773	0.0027074
17.139	-0.27731	0.0028557
17.139	-0.22689	0.002885
17.139	-0.17647	0.0028982
17.139	-0.12605	0.0030074
17.139	-0.07563	0.002991
17.139	-0.02521	0.0030674
17.139	0.02521	0.0030206
17.139	0.07563	0.0029579
17.139	0.12605	0.0029849
17.139	0.17647	0.002894
17.139	0.22689	0.0028856
17.139	0.27731	0.0027696
17.139	0.32773	0.002643
17.139	0.37815	0.0025915
17.139	0.42857	0.0024472
17.139	0.47899	0.0023692
17.139	0.52941	0.002213
17.139	0.57983	0.0021339
17.139	0.63025	0.0020336
17.139	0.68067	0.0018718
17.139	0.73109	0.001759
17.139	0.78151	0.0015992
17.139	0.83193	0.0014436
17.139	0.88235	0.0013282
17.139	0.93277	0.0011825
17.139	0.98319	0.0010698
17.187	-0.98319	0.001004
17.187	-0.93277	0.0010984
17.187	-0.88235	0.0012596
17.187	-0.83193	0.0013579
17.187	-0.78151	0.0015322
17.187	-0.73109	0.00163
17.187	-0.68067	0.0017222
17.187	-0.63025	0.0018588
17.187	-0.57983	0.0019469
17.187	-0.52941	0.0021287
17.187	-0.47899	0.0022042
17.187	-0.42857	0.0022685
17.187	-0.37815	0.0024367
17.187	-0.32773	0.0024812
17.187	-0.27731	0.0026326
17.187	-0.22689	0.0026531
17.187	-0.17647	0.0026586
17.187	-0.12605	0.0027753
17.187	-0.07563	0.0027533
17.187	-0.02521	0.0028407
17.187	0.02521	0.0027904
17.187	0.07563	0.0028456
17.187	0.12605	0.0027675
17.187	0.17647	0.0026766
17.187	0.22689	0.0026857
17.187	0.27731	0.0025714
17.187	0.32773	0.0025492
17.187	0.37815	0.0024156
17.187	0.42857	0.0022755
17.187	0.47899	0.0022174
17.187	0.52941	0.0020663
17.187	0.57983	0.0019871
17.187	0.63025	0.0018307
17.187	0.68067	0.0016757
17.187	0.73109	0.0015806
17.187	0.78151	0.0014288
17.187	0.83193	0.0013273
17.187	0.88235	0.0011838
17.187	0.93277	0.0010476
17.235	-0.93277	0.0010357
17.235	-0.88235	0.0011228
17.235	-0.83193	0.0012078
17.235	-0.78151	0.0013721
17.235	-0.73109	0.0014563
17.235	-0.68067	0.0016297
17.235	-0.63025	0.0017083
17.235	-0.57983	0.0017792
17.235	-0.52941	0.0019529
17.235	-0.47899	0.002011
17.235	-0.42857	0.0021788
17.235	-0.37815	0.0022195
17.235	-0.32773	0.0022476
17.235	-0.27731	0.0023941
17.235	-0.22689	0.0023996
17.235	-0.17647	0.0025256
17.235	-0.12605	0.0025062
17.235	-0.07563	0.0024728
17.235	-0.02521	0.0025613
17.235	0.02521	0.0025023
17.235	0.07563	0.002562
17.235	0.12605	0.0025216
17.235	0.17647	0.0024323
17.235	0.22689	0.002456
17.235	0.27731	0.0023453
17.235	0.32773	0.0023399
17.235	0.37815	0.0022117
17.235	0.42857	0.0020781
17.235	0.47899	0.0020384
17.235	0.52941	0.0018947
17.235	0.57983	0.0018343
17.235	0.63025	0.0016859
17.235	0.68067	0.0015394
17.235	0.73109	0.0014619
17.235	0.78151	0.0013185
17.235	0.83193	0.0012333
17.235	0.88235	0.0010975
17.235	0.93277	0.0010099
17.282	-0.83193	0.0010541
17.282	-0.78151	0.0012062
17.282	-0.73109	0.001277
17.282	-0.68067	0.0014391
17.282	-0.63025	0.0015047
17.282	-0.57983	0.0016716
17.282	-0.52941	0.0017276
17.282	-0.47899	0.0017742
17.282	-0.42857	0.0019352
17.282	-0.37815	0.001966
17.282	-0.32773	0.0021175
17.282	-0.27731	0.0021288
17.282	-0.22689	0.0021279
17.282	-0.17647	0.0022541
17.282	-0.12605	0.0022305
17.282	-0.07563	0.0023349
17.282	-0.02521	0.0022877
17.282	0.02521	0.0022287
17.282	0.07563	0.0022963
17.282	0.12605	0.0022151
17.282	0.17647	0.0022557
17.282	0.22689	0.0021543
17.282	0.27731	0.0020456
17.282	0.32773	0.0020495
17.282	0.37815	0.0019262
17.282	0.42857	0.0019063
17.282	0.47899	0.0017726
17.282	0.52941	0.0016382
17.282	0.57983	0.0015928
17.282	0.63025	0.0014554
17.282	0.68067	0.0013956
17.282	0.73109	0.0012599
17.282	0.78151	0.0011294
17.282	0.83193	0.0010608
17.33	-0.83193	0.0010092
17.33	-0.78151	0.0010694
17.33	-0.73109	0.0011252
17.33	-0.68067	0.0012737
17.33	-0.63025	0.0013237
17.33	-0.57983	0.0014774
17.33	-0.52941	0.0015177
17.33	-0.47899	0.0015493
17.33	-0.42857	0.0016982
17.33	-0.37815	0.001715
17.33	-0.32773	0.0018525
17.33	-0.27731	0.001857
17.33	-0.22689	0.0018505
17.33	-0.17647	0.0019741
17.33	-0.12605	0.0019475
17.33	-0.07563	0.0020527
17.33	-0.02521	0.0020052
17.33	0.02521	0.0019475
17.33	0.07563	0.0020202
17.33	0.12605	0.0019428
17.33	0.17647	0.0019916
17.33	0.22689	0.0018964
17.33	0.27731	0.0019211
17.33	0.32773	0.0018108
17.33	0.37815	0.0016968
17.33	0.42857	0.0016906
17.33	0.47899	0.0015675
17.33	0.52941	0.0015421
17.33	0.57983	0.0014141
17.33	0.63025	0.0012884
17.33	0.68067	0.0012443
17.33	0.73109	0.0011202
17.33	0.78151	0.0010662
17.378	-0.73109	0.0010345
17.378	-0.68067	0.0010791
17.378	-0.63025	0.0011178
17.378	-0.57983	0.0012572
17.378	-0.52941	0.0012874
17.378	-0.47899	0.0014285
17.378	-0.42857	0.0014468
17.378	-0.37815	0.0014563
17.378	-0.32773	0.0015882
17.378	-0.27731	0.0015822
17.378	-0.22689	0.0017042
17.378	-0.17647	0.0016806
17.378	-0.12605	0.0016477
17.378	-0.07563	0.0017462
17.378	-0.02521	0.0016952
17.378	0.02521	0.0017751
17.378	0.07563	0.0017064
17.378	0.12605	0.0016309
17.378	0.17647	0.0016806
17.378	0.22689	0.0015904
17.378	0.27731	0.0016192
17.378	0.32773	0.0015168
17.378	0.37815	0.0014123
17.378	0.42857	0.0014699
17.378	0.47899	0.0013584
17.378	0.52941	0.001346
17.378	0.57983	0.0012304
17.378	0.63025	0.0011174
17.378	0.68067	0.0010871
17.426	-0.57983	0.0010464
17.426	-0.52941	0.0010676
17.426	-0.47899	0.0011942
17.426	-0.42857	0.0012051
17.426	-0.37815	0.0013306
17.426	-0.32773	0.0013287
17.426	-0.27731	0.0013187
17.426	-0.22689	0.0014321
17.426	-0.17647	0.0014071
17.426	-0.12605	0.0015094
17.426	-0.07563	0.0014685
17.426	-0.02521	0.0014202
17.426	0.02521	0.0014993
17.426	0.07563	0.0014359
17.426	0.12605	0.0014978
17.426	0.17647	0.0014204
17.426	0.22689	0.001339
17.426	0.27731	0.0013743
17.426	0.32773	0.0012826
17.426	0.37815	0.0013001
17.426	0.42857	0.0012009
17.426	0.47899	0.0011023
17.426	0.52941	0.0010983
17.473	-0.37815	0.0010885
17.473	-0.32773	0.001079
17.473	-0.27731	0.0010629
17.473	-0.22689	0.0011623
17.473	-0.17647	0.0011336
17.473	-0.12605	0.0012245
17.473	-0.07563	0.0011827
17.473	-0.02521	0.0011597
17.473	0.02521	0.0012353
17.473	0.07563	0.001178
17.473	0.12605	0.0012398
17.473	0.17647	0.0011707
17.473	0.22689	0.0012172
17.473	0.27731	0.0011381
17.473	0.32773	0.0010575
17.473	0.37815	0.0010816
17.473	0.47899	0.0010045
17.521	-0.02521	0.0010138
