  -17.50000      2.1726706E-03
  -17.49000      2.2090320E-03
  -17.48000      2.1995914E-03
  -17.47000      2.2235103E-03
  -17.46000      2.2092869E-03
  -17.45000      2.2076394E-03
  -17.44000      2.2108313E-03
  -17.43000      2.2076922E-03
  -17.42000      2.2138609E-03
  -17.41000      2.2138562E-03
  -17.40000      2.1530883E-03
  -17.39000      2.1633503E-03
  -17.38000      2.2017732E-03
  -17.37000      2.2492914E-03
  -17.36000      2.2892074E-03
  -17.35000      2.3050259E-03
  -17.34000      2.3408763E-03
  -17.33000      2.3882275E-03
  -17.32000      2.4709273E-03
  -17.31000      2.5181249E-03
  -17.30000      2.6058762E-03
  -17.29000      2.6830789E-03
  -17.28000      2.7550920E-03
  -17.27000      2.9965921E-03
  -17.26000      3.3833289E-03
  -17.25000      3.5497681E-03
  -17.24000      3.3190406E-03
  -17.23000      3.2609818E-03
  -17.22000      3.4109976E-03
  -17.21000      3.4879551E-03
  -17.20000      3.4956033E-03
  -17.19000      3.4943190E-03
  -17.18000      3.4510705E-03
  -17.17000      3.3711996E-03
  -17.16000      3.2773667E-03
  -17.15000      3.1386870E-03
  -17.14000      2.9722401E-03
  -17.13000      2.7974048E-03
  -17.12000      2.5919932E-03
  -17.11000      2.3740630E-03
  -17.10000      2.1567787E-03
  -17.09000      1.9241764E-03
  -17.08000      1.6946394E-03
  -17.07000      1.4903672E-03
  -17.06000      1.2783960E-03
  -17.05000      1.0568043E-03
  -17.04000      8.4102416E-04
  -17.03000      6.4049638E-04
  -17.02000      4.6837161E-04
  -17.01000      3.2830605E-04
  -17.00000      2.1853069E-04
  -16.99000      1.3557203E-04
  -16.98000      7.7748780E-05
  -16.97000      4.3958407E-05
  -16.96000      3.1938180E-05
  -16.95000      3.9257382E-05
  -16.94000      6.2975880E-05
  -16.93000      9.9854267E-05
  -16.92000      1.4655078E-04
  -16.91000      1.9956275E-04
  -16.90000      2.5558934E-04
  -16.89000      3.1144643E-04
  -16.88000      3.6406179E-04
  -16.87000      4.1115255E-04
  -16.86000      4.5028629E-04
  -16.85000      4.7977641E-04
  -16.84000      4.9865013E-04
  -16.83000      5.0641660E-04
  -16.82000      5.0295657E-04
  -16.81000      4.8866018E-04
  -16.80000      4.6440662E-04
  -16.79000      4.3147898E-04
  -16.78000      3.9141861E-04
  -16.77000      3.4606765E-04
  -16.76000      2.9724315E-04
  -16.75000      2.4715724E-04
  -16.74000      1.9762857E-04
  -16.73000      1.5078652E-04
  -16.72000      1.0822109E-04
  -16.71000      7.1429873E-05
  -16.70000      4.1720348E-05
  -16.69000      1.9848379E-05
  -16.68000      6.4470719E-06
  -16.67000      1.6079888E-06
  -16.66000      5.2030273E-06
  -16.65000      1.6794849E-05
  -16.64000      3.5636873E-05
  -16.63000      6.0912116E-05
  -16.62000      9.1434202E-05
  -16.61000      1.2625079E-04
  -16.60000      1.6404942E-04
  -16.59000      2.0380478E-04
  -16.58000      2.4457066E-04
  -16.57000      2.8540709E-04
  -16.56000      3.2589634E-04
  -16.55000      3.6547930E-04
  -16.54000      4.0419819E-04
  -16.53000      4.4219353E-04
  -16.52000      4.7989551E-04
  -16.51000      5.1802094E-04
  -16.50000      5.5736961E-04
  -16.49000      5.9894851E-04
  -16.48000      6.4396363E-04
  -16.47000      6.9342752E-04
  -16.46000      7.4849994E-04
  -16.45000      8.1010704E-04
  -16.44000      8.7891979E-04
  -16.43000      9.5567864E-04
  -16.42000      1.0404475E-03
  -16.41000      1.1331410E-03
  -16.40000      1.2332952E-03
  -16.39000      1.3399676E-03
  -16.38000      1.4521412E-03
  -16.37000      1.5681420E-03
  -16.36000      1.6860015E-03
  -16.35000      1.8035851E-03
  -16.34000      1.9184911E-03
  -16.33000      2.0280355E-03
  -16.32000      2.1299196E-03
  -16.31000      2.2209324E-03
  -16.30000      2.2990517E-03
  -16.29000      2.3617018E-03
  -16.28000      2.4070854E-03
  -16.27000      2.4336567E-03
  -16.26000      2.4401846E-03
  -16.25000      2.4261842E-03
  -16.24000      2.3917207E-03
  -16.23000      2.3372262E-03
  -16.22000      2.2634342E-03
  -16.21000      2.1722296E-03
  -16.20000      2.0655582E-03
  -16.19000      1.9457432E-03
  -16.18000      1.8159453E-03
  -16.17000      1.6786347E-03
  -16.16000      1.5376506E-03
  -16.15000      1.3954621E-03
  -16.14000      1.2555267E-03
  -16.13000      1.1204979E-03
  -16.12000      9.9320814E-04
  -16.11000      8.7558897E-04
  -16.10000      7.6992426E-04
  -16.09000      6.7709183E-04
  -16.08000      5.9855729E-04
  -16.07000      5.3435547E-04
  -16.06000      4.8446094E-04
  -16.05000      4.4825079E-04
  -16.04000      4.2453411E-04
  -16.03000      4.1191318E-04
  -16.02000      4.0845684E-04
  -16.01000      4.1214144E-04
  -16.00000      4.2073557E-04
  -15.99000      4.3198428E-04
  -15.98000      4.4371470E-04
  -15.97000      4.5384973E-04
  -15.96000      4.6062932E-04
  -15.95000      4.6251385E-04
  -15.94000      4.5837543E-04
  -15.93000      4.4745411E-04
  -15.92000      4.2950729E-04
  -15.91000      4.0458329E-04
  -15.90000      3.7333026E-04
  -15.89000      3.3659700E-04
  -15.88000      2.9573950E-04
  -15.87000      2.5224997E-04
  -15.86000      2.0777280E-04
  -15.85000      1.6412535E-04
  -15.84000      1.2320561E-04
  -15.83000      8.6659624E-05
  -15.82000      5.6142777E-05
  -15.81000      3.2928161E-05
  -15.80000      1.8073253E-05
  -15.79000      1.2248238E-05
  -15.78000      1.5679987E-05
  -15.77000      2.8232198E-05
  -15.76000      4.9296159E-05
  -15.75000      7.8031560E-05
  -15.74000      1.1303305E-04
  -15.73000      1.5298827E-04
  -15.72000      1.9611047E-04
  -15.71000      2.4078479E-04
  -15.70000      2.8528515E-04
  -15.69000      3.2803349E-04
  -15.68000      3.6769017E-04
  -15.67000      4.0337528E-04
  -15.66000      4.3430662E-04
  -15.65000      4.6051660E-04
  -15.64000      4.8227207E-04
  -15.63000      5.0060515E-04
  -15.62000      5.1707187E-04
  -15.61000      5.3361309E-04
  -15.60000      5.5284705E-04
  -15.59000      5.7755306E-04
  -15.58000      6.1099738E-04
  -15.57000      6.5652444E-04
  -15.56000      7.1753323E-04
  -15.55000      7.9714757E-04
  -15.54000      8.9865050E-04
  -15.53000      1.0241666E-03
  -15.52000      1.1763263E-03
  -15.51000      1.3557614E-03
  -15.50000      1.5630842E-03
  -15.49000      1.7981470E-03
  -15.48000      2.0586406E-03
  -15.47000      2.3435079E-03
  -15.46000      2.6480029E-03
  -15.45000      2.9684245E-03
  -15.44000      3.2984156E-03
  -15.43000      3.6342808E-03
  -15.42000      3.9691357E-03
  -15.41000      4.2953938E-03
  -15.40000      4.6052430E-03
  -15.39000      4.8924908E-03
  -15.38000      5.1491037E-03
  -15.37000      5.3691100E-03
  -15.36000      5.5462657E-03
  -15.35000      5.6757699E-03
  -15.34000      5.7539414E-03
  -15.33000      5.7779890E-03
  -15.32000      5.7466445E-03
  -15.31000      5.6598941E-03
  -15.30000      5.5191377E-03
  -15.29000      5.3271111E-03
  -15.28000      5.0876993E-03
  -15.27000      4.8066699E-03
  -15.26000      4.4893511E-03
  -15.25000      4.1437759E-03
  -15.24000      3.7769864E-03
  -15.23000      3.3970650E-03
  -15.22000      3.0129391E-03
  -15.21000      2.6318640E-03
  -15.20000      2.2620291E-03
  -15.19000      1.9104236E-03
  -15.18000      1.5831003E-03
  -15.17000      1.2862617E-03
  -15.16000      1.0237906E-03
  -15.15000      7.9864752E-04
  -15.14000      6.1341352E-04
  -15.13000      4.6806989E-04
  -15.12000      3.6268774E-04
  -15.11000      2.9480612E-04
  -15.10000      2.6166227E-04
  -15.09000      2.5924202E-04
  -15.08000      2.8290701E-04
  -15.07000      3.2728180E-04
  -15.06000      3.8690164E-04
  -15.05000      4.5617789E-04
  -15.04000      5.2969839E-04
  -15.03000      6.0213631E-04
  -15.02000      6.6916639E-04
  -15.01000      7.2650722E-04
  -15.00000      7.7134283E-04
  -14.99000      8.0109970E-04
  -14.98000      8.1459386E-04
  -14.97000      8.1137405E-04
  -14.96000      7.9200586E-04
  -14.95000      7.5769902E-04
  -14.94000      7.1065646E-04
  -14.93000      6.5333070E-04
  -14.92000      5.8880029E-04
  -14.91000      5.2016618E-04
  -14.90000      4.5067625E-04
  -14.89000      3.8333208E-04
  -14.88000      3.2098952E-04
  -14.87000      2.6567047E-04
  -14.86000      2.1921372E-04
  -14.85000      1.8245673E-04
  -14.84000      1.5570091E-04
  -14.83000      1.3848054E-04
  -14.82000      1.2958179E-04
  -14.81000      1.2737534E-04
  -14.80000      1.2968502E-04
  -14.79000      1.3418702E-04
  -14.78000      1.3846494E-04
  -14.77000      1.4030185E-04
  -14.76000      1.3790082E-04
  -14.75000      1.3005406E-04
  -14.74000      1.1647419E-04
  -14.73000      9.7873526E-05
  -14.72000      7.6217460E-05
  -14.71000      5.4754422E-05
  -14.70000      3.8221922E-05
  -14.69000      3.2573102E-05
  -14.68000      4.5210694E-05
  -14.67000      8.4393083E-05
  -14.66000      1.5978297E-04
  -14.65000      2.8087338E-04
  -14.64000      4.5846432E-04
  -14.63000      7.0182775E-04
  -14.62000      1.0212827E-03
  -14.61000      1.4273801E-03
  -14.60000      1.9256495E-03
  -14.59000      2.5225012E-03
  -14.58000      3.2228597E-03
  -14.57000      4.0240777E-03
  -14.56000      4.9285726E-03
  -14.55000      5.9271720E-03
  -14.54000      7.0147715E-03
  -14.53000      8.1789149E-03
  -14.52000      9.4060535E-03
  -14.51000      1.0675141E-02
  -14.50000      1.1971953E-02
  -14.49000      1.3266539E-02
  -14.48000      1.4542114E-02
  -14.47000      1.5764872E-02
  -14.46000      1.6912417E-02
  -14.45000      1.7958410E-02
  -14.44000      1.8875204E-02
  -14.43000      1.9643709E-02
  -14.42000      2.0239180E-02
  -14.41000      2.0647082E-02
  -14.40000      2.0853572E-02
  -14.39000      2.0850509E-02
  -14.38000      2.0633150E-02
  -14.37000      2.0201566E-02
  -14.36000      1.9563628E-02
  -14.35000      1.8726515E-02
  -14.34000      1.7709941E-02
  -14.33000      1.6531229E-02
  -14.32000      1.5216152E-02
  -14.31000      1.3796868E-02
  -14.30000      1.2299327E-02
  -14.29000      1.0763411E-02
  -14.28000      9.2200506E-03
  -14.27000      7.7092573E-03
  -14.26000      6.2630917E-03
  -14.25000      4.9166055E-03
  -14.24000      3.6979096E-03
  -14.23000      2.6363938E-03
  -14.22000      1.7517403E-03
  -14.21000      1.0639360E-03
  -14.20000      5.8262580E-04
  -14.19000      3.1411395E-04
  -14.18000      2.5743636E-04
  -14.17000      4.0445523E-04
  -14.16000      7.4185210E-04
  -14.15000      1.2491253E-03
  -14.14000      1.9033912E-03
  -14.13000      2.6723305E-03
  -14.12000      3.5276436E-03
  -14.11000      4.4315709E-03
  -14.10000      5.3498549E-03
  -14.09000      6.2456783E-03
  -14.08000      7.0824786E-03
  -14.07000      7.8271413E-03
  -14.06000      8.4511666E-03
  -14.05000      8.9255907E-03
  -14.04000      9.2324018E-03
  -14.03000      9.3552200E-03
  -14.02000      9.2885774E-03
  -14.01000      9.0315836E-03
  -14.00000      8.5934466E-03
  -13.99000      7.9872906E-03
  -13.98000      7.2387164E-03
  -13.97000      6.3737761E-03
  -13.96000      5.4291459E-03
  -13.95000      4.4435104E-03
  -13.94000      3.4627959E-03
  -13.93000      2.5310752E-03
  -13.92000      1.7003510E-03
  -13.91000      1.0151771E-03
  -13.90000      5.2712148E-04
  -13.89000      2.7874083E-04
  -13.88000      3.1189682E-04
  -13.87000      6.6084642E-04
  -13.86000      1.3567836E-03
  -13.85000      2.4193674E-03
  -13.84000      3.8634227E-03
  -13.83000      5.6930790E-03
  -13.82000      7.9054832E-03
  -13.81000      1.0481653E-02
  -13.80000      1.3414445E-02
  -13.79000      1.6657706E-02
  -13.78000      2.0182766E-02
  -13.77000      2.3934260E-02
  -13.76000      2.7857570E-02
  -13.75000      3.1893335E-02
  -13.74000      3.5986807E-02
  -13.73000      4.0070821E-02
  -13.72000      4.4089478E-02
  -13.71000      4.7964431E-02
  -13.70000      5.1649917E-02
  -13.69000      5.5079043E-02
  -13.68000      5.8201279E-02
  -13.67000      6.0971551E-02
  -13.66000      6.3335337E-02
  -13.65000      6.5266132E-02
  -13.64000      6.6735901E-02
  -13.63000      6.7721970E-02
  -13.62000      6.8217307E-02
  -13.61000      6.8216950E-02
  -13.60000      6.7731336E-02
  -13.59000      6.6776097E-02
  -13.58000      6.5371893E-02
  -13.57000      6.3552722E-02
  -13.56000      6.1352842E-02
  -13.55000      5.8816712E-02
  -13.54000      5.5985913E-02
  -13.53000      5.2917659E-02
  -13.52000      4.9653970E-02
  -13.51000      4.6257343E-02
  -13.50000      4.2775135E-02
  -13.49000      3.9252363E-02
  -13.48000      3.5747048E-02
  -13.47000      3.2288872E-02
  -13.46000      2.8930355E-02
  -13.45000      2.5696322E-02
  -13.44000      2.2617901E-02
  -13.43000      1.9719284E-02
  -13.42000      1.7019635E-02
  -13.41000      1.4527490E-02
  -13.40000      1.2261147E-02
  -13.39000      1.0214290E-02
  -13.38000      8.3970120E-03
  -13.37000      6.8005510E-03
  -13.36000      5.4166750E-03
  -13.35000      4.2383303E-03
  -13.34000      3.2465064E-03
  -13.33000      2.4308856E-03
  -13.32000      1.7710016E-03
  -13.31000      1.2510814E-03
  -13.30000      8.5190067E-04
  -13.29000      5.5669405E-04
  -13.28000      3.4791403E-04
  -13.27000      2.1018591E-04
  -13.26000      1.2799662E-04
  -13.25000      8.8460525E-05
  -13.24000      7.9630830E-05
  -13.23000      9.1505543E-05
  -13.22000      1.1559152E-04
  -13.21000      1.4524927E-04
  -13.20000      1.7524071E-04
  -13.19000      2.0186392E-04
  -13.18000      2.2265539E-04
  -13.17000      2.3628015E-04
  -13.16000      2.4229121E-04
  -13.15000      2.4099021E-04
  -13.14000      2.3315984E-04
  -13.13000      2.2002733E-04
  -13.12000      2.0297988E-04
  -13.11000      1.8350422E-04
  -13.10000      1.6301649E-04
  -13.09000      1.4289567E-04
  -13.08000      1.2419336E-04
  -13.07000      1.0783997E-04
  -13.06000      9.4435738E-05
  -13.05000      8.4348896E-05
  -13.04000      7.7755969E-05
  -13.03000      7.4591109E-05
  -13.02000      7.4678042E-05
  -13.01000      7.7722521E-05
  -13.00000      8.3405372E-05
  -12.99000      9.1366448E-05
  -12.98000      1.0129589E-04
  -12.97000      1.1298489E-04
  -12.96000      1.2622344E-04
  -12.95000      1.4105446E-04
  -12.94000      1.5751057E-04
  -12.93000      1.7582256E-04
  -12.92000      1.9627798E-04
  -12.91000      2.1927086E-04
  -12.90000      2.4514203E-04
  -12.89000      2.7444286E-04
  -12.88000      3.0740924E-04
  -12.87000      3.4457535E-04
  -12.86000      3.8600224E-04
  -12.85000      4.3183286E-04
  -12.84000      4.8209674E-04
  -12.83000      5.3638534E-04
  -12.82000      5.9456326E-04
  -12.81000      6.5577222E-04
  -12.80000      7.1941596E-04
  -12.79000      7.8448106E-04
  -12.78000      8.5008179E-04
  -12.77000      9.1488520E-04
  -12.76000      9.7786111E-04
  -12.75000      1.0374851E-03
  -12.74000      1.0927898E-03
  -12.73000      1.1423409E-03
  -12.72000      1.1850800E-03
  -12.71000      1.2200171E-03
  -12.70000      1.2462381E-03
  -12.69000      1.2631800E-03
  -12.68000      1.2704618E-03
  -12.67000      1.2678039E-03
  -12.66000      1.2553843E-03
  -12.65000      1.2334401E-03
  -12.64000      1.2025161E-03
  -12.63000      1.1632884E-03
  -12.62000      1.1166884E-03
  -12.61000      1.0636211E-03
  -12.60000      1.0052881E-03
  -12.59000      9.4286521E-04
  -12.58000      8.7744120E-04
  -12.57000      8.1042387E-04
  -12.56000      7.4278604E-04
  -12.55000      6.7579502E-04
  -12.54000      6.1034481E-04
  -12.53000      5.4724136E-04
  -12.52000      4.8745447E-04
  -12.51000      4.3127261E-04
  -12.50000      3.7935915E-04
  -12.49000      3.3189726E-04
  -12.48000      2.8905566E-04
  -12.47000      2.5095142E-04
  -12.46000      2.1743635E-04
  -12.45000      1.8829410E-04
  -12.44000      1.6333163E-04
  -12.43000      1.4213317E-04
  -12.42000      1.2437225E-04
  -12.41000      1.0959341E-04
  -12.40000      9.7349766E-05
  -12.39000      8.7254979E-05
  -12.38000      7.8866498E-05
  -12.37000      7.1853021E-05
  -12.36000      6.5862449E-05
  -12.35000      6.0625709E-05
  -12.34000      5.5904737E-05
  -12.33000      5.1527259E-05
  -12.32000      4.7349888E-05
  -12.31000      4.3293163E-05
  -12.30000      3.9286948E-05
  -12.29000      3.5321253E-05
  -12.28000      3.1399431E-05
  -12.27000      2.7534634E-05
  -12.26000      2.3778503E-05
  -12.25000      2.0151434E-05
  -12.24000      1.6721035E-05
  -12.23000      1.3523903E-05
  -12.22000      1.0613860E-05
  -12.21000      8.0310729E-06
  -12.20000      5.8273140E-06
  -12.19000      4.0368700E-06
  -12.18000      2.7164467E-06
  -12.17000      1.9103243E-06
  -12.16000      1.6791479E-06
  -12.15000      2.0803027E-06
  -12.14000      3.1873863E-06
  -12.13000      5.0841863E-06
  -12.12000      7.8570711E-06
  -12.11000      1.1618742E-05
  -12.10000      1.6462534E-05
  -12.09000      2.2515962E-05
  -12.08000      2.9892415E-05
  -12.07000      3.8704704E-05
  -12.06000      4.9088008E-05
  -12.05000      6.1103383E-05
  -12.04000      7.4872973E-05
  -12.03000      9.0448324E-05
  -12.02000      1.0788200E-04
  -12.01000      1.2725034E-04
  -12.00000      1.4850486E-04
  -11.99000      1.7167853E-04
  -11.98000      1.9676649E-04
  -11.97000      2.2369440E-04
  -11.96000      2.5249334E-04
  -11.95000      2.8302803E-04
  -11.94000      3.1524553E-04
  -11.93000      3.4918528E-04
  -11.92000      3.8462391E-04
  -11.91000      4.2162885E-04
  -11.90000      4.5998499E-04
  -11.89000      4.9965776E-04
  -11.88000      5.4062135E-04
  -11.87000      5.8263610E-04
  -11.86000      6.2572554E-04
  -11.85000      6.6959416E-04
  -11.84000      7.1417051E-04
  -11.83000      7.5921766E-04
  -11.82000      8.0451556E-04
  -11.81000      8.4965583E-04
  -11.80000      8.9450571E-04
  -11.79000      9.3836820E-04
  -11.78000      9.8099757E-04
  -11.77000      1.0217733E-03
  -11.76000      1.0600587E-03
  -11.75000      1.0953816E-03
  -11.74000      1.1269696E-03
  -11.73000      1.1543253E-03
  -11.72000      1.1766929E-03
  -11.71000      1.1934446E-03
  -11.70000      1.2040957E-03
  -11.69000      1.2080531E-03
  -11.68000      1.2048249E-03
  -11.67000      1.1940520E-03
  -11.66000      1.1754845E-03
  -11.65000      1.1489697E-03
  -11.64000      1.1145966E-03
  -11.63000      1.0725074E-03
  -11.62000      1.0230396E-03
  -11.61000      9.6701726E-04
  -11.60000      9.0486073E-04
  -11.59000      8.3772064E-04
  -11.58000      7.6650718E-04
  -11.57000      6.9249986E-04
  -11.56000      6.1695022E-04
  -11.55000      5.4116186E-04
  -11.54000      4.6642419E-04
  -11.53000      3.9428708E-04
  -11.52000      3.2585801E-04
  -11.51000      2.6248055E-04
  -11.50000      2.0517247E-04
  -11.49000      1.5474153E-04
  -11.48000      1.1210074E-04
  -11.47000      7.7538425E-05
  -11.46000      5.1407285E-05
  -11.45000      3.3641849E-05
  -11.44000      2.4016765E-05
  -11.43000      2.2071330E-05
  -11.42000      2.7151986E-05
  -11.41000      3.8394624E-05
  -11.40000      5.4825578E-05
  -11.39000      7.5328368E-05
  -11.38000      9.8712895E-05
  -11.37000      1.2376432E-04
  -11.36000      1.4930527E-04
  -11.35000      1.7409178E-04
  -11.34000      1.9714412E-04
  -11.33000      2.1742360E-04
  -11.32000      2.3433613E-04
  -11.31000      2.4729699E-04
  -11.30000      2.5592218E-04
  -11.29000      2.6005198E-04
  -11.28000      2.5974624E-04
  -11.27000      2.5522921E-04
  -11.26000      2.4688165E-04
  -11.25000      2.3523884E-04
  -11.24000      2.2092540E-04
  -11.23000      2.0461077E-04
  -11.22000      1.8705650E-04
  -11.21000      1.6886235E-04
  -11.20000      1.5075026E-04
  -11.19000      1.3323440E-04
  -11.18000      1.1679585E-04
  -11.17000      1.0174380E-04
  -11.16000      8.8332352E-05
  -11.15000      7.6649107E-05
  -11.14000      6.6785520E-05
  -11.13000      5.8660888E-05
  -11.12000      5.2273957E-05
  -11.11000      4.7600995E-05
  -11.10000      4.4727683E-05
  -11.09000      4.3881679E-05
  -11.08000      4.5480876E-05
  -11.07000      5.0225826E-05
  -11.06000      5.9097689E-05
  -11.05000      7.3436371E-05
  -11.04000      9.4970914E-05
  -11.03000      1.2572313E-04
  -11.02000      1.6831132E-04
  -11.01000      2.2530892E-04
  -11.00000      3.0000680E-04
  -10.99000      3.9561177E-04
  -10.98000      5.1542302E-04
  -10.97000      6.6318782E-04
  -10.96000      8.4146904E-04
  -10.95000      1.0536320E-03
  -10.94000      1.3017606E-03
  -10.93000      1.5873534E-03
  -10.92000      1.9120731E-03
  -10.91000      2.2746038E-03
  -10.90000      2.6752704E-03
  -10.89000      3.1109843E-03
  -10.88000      3.5786021E-03
  -10.87000      4.0736510E-03
  -10.86000      4.5893826E-03
  -10.85000      5.1183924E-03
  -10.84000      5.6539844E-03
  -10.83000      6.1843791E-03
  -10.82000      6.7015910E-03
  -10.81000      7.1933176E-03
  -10.80000      7.6486645E-03
  -10.79000      8.0586020E-03
  -10.78000      8.4103439E-03
  -10.77000      8.6956657E-03
  -10.76000      8.9045102E-03
  -10.75000      9.0300180E-03
  -10.74000      9.0655452E-03
  -10.73000      9.0067005E-03
  -10.72000      8.8517787E-03
  -10.71000      8.6003048E-03
  -10.70000      8.2559390E-03
  -10.69000      7.8229699E-03
  -10.68000      7.3101008E-03
  -10.67000      6.7287027E-03
  -10.66000      6.0898396E-03
  -10.65000      5.4115257E-03
  -10.64000      4.7058836E-03
  -10.63000      3.9942889E-03
  -10.62000      3.2927976E-03
  -10.61000      2.6209257E-03
  -10.60000      1.9953148E-03
  -10.59000      1.4347133E-03
  -10.58000      9.5208560E-04
  -10.57000      5.6374224E-04
  -10.56000      2.7903184E-04
  -10.55000      1.0713057E-04
  -10.54000      5.2164407E-05
  -10.53000      1.1536331E-04
  -10.52000      2.9415087E-04
  -10.51000      5.8176630E-04
  -10.50000      9.6969772E-04
  -10.49000      1.4425222E-03
  -10.48000      1.9852084E-03
  -10.47000      2.5773544E-03
  -10.46000      3.1974190E-03
  -10.45000      3.8234480E-03
  -10.44000      4.4285133E-03
  -10.43000      4.9909968E-03
  -10.42000      5.4864762E-03
  -10.41000      5.8946558E-03
  -10.40000      6.1977557E-03
  -10.39000      6.3801608E-03
  -10.38000      6.4319684E-03
  -10.37000      6.3479417E-03
  -10.36000      6.1274190E-03
  -10.35000      5.7755457E-03
  -10.34000      5.3037601E-03
  -10.33000      4.7296179E-03
  -10.32000      4.0743914E-03
  -10.31000      3.3689486E-03
  -10.30000      2.6445247E-03
  -10.29000      1.9412880E-03
  -10.28000      1.3000652E-03
  -10.27000      7.6385174E-04
  -10.26000      3.7886240E-04
  -10.25000      1.8944977E-04
  -10.24000      2.3966086E-04
  -10.23000      5.7096488E-04
  -10.22000      1.2200401E-03
  -10.21000      2.2215904E-03
  -10.20000      3.5984751E-03
  -10.19000      5.3755878E-03
  -10.18000      7.5556422E-03
  -10.17000      1.0149018E-02
  -10.16000      1.3143823E-02
  -10.15000      1.6517518E-02
  -10.14000      2.0256132E-02
  -10.13000      2.4305601E-02
  -10.12000      2.8644087E-02
  -10.11000      3.3200897E-02
  -10.10000      3.7921671E-02
  -10.09000      4.2745821E-02
  -10.08000      4.7610607E-02
  -10.07000      5.2427895E-02
  -10.06000      5.7138808E-02
  -10.05000      6.1644800E-02
  -10.04000      6.5890215E-02
  -10.03000      6.9793902E-02
  -10.02000      7.3285595E-02
  -10.01000      7.6310791E-02
  -10.00000      7.8803957E-02
  -9.990000      8.0742657E-02
  -9.980000      8.2085393E-02
  -9.970000      8.2808398E-02
  -9.960000      8.2904316E-02
  -9.950000      8.2375534E-02
  -9.940000      8.1232645E-02
  -9.930000      7.9505481E-02
  -9.920000      7.7220961E-02
  -9.910000      7.4425206E-02
  -9.900000      7.1172260E-02
  -9.890000      6.7515895E-02
  -9.880000      6.3521080E-02
  -9.870000      5.9252884E-02
  -9.860000      5.4781999E-02
  -9.850000      5.0180122E-02
  -9.840000      4.5515358E-02
  -9.830000      4.0856738E-02
  -9.820000      3.6268100E-02
  -9.810000      3.1815086E-02
  -9.800000      2.7549090E-02
  -9.790000      2.3519222E-02
  -9.780000      1.9767258E-02
  -9.770000      1.6327299E-02
  -9.760000      1.3223438E-02
  -9.750000      1.0472516E-02
  -9.740000      8.0818841E-03
  -9.730000      6.0510333E-03
  -9.720000      4.3706144E-03
  -9.710000      3.0259623E-03
  -9.700000      1.9949265E-03
  -9.690000      1.2513859E-03
  -9.680000      7.6427736E-04
  -9.670000      5.0020113E-04
  -9.660000      4.2406743E-04
  -9.650000      5.0007325E-04
  -9.640000      6.9282373E-04
  -9.630000      9.6815825E-04
  -9.620000      1.2942373E-03
  -9.610000      1.6418460E-03
  -9.600000      1.9854463E-03
  -9.590000      2.3031132E-03
  -9.580000      2.5774143E-03
  -9.570000      2.7949531E-03
  -9.560000      2.9468981E-03
  -9.550000      3.0283891E-03
  -9.540000      3.0386667E-03
  -9.530000      2.9802721E-03
  -9.520000      2.8589880E-03
  -9.510000      2.6829231E-03
  -9.500000      2.4619987E-03
  -9.490000      2.2074487E-03
  -9.480000      1.9308528E-03
  -9.470000      1.6441534E-03
  -9.460000      1.3586975E-03
  -9.450000      1.0846603E-03
  -9.440000      8.3109119E-04
  -9.430000      6.0531020E-04
  -9.420000      4.1293135E-04
  -9.410000      2.5743752E-04
  -9.400000      1.4067233E-04
  -9.390000      6.2342449E-05
  -9.380000      2.0591438E-05
  -9.370000      1.2018845E-05
  -9.360000      3.2008040E-05
  -9.350000      7.5066855E-05
  -9.340000      1.3511525E-04
  -9.330000      2.0584108E-04
  -9.320000      2.8110988E-04
  -9.310000      3.5529849E-04
  -9.300000      4.2346076E-04
  -9.290000      4.8171703E-04
  -9.280000      5.2730006E-04
  -9.270000      5.5876205E-04
  -9.260000      5.7597383E-04
  -9.250000      5.8011332E-04
  -9.240000      5.7355314E-04
  -9.230000      5.5978063E-04
  -9.220000      5.4307090E-04
  -9.210000      5.2837160E-04
  -9.200000      5.2099966E-04
  -9.190000      5.2630925E-04
  -9.180000      5.4946140E-04
  -9.170000      5.9509760E-04
  -9.160000      6.6711247E-04
  -9.150000      7.6838135E-04
  -9.140000      9.0059958E-04
  -9.130000      1.0641061E-03
  -9.120000      1.2578431E-03
  -9.110000      1.4793315E-03
  -9.100000      1.7246944E-03
  -9.090000      1.9886952E-03
  -9.080000      2.2651979E-03
  -9.070000      2.5470338E-03
  -9.060000      2.8264297E-03
  -9.050000      3.0953232E-03
  -9.040000      3.3457738E-03
  -9.030000      3.5697166E-03
  -9.020000      3.7601804E-03
  -9.010000      3.9105210E-03
  -9.000000      4.0157465E-03
  -8.990000      4.0718010E-03
  -8.980000      4.0760450E-03
  -8.970000      4.0276605E-03
  -8.960000      3.9271968E-03
  -8.950000      3.7772888E-03
  -8.940000      3.5816478E-03
  -8.930000      3.3456690E-03
  -8.920000      3.0760649E-03
  -8.910000      2.7805429E-03
  -8.900000      2.4676356E-03
  -8.890000      2.1462261E-03
  -8.880000      1.8256342E-03
  -8.870000      1.5145998E-03
  -8.860000      1.2216233E-03
  -8.850000      9.5425063E-04
  -8.840000      7.1913109E-04
  -8.830000      5.2134722E-04
  -8.820000      3.6465083E-04
  -8.810000      2.5121681E-04
  -8.800000      1.8161366E-04
  -8.790000      1.5484165E-04
  -8.780000      1.6834328E-04
  -8.770000      2.1821490E-04
  -8.760000      2.9931497E-04
  -8.750000      4.0562497E-04
  -8.740000      5.3026702E-04
  -8.730000      6.6606264E-04
  -8.720000      8.0556411E-04
  -8.710000      9.4159693E-04
  -8.700000      1.0673254E-03
  -8.690000      1.1766223E-03
  -8.680000      1.2642810E-03
  -8.670000      1.3263731E-03
  -8.660000      1.3600639E-03
  -8.650000      1.3639505E-03
  -8.640000      1.3380480E-03
  -8.630000      1.2837098E-03
  -8.620000      1.2035308E-03
  -8.610000      1.1012215E-03
  -8.600000      9.8152016E-04
  -8.590000      8.4968889E-04
  -8.580000      7.1160839E-04
  -8.570000      5.7325495E-04
  -8.560000      4.4050100E-04
  -8.550000      3.1899009E-04
  -8.540000      2.1367396E-04
  -8.530000      1.2878221E-04
  -8.520000      6.7502318E-05
  -8.510000      3.1959400E-05
  -8.500000      2.3095810E-05
  -8.490000      4.0599436E-05
  -8.480000      8.2935214E-05
  -8.470000      1.4740282E-04
  -8.460000      2.3034452E-04
  -8.450000      3.2715386E-04
  -8.440000      4.3269218E-04
  -8.430000      5.4133928E-04
  -8.420000      6.4745569E-04
  -8.410000      7.4547151E-04
  -8.400000      8.3030574E-04
  -8.390000      8.9750666E-04
  -8.380000      9.4358105E-04
  -8.370000      9.6611172E-04
  -8.360000      9.6380193E-04
  -8.350000      9.3682762E-04
  -8.340000      8.8659418E-04
  -8.330000      8.1581168E-04
  -8.320000      7.2844996E-04
  -8.310000      6.2952866E-04
  -8.300000      5.2498590E-04
  -8.290000      4.2145775E-04
  -8.280000      3.2592297E-04
  -8.270000      2.4550428E-04
  -8.260000      1.8709173E-04
  -8.250000      1.5709747E-04
  -8.240000      1.6105533E-04
  -8.230000      2.0346539E-04
  -8.220000      2.8743115E-04
  -8.210000      4.1457207E-04
  -8.200000      5.8473361E-04
  -8.190000      7.9621654E-04
  -8.180000      1.0455817E-03
  -8.170000      1.3276308E-03
  -8.160000      1.6358453E-03
  -8.150000      1.9623556E-03
  -8.140000      2.2982040E-03
  -8.130000      2.6340401E-03
  -8.120000      2.9595827E-03
  -8.110000      3.2651399E-03
  -8.100000      3.5408253E-03
  -8.090000      3.7778609E-03
  -8.080000      3.9681424E-03
  -8.070000      4.1050003E-03
  -8.060000      4.1835657E-03
  -8.050000      4.2004092E-03
  -8.040000      4.1545280E-03
  -8.030000      4.0465863E-03
  -8.020000      3.8794670E-03
  -8.010000      3.6582574E-03
  -8.000000      3.3898179E-03
  -7.990000      3.0823152E-03
  -7.980000      2.7456589E-03
  -7.970000      2.3905970E-03
  -7.960000      2.0284001E-03
  -7.950000      1.6705802E-03
  -7.940000      1.3283752E-03
  -7.930000      1.0123702E-03
  -7.920000      7.3199190E-04
  -7.910000      4.9545837E-04
  -7.900000      3.0914048E-04
  -7.890000      1.7770811E-04
  -7.880000      1.0363208E-04
  -7.870000      8.7393331E-05
  -7.860000      1.2727678E-04
  -7.850000      2.1952570E-04
  -7.840000      3.5865017E-04
  -7.830000      5.3729786E-04
  -7.820000      7.4679311E-04
  -7.810000      9.7740430E-04
  -7.800000      1.2188549E-03
  -7.790000      1.4602868E-03
  -7.780000      1.6914918E-03
  -7.770000      1.9024127E-03
  -7.760000      2.0842606E-03
  -7.750000      2.2294719E-03
  -7.740000      2.3321342E-03
  -7.730000      2.3882198E-03
  -7.720000      2.3957314E-03
  -7.710000      2.3546296E-03
  -7.700000      2.2669109E-03
  -7.690000      2.1365480E-03
  -7.680000      1.9690802E-03
  -7.670000      1.7717442E-03
  -7.660000      1.5526214E-03
  -7.650000      1.3208671E-03
  -7.640000      1.0858972E-03
  -7.630000      8.5717154E-04
  -7.620000      6.4377481E-04
  -7.610000      4.5397706E-04
  -7.600000      2.9495865E-04
  -7.590000      1.7235956E-04
  -7.580000      9.0226145E-05
  -7.570000      5.0601222E-05
  -7.560000      5.3611791E-05
  -7.550000      9.7416625E-05
  -7.540000      1.7823647E-04
  -7.530000      2.9060614E-04
  -7.520000      4.2757741E-04
  -7.510000      5.8122177E-04
  -7.500000      7.4280088E-04
  -7.490000      9.0337871E-04
  -7.480000      1.0541087E-03
  -7.470000      1.1868482E-03
  -7.460000      1.2945030E-03
  -7.450000      1.3713954E-03
  -7.440000      1.4136324E-03
  -7.430000      1.4194577E-03
  -7.420000      1.3891258E-03
  -7.410000      1.3254462E-03
  -7.400000      1.2333222E-03
  -7.390000      1.1200315E-03
  -7.380000      9.9470641E-04
  -7.370000      8.6811074E-04
  -7.360000      7.5232645E-04
  -7.350000      6.6004670E-04
  -7.340000      6.0434296E-04
  -7.330000      5.9768307E-04
  -7.320000      6.5174227E-04
  -7.310000      7.7638618E-04
  -7.300000      9.7952341E-04
  -7.290000      1.2663808E-03
  -7.280000      1.6392707E-03
  -7.270000      2.0971890E-03
  -7.260000      2.6358739E-03
  -7.250000      3.2474087E-03
  -7.240000      3.9209737E-03
  -7.230000      4.6419017E-03
  -7.220000      5.3938041E-03
  -7.210000      6.1572697E-03
  -7.200000      6.9116252E-03
  -7.190000      7.6346332E-03
  -7.180000      8.3044078E-03
  -7.170000      8.8988142E-03
  -7.160000      9.3976120E-03
  -7.150000      9.7829020E-03
  -7.140000      1.0038929E-02
  -7.130000      1.0154242E-02
  -7.120000      1.0121396E-02
  -7.110000      9.9379774E-03
  -7.100000      9.6062506E-03
  -7.090000      9.1335122E-03
  -7.080000      8.5327700E-03
  -7.070000      7.8211045E-03
  -7.060000      7.0198160E-03
  -7.050000      6.1539272E-03
  -7.040000      5.2517741E-03
  -7.030000      4.3430901E-03
  -7.020000      3.4581579E-03
  -7.010000      2.6278952E-03
  -7.000000      1.8815172E-03
  -6.990000      1.2466252E-03
  -6.980000      7.4715418E-04
  -6.970000      4.0307723E-04
  -6.960000      2.2931502E-04
  -6.950000      2.3530667E-04
  -6.940000      4.2410518E-04
  -6.930000      7.9248613E-04
  -6.920000      1.3303759E-03
  -6.910000      2.0214014E-03
  -6.900000      2.8426799E-03
  -6.890000      3.7667640E-03
  -6.880000      4.7606104E-03
  -6.870000      5.7889288E-03
  -6.860000      6.8132109E-03
  -6.850000      7.7944594E-03
  -6.840000      8.6942185E-03
  -6.830000      9.4768368E-03
  -6.820000      1.0109107E-02
  -6.810000      1.0563630E-02
  -6.800000      1.0818233E-02
  -6.790000      1.0858448E-02
  -6.780000      1.0677568E-02
  -6.770000      1.0277319E-02
  -6.760000      9.6687786E-03
  -6.750000      8.8714985E-03
  -6.740000      7.9149259E-03
  -6.730000      6.8366630E-03
  -6.720000      5.6820232E-03
  -6.710000      4.5034620E-03
  -6.700000      3.3592957E-03
  -6.690000      2.3115478E-03
  -6.680000      1.4249585E-03
  -6.670000      7.6435826E-04
  -6.660000      3.9334912E-04
  -6.650000      3.7177789E-04
  -6.640000      7.5428310E-04
  -6.630000      1.5878191E-03
  -6.620000      2.9118869E-03
  -6.610000      4.7539715E-03
  -6.600000      7.1326788E-03
  -6.590000      1.0052379E-02
  -6.580000      1.3508160E-02
  -6.570000      1.7482206E-02
  -6.560000      2.1940777E-02
  -6.550000      2.6840741E-02
  -6.540000      3.2130409E-02
  -6.530000      3.7742369E-02
  -6.520000      4.3605402E-02
  -6.510000      4.9632955E-02
  -6.500000      5.5741124E-02
  -6.490000      6.1833140E-02
  -6.480000      6.7819841E-02
  -6.470000      7.3602937E-02
  -6.460000      7.9090379E-02
  -6.450000      8.4200092E-02
  -6.440000      8.8847287E-02
  -6.430000      9.2963204E-02
  -6.420000      9.6485943E-02
  -6.410000      9.9366978E-02
  -6.400000      0.1015705    
  -6.390000      0.1030736    
  -6.380000      0.1038645    
  -6.370000      0.1039414    
  -6.360000      0.1033242    
  -6.350000      0.1020323    
  -6.340000      0.1001016    
  -6.330000      9.7573109E-02
  -6.320000      9.4499789E-02
  -6.310000      9.0936758E-02
  -6.300000      8.6945981E-02
  -6.290000      8.2595550E-02
  -6.280000      7.7950120E-02
  -6.270000      7.3081262E-02
  -6.260000      6.8062358E-02
  -6.250000      6.2956803E-02
  -6.240000      5.7833966E-02
  -6.230000      5.2752972E-02
  -6.220000      4.7773317E-02
  -6.210000      4.2946480E-02
  -6.200000      3.8317963E-02
  -6.190000      3.3923183E-02
  -6.180000      2.9794754E-02
  -6.170000      2.5953932E-02
  -6.160000      2.2416968E-02
  -6.150000      1.9190257E-02
  -6.140000      1.6276779E-02
  -6.130000      1.3672775E-02
  -6.120000      1.1368895E-02
  -6.110000      9.3519734E-03
  -6.100000      7.6059420E-03
  -6.090000      6.1107464E-03
  -6.080000      4.8463410E-03
  -6.070000      3.7911639E-03
  -6.060000      2.9228707E-03
  -6.050000      2.2189210E-03
  -6.040000      1.6582321E-03
  -6.030000      1.2200618E-03
  -6.020000      8.8527676E-04
  -6.010000      6.3612597E-04
  -6.000000      4.5655255E-04
  -5.990000      3.3232564E-04
  -5.980000      2.5091958E-04
  -5.970000      2.0170289E-04
  -5.960000      1.7570582E-04
  -5.950000      1.6555993E-04
  -5.940000      1.6535781E-04
  -5.930000      1.7047825E-04
  -5.920000      1.7744501E-04
  -5.910000      1.8374428E-04
  -5.900000      1.8766845E-04
  -5.890000      1.8816700E-04
  -5.880000      1.8473651E-04
  -5.870000      1.7730817E-04
  -5.860000      1.6614902E-04
  -5.850000      1.5182528E-04
  -5.840000      1.3510087E-04
  -5.830000      1.1695096E-04
  -5.820000      9.8485281E-05
  -5.810000      8.0948725E-05
  -5.800000      6.5688379E-05
  -5.790000      5.4124699E-05
  -5.780000      4.7723897E-05
  -5.770000      4.7965397E-05
  -5.760000      5.6310117E-05
  -5.750000      7.4136209E-05
  -5.740000      1.0272630E-04
  -5.730000      1.4318344E-04
  -5.720000      1.9640067E-04
  -5.710000      2.6301725E-04
  -5.700000      3.4336891E-04
  -5.690000      4.3743342E-04
  -5.680000      5.4483738E-04
  -5.670000      6.6481601E-04
  -5.660000      7.9620653E-04
  -5.650000      9.3749206E-04
  -5.640000      1.0866940E-03
  -5.630000      1.2416573E-03
  -5.620000      1.3997862E-03
  -5.610000      1.5584973E-03
  -5.600000      1.7149680E-03
  -5.590000      1.8664001E-03
  -5.580000      2.0099075E-03
  -5.570000      2.1430883E-03
  -5.560000      2.2636298E-03
  -5.550000      2.3696166E-03
  -5.540000      2.4595722E-03
  -5.530000      2.5324109E-03
  -5.520000      2.5875617E-03
  -5.510000      2.6250295E-03
  -5.500000      2.6452863E-03
  -5.490000      2.6489953E-03
  -5.480000      2.6374029E-03
  -5.470000      2.6120469E-03
  -5.460000      2.5745379E-03
  -5.450000      2.5267550E-03
  -5.440000      2.4704244E-03
  -5.430000      2.4074607E-03
  -5.420000      2.3394413E-03
  -5.410000      2.2678960E-03
  -5.400000      2.1941368E-03
  -5.390000      2.1190625E-03
  -5.380000      2.0435022E-03
  -5.370000      1.9677661E-03
  -5.360000      1.8920907E-03
  -5.350000      1.8164038E-03
  -5.340000      1.7404113E-03
  -5.330000      1.6637620E-03
  -5.320000      1.5859208E-03
  -5.310000      1.5066169E-03
  -5.300000      1.4254003E-03
  -5.290000      1.3421552E-03
  -5.280000      1.2569126E-03
  -5.270000      1.1700180E-03
  -5.260000      1.0820327E-03
  -5.250000      9.9389954E-04
  -5.240000      9.0685475E-04
  -5.230000      8.2238321E-04
  -5.220000      7.4217789E-04
  -5.210000      6.6811626E-04
  -5.200000      6.0208788E-04
  -5.190000      5.4599147E-04
  -5.180000      5.0150539E-04
  -5.170000      4.7010600E-04
  -5.160000      4.5283671E-04
  -5.150000      4.5032968E-04
  -5.140000      4.6258754E-04
  -5.130000      4.8905809E-04
  -5.120000      5.2857224E-04
  -5.110000      5.7929172E-04
  -5.100000      6.3881156E-04
  -5.090000      7.0425001E-04
  -5.080000      7.7234808E-04
  -5.070000      8.3953305E-04
  -5.060000      9.0212456E-04
  -5.050000      9.5653342E-04
  -5.040000      9.9931622E-04
  -5.030000      1.0275270E-03
  -5.020000      1.0386641E-03
  -5.010000      1.0309620E-03
  -5.000000      1.0035094E-03
  -4.990000      9.5629040E-04
  -4.980000      8.9029601E-04
  -4.970000      8.0747466E-04
  -4.960000      7.1089162E-04
  -4.950000      6.0432352E-04
  -4.940000      4.9251784E-04
  -4.930000      3.8065307E-04
  -4.920000      2.7441178E-04
  -4.910000      1.7956094E-04
  -4.900000      1.0176357E-04
  -4.890000      4.6204052E-05
  -4.880000      1.7433147E-05
  -4.870000      1.9043942E-05
  -4.860000      5.3504875E-05
  -4.850000      1.2198019E-04
  -4.840000      2.2420585E-04
  -4.830000      3.5845948E-04
  -4.820000      5.2160025E-04
  -4.810000      7.0900802E-04
  -4.800000      9.1493217E-04
  -4.790000      1.1325179E-03
  -4.780000      1.3541202E-03
  -4.770000      1.5717717E-03
  -4.760000      1.7770726E-03
  -4.750000      1.9621106E-03
  -4.740000      2.1196215E-03
  -4.730000      2.2434981E-03
  -4.720000      2.3288545E-03
  -4.710000      2.3729820E-03
  -4.700000      2.3750076E-03
  -4.690000      2.3363873E-03
  -4.680000      2.2611255E-03
  -4.670000      2.1552094E-03
  -4.660000      2.0270220E-03
  -4.650000      1.8868787E-03
  -4.640000      1.7464077E-03
  -4.630000      1.6185293E-03
  -4.620000      1.5166556E-03
  -4.610000      1.4544107E-03
  -4.600000      1.4446265E-03
  -4.590000      1.4991399E-03
  -4.580000      1.6281175E-03
  -4.570000      1.8392607E-03
  -4.560000      2.1377041E-03
  -4.550000      2.5250583E-03
  -4.540000      2.9997628E-03
  -4.530000      3.5560601E-03
  -4.520000      4.1847248E-03
  -4.510000      4.8725284E-03
  -4.500000      5.6029130E-03
  -4.490000      6.3569746E-03
  -4.480000      7.1124523E-03
  -4.470000      7.8466171E-03
  -4.460000      8.5354699E-03
  -4.450000      9.1560436E-03
  -4.440000      9.6862176E-03
  -4.430000      1.0105487E-02
  -4.420000      1.0397478E-02
  -4.410000      1.0548283E-02
  -4.400000      1.0549189E-02
  -4.390000      1.0395405E-02
  -4.380000      1.0087727E-02
  -4.370000      9.6318107E-03
  -4.360000      9.0387911E-03
  -4.350000      8.3241975E-03
  -4.340000      7.5088786E-03
  -4.330000      6.6176932E-03
  -4.320000      5.6791669E-03
  -4.310000      4.7239405E-03
  -4.300000      3.7849105E-03
  -4.290000      2.8944525E-03
  -4.280000      2.0846245E-03
  -4.270000      1.3852018E-03
  -4.260000      8.2249631E-04
  -4.250000      4.1773226E-04
  -4.240000      1.8690333E-04
  -4.230000      1.3945314E-04
  -4.220000      2.7807936E-04
  -4.210000      5.9841288E-04
  -4.200000      1.0894968E-03
  -4.190000      1.7335283E-03
  -4.180000      2.5069434E-03
  -4.170000      3.3809289E-03
  -4.160000      4.3227538E-03
  -4.150000      5.2964236E-03
  -4.140000      6.2647806E-03
  -4.130000      7.1889395E-03
  -4.120000      8.0322148E-03
  -4.110000      8.7603498E-03
  -4.100000      9.3423855E-03
  -4.090000      9.7533576E-03
  -4.080000      9.9746734E-03
  -4.070000      9.9952137E-03
  -4.060000      9.8123848E-03
  -4.050000      9.4323559E-03
  -4.040000      8.8693528E-03
  -4.030000      8.1464304E-03
  -4.020000      7.2921505E-03
  -4.010000      6.3426369E-03
  -4.000000      5.3368234E-03
  -3.990000      4.3169553E-03
  -3.980000      3.3257774E-03
  -3.970000      2.4052381E-03
  -3.960000      1.5938032E-03
  -3.950000      9.2648010E-04
  -3.940000      4.3206726E-04
  -3.930000      1.3218877E-04
  -3.920000      4.0425468E-05
  -3.910000      1.6145913E-04
  -3.900000      4.9032341E-04
  -3.890000      1.0127571E-03
  -3.880000      1.7055449E-03
  -3.870000      2.5368757E-03
  -3.860000      3.4683668E-03
  -3.850000      4.4562365E-03
  -3.840000      5.4533225E-03
  -3.830000      6.4122765E-03
  -3.820000      7.2875051E-03
  -3.810000      8.0368659E-03
  -3.800000      8.6257150E-03
  -3.790000      9.0276003E-03
  -3.780000      9.2255697E-03
  -3.770000      9.2145987E-03
  -3.760000      9.0012830E-03
  -3.750000      8.6053098E-03
  -3.740000      8.0577284E-03
  -3.730000      7.4009304E-03
  -3.720000      6.6884174E-03
  -3.710000      5.9812195E-03
  -3.700000      5.3480915E-03
  -3.690000      4.8605260E-03
  -3.680000      4.5918282E-03
  -3.670000      4.6124682E-03
  -3.660000      4.9870615E-03
  -3.650000      5.7704295E-03
  -3.640000      7.0043290E-03
  -3.630000      8.7166354E-03
  -3.620000      1.0914005E-02
  -3.610000      1.3586681E-02
  -3.600000      1.6702015E-02
  -3.590000      2.0209441E-02
  -3.580000      2.4037682E-02
  -3.570000      2.8099574E-02
  -3.560000      3.2291632E-02
  -3.550000      3.6498733E-02
  -3.540000      4.0597759E-02
  -3.530000      4.4458821E-02
  -3.520000      4.7951251E-02
  -3.510000      5.0948787E-02
  -3.500000      5.3328652E-02
  -3.490000      5.4986496E-02
  -3.480000      5.5833094E-02
  -3.470000      5.5805724E-02
  -3.460000      5.4866329E-02
  -3.450000      5.3009402E-02
  -3.440000      5.0269477E-02
  -3.430000      4.6713293E-02
  -3.420000      4.2444300E-02
  -3.410000      3.7602141E-02
  -3.400000      3.2354098E-02
  -3.390000      2.6892139E-02
  -3.380000      2.1423031E-02
  -3.370000      1.6166637E-02
  -3.360000      1.1340286E-02
  -3.350000      7.1600494E-03
  -3.340000      3.8223027E-03
  -3.330000      1.5061647E-03
  -3.320000      3.5989587E-04
  -3.310000      4.9956219E-04
  -3.300000      1.9989812E-03
  -3.290000      4.8856600E-03
  -3.280000      9.1379918E-03
  -3.270000      1.4675700E-02
  -3.260000      2.1368502E-02
  -3.250000      2.9025527E-02
  -3.240000      3.7409227E-02
  -3.230000      4.6236854E-02
  -3.220000      5.5190448E-02
  -3.210000      6.3929997E-02
  -3.200000      7.2107136E-02
  -3.190000      7.9382844E-02
  -3.180000      8.5440591E-02
  -3.170000      8.9996688E-02
  -3.160000      9.2813373E-02
  -3.150000      9.3718715E-02
  -3.140000      9.2607938E-02
  -3.130000      8.9448430E-02
  -3.120000      8.4298953E-02
  -3.110000      7.7294625E-02
  -3.100000      6.8676129E-02
  -3.090000      5.8778260E-02
  -3.080000      4.8030756E-02
  -3.070000      3.6956046E-02
  -3.060000      2.6175030E-02
  -3.050000      1.6378568E-02
  -3.040000      8.3260303E-03
  -3.030000      2.8152231E-03
  -3.020000      6.6601275E-04
  -3.010000      2.6875928E-03
  -3.000000      9.6564321E-03
  -2.990000      2.2294778E-02
  -2.980000      4.1242812E-02
  -2.970000      6.7056164E-02
  -2.960000      0.1001596    
  -2.950000      0.1408913    
  -2.940000      0.1894258    
  -2.930000      0.2458654    
  -2.920000      0.3100785    
  -2.910000      0.3818569    
  -2.900000      0.4607725    
  -2.890000      0.5462251    
  -2.880000      0.6374546    
  -2.870000      0.7334073    
  -2.860000      0.8329445    
  -2.850000      0.9346408    
  -2.840000       1.037042    
  -2.830000       1.138560    
  -2.820000       1.237452    
  -2.810000       1.332173    
  -2.800000       1.421121    
  -2.790000       1.502921    
  -2.780000       1.576332    
  -2.770000       1.640323    
  -2.760000       1.694104    
  -2.750000       1.736989    
  -2.740000       1.768589    
  -2.730000       1.788525    
  -2.720000       1.796668    
  -2.710000       1.792883    
  -2.700000       1.777199    
  -2.690000       1.749670    
  -2.680000       1.710590    
  -2.670000       1.660305    
  -2.660000       1.599372    
  -2.650000       1.528638    
  -2.640000       1.448928    
  -2.630000       1.361644    
  -2.620000       1.268272    
  -2.610000       1.170391    
  -2.600000       1.069698    
  -2.590000      0.9679495    
  -2.580000      0.8668360    
  -2.570000      0.7678668    
  -2.560000      0.6723965    
  -2.550000      0.5815223    
  -2.540000      0.4961679    
  -2.530000      0.4170107    
  -2.520000      0.3445997    
  -2.510000      0.2792512    
  -2.500000      0.2211510    
  -2.490000      0.1704205    
  -2.480000      0.1269995    
  -2.470000      9.0719149E-02
  -2.460000      6.1308518E-02
  -2.450000      3.8390830E-02
  -2.440000      2.1483574E-02
  -2.430000      1.0004430E-02
  -2.420000      3.3030782E-03
  -2.410000      6.7403697E-04
  -2.400000      1.3863990E-03
  -2.390000      4.7120340E-03
  -2.380000      9.9502057E-03
  -2.370000      1.6452854E-02
  -2.360000      2.3631575E-02
  -2.350000      3.0978311E-02
  -2.340000      3.8053427E-02
  -2.330000      4.4490382E-02
  -2.320000      4.9997158E-02
  -2.310000      5.4355077E-02
  -2.300000      5.7410348E-02
  -2.290000      5.9088528E-02
  -2.280000      5.9386712E-02
  -2.270000      5.8371257E-02
  -2.260000      5.6113549E-02
  -2.250000      5.2722201E-02
  -2.240000      4.8442755E-02
  -2.230000      4.3538399E-02
  -2.220000      3.8237084E-02
  -2.210000      3.2769714E-02
  -2.200000      2.7321439E-02
  -2.190000      2.2048607E-02
  -2.180000      1.7123263E-02
  -2.170000      1.2706938E-02
  -2.160000      8.8733155E-03
  -2.150000      5.6921784E-03
  -2.140000      3.2388074E-03
  -2.130000      1.5109065E-03
  -2.120000      4.7682368E-04
  -2.110000      8.2276871E-05
  -2.100000      2.5997989E-04
  -2.090000      9.3039207E-04
  -2.080000      1.9861273E-03
  -2.070000      3.2722065E-03
  -2.060000      4.6133511E-03
  -2.050000      5.9723165E-03
  -2.040000      7.6102493E-03
  -2.030000      9.4774971E-03
  -2.020000      1.1022376E-02
  -2.010000      1.1874500E-02
  -2.000000      1.2042291E-02
  -1.990000      1.1564023E-02
  -1.980000      1.1265116E-02
  -1.970000      1.1307175E-02
  -1.960000      1.1137069E-02
  -1.950000      1.0840196E-02
  -1.940000      1.0255489E-02
  -1.930000      8.9943726E-03
  -1.920000      7.7644088E-03
  -1.910000      6.9460436E-03
  -1.900000      6.3027148E-03
  -1.890000      5.9676110E-03
  -1.880000      6.9280579E-03
  -1.870000      9.9187223E-03
  -1.860000      1.2269404E-02
  -1.850000      1.1349867E-02
  -1.840000      1.2902682E-02
  -1.830000      1.3748310E-02
  -1.820000      1.0175451E-02
  -1.810000      1.2666583E-02
  -1.800000      2.2724126E-02
  -1.790000      3.2823194E-02
  -1.780000      3.0619850E-02
  -1.770000      1.8377712E-02
  -1.760000      1.1037150E-02
  -1.750000      1.0190304E-02
  -1.740000      1.2607678E-02
  -1.730000      1.9593693E-02
  -1.720000      2.5845425E-02
  -1.710000      3.4822006E-02
  -1.700000      4.0857919E-02
  -1.690000      3.0378008E-02
  -1.680000      1.2739219E-02
  -1.670000      6.4285658E-03
  -1.660000      6.6863424E-03
  -1.650000      8.3113732E-03
  -1.640000      6.5804897E-03
  -1.630000      4.4602100E-03
  -1.620000      3.5514648E-03
  -1.610000      3.3321066E-03
  -1.600000      2.4989750E-03
  -1.590000      2.8645836E-03
  -1.580000      4.1081598E-03
  -1.570000      6.4233583E-03
  -1.560000      5.3036655E-03
  -1.550000      1.2431113E-03
  -1.540000      1.8573504E-04
  -1.530000      4.3260472E-04
  -1.520000      6.4904778E-04
  -1.510000      6.9798680E-04
  -1.500000      7.5921265E-04
  -1.490000      1.3183926E-03
  -1.480000      2.2313236E-03
  -1.470000      3.1010984E-03
  -1.460000      3.6524220E-03
  -1.450000      3.4626550E-03
  -1.440000      2.2381551E-03
  -1.430000      1.2441011E-03
  -1.420000      9.6207863E-04
  -1.410000      8.6347247E-04
  -1.400000      9.7679428E-04
  -1.390000      1.4494300E-03
  -1.380000      1.5537159E-03
  -1.370000      1.0150600E-03
  -1.360000      1.0139525E-03
  -1.350000      1.4276758E-03
  -1.340000      1.9269051E-03
  -1.330000      1.7702938E-03
  -1.320000      2.3612576E-03
  -1.310000      3.2935736E-03
  -1.300000      5.3184079E-03
  -1.290000      8.1710825E-03
  -1.280000      6.3685700E-03
  -1.270000      1.9812214E-03
  -1.260000      5.1005249E-04
  -1.250000      2.4814485E-04
  -1.240000      2.2114500E-04
  -1.230000      2.0314231E-04
  -1.220000      1.5381988E-04
  -1.210000      1.1748759E-04
  -1.200000      1.0016947E-04
  -1.190000      9.6334137E-05
  -1.180000      1.0047148E-04
  -1.170000      1.1052532E-04
  -1.160000      1.2562338E-04
  -1.150000      1.2090579E-04
  -1.140000      1.2823945E-04
  -1.130000      5.0812290E-05
  -1.120000     -4.1027146E-04
  -1.110000     -1.2593690E-04
  -1.100000      1.9237010E-02
  -1.090000      8.0570698E-02
  -1.080000      7.6702468E-02
  -1.070000      5.3920563E-02
  -1.060000      2.0138178E-02
  -1.050000      1.3087803E-03
  -1.040000      7.1886973E-04
  -1.030000      8.2355761E-04
  -1.020000      1.8037062E-03
  -1.010000      1.9795229E-03
  -1.000000      1.3037948E-03
 -0.9900000      2.4885195E-04
 -0.9800000      4.2971635E-05
 -0.9700000      3.8253752E-04
 -0.9600000      2.6161405E-03
 -0.9500000      4.3538399E-03
 -0.9400000      1.5561091E-03
 -0.9300000      3.5315074E-04
 -0.9200000      2.2813235E-04
 -0.9100000      3.2002616E-04
 -0.9000000      3.6992037E-04
 -0.8900000      2.0181516E-04
 -0.8800000      4.3725353E-04
 -0.8700000      6.3629576E-04
 -0.8600000      2.0621694E-04
 -0.8500000      1.5808160E-04
 -0.8400000      1.5701765E-04
 -0.8300000      1.5502855E-04
 -0.8200000      1.5165753E-04
 -0.8100000      1.0425833E-04
 -0.8000000      9.6787851E-05
 -0.7900000      9.5945383E-05
 -0.7800000      9.8260207E-05
 -0.7700000      9.5941832E-05
 -0.7600000      9.6584328E-05
 -0.7500000      1.0781005E-04
 -0.7400000      1.3196297E-04
 -0.7300000      1.5247446E-04
 -0.7200000      1.7933450E-04
 -0.7100000      5.0360508E-05
 -0.7000000      1.7138231E-05
 -0.6900000      9.2385717E-06
 -0.6800000      9.8375176E-06
 -0.6700000      2.0121519E-05
 -0.6600000      7.8823350E-06
 -0.6500000      5.3912859E-06
 -0.6400000      9.3042281E-06
 -0.6300000      8.7870885E-06
 -0.6200000      9.5322866E-06
 -0.6100000      1.2219428E-05
 -0.6000000      1.2452641E-05
 -0.5900000      3.0721239E-05
 -0.5800000      3.0788832E-04
 -0.5700000      4.2803871E-04
 -0.5600000      8.8233108E-05
 -0.5500000      4.5941659E-05
 -0.5400000      1.2844864E-04
 -0.5300000      3.0716523E-04
 -0.5200000      1.3465334E-04
 -0.5100000      6.3959196E-05
 -0.5000000      9.2354530E-05
 -0.4900000      3.1072652E-04
 -0.4800000      2.6657581E-04
 -0.4700000      8.1421444E-05
 -0.4600000      5.5354012E-05
 -0.4500000      5.1234263E-05
 -0.4400000      5.0054990E-05
 -0.4300000      5.2350777E-05
 -0.4200000      4.7500471E-05
 -0.4100000      3.2429747E-05
 -0.4000000      2.1590427E-05
 -0.3900000      1.5715303E-05
 -0.3800000      1.0851120E-05
 -0.3700000      6.7116916E-06
 -0.3600000      3.9019055E-06
 -0.3500000      8.0554100E-06
 -0.3400000      2.0635141E-05
 -0.3300000      7.1058298E-06
 -0.3200000      3.0809754E-06
 -0.3100000      6.2855315E-06
 -0.3000000      1.1046566E-05
 -0.2900000      1.6936248E-05
 -0.2800000      2.3946104E-05
 -0.2700000      3.2011016E-05
 -0.2600000      4.1046562E-05
 -0.2500000      5.0818937E-05
 -0.2400000      6.1119761E-05
 -0.2300000      7.1884278E-05
 -0.2200000      8.2605358E-05
 -0.2100000      9.2782771E-05
 -0.2000000      1.0249868E-04
 -0.1900000      1.1049445E-04
 -0.1800000      1.1597590E-04
 -0.1700000      1.1941708E-04
 -0.1600000      1.2045172E-04
 -0.1500000      1.1923660E-04
 -0.1400000      1.1673381E-04
 -0.1300000      1.1295440E-04
 -0.1200000      1.0816612E-04
 -0.1100000      1.0302881E-04
 -0.1000000      9.7737255E-05
 -9.0000004E-02  9.2512993E-05
 -7.9999998E-02  8.7651977E-05
 -7.0000000E-02  8.1956627E-05
 -5.9999999E-02  7.7619501E-05
 -5.0000001E-02  6.9235502E-05
 -3.9999999E-02  4.8350539E-05
 -2.9999999E-02  9.4223200E-05
 -2.0000000E-02  1.1968194E-03
 -9.9999998E-03  2.5353595E-03
  0.0000000E+00  6.1652629E-04
  9.9999998E-03  6.2983352E-05
  2.0000000E-02  5.6472611E-05
  2.9999999E-02  7.3467374E-05
  3.9999999E-02  7.8820114E-05
  5.0000001E-02  8.4622996E-05
  5.9999999E-02  1.1782753E-04
  7.0000000E-02  2.9067884E-04
  7.9999998E-02  3.3715373E-04
  9.0000004E-02  2.2318613E-04
  0.1000000      1.1976751E-04
  0.1100000      1.0098453E-04
  0.1200000      9.7471566E-05
  0.1300000      1.3007611E-04
  0.1400000      4.3693325E-04
  0.1500000      6.2005577E-04
  0.1600000      1.5880984E-04
  0.1700000      7.1986593E-05
  0.1800000      6.9846035E-05
  0.1900000      1.4675522E-04
  0.2000000      1.9518739E-04
  0.2100000      6.4970358E-05
  0.2200000      3.0736766E-05
  0.2300000      2.4265670E-05
  0.2400000      7.9112273E-05
  0.2500000      1.1744393E-04
  0.2600000      1.8034776E-05
  0.2700000      3.7433533E-06
  0.2800000      1.9142506E-05
  0.2900000      2.8938803E-05
  0.3000000      2.1500917E-05
  0.3100000      2.4511002E-05
  0.3200000      5.9348480E-05
  0.3300000      7.4194664E-05
  0.3400000      6.7020941E-05
  0.3500000      9.1675131E-05
  0.3600000      2.4391865E-04
  0.3700000      1.9143986E-04
  0.3800000      1.2339131E-04
  0.3900000      1.3778549E-04
  0.4000000      1.6767619E-04
  0.4100000      1.7021800E-04
  0.4200000      2.2476930E-04
  0.4300000      2.6719130E-04
  0.4400000      2.0148979E-04
  0.4500000      2.2222458E-04
  0.4600000      2.1973911E-04
  0.4700000      2.0431577E-04
  0.4800000      2.2584775E-04
  0.4900000      2.0025106E-04
  0.5000000      1.8845979E-04
  0.5100000      1.8285365E-04
  0.5200000      1.4431722E-04
  0.5300000      1.5783487E-04
  0.5400000      1.2197610E-04
  0.5500000      3.5643973E-04
  0.5600000      1.1670707E-03
  0.5700000      3.6430985E-04
  0.5800000      3.1282302E-04
  0.5900000      4.5275636E-04
  0.6000000      1.6227640E-04
  0.6100000      2.5819524E-04
  0.6200000      5.7145758E-03
  0.6300000      1.1799877E-02
  0.6400000      2.4568548E-03
  0.6500000      4.2739813E-04
  0.6600000      9.8425499E-04
  0.6700000      2.1360675E-03
  0.6800000      1.4568183E-03
  0.6900000      1.1251946E-03
  0.7000000      9.2740013E-04
  0.7100000      1.0020947E-03
  0.7200000      1.1933312E-03
  0.7300000      3.0456886E-03
  0.7400000      8.8390056E-03
  0.7500000      1.3227805E-02
  0.7600000      1.3916809E-02
  0.7700000      8.0241282E-03
  0.7800000      6.5755495E-03
  0.7900000      6.2800809E-03
  0.8000000      6.4037996E-03
  0.8100000      6.2401867E-03
  0.8200000      6.0986471E-03
  0.8300000      6.2723551E-03
  0.8400000      6.0686027E-03
  0.8500000      6.7179683E-03
  0.8600000      8.8250833E-03
  0.8700000      6.8896227E-03
  0.8800000      6.4818701E-03
  0.8900000      7.7594044E-03
  0.9000000      1.5285736E-02
  0.9100000      2.4076995E-02
  0.9200000      2.6459569E-02
  0.9300000      1.7745340E-02
  0.9400000      1.3085363E-02
  0.9500000      1.2976215E-02
  0.9600000      1.2210273E-02
  0.9700000      1.2232006E-02
  0.9800000      9.8723732E-03
  0.9900000      8.0731073E-03
   1.000000      8.1573138E-03
   1.010000      1.0565560E-02
   1.020000      1.0347334E-02
   1.030000      1.1842502E-02
   1.040000      1.0750177E-02
   1.050000      1.0653355E-02
   1.060000      1.1464419E-02
   1.070000      1.4163484E-02
   1.080000      1.4946242E-02
   1.090000      2.0148095E-02
   1.100000      5.9397980E-03
   1.110000      5.4185824E-03
   1.120000      1.6510490E-02
   1.130000      0.1763568    
   1.140000      0.2500550    
   1.150000      6.0309526E-02
   1.160000      0.1182320    
   1.170000      0.2826130    
   1.180000      8.9552201E-02
   1.190000      5.2095498E-03
   1.200000      3.6812192E-03
   1.210000      6.2282886E-03
   1.220000      5.4165935E-03
   1.230000      6.3132155E-03
   1.240000      1.0072074E-02
   1.250000      1.0408331E-02
   1.260000      6.7674094E-03
   1.270000      5.1326007E-03
   1.280000      5.8064605E-03
   1.290000      1.0453006E-02
   1.300000      1.5676824E-02
   1.310000      2.9215319E-02
   1.320000      5.3103641E-02
   1.330000      6.0394399E-02
   1.340000      3.2750666E-02
   1.350000      8.5820919E-03
   1.360000      3.7713519E-03
   1.370000      3.1693450E-03
   1.380000      5.0945599E-03
   1.390000      1.4910748E-02
   1.400000      3.1835366E-02
   1.410000      2.9165035E-02
   1.420000      1.1772080E-02
   1.430000      4.3352745E-03
   1.440000      3.1162752E-03
   1.450000      2.4787721E-03
   1.460000      2.0399753E-03
   1.470000      1.3812829E-03
   1.480000      7.0728891E-04
   1.490000      5.5822753E-04
   1.500000      7.4518914E-04
   1.510000      1.3725418E-03
   1.520000      2.2812614E-03
   1.530000      2.6098297E-03
   1.540000      1.8064674E-03
   1.550000      1.4434372E-03
   1.560000      1.2086922E-03
   1.570000      1.2823017E-03
   1.580000      1.4357498E-03
   1.590000      1.9948073E-03
   1.600000      3.1250403E-03
   1.610000      4.2209039E-03
   1.620000      3.9219973E-03
   1.630000      3.7101042E-03
   1.640000      4.8403307E-03
   1.650000      9.6755251E-03
   1.660000      1.7707592E-02
   1.670000      2.7774772E-02
   1.680000      3.9961457E-02
   1.690000      4.0929310E-02
   1.700000      2.3491571E-02
   1.710000      1.0436437E-02
   1.720000      7.3266751E-03
   1.730000      6.8642767E-03
   1.740000      7.4312501E-03
   1.750000      1.0207409E-02
   1.760000      2.1655586E-02
   1.770000      3.4866381E-02
   1.780000      3.3398081E-02
   1.790000      2.0082211E-02
   1.800000      1.1346541E-02
   1.810000      1.0354841E-02
   1.820000      1.3754575E-02
   1.830000      2.3461610E-02
   1.840000      3.3846207E-02
   1.850000      3.4123231E-02
   1.860000      2.5652658E-02
   1.870000      1.8136444E-02
   1.880000      1.6893817E-02
   1.890000      1.8181447E-02
   1.900000      1.9507926E-02
   1.910000      2.0816261E-02
   1.920000      2.2606062E-02
   1.930000      2.4403833E-02
   1.940000      2.2912651E-02
   1.950000      1.8918477E-02
   1.960000      1.5710790E-02
   1.970000      1.3922523E-02
   1.980000      1.2641705E-02
   1.990000      1.1449699E-02
   2.000000      1.0632281E-02
   2.010000      1.0162158E-02
   2.020000      8.8787870E-03
   2.030000      6.7261620E-03
   2.040000      4.7769644E-03
   2.050000      3.4139364E-03
   2.060000      2.4118389E-03
   2.070000      1.5788191E-03
   2.080000      8.9496910E-04
   2.090000      4.1071116E-04
   2.100000      1.6225265E-04
   2.110000      1.5023182E-04
   2.120000      3.6027274E-04
   2.130000      7.7269820E-04
   2.140000      1.3636709E-03
   2.150000      2.1041855E-03
   2.160000      2.9607185E-03
   2.170000      3.8976513E-03
   2.180000      4.8791356E-03
   2.190000      5.8619594E-03
   2.200000      6.7970399E-03
   2.210000      7.6479567E-03
   2.220000      8.3866818E-03
   2.230000      8.9853173E-03
   2.240000      9.4159832E-03
   2.250000      9.6566007E-03
   2.260000      9.6861254E-03
   2.270000      9.5001506E-03
   2.280000      9.1166701E-03
   2.290000      8.5592894E-03
   2.300000      7.8530200E-03
   2.310000      7.0300158E-03
   2.320000      6.1274944E-03
   2.330000      5.1849834E-03
   2.340000      4.2416616E-03
   2.350000      3.3367476E-03
   2.360000      2.5079390E-03
   2.370000      1.7904358E-03
   2.380000      1.2154855E-03
   2.390000      8.1053132E-04
   2.400000      5.9691456E-04
   2.410000      5.8885565E-04
   2.420000      7.9206645E-04
   2.430000      1.2028530E-03
   2.440000      1.8077778E-03
   2.450000      2.5840891E-03
   2.460000      3.5014695E-03
   2.470000      4.5229360E-03
   2.480000      5.6076250E-03
   2.490000      6.7126104E-03
   2.500000      7.7953031E-03
   2.510000      8.8143460E-03
   2.520000      9.7301649E-03
   2.530000      1.0507753E-02
   2.540000      1.1116789E-02
   2.550000      1.1531439E-02
   2.560000      1.1731968E-02
   2.570000      1.1706606E-02
   2.580000      1.1451638E-02
   2.590000      1.0972437E-02
   2.600000      1.0285418E-02
   2.610000      9.4144456E-03
   2.620000      8.3951624E-03
   2.630000      7.2696423E-03
   2.640000      6.0863621E-03
   2.650000      4.8951483E-03
   2.660000      3.7472942E-03
   2.670000      2.6902987E-03
   2.680000      1.7681145E-03
   2.690000      1.0176770E-03
   2.700000      4.6924929E-04
   2.710000      1.4526691E-04
   2.720000      5.8772421E-05
   2.730000      2.1405486E-04
   2.740000      6.0632557E-04
   2.750000      1.2216141E-03
   2.760000      2.0367040E-03
   2.770000      3.0204051E-03
   2.780000      4.1331756E-03
   2.790000      5.3301640E-03
   2.800000      6.5614311E-03
   2.810000      7.7749011E-03
   2.820000      8.9188861E-03
   2.830000      9.9455174E-03
   2.840000      1.0810705E-02
   2.850000      1.1478337E-02
   2.860000      1.1922210E-02
   2.870000      1.2124663E-02
   2.880000      1.2079446E-02
   2.890000      1.1789586E-02
   2.900000      1.1268648E-02
   2.910000      1.0539132E-02
   2.920000      9.6313581E-03
   2.930000      8.5835829E-03
   2.940000      7.4386001E-03
   2.950000      6.2458972E-03
   2.960000      5.0558611E-03
   2.970000      3.9216676E-03
   2.980000      2.8945773E-03
   2.990000      2.0237279E-03
   3.000000      1.3521545E-03
   3.010000      9.1573672E-04
   3.020000      7.4048317E-04
   3.030000      8.4161520E-04
   3.040000      1.2224474E-03
   3.050000      1.8738795E-03
   3.060000      2.7753022E-03
   3.070000      3.8949628E-03
   3.080000      5.1924293E-03
   3.090000      6.6184122E-03
   3.100000      8.1192991E-03
   3.110000      9.6372850E-03
   3.120000      1.1112791E-02
   3.130000      1.2486644E-02
   3.140000      1.3703124E-02
   3.150000      1.4710223E-02
   3.160000      1.5463791E-02
   3.170000      1.5928291E-02
   3.180000      1.6079258E-02
   3.190000      1.5904935E-02
   3.200000      1.5407855E-02
   3.210000      1.4604527E-02
   3.220000      1.3525874E-02
   3.230000      1.2216525E-02
   3.240000      1.0733005E-02
   3.250000      9.1410801E-03
   3.260000      7.5128903E-03
   3.270000      5.9238449E-03
   3.280000      4.4504656E-03
   3.290000      3.1652537E-03
   3.300000      2.1369744E-03
   3.310000      1.4245794E-03
   3.320000      1.0780110E-03
   3.330000      1.1352701E-03
   3.340000      1.6207120E-03
   3.350000      2.5445840E-03
   3.360000      3.9015391E-03
   3.370000      5.6715505E-03
   3.380000      7.8172125E-03
   3.390000      1.0288372E-02
   3.400000      1.3019574E-02
   3.410000      1.5936268E-02
   3.420000      1.8954288E-02
   3.430000      2.1984948E-02
   3.440000      2.4937235E-02
   3.450000      2.7723873E-02
   3.460000      3.0264361E-02
   3.470000      3.2484237E-02
   3.480000      3.4323990E-02
   3.490000      3.5737664E-02
   3.500000      3.6692727E-02
   3.510000      3.7173968E-02
   3.520000      3.7178602E-02
   3.530000      3.6724210E-02
   3.540000      3.5837863E-02
   3.550000      3.4561664E-02
   3.560000      3.2949653E-02
   3.570000      3.1063693E-02
   3.580000      2.8975807E-02
   3.590000      2.6761714E-02
   3.600000      2.4499368E-02
   3.610000      2.2267614E-02
   3.620000      2.0140072E-02
   3.630000      1.8185694E-02
   3.640000      1.6460925E-02
   3.650000      1.5013725E-02
   3.660000      1.3874196E-02
   3.670000      1.3059142E-02
   3.680000      1.2569667E-02
   3.690000      1.2390667E-02
   3.700000      1.2492352E-02
   3.710000      1.2832141E-02
   3.720000      1.3357357E-02
   3.730000      1.4006009E-02
   3.740000      1.4712085E-02
   3.750000      1.5406056E-02
   3.760000      1.6020223E-02
   3.770000      1.6491288E-02
   3.780000      1.6761566E-02
   3.790000      1.6784931E-02
   3.800000      1.6527463E-02
   3.810000      1.5971385E-02
   3.820000      1.5114127E-02
   3.830000      1.3970617E-02
   3.840000      1.2575019E-02
   3.850000      1.0976371E-02
   3.860000      9.2389770E-03
   3.870000      7.4397773E-03
   3.880000      5.6639998E-03
   3.890000      4.0013315E-03
   3.900000      2.5428971E-03
   3.910000      1.3752027E-03
   3.920000      5.7770772E-04
   3.930000      2.1824762E-04
   3.940000      3.4966506E-04
   3.950000      1.0064626E-03
   3.960000      2.2033369E-03
   3.970000      3.9324141E-03
   3.980000      6.1620576E-03
   3.990000      8.8392962E-03
   4.000000      1.1885719E-02
   4.010000      1.5203491E-02
   4.020000      1.8674832E-02
   4.030000      2.2170043E-02
   4.040000      2.5546089E-02
   4.050000      2.8660968E-02
   4.060000      3.1371050E-02
   4.070000      3.3546213E-02
   4.080000      3.5070255E-02
   4.090000      3.5850573E-02
   4.100000      3.5824459E-02
   4.110000      3.4961551E-02
   4.120000      3.3267438E-02
   4.130000      3.0790053E-02
   4.140000      2.7615314E-02
   4.150000      2.3870168E-02
   4.160000      1.9726919E-02
   4.170000      1.5390042E-02
   4.180000      1.1103342E-02
   4.190000      7.1397517E-03
   4.200000      3.7999647E-03
   4.210000      1.4018608E-03
   4.220000      2.7669757E-04
   4.230000      7.5280090E-04
   4.240000      3.1536352E-03
   4.250000      7.7816956E-03
   4.260000      1.4909381E-02
   4.270000      2.4769157E-02
   4.280000      3.7544832E-02
   4.290000      5.3359553E-02
   4.300000      7.2272815E-02
   4.310000      9.4277829E-02
   4.320000      0.1193083    
   4.330000      0.1472125    
   4.340000      0.1777926    
   4.350000      0.2107654    
   4.360000      0.2457966    
   4.370000      0.2824840    
   4.380000      0.3204007    
   4.390000      0.3590417    
   4.400000      0.3978887    
   4.410000      0.4363624    
   4.420000      0.4738976    
   4.430000      0.5098945    
   4.440000      0.5437728    
   4.450000      0.5749543    
   4.460000      0.6028897    
   4.470000      0.6271279    
   4.480000      0.6472229    
   4.490000      0.6628310    
   4.500000      0.6736867    
   4.510000      0.6796502    
   4.520000      0.6806098    
   4.530000      0.6766108    
   4.540000      0.6677824    
   4.550000      0.6543109    
   4.560000      0.6364902    
   4.570000      0.6146605    
   4.580000      0.5892313    
   4.590000      0.5606168    
   4.600000      0.5293360    
   4.610000      0.4958541    
   4.620000      0.4607056    
   4.630000      0.4244083    
   4.640000      0.3874512    
   4.650000      0.3503776    
   4.660000      0.3136736    
   4.670000      0.2777867    
   4.680000      0.2431597    
   4.690000      0.2101540    
   4.700000      0.1791410    
   4.710000      0.1503703    
   4.720000      0.1240710    
   4.730000      0.1003945    
   4.740000      7.9429917E-02
   4.750000      6.1206888E-02
   4.760000      4.5692760E-02
   4.770000      3.2799177E-02
   4.780000      2.2391966E-02
   4.790000      1.4307177E-02
   4.800000      8.3346115E-03
   4.810000      4.2481082E-03
   4.820000      1.8069058E-03
   4.830000      7.6007086E-04
   4.840000      8.5761206E-04
   4.850000      1.8518430E-03
   4.860000      3.5070821E-03
   4.870000      5.6016278E-03
   4.880000      7.9347715E-03
   4.890000      1.0326163E-02
   4.900000      1.2622454E-02
   4.910000      1.4696570E-02
   4.920000      1.6449502E-02
   4.930000      1.7810019E-02
   4.940000      1.8734343E-02
   4.950000      1.9203654E-02
   4.960000      1.9222645E-02
   4.970000      1.8814722E-02
   4.980000      1.8022116E-02
   4.990000      1.6897779E-02
   5.000000      1.5505134E-02
   5.010000      1.3913890E-02
   5.020000      1.2194854E-02
   5.030000      1.0419571E-02
   5.040000      8.6553134E-03
   5.050000      6.9654379E-03
   5.060000      5.4042065E-03
   5.070000      4.0184506E-03
   5.080000      2.8449174E-03
   5.090000      1.9099552E-03
   5.100000      1.2296279E-03
   5.110000      8.0933340E-04
   5.120000      6.4442621E-04
   5.130000      7.2179822E-04
   5.140000      1.0198283E-03
   5.150000      1.5108157E-03
   5.160000      2.1617850E-03
   5.170000      2.9366396E-03
   5.180000      3.7970515E-03
   5.190000      4.7051376E-03
   5.200000      5.6235883E-03
   5.210000      6.5183858E-03
   5.220000      7.3582870E-03
   5.230000      8.1169466E-03
   5.240000      8.7722298E-03
   5.250000      9.3076676E-03
   5.260000      9.7116139E-03
   5.270000      9.9778613E-03
   5.280000      1.0104987E-02
   5.290000      1.0096210E-02
   5.300000      9.9589722E-03
   5.310000      9.7034834E-03
   5.320000      9.3436567E-03
   5.330000      8.8956198E-03
   5.340000      8.3759371E-03
   5.350000      7.8029353E-03
   5.360000      7.1945642E-03
   5.370000      6.5682461E-03
   5.380000      5.9402096E-03
   5.390000      5.3245989E-03
   5.400000      4.7342558E-03
   5.410000      4.1791708E-03
   5.420000      3.6671306E-03
   5.430000      3.2037604E-03
   5.440000      2.7919209E-03
   5.450000      2.4327517E-03
   5.460000      2.1253724E-03
   5.470000      1.8673503E-03
   5.480000      1.6550792E-03
   5.490000      1.4839523E-03
   5.500000      1.3487167E-03
   5.510000      1.2437886E-03
   5.520000      1.1636042E-03
   5.530000      1.1026857E-03
   5.540000      1.0559233E-03
   5.550000      1.0187969E-03
   5.560000      9.8739774E-04
   5.570000      9.5851358E-04
   5.580000      9.2967943E-04
   5.590000      8.9915108E-04
   5.600000      8.6581096E-04
   5.610000      8.2926708E-04
   5.620000      7.8953250E-04
   5.630000      7.4707781E-04
   5.640000      7.0263393E-04
   5.650000      6.5714965E-04
   5.660000      6.1163190E-04
   5.670000      5.6712161E-04
   5.680000      5.2456389E-04
   5.690000      4.8475713E-04
   5.700000      4.4835926E-04
   5.710000      4.1582281E-04
   5.720000      3.8740973E-04
   5.730000      3.6318420E-04
   5.740000      3.4304845E-04
   5.750000      3.2676713E-04
   5.760000      3.1399328E-04
   5.770000      3.0431076E-04
   5.780000      2.9725966E-04
   5.790000      2.9239824E-04
   5.800000      2.8932106E-04
   5.810000      2.8765338E-04
   5.820000      2.8711138E-04
   5.830000      2.8748394E-04
   5.840000      2.8865106E-04
   5.850000      2.9055163E-04
   5.860000      2.9318754E-04
   5.870000      2.9663221E-04
   5.880000      3.0094260E-04
   5.890000      3.0621138E-04
   5.900000      3.1249854E-04
   5.910000      3.1984059E-04
   5.920000      3.2822179E-04
   5.930000      3.3757649E-04
   5.940000      3.4776234E-04
   5.950000      3.5859551E-04
   5.960000      3.6982723E-04
   5.970000      3.8115273E-04
   5.980000      3.9225706E-04
   5.990000      4.0279253E-04
   6.000000      4.1243638E-04
   6.010000      4.2086595E-04
   6.020000      4.2781344E-04
   6.030000      4.3309637E-04
   6.040000      4.3653566E-04
   6.050000      4.3809638E-04
   6.060000      4.3777059E-04
   6.070000      4.3566126E-04
   6.080000      4.3192142E-04
   6.090000      4.2674356E-04
   6.100000      4.2038140E-04
   6.110000      4.1309308E-04
   6.120000      4.0515565E-04
   6.130000      3.9681728E-04
   6.140000      3.8830109E-04
   6.150000      3.7981130E-04
   6.160000      3.7147227E-04
   6.170000      3.6337643E-04
   6.180000      3.5556254E-04
   6.190000      3.4803341E-04
   6.200000      3.4073077E-04
   6.210000      3.3361005E-04
   6.220000      3.2659751E-04
   6.230000      3.1964359E-04
   6.240000      3.1273440E-04
   6.250000      3.0589075E-04
   6.260000      2.9921514E-04
   6.270000      2.9287042E-04
   6.280000      2.8710376E-04
   6.290000      2.8223792E-04
   6.300000      2.7865567E-04
   6.310000      2.7682359E-04
   6.320000      2.7721035E-04
   6.330000      2.8031645E-04
   6.340000      2.8661263E-04
   6.350000      2.9651899E-04
   6.360000      3.1035938E-04
   6.370000      3.2833323E-04
   6.380000      3.5049787E-04
   6.390000      3.7670429E-04
   6.400000      4.0660714E-04
   6.410000      4.3965658E-04
   6.420000      4.7506366E-04
   6.430000      5.1187555E-04
   6.440000      5.4893538E-04
   6.450000      5.8493897E-04
   6.460000      6.1849074E-04
   6.470000      6.4821978E-04
   6.480000      6.7268871E-04
   6.490000      6.9063203E-04
   6.500000      7.0096075E-04
   6.510000      7.0275337E-04
   6.520000      6.9546816E-04
   6.530000      6.7884033E-04
   6.540000      6.5303931E-04
   6.550000      6.1861123E-04
   6.560000      5.7653646E-04
   6.570000      5.2818633E-04
   6.580000      4.7529105E-04
   6.590000      4.1997404E-04
   6.600000      3.6456878E-04
   6.610000      3.1157045E-04
   6.620000      2.6360192E-04
   6.630000      2.2320855E-04
   6.640000      1.9282338E-04
   6.650000      1.7456109E-04
   6.660000      1.7017761E-04
   6.670000      1.8090337E-04
   6.680000      2.0739513E-04
   6.690000      2.4963007E-04
   6.700000      3.0691008E-04
   6.710000      3.7780788E-04
   6.720000      4.6023916E-04
   6.730000      5.5146177E-04
   6.740000      6.4822222E-04
   6.750000      7.4682879E-04
   6.760000      8.4333296E-04
   6.770000      9.3361654E-04
   6.780000      1.0136598E-03
   6.790000      1.0796379E-03
   6.800000      1.1281886E-03
   6.810000      1.1565206E-03
   6.820000      1.1626311E-03
   6.830000      1.1454889E-03
   6.840000      1.1050677E-03
   6.850000      1.0425615E-03
   6.860000      9.6025824E-04
   6.870000      8.6169428E-04
   6.880000      7.5156987E-04
   6.890000      6.3561875E-04
   6.900000      5.2032288E-04
   6.910000      4.1296572E-04
   6.920000      3.2113085E-04
   6.930000      2.5263903E-04
   6.940000      2.1512338E-04
   6.950000      2.1578759E-04
   6.960000      2.6106296E-04
   6.970000      3.5642521E-04
   6.980000      5.0601613E-04
   6.990000      7.1256835E-04
   7.000000      9.7711489E-04
   7.010000      1.2989722E-03
   7.020000      1.6754331E-03
   7.030000      2.1021210E-03
   7.040000      2.5725828E-03
   7.050000      3.0790581E-03
   7.060000      3.6121088E-03
   7.070000      4.1607181E-03
   7.080000      4.7130869E-03
   7.090000      5.2571055E-03
   7.100000      5.7803504E-03
   7.110000      6.2703458E-03
   7.120000      6.7153899E-03
   7.130000      7.1050874E-03
   7.140000      7.4300431E-03
   7.150000      7.6831835E-03
   7.160000      7.8586219E-03
   7.170000      7.9538012E-03
   7.180000      7.9673035E-03
   7.190000      7.9004336E-03
   7.200000      7.7570919E-03
   7.210000      7.5422758E-03
   7.220000      7.2639282E-03
   7.230000      6.9308034E-03
   7.240000      6.5531256E-03
   7.250000      6.1417907E-03
   7.260000      5.7085990E-03
   7.270000      5.2650389E-03
   7.280000      4.8224442E-03
   7.290000      4.3913200E-03
   7.300000      3.9810971E-03
   7.310000      3.5997413E-03
   7.320000      3.2535449E-03
   7.330000      2.9467961E-03
   7.340000      2.6816817E-03
   7.350000      2.4585009E-03
   7.360000      2.2755123E-03
   7.370000      2.1291429E-03
   7.380000      2.0142400E-03
   7.390000      1.9244642E-03
   7.400000      1.8526870E-03
   7.410000      1.7913001E-03
   7.420000      1.7327904E-03
   7.430000      1.6702509E-03
   7.440000      1.5974401E-03
   7.450000      1.5097552E-03
   7.460000      1.4039651E-03
   7.470000      1.2788650E-03
   7.480000      1.1352911E-03
   7.490000      9.7616971E-04
   7.500000      8.0648379E-04
   7.510000      6.3319720E-04
   7.520000      4.6477499E-04
   7.530000      3.1102056E-04
   7.540000      1.8233054E-04
   7.550000      8.9455578E-05
   7.560000      4.2665513E-05
   7.570000      5.1226711E-05
   7.580000      1.2268964E-04
   7.590000      2.6238125E-04
   7.600000      4.7300442E-04
   7.610000      7.5395399E-04
   7.620000      1.1014094E-03
   7.630000      1.5078738E-03
   7.640000      1.9623786E-03
   7.650000      2.4506343E-03
   7.660000      2.9553568E-03
   7.670000      3.4569602E-03
   7.680000      3.9337594E-03
   7.690000      4.3638116E-03
   7.700000      4.7246655E-03
   7.710000      4.9956581E-03
   7.720000      5.1581385E-03
   7.730000      5.1973066E-03
   7.740000      5.1035555E-03
   7.750000      4.8730671E-03
   7.760000      4.5092446E-03
   7.770000      4.0237284E-03
   7.780000      3.4370518E-03
   7.790000      2.7786589E-03
   7.800000      2.0880681E-03
   7.810000      1.4128269E-03
   7.820000      8.1043644E-04
   7.830000      3.4527105E-04
   7.840000      8.9008376E-05
   7.850000      1.1826213E-04
   7.860000      5.1400973E-04
   7.870000      1.3577210E-03
   7.880000      2.7309598E-03
   7.890000      4.7141709E-03
   7.900000      7.3800641E-03
   7.910000      1.0796133E-02
   7.920000      1.5017312E-02
   7.930000      2.0088516E-02
   7.940000      2.6036881E-02
   7.950000      3.2875322E-02
   7.960000      4.0597495E-02
   7.970000      4.9174808E-02
   7.980000      5.8559816E-02
   7.990000      6.8684407E-02
   8.000000      7.9459980E-02
   8.010000      9.0774022E-02
   8.020000      0.1025077    
   8.030000      0.1145190    
   8.040000      0.1266512    
   8.050000      0.1387348    
   8.060000      0.1506112    
   8.070000      0.1620973    
   8.080000      0.1730297    
   8.090000      0.1832273    
   8.100000      0.1925311    
   8.110000      0.2007877    
   8.120000      0.2078532    
   8.130000      0.2136049    
   8.140000      0.2179328    
   8.150000      0.2207628    
   8.160000      0.2220253    
   8.170000      0.2216878    
   8.180000      0.2197506    
   8.190000      0.2162247    
   8.200000      0.2111723    
   8.210000      0.2046674    
   8.220000      0.1968141    
   8.230000      0.1877406    
   8.240000      0.1776017    
   8.250000      0.1665631    
   8.260000      0.1547992    
   8.270000      0.1425112    
   8.280000      0.1298812    
   8.290000      0.1171109    
   8.300000      0.1043838    
   8.310000      9.1883339E-02
   8.320000      7.9778232E-02
   8.330000      6.8215661E-02
   8.340000      5.7342291E-02
   8.350000      4.7263943E-02
   8.360000      3.8079645E-02
   8.370000      2.9859612E-02
   8.380000      2.2651840E-02
   8.390000      1.6485518E-02
   8.400000      1.1364046E-02
   8.410000      7.2664456E-03
   8.420000      4.1545937E-03
   8.430000      1.9708534E-03
   8.440000      6.3983700E-04
   8.450000      7.2606759E-05
   8.460000      1.7005959E-04
   8.470000      8.2477543E-04
   8.480000      1.9251035E-03
   8.490000      3.3579532E-03
   8.500000      5.0122552E-03
   8.510000      6.7826910E-03
   8.520000      8.5705742E-03
   8.530000      1.0286196E-02
   8.540000      1.1852348E-02
   8.550000      1.3205983E-02
   8.560000      1.4294497E-02
   8.570000      1.5082436E-02
   8.580000      1.5546668E-02
   8.590000      1.5679333E-02
   8.600000      1.5485596E-02
   8.610000      1.4982056E-02
   8.620000      1.4198212E-02
   8.630000      1.3171401E-02
   8.640000      1.1947089E-02
   8.650000      1.0576842E-02
   8.660000      9.1150803E-03
   8.670000      7.6187709E-03
   8.680000      6.1427914E-03
   8.690000      4.7414401E-03
   8.700000      3.4625216E-03
   8.710000      2.3493872E-03
   8.720000      1.4387176E-03
   8.730000      7.5845752E-04
   8.740000      3.2801079E-04
   8.750000      1.5830495E-04
   8.760000      2.5134004E-04
   8.770000      6.0063705E-04
   8.780000      1.1917138E-03
   8.790000      2.0028488E-03
   8.800000      3.0063717E-03
   8.810000      4.1694231E-03
   8.820000      5.4546208E-03
   8.830000      6.8225670E-03
   8.840000      8.2323914E-03
   8.850000      9.6429409E-03
   8.860000      1.1015547E-02
   8.870000      1.2312214E-02
   8.880000      1.3499779E-02
   8.890000      1.4548798E-02
   8.900000      1.5435978E-02
   8.910000      1.6142737E-02
   8.920000      1.6657388E-02
   8.930000      1.6973648E-02
   8.940000      1.7091790E-02
   8.950000      1.7016478E-02
   8.960000      1.6758556E-02
   8.970000      1.6333269E-02
   8.980000      1.5758071E-02
   8.990000      1.5054322E-02
   9.000000      1.4244525E-02
   9.010000      1.3353085E-02
   9.020000      1.2404868E-02
   9.030000      1.1422358E-02
   9.040000      1.0429125E-02
   9.050000      9.4452063E-03
   9.060000      8.4899636E-03
   9.070000      7.5789951E-03
   9.080000      6.7253425E-03
   9.090000      5.9388825E-03
   9.100000      5.2264482E-03
   9.110000      4.5913840E-03
   9.120000      4.0346449E-03
   9.130000      3.5542769E-03
   9.140000      3.1459457E-03
   9.150000      2.8035440E-03
   9.160000      2.5195568E-03
   9.170000      2.2855292E-03
   9.180000      2.0925286E-03
   9.190000      1.9315275E-03
   9.200000      1.7941028E-03
   9.210000      1.6724120E-03
   9.220000      1.5597665E-03
   9.230000      1.4505784E-03
   9.240000      1.3407740E-03
   9.250000      1.2278024E-03
   9.260000      1.1103931E-03
   9.270000      9.8876061E-04
   9.280000      8.6429343E-04
   9.290000      7.3946832E-04
   9.300000      6.1747932E-04
   9.310000      5.0215737E-04
   9.320000      3.9746281E-04
   9.330000      3.0740228E-04
   9.340000      2.3560594E-04
   9.350000      1.8515445E-04
   9.360000      1.5841414E-04
   9.370000      1.5679083E-04
   9.380000      1.8062639E-04
   9.390000      2.2918993E-04
   9.400000      3.0067362E-04
   9.410000      3.9221180E-04
   9.420000      5.0010014E-04
   9.430000      6.1972270E-04
   9.440000      7.4606651E-04
   9.450000      8.7360456E-04
   9.460000      9.9679339E-04
   9.470000      1.1100814E-03
   9.480000      1.2084580E-03
   9.490000      1.2873153E-03
   9.500000      1.3428617E-03
   9.510000      1.3723829E-03
   9.520000      1.3741165E-03
   9.530000      1.3476614E-03
   9.540000      1.2937209E-03
   9.550000      1.2142606E-03
   9.560000      1.1124458E-03
   9.570000      9.9245319E-04
   9.580000      8.5937401E-04
   9.590000      7.1892061E-04
   9.600000      5.7733420E-04
   9.610000      4.4095106E-04
   9.620000      3.1615919E-04
   9.630000      2.0894509E-04
   9.640000      1.2482941E-04
   9.650000      6.8500900E-05
   9.660000      4.3757849E-05
   9.670000      5.3264099E-05
   9.680000      9.8501449E-05
   9.690000      1.7965412E-04
   9.700000      2.9560982E-04
   9.710000      4.4406203E-04
   9.720000      6.2136340E-04
   9.730000      8.2293246E-04
   9.740000      1.0430813E-03
   9.750000      1.2755867E-03
   9.760000      1.5136026E-03
   9.770000      1.7500798E-03
   9.780000      1.9778495E-03
   9.790000      2.1901834E-03
   9.800000      2.3806919E-03
   9.810000      2.5437439E-03
   9.820000      2.6746450E-03
   9.830000      2.7698788E-03
   9.840000      2.8266939E-03
   9.850000      2.8439548E-03
   9.860000      2.8215165E-03
   9.870000      2.7605514E-03
   9.880000      2.6633826E-03
   9.890000      2.5331809E-03
   9.900000      2.3742111E-03
   9.910000      2.1914034E-03
   9.920000      1.9902473E-03
   9.930000      1.7765748E-03
   9.940000      1.5562291E-03
   9.950000      1.3353701E-03
   9.960000      1.1194538E-03
   9.970000      9.1376982E-04
   9.980000      7.2293740E-04
   9.990000      5.5083481E-04
   10.00000      4.0034318E-04
   10.01000      2.7424196E-04
   10.02000      1.7237720E-04
   10.03000      9.5738527E-05
   10.04000      4.3340424E-05
   10.05000      1.3727955E-05
   10.06000      4.4831977E-06
   10.07000      1.2745087E-05
   10.08000      3.5098699E-05
   10.09000      6.7986308E-05
   10.10000      1.0761119E-04
   10.11000      1.5038572E-04
   10.12000      1.9288097E-04
   10.13000      2.3207274E-04
   10.14000      2.6515330E-04
   10.15000      2.9022648E-04
   10.16000      3.0570547E-04
   10.17000      3.1085499E-04
   10.18000      3.0551967E-04
   10.19000      2.9028489E-04
   10.20000      2.6621192E-04
   10.21000      2.3507327E-04
   10.22000      1.9885090E-04
   10.23000      1.5997478E-04
   10.24000      1.2096782E-04
   10.25000      8.4399908E-05
   10.26000      5.2690106E-05
   10.27000      2.8184139E-05
   10.28000      1.2700569E-05
   10.29000      7.7831655E-06
   10.30000      1.4328450E-05
   10.31000      3.2797376E-05
   10.32000      6.2903651E-05
   10.33000      1.0395280E-04
   10.34000      1.5447896E-04
   10.35000      2.1267812E-04
   10.36000      2.7641858E-04
   10.37000      3.4288308E-04
   10.38000      4.0953211E-04
   10.39000      4.7336728E-04
   10.40000      5.3166319E-04
   10.41000      5.8179226E-04
   10.42000      6.2134705E-04
   10.43000      6.4846640E-04
   10.44000      6.6176354E-04
   10.45000      6.6043262E-04
   10.46000      6.4430136E-04
   10.47000      6.1399111E-04
   10.48000      5.7075085E-04
   10.49000      5.1635929E-04
   10.50000      4.5343643E-04
   10.51000      3.8455252E-04
   10.52000      3.1340288E-04
   10.53000      2.4321856E-04
   10.54000      1.7785950E-04
   10.55000      1.2076445E-04
   10.56000      7.5340111E-05
   10.57000      4.4959150E-05
   10.58000      3.2308842E-05
   10.59000      3.9581577E-05
   10.60000      6.8244808E-05
   10.61000      1.1920650E-04
   10.62000      1.9236247E-04
   10.63000      2.8712643E-04
   10.64000      4.0181313E-04
   10.65000      5.3455844E-04
   10.66000      6.8169116E-04
   10.67000      8.4059627E-04
   10.68000      1.0065641E-03
   10.69000      1.1757314E-03
   10.70000      1.3434626E-03
   10.71000      1.5048538E-03
   10.72000      1.6561400E-03
   10.73000      1.7926836E-03
   10.74000      1.9113484E-03
   10.75000      2.0086546E-03
   10.76000      2.0823725E-03
   10.77000      2.1307608E-03
   10.78000      2.1529021E-03
   10.79000      2.1485097E-03
   10.80000      2.1181055E-03
   10.81000      2.0632173E-03
   10.82000      1.9856496E-03
   10.83000      1.8879262E-03
   10.84000      1.7736127E-03
   10.85000      1.6457627E-03
   10.86000      1.5088064E-03
   10.87000      1.3663276E-03
   10.88000      1.2222471E-03
   10.89000      1.0805667E-03
   10.90000      9.4465568E-04
   10.91000      8.1749068E-04
   10.92000      7.0186233E-04
   10.93000      5.9929420E-04
   10.94000      5.1152648E-04
   10.95000      4.3899528E-04
   10.96000      3.8184173E-04
   10.97000      3.3951586E-04
   10.98000      3.1077067E-04
   10.99000      2.9412104E-04
   11.00000      2.8742544E-04
   11.01000      2.8848645E-04
   11.02000      2.9479963E-04
   11.03000      3.0395409E-04
   11.04000      3.1355108E-04
   11.05000      3.2141845E-04
   11.06000      3.2569456E-04
   11.07000      3.2488719E-04
   11.08000      3.1794683E-04
   11.09000      3.0436571E-04
   11.10000      2.8416605E-04
   11.11000      2.5776998E-04
   11.12000      2.2627975E-04
   11.13000      1.9111682E-04
   11.14000      1.5402395E-04
   11.15000      1.1718247E-04
   11.16000      8.2558938E-05
   11.17000      5.2545143E-05
   11.18000      2.9128716E-05
   11.19000      1.4269758E-05
   11.20000      9.4931274E-06
   11.21000      1.6009377E-05
   11.22000      3.4513396E-05
   11.23000      6.5064305E-05
   11.24000      1.0731442E-04
   11.25000      1.6010138E-04
   11.26000      2.2182519E-04
   11.27000      2.9037779E-04
   11.28000      3.6285442E-04
   11.29000      4.3658714E-04
   11.30000      5.0806301E-04
   11.31000      5.7423970E-04
   11.32000      6.3172710E-04
   11.33000      6.7760400E-04
   11.34000      7.0918351E-04
   11.35000      7.2460674E-04
   11.36000      7.2232221E-04
   11.37000      7.0174382E-04
   11.38000      6.6326984E-04
   11.39000      6.0829148E-04
   11.40000      5.3902174E-04
   11.41000      4.5891292E-04
   11.42000      3.7219326E-04
   11.43000      2.8393912E-04
   11.44000      2.0025560E-04
   11.45000      1.2733546E-04
   11.46000      7.2593000E-05
   11.47000      4.2963584E-05
   11.48000      4.6032834E-05
   11.49000      8.8759414E-05
   11.50000      1.7823339E-04
   11.51000      3.2012787E-04
   11.52000      5.1961734E-04
   11.53000      7.8102737E-04
   11.54000      1.1062579E-03
   11.55000      1.4976463E-03
   11.56000      1.9535590E-03
   11.57000      2.4725446E-03
   11.58000      3.0511171E-03
   11.59000      3.6843303E-03
   11.60000      4.3646623E-03
   11.61000      5.0855163E-03
   11.62000      5.8345795E-03
   11.63000      6.6054650E-03
   11.64000      7.3833824E-03
   11.65000      8.1574209E-03
   11.66000      8.9156926E-03
   11.67000      9.6441163E-03
   11.68000      1.0333539E-02
   11.69000      1.0969680E-02
   11.70000      1.1543326E-02
   11.71000      1.2043528E-02
   11.72000      1.2463140E-02
   11.73000      1.2793902E-02
   11.74000      1.3031307E-02
   11.75000      1.3170163E-02
   11.76000      1.3209503E-02
   11.77000      1.3148681E-02
   11.78000      1.2989332E-02
   11.79000      1.2735714E-02
   11.80000      1.2393933E-02
   11.81000      1.1969132E-02
   11.82000      1.1472812E-02
   11.83000      1.0912010E-02
   11.84000      1.0298142E-02
   11.85000      9.6417964E-03
   11.86000      8.9543397E-03
   11.87000      8.2453480E-03
   11.88000      7.5279581E-03
   11.89000      6.8102796E-03
   11.90000      6.1043920E-03
   11.91000      5.4181544E-03
   11.92000      4.7587892E-03
   11.93000      4.1355616E-03
   11.94000      3.5519463E-03
   11.95000      3.0149787E-03
   11.96000      2.5262381E-03
   11.97000      2.0878289E-03
   11.98000      1.7017621E-03
   11.99000      1.3668130E-03
   12.00000      1.0823583E-03
   12.01000      8.4610004E-04
   12.02000      6.5488630E-04
   12.03000      5.0583511E-04
   12.04000      3.9447666E-04
   12.05000      3.1655942E-04
   12.06000      2.6750253E-04
   12.07000      2.4258414E-04
   12.08000      2.3724814E-04
   12.09000      2.4696955E-04
   12.10000      2.6767954E-04
   12.11000      2.9547908E-04
   12.12000      3.2717563E-04
   12.13000      3.5970466E-04
   12.14000      3.9080397E-04
   12.15000      4.1844352E-04
   12.16000      4.4127632E-04
   12.17000      4.5831574E-04
   12.18000      4.6895025E-04
   12.19000      4.7300415E-04
   12.20000      4.7062099E-04
   12.21000      4.6230777E-04
   12.22000      4.4868255E-04
   12.23000      4.3065447E-04
   12.24000      4.0915504E-04
   12.25000      3.8521501E-04
   12.26000      3.5987960E-04
   12.27000      3.3425150E-04
   12.28000      3.0919397E-04
   12.29000      2.8573358E-04
   12.30000      2.6458583E-04
   12.31000      2.4647993E-04
   12.32000      2.3201908E-04
   12.33000      2.2159789E-04
   12.34000      2.1558104E-04
   12.35000      2.1413874E-04
   12.36000      2.1738683E-04
   12.37000      2.2530888E-04
   12.38000      2.3779980E-04
   12.39000      2.5472514E-04
   12.40000      2.7577038E-04
   12.41000      3.0070200E-04
   12.42000      3.2906691E-04
   12.43000      3.6049279E-04
   12.44000      3.9454288E-04
   12.45000      4.3062080E-04
   12.46000      4.6828054E-04
   12.47000      5.0684664E-04
   12.48000      5.4580194E-04
   12.49000      5.8460614E-04
   12.50000      6.2259537E-04
   12.51000      6.5921556E-04
   12.52000      6.9398765E-04
   12.53000      7.2626979E-04
   12.54000      7.5571408E-04
   12.55000      7.8177179E-04
   12.56000      8.0408412E-04
   12.57000      8.2234520E-04
   12.58000      8.3627645E-04
   12.59000      8.4571313E-04
   12.60000      8.5057860E-04
   12.61000      8.5092947E-04
   12.62000      8.4687339E-04
   12.63000      8.3866098E-04
   12.64000      8.2657754E-04
   12.65000      8.1111741E-04
   12.66000      7.9265196E-04
   12.67000      7.7177823E-04
   12.68000      7.4907840E-04
   12.69000      7.2513026E-04
   12.70000      7.0057483E-04
   12.71000      6.7601172E-04
   12.72000      6.5190042E-04
   12.73000      6.2881364E-04
   12.74000      6.0707581E-04
   12.75000      5.8698765E-04
   12.76000      5.6876359E-04
   12.77000      5.5237772E-04
   12.78000      5.3785340E-04
   12.79000      5.2493537E-04
   12.80000      5.1342399E-04
   12.81000      5.0291396E-04
   12.82000      4.9297116E-04
   12.83000      4.8310164E-04
   12.84000      4.7283617E-04
   12.85000      4.6161693E-04
   12.86000      4.4900388E-04
   12.87000      4.3455232E-04
   12.88000      4.1789259E-04
   12.89000      3.9888488E-04
   12.90000      3.7728139E-04
   12.91000      3.5321215E-04
   12.92000      3.2670936E-04
   12.93000      2.9810899E-04
   12.94000      2.6779357E-04
   12.95000      2.3629416E-04
   12.96000      2.0414828E-04
   12.97000      1.7216649E-04
   12.98000      1.4092211E-04
   12.99000      1.1131369E-04
   13.00000      8.4030646E-05
   13.01000      5.9723221E-05
   13.02000      3.9129431E-05
   13.03000      2.2655515E-05
   13.04000      1.0655147E-05
   13.05000      3.4183486E-06
   13.06000      9.9306635E-07
   13.07000      3.3199788E-06
   13.08000      1.0116520E-05
   13.09000      2.0992940E-05
   13.10000      3.5337645E-05
   13.11000      5.2513900E-05
   13.12000      7.1654562E-05
   13.13000      9.1921385E-05
   13.14000      1.1243131E-04
   13.15000      1.3228049E-04
   13.16000      1.5066969E-04
   13.17000      1.6683186E-04
   13.18000      1.8014804E-04
   13.19000      1.9016597E-04
   13.20000      1.9656825E-04
   13.21000      1.9922988E-04
   13.22000      1.9822853E-04
   13.23000      1.9382295E-04
   13.24000      1.8645079E-04
   13.25000      1.7672448E-04
   13.26000      1.6539928E-04
   13.27000      1.5332230E-04
   13.28000      1.4144859E-04
   13.29000      1.3068275E-04
   13.30000      1.2198004E-04
   13.31000      1.1620949E-04
   13.32000      1.1411442E-04
   13.33000      1.1633215E-04
   13.34000      1.2327291E-04
   13.35000      1.3522845E-04
   13.36000      1.5214173E-04
   13.37000      1.7386911E-04
   13.38000      1.9991273E-04
   13.39000      2.2960169E-04
   13.40000      2.6216666E-04
   13.41000      2.9641978E-04
   13.42000      3.3139985E-04
   13.43000      3.6577851E-04
   13.44000      3.9840851E-04
   13.45000      4.2809133E-04
   13.46000      4.5372522E-04
   13.47000      4.7432925E-04
   13.48000      4.8912014E-04
   13.49000      4.9746968E-04
   13.50000      4.9906597E-04
   13.51000      4.9382984E-04
   13.52000      4.8200236E-04
   13.53000      4.6401087E-04
   13.54000      4.4074637E-04
   13.55000      4.1310611E-04
   13.56000      3.8243493E-04
   13.57000      3.5003864E-04
   13.58000      3.1732308E-04
   13.59000      2.8589612E-04
   13.60000      2.5714253E-04
   13.61000      2.3245838E-04
   13.62000      2.1306059E-04
   13.63000      1.9990726E-04
   13.64000      1.9379929E-04
   13.65000      1.9510013E-04
   13.66000      2.0398265E-04
   13.67000      2.2013103E-04
   13.68000      2.4303360E-04
   13.69000      2.7174337E-04
   13.70000      3.0502985E-04
   13.71000      3.4156712E-04
   13.72000      3.7962000E-04
   13.73000      4.1759014E-04
   13.74000      4.5359577E-04
   13.75000      4.8595297E-04
   13.76000      5.1299535E-04
   13.77000      5.3330732E-04
   13.78000      5.4569927E-04
   13.79000      5.4929912E-04
   13.80000      5.4362434E-04
   13.81000      5.2861089E-04
   13.82000      5.0473068E-04
   13.83000      4.7262132E-04
   13.84000      4.3355720E-04
   13.85000      3.8900992E-04
   13.86000      3.4084689E-04
   13.87000      2.9098784E-04
   13.88000      2.4186484E-04
   13.89000      1.9546191E-04
   13.90000      1.5415619E-04
   13.91000      1.1992834E-04
   13.92000      9.4572039E-05
   13.93000      7.9641402E-05
   13.94000      7.6112752E-05
   13.95000      8.4601976E-05
   13.96000      1.0517575E-04
   13.97000      1.3734568E-04
   13.98000      1.8015245E-04
   13.99000      2.3196048E-04
   14.00000      2.9107867E-04
   14.01000      3.5481004E-04
   14.02000      4.2082573E-04
   14.03000      4.8598717E-04
   14.04000      5.4754119E-04
   14.05000      6.0269440E-04
   14.06000      6.4868212E-04
   14.07000      6.8337203E-04
   14.08000      7.0488971E-04
   14.09000      7.1214954E-04
   14.10000      7.0457597E-04
   14.11000      6.8247190E-04
   14.12000      6.4683764E-04
   14.13000      5.9942127E-04
   14.14000      5.4295687E-04
   14.15000      4.8042103E-04
   14.16000      4.1603463E-04
   14.17000      3.5416509E-04
   14.18000      2.9968246E-04
   14.19000      2.5780677E-04
   14.20000      2.3358762E-04
   14.21000      2.3219732E-04
   14.22000      2.5808791E-04
   14.23000      3.1557467E-04
   14.24000      4.0771524E-04
   14.25000      5.3730066E-04
   14.26000      7.0547516E-04
   14.27000      9.1290282E-04
   14.28000      1.1584278E-03
   14.29000      1.4405645E-03
   14.30000      1.7551774E-03
   14.31000      2.0987561E-03
   14.32000      2.4644209E-03
   14.33000      2.8471504E-03
   14.34000      3.2388831E-03
   14.35000      3.6313653E-03
   14.36000      4.0176893E-03
   14.37000      4.3877428E-03
   14.38000      4.7355620E-03
   14.39000      5.0518140E-03
   14.40000      5.3301621E-03
   14.41000      5.5639381E-03
   14.42000      5.7482822E-03
   14.43000      5.8786152E-03
   14.44000      5.9525287E-03
   14.45000      5.9684711E-03
   14.46000      5.9268493E-03
   14.47000      5.8292691E-03
   14.48000      5.6793154E-03
   14.49000      5.4804990E-03
   14.50000      5.2400795E-03
   14.51000      4.9630101E-03
   14.52000      4.6582348E-03
   14.53000      4.3317406E-03
   14.54000      3.9922306E-03
   14.55000      3.6471551E-03
   14.56000      3.3041975E-03
   14.57000      2.9690126E-03
   14.58000      2.6491818E-03
   14.59000      2.3481499E-03
   14.60000      2.0714102E-03
   14.61000      1.8213437E-03
   14.62000      1.5991678E-03
   14.63000      1.4067221E-03
   14.64000      1.2423452E-03
   14.65000      1.1040908E-03
   14.66000      9.9017192E-04
   14.67000      8.9688081E-04
   14.68000      8.2107953E-04
   14.69000      7.5855630E-04
   14.70000      7.0539408E-04
   14.71000      6.5787765E-04
   14.72000      6.1241398E-04
   14.73000      5.6640129E-04
   14.74000      5.1760121E-04
   14.75000      4.6475866E-04
   14.76000      4.0755272E-04
   14.77000      3.4641853E-04
   14.78000      2.8282846E-04
   14.79000      2.1897604E-04
   14.80000      1.5757041E-04
   14.81000      1.0197493E-04
   14.82000      5.5724733E-05
   14.83000      2.2413007E-05
   14.84000      5.4819670E-06
   14.85000      7.7698523E-06
   14.86000      3.1580203E-05
   14.87000      7.8038560E-05
   14.88000      1.4747625E-04
   14.89000      2.3850538E-04
   14.90000      3.4907294E-04
   14.91000      4.7530083E-04
   14.92000      6.1238935E-04
   14.93000      7.5432711E-04
   14.94000      8.9456723E-04
   14.95000      1.0255522E-03
   14.96000      1.1402658E-03
   14.97000      1.2308523E-03
   14.98000      1.2912084E-03
   14.99000      1.3156250E-03
   15.00000      1.3004626E-03
   15.01000      1.2437765E-03
   15.02000      1.1468783E-03
   15.03000      1.0129430E-03
   15.04000      8.4948010E-04
   15.05000      6.6621997E-04
   15.06000      4.7741426E-04
   15.07000      3.0025133E-04
   15.08000      1.5545543E-04
   15.09000      6.6628410E-05
   15.10000      6.1027153E-05
   15.11000      1.6725085E-04
   15.12000      4.1599100E-04
   15.13000      8.3707843E-04
   15.14000      1.4639726E-03
   15.15000      2.3226987E-03
   15.16000      3.4433128E-03
   15.17000      4.8469049E-03
   15.18000      6.5539996E-03
   15.19000      8.5837096E-03
   15.20000      1.0939700E-02
   15.21000      1.3628360E-02
   15.22000      1.6646255E-02
   15.23000      1.9978220E-02
   15.24000      2.3612732E-02
   15.25000      2.7515307E-02
   15.26000      3.1648666E-02
   15.27000      3.5977412E-02
   15.28000      4.0437888E-02
   15.29000      4.4986650E-02
   15.30000      4.9550913E-02
   15.31000      5.4062415E-02
   15.32000      5.8458984E-02
   15.33000      6.2660426E-02
   15.34000      6.6608995E-02
   15.35000      7.0225433E-02
   15.36000      7.3450349E-02
   15.37000      7.6221421E-02
   15.38000      7.8489326E-02
   15.39000      8.0204912E-02
   15.40000      8.1337862E-02
   15.41000      8.1858754E-02
   15.42000      8.1756532E-02
   15.43000      8.1030227E-02
   15.44000      7.9691447E-02
   15.45000      7.7763930E-02
   15.46000      7.5269215E-02
   15.47000      7.2250828E-02
   15.48000      6.8751208E-02
   15.49000      6.4844586E-02
   15.50000      6.0577773E-02
   15.51000      5.6033216E-02
   15.52000      5.1284235E-02
   15.53000      4.6397526E-02
   15.54000      4.1476917E-02
   15.55000      3.6575515E-02
   15.56000      3.1787936E-02
   15.57000      2.7169978E-02
   15.58000      2.2794589E-02
   15.59000      1.8715383E-02
   15.60000      1.4988850E-02
   15.61000      1.1636645E-02
   15.62000      8.7091113E-03
   15.63000      6.2084678E-03
   15.64000      4.1562505E-03
   15.65000      2.5430520E-03
   15.66000      1.3573262E-03
   15.67000      5.8056758E-04
   15.68000      1.7945546E-04
   15.69000      1.1901507E-04
   15.70000      3.5392406E-04
   15.71000      8.3840563E-04
   15.72000      1.5210286E-03
   15.73000      2.3490947E-03
   15.74000      3.2730771E-03
   15.75000      4.2387387E-03
   15.76000      5.2026273E-03
   15.77000      6.1160899E-03
   15.78000      6.9419276E-03
   15.79000      7.6463474E-03
   15.80000      8.2012862E-03
   15.81000      8.5887369E-03
   15.82000      8.7953871E-03
   15.83000      8.8179838E-03
   15.84000      8.6586960E-03
   15.85000      8.3286902E-03
   15.86000      7.8424569E-03
   15.87000      7.2229481E-03
   15.88000      6.4965896E-03
   15.89000      5.6912997E-03
   15.90000      4.8390394E-03
   15.91000      3.9746314E-03
   15.92000      3.1303526E-03
   15.93000      2.3416986E-03
   15.94000      1.6373532E-03
   15.95000      1.0472069E-03
   15.96000      5.9600850E-04
   15.97000      3.0359815E-04
   15.98000      1.8632651E-04
   15.99000      2.5381861E-04
   16.00000      5.1146274E-04
   16.01000      9.5869048E-04
   16.02000      1.5889400E-03
   16.03000      2.3927910E-03
   16.04000      3.3521934E-03
   16.05000      4.4515687E-03
   16.06000      5.6614922E-03
   16.07000      6.9604320E-03
   16.08000      8.3173048E-03
   16.09000      9.7025363E-03
   16.10000      1.1091093E-02
   16.11000      1.2446368E-02
   16.12000      1.3748015E-02
   16.13000      1.4965397E-02
   16.14000      1.6079502E-02
   16.15000      1.7067624E-02
   16.16000      1.7915156E-02
   16.17000      1.8605912E-02
   16.18000      1.9133538E-02
   16.19000      1.9489290E-02
   16.20000      1.9672835E-02
   16.21000      1.9685097E-02
   16.22000      1.9532720E-02
   16.23000      1.9222140E-02
   16.24000      1.8769082E-02
   16.25000      1.8185239E-02
   16.26000      1.7484812E-02
   16.27000      1.6688259E-02
   16.28000      1.5809339E-02
   16.29000      1.4870828E-02
   16.30000      1.3889559E-02
   16.31000      1.2882214E-02
   16.32000      1.1868224E-02
   16.33000      1.0858783E-02
   16.34000      9.8726144E-03
   16.35000      8.9185080E-03
   16.36000      8.0073234E-03
   16.37000      7.1464125E-03
   16.38000      6.3415249E-03
   16.39000      5.5965781E-03
   16.40000      4.9146097E-03
   16.41000      4.2947219E-03
   16.42000      3.7370096E-03
   16.43000      3.2394070E-03
   16.44000      2.7988064E-03
   16.45000      2.4126812E-03
   16.46000      2.0754766E-03
   16.47000      1.7834172E-03
   16.48000      1.5318186E-03
   16.49000      1.3157008E-03
   16.50000      1.1309725E-03
   16.51000      9.7291783E-04
   16.52000      8.3783391E-04
   16.53000      7.2238629E-04
   16.54000      6.2349834E-04
   16.55000      5.3874881E-04
   16.56000      4.6615829E-04
   16.57000      4.0397505E-04
   16.58000      3.5125003E-04
   16.59000      3.0681011E-04
   16.60000      2.7011681E-04
   16.61000      2.4056010E-04
   16.62000      2.1764280E-04
   16.63000      2.0103075E-04
   16.64000      1.9015060E-04
   16.65000      1.8455001E-04
   16.66000      1.8356877E-04
   16.67000      1.8650484E-04
   16.68000      1.9253261E-04
   16.69000      2.0073682E-04
   16.70000      2.1018006E-04
   16.71000      2.1981591E-04
   16.72000      2.2870145E-04
   16.73000      2.3587112E-04
   16.74000      2.4054467E-04
   16.75000      2.4203928E-04
   16.76000      2.3992873E-04
   16.77000      2.3396002E-04
   16.78000      2.2419666E-04
   16.79000      2.1093046E-04
   16.80000      1.9469533E-04
   16.81000      1.7635716E-04
   16.82000      1.5695255E-04
   16.83000      1.3773878E-04
   16.84000      1.2020458E-04
   16.85000      1.0586074E-04
   16.86000      9.6330637E-05
   16.87000      9.3142924E-05
   16.88000      9.7859316E-05
   16.89000      1.1187266E-04
   16.90000      1.3635338E-04
   16.91000      1.7223295E-04
   16.92000      2.2002228E-04
   16.93000      2.8014692E-04
   16.94000      3.5236712E-04
   16.95000      4.3643679E-04
   16.96000      5.3145719E-04
   16.97000      6.3621410E-04
   16.98000      7.4933958E-04
   16.99000      8.6931750E-04
   17.00000      9.9351036E-04
   17.01000      1.1206112E-03
   17.02000      1.2523266E-03
   17.03000      1.3821346E-03
   17.04000      1.5159372E-03
   17.05000      1.6516080E-03
   17.06000      1.7643252E-03
   17.07000      1.8315978E-03
   17.08000      1.8760854E-03
   17.09000      1.9349217E-03
   17.10000      1.9830863E-03
   17.11000      2.0094488E-03
   17.12000      2.0295128E-03
   17.13000      2.0327896E-03
   17.14000      2.0176612E-03
   17.15000      1.9951232E-03
   17.16000      1.9586582E-03
   17.17000      1.9066635E-03
   17.18000      1.8517191E-03
   17.19000      1.7774514E-03
   17.20000      1.7012616E-03
   17.21000      1.6289330E-03
   17.22000      1.5207909E-03
   17.23000      1.4080998E-03
   17.24000      1.3958418E-03
   17.25000      1.4430593E-03
   17.26000      1.3840973E-03
   17.27000      1.2026462E-03
   17.28000      1.1102724E-03
   17.29000      1.0739928E-03
   17.30000      1.0409427E-03
   17.31000      1.0076732E-03
   17.32000      9.8682637E-04
   17.33000      9.5651310E-04
   17.34000      9.4073039E-04
   17.35000      9.2970725E-04
   17.36000      9.2702761E-04
   17.37000      9.1548474E-04
   17.38000      8.9957728E-04
   17.39000      8.8506512E-04
   17.40000      8.8404655E-04
   17.41000      8.9807110E-04
   17.42000      8.9710939E-04
   17.43000      8.9382933E-04
   17.44000      8.9392957E-04
   17.45000      8.9227606E-04
   17.46000      8.8870863E-04
   17.47000      8.9105451E-04
   17.48000      8.8035892E-04
   17.49000      8.8173494E-04
   17.50000      8.6993002E-04
