 -3.5000E+01  3.5574E-05
 -3.4988E+01  3.9477E-05
 -3.4976E+01  4.3553E-05
 -3.4964E+01  4.7730E-05
 -3.4952E+01  5.1928E-05
 -3.4940E+01  5.6069E-05
 -3.4929E+01  6.0070E-05
 -3.4917E+01  6.3856E-05
 -3.4905E+01  6.7355E-05
 -3.4893E+01  7.0502E-05
 -3.4881E+01  7.3241E-05
 -3.4869E+01  7.5527E-05
 -3.4857E+01  7.7327E-05
 -3.4845E+01  7.8619E-05
 -3.4833E+01  7.9394E-05
 -3.4821E+01  7.9655E-05
 -3.4809E+01  7.9416E-05
 -3.4798E+01  7.8702E-05
 -3.4786E+01  7.7547E-05
 -3.4774E+01  7.5994E-05
 -3.4762E+01  7.4089E-05
 -3.4750E+01  7.1885E-05
 -3.4738E+01  6.9436E-05
 -3.4726E+01  6.6795E-05
 -3.4714E+01  6.4015E-05
 -3.4702E+01  6.1144E-05
 -3.4690E+01  5.8227E-05
 -3.4678E+01  5.5302E-05
 -3.4667E+01  5.2401E-05
 -3.4655E+01  4.9550E-05
 -3.4643E+01  4.6767E-05
 -3.4631E+01  4.4066E-05
 -3.4619E+01  4.1452E-05
 -3.4607E+01  3.8929E-05
 -3.4595E+01  3.6495E-05
 -3.4583E+01  3.4145E-05
 -3.4571E+01  3.1875E-05
 -3.4559E+01  2.9679E-05
 -3.4547E+01  2.7551E-05
 -3.4536E+01  2.5486E-05
 -3.4524E+01  2.3484E-05
 -3.4512E+01  2.1544E-05
 -3.4500E+01  1.9668E-05
 -3.4488E+01  1.7863E-05
 -3.4476E+01  1.6136E-05
 -3.4464E+01  1.4496E-05
 -3.4452E+01  1.2954E-05
 -3.4440E+01  1.1521E-05
 -3.4428E+01  1.0207E-05
 -3.4416E+01  9.0230E-06
 -3.4405E+01  7.9758E-06
 -3.4393E+01  7.0708E-06
 -3.4381E+01  6.3100E-06
 -3.4369E+01  5.6920E-06
 -3.4357E+01  5.2118E-06
 -3.4345E+01  4.8605E-06
 -3.4333E+01  4.6260E-06
 -3.4321E+01  4.4931E-06
 -3.4309E+01  4.4443E-06
 -3.4297E+01  4.4606E-06
 -3.4285E+01  4.5223E-06
 -3.4274E+01  4.6100E-06
 -3.4262E+01  4.7057E-06
 -3.4250E+01  4.7932E-06
 -3.4238E+01  4.8594E-06
 -3.4226E+01  4.8946E-06
 -3.4214E+01  4.8929E-06
 -3.4202E+01  4.8525E-06
 -3.4190E+01  4.7755E-06
 -3.4178E+01  4.6674E-06
 -3.4166E+01  4.5373E-06
 -3.4154E+01  4.3960E-06
 -3.4143E+01  4.2565E-06
 -3.4131E+01  4.1318E-06
 -3.4119E+01  4.0347E-06
 -3.4107E+01  3.9765E-06
 -3.4095E+01  3.9661E-06
 -3.4083E+01  4.0093E-06
 -3.4071E+01  4.1086E-06
 -3.4059E+01  4.2621E-06
 -3.4047E+01  4.4642E-06
 -3.4035E+01  4.7058E-06
 -3.4023E+01  4.9742E-06
 -3.4012E+01  5.2546E-06
 -3.4000E+01  5.5307E-06
 -3.3988E+01  5.7858E-06
 -3.3976E+01  6.0040E-06
 -3.3964E+01  6.1713E-06
 -3.3952E+01  6.2770E-06
 -3.3940E+01  6.3143E-06
 -3.3928E+01  6.2813E-06
 -3.3916E+01  6.1810E-06
 -3.3904E+01  6.0223E-06
 -3.3892E+01  5.8189E-06
 -3.3881E+01  5.5890E-06
 -3.3869E+01  5.3547E-06
 -3.3857E+01  5.1403E-06
 -3.3845E+01  4.9713E-06
 -3.3833E+01  4.8725E-06
 -3.3821E+01  4.8662E-06
 -3.3809E+01  4.9710E-06
 -3.3797E+01  5.2004E-06
 -3.3785E+01  5.5609E-06
 -3.3773E+01  6.0518E-06
 -3.3761E+01  6.6645E-06
 -3.3750E+01  7.3824E-06
 -3.3738E+01  8.1816E-06
 -3.3726E+01  9.0314E-06
 -3.3714E+01  9.8960E-06
 -3.3702E+01  1.0736E-05
 -3.3690E+01  1.1512E-05
 -3.3678E+01  1.2184E-05
 -3.3666E+01  1.2716E-05
 -3.3654E+01  1.3077E-05
 -3.3642E+01  1.3246E-05
 -3.3630E+01  1.3209E-05
 -3.3619E+01  1.2964E-05
 -3.3607E+01  1.2519E-05
 -3.3595E+01  1.1896E-05
 -3.3583E+01  1.1125E-05
 -3.3571E+01  1.0247E-05
 -3.3559E+01  9.3102E-06
 -3.3547E+01  8.3676E-06
 -3.3535E+01  7.4750E-06
 -3.3523E+01  6.6875E-06
 -3.3511E+01  6.0563E-06
 -3.3499E+01  5.6260E-06
 -3.3488E+01  5.4316E-06
 -3.3476E+01  5.4959E-06
 -3.3464E+01  5.8286E-06
 -3.3452E+01  6.4245E-06
 -3.3440E+01  7.2636E-06
 -3.3428E+01  8.3123E-06
 -3.3416E+01  9.5242E-06
 -3.3404E+01  1.0843E-05
 -3.3392E+01  1.2207E-05
 -3.3380E+01  1.3549E-05
 -3.3368E+01  1.4805E-05
 -3.3357E+01  1.5914E-05
 -3.3345E+01  1.6826E-05
 -3.3333E+01  1.7501E-05
 -3.3321E+01  1.7917E-05
 -3.3309E+01  1.8069E-05
 -3.3297E+01  1.7970E-05
 -3.3285E+01  1.7654E-05
 -3.3273E+01  1.7171E-05
 -3.3261E+01  1.6589E-05
 -3.3249E+01  1.5989E-05
 -3.3237E+01  1.5461E-05
 -3.3226E+01  1.5098E-05
 -3.3214E+01  1.4994E-05
 -3.3202E+01  1.5234E-05
 -3.3190E+01  1.5893E-05
 -3.3178E+01  1.7027E-05
 -3.3166E+01  1.8672E-05
 -3.3154E+01  2.0839E-05
 -3.3142E+01  2.3514E-05
 -3.3130E+01  2.6653E-05
 -3.3118E+01  3.0188E-05
 -3.3106E+01  3.4027E-05
 -3.3095E+01  3.8055E-05
 -3.3083E+01  4.2146E-05
 -3.3071E+01  4.6160E-05
 -3.3059E+01  4.9956E-05
 -3.3047E+01  5.3398E-05
 -3.3035E+01  5.6357E-05
 -3.3023E+01  5.8727E-05
 -3.3011E+01  6.0421E-05
 -3.2999E+01  6.1383E-05
 -3.2987E+01  6.1586E-05
 -3.2976E+01  6.1039E-05
 -3.2964E+01  5.9783E-05
 -3.2952E+01  5.7888E-05
 -3.2940E+01  5.5452E-05
 -3.2928E+01  5.2597E-05
 -3.2916E+01  4.9456E-05
 -3.2904E+01  4.6172E-05
 -3.2892E+01  4.2888E-05
 -3.2880E+01  3.9738E-05
 -3.2868E+01  3.6841E-05
 -3.2856E+01  3.4294E-05
 -3.2845E+01  3.2168E-05
 -3.2833E+01  3.0501E-05
 -3.2821E+01  2.9301E-05
 -3.2809E+01  2.8544E-05
 -3.2797E+01  2.8174E-05
 -3.2785E+01  2.8112E-05
 -3.2773E+01  2.8257E-05
 -3.2761E+01  2.8498E-05
 -3.2749E+01  2.8718E-05
 -3.2737E+01  2.8805E-05
 -3.2725E+01  2.8659E-05
 -3.2714E+01  2.8203E-05
 -3.2702E+01  2.7384E-05
 -3.2690E+01  2.6184E-05
 -3.2678E+01  2.4620E-05
 -3.2666E+01  2.2745E-05
 -3.2654E+01  2.0645E-05
 -3.2642E+01  1.8439E-05
 -3.2630E+01  1.6271E-05
 -3.2618E+01  1.4302E-05
 -3.2606E+01  1.2700E-05
 -3.2594E+01  1.1633E-05
 -3.2583E+01  1.1259E-05
 -3.2571E+01  1.1714E-05
 -3.2559E+01  1.3105E-05
 -3.2547E+01  1.5509E-05
 -3.2535E+01  1.8959E-05
 -3.2523E+01  2.3456E-05
 -3.2511E+01  2.8963E-05
 -3.2499E+01  3.5413E-05
 -3.2487E+01  4.2721E-05
 -3.2475E+01  5.0793E-05
 -3.2463E+01  5.9540E-05
 -3.2452E+01  6.8893E-05
 -3.2440E+01  7.8822E-05
 -3.2428E+01  8.9346E-05
 -3.2416E+01  1.0055E-04
 -3.2404E+01  1.1259E-04
 -3.2392E+01  1.2571E-04
 -3.2380E+01  1.4025E-04
 -3.2368E+01  1.5660E-04
 -3.2356E+01  1.7525E-04
 -3.2344E+01  1.9675E-04
 -3.2332E+01  2.2168E-04
 -3.2321E+01  2.5064E-04
 -3.2309E+01  2.8422E-04
 -3.2297E+01  3.2295E-04
 -3.2285E+01  3.6731E-04
 -3.2273E+01  4.1765E-04
 -3.2261E+01  4.7416E-04
 -3.2249E+01  5.3687E-04
 -3.2237E+01  6.0563E-04
 -3.2225E+01  6.8003E-04
 -3.2213E+01  7.5945E-04
 -3.2201E+01  8.4302E-04
 -3.2190E+01  9.2966E-04
 -3.2178E+01  1.0180E-03
 -3.2166E+01  1.1067E-03
 -3.2154E+01  1.1939E-03
 -3.2142E+01  1.2780E-03
 -3.2130E+01  1.3571E-03
 -3.2118E+01  1.4294E-03
 -3.2106E+01  1.4932E-03
 -3.2094E+01  1.5469E-03
 -3.2082E+01  1.5890E-03
 -3.2070E+01  1.6185E-03
 -3.2059E+01  1.6345E-03
 -3.2047E+01  1.6364E-03
 -3.2035E+01  1.6240E-03
 -3.2023E+01  1.5975E-03
 -3.2011E+01  1.5575E-03
 -3.1999E+01  1.5048E-03
 -3.1987E+01  1.4408E-03
 -3.1975E+01  1.3667E-03
 -3.1963E+01  1.2845E-03
 -3.1951E+01  1.1961E-03
 -3.1939E+01  1.1035E-03
 -3.1928E+01  1.0089E-03
 -3.1916E+01  9.1432E-04
 -3.1904E+01  8.2185E-04
 -3.1892E+01  7.3337E-04
 -3.1880E+01  6.5054E-04
 -3.1868E+01  5.7477E-04
 -3.1856E+01  5.0715E-04
 -3.1844E+01  4.4845E-04
 -3.1832E+01  3.9908E-04
 -3.1820E+01  3.5911E-04
 -3.1808E+01  3.2826E-04
 -3.1797E+01  3.0595E-04
 -3.1785E+01  2.9136E-04
 -3.1773E+01  2.8340E-04
 -3.1761E+01  2.8089E-04
 -3.1749E+01  2.8249E-04
 -3.1737E+01  2.8687E-04
 -3.1725E+01  2.9271E-04
 -3.1713E+01  2.9879E-04
 -3.1701E+01  3.0403E-04
 -3.1689E+01  3.0752E-04
 -3.1677E+01  3.0862E-04
 -3.1666E+01  3.0690E-04
 -3.1654E+01  3.0222E-04
 -3.1642E+01  2.9470E-04
 -3.1630E+01  2.8470E-04
 -3.1618E+01  2.7281E-04
 -3.1606E+01  2.5984E-04
 -3.1594E+01  2.4670E-04
 -3.1582E+01  2.3444E-04
 -3.1570E+01  2.2415E-04
 -3.1558E+01  2.1691E-04
 -3.1546E+01  2.1374E-04
 -3.1535E+01  2.1555E-04
 -3.1523E+01  2.2312E-04
 -3.1511E+01  2.3702E-04
 -3.1499E+01  2.5762E-04
 -3.1487E+01  2.8504E-04
 -3.1475E+01  3.1915E-04
 -3.1463E+01  3.5961E-04
 -3.1451E+01  4.0581E-04
 -3.1439E+01  4.5695E-04
 -3.1427E+01  5.1207E-04
 -3.1415E+01  5.7002E-04
 -3.1404E+01  6.2959E-04
 -3.1392E+01  6.8950E-04
 -3.1380E+01  7.4847E-04
 -3.1368E+01  8.0522E-04
 -3.1356E+01  8.5858E-04
 -3.1344E+01  9.0744E-04
 -3.1332E+01  9.5087E-04
 -3.1320E+01  9.8806E-04
 -3.1308E+01  1.0184E-03
 -3.1296E+01  1.0414E-03
 -3.1284E+01  1.0569E-03
 -3.1273E+01  1.0647E-03
 -3.1261E+01  1.0651E-03
 -3.1249E+01  1.0582E-03
 -3.1237E+01  1.0445E-03
 -3.1225E+01  1.0245E-03
 -3.1213E+01  9.9888E-04
 -3.1201E+01  9.6836E-04
 -3.1189E+01  9.3367E-04
 -3.1177E+01  8.9560E-04
 -3.1165E+01  8.5490E-04
 -3.1153E+01  8.1231E-04
 -3.1142E+01  7.6851E-04
 -3.1130E+01  7.2413E-04
 -3.1118E+01  6.7972E-04
 -3.1106E+01  6.3575E-04
 -3.1094E+01  5.9262E-04
 -3.1082E+01  5.5066E-04
 -3.1070E+01  5.1012E-04
 -3.1058E+01  4.7119E-04
 -3.1046E+01  4.3401E-04
 -3.1034E+01  3.9867E-04
 -3.1022E+01  3.6522E-04
 -3.1011E+01  3.3368E-04
 -3.0999E+01  3.0405E-04
 -3.0987E+01  2.7629E-04
 -3.0975E+01  2.5038E-04
 -3.0963E+01  2.2626E-04
 -3.0951E+01  2.0389E-04
 -3.0939E+01  1.8322E-04
 -3.0927E+01  1.6417E-04
 -3.0915E+01  1.4669E-04
 -3.0903E+01  1.3073E-04
 -3.0891E+01  1.1621E-04
 -3.0880E+01  1.0307E-04
 -3.0868E+01  9.1254E-05
 -3.0856E+01  8.0691E-05
 -3.0844E+01  7.1315E-05
 -3.0832E+01  6.3058E-05
 -3.0820E+01  5.5852E-05
 -3.0808E+01  4.9632E-05
 -3.0796E+01  4.4332E-05
 -3.0784E+01  3.9890E-05
 -3.0772E+01  3.6248E-05
 -3.0760E+01  3.3352E-05
 -3.0749E+01  3.1156E-05
 -3.0737E+01  2.9616E-05
 -3.0725E+01  2.8699E-05
 -3.0713E+01  2.8374E-05
 -3.0701E+01  2.8618E-05
 -3.0689E+01  2.9410E-05
 -3.0677E+01  3.0734E-05
 -3.0665E+01  3.2575E-05
 -3.0653E+01  3.4917E-05
 -3.0641E+01  3.7743E-05
 -3.0629E+01  4.1030E-05
 -3.0618E+01  4.4754E-05
 -3.0606E+01  4.8881E-05
 -3.0594E+01  5.3373E-05
 -3.0582E+01  5.8183E-05
 -3.0570E+01  6.3260E-05
 -3.0558E+01  6.8545E-05
 -3.0546E+01  7.3976E-05
 -3.0534E+01  7.9489E-05
 -3.0522E+01  8.5017E-05
 -3.0510E+01  9.0495E-05
 -3.0498E+01  9.5861E-05
 -3.0487E+01  1.0106E-04
 -3.0475E+01  1.0603E-04
 -3.0463E+01  1.1073E-04
 -3.0451E+01  1.1512E-04
 -3.0439E+01  1.1918E-04
 -3.0427E+01  1.2288E-04
 -3.0415E+01  1.2620E-04
 -3.0403E+01  1.2914E-04
 -3.0391E+01  1.3171E-04
 -3.0379E+01  1.3390E-04
 -3.0367E+01  1.3572E-04
 -3.0356E+01  1.3721E-04
 -3.0344E+01  1.3836E-04
 -3.0332E+01  1.3922E-04
 -3.0320E+01  1.3978E-04
 -3.0308E+01  1.4008E-04
 -3.0296E+01  1.4013E-04
 -3.0284E+01  1.3995E-04
 -3.0272E+01  1.3955E-04
 -3.0260E+01  1.3894E-04
 -3.0248E+01  1.3812E-04
 -3.0236E+01  1.3708E-04
 -3.0225E+01  1.3582E-04
 -3.0213E+01  1.3434E-04
 -3.0201E+01  1.3262E-04
 -3.0189E+01  1.3064E-04
 -3.0177E+01  1.2838E-04
 -3.0165E+01  1.2585E-04
 -3.0153E+01  1.2300E-04
 -3.0141E+01  1.1985E-04
 -3.0129E+01  1.1637E-04
 -3.0117E+01  1.1256E-04
 -3.0105E+01  1.0843E-04
 -3.0094E+01  1.0398E-04
 -3.0082E+01  9.9241E-05
 -3.0070E+01  9.4229E-05
 -3.0058E+01  8.8982E-05
 -3.0046E+01  8.3546E-05
 -3.0034E+01  7.7974E-05
 -3.0022E+01  7.2330E-05
 -3.0010E+01  6.6685E-05
 -2.9998E+01  6.1120E-05
 -2.9986E+01  5.5718E-05
 -2.9974E+01  5.0569E-05
 -2.9963E+01  4.5764E-05
 -2.9951E+01  4.1390E-05
 -2.9939E+01  3.7534E-05
 -2.9927E+01  3.4272E-05
 -2.9915E+01  3.1670E-05
 -2.9903E+01  2.9778E-05
 -2.9891E+01  2.8632E-05
 -2.9879E+01  2.8244E-05
 -2.9867E+01  2.8607E-05
 -2.9855E+01  2.9693E-05
 -2.9843E+01  3.1451E-05
 -2.9832E+01  3.3810E-05
 -2.9820E+01  3.6680E-05
 -2.9808E+01  3.9959E-05
 -2.9796E+01  4.3531E-05
 -2.9784E+01  4.7277E-05
 -2.9772E+01  5.1077E-05
 -2.9760E+01  5.4813E-05
 -2.9748E+01  5.8382E-05
 -2.9736E+01  6.1692E-05
 -2.9724E+01  6.4676E-05
 -2.9712E+01  6.7286E-05
 -2.9701E+01  6.9506E-05
 -2.9689E+01  7.1346E-05
 -2.9677E+01  7.2842E-05
 -2.9665E+01  7.4060E-05
 -2.9653E+01  7.5087E-05
 -2.9641E+01  7.6029E-05
 -2.9629E+01  7.7005E-05
 -2.9617E+01  7.8138E-05
 -2.9605E+01  7.9551E-05
 -2.9593E+01  8.1358E-05
 -2.9581E+01  8.3655E-05
 -2.9570E+01  8.6518E-05
 -2.9558E+01  8.9992E-05
 -2.9546E+01  9.4092E-05
 -2.9534E+01  9.8799E-05
 -2.9522E+01  1.0406E-04
 -2.9510E+01  1.0978E-04
 -2.9498E+01  1.1585E-04
 -2.9486E+01  1.2212E-04
 -2.9474E+01  1.2843E-04
 -2.9462E+01  1.3462E-04
 -2.9450E+01  1.4050E-04
 -2.9439E+01  1.4592E-04
 -2.9427E+01  1.5073E-04
 -2.9415E+01  1.5479E-04
 -2.9403E+01  1.5802E-04
 -2.9391E+01  1.6034E-04
 -2.9379E+01  1.6174E-04
 -2.9367E+01  1.6222E-04
 -2.9355E+01  1.6183E-04
 -2.9343E+01  1.6062E-04
 -2.9331E+01  1.5872E-04
 -2.9319E+01  1.5622E-04
 -2.9308E+01  1.5325E-04
 -2.9296E+01  1.4994E-04
 -2.9284E+01  1.4641E-04
 -2.9272E+01  1.4276E-04
 -2.9260E+01  1.3908E-04
 -2.9248E+01  1.3543E-04
 -2.9236E+01  1.3183E-04
 -2.9224E+01  1.2827E-04
 -2.9212E+01  1.2474E-04
 -2.9200E+01  1.2117E-04
 -2.9188E+01  1.1749E-04
 -2.9177E+01  1.1362E-04
 -2.9165E+01  1.0946E-04
 -2.9153E+01  1.0494E-04
 -2.9141E+01  9.9991E-05
 -2.9129E+01  9.4577E-05
 -2.9117E+01  8.8698E-05
 -2.9105E+01  8.2390E-05
 -2.9093E+01  7.5736E-05
 -2.9081E+01  6.8862E-05
 -2.9069E+01  6.1935E-05
 -2.9058E+01  5.5159E-05
 -2.9046E+01  4.8765E-05
 -2.9034E+01  4.3000E-05
 -2.9022E+01  3.8114E-05
 -2.9010E+01  3.4347E-05
 -2.8998E+01  3.1911E-05
 -2.8986E+01  3.0982E-05
 -2.8974E+01  3.1687E-05
 -2.8962E+01  3.4093E-05
 -2.8950E+01  3.8206E-05
 -2.8938E+01  4.3969E-05
 -2.8927E+01  5.1269E-05
 -2.8915E+01  5.9942E-05
 -2.8903E+01  6.9788E-05
 -2.8891E+01  8.0588E-05
 -2.8879E+01  9.2126E-05
 -2.8867E+01  1.0421E-04
 -2.8855E+01  1.1669E-04
 -2.8843E+01  1.2949E-04
 -2.8831E+01  1.4263E-04
 -2.8819E+01  1.5622E-04
 -2.8807E+01  1.7051E-04
 -2.8796E+01  1.8586E-04
 -2.8784E+01  2.0275E-04
 -2.8772E+01  2.2178E-04
 -2.8760E+01  2.4364E-04
 -2.8748E+01  2.6910E-04
 -2.8736E+01  2.9893E-04
 -2.8724E+01  3.3394E-04
 -2.8712E+01  3.7486E-04
 -2.8700E+01  4.2234E-04
 -2.8688E+01  4.7688E-04
 -2.8676E+01  5.3879E-04
 -2.8665E+01  6.0816E-04
 -2.8653E+01  6.8480E-04
 -2.8641E+01  7.6824E-04
 -2.8629E+01  8.5770E-04
 -2.8617E+01  9.5207E-04
 -2.8605E+01  1.0500E-03
 -2.8593E+01  1.1498E-03
 -2.8581E+01  1.2495E-03
 -2.8569E+01  1.3472E-03
 -2.8557E+01  1.4407E-03
 -2.8545E+01  1.5277E-03
 -2.8534E+01  1.6062E-03
 -2.8522E+01  1.6741E-03
 -2.8510E+01  1.7295E-03
 -2.8498E+01  1.7710E-03
 -2.8486E+01  1.7973E-03
 -2.8474E+01  1.8075E-03
 -2.8462E+01  1.8013E-03
 -2.8450E+01  1.7786E-03
 -2.8438E+01  1.7400E-03
 -2.8426E+01  1.6863E-03
 -2.8414E+01  1.6188E-03
 -2.8403E+01  1.5394E-03
 -2.8391E+01  1.4500E-03
 -2.8379E+01  1.3530E-03
 -2.8367E+01  1.2509E-03
 -2.8355E+01  1.1463E-03
 -2.8343E+01  1.0417E-03
 -2.8331E+01  9.3979E-04
 -2.8319E+01  8.4271E-04
 -2.8307E+01  7.5252E-04
 -2.8295E+01  6.7089E-04
 -2.8283E+01  5.9910E-04
 -2.8272E+01  5.3799E-04
 -2.8260E+01  4.8795E-04
 -2.8248E+01  4.4894E-04
 -2.8236E+01  4.2050E-04
 -2.8224E+01  4.0178E-04
 -2.8212E+01  3.9163E-04
 -2.8200E+01  3.8863E-04
 -2.8188E+01  3.9121E-04
 -2.8176E+01  3.9769E-04
 -2.8164E+01  4.0640E-04
 -2.8152E+01  4.1576E-04
 -2.8141E+01  4.2432E-04
 -2.8129E+01  4.3092E-04
 -2.8117E+01  4.3465E-04
 -2.8105E+01  4.3495E-04
 -2.8093E+01  4.3163E-04
 -2.8081E+01  4.2486E-04
 -2.8069E+01  4.1519E-04
 -2.8057E+01  4.0348E-04
 -2.8045E+01  3.9088E-04
 -2.8033E+01  3.7878E-04
 -2.8021E+01  3.6873E-04
 -2.8010E+01  3.6236E-04
 -2.7998E+01  3.6132E-04
 -2.7986E+01  3.6719E-04
 -2.7974E+01  3.8139E-04
 -2.7962E+01  4.0513E-04
 -2.7950E+01  4.3934E-04
 -2.7938E+01  4.8463E-04
 -2.7926E+01  5.4123E-04
 -2.7914E+01  6.0898E-04
 -2.7902E+01  6.8734E-04
 -2.7890E+01  7.7540E-04
 -2.7879E+01  8.7191E-04
 -2.7867E+01  9.7530E-04
 -2.7855E+01  1.0838E-03
 -2.7843E+01  1.1953E-03
 -2.7831E+01  1.3079E-03
 -2.7819E+01  1.4193E-03
 -2.7807E+01  1.5273E-03
 -2.7795E+01  1.6300E-03
 -2.7783E+01  1.7253E-03
 -2.7771E+01  1.8116E-03
 -2.7759E+01  1.8872E-03
 -2.7748E+01  1.9510E-03
 -2.7736E+01  2.0020E-03
 -2.7724E+01  2.0396E-03
 -2.7712E+01  2.0634E-03
 -2.7700E+01  2.0734E-03
 -2.7688E+01  2.0700E-03
 -2.7676E+01  2.0537E-03
 -2.7664E+01  2.0253E-03
 -2.7652E+01  1.9859E-03
 -2.7640E+01  1.9367E-03
 -2.7628E+01  1.8788E-03
 -2.7617E+01  1.8136E-03
 -2.7605E+01  1.7424E-03
 -2.7593E+01  1.6665E-03
 -2.7581E+01  1.5872E-03
 -2.7569E+01  1.5057E-03
 -2.7557E+01  1.4228E-03
 -2.7545E+01  1.3397E-03
 -2.7533E+01  1.2570E-03
 -2.7521E+01  1.1756E-03
 -2.7509E+01  1.0960E-03
 -2.7497E+01  1.0187E-03
 -2.7486E+01  9.4408E-04
 -2.7474E+01  8.7245E-04
 -2.7462E+01  8.0404E-04
 -2.7450E+01  7.3899E-04
 -2.7438E+01  6.7741E-04
 -2.7426E+01  6.1934E-04
 -2.7414E+01  5.6479E-04
 -2.7402E+01  5.1371E-04
 -2.7390E+01  4.6606E-04
 -2.7378E+01  4.2175E-04
 -2.7366E+01  3.8068E-04
 -2.7355E+01  3.4276E-04
 -2.7343E+01  3.0785E-04
 -2.7331E+01  2.7586E-04
 -2.7319E+01  2.4665E-04
 -2.7307E+01  2.2012E-04
 -2.7295E+01  1.9613E-04
 -2.7283E+01  1.7457E-04
 -2.7271E+01  1.5534E-04
 -2.7259E+01  1.3834E-04
 -2.7247E+01  1.2345E-04
 -2.7235E+01  1.1060E-04
 -2.7224E+01  9.9704E-05
 -2.7212E+01  9.0696E-05
 -2.7200E+01  8.3518E-05
 -2.7188E+01  7.8127E-05
 -2.7176E+01  7.4487E-05
 -2.7164E+01  7.2577E-05
 -2.7152E+01  7.2382E-05
 -2.7140E+01  7.3892E-05
 -2.7128E+01  7.7101E-05
 -2.7116E+01  8.1999E-05
 -2.7104E+01  8.8571E-05
 -2.7093E+01  9.6792E-05
 -2.7081E+01  1.0662E-04
 -2.7069E+01  1.1800E-04
 -2.7057E+01  1.3085E-04
 -2.7045E+01  1.4506E-04
 -2.7033E+01  1.6051E-04
 -2.7021E+01  1.7706E-04
 -2.7009E+01  1.9452E-04
 -2.6997E+01  2.1273E-04
 -2.6985E+01  2.3146E-04
 -2.6973E+01  2.5052E-04
 -2.6962E+01  2.6969E-04
 -2.6950E+01  2.8874E-04
 -2.6938E+01  3.0748E-04
 -2.6926E+01  3.2569E-04
 -2.6914E+01  3.4317E-04
 -2.6902E+01  3.5976E-04
 -2.6890E+01  3.7529E-04
 -2.6878E+01  3.8961E-04
 -2.6866E+01  4.0260E-04
 -2.6854E+01  4.1417E-04
 -2.6842E+01  4.2423E-04
 -2.6831E+01  4.3274E-04
 -2.6819E+01  4.3967E-04
 -2.6807E+01  4.4501E-04
 -2.6795E+01  4.4876E-04
 -2.6783E+01  4.5098E-04
 -2.6771E+01  4.5170E-04
 -2.6759E+01  4.5098E-04
 -2.6747E+01  4.4889E-04
 -2.6735E+01  4.4551E-04
 -2.6723E+01  4.4091E-04
 -2.6711E+01  4.3516E-04
 -2.6700E+01  4.2835E-04
 -2.6688E+01  4.2054E-04
 -2.6676E+01  4.1182E-04
 -2.6664E+01  4.0224E-04
 -2.6652E+01  3.9187E-04
 -2.6640E+01  3.8080E-04
 -2.6628E+01  3.6907E-04
 -2.6616E+01  3.5676E-04
 -2.6604E+01  3.4395E-04
 -2.6592E+01  3.3070E-04
 -2.6580E+01  3.1708E-04
 -2.6569E+01  3.0316E-04
 -2.6557E+01  2.8902E-04
 -2.6545E+01  2.7473E-04
 -2.6533E+01  2.6034E-04
 -2.6521E+01  2.4593E-04
 -2.6509E+01  2.3155E-04
 -2.6497E+01  2.1726E-04
 -2.6485E+01  2.0312E-04
 -2.6473E+01  1.8918E-04
 -2.6461E+01  1.7552E-04
 -2.6449E+01  1.6219E-04
 -2.6438E+01  1.4926E-04
 -2.6426E+01  1.3681E-04
 -2.6414E+01  1.2493E-04
 -2.6402E+01  1.1371E-04
 -2.6390E+01  1.0324E-04
 -2.6378E+01  9.3629E-05
 -2.6366E+01  8.4986E-05
 -2.6354E+01  7.7413E-05
 -2.6342E+01  7.1011E-05
 -2.6330E+01  6.5870E-05
 -2.6318E+01  6.2072E-05
 -2.6307E+01  5.9680E-05
 -2.6295E+01  5.8740E-05
 -2.6283E+01  5.9278E-05
 -2.6271E+01  6.1296E-05
 -2.6259E+01  6.4774E-05
 -2.6247E+01  6.9670E-05
 -2.6235E+01  7.5920E-05
 -2.6223E+01  8.3441E-05
 -2.6211E+01  9.2134E-05
 -2.6199E+01  1.0189E-04
 -2.6187E+01  1.1259E-04
 -2.6176E+01  1.2413E-04
 -2.6164E+01  1.3638E-04
 -2.6152E+01  1.4925E-04
 -2.6140E+01  1.6265E-04
 -2.6128E+01  1.7652E-04
 -2.6116E+01  1.9081E-04
 -2.6104E+01  2.0550E-04
 -2.6092E+01  2.2059E-04
 -2.6080E+01  2.3610E-04
 -2.6068E+01  2.5207E-04
 -2.6056E+01  2.6854E-04
 -2.6045E+01  2.8554E-04
 -2.6033E+01  3.0311E-04
 -2.6021E+01  3.2127E-04
 -2.6009E+01  3.4000E-04
 -2.5997E+01  3.5925E-04
 -2.5985E+01  3.7894E-04
 -2.5973E+01  3.9894E-04
 -2.5961E+01  4.1906E-04
 -2.5949E+01  4.3909E-04
 -2.5937E+01  4.5876E-04
 -2.5925E+01  4.7778E-04
 -2.5914E+01  4.9582E-04
 -2.5902E+01  5.1255E-04
 -2.5890E+01  5.2763E-04
 -2.5878E+01  5.4073E-04
 -2.5866E+01  5.5156E-04
 -2.5854E+01  5.5984E-04
 -2.5842E+01  5.6537E-04
 -2.5830E+01  5.6796E-04
 -2.5818E+01  5.6753E-04
 -2.5806E+01  5.6404E-04
 -2.5794E+01  5.5752E-04
 -2.5783E+01  5.4809E-04
 -2.5771E+01  5.3592E-04
 -2.5759E+01  5.2123E-04
 -2.5747E+01  5.0434E-04
 -2.5735E+01  4.8556E-04
 -2.5723E+01  4.6527E-04
 -2.5711E+01  4.4383E-04
 -2.5699E+01  4.2164E-04
 -2.5687E+01  3.9905E-04
 -2.5675E+01  3.7638E-04
 -2.5663E+01  3.5395E-04
 -2.5652E+01  3.3197E-04
 -2.5640E+01  3.1064E-04
 -2.5628E+01  2.9007E-04
 -2.5616E+01  2.7035E-04
 -2.5604E+01  2.5148E-04
 -2.5592E+01  2.3344E-04
 -2.5580E+01  2.1618E-04
 -2.5568E+01  1.9963E-04
 -2.5556E+01  1.8373E-04
 -2.5544E+01  1.6841E-04
 -2.5532E+01  1.5363E-04
 -2.5521E+01  1.3940E-04
 -2.5509E+01  1.2574E-04
 -2.5497E+01  1.1274E-04
 -2.5485E+01  1.0052E-04
 -2.5473E+01  8.9231E-05
 -2.5461E+01  7.9068E-05
 -2.5449E+01  7.0240E-05
 -2.5437E+01  6.2962E-05
 -2.5425E+01  5.7445E-05
 -2.5413E+01  5.3881E-05
 -2.5401E+01  5.2427E-05
 -2.5390E+01  5.3197E-05
 -2.5378E+01  5.6255E-05
 -2.5366E+01  6.1604E-05
 -2.5354E+01  6.9193E-05
 -2.5342E+01  7.8917E-05
 -2.5330E+01  9.0625E-05
 -2.5318E+01  1.0414E-04
 -2.5306E+01  1.1926E-04
 -2.5294E+01  1.3579E-04
 -2.5282E+01  1.5359E-04
 -2.5271E+01  1.7254E-04
 -2.5259E+01  1.9260E-04
 -2.5247E+01  2.1385E-04
 -2.5235E+01  2.3644E-04
 -2.5223E+01  2.6067E-04
 -2.5211E+01  2.8693E-04
 -2.5199E+01  3.1577E-04
 -2.5187E+01  3.4778E-04
 -2.5175E+01  3.8368E-04
 -2.5163E+01  4.2419E-04
 -2.5151E+01  4.7006E-04
 -2.5140E+01  5.2200E-04
 -2.5128E+01  5.8061E-04
 -2.5116E+01  6.4638E-04
 -2.5104E+01  7.1958E-04
 -2.5092E+01  8.0025E-04
 -2.5080E+01  8.8819E-04
 -2.5068E+01  9.8285E-04
 -2.5056E+01  1.0834E-03
 -2.5044E+01  1.1886E-03
 -2.5032E+01  1.2971E-03
 -2.5020E+01  1.4071E-03
 -2.5009E+01  1.5167E-03
 -2.4997E+01  1.6236E-03
 -2.4985E+01  1.7256E-03
 -2.4973E+01  1.8204E-03
 -2.4961E+01  1.9058E-03
 -2.4949E+01  1.9795E-03
 -2.4937E+01  2.0395E-03
 -2.4925E+01  2.0842E-03
 -2.4913E+01  2.1122E-03
 -2.4901E+01  2.1223E-03
 -2.4889E+01  2.1142E-03
 -2.4878E+01  2.0877E-03
 -2.4866E+01  2.0433E-03
 -2.4854E+01  1.9819E-03
 -2.4842E+01  1.9050E-03
 -2.4830E+01  1.8144E-03
 -2.4818E+01  1.7125E-03
 -2.4806E+01  1.6018E-03
 -2.4794E+01  1.4852E-03
 -2.4782E+01  1.3656E-03
 -2.4770E+01  1.2459E-03
 -2.4758E+01  1.1289E-03
 -2.4747E+01  1.0171E-03
 -2.4735E+01  9.1299E-04
 -2.4723E+01  8.1831E-04
 -2.4711E+01  7.3455E-04
 -2.4699E+01  6.6271E-04
 -2.4687E+01  6.0328E-04
 -2.4675E+01  5.5625E-04
 -2.4663E+01  5.2118E-04
 -2.4651E+01  4.9718E-04
 -2.4639E+01  4.8298E-04
 -2.4627E+01  4.7706E-04
 -2.4616E+01  4.7765E-04
 -2.4604E+01  4.8290E-04
 -2.4592E+01  4.9092E-04
 -2.4580E+01  4.9995E-04
 -2.4568E+01  5.0836E-04
 -2.4556E+01  5.1482E-04
 -2.4544E+01  5.1829E-04
 -2.4532E+01  5.1815E-04
 -2.4520E+01  5.1416E-04
 -2.4508E+01  5.0650E-04
 -2.4496E+01  4.9577E-04
 -2.4485E+01  4.8295E-04
 -2.4473E+01  4.6934E-04
 -2.4461E+01  4.5651E-04
 -2.4449E+01  4.4624E-04
 -2.4437E+01  4.4041E-04
 -2.4425E+01  4.4090E-04
 -2.4413E+01  4.4954E-04
 -2.4401E+01  4.6797E-04
 -2.4389E+01  4.9760E-04
 -2.4377E+01  5.3948E-04
 -2.4365E+01  5.9431E-04
 -2.4354E+01  6.6233E-04
 -2.4342E+01  7.4336E-04
 -2.4330E+01  8.3675E-04
 -2.4318E+01  9.4141E-04
 -2.4306E+01  1.0559E-03
 -2.4294E+01  1.1783E-03
 -2.4282E+01  1.3065E-03
 -2.4270E+01  1.4381E-03
 -2.4258E+01  1.5706E-03
 -2.4246E+01  1.7014E-03
 -2.4234E+01  1.8279E-03
 -2.4223E+01  1.9474E-03
 -2.4211E+01  2.0577E-03
 -2.4199E+01  2.1566E-03
 -2.4187E+01  2.2422E-03
 -2.4175E+01  2.3129E-03
 -2.4163E+01  2.3678E-03
 -2.4151E+01  2.4061E-03
 -2.4139E+01  2.4274E-03
 -2.4127E+01  2.4320E-03
 -2.4115E+01  2.4203E-03
 -2.4103E+01  2.3932E-03
 -2.4092E+01  2.3517E-03
 -2.4080E+01  2.2972E-03
 -2.4068E+01  2.2312E-03
 -2.4056E+01  2.1553E-03
 -2.4044E+01  2.0711E-03
 -2.4032E+01  1.9802E-03
 -2.4020E+01  1.8842E-03
 -2.4008E+01  1.7847E-03
 -2.3996E+01  1.6831E-03
 -2.3984E+01  1.5806E-03
 -2.3972E+01  1.4785E-03
 -2.3961E+01  1.3777E-03
 -2.3949E+01  1.2790E-03
 -2.3937E+01  1.1834E-03
 -2.3925E+01  1.0912E-03
 -2.3913E+01  1.0030E-03
 -2.3901E+01  9.1911E-04
 -2.3889E+01  8.3973E-04
 -2.3877E+01  7.6496E-04
 -2.3865E+01  6.9485E-04
 -2.3853E+01  6.2936E-04
 -2.3841E+01  5.6840E-04
 -2.3830E+01  5.1186E-04
 -2.3818E+01  4.5959E-04
 -2.3806E+01  4.1145E-04
 -2.3794E+01  3.6726E-04
 -2.3782E+01  3.2687E-04
 -2.3770E+01  2.9012E-04
 -2.3758E+01  2.5685E-04
 -2.3746E+01  2.2692E-04
 -2.3734E+01  2.0016E-04
 -2.3722E+01  1.7643E-04
 -2.3710E+01  1.5559E-04
 -2.3699E+01  1.3748E-04
 -2.3687E+01  1.2195E-04
 -2.3675E+01  1.0886E-04
 -2.3663E+01  9.8079E-05
 -2.3651E+01  8.9473E-05
 -2.3639E+01  8.2926E-05
 -2.3627E+01  7.8340E-05
 -2.3615E+01  7.5633E-05
 -2.3603E+01  7.4744E-05
 -2.3591E+01  7.5635E-05
 -2.3579E+01  7.8285E-05
 -2.3568E+01  8.2693E-05
 -2.3556E+01  8.8875E-05
 -2.3544E+01  9.6854E-05
 -2.3532E+01  1.0666E-04
 -2.3520E+01  1.1832E-04
 -2.3508E+01  1.3186E-04
 -2.3496E+01  1.4728E-04
 -2.3484E+01  1.6458E-04
 -2.3472E+01  1.8370E-04
 -2.3460E+01  2.0460E-04
 -2.3448E+01  2.2716E-04
 -2.3437E+01  2.5126E-04
 -2.3425E+01  2.7673E-04
 -2.3413E+01  3.0337E-04
 -2.3401E+01  3.3094E-04
 -2.3389E+01  3.5917E-04
 -2.3377E+01  3.8777E-04
 -2.3365E+01  4.1642E-04
 -2.3353E+01  4.4478E-04
 -2.3341E+01  4.7251E-04
 -2.3329E+01  4.9926E-04
 -2.3317E+01  5.2468E-04
 -2.3306E+01  5.4844E-04
 -2.3294E+01  5.7025E-04
 -2.3282E+01  5.8982E-04
 -2.3270E+01  6.0692E-04
 -2.3258E+01  6.2137E-04
 -2.3246E+01  6.3301E-04
 -2.3234E+01  6.4175E-04
 -2.3222E+01  6.4753E-04
 -2.3210E+01  6.5036E-04
 -2.3198E+01  6.5026E-04
 -2.3186E+01  6.4729E-04
 -2.3175E+01  6.4155E-04
 -2.3163E+01  6.3316E-04
 -2.3151E+01  6.2226E-04
 -2.3139E+01  6.0903E-04
 -2.3127E+01  5.9362E-04
 -2.3115E+01  5.7625E-04
 -2.3103E+01  5.5712E-04
 -2.3091E+01  5.3645E-04
 -2.3079E+01  5.1448E-04
 -2.3067E+01  4.9144E-04
 -2.3055E+01  4.6758E-04
 -2.3044E+01  4.4315E-04
 -2.3032E+01  4.1838E-04
 -2.3020E+01  3.9352E-04
 -2.3008E+01  3.6877E-04
 -2.2996E+01  3.4435E-04
 -2.2984E+01  3.2043E-04
 -2.2972E+01  2.9717E-04
 -2.2960E+01  2.7471E-04
 -2.2948E+01  2.5316E-04
 -2.2936E+01  2.3260E-04
 -2.2924E+01  2.1310E-04
 -2.2913E+01  1.9470E-04
 -2.2901E+01  1.7744E-04
 -2.2889E+01  1.6132E-04
 -2.2877E+01  1.4636E-04
 -2.2865E+01  1.3254E-04
 -2.2853E+01  1.1986E-04
 -2.2841E+01  1.0830E-04
 -2.2829E+01  9.7857E-05
 -2.2817E+01  8.8512E-05
 -2.2805E+01  8.0265E-05
 -2.2793E+01  7.3122E-05
 -2.2782E+01  6.7093E-05
 -2.2770E+01  6.2201E-05
 -2.2758E+01  5.8480E-05
 -2.2746E+01  5.5973E-05
 -2.2734E+01  5.4732E-05
 -2.2722E+01  5.4821E-05
 -2.2710E+01  5.6310E-05
 -2.2698E+01  5.9274E-05
 -2.2686E+01  6.3791E-05
 -2.2674E+01  6.9941E-05
 -2.2662E+01  7.7803E-05
 -2.2651E+01  8.7452E-05
 -2.2639E+01  9.8958E-05
 -2.2627E+01  1.1238E-04
 -2.2615E+01  1.2778E-04
 -2.2603E+01  1.4520E-04
 -2.2591E+01  1.6469E-04
 -2.2579E+01  1.8627E-04
 -2.2567E+01  2.0996E-04
 -2.2555E+01  2.3578E-04
 -2.2543E+01  2.6374E-04
 -2.2531E+01  2.9382E-04
 -2.2520E+01  3.2600E-04
 -2.2508E+01  3.6023E-04
 -2.2496E+01  3.9643E-04
 -2.2484E+01  4.3450E-04
 -2.2472E+01  4.7428E-04
 -2.2460E+01  5.1558E-04
 -2.2448E+01  5.5816E-04
 -2.2436E+01  6.0172E-04
 -2.2424E+01  6.4590E-04
 -2.2412E+01  6.9031E-04
 -2.2400E+01  7.3448E-04
 -2.2389E+01  7.7791E-04
 -2.2377E+01  8.2008E-04
 -2.2365E+01  8.6042E-04
 -2.2353E+01  8.9836E-04
 -2.2341E+01  9.3333E-04
 -2.2329E+01  9.6475E-04
 -2.2317E+01  9.9208E-04
 -2.2305E+01  1.0148E-03
 -2.2293E+01  1.0325E-03
 -2.2281E+01  1.0447E-03
 -2.2269E+01  1.0510E-03
 -2.2258E+01  1.0514E-03
 -2.2246E+01  1.0455E-03
 -2.2234E+01  1.0334E-03
 -2.2222E+01  1.0152E-03
 -2.2210E+01  9.9108E-04
 -2.2198E+01  9.6138E-04
 -2.2186E+01  9.2658E-04
 -2.2174E+01  8.8725E-04
 -2.2162E+01  8.4407E-04
 -2.2150E+01  7.9778E-04
 -2.2138E+01  7.4917E-04
 -2.2127E+01  6.9905E-04
 -2.2115E+01  6.4822E-04
 -2.2103E+01  5.9746E-04
 -2.2091E+01  5.4746E-04
 -2.2079E+01  4.9888E-04
 -2.2067E+01  4.5226E-04
 -2.2055E+01  4.0804E-04
 -2.2043E+01  3.6657E-04
 -2.2031E+01  3.2809E-04
 -2.2019E+01  2.9275E-04
 -2.2007E+01  2.6060E-04
 -2.1996E+01  2.3160E-04
 -2.1984E+01  2.0566E-04
 -2.1972E+01  1.8263E-04
 -2.1960E+01  1.6232E-04
 -2.1948E+01  1.4453E-04
 -2.1936E+01  1.2905E-04
 -2.1924E+01  1.1568E-04
 -2.1912E+01  1.0427E-04
 -2.1900E+01  9.4673E-05
 -2.1888E+01  8.6817E-05
 -2.1876E+01  8.0669E-05
 -2.1865E+01  7.6250E-05
 -2.1853E+01  7.3634E-05
 -2.1841E+01  7.2936E-05
 -2.1829E+01  7.4313E-05
 -2.1817E+01  7.7950E-05
 -2.1805E+01  8.4054E-05
 -2.1793E+01  9.2842E-05
 -2.1781E+01  1.0453E-04
 -2.1769E+01  1.1935E-04
 -2.1757E+01  1.3751E-04
 -2.1745E+01  1.5921E-04
 -2.1734E+01  1.8466E-04
 -2.1722E+01  2.1408E-04
 -2.1710E+01  2.4768E-04
 -2.1698E+01  2.8571E-04
 -2.1686E+01  3.2846E-04
 -2.1674E+01  3.7625E-04
 -2.1662E+01  4.2947E-04
 -2.1650E+01  4.8857E-04
 -2.1638E+01  5.5403E-04
 -2.1626E+01  6.2641E-04
 -2.1614E+01  7.0631E-04
 -2.1603E+01  7.9431E-04
 -2.1591E+01  8.9101E-04
 -2.1579E+01  9.9693E-04
 -2.1567E+01  1.1125E-03
 -2.1555E+01  1.2380E-03
 -2.1543E+01  1.3736E-03
 -2.1531E+01  1.5190E-03
 -2.1519E+01  1.6740E-03
 -2.1507E+01  1.8378E-03
 -2.1495E+01  2.0093E-03
 -2.1483E+01  2.1872E-03
 -2.1472E+01  2.3698E-03
 -2.1460E+01  2.5550E-03
 -2.1448E+01  2.7403E-03
 -2.1436E+01  2.9232E-03
 -2.1424E+01  3.1007E-03
 -2.1412E+01  3.2697E-03
 -2.1400E+01  3.4269E-03
 -2.1388E+01  3.5691E-03
 -2.1376E+01  3.6928E-03
 -2.1364E+01  3.7951E-03
 -2.1353E+01  3.8731E-03
 -2.1341E+01  3.9243E-03
 -2.1329E+01  3.9468E-03
 -2.1317E+01  3.9392E-03
 -2.1305E+01  3.9009E-03
 -2.1293E+01  3.8321E-03
 -2.1281E+01  3.7336E-03
 -2.1269E+01  3.6071E-03
 -2.1257E+01  3.4553E-03
 -2.1245E+01  3.2810E-03
 -2.1233E+01  3.0882E-03
 -2.1222E+01  2.8810E-03
 -2.1210E+01  2.6639E-03
 -2.1198E+01  2.4415E-03
 -2.1186E+01  2.2187E-03
 -2.1174E+01  1.9999E-03
 -2.1162E+01  1.7897E-03
 -2.1150E+01  1.5918E-03
 -2.1138E+01  1.4099E-03
 -2.1126E+01  1.2469E-03
 -2.1114E+01  1.1049E-03
 -2.1102E+01  9.8529E-04
 -2.1091E+01  8.8883E-04
 -2.1079E+01  8.1532E-04
 -2.1067E+01  7.6383E-04
 -2.1055E+01  7.3270E-04
 -2.1043E+01  7.1963E-04
 -2.1031E+01  7.2184E-04
 -2.1019E+01  7.3616E-04
 -2.1007E+01  7.5919E-04
 -2.0995E+01  7.8749E-04
 -2.0983E+01  8.1772E-04
 -2.0971E+01  8.4676E-04
 -2.0960E+01  8.7192E-04
 -2.0948E+01  8.9099E-04
 -2.0936E+01  9.0237E-04
 -2.0924E+01  9.0510E-04
 -2.0912E+01  8.9897E-04
 -2.0900E+01  8.8447E-04
 -2.0888E+01  8.6278E-04
 -2.0876E+01  8.3574E-04
 -2.0864E+01  8.0572E-04
 -2.0852E+01  7.7556E-04
 -2.0840E+01  7.4838E-04
 -2.0829E+01  7.2745E-04
 -2.0817E+01  7.1604E-04
 -2.0805E+01  7.1725E-04
 -2.0793E+01  7.3386E-04
 -2.0781E+01  7.6816E-04
 -2.0769E+01  8.2191E-04
 -2.0757E+01  8.9617E-04
 -2.0745E+01  9.9126E-04
 -2.0733E+01  1.1067E-03
 -2.0721E+01  1.2414E-03
 -2.0709E+01  1.3932E-03
 -2.0698E+01  1.5595E-03
 -2.0686E+01  1.7368E-03
 -2.0674E+01  1.9214E-03
 -2.0662E+01  2.1090E-03
 -2.0650E+01  2.2950E-03
 -2.0638E+01  2.4750E-03
 -2.0626E+01  2.6444E-03
 -2.0614E+01  2.7990E-03
 -2.0602E+01  2.9350E-03
 -2.0590E+01  3.0493E-03
 -2.0578E+01  3.1392E-03
 -2.0567E+01  3.2028E-03
 -2.0555E+01  3.2389E-03
 -2.0543E+01  3.2471E-03
 -2.0531E+01  3.2278E-03
 -2.0519E+01  3.1819E-03
 -2.0507E+01  3.1109E-03
 -2.0495E+01  3.0171E-03
 -2.0483E+01  2.9030E-03
 -2.0471E+01  2.7716E-03
 -2.0459E+01  2.6260E-03
 -2.0447E+01  2.4697E-03
 -2.0436E+01  2.3061E-03
 -2.0424E+01  2.1385E-03
 -2.0412E+01  1.9701E-03
 -2.0400E+01  1.8039E-03
 -2.0388E+01  1.6426E-03
 -2.0376E+01  1.4882E-03
 -2.0364E+01  1.3426E-03
 -2.0352E+01  1.2070E-03
 -2.0340E+01  1.0823E-03
 -2.0328E+01  9.6886E-04
 -2.0316E+01  8.6668E-04
 -2.0305E+01  7.7540E-04
 -2.0293E+01  6.9438E-04
 -2.0281E+01  6.2280E-04
 -2.0269E+01  5.5965E-04
 -2.0257E+01  5.0390E-04
 -2.0245E+01  4.5447E-04
 -2.0233E+01  4.1034E-04
 -2.0221E+01  3.7057E-04
 -2.0209E+01  3.3434E-04
 -2.0197E+01  3.0096E-04
 -2.0185E+01  2.6990E-04
 -2.0174E+01  2.4080E-04
 -2.0162E+01  2.1342E-04
 -2.0150E+01  1.8766E-04
 -2.0138E+01  1.6355E-04
 -2.0126E+01  1.4118E-04
 -2.0114E+01  1.2069E-04
 -2.0102E+01  1.0227E-04
 -2.0090E+01  8.6080E-05
 -2.0078E+01  7.2266E-05
 -2.0066E+01  6.0925E-05
 -2.0054E+01  5.2090E-05
 -2.0043E+01  4.5721E-05
 -2.0031E+01  4.1703E-05
 -2.0019E+01  3.9843E-05
 -2.0007E+01  3.9882E-05
 -1.9995E+01  4.1502E-05
 -1.9983E+01  4.4345E-05
 -1.9971E+01  4.8030E-05
 -1.9959E+01  5.2172E-05
 -1.9947E+01  5.6399E-05
 -1.9935E+01  6.0374E-05
 -1.9923E+01  6.3806E-05
 -1.9912E+01  6.6464E-05
 -1.9900E+01  6.8185E-05
 -1.9888E+01  6.8874E-05
 -1.9876E+01  6.8508E-05
 -1.9864E+01  6.7125E-05
 -1.9852E+01  6.4823E-05
 -1.9840E+01  6.1744E-05
 -1.9828E+01  5.8061E-05
 -1.9816E+01  5.3971E-05
 -1.9804E+01  4.9675E-05
 -1.9792E+01  4.5369E-05
 -1.9781E+01  4.1229E-05
 -1.9769E+01  3.7406E-05
 -1.9757E+01  3.4013E-05
 -1.9745E+01  3.1126E-05
 -1.9733E+01  2.8780E-05
 -1.9721E+01  2.6972E-05
 -1.9709E+01  2.5664E-05
 -1.9697E+01  2.4790E-05
 -1.9685E+01  2.4265E-05
 -1.9673E+01  2.3997E-05
 -1.9661E+01  2.3890E-05
 -1.9650E+01  2.3861E-05
 -1.9638E+01  2.3840E-05
 -1.9626E+01  2.3786E-05
 -1.9614E+01  2.3680E-05
 -1.9602E+01  2.3536E-05
 -1.9590E+01  2.3398E-05
 -1.9578E+01  2.3332E-05
 -1.9566E+01  2.3429E-05
 -1.9554E+01  2.3790E-05
 -1.9542E+01  2.4524E-05
 -1.9530E+01  2.5734E-05
 -1.9519E+01  2.7510E-05
 -1.9507E+01  2.9922E-05
 -1.9495E+01  3.3007E-05
 -1.9483E+01  3.6769E-05
 -1.9471E+01  4.1172E-05
 -1.9459E+01  4.6141E-05
 -1.9447E+01  5.1563E-05
 -1.9435E+01  5.7288E-05
 -1.9423E+01  6.3140E-05
 -1.9411E+01  6.8918E-05
 -1.9399E+01  7.4413E-05
 -1.9388E+01  7.9414E-05
 -1.9376E+01  8.3720E-05
 -1.9364E+01  8.7151E-05
 -1.9352E+01  8.9561E-05
 -1.9340E+01  9.0847E-05
 -1.9328E+01  9.0952E-05
 -1.9316E+01  8.9878E-05
 -1.9304E+01  8.7682E-05
 -1.9292E+01  8.4477E-05
 -1.9280E+01  8.0428E-05
 -1.9268E+01  7.5742E-05
 -1.9257E+01  7.0666E-05
 -1.9245E+01  6.5465E-05
 -1.9233E+01  6.0420E-05
 -1.9221E+01  5.5807E-05
 -1.9209E+01  5.1891E-05
 -1.9197E+01  4.8910E-05
 -1.9185E+01  4.7066E-05
 -1.9173E+01  4.6517E-05
 -1.9161E+01  4.7369E-05
 -1.9149E+01  4.9672E-05
 -1.9137E+01  5.3419E-05
 -1.9126E+01  5.8546E-05
 -1.9114E+01  6.4935E-05
 -1.9102E+01  7.2419E-05
 -1.9090E+01  8.0793E-05
 -1.9078E+01  8.9824E-05
 -1.9066E+01  9.9258E-05
 -1.9054E+01  1.0884E-04
 -1.9042E+01  1.1830E-04
 -1.9030E+01  1.2742E-04
 -1.9018E+01  1.3598E-04
 -1.9006E+01  1.4379E-04
 -1.8995E+01  1.5071E-04
 -1.8983E+01  1.5663E-04
 -1.8971E+01  1.6150E-04
 -1.8959E+01  1.6527E-04
 -1.8947E+01  1.6798E-04
 -1.8935E+01  1.6966E-04
 -1.8923E+01  1.7039E-04
 -1.8911E+01  1.7028E-04
 -1.8899E+01  1.6945E-04
 -1.8887E+01  1.6804E-04
 -1.8875E+01  1.6618E-04
 -1.8864E+01  1.6402E-04
 -1.8852E+01  1.6171E-04
 -1.8840E+01  1.5936E-04
 -1.8828E+01  1.5710E-04
 -1.8816E+01  1.5502E-04
 -1.8804E+01  1.5322E-04
 -1.8792E+01  1.5175E-04
 -1.8780E+01  1.5066E-04
 -1.8768E+01  1.4997E-04
 -1.8756E+01  1.4971E-04
 -1.8744E+01  1.4988E-04
 -1.8733E+01  1.5045E-04
 -1.8721E+01  1.5142E-04
 -1.8709E+01  1.5275E-04
 -1.8697E+01  1.5441E-04
 -1.8685E+01  1.5637E-04
 -1.8673E+01  1.5856E-04
 -1.8661E+01  1.6095E-04
 -1.8649E+01  1.6348E-04
 -1.8637E+01  1.6608E-04
 -1.8625E+01  1.6869E-04
 -1.8613E+01  1.7122E-04
 -1.8602E+01  1.7360E-04
 -1.8590E+01  1.7574E-04
 -1.8578E+01  1.7754E-04
 -1.8566E+01  1.7890E-04
 -1.8554E+01  1.7972E-04
 -1.8542E+01  1.7991E-04
 -1.8530E+01  1.7937E-04
 -1.8518E+01  1.7801E-04
 -1.8506E+01  1.7576E-04
 -1.8494E+01  1.7258E-04
 -1.8482E+01  1.6843E-04
 -1.8471E+01  1.6332E-04
 -1.8459E+01  1.5729E-04
 -1.8447E+01  1.5041E-04
 -1.8435E+01  1.4278E-04
 -1.8423E+01  1.3454E-04
 -1.8411E+01  1.2587E-04
 -1.8399E+01  1.1696E-04
 -1.8387E+01  1.0803E-04
 -1.8375E+01  9.9311E-05
 -1.8363E+01  9.1033E-05
 -1.8351E+01  8.3428E-05
 -1.8340E+01  7.6720E-05
 -1.8328E+01  7.1110E-05
 -1.8316E+01  6.6782E-05
 -1.8304E+01  6.3888E-05
 -1.8292E+01  6.2551E-05
 -1.8280E+01  6.2858E-05
 -1.8268E+01  6.4864E-05
 -1.8256E+01  6.8587E-05
 -1.8244E+01  7.4011E-05
 -1.8232E+01  8.1094E-05
 -1.8220E+01  8.9764E-05
 -1.8209E+01  9.9933E-05
 -1.8197E+01  1.1150E-04
 -1.8185E+01  1.2435E-04
 -1.8173E+01  1.3839E-04
 -1.8161E+01  1.5352E-04
 -1.8149E+01  1.6965E-04
 -1.8137E+01  1.8672E-04
 -1.8125E+01  2.0469E-04
 -1.8113E+01  2.2354E-04
 -1.8101E+01  2.4328E-04
 -1.8089E+01  2.6393E-04
 -1.8078E+01  2.8554E-04
 -1.8066E+01  3.0817E-04
 -1.8054E+01  3.3188E-04
 -1.8042E+01  3.5676E-04
 -1.8030E+01  3.8288E-04
 -1.8018E+01  4.1031E-04
 -1.8006E+01  4.3912E-04
 -1.7994E+01  4.6937E-04
 -1.7982E+01  5.0109E-04
 -1.7970E+01  5.3432E-04
 -1.7958E+01  5.6906E-04
 -1.7947E+01  6.0530E-04
 -1.7935E+01  6.4301E-04
 -1.7923E+01  6.8211E-04
 -1.7911E+01  7.2252E-04
 -1.7899E+01  7.6408E-04
 -1.7887E+01  8.0662E-04
 -1.7875E+01  8.4991E-04
 -1.7863E+01  8.9364E-04
 -1.7851E+01  9.3745E-04
 -1.7839E+01  9.8092E-04
 -1.7827E+01  1.0235E-03
 -1.7816E+01  1.0648E-03
 -1.7804E+01  1.1040E-03
 -1.7792E+01  1.1405E-03
 -1.7780E+01  1.1736E-03
 -1.7768E+01  1.2027E-03
 -1.7756E+01  1.2269E-03
 -1.7744E+01  1.2457E-03
 -1.7732E+01  1.2583E-03
 -1.7720E+01  1.2643E-03
 -1.7708E+01  1.2631E-03
 -1.7696E+01  1.2544E-03
 -1.7685E+01  1.2380E-03
 -1.7673E+01  1.2137E-03
 -1.7661E+01  1.1816E-03
 -1.7649E+01  1.1419E-03
 -1.7637E+01  1.0951E-03
 -1.7625E+01  1.0418E-03
 -1.7613E+01  9.8287E-04
 -1.7601E+01  9.1923E-04
 -1.7589E+01  8.5213E-04
 -1.7577E+01  7.8295E-04
 -1.7565E+01  7.1318E-04
 -1.7554E+01  6.4441E-04
 -1.7542E+01  5.7821E-04
 -1.7530E+01  5.1618E-04
 -1.7518E+01  4.5978E-04
 -1.7506E+01  4.1031E-04
 -1.7494E+01  3.6888E-04
 -1.7482E+01  3.3631E-04
 -1.7470E+01  3.1314E-04
 -1.7458E+01  2.9957E-04
 -1.7446E+01  2.9545E-04
 -1.7435E+01  3.0030E-04
 -1.7423E+01  3.1330E-04
 -1.7411E+01  3.3336E-04
 -1.7399E+01  3.5910E-04
 -1.7387E+01  3.8895E-04
 -1.7375E+01  4.2122E-04
 -1.7363E+01  4.5416E-04
 -1.7351E+01  4.8605E-04
 -1.7339E+01  5.1533E-04
 -1.7327E+01  5.4062E-04
 -1.7315E+01  5.6087E-04
 -1.7304E+01  5.7540E-04
 -1.7292E+01  5.8394E-04
 -1.7280E+01  5.8671E-04
 -1.7268E+01  5.8440E-04
 -1.7256E+01  5.7816E-04
 -1.7244E+01  5.6958E-04
 -1.7232E+01  5.6060E-04
 -1.7220E+01  5.5348E-04
 -1.7208E+01  5.5069E-04
 -1.7196E+01  5.5479E-04
 -1.7184E+01  5.6829E-04
 -1.7173E+01  5.9358E-04
 -1.7161E+01  6.3276E-04
 -1.7149E+01  6.8751E-04
 -1.7137E+01  7.5901E-04
 -1.7125E+01  8.4781E-04
 -1.7113E+01  9.5379E-04
 -1.7101E+01  1.0761E-03
 -1.7089E+01  1.2131E-03
 -1.7077E+01  1.3627E-03
 -1.7065E+01  1.5218E-03
 -1.7053E+01  1.6870E-03
 -1.7042E+01  1.8544E-03
 -1.7030E+01  2.0199E-03
 -1.7018E+01  2.1790E-03
 -1.7006E+01  2.3275E-03
 -1.6994E+01  2.4612E-03
 -1.6982E+01  2.5761E-03
 -1.6970E+01  2.6687E-03
 -1.6958E+01  2.7363E-03
 -1.6946E+01  2.7764E-03
 -1.6934E+01  2.7879E-03
 -1.6922E+01  2.7701E-03
 -1.6911E+01  2.7236E-03
 -1.6899E+01  2.6495E-03
 -1.6887E+01  2.5501E-03
 -1.6875E+01  2.4284E-03
 -1.6863E+01  2.2880E-03
 -1.6851E+01  2.1330E-03
 -1.6839E+01  1.9681E-03
 -1.6827E+01  1.7976E-03
 -1.6815E+01  1.6262E-03
 -1.6803E+01  1.4581E-03
 -1.6791E+01  1.2973E-03
 -1.6780E+01  1.1471E-03
 -1.6768E+01  1.0103E-03
 -1.6756E+01  8.8873E-04
 -1.6744E+01  7.8387E-04
 -1.6732E+01  6.9620E-04
 -1.6720E+01  6.2555E-04
 -1.6708E+01  5.7108E-04
 -1.6696E+01  5.3134E-04
 -1.6684E+01  5.0441E-04
 -1.6672E+01  4.8801E-04
 -1.6660E+01  4.7964E-04
 -1.6649E+01  4.7668E-04
 -1.6637E+01  4.7661E-04
 -1.6625E+01  4.7709E-04
 -1.6613E+01  4.7608E-04
 -1.6601E+01  4.7193E-04
 -1.6589E+01  4.6346E-04
 -1.6577E+01  4.4998E-04
 -1.6565E+01  4.3132E-04
 -1.6553E+01  4.0776E-04
 -1.6541E+01  3.8002E-04
 -1.6529E+01  3.4919E-04
 -1.6518E+01  3.1664E-04
 -1.6506E+01  2.8390E-04
 -1.6494E+01  2.5261E-04
 -1.6482E+01  2.2436E-04
 -1.6470E+01  2.0064E-04
 -1.6458E+01  1.8273E-04
 -1.6446E+01  1.7161E-04
 -1.6434E+01  1.6797E-04
 -1.6422E+01  1.7211E-04
 -1.6410E+01  1.8401E-04
 -1.6398E+01  2.0329E-04
 -1.6387E+01  2.2932E-04
 -1.6375E+01  2.6122E-04
 -1.6363E+01  2.9798E-04
 -1.6351E+01  3.3852E-04
 -1.6339E+01  3.8178E-04
 -1.6327E+01  4.2678E-04
 -1.6315E+01  4.7274E-04
 -1.6303E+01  5.1904E-04
 -1.6291E+01  5.6536E-04
 -1.6279E+01  6.1160E-04
 -1.6267E+01  6.5796E-04
 -1.6256E+01  7.0485E-04
 -1.6244E+01  7.5289E-04
 -1.6232E+01  8.0281E-04
 -1.6220E+01  8.5542E-04
 -1.6208E+01  9.1149E-04
 -1.6196E+01  9.7171E-04
 -1.6184E+01  1.0365E-03
 -1.6172E+01  1.1062E-03
 -1.6160E+01  1.1806E-03
 -1.6148E+01  1.2592E-03
 -1.6136E+01  1.3413E-03
 -1.6125E+01  1.4255E-03
 -1.6113E+01  1.5102E-03
 -1.6101E+01  1.5934E-03
 -1.6089E+01  1.6731E-03
 -1.6077E+01  1.7468E-03
 -1.6065E+01  1.8122E-03
 -1.6053E+01  1.8670E-03
 -1.6041E+01  1.9090E-03
 -1.6029E+01  1.9365E-03
 -1.6017E+01  1.9482E-03
 -1.6005E+01  1.9431E-03
 -1.5994E+01  1.9211E-03
 -1.5982E+01  1.8825E-03
 -1.5970E+01  1.8284E-03
 -1.5958E+01  1.7603E-03
 -1.5946E+01  1.6802E-03
 -1.5934E+01  1.5906E-03
 -1.5922E+01  1.4941E-03
 -1.5910E+01  1.3937E-03
 -1.5898E+01  1.2921E-03
 -1.5886E+01  1.1921E-03
 -1.5874E+01  1.0962E-03
 -1.5863E+01  1.0065E-03
 -1.5851E+01  9.2485E-04
 -1.5839E+01  8.5233E-04
 -1.5827E+01  7.8966E-04
 -1.5815E+01  7.3697E-04
 -1.5803E+01  6.9387E-04
 -1.5791E+01  6.5948E-04
 -1.5779E+01  6.3250E-04
 -1.5767E+01  6.1135E-04
 -1.5755E+01  5.9424E-04
 -1.5743E+01  5.7933E-04
 -1.5732E+01  5.6481E-04
 -1.5720E+01  5.4910E-04
 -1.5708E+01  5.3085E-04
 -1.5696E+01  5.0913E-04
 -1.5684E+01  4.8342E-04
 -1.5672E+01  4.5367E-04
 -1.5660E+01  4.2028E-04
 -1.5648E+01  3.8410E-04
 -1.5636E+01  3.4638E-04
 -1.5624E+01  3.0865E-04
 -1.5612E+01  2.7266E-04
 -1.5601E+01  2.4025E-04
 -1.5589E+01  2.1322E-04
 -1.5577E+01  1.9324E-04
 -1.5565E+01  1.8172E-04
 -1.5553E+01  1.7971E-04
 -1.5541E+01  1.8785E-04
 -1.5529E+01  2.0634E-04
 -1.5517E+01  2.3492E-04
 -1.5505E+01  2.7289E-04
 -1.5493E+01  3.1921E-04
 -1.5481E+01  3.7256E-04
 -1.5470E+01  4.3146E-04
 -1.5458E+01  4.9436E-04
 -1.5446E+01  5.5982E-04
 -1.5434E+01  6.2660E-04
 -1.5422E+01  6.9378E-04
 -1.5410E+01  7.6083E-04
 -1.5398E+01  8.2775E-04
 -1.5386E+01  8.9502E-04
 -1.5374E+01  9.6366E-04
 -1.5362E+01  1.0352E-03
 -1.5350E+01  1.1115E-03
 -1.5339E+01  1.1948E-03
 -1.5327E+01  1.2874E-03
 -1.5315E+01  1.3917E-03
 -1.5303E+01  1.5100E-03
 -1.5291E+01  1.6438E-03
 -1.5279E+01  1.7946E-03
 -1.5267E+01  1.9627E-03
 -1.5255E+01  2.1479E-03
 -1.5243E+01  2.3488E-03
 -1.5231E+01  2.5633E-03
 -1.5219E+01  2.7881E-03
 -1.5208E+01  3.0189E-03
 -1.5196E+01  3.2507E-03
 -1.5184E+01  3.4778E-03
 -1.5172E+01  3.6938E-03
 -1.5160E+01  3.8925E-03
 -1.5148E+01  4.0674E-03
 -1.5136E+01  4.2126E-03
 -1.5124E+01  4.3229E-03
 -1.5112E+01  4.3941E-03
 -1.5100E+01  4.4230E-03
 -1.5088E+01  4.4080E-03
 -1.5077E+01  4.3489E-03
 -1.5065E+01  4.2470E-03
 -1.5053E+01  4.1050E-03
 -1.5041E+01  3.9270E-03
 -1.5029E+01  3.7181E-03
 -1.5017E+01  3.4845E-03
 -1.5005E+01  3.2330E-03
 -1.4993E+01  2.9706E-03
 -1.4981E+01  2.7047E-03
 -1.4969E+01  2.4424E-03
 -1.4957E+01  2.1902E-03
 -1.4946E+01  1.9540E-03
 -1.4934E+01  1.7387E-03
 -1.4922E+01  1.5478E-03
 -1.4910E+01  1.3839E-03
 -1.4898E+01  1.2480E-03
 -1.4886E+01  1.1397E-03
 -1.4874E+01  1.0573E-03
 -1.4862E+01  9.9825E-04
 -1.4850E+01  9.5882E-04
 -1.4838E+01  9.3473E-04
 -1.4826E+01  9.2135E-04
 -1.4815E+01  9.1397E-04
 -1.4803E+01  9.0809E-04
 -1.4791E+01  8.9973E-04
 -1.4779E+01  8.8557E-04
 -1.4767E+01  8.6322E-04
 -1.4755E+01  8.3127E-04
 -1.4743E+01  7.8936E-04
 -1.4731E+01  7.3819E-04
 -1.4719E+01  6.7944E-04
 -1.4707E+01  6.1562E-04
 -1.4695E+01  5.4990E-04
 -1.4684E+01  4.8589E-04
 -1.4672E+01  4.2737E-04
 -1.4660E+01  3.7806E-04
 -1.4648E+01  3.4138E-04
 -1.4636E+01  3.2022E-04
 -1.4624E+01  3.1682E-04
 -1.4612E+01  3.3261E-04
 -1.4600E+01  3.6825E-04
 -1.4588E+01  4.2359E-04
 -1.4576E+01  4.9784E-04
 -1.4564E+01  5.8967E-04
 -1.4553E+01  6.9745E-04
 -1.4541E+01  8.1947E-04
 -1.4529E+01  9.5424E-04
 -1.4517E+01  1.1007E-03
 -1.4505E+01  1.2585E-03
 -1.4493E+01  1.4282E-03
 -1.4481E+01  1.6115E-03
 -1.4469E+01  1.8110E-03
 -1.4457E+01  2.0307E-03
 -1.4445E+01  2.2756E-03
 -1.4433E+01  2.5513E-03
 -1.4422E+01  2.8642E-03
 -1.4410E+01  3.2210E-03
 -1.4398E+01  3.6278E-03
 -1.4386E+01  4.0904E-03
 -1.4374E+01  4.6132E-03
 -1.4362E+01  5.1989E-03
 -1.4350E+01  5.8482E-03
 -1.4338E+01  6.5590E-03
 -1.4326E+01  7.3264E-03
 -1.4314E+01  8.1423E-03
 -1.4302E+01  8.9955E-03
 -1.4291E+01  9.8716E-03
 -1.4279E+01  1.0753E-02
 -1.4267E+01  1.1621E-02
 -1.4255E+01  1.2455E-02
 -1.4243E+01  1.3231E-02
 -1.4231E+01  1.3929E-02
 -1.4219E+01  1.4527E-02
 -1.4207E+01  1.5007E-02
 -1.4195E+01  1.5353E-02
 -1.4183E+01  1.5551E-02
 -1.4171E+01  1.5593E-02
 -1.4160E+01  1.5476E-02
 -1.4148E+01  1.5200E-02
 -1.4136E+01  1.4772E-02
 -1.4124E+01  1.4202E-02
 -1.4112E+01  1.3505E-02
 -1.4100E+01  1.2702E-02
 -1.4088E+01  1.1816E-02
 -1.4076E+01  1.0874E-02
 -1.4064E+01  9.9040E-03
 -1.4052E+01  8.9366E-03
 -1.4040E+01  8.0010E-03
 -1.4029E+01  7.1256E-03
 -1.4017E+01  6.3360E-03
 -1.4005E+01  5.6542E-03
 -1.3993E+01  5.0975E-03
 -1.3981E+01  4.6779E-03
 -1.3969E+01  4.4014E-03
 -1.3957E+01  4.2680E-03
 -1.3945E+01  4.2718E-03
 -1.3933E+01  4.4012E-03
 -1.3921E+01  4.6400E-03
 -1.3909E+01  4.9674E-03
 -1.3898E+01  5.3602E-03
 -1.3886E+01  5.7930E-03
 -1.3874E+01  6.2398E-03
 -1.3862E+01  6.6757E-03
 -1.3850E+01  7.0777E-03
 -1.3838E+01  7.4264E-03
 -1.3826E+01  7.7070E-03
 -1.3814E+01  7.9103E-03
 -1.3802E+01  8.0335E-03
 -1.3790E+01  8.0808E-03
 -1.3778E+01  8.0630E-03
 -1.3767E+01  7.9980E-03
 -1.3755E+01  7.9093E-03
 -1.3743E+01  7.8261E-03
 -1.3731E+01  7.7812E-03
 -1.3719E+01  7.8103E-03
 -1.3707E+01  7.9504E-03
 -1.3695E+01  8.2380E-03
 -1.3683E+01  8.7075E-03
 -1.3671E+01  9.3898E-03
 -1.3659E+01  1.0311E-02
 -1.3647E+01  1.1490E-02
 -1.3636E+01  1.2938E-02
 -1.3624E+01  1.4658E-02
 -1.3612E+01  1.6645E-02
 -1.3600E+01  1.8881E-02
 -1.3588E+01  2.1341E-02
 -1.3576E+01  2.3993E-02
 -1.3564E+01  2.6795E-02
 -1.3552E+01  2.9698E-02
 -1.3540E+01  3.2651E-02
 -1.3528E+01  3.5599E-02
 -1.3517E+01  3.8485E-02
 -1.3505E+01  4.1252E-02
 -1.3493E+01  4.3846E-02
 -1.3481E+01  4.6216E-02
 -1.3469E+01  4.8315E-02
 -1.3457E+01  5.0102E-02
 -1.3445E+01  5.1542E-02
 -1.3433E+01  5.2608E-02
 -1.3421E+01  5.3280E-02
 -1.3409E+01  5.3549E-02
 -1.3397E+01  5.3414E-02
 -1.3386E+01  5.2881E-02
 -1.3374E+01  5.1969E-02
 -1.3362E+01  5.0702E-02
 -1.3350E+01  4.9113E-02
 -1.3338E+01  4.7240E-02
 -1.3326E+01  4.5126E-02
 -1.3314E+01  4.2817E-02
 -1.3302E+01  4.0359E-02
 -1.3290E+01  3.7799E-02
 -1.3278E+01  3.5181E-02
 -1.3266E+01  3.2547E-02
 -1.3255E+01  2.9933E-02
 -1.3243E+01  2.7373E-02
 -1.3231E+01  2.4895E-02
 -1.3219E+01  2.2522E-02
 -1.3207E+01  2.0273E-02
 -1.3195E+01  1.8160E-02
 -1.3183E+01  1.6194E-02
 -1.3171E+01  1.4379E-02
 -1.3159E+01  1.2718E-02
 -1.3147E+01  1.1208E-02
 -1.3135E+01  9.8448E-03
 -1.3124E+01  8.6218E-03
 -1.3112E+01  7.5305E-03
 -1.3100E+01  6.5611E-03
 -1.3088E+01  5.7030E-03
 -1.3076E+01  4.9457E-03
 -1.3064E+01  4.2785E-03
 -1.3052E+01  3.6915E-03
 -1.3040E+01  3.1753E-03
 -1.3028E+01  2.7216E-03
 -1.3016E+01  2.3232E-03
 -1.3004E+01  1.9737E-03
 -1.2993E+01  1.6679E-03
 -1.2981E+01  1.4012E-03
 -1.2969E+01  1.1699E-03
 -1.2957E+01  9.7094E-04
 -1.2945E+01  8.0146E-04
 -1.2933E+01  6.5906E-04
 -1.2921E+01  5.4142E-04
 -1.2909E+01  4.4633E-04
 -1.2897E+01  3.7159E-04
 -1.2885E+01  3.1496E-04
 -1.2873E+01  2.7420E-04
 -1.2862E+01  2.4707E-04
 -1.2850E+01  2.3134E-04
 -1.2838E+01  2.2492E-04
 -1.2826E+01  2.2583E-04
 -1.2814E+01  2.3229E-04
 -1.2802E+01  2.4279E-04
 -1.2790E+01  2.5609E-04
 -1.2778E+01  2.7125E-04
 -1.2766E+01  2.8766E-04
 -1.2754E+01  3.0499E-04
 -1.2742E+01  3.2318E-04
 -1.2731E+01  3.4242E-04
 -1.2719E+01  3.6304E-04
 -1.2707E+01  3.8551E-04
 -1.2695E+01  4.1030E-04
 -1.2683E+01  4.3789E-04
 -1.2671E+01  4.6864E-04
 -1.2659E+01  5.0279E-04
 -1.2647E+01  5.4036E-04
 -1.2635E+01  5.8119E-04
 -1.2623E+01  6.2485E-04
 -1.2611E+01  6.7070E-04
 -1.2600E+01  7.1791E-04
 -1.2588E+01  7.6544E-04
 -1.2576E+01  8.1212E-04
 -1.2564E+01  8.5670E-04
 -1.2552E+01  8.9788E-04
 -1.2540E+01  9.3442E-04
 -1.2528E+01  9.6517E-04
 -1.2516E+01  9.8911E-04
 -1.2504E+01  1.0055E-03
 -1.2492E+01  1.0137E-03
 -1.2480E+01  1.0135E-03
 -1.2469E+01  1.0049E-03
 -1.2457E+01  9.8823E-04
 -1.2445E+01  9.6399E-04
 -1.2433E+01  9.3295E-04
 -1.2421E+01  8.9606E-04
 -1.2409E+01  8.5437E-04
 -1.2397E+01  8.0899E-04
 -1.2385E+01  7.6105E-04
 -1.2373E+01  7.1166E-04
 -1.2361E+01  6.6181E-04
 -1.2349E+01  6.1243E-04
 -1.2338E+01  5.6430E-04
 -1.2326E+01  5.1803E-04
 -1.2314E+01  4.7413E-04
 -1.2302E+01  4.3291E-04
 -1.2290E+01  3.9457E-04
 -1.2278E+01  3.5918E-04
 -1.2266E+01  3.2670E-04
 -1.2254E+01  2.9700E-04
 -1.2242E+01  2.6989E-04
 -1.2230E+01  2.4514E-04
 -1.2218E+01  2.2252E-04
 -1.2207E+01  2.0178E-04
 -1.2195E+01  1.8269E-04
 -1.2183E+01  1.6507E-04
 -1.2171E+01  1.4877E-04
 -1.2159E+01  1.3369E-04
 -1.2147E+01  1.1974E-04
 -1.2135E+01  1.0691E-04
 -1.2123E+01  9.5198E-05
 -1.2111E+01  8.4623E-05
 -1.2099E+01  7.5219E-05
 -1.2087E+01  6.7023E-05
 -1.2076E+01  6.0069E-05
 -1.2064E+01  5.4377E-05
 -1.2052E+01  4.9956E-05
 -1.2040E+01  4.6801E-05
 -1.2028E+01  4.4894E-05
 -1.2016E+01  4.4209E-05
 -1.2004E+01  4.4719E-05
 -1.1992E+01  4.6400E-05
 -1.1980E+01  4.9240E-05
 -1.1968E+01  5.3244E-05
 -1.1956E+01  5.8439E-05
 -1.1945E+01  6.4876E-05
 -1.1933E+01  7.2631E-05
 -1.1921E+01  8.1801E-05
 -1.1909E+01  9.2502E-05
 -1.1897E+01  1.0486E-04
 -1.1885E+01  1.1899E-04
 -1.1873E+01  1.3503E-04
 -1.1861E+01  1.5306E-04
 -1.1849E+01  1.7315E-04
 -1.1837E+01  1.9536E-04
 -1.1825E+01  2.1966E-04
 -1.1814E+01  2.4603E-04
 -1.1802E+01  2.7437E-04
 -1.1790E+01  3.0455E-04
 -1.1778E+01  3.3644E-04
 -1.1766E+01  3.6983E-04
 -1.1754E+01  4.0454E-04
 -1.1742E+01  4.4034E-04
 -1.1730E+01  4.7702E-04
 -1.1718E+01  5.1435E-04
 -1.1706E+01  5.5211E-04
 -1.1694E+01  5.9007E-04
 -1.1683E+01  6.2799E-04
 -1.1671E+01  6.6564E-04
 -1.1659E+01  7.0275E-04
 -1.1647E+01  7.3906E-04
 -1.1635E+01  7.7426E-04
 -1.1623E+01  8.0804E-04
 -1.1611E+01  8.4003E-04
 -1.1599E+01  8.6985E-04
 -1.1587E+01  8.9709E-04
 -1.1575E+01  9.2129E-04
 -1.1563E+01  9.4200E-04
 -1.1552E+01  9.5873E-04
 -1.1540E+01  9.7100E-04
 -1.1528E+01  9.7835E-04
 -1.1516E+01  9.8033E-04
 -1.1504E+01  9.7657E-04
 -1.1492E+01  9.6675E-04
 -1.1480E+01  9.5066E-04
 -1.1468E+01  9.2823E-04
 -1.1456E+01  8.9952E-04
 -1.1444E+01  8.6478E-04
 -1.1432E+01  8.2445E-04
 -1.1421E+01  7.7913E-04
 -1.1409E+01  7.2966E-04
 -1.1397E+01  6.7699E-04
 -1.1385E+01  6.2227E-04
 -1.1373E+01  5.6669E-04
 -1.1361E+01  5.1154E-04
 -1.1349E+01  4.5806E-04
 -1.1337E+01  4.0747E-04
 -1.1325E+01  3.6085E-04
 -1.1313E+01  3.1910E-04
 -1.1301E+01  2.8294E-04
 -1.1290E+01  2.5283E-04
 -1.1278E+01  2.2900E-04
 -1.1266E+01  2.1139E-04
 -1.1254E+01  1.9969E-04
 -1.1242E+01  1.9338E-04
 -1.1230E+01  1.9170E-04
 -1.1218E+01  1.9376E-04
 -1.1206E+01  1.9852E-04
 -1.1194E+01  2.0494E-04
 -1.1182E+01  2.1195E-04
 -1.1170E+01  2.1858E-04
 -1.1159E+01  2.2397E-04
 -1.1147E+01  2.2747E-04
 -1.1135E+01  2.2865E-04
 -1.1123E+01  2.2735E-04
 -1.1111E+01  2.2365E-04
 -1.1099E+01  2.1793E-04
 -1.1087E+01  2.1080E-04
 -1.1075E+01  2.0307E-04
 -1.1063E+01  1.9574E-04
 -1.1051E+01  1.8991E-04
 -1.1039E+01  1.8673E-04
 -1.1028E+01  1.8736E-04
 -1.1016E+01  1.9291E-04
 -1.1004E+01  2.0437E-04
 -1.0992E+01  2.2261E-04
 -1.0980E+01  2.4831E-04
 -1.0968E+01  2.8199E-04
 -1.0956E+01  3.2401E-04
 -1.0944E+01  3.7457E-04
 -1.0932E+01  4.3381E-04
 -1.0920E+01  5.0179E-04
 -1.0908E+01  5.7861E-04
 -1.0897E+01  6.6448E-04
 -1.0885E+01  7.5973E-04
 -1.0873E+01  8.6493E-04
 -1.0861E+01  9.8087E-04
 -1.0849E+01  1.1086E-03
 -1.0837E+01  1.2494E-03
 -1.0825E+01  1.4049E-03
 -1.0813E+01  1.5765E-03
 -1.0801E+01  1.7660E-03
 -1.0789E+01  1.9747E-03
 -1.0777E+01  2.2040E-03
 -1.0766E+01  2.4545E-03
 -1.0754E+01  2.7264E-03
 -1.0742E+01  3.0190E-03
 -1.0730E+01  3.3308E-03
 -1.0718E+01  3.6594E-03
 -1.0706E+01  4.0011E-03
 -1.0694E+01  4.3513E-03
 -1.0682E+01  4.7045E-03
 -1.0670E+01  5.0540E-03
 -1.0658E+01  5.3926E-03
 -1.0646E+01  5.7125E-03
 -1.0635E+01  6.0054E-03
 -1.0623E+01  6.2630E-03
 -1.0611E+01  6.4773E-03
 -1.0599E+01  6.6406E-03
 -1.0587E+01  6.7463E-03
 -1.0575E+01  6.7893E-03
 -1.0563E+01  6.7658E-03
 -1.0551E+01  6.6740E-03
 -1.0539E+01  6.5147E-03
 -1.0527E+01  6.2907E-03
 -1.0515E+01  6.0077E-03
 -1.0504E+01  5.6734E-03
 -1.0492E+01  5.2982E-03
 -1.0480E+01  4.8941E-03
 -1.0468E+01  4.4747E-03
 -1.0456E+01  4.0546E-03
 -1.0444E+01  3.6486E-03
 -1.0432E+01  3.2716E-03
 -1.0420E+01  2.9372E-03
 -1.0408E+01  2.6580E-03
 -1.0396E+01  2.4442E-03
 -1.0384E+01  2.3038E-03
 -1.0373E+01  2.2420E-03
 -1.0361E+01  2.2606E-03
 -1.0349E+01  2.3586E-03
 -1.0337E+01  2.5315E-03
 -1.0325E+01  2.7718E-03
 -1.0313E+01  3.0694E-03
 -1.0301E+01  3.4117E-03
 -1.0289E+01  3.7850E-03
 -1.0277E+01  4.1746E-03
 -1.0265E+01  4.5662E-03
 -1.0253E+01  4.9463E-03
 -1.0242E+01  5.3039E-03
 -1.0230E+01  5.6305E-03
 -1.0218E+01  5.9216E-03
 -1.0206E+01  6.1769E-03
 -1.0194E+01  6.4008E-03
 -1.0182E+01  6.6029E-03
 -1.0170E+01  6.7977E-03
 -1.0158E+01  7.0046E-03
 -1.0146E+01  7.2472E-03
 -1.0134E+01  7.5532E-03
 -1.0122E+01  7.9527E-03
 -1.0111E+01  8.4776E-03
 -1.0099E+01  9.1602E-03
 -1.0087E+01  1.0031E-02
 -1.0075E+01  1.1120E-02
 -1.0063E+01  1.2450E-02
 -1.0051E+01  1.4040E-02
 -1.0039E+01  1.5904E-02
 -1.0027E+01  1.8044E-02
 -1.0015E+01  2.0457E-02
 -1.0003E+01  2.3132E-02
 -9.9915E+00  2.6046E-02
 -9.9796E+00  2.9168E-02
 -9.9677E+00  3.2461E-02
 -9.9558E+00  3.5876E-02
 -9.9439E+00  3.9361E-02
 -9.9319E+00  4.2855E-02
 -9.9200E+00  4.6294E-02
 -9.9081E+00  4.9610E-02
 -9.8962E+00  5.2736E-02
 -9.8843E+00  5.5605E-02
 -9.8724E+00  5.8153E-02
 -9.8605E+00  6.0324E-02
 -9.8486E+00  6.2068E-02
 -9.8367E+00  6.3347E-02
 -9.8248E+00  6.4132E-02
 -9.8129E+00  6.4407E-02
 -9.8010E+00  6.4171E-02
 -9.7890E+00  6.3431E-02
 -9.7771E+00  6.2209E-02
 -9.7652E+00  6.0535E-02
 -9.7533E+00  5.8450E-02
 -9.7414E+00  5.6001E-02
 -9.7295E+00  5.3241E-02
 -9.7176E+00  5.0228E-02
 -9.7057E+00  4.7022E-02
 -9.6938E+00  4.3684E-02
 -9.6819E+00  4.0276E-02
 -9.6700E+00  3.6858E-02
 -9.6580E+00  3.3484E-02
 -9.6461E+00  3.0206E-02
 -9.6342E+00  2.7069E-02
 -9.6223E+00  2.4112E-02
 -9.6104E+00  2.1366E-02
 -9.5985E+00  1.8851E-02
 -9.5866E+00  1.6581E-02
 -9.5747E+00  1.4561E-02
 -9.5628E+00  1.2789E-02
 -9.5509E+00  1.1254E-02
 -9.5390E+00  9.9404E-03
 -9.5271E+00  8.8290E-03
 -9.5151E+00  7.8962E-03
 -9.5032E+00  7.1169E-03
 -9.4913E+00  6.4656E-03
 -9.4794E+00  5.9172E-03
 -9.4675E+00  5.4482E-03
 -9.4556E+00  5.0374E-03
 -9.4437E+00  4.6668E-03
 -9.4318E+00  4.3214E-03
 -9.4199E+00  3.9900E-03
 -9.4080E+00  3.6650E-03
 -9.3961E+00  3.3422E-03
 -9.3841E+00  3.0203E-03
 -9.3722E+00  2.7008E-03
 -9.3603E+00  2.3871E-03
 -9.3484E+00  2.0842E-03
 -9.3365E+00  1.7975E-03
 -9.3246E+00  1.5327E-03
 -9.3127E+00  1.2952E-03
 -9.3008E+00  1.0894E-03
 -9.2889E+00  9.1829E-04
 -9.2770E+00  7.8363E-04
 -9.2651E+00  6.8548E-04
 -9.2531E+00  6.2232E-04
 -9.2412E+00  5.9120E-04
 -9.2293E+00  5.8790E-04
 -9.2174E+00  6.0726E-04
 -9.2055E+00  6.4353E-04
 -9.1936E+00  6.9075E-04
 -9.1817E+00  7.4315E-04
 -9.1698E+00  7.9554E-04
 -9.1579E+00  8.4364E-04
 -9.1460E+00  8.8429E-04
 -9.1341E+00  9.1569E-04
 -9.1222E+00  9.3742E-04
 -9.1102E+00  9.5045E-04
 -9.0983E+00  9.5700E-04
 -9.0864E+00  9.6037E-04
 -9.0745E+00  9.6461E-04
 -9.0626E+00  9.7427E-04
 -9.0507E+00  9.9397E-04
 -9.0388E+00  1.0281E-03
 -9.0269E+00  1.0804E-03
 -9.0150E+00  1.1537E-03
 -9.0031E+00  1.2497E-03
 -8.9912E+00  1.3687E-03
 -8.9792E+00  1.5092E-03
 -8.9673E+00  1.6688E-03
 -8.9554E+00  1.8430E-03
 -8.9435E+00  2.0267E-03
 -8.9316E+00  2.2135E-03
 -8.9197E+00  2.3965E-03
 -8.9078E+00  2.5683E-03
 -8.8959E+00  2.7219E-03
 -8.8840E+00  2.8507E-03
 -8.8721E+00  2.9489E-03
 -8.8602E+00  3.0118E-03
 -8.8482E+00  3.0363E-03
 -8.8363E+00  3.0206E-03
 -8.8244E+00  2.9648E-03
 -8.8125E+00  2.8707E-03
 -8.8006E+00  2.7417E-03
 -8.7887E+00  2.5828E-03
 -8.7768E+00  2.4002E-03
 -8.7649E+00  2.2012E-03
 -8.7530E+00  1.9937E-03
 -8.7411E+00  1.7857E-03
 -8.7292E+00  1.5851E-03
 -8.7173E+00  1.3990E-03
 -8.7053E+00  1.2335E-03
 -8.6934E+00  1.0937E-03
 -8.6815E+00  9.8264E-04
 -8.6696E+00  9.0212E-04
 -8.6577E+00  8.5203E-04
 -8.6458E+00  8.3071E-04
 -8.6339E+00  8.3499E-04
 -8.6220E+00  8.6046E-04
 -8.6101E+00  9.0178E-04
 -8.5982E+00  9.5294E-04
 -8.5863E+00  1.0077E-03
 -8.5743E+00  1.0599E-03
 -8.5624E+00  1.1040E-03
 -8.5505E+00  1.1350E-03
 -8.5386E+00  1.1491E-03
 -8.5267E+00  1.1440E-03
 -8.5148E+00  1.1184E-03
 -8.5029E+00  1.0729E-03
 -8.4910E+00  1.0092E-03
 -8.4791E+00  9.3029E-04
 -8.4672E+00  8.4026E-04
 -8.4553E+00  7.4391E-04
 -8.4433E+00  6.4646E-04
 -8.4314E+00  5.5323E-04
 -8.4195E+00  4.6926E-04
 -8.4076E+00  3.9908E-04
 -8.3957E+00  3.4636E-04
 -8.3838E+00  3.1371E-04
 -8.3719E+00  3.0254E-04
 -8.3600E+00  3.1296E-04
 -8.3481E+00  3.4378E-04
 -8.3362E+00  3.9257E-04
 -8.3243E+00  4.5587E-04
 -8.3124E+00  5.2938E-04
 -8.3004E+00  6.0827E-04
 -8.2885E+00  6.8749E-04
 -8.2766E+00  7.6216E-04
 -8.2647E+00  8.2788E-04
 -8.2528E+00  8.8103E-04
 -8.2409E+00  9.1908E-04
 -8.2290E+00  9.4071E-04
 -8.2171E+00  9.4598E-04
 -8.2052E+00  9.3632E-04
 -8.1933E+00  9.1449E-04
 -8.1814E+00  8.8445E-04
 -8.1694E+00  8.5111E-04
 -8.1575E+00  8.2005E-04
 -8.1456E+00  7.9720E-04
 -8.1337E+00  7.8842E-04
 -8.1218E+00  7.9916E-04
 -8.1099E+00  8.3403E-04
 -8.0980E+00  8.9647E-04
 -8.0861E+00  9.8848E-04
 -8.0742E+00  1.1104E-03
 -8.0623E+00  1.2607E-03
 -8.0504E+00  1.4364E-03
 -8.0384E+00  1.6324E-03
 -8.0265E+00  1.8425E-03
 -8.0146E+00  2.0593E-03
 -8.0027E+00  2.2744E-03
 -7.9908E+00  2.4792E-03
 -7.9789E+00  2.6651E-03
 -7.9670E+00  2.8239E-03
 -7.9551E+00  2.9485E-03
 -7.9432E+00  3.0329E-03
 -7.9313E+00  3.0729E-03
 -7.9194E+00  3.0663E-03
 -7.9075E+00  3.0130E-03
 -7.8955E+00  2.9151E-03
 -7.8836E+00  2.7769E-03
 -7.8717E+00  2.6046E-03
 -7.8598E+00  2.4060E-03
 -7.8479E+00  2.1904E-03
 -7.8360E+00  1.9677E-03
 -7.8241E+00  1.7478E-03
 -7.8122E+00  1.5406E-03
 -7.8003E+00  1.3551E-03
 -7.7884E+00  1.1988E-03
 -7.7765E+00  1.0776E-03
 -7.7645E+00  9.9546E-04
 -7.7526E+00  9.5416E-04
 -7.7407E+00  9.5318E-04
 -7.7288E+00  9.8985E-04
 -7.7169E+00  1.0595E-03
 -7.7050E+00  1.1555E-03
 -7.6931E+00  1.2702E-03
 -7.6812E+00  1.3946E-03
 -7.6693E+00  1.5196E-03
 -7.6574E+00  1.6360E-03
 -7.6455E+00  1.7354E-03
 -7.6335E+00  1.8106E-03
 -7.6216E+00  1.8557E-03
 -7.6097E+00  1.8671E-03
 -7.5978E+00  1.8431E-03
 -7.5859E+00  1.7842E-03
 -7.5740E+00  1.6932E-03
 -7.5621E+00  1.5747E-03
 -7.5502E+00  1.4350E-03
 -7.5383E+00  1.2818E-03
 -7.5264E+00  1.1235E-03
 -7.5145E+00  9.6890E-04
 -7.5026E+00  8.2661E-04
 -7.4906E+00  7.0455E-04
 -7.4787E+00  6.0950E-04
 -7.4668E+00  5.4663E-04
 -7.4549E+00  5.1921E-04
 -7.4430E+00  5.2844E-04
 -7.4311E+00  5.7331E-04
 -7.4192E+00  6.5077E-04
 -7.4073E+00  7.5588E-04
 -7.3954E+00  8.8221E-04
 -7.3835E+00  1.0223E-03
 -7.3716E+00  1.1681E-03
 -7.3596E+00  1.3118E-03
 -7.3477E+00  1.4461E-03
 -7.3358E+00  1.5648E-03
 -7.3239E+00  1.6635E-03
 -7.3120E+00  1.7398E-03
 -7.3001E+00  1.7934E-03
 -7.2882E+00  1.8265E-03
 -7.2763E+00  1.8436E-03
 -7.2644E+00  1.8515E-03
 -7.2525E+00  1.8584E-03
 -7.2406E+00  1.8743E-03
 -7.2286E+00  1.9095E-03
 -7.2167E+00  1.9744E-03
 -7.2048E+00  2.0789E-03
 -7.1929E+00  2.2310E-03
 -7.1810E+00  2.4371E-03
 -7.1691E+00  2.7004E-03
 -7.1572E+00  3.0215E-03
 -7.1453E+00  3.3973E-03
 -7.1334E+00  3.8213E-03
 -7.1215E+00  4.2838E-03
 -7.1096E+00  4.7719E-03
 -7.0977E+00  5.2703E-03
 -7.0857E+00  5.7615E-03
 -7.0738E+00  6.2272E-03
 -7.0619E+00  6.6484E-03
 -7.0500E+00  7.0072E-03
 -7.0381E+00  7.2875E-03
 -7.0262E+00  7.4757E-03
 -7.0143E+00  7.5622E-03
 -7.0024E+00  7.5417E-03
 -6.9905E+00  7.4139E-03
 -6.9786E+00  7.1837E-03
 -6.9667E+00  6.8612E-03
 -6.9547E+00  6.4612E-03
 -6.9428E+00  6.0028E-03
 -6.9309E+00  5.5084E-03
 -6.9190E+00  5.0026E-03
 -6.9071E+00  4.5111E-03
 -6.8952E+00  4.0597E-03
 -6.8833E+00  3.6726E-03
 -6.8714E+00  3.3716E-03
 -6.8595E+00  3.1750E-03
 -6.8476E+00  3.0960E-03
 -6.8357E+00  3.1429E-03
 -6.8237E+00  3.3177E-03
 -6.8118E+00  3.6164E-03
 -6.7999E+00  4.0286E-03
 -6.7880E+00  4.5385E-03
 -6.7761E+00  5.1253E-03
 -6.7642E+00  5.7648E-03
 -6.7523E+00  6.4302E-03
 -6.7404E+00  7.0941E-03
 -6.7285E+00  7.7304E-03
 -6.7166E+00  8.3154E-03
 -6.7047E+00  8.8298E-03
 -6.6928E+00  9.2600E-03
 -6.6808E+00  9.5992E-03
 -6.6689E+00  9.8485E-03
 -6.6570E+00  1.0017E-02
 -6.6451E+00  1.0123E-02
 -6.6332E+00  1.0192E-02
 -6.6213E+00  1.0258E-02
 -6.6094E+00  1.0361E-02
 -6.5975E+00  1.0548E-02
 -6.5856E+00  1.0867E-02
 -6.5737E+00  1.1368E-02
 -6.5618E+00  1.2101E-02
 -6.5498E+00  1.3112E-02
 -6.5379E+00  1.4441E-02
 -6.5260E+00  1.6122E-02
 -6.5141E+00  1.8177E-02
 -6.5022E+00  2.0619E-02
 -6.4903E+00  2.3449E-02
 -6.4784E+00  2.6655E-02
 -6.4665E+00  3.0213E-02
 -6.4546E+00  3.4085E-02
 -6.4427E+00  3.8223E-02
 -6.4308E+00  4.2565E-02
 -6.4188E+00  4.7042E-02
 -6.4069E+00  5.1574E-02
 -6.3950E+00  5.6077E-02
 -6.3831E+00  6.0463E-02
 -6.3712E+00  6.4645E-02
 -6.3593E+00  6.8537E-02
 -6.3474E+00  7.2061E-02
 -6.3355E+00  7.5145E-02
 -6.3236E+00  7.7733E-02
 -6.3117E+00  7.9778E-02
 -6.2998E+00  8.1249E-02
 -6.2879E+00  8.2128E-02
 -6.2759E+00  8.2412E-02
 -6.2640E+00  8.2109E-02
 -6.2521E+00  8.1241E-02
 -6.2402E+00  7.9838E-02
 -6.2283E+00  7.7939E-02
 -6.2164E+00  7.5588E-02
 -6.2045E+00  7.2839E-02
 -6.1926E+00  6.9746E-02
 -6.1807E+00  6.6368E-02
 -6.1688E+00  6.2767E-02
 -6.1569E+00  5.9003E-02
 -6.1449E+00  5.5139E-02
 -6.1330E+00  5.1231E-02
 -6.1211E+00  4.7335E-02
 -6.1092E+00  4.3502E-02
 -6.0973E+00  3.9774E-02
 -6.0854E+00  3.6189E-02
 -6.0735E+00  3.2775E-02
 -6.0616E+00  2.9553E-02
 -6.0497E+00  2.6539E-02
 -6.0378E+00  2.3738E-02
 -6.0259E+00  2.1154E-02
 -6.0140E+00  1.8782E-02
 -6.0020E+00  1.6617E-02
 -5.9901E+00  1.4648E-02
 -5.9782E+00  1.2866E-02
 -5.9663E+00  1.1259E-02
 -5.9544E+00  9.8149E-03
 -5.9425E+00  8.5214E-03
 -5.9306E+00  7.3673E-03
 -5.9187E+00  6.3417E-03
 -5.9068E+00  5.4342E-03
 -5.8949E+00  4.6351E-03
 -5.8830E+00  3.9351E-03
 -5.8710E+00  3.3257E-03
 -5.8591E+00  2.7987E-03
 -5.8472E+00  2.3464E-03
 -5.8353E+00  1.9616E-03
 -5.8234E+00  1.6373E-03
 -5.8115E+00  1.3670E-03
 -5.7996E+00  1.1445E-03
 -5.7877E+00  9.6386E-04
 -5.7758E+00  8.1969E-04
 -5.7639E+00  7.0688E-04
 -5.7520E+00  6.2080E-04
 -5.7400E+00  5.5731E-04
 -5.7281E+00  5.1284E-04
 -5.7162E+00  4.8438E-04
 -5.7043E+00  4.6956E-04
 -5.6924E+00  4.6660E-04
 -5.6805E+00  4.7429E-04
 -5.6686E+00  4.9196E-04
 -5.6567E+00  5.1936E-04
 -5.6448E+00  5.5655E-04
 -5.6329E+00  6.0379E-04
 -5.6210E+00  6.6141E-04
 -5.6091E+00  7.2962E-04
 -5.5971E+00  8.0844E-04
 -5.5852E+00  8.9759E-04
 -5.5733E+00  9.9633E-04
 -5.5614E+00  1.1035E-03
 -5.5495E+00  1.2175E-03
 -5.5376E+00  1.3361E-03
 -5.5257E+00  1.4568E-03
 -5.5138E+00  1.5769E-03
 -5.5019E+00  1.6935E-03
 -5.4900E+00  1.8035E-03
 -5.4781E+00  1.9042E-03
 -5.4661E+00  1.9932E-03
 -5.4542E+00  2.0686E-03
 -5.4423E+00  2.1288E-03
 -5.4304E+00  2.1732E-03
 -5.4185E+00  2.2015E-03
 -5.4066E+00  2.2143E-03
 -5.3947E+00  2.2126E-03
 -5.3828E+00  2.1977E-03
 -5.3709E+00  2.1713E-03
 -5.3590E+00  2.1355E-03
 -5.3471E+00  2.0920E-03
 -5.3351E+00  2.0429E-03
 -5.3232E+00  1.9897E-03
 -5.3113E+00  1.9339E-03
 -5.2994E+00  1.8767E-03
 -5.2875E+00  1.8186E-03
 -5.2756E+00  1.7603E-03
 -5.2637E+00  1.7016E-03
 -5.2518E+00  1.6424E-03
 -5.2399E+00  1.5823E-03
 -5.2280E+00  1.5208E-03
 -5.2161E+00  1.4574E-03
 -5.2042E+00  1.3918E-03
 -5.1922E+00  1.3239E-03
 -5.1803E+00  1.2537E-03
 -5.1684E+00  1.1819E-03
 -5.1565E+00  1.1094E-03
 -5.1446E+00  1.0374E-03
 -5.1327E+00  9.6755E-04
 -5.1208E+00  9.0172E-04
 -5.1089E+00  8.4186E-04
 -5.0970E+00  7.8992E-04
 -5.0851E+00  7.4767E-04
 -5.0732E+00  7.1652E-04
 -5.0612E+00  6.9738E-04
 -5.0493E+00  6.9053E-04
 -5.0374E+00  6.9556E-04
 -5.0255E+00  7.1130E-04
 -5.0136E+00  7.3589E-04
 -5.0017E+00  7.6683E-04
 -4.9898E+00  8.0117E-04
 -4.9779E+00  8.3563E-04
 -4.9660E+00  8.6687E-04
 -4.9541E+00  8.9165E-04
 -4.9422E+00  9.0716E-04
 -4.9302E+00  9.1115E-04
 -4.9183E+00  9.0219E-04
 -4.9064E+00  8.7983E-04
 -4.8945E+00  8.4470E-04
 -4.8826E+00  7.9857E-04
 -4.8707E+00  7.4431E-04
 -4.8588E+00  6.8581E-04
 -4.8469E+00  6.2775E-04
 -4.8350E+00  5.7534E-04
 -4.8231E+00  5.3400E-04
 -4.8112E+00  5.0898E-04
 -4.7993E+00  5.0500E-04
 -4.7873E+00  5.2591E-04
 -4.7754E+00  5.7436E-04
 -4.7635E+00  6.5161E-04
 -4.7516E+00  7.5738E-04
 -4.7397E+00  8.8976E-04
 -4.7278E+00  1.0453E-03
 -4.7159E+00  1.2191E-03
 -4.7040E+00  1.4052E-03
 -4.6921E+00  1.5966E-03
 -4.6802E+00  1.7860E-03
 -4.6683E+00  1.9663E-03
 -4.6563E+00  2.1307E-03
 -4.6444E+00  2.2737E-03
 -4.6325E+00  2.3916E-03
 -4.6206E+00  2.4826E-03
 -4.6087E+00  2.5472E-03
 -4.5968E+00  2.5884E-03
 -4.5849E+00  2.6118E-03
 -4.5730E+00  2.6249E-03
 -4.5611E+00  2.6372E-03
 -4.5492E+00  2.6592E-03
 -4.5373E+00  2.7020E-03
 -4.5253E+00  2.7765E-03
 -4.5134E+00  2.8928E-03
 -4.5015E+00  3.0590E-03
 -4.4896E+00  3.2808E-03
 -4.4777E+00  3.5610E-03
 -4.4658E+00  3.8987E-03
 -4.4539E+00  4.2892E-03
 -4.4420E+00  4.7236E-03
 -4.4301E+00  5.1895E-03
 -4.4182E+00  5.6714E-03
 -4.4063E+00  6.1511E-03
 -4.3944E+00  6.6088E-03
 -4.3824E+00  7.0247E-03
 -4.3705E+00  7.3795E-03
 -4.3586E+00  7.6557E-03
 -4.3467E+00  7.8388E-03
 -4.3348E+00  7.9182E-03
 -4.3229E+00  7.8874E-03
 -4.3110E+00  7.7451E-03
 -4.2991E+00  7.4949E-03
 -4.2872E+00  7.1460E-03
 -4.2753E+00  6.7123E-03
 -4.2634E+00  6.2128E-03
 -4.2514E+00  5.6704E-03
 -4.2395E+00  5.1111E-03
 -4.2276E+00  4.5629E-03
 -4.2157E+00  4.0542E-03
 -4.2038E+00  3.6120E-03
 -4.1919E+00  3.2606E-03
 -4.1800E+00  3.0199E-03
 -4.1681E+00  2.9039E-03
 -4.1562E+00  2.9199E-03
 -4.1443E+00  3.0679E-03
 -4.1324E+00  3.3407E-03
 -4.1204E+00  3.7239E-03
 -4.1085E+00  4.1967E-03
 -4.0966E+00  4.7331E-03
 -4.0847E+00  5.3029E-03
 -4.0728E+00  5.8734E-03
 -4.0609E+00  6.4110E-03
 -4.0490E+00  6.8829E-03
 -4.0371E+00  7.2594E-03
 -4.0252E+00  7.5157E-03
 -4.0133E+00  7.6333E-03
 -4.0014E+00  7.6022E-03
 -3.9895E+00  7.4212E-03
 -3.9775E+00  7.0988E-03
 -3.9656E+00  6.6527E-03
 -3.9537E+00  6.1089E-03
 -3.9418E+00  5.5000E-03
 -3.9299E+00  4.8637E-03
 -3.9180E+00  4.2397E-03
 -3.9061E+00  3.6682E-03
 -3.8942E+00  3.1868E-03
 -3.8823E+00  2.8290E-03
 -3.8704E+00  2.6218E-03
 -3.8585E+00  2.5843E-03
 -3.8465E+00  2.7263E-03
 -3.8346E+00  3.0476E-03
 -3.8227E+00  3.5375E-03
 -3.8108E+00  4.1756E-03
 -3.7989E+00  4.9324E-03
 -3.7870E+00  5.7714E-03
 -3.7751E+00  6.6516E-03
 -3.7632E+00  7.5305E-03
 -3.7513E+00  8.3673E-03
 -3.7394E+00  9.1259E-03
 -3.7275E+00  9.7779E-03
 -3.7155E+00  1.0305E-02
 -3.7036E+00  1.0700E-02
 -3.6917E+00  1.0968E-02
 -3.6798E+00  1.1127E-02
 -3.6679E+00  1.1208E-02
 -3.6560E+00  1.1250E-02
 -3.6441E+00  1.1303E-02
 -3.6322E+00  1.1422E-02
 -3.6203E+00  1.1664E-02
 -3.6084E+00  1.2088E-02
 -3.5965E+00  1.2744E-02
 -3.5846E+00  1.3677E-02
 -3.5726E+00  1.4917E-02
 -3.5607E+00  1.6478E-02
 -3.5488E+00  1.8356E-02
 -3.5369E+00  2.0529E-02
 -3.5250E+00  2.2955E-02
 -3.5131E+00  2.5574E-02
 -3.5012E+00  2.8310E-02
 -3.4893E+00  3.1076E-02
 -3.4774E+00  3.3772E-02
 -3.4655E+00  3.6294E-02
 -3.4536E+00  3.8535E-02
 -3.4416E+00  4.0393E-02
 -3.4297E+00  4.1776E-02
 -3.4178E+00  4.2607E-02
 -3.4059E+00  4.2832E-02
 -3.3940E+00  4.2426E-02
 -3.3821E+00  4.1400E-02
 -3.3702E+00  3.9800E-02
 -3.3583E+00  3.7709E-02
 -3.3464E+00  3.5247E-02
 -3.3345E+00  3.2562E-02
 -3.3226E+00  2.9822E-02
 -3.3106E+00  2.7211E-02
 -3.2987E+00  2.4912E-02
 -3.2868E+00  2.3104E-02
 -3.2749E+00  2.1952E-02
 -3.2630E+00  2.1595E-02
 -3.2511E+00  2.2146E-02
 -3.2392E+00  2.3678E-02
 -3.2273E+00  2.6225E-02
 -3.2154E+00  2.9774E-02
 -3.2035E+00  3.4266E-02
 -3.1916E+00  3.9595E-02
 -3.1797E+00  4.5613E-02
 -3.1677E+00  5.2139E-02
 -3.1558E+00  5.8975E-02
 -3.1439E+00  6.5918E-02
 -3.1320E+00  7.2781E-02
 -3.1201E+00  7.9408E-02
 -3.1082E+00  8.5689E-02
 -3.0963E+00  9.1574E-02
 -3.0844E+00  9.7082E-02
 -3.0725E+00  1.0231E-01
 -3.0606E+00  1.0742E-01
 -3.0487E+00  1.1267E-01
 -3.0367E+00  1.1839E-01
 -3.0248E+00  1.2499E-01
 -3.0129E+00  1.3292E-01
 -3.0010E+00  1.4271E-01
 -2.9891E+00  1.5492E-01
 -2.9772E+00  1.7012E-01
 -2.9653E+00  1.8886E-01
 -2.9534E+00  2.1169E-01
 -2.9415E+00  2.3906E-01
 -2.9296E+00  2.7139E-01
 -2.9177E+00  3.0898E-01
 -2.9058E+00  3.5205E-01
 -2.8938E+00  4.0072E-01
 -2.8819E+00  4.5498E-01
 -2.8700E+00  5.1467E-01
 -2.8581E+00  5.7947E-01
 -2.8462E+00  6.4883E-01
 -2.8343E+00  7.2202E-01
 -2.8224E+00  7.9800E-01
 -2.8105E+00  8.7552E-01
 -2.7986E+00  9.5310E-01
 -2.7867E+00  1.0291E+00
 -2.7748E+00  1.1019E+00
 -2.7628E+00  1.1697E+00
 -2.7509E+00  1.2312E+00
 -2.7390E+00  1.2851E+00
 -2.7271E+00  1.3306E+00
 -2.7152E+00  1.3671E+00
 -2.7033E+00  1.3942E+00
 -2.6914E+00  1.4118E+00
 -2.6795E+00  1.4200E+00
 -2.6676E+00  1.4187E+00
 -2.6557E+00  1.4079E+00
 -2.6438E+00  1.3876E+00
 -2.6318E+00  1.3577E+00
 -2.6199E+00  1.3183E+00
 -2.6080E+00  1.2697E+00
 -2.5961E+00  1.2125E+00
 -2.5842E+00  1.1477E+00
 -2.5723E+00  1.0764E+00
 -2.5604E+00  1.0006E+00
 -2.5485E+00  9.2215E-01
 -2.5366E+00  8.4317E-01
 -2.5247E+00  7.6541E-01
 -2.5128E+00  6.9033E-01
 -2.5009E+00  6.1899E-01
 -2.4889E+00  5.5209E-01
 -2.4770E+00  4.9003E-01
 -2.4651E+00  4.3294E-01
 -2.4532E+00  3.8085E-01
 -2.4413E+00  3.3369E-01
 -2.4294E+00  2.9141E-01
 -2.4175E+00  2.5390E-01
 -2.4056E+00  2.2104E-01
 -2.3937E+00  1.9279E-01
 -2.3818E+00  1.6903E-01
 -2.3699E+00  1.4940E-01
 -2.3579E+00  1.3336E-01
 -2.3460E+00  1.2032E-01
 -2.3341E+00  1.0964E-01
 -2.3222E+00  1.0073E-01
 -2.3103E+00  9.3078E-02
 -2.2984E+00  8.6267E-02
 -2.2865E+00  7.9988E-02
 -2.2746E+00  7.4022E-02
 -2.2627E+00  6.8224E-02
 -2.2508E+00  6.2506E-02
 -2.2389E+00  5.6820E-02
 -2.2269E+00  5.1159E-02
 -2.2150E+00  4.5547E-02
 -2.2031E+00  4.0047E-02
 -2.1912E+00  3.4750E-02
 -2.1793E+00  2.9770E-02
 -2.1674E+00  2.5222E-02
 -2.1555E+00  2.1207E-02
 -2.1436E+00  1.7819E-02
 -2.1317E+00  1.5115E-02
 -2.1198E+00  1.3084E-02
 -2.1079E+00  1.1677E-02
 -2.0960E+00  1.0821E-02
 -2.0840E+00  1.0429E-02
 -2.0721E+00  1.0411E-02
 -2.0602E+00  1.0678E-02
 -2.0483E+00  1.1143E-02
 -2.0364E+00  1.1720E-02
 -2.0245E+00  1.2323E-02
 -2.0126E+00  1.2869E-02
 -2.0007E+00  1.3293E-02
 -1.9888E+00  1.3553E-02
 -1.9769E+00  1.3633E-02
 -1.9650E+00  1.3544E-02
 -1.9530E+00  1.3295E-02
 -1.9411E+00  1.2909E-02
 -1.9292E+00  1.2435E-02
 -1.9173E+00  1.1889E-02
 -1.9054E+00  1.1258E-02
 -1.8935E+00  1.0528E-02
 -1.8816E+00  9.7289E-03
 -1.8697E+00  8.9369E-03
 -1.8578E+00  8.2682E-03
 -1.8459E+00  8.0104E-03
 -1.8340E+00  1.3127E-02
 -1.8220E+00  9.7413E-03
 -1.8101E+00  1.1272E-02
 -1.7982E+00  6.9744E-03
 -1.7863E+00  7.7185E-03
 -1.7744E+00  1.4177E-02
 -1.7625E+00  5.9139E-02
 -1.7506E+00  1.2332E-02
 -1.7387E+00  6.2480E-03
 -1.7268E+00  5.6384E-03
 -1.7149E+00  4.2649E-03
 -1.7030E+00  7.5850E-03
 -1.6911E+00  3.2374E-02
 -1.6791E+00  6.9610E-02
 -1.6672E+00  1.1685E-02
 -1.6553E+00  4.8565E-03
 -1.6434E+00  6.7098E-03
 -1.6315E+00  1.4797E-02
 -1.6196E+00  1.7532E-02
 -1.6077E+00  6.5866E-03
 -1.5958E+00  4.8913E-03
 -1.5839E+00  4.7657E-03
 -1.5720E+00  5.2335E-03
 -1.5601E+00  5.7095E-03
 -1.5481E+00  6.7759E-03
 -1.5362E+00  1.0993E-02
 -1.5243E+00  1.8227E-03
 -1.5124E+00  1.9831E-03
 -1.5005E+00  1.8078E-03
 -1.4886E+00  3.6931E-03
 -1.4767E+00  7.2897E-03
 -1.4648E+00  1.5834E-02
 -1.4529E+00  1.9320E-03
 -1.4410E+00  8.8306E-04
 -1.4291E+00  5.9792E-04
 -1.4171E+00  4.9697E-04
 -1.4052E+00  4.4523E-04
 -1.3933E+00  4.0972E-04
 -1.3814E+00  3.8078E-04
 -1.3695E+00  3.5472E-04
 -1.3576E+00  3.3002E-04
 -1.3457E+00  3.0610E-04
 -1.3338E+00  2.8286E-04
 -1.3219E+00  2.6038E-04
 -1.3100E+00  2.3886E-04
 -1.2981E+00  2.1854E-04
 -1.2862E+00  1.9964E-04
 -1.2742E+00  1.8240E-04
 -1.2623E+00  1.6701E-04
 -1.2504E+00  1.5366E-04
 -1.2385E+00  1.4258E-04
 -1.2266E+00  1.3408E-04
 -1.2147E+00  1.2873E-04
 -1.2028E+00  1.2747E-04
 -1.1909E+00  1.3290E-04
 -1.1790E+00  1.5227E-04
 -1.1671E+00  2.1687E-04
 -1.1552E+00  7.4834E-04
 -1.1432E+00  3.8073E-03
 -1.1313E+00  6.3290E-03
 -1.1194E+00  5.0054E-03
 -1.1075E+00  2.7803E-03
 -1.0956E+00  5.2133E-03
 -1.0837E+00  6.4225E-02
 -1.0718E+00  4.2558E-02
 -1.0599E+00  2.5169E-02
 -1.0480E+00  2.0147E-02
 -1.0361E+00  4.0410E-02
 -1.0242E+00  3.2474E-03
 -1.0122E+00  6.1313E-04
 -1.0003E+00  5.8041E-04
 -9.8843E-01  9.2418E-04
 -9.7652E-01  3.3884E-04
 -9.6461E-01  4.3356E-04
 -9.5271E-01  1.9396E-03
 -9.4080E-01  2.2120E-04
 -9.2889E-01  5.1906E-05
 -9.1698E-01  5.0934E-05
 -9.0507E-01  6.1633E-05
 -8.9316E-01  8.0610E-05
 -8.8125E-01  1.3867E-04
 -8.6934E-01  5.9547E-04
 -8.5743E-01  8.7888E-04
 -8.4553E-01  1.5711E-04
 -8.3362E-01  1.0040E-04
 -8.2171E-01  9.4310E-05
 -8.0980E-01  1.3021E-04
 -7.9789E-01  1.0926E-04
 -7.8598E-01  7.0501E-05
 -7.7407E-01  7.3417E-05
 -7.6216E-01  7.7452E-04
 -7.5026E-01  6.6859E-05
 -7.3835E-01  7.5133E-05
 -7.2644E-01  1.0553E-04
 -7.1453E-01  4.2206E-05
 -7.0262E-01  1.0382E-04
 -6.9071E-01  2.7253E-05
 -6.7880E-01  2.5098E-05
 -6.6689E-01  2.6027E-05
 -6.5498E-01  3.1948E-05
 -6.4308E-01  3.4128E-05
 -6.3117E-01  4.4154E-05
 -6.1926E-01  3.3718E-05
 -6.0735E-01  6.4643E-05
 -5.9544E-01  2.9686E-05
 -5.8353E-01  2.2323E-04
 -5.7162E-01  3.1619E-05
 -5.5971E-01  3.8704E-05
 -5.4781E-01  3.7204E-05
 -5.3590E-01  4.0599E-05
 -5.2399E-01  6.2727E-05
 -5.1208E-01  4.6116E-05
 -5.0017E-01  4.9926E-05
 -4.8826E-01  5.4851E-05
 -4.7635E-01  4.7681E-05
 -4.6444E-01  4.6821E-05
 -4.5253E-01  4.5415E-05
 -4.4063E-01  4.2005E-05
 -4.2872E-01  4.0388E-05
 -4.1681E-01  6.2067E-04
 -4.0490E-01  3.7782E-05
 -3.9299E-01  3.3660E-05
 -3.8108E-01  4.4879E-05
 -3.6917E-01  3.2050E-04
 -3.5726E-01  3.4816E-05
 -3.4536E-01  2.8519E-05
 -3.3345E-01  3.5125E-05
 -3.2154E-01  4.0671E-04
 -3.0963E-01  4.9178E-05
 -2.9772E-01  3.2490E-05
 -2.8581E-01  3.3710E-05
 -2.7390E-01  3.8498E-05
 -2.6199E-01  5.4102E-05
 -2.5009E-01  6.1452E-05
 -2.3818E-01  5.2784E-05
 -2.2627E-01  5.7652E-05
 -2.1436E-01  6.2962E-05
 -2.0245E-01  6.8005E-05
 -1.9054E-01  7.2581E-05
 -1.7863E-01  7.6940E-05
 -1.6672E-01  1.0354E-04
 -1.5481E-01  8.0926E-05
 -1.4291E-01  8.1877E-05
 -1.3100E-01  8.2258E-05
 -1.1909E-01  8.2016E-05
 -1.0718E-01  8.1334E-05
 -9.5271E-02  8.0462E-05
 -8.3362E-02  7.9693E-05
 -7.1453E-02  7.9336E-05
 -5.9544E-02  7.9657E-05
 -4.7635E-02  8.0802E-05
 -3.5726E-02  8.2704E-05
 -2.3818E-02  8.5016E-05
 -1.1909E-02  8.7175E-05
  0.0000E+00  8.8600E-05
  1.1909E-02  8.8968E-05
  2.3818E-02  8.8372E-05
  3.5726E-02  8.7239E-05
  4.7635E-02  8.6082E-05
  5.9544E-02  8.5280E-05
  7.1453E-02  8.4982E-05
  8.3362E-02  8.5144E-05
  9.5271E-02  8.5625E-05
  1.0718E-01  8.6316E-05
  1.1909E-01  8.7350E-05
  1.3100E-01  8.9664E-05
  1.4291E-01  9.7822E-05
  1.5481E-01  1.4957E-04
  1.6672E-01  3.3548E-03
  1.7863E-01  1.5376E-04
  1.9054E-01  8.8888E-05
  2.0245E-01  7.2821E-05
  2.1436E-01  6.5145E-05
  2.2627E-01  6.2812E-05
  2.3818E-01  7.5521E-05
  2.5009E-01  3.3930E-04
  2.6199E-01  2.3451E-04
  2.7390E-01  6.7854E-05
  2.8581E-01  5.3739E-05
  2.9772E-01  5.7236E-05
  3.0963E-01  9.9872E-05
  3.2154E-01  8.0681E-04
  3.3345E-01  8.3934E-05
  3.4536E-01  7.8379E-05
  3.5726E-01  9.0484E-05
  3.6917E-01  2.9579E-04
  3.8108E-01  1.1606E-04
  3.9299E-01  1.1870E-04
  4.0490E-01  1.3019E-04
  4.1681E-01  2.9109E-04
  4.2872E-01  1.5197E-04
  4.4063E-01  1.6196E-04
  4.5253E-01  1.9862E-04
  4.6444E-01  1.8918E-04
  4.7635E-01  1.8710E-04
  4.8826E-01  2.3645E-04
  5.0017E-01  2.1677E-04
  5.1208E-01  2.0498E-04
  5.2399E-01  4.2545E-04
  5.3590E-01  2.2450E-04
  5.4781E-01  2.3172E-04
  5.5971E-01  2.7100E-04
  5.7162E-01  2.7152E-04
  5.8353E-01  4.2384E-04
  5.9544E-01  3.4649E-04
  6.0735E-01  4.4663E-04
  6.1926E-01  4.7258E-04
  6.3117E-01  5.9033E-04
  6.4308E-01  6.5619E-04
  6.5498E-01  7.9411E-04
  6.6689E-01  8.7714E-04
  6.7880E-01  1.0903E-03
  6.9071E-01  1.1465E-03
  7.0262E-01  2.6076E-03
  7.1453E-01  1.5030E-03
  7.2644E-01  2.2865E-03
  7.3835E-01  2.1151E-03
  7.5026E-01  2.2489E-03
  7.6216E-01  1.7933E-02
  7.7407E-01  2.8803E-03
  7.8598E-01  2.9623E-03
  7.9789E-01  4.9407E-03
  8.0980E-01  3.7704E-03
  8.2171E-01  3.3065E-03
  8.3362E-01  3.4652E-03
  8.4553E-01  3.8461E-03
  8.5743E-01  1.2749E-02
  8.6934E-01  2.0825E-02
  8.8125E-01  1.0334E-02
  8.9316E-01  8.7689E-03
  9.0507E-01  8.2632E-03
  9.1698E-01  7.8751E-03
  9.2889E-01  7.4096E-03
  9.4080E-01  7.1832E-03
  9.5271E-01  9.6572E-03
  9.6461E-01  7.3047E-03
  9.7652E-01  8.6061E-03
  9.8843E-01  2.7999E-02
  1.0003E+00  3.0427E-02
  1.0122E+00  1.4990E-02
  1.0242E+00  1.5614E-02
  1.0361E+00  1.5041E-02
  1.0480E+00  9.3299E-03
  1.0599E+00  1.2457E-02
  1.0718E+00  1.6543E-02
  1.0837E+00  1.7869E-02
  1.0956E+00  2.6829E-02
  1.1075E+00  1.4047E-01
  1.1194E+00  6.7389E-02
  1.1313E+00  4.0249E-01
  1.1432E+00  4.2398E-01
  1.1552E+00  1.8795E-02
  1.1671E+00  5.1281E-03
  1.1790E+00  2.9485E-03
  1.1909E+00  2.1205E-03
  1.2028E+00  1.6927E-03
  1.2147E+00  1.4299E-03
  1.2266E+00  1.2502E-03
  1.2385E+00  1.1186E-03
  1.2504E+00  1.0182E-03
  1.2623E+00  9.3965E-04
  1.2742E+00  8.7487E-04
  1.2862E+00  8.2276E-04
  1.2981E+00  7.8097E-04
  1.3100E+00  7.4754E-04
  1.3219E+00  7.2130E-04
  1.3338E+00  7.0180E-04
  1.3457E+00  6.8906E-04
  1.3576E+00  6.8403E-04
  1.3695E+00  6.8917E-04
  1.3814E+00  7.1005E-04
  1.3933E+00  7.5982E-04
  1.4052E+00  8.7396E-04
  1.4171E+00  1.1754E-03
  1.4291E+00  2.3493E-03
  1.4410E+00  1.6076E-02
  1.4529E+00  1.2802E-02
  1.4648E+00  3.5273E-03
  1.4767E+00  2.8503E-03
  1.4886E+00  2.7560E-03
  1.5005E+00  5.4838E-03
  1.5124E+00  2.7857E-03
  1.5243E+00  2.0763E-03
  1.5362E+00  4.0937E-03
  1.5481E+00  5.7693E-03
  1.5601E+00  9.6876E-03
  1.5720E+00  4.0535E-02
  1.5839E+00  2.3554E-02
  1.5958E+00  5.4411E-03
  1.6077E+00  1.1376E-02
  1.6196E+00  1.3626E-02
  1.6315E+00  5.9681E-03
  1.6434E+00  1.0574E-02
  1.6553E+00  5.6254E-02
  1.6672E+00  3.0760E-02
  1.6791E+00  7.7461E-03
  1.6911E+00  4.5328E-03
  1.7030E+00  5.8704E-03
  1.7149E+00  1.4410E-02
  1.7268E+00  7.7095E-03
  1.7387E+00  2.1809E-02
  1.7506E+00  5.8854E-02
  1.7625E+00  1.1904E-02
  1.7744E+00  1.0161E-02
  1.7863E+00  6.9183E-03
  1.7982E+00  9.7565E-03
  1.8101E+00  1.9777E-02
  1.8220E+00  4.7890E-02
  1.8340E+00  1.3725E-02
  1.8459E+00  1.4463E-02
  1.8578E+00  1.6653E-02
  1.8697E+00  1.8384E-02
  1.8816E+00  1.9179E-02
  1.8935E+00  1.8972E-02
  1.9054E+00  1.8062E-02
  1.9173E+00  1.6815E-02
  1.9292E+00  1.5478E-02
  1.9411E+00  1.4167E-02
  1.9530E+00  1.2915E-02
  1.9650E+00  1.1716E-02
  1.9769E+00  1.0556E-02
  1.9888E+00  9.4277E-03
  2.0007E+00  8.3429E-03
  2.0126E+00  7.3253E-03
  2.0245E+00  6.4046E-03
  2.0364E+00  5.6088E-03
  2.0483E+00  4.9596E-03
  2.0602E+00  4.4717E-03
  2.0721E+00  4.1528E-03
  2.0840E+00  4.0036E-03
  2.0960E+00  4.0179E-03
  2.1079E+00  4.1825E-03
  2.1198E+00  4.4770E-03
  2.1317E+00  4.8748E-03
  2.1436E+00  5.3442E-03
  2.1555E+00  5.8490E-03
  2.1674E+00  6.3504E-03
  2.1793E+00  6.8089E-03
  2.1912E+00  7.1877E-03
  2.2031E+00  7.4551E-03
  2.2150E+00  7.5885E-03
  2.2269E+00  7.5765E-03
  2.2389E+00  7.4195E-03
  2.2508E+00  7.1292E-03
  2.2627E+00  6.7266E-03
  2.2746E+00  6.2391E-03
  2.2865E+00  5.6985E-03
  2.2984E+00  5.1381E-03
  2.3103E+00  4.5919E-03
  2.3222E+00  4.0925E-03
  2.3341E+00  3.6712E-03
  2.3460E+00  3.3557E-03
  2.3579E+00  3.1687E-03
  2.3699E+00  3.1265E-03
  2.3818E+00  3.2366E-03
  2.3937E+00  3.4967E-03
  2.4056E+00  3.8948E-03
  2.4175E+00  4.4101E-03
  2.4294E+00  5.0148E-03
  2.4413E+00  5.6762E-03
  2.4532E+00  6.3590E-03
  2.4651E+00  7.0279E-03
  2.4770E+00  7.6479E-03
  2.4889E+00  8.1864E-03
  2.5009E+00  8.6132E-03
  2.5128E+00  8.9025E-03
  2.5247E+00  9.0341E-03
  2.5366E+00  8.9954E-03
  2.5485E+00  8.7837E-03
  2.5604E+00  8.4076E-03
  2.5723E+00  7.8874E-03
  2.5842E+00  7.2540E-03
  2.5961E+00  6.5478E-03
  2.6080E+00  5.8142E-03
  2.6199E+00  5.0990E-03
  2.6318E+00  4.4461E-03
  2.6438E+00  3.8949E-03
  2.6557E+00  3.4783E-03
  2.6676E+00  3.2214E-03
  2.6795E+00  3.1401E-03
  2.6914E+00  3.2405E-03
  2.7033E+00  3.5188E-03
  2.7152E+00  3.9602E-03
  2.7271E+00  4.5405E-03
  2.7390E+00  5.2258E-03
  2.7509E+00  5.9754E-03
  2.7628E+00  6.7437E-03
  2.7748E+00  7.4842E-03
  2.7867E+00  8.1523E-03
  2.7986E+00  8.7087E-03
  2.8105E+00  9.1221E-03
  2.8224E+00  9.3707E-03
  2.8343E+00  9.4431E-03
  2.8462E+00  9.3386E-03
  2.8581E+00  9.0661E-03
  2.8700E+00  8.6444E-03
  2.8819E+00  8.1002E-03
  2.8938E+00  7.4680E-03
  2.9058E+00  6.7876E-03
  2.9177E+00  6.1034E-03
  2.9296E+00  5.4612E-03
  2.9415E+00  4.9063E-03
  2.9534E+00  4.4799E-03
  2.9653E+00  4.2166E-03
  2.9772E+00  4.1417E-03
  2.9891E+00  4.2691E-03
  3.0010E+00  4.6006E-03
  3.0129E+00  5.1257E-03
  3.0248E+00  5.8225E-03
  3.0367E+00  6.6589E-03
  3.0487E+00  7.5948E-03
  3.0606E+00  8.5840E-03
  3.0725E+00  9.5768E-03
  3.0844E+00  1.0522E-02
  3.0963E+00  1.1370E-02
  3.1082E+00  1.2076E-02
  3.1201E+00  1.2602E-02
  3.1320E+00  1.2920E-02
  3.1439E+00  1.3016E-02
  3.1558E+00  1.2891E-02
  3.1677E+00  1.2560E-02
  3.1797E+00  1.2054E-02
  3.1916E+00  1.1417E-02
  3.2035E+00  1.0706E-02
  3.2154E+00  9.9810E-03
  3.2273E+00  9.3085E-03
  3.2392E+00  8.7530E-03
  3.2511E+00  8.3749E-03
  3.2630E+00  8.2269E-03
  3.2749E+00  8.3513E-03
  3.2868E+00  8.7772E-03
  3.2987E+00  9.5187E-03
  3.3106E+00  1.0573E-02
  3.3226E+00  1.1921E-02
  3.3345E+00  1.3525E-02
  3.3464E+00  1.5332E-02
  3.3583E+00  1.7275E-02
  3.3702E+00  1.9280E-02
  3.3821E+00  2.1265E-02
  3.3940E+00  2.3150E-02
  3.4059E+00  2.4859E-02
  3.4178E+00  2.6328E-02
  3.4297E+00  2.7501E-02
  3.4416E+00  2.8340E-02
  3.4536E+00  2.8823E-02
  3.4655E+00  2.8940E-02
  3.4774E+00  2.8702E-02
  3.4893E+00  2.8130E-02
  3.5012E+00  2.7261E-02
  3.5131E+00  2.6144E-02
  3.5250E+00  2.4836E-02
  3.5369E+00  2.3402E-02
  3.5488E+00  2.1913E-02
  3.5607E+00  2.0438E-02
  3.5726E+00  1.9044E-02
  3.5846E+00  1.7789E-02
  3.5965E+00  1.6722E-02
  3.6084E+00  1.5877E-02
  3.6203E+00  1.5272E-02
  3.6322E+00  1.4908E-02
  3.6441E+00  1.4771E-02
  3.6560E+00  1.4830E-02
  3.6679E+00  1.5044E-02
  3.6798E+00  1.5361E-02
  3.6917E+00  1.5720E-02
  3.7036E+00  1.6063E-02
  3.7155E+00  1.6329E-02
  3.7275E+00  1.6465E-02
  3.7394E+00  1.6428E-02
  3.7513E+00  1.6188E-02
  3.7632E+00  1.5731E-02
  3.7751E+00  1.5063E-02
  3.7870E+00  1.4207E-02
  3.7989E+00  1.3205E-02
  3.8108E+00  1.2115E-02
  3.8227E+00  1.1007E-02
  3.8346E+00  9.9579E-03
  3.8465E+00  9.0496E-03
  3.8585E+00  8.3615E-03
  3.8704E+00  7.9664E-03
  3.8823E+00  7.9265E-03
  3.8942E+00  8.2895E-03
  3.9061E+00  9.0850E-03
  3.9180E+00  1.0323E-02
  3.9299E+00  1.1992E-02
  3.9418E+00  1.4061E-02
  3.9537E+00  1.6476E-02
  3.9656E+00  1.9171E-02
  3.9775E+00  2.2064E-02
  3.9895E+00  2.5070E-02
  4.0014E+00  2.8105E-02
  4.0133E+00  3.1091E-02
  4.0252E+00  3.3970E-02
  4.0371E+00  3.6703E-02
  4.0490E+00  3.9281E-02
  4.0609E+00  4.1728E-02
  4.0728E+00  4.4103E-02
  4.0847E+00  4.6500E-02
  4.0966E+00  4.9053E-02
  4.1085E+00  5.1928E-02
  4.1204E+00  5.5321E-02
  4.1324E+00  5.9453E-02
  4.1443E+00  6.4561E-02
  4.1562E+00  7.0887E-02
  4.1681E+00  7.8667E-02
  4.1800E+00  8.8119E-02
  4.1919E+00  9.9430E-02
  4.2038E+00  1.1275E-01
  4.2157E+00  1.2816E-01
  4.2276E+00  1.4571E-01
  4.2395E+00  1.6537E-01
  4.2514E+00  1.8706E-01
  4.2634E+00  2.1061E-01
  4.2753E+00  2.3583E-01
  4.2872E+00  2.6244E-01
  4.2991E+00  2.9012E-01
  4.3110E+00  3.1848E-01
  4.3229E+00  3.4709E-01
  4.3348E+00  3.7547E-01
  4.3467E+00  4.0310E-01
  4.3586E+00  4.2943E-01
  4.3705E+00  4.5392E-01
  4.3824E+00  4.7600E-01
  4.3944E+00  4.9518E-01
  4.4063E+00  5.1100E-01
  4.4182E+00  5.2309E-01
  4.4301E+00  5.3117E-01
  4.4420E+00  5.3507E-01
  4.4539E+00  5.3476E-01
  4.4658E+00  5.3027E-01
  4.4777E+00  5.2178E-01
  4.4896E+00  5.0954E-01
  4.5015E+00  4.9385E-01
  4.5134E+00  4.7510E-01
  4.5253E+00  4.5369E-01
  4.5373E+00  4.3006E-01
  4.5492E+00  4.0466E-01
  4.5611E+00  3.7796E-01
  4.5730E+00  3.5042E-01
  4.5849E+00  3.2248E-01
  4.5968E+00  2.9460E-01
  4.6087E+00  2.6719E-01
  4.6206E+00  2.4062E-01
  4.6325E+00  2.1524E-01
  4.6444E+00  1.9133E-01
  4.6563E+00  1.6912E-01
  4.6683E+00  1.4876E-01
  4.6802E+00  1.3035E-01
  4.6921E+00  1.1392E-01
  4.7040E+00  9.9449E-02
  4.7159E+00  8.6851E-02
  4.7278E+00  7.6009E-02
  4.7397E+00  6.6776E-02
  4.7516E+00  5.8978E-02
  4.7635E+00  5.2435E-02
  4.7754E+00  4.6960E-02
  4.7873E+00  4.2370E-02
  4.7993E+00  3.8495E-02
  4.8112E+00  3.5177E-02
  4.8231E+00  3.2280E-02
  4.8350E+00  2.9689E-02
  4.8469E+00  2.7310E-02
  4.8588E+00  2.5074E-02
  4.8707E+00  2.2934E-02
  4.8826E+00  2.0862E-02
  4.8945E+00  1.8848E-02
  4.9064E+00  1.6894E-02
  4.9183E+00  1.5016E-02
  4.9302E+00  1.3234E-02
  4.9422E+00  1.1573E-02
  4.9541E+00  1.0058E-02
  4.9660E+00  8.7116E-03
  4.9779E+00  7.5541E-03
  4.9898E+00  6.5990E-03
  5.0017E+00  5.8538E-03
  5.0136E+00  5.3183E-03
  5.0255E+00  4.9851E-03
  5.0374E+00  4.8398E-03
  5.0493E+00  4.8615E-03
  5.0612E+00  5.0245E-03
  5.0732E+00  5.2989E-03
  5.0851E+00  5.6532E-03
  5.0970E+00  6.0551E-03
  5.1089E+00  6.4739E-03
  5.1208E+00  6.8809E-03
  5.1327E+00  7.2515E-03
  5.1446E+00  7.5652E-03
  5.1565E+00  7.8063E-03
  5.1684E+00  7.9642E-03
  5.1803E+00  8.0334E-03
  5.1922E+00  8.0126E-03
  5.2042E+00  7.9049E-03
  5.2161E+00  7.7170E-03
  5.2280E+00  7.4585E-03
  5.2399E+00  7.1410E-03
  5.2518E+00  6.7778E-03
  5.2637E+00  6.3824E-03
  5.2756E+00  5.9684E-03
  5.2875E+00  5.5485E-03
  5.2994E+00  5.1340E-03
  5.3113E+00  4.7342E-03
  5.3232E+00  4.3564E-03
  5.3351E+00  4.0056E-03
  5.3471E+00  3.6846E-03
  5.3590E+00  3.3943E-03
  5.3709E+00  3.1339E-03
  5.3828E+00  2.9013E-03
  5.3947E+00  2.6933E-03
  5.4066E+00  2.5063E-03
  5.4185E+00  2.3366E-03
  5.4304E+00  2.1803E-03
  5.4423E+00  2.0344E-03
  5.4542E+00  1.8959E-03
  5.4661E+00  1.7629E-03
  5.4781E+00  1.6341E-03
  5.4900E+00  1.5089E-03
  5.5019E+00  1.3873E-03
  5.5138E+00  1.2699E-03
  5.5257E+00  1.1574E-03
  5.5376E+00  1.0511E-03
  5.5495E+00  9.5197E-04
  5.5614E+00  8.6099E-04
  5.5733E+00  7.7898E-04
  5.5852E+00  7.0640E-04
  5.5971E+00  6.4342E-04
  5.6091E+00  5.8987E-04
  5.6210E+00  5.4525E-04
  5.6329E+00  5.0880E-04
  5.6448E+00  4.7956E-04
  5.6567E+00  4.5644E-04
  5.6686E+00  4.3829E-04
  5.6805E+00  4.2400E-04
  5.6924E+00  4.1254E-04
  5.7043E+00  4.0306E-04
  5.7162E+00  3.9487E-04
  5.7281E+00  3.8752E-04
  5.7400E+00  3.8076E-04
  5.7520E+00  3.7453E-04
  5.7639E+00  3.6891E-04
  5.7758E+00  3.6410E-04
  5.7877E+00  3.6037E-04
  5.7996E+00  3.5797E-04
  5.8115E+00  3.5712E-04
  5.8234E+00  3.5795E-04
  5.8353E+00  3.6048E-04
  5.8472E+00  3.6462E-04
  5.8591E+00  3.7014E-04
  5.8710E+00  3.7670E-04
  5.8830E+00  3.8386E-04
  5.8949E+00  3.9116E-04
  5.9068E+00  3.9809E-04
  5.9187E+00  4.0420E-04
  5.9306E+00  4.0909E-04
  5.9425E+00  4.1248E-04
  5.9544E+00  4.1419E-04
  5.9663E+00  4.1420E-04
  5.9782E+00  4.1261E-04
  5.9901E+00  4.0963E-04
  6.0020E+00  4.0557E-04
  6.0140E+00  4.0079E-04
  6.0259E+00  3.9569E-04
  6.0378E+00  3.9063E-04
  6.0497E+00  3.8593E-04
  6.0616E+00  3.8185E-04
  6.0735E+00  3.7855E-04
  6.0854E+00  3.7607E-04
  6.0973E+00  3.7437E-04
  6.1092E+00  3.7331E-04
  6.1211E+00  3.7269E-04
  6.1330E+00  3.7228E-04
  6.1449E+00  3.7185E-04
  6.1569E+00  3.7121E-04
  6.1688E+00  3.7023E-04
  6.1807E+00  3.6891E-04
  6.1926E+00  3.6737E-04
  6.2045E+00  3.6582E-04
  6.2164E+00  3.6465E-04
  6.2283E+00  3.6431E-04
  6.2402E+00  3.6533E-04
  6.2521E+00  3.6827E-04
  6.2640E+00  3.7364E-04
  6.2759E+00  3.8190E-04
  6.2879E+00  3.9334E-04
  6.2998E+00  4.0809E-04
  6.3117E+00  4.2601E-04
  6.3236E+00  4.4673E-04
  6.3355E+00  4.6963E-04
  6.3474E+00  4.9381E-04
  6.3593E+00  5.1821E-04
  6.3712E+00  5.4157E-04
  6.3831E+00  5.6260E-04
  6.3950E+00  5.8000E-04
  6.4069E+00  5.9259E-04
  6.4188E+00  5.9939E-04
  6.4308E+00  5.9971E-04
  6.4427E+00  5.9325E-04
  6.4546E+00  5.8009E-04
  6.4665E+00  5.6081E-04
  6.4784E+00  5.3644E-04
  6.4903E+00  5.0843E-04
  6.5022E+00  4.7866E-04
  6.5141E+00  4.4929E-04
  6.5260E+00  4.2265E-04
  6.5379E+00  4.0115E-04
  6.5498E+00  3.8707E-04
  6.5618E+00  3.8243E-04
  6.5737E+00  3.8886E-04
  6.5856E+00  4.0742E-04
  6.5975E+00  4.3851E-04
  6.6094E+00  4.8186E-04
  6.6213E+00  5.3645E-04
  6.6332E+00  6.0060E-04
  6.6451E+00  6.7202E-04
  6.6570E+00  7.4795E-04
  6.6689E+00  8.2535E-04
  6.6808E+00  9.0104E-04
  6.6928E+00  9.7200E-04
  6.7047E+00  1.0355E-03
  6.7166E+00  1.0895E-03
  6.7285E+00  1.1326E-03
  6.7404E+00  1.1644E-03
  6.7523E+00  1.1856E-03
  6.7642E+00  1.1982E-03
  6.7761E+00  1.2050E-03
  6.7880E+00  1.2102E-03
  6.7999E+00  1.2187E-03
  6.8118E+00  1.2362E-03
  6.8237E+00  1.2686E-03
  6.8357E+00  1.3220E-03
  6.8476E+00  1.4020E-03
  6.8595E+00  1.5139E-03
  6.8714E+00  1.6614E-03
  6.8833E+00  1.8474E-03
  6.8952E+00  2.0729E-03
  6.9071E+00  2.3372E-03
  6.9190E+00  2.6376E-03
  6.9309E+00  2.9695E-03
  6.9428E+00  3.3265E-03
  6.9547E+00  3.7003E-03
  6.9667E+00  4.0812E-03
  6.9786E+00  4.4586E-03
  6.9905E+00  4.8213E-03
  7.0024E+00  5.1582E-03
  7.0143E+00  5.4584E-03
  7.0262E+00  5.7126E-03
  7.0381E+00  5.9127E-03
  7.0500E+00  6.0526E-03
  7.0619E+00  6.1288E-03
  7.0738E+00  6.1398E-03
  7.0857E+00  6.0868E-03
  7.0977E+00  5.9732E-03
  7.1096E+00  5.8048E-03
  7.1215E+00  5.5889E-03
  7.1334E+00  5.3347E-03
  7.1453E+00  5.0521E-03
  7.1572E+00  4.7518E-03
  7.1691E+00  4.4445E-03
  7.1810E+00  4.1405E-03
  7.1929E+00  3.8490E-03
  7.2048E+00  3.5779E-03
  7.2167E+00  3.3331E-03
  7.2286E+00  3.1187E-03
  7.2406E+00  2.9364E-03
  7.2525E+00  2.7856E-03
  7.2644E+00  2.6640E-03
  7.2763E+00  2.5670E-03
  7.2882E+00  2.4891E-03
  7.3001E+00  2.4236E-03
  7.3120E+00  2.3637E-03
  7.3239E+00  2.3028E-03
  7.3358E+00  2.2350E-03
  7.3477E+00  2.1560E-03
  7.3596E+00  2.0633E-03
  7.3716E+00  1.9563E-03
  7.3835E+00  1.8368E-03
  7.3954E+00  1.7092E-03
  7.4073E+00  1.5797E-03
  7.4192E+00  1.4569E-03
  7.4311E+00  1.3504E-03
  7.4430E+00  1.2712E-03
  7.4549E+00  1.2301E-03
  7.4668E+00  1.2379E-03
  7.4787E+00  1.3040E-03
  7.4906E+00  1.4363E-03
  7.5026E+00  1.6405E-03
  7.5145E+00  1.9200E-03
  7.5264E+00  2.2754E-03
  7.5383E+00  2.7049E-03
  7.5502E+00  3.2044E-03
  7.5621E+00  3.7684E-03
  7.5740E+00  4.3899E-03
  7.5859E+00  5.0623E-03
  7.5978E+00  5.7795E-03
  7.6097E+00  6.5379E-03
  7.6216E+00  7.3370E-03
  7.6335E+00  8.1808E-03
  7.6455E+00  9.0788E-03
  7.6574E+00  1.0047E-02
  7.6693E+00  1.1108E-02
  7.6812E+00  1.2293E-02
  7.6931E+00  1.3638E-02
  7.7050E+00  1.5187E-02
  7.7169E+00  1.6990E-02
  7.7288E+00  1.9101E-02
  7.7407E+00  2.1577E-02
  7.7526E+00  2.4473E-02
  7.7645E+00  2.7846E-02
  7.7765E+00  3.1745E-02
  7.7884E+00  3.6212E-02
  7.8003E+00  4.1280E-02
  7.8122E+00  4.6966E-02
  7.8241E+00  5.3271E-02
  7.8360E+00  6.0177E-02
  7.8479E+00  6.7647E-02
  7.8598E+00  7.5622E-02
  7.8717E+00  8.4022E-02
  7.8836E+00  9.2749E-02
  7.8955E+00  1.0169E-01
  7.9075E+00  1.1070E-01
  7.9194E+00  1.1966E-01
  7.9313E+00  1.2841E-01
  7.9432E+00  1.3679E-01
  7.9551E+00  1.4465E-01
  7.9670E+00  1.5185E-01
  7.9789E+00  1.5824E-01
  7.9908E+00  1.6369E-01
  8.0027E+00  1.6807E-01
  8.0146E+00  1.7129E-01
  8.0265E+00  1.7326E-01
  8.0384E+00  1.7393E-01
  8.0504E+00  1.7328E-01
  8.0623E+00  1.7130E-01
  8.0742E+00  1.6802E-01
  8.0861E+00  1.6350E-01
  8.0980E+00  1.5785E-01
  8.1099E+00  1.5118E-01
  8.1218E+00  1.4363E-01
  8.1337E+00  1.3537E-01
  8.1456E+00  1.2656E-01
  8.1575E+00  1.1738E-01
  8.1694E+00  1.0800E-01
  8.1814E+00  9.8608E-02
  8.1933E+00  8.9352E-02
  8.2052E+00  8.0379E-02
  8.2171E+00  7.1818E-02
  8.2290E+00  6.3776E-02
  8.2409E+00  5.6341E-02
  8.2528E+00  4.9575E-02
  8.2647E+00  4.3521E-02
  8.2766E+00  3.8196E-02
  8.2885E+00  3.3599E-02
  8.3004E+00  2.9706E-02
  8.3124E+00  2.6477E-02
  8.3243E+00  2.3856E-02
  8.3362E+00  2.1775E-02
  8.3481E+00  2.0158E-02
  8.3600E+00  1.8924E-02
  8.3719E+00  1.7990E-02
  8.3838E+00  1.7278E-02
  8.3957E+00  1.6711E-02
  8.4076E+00  1.6223E-02
  8.4195E+00  1.5757E-02
  8.4314E+00  1.5267E-02
  8.4433E+00  1.4719E-02
  8.4553E+00  1.4091E-02
  8.4672E+00  1.3375E-02
  8.4791E+00  1.2571E-02
  8.4910E+00  1.1693E-02
  8.5029E+00  1.0761E-02
  8.5148E+00  9.8015E-03
  8.5267E+00  8.8466E-03
  8.5386E+00  7.9301E-03
  8.5505E+00  7.0858E-03
  8.5624E+00  6.3453E-03
  8.5743E+00  5.7364E-03
  8.5863E+00  5.2812E-03
  8.5982E+00  4.9954E-03
  8.6101E+00  4.8871E-03
  8.6220E+00  4.9571E-03
  8.6339E+00  5.1987E-03
  8.6458E+00  5.5980E-03
  8.6577E+00  6.1352E-03
  8.6696E+00  6.7851E-03
  8.6815E+00  7.5185E-03
  8.6934E+00  8.3036E-03
  8.7053E+00  9.1072E-03
  8.7173E+00  9.8965E-03
  8.7292E+00  1.0641E-02
  8.7411E+00  1.1311E-02
  8.7530E+00  1.1884E-02
  8.7649E+00  1.2341E-02
  8.7768E+00  1.2668E-02
  8.7887E+00  1.2859E-02
  8.8006E+00  1.2910E-02
  8.8125E+00  1.2826E-02
  8.8244E+00  1.2616E-02
  8.8363E+00  1.2291E-02
  8.8482E+00  1.1868E-02
  8.8602E+00  1.1363E-02
  8.8721E+00  1.0796E-02
  8.8840E+00  1.0185E-02
  8.8959E+00  9.5477E-03
  8.9078E+00  8.9020E-03
  8.9197E+00  8.2626E-03
  8.9316E+00  7.6422E-03
  8.9435E+00  7.0509E-03
  8.9554E+00  6.4959E-03
  8.9673E+00  5.9817E-03
  8.9792E+00  5.5103E-03
  8.9912E+00  5.0811E-03
  9.0031E+00  4.6918E-03
  9.0150E+00  4.3385E-03
  9.0269E+00  4.0160E-03
  9.0388E+00  3.7190E-03
  9.0507E+00  3.4420E-03
  9.0626E+00  3.1800E-03
  9.0745E+00  2.9286E-03
  9.0864E+00  2.6849E-03
  9.0983E+00  2.4467E-03
  9.1102E+00  2.2135E-03
  9.1222E+00  1.9860E-03
  9.1341E+00  1.7658E-03
  9.1460E+00  1.5558E-03
  9.1579E+00  1.3593E-03
  9.1698E+00  1.1799E-03
  9.1817E+00  1.0212E-03
  9.1936E+00  8.8652E-04
  9.2055E+00  7.7837E-04
  9.2174E+00  6.9838E-04
  9.2293E+00  6.4706E-04
  9.2412E+00  6.2369E-04
  9.2531E+00  6.2636E-04
  9.2651E+00  6.5199E-04
  9.2770E+00  6.9651E-04
  9.2889E+00  7.5508E-04
  9.3008E+00  8.2232E-04
  9.3127E+00  8.9264E-04
  9.3246E+00  9.6053E-04
  9.3365E+00  1.0209E-03
  9.3484E+00  1.0692E-03
  9.3603E+00  1.1021E-03
  9.3722E+00  1.1171E-03
  9.3841E+00  1.1133E-03
  9.3961E+00  1.0909E-03
  9.4080E+00  1.0515E-03
  9.4199E+00  9.9809E-04
  9.4318E+00  9.3443E-04
  9.4437E+00  8.6529E-04
  9.4556E+00  7.9587E-04
  9.4675E+00  7.3159E-04
  9.4794E+00  6.7772E-04
  9.4913E+00  6.3907E-04
  9.5032E+00  6.1975E-04
  9.5151E+00  6.2286E-04
  9.5271E+00  6.5034E-04
  9.5390E+00  7.0285E-04
  9.5509E+00  7.7971E-04
  9.5628E+00  8.7887E-04
  9.5747E+00  9.9708E-04
  9.5866E+00  1.1299E-03
  9.5985E+00  1.2722E-03
  9.6104E+00  1.4181E-03
  9.6223E+00  1.5613E-03
  9.6342E+00  1.6958E-03
  9.6461E+00  1.8159E-03
  9.6580E+00  1.9163E-03
  9.6700E+00  1.9928E-03
  9.6819E+00  2.0424E-03
  9.6938E+00  2.0630E-03
  9.7057E+00  2.0540E-03
  9.7176E+00  2.0161E-03
  9.7295E+00  1.9509E-03
  9.7414E+00  1.8615E-03
  9.7533E+00  1.7514E-03
  9.7652E+00  1.6253E-03
  9.7771E+00  1.4879E-03
  9.7890E+00  1.3445E-03
  9.8010E+00  1.2000E-03
  9.8129E+00  1.0594E-03
  9.8248E+00  9.2683E-04
  9.8367E+00  8.0597E-04
  9.8486E+00  6.9957E-04
  9.8605E+00  6.0942E-04
  9.8724E+00  5.3636E-04
  9.8843E+00  4.8023E-04
  9.8962E+00  4.3999E-04
  9.9081E+00  4.1385E-04
  9.9200E+00  3.9940E-04
  9.9319E+00  3.9384E-04
  9.9439E+00  3.9416E-04
  9.9558E+00  3.9734E-04
  9.9677E+00  4.0057E-04
  9.9796E+00  4.0141E-04
  9.9915E+00  3.9791E-04
  1.0003E+01  3.8874E-04
  1.0015E+01  3.7326E-04
  1.0027E+01  3.5150E-04
  1.0039E+01  3.2417E-04
  1.0051E+01  2.9256E-04
  1.0063E+01  2.5844E-04
  1.0075E+01  2.2393E-04
  1.0087E+01  1.9128E-04
  1.0099E+01  1.6279E-04
  1.0111E+01  1.4055E-04
  1.0122E+01  1.2633E-04
  1.0134E+01  1.2144E-04
  1.0146E+01  1.2665E-04
  1.0158E+01  1.4211E-04
  1.0170E+01  1.6734E-04
  1.0182E+01  2.0125E-04
  1.0194E+01  2.4222E-04
  1.0206E+01  2.8817E-04
  1.0218E+01  3.3669E-04
  1.0230E+01  3.8521E-04
  1.0242E+01  4.3115E-04
  1.0253E+01  4.7209E-04
  1.0265E+01  5.0594E-04
  1.0277E+01  5.3109E-04
  1.0289E+01  5.4650E-04
  1.0301E+01  5.5182E-04
  1.0313E+01  5.4744E-04
  1.0325E+01  5.3441E-04
  1.0337E+01  5.1446E-04
  1.0349E+01  4.8990E-04
  1.0361E+01  4.6345E-04
  1.0373E+01  4.3811E-04
  1.0384E+01  4.1700E-04
  1.0396E+01  4.0316E-04
  1.0408E+01  3.9940E-04
  1.0420E+01  4.0807E-04
  1.0432E+01  4.3099E-04
  1.0444E+01  4.6927E-04
  1.0456E+01  5.2321E-04
  1.0468E+01  5.9233E-04
  1.0480E+01  6.7525E-04
  1.0492E+01  7.6987E-04
  1.0504E+01  8.7334E-04
  1.0515E+01  9.8229E-04
  1.0527E+01  1.0929E-03
  1.0539E+01  1.2013E-03
  1.0551E+01  1.3035E-03
  1.0563E+01  1.3956E-03
  1.0575E+01  1.4743E-03
  1.0587E+01  1.5368E-03
  1.0599E+01  1.5808E-03
  1.0611E+01  1.6049E-03
  1.0623E+01  1.6086E-03
  1.0635E+01  1.5919E-03
  1.0646E+01  1.5560E-03
  1.0658E+01  1.5025E-03
  1.0670E+01  1.4339E-03
  1.0682E+01  1.3531E-03
  1.0694E+01  1.2635E-03
  1.0706E+01  1.1685E-03
  1.0718E+01  1.0717E-03
  1.0730E+01  9.7653E-04
  1.0742E+01  8.8595E-04
  1.0754E+01  8.0254E-04
  1.0766E+01  7.2826E-04
  1.0777E+01  6.6438E-04
  1.0789E+01  6.1148E-04
  1.0801E+01  5.6944E-04
  1.0813E+01  5.3749E-04
  1.0825E+01  5.1434E-04
  1.0837E+01  4.9824E-04
  1.0849E+01  4.8719E-04
  1.0861E+01  4.7903E-04
  1.0873E+01  4.7165E-04
  1.0885E+01  4.6310E-04
  1.0897E+01  4.5176E-04
  1.0908E+01  4.3643E-04
  1.0920E+01  4.1645E-04
  1.0932E+01  3.9168E-04
  1.0944E+01  3.6259E-04
  1.0956E+01  3.3016E-04
  1.0968E+01  2.9587E-04
  1.0980E+01  2.6155E-04
  1.0992E+01  2.2925E-04
  1.1004E+01  2.0115E-04
  1.1016E+01  1.7934E-04
  1.1028E+01  1.6574E-04
  1.1039E+01  1.6190E-04
  1.1051E+01  1.6897E-04
  1.1063E+01  1.8755E-04
  1.1075E+01  2.1765E-04
  1.1087E+01  2.5872E-04
  1.1099E+01  3.0964E-04
  1.1111E+01  3.6881E-04
  1.1123E+01  4.3424E-04
  1.1135E+01  5.0371E-04
  1.1147E+01  5.7494E-04
  1.1159E+01  6.4575E-04
  1.1170E+01  7.1430E-04
  1.1182E+01  7.7922E-04
  1.1194E+01  8.3983E-04
  1.1206E+01  8.9621E-04
  1.1218E+01  9.4935E-04
  1.1230E+01  1.0012E-03
  1.1242E+01  1.0545E-03
  1.1254E+01  1.1130E-03
  1.1266E+01  1.1812E-03
  1.1278E+01  1.2640E-03
  1.1290E+01  1.3669E-03
  1.1301E+01  1.4954E-03
  1.1313E+01  1.6549E-03
  1.1325E+01  1.8504E-03
  1.1337E+01  2.0860E-03
  1.1349E+01  2.3649E-03
  1.1361E+01  2.6892E-03
  1.1373E+01  3.0591E-03
  1.1385E+01  3.4737E-03
  1.1397E+01  3.9300E-03
  1.1409E+01  4.4236E-03
  1.1421E+01  4.9484E-03
  1.1432E+01  5.4969E-03
  1.1444E+01  6.0604E-03
  1.1456E+01  6.6291E-03
  1.1468E+01  7.1926E-03
  1.1480E+01  7.7399E-03
  1.1492E+01  8.2600E-03
  1.1504E+01  8.7420E-03
  1.1516E+01  9.1754E-03
  1.1528E+01  9.5508E-03
  1.1540E+01  9.8596E-03
  1.1552E+01  1.0095E-02
  1.1563E+01  1.0251E-02
  1.1575E+01  1.0325E-02
  1.1587E+01  1.0316E-02
  1.1599E+01  1.0223E-02
  1.1611E+01  1.0051E-02
  1.1623E+01  9.8040E-03
  1.1635E+01  9.4887E-03
  1.1647E+01  9.1133E-03
  1.1659E+01  8.6870E-03
  1.1671E+01  8.2197E-03
  1.1683E+01  7.7215E-03
  1.1694E+01  7.2029E-03
  1.1706E+01  6.6735E-03
  1.1718E+01  6.1428E-03
  1.1730E+01  5.6191E-03
  1.1742E+01  5.1100E-03
  1.1754E+01  4.6219E-03
  1.1766E+01  4.1600E-03
  1.1778E+01  3.7283E-03
  1.1790E+01  3.3298E-03
  1.1802E+01  2.9662E-03
  1.1814E+01  2.6381E-03
  1.1825E+01  2.3451E-03
  1.1837E+01  2.0860E-03
  1.1849E+01  1.8590E-03
  1.1861E+01  1.6616E-03
  1.1873E+01  1.4909E-03
  1.1885E+01  1.3438E-03
  1.1897E+01  1.2172E-03
  1.1909E+01  1.1080E-03
  1.1921E+01  1.0134E-03
  1.1933E+01  9.3067E-04
  1.1945E+01  8.5760E-04
  1.1956E+01  7.9226E-04
  1.1968E+01  7.3314E-04
  1.1980E+01  6.7909E-04
  1.1992E+01  6.2929E-04
  1.2004E+01  5.8325E-04
  1.2016E+01  5.4072E-04
  1.2028E+01  5.0164E-04
  1.2040E+01  4.6610E-04
  1.2052E+01  4.3427E-04
  1.2064E+01  4.0636E-04
  1.2076E+01  3.8257E-04
  1.2087E+01  3.6305E-04
  1.2099E+01  3.4790E-04
  1.2111E+01  3.3715E-04
  1.2123E+01  3.3074E-04
  1.2135E+01  3.2854E-04
  1.2147E+01  3.3036E-04
  1.2159E+01  3.3594E-04
  1.2171E+01  3.4500E-04
  1.2183E+01  3.5723E-04
  1.2195E+01  3.7230E-04
  1.2207E+01  3.8985E-04
  1.2218E+01  4.0956E-04
  1.2230E+01  4.3109E-04
  1.2242E+01  4.5408E-04
  1.2254E+01  4.7820E-04
  1.2266E+01  5.0312E-04
  1.2278E+01  5.2848E-04
  1.2290E+01  5.5393E-04
  1.2302E+01  5.7909E-04
  1.2314E+01  6.0360E-04
  1.2326E+01  6.2707E-04
  1.2338E+01  6.4910E-04
  1.2349E+01  6.6930E-04
  1.2361E+01  6.8729E-04
  1.2373E+01  7.0270E-04
  1.2385E+01  7.1521E-04
  1.2397E+01  7.2456E-04
  1.2409E+01  7.3052E-04
  1.2421E+01  7.3299E-04
  1.2433E+01  7.3193E-04
  1.2445E+01  7.2742E-04
  1.2457E+01  7.1963E-04
  1.2469E+01  7.0887E-04
  1.2480E+01  6.9549E-04
  1.2492E+01  6.7995E-04
  1.2504E+01  6.6276E-04
  1.2516E+01  6.4442E-04
  1.2528E+01  6.2546E-04
  1.2540E+01  6.0633E-04
  1.2552E+01  5.8744E-04
  1.2564E+01  5.6910E-04
  1.2576E+01  5.5151E-04
  1.2588E+01  5.3474E-04
  1.2600E+01  5.1877E-04
  1.2611E+01  5.0343E-04
  1.2623E+01  4.8849E-04
  1.2635E+01  4.7362E-04
  1.2647E+01  4.5846E-04
  1.2659E+01  4.4262E-04
  1.2671E+01  4.2575E-04
  1.2683E+01  4.0755E-04
  1.2695E+01  3.8781E-04
  1.2707E+01  3.6642E-04
  1.2719E+01  3.4341E-04
  1.2731E+01  3.1894E-04
  1.2742E+01  2.9333E-04
  1.2754E+01  2.6701E-04
  1.2766E+01  2.4050E-04
  1.2778E+01  2.1443E-04
  1.2790E+01  1.8947E-04
  1.2802E+01  1.6628E-04
  1.2814E+01  1.4551E-04
  1.2826E+01  1.2773E-04
  1.2838E+01  1.1342E-04
  1.2850E+01  1.0290E-04
  1.2862E+01  9.6359E-05
  1.2873E+01  9.3784E-05
  1.2885E+01  9.4991E-05
  1.2897E+01  9.9617E-05
  1.2909E+01  1.0714E-04
  1.2921E+01  1.1690E-04
  1.2933E+01  1.2816E-04
  1.2945E+01  1.4012E-04
  1.2957E+01  1.5199E-04
  1.2969E+01  1.6305E-04
  1.2981E+01  1.7265E-04
  1.2993E+01  1.8030E-04
  1.3004E+01  1.8569E-04
  1.3016E+01  1.8869E-04
  1.3028E+01  1.8938E-04
  1.3040E+01  1.8804E-04
  1.3052E+01  1.8514E-04
  1.3064E+01  1.8128E-04
  1.3076E+01  1.7719E-04
  1.3088E+01  1.7367E-04
  1.3100E+01  1.7152E-04
  1.3112E+01  1.7150E-04
  1.3124E+01  1.7426E-04
  1.3135E+01  1.8029E-04
  1.3147E+01  1.8990E-04
  1.3159E+01  2.0316E-04
  1.3171E+01  2.1990E-04
  1.3183E+01  2.3971E-04
  1.3195E+01  2.6196E-04
  1.3207E+01  2.8582E-04
  1.3219E+01  3.1031E-04
  1.3231E+01  3.3439E-04
  1.3243E+01  3.5695E-04
  1.3255E+01  3.7694E-04
  1.3266E+01  3.9342E-04
  1.3278E+01  4.0560E-04
  1.3290E+01  4.1292E-04
  1.3302E+01  4.1508E-04
  1.3314E+01  4.1208E-04
  1.3326E+01  4.0423E-04
  1.3338E+01  3.9212E-04
  1.3350E+01  3.7664E-04
  1.3362E+01  3.5888E-04
  1.3374E+01  3.4009E-04
  1.3386E+01  3.2162E-04
  1.3397E+01  3.0481E-04
  1.3409E+01  2.9089E-04
  1.3421E+01  2.8095E-04
  1.3433E+01  2.7582E-04
  1.3445E+01  2.7603E-04
  1.3457E+01  2.8176E-04
  1.3469E+01  2.9284E-04
  1.3481E+01  3.0870E-04
  1.3493E+01  3.2848E-04
  1.3505E+01  3.5100E-04
  1.3517E+01  3.7485E-04
  1.3528E+01  3.9848E-04
  1.3540E+01  4.2031E-04
  1.3552E+01  4.3879E-04
  1.3564E+01  4.5256E-04
  1.3576E+01  4.6051E-04
  1.3588E+01  4.6188E-04
  1.3600E+01  4.5632E-04
  1.3612E+01  4.4392E-04
  1.3624E+01  4.2527E-04
  1.3636E+01  4.0136E-04
  1.3647E+01  3.7359E-04
  1.3659E+01  3.4367E-04
  1.3671E+01  3.1355E-04
  1.3683E+01  2.8527E-04
  1.3695E+01  2.6088E-04
  1.3707E+01  2.4227E-04
  1.3719E+01  2.3112E-04
  1.3731E+01  2.2871E-04
  1.3743E+01  2.3590E-04
  1.3755E+01  2.5302E-04
  1.3767E+01  2.7986E-04
  1.3778E+01  3.1567E-04
  1.3790E+01  3.5917E-04
  1.3802E+01  4.0868E-04
  1.3814E+01  4.6217E-04
  1.3826E+01  5.1745E-04
  1.3838E+01  5.7229E-04
  1.3850E+01  6.2460E-04
  1.3862E+01  6.7258E-04
  1.3874E+01  7.1490E-04
  1.3886E+01  7.5080E-04
  1.3898E+01  7.8018E-04
  1.3909E+01  8.0369E-04
  1.3921E+01  8.2275E-04
  1.3933E+01  8.3948E-04
  1.3945E+01  8.5669E-04
  1.3957E+01  8.7772E-04
  1.3969E+01  9.0629E-04
  1.3981E+01  9.4634E-04
  1.3993E+01  1.0017E-03
  1.4005E+01  1.0761E-03
  1.4017E+01  1.1725E-03
  1.4029E+01  1.2933E-03
  1.4040E+01  1.4400E-03
  1.4052E+01  1.6130E-03
  1.4064E+01  1.8113E-03
  1.4076E+01  2.0330E-03
  1.4088E+01  2.2748E-03
  1.4100E+01  2.5323E-03
  1.4112E+01  2.8001E-03
  1.4124E+01  3.0719E-03
  1.4136E+01  3.3408E-03
  1.4148E+01  3.5996E-03
  1.4160E+01  3.8410E-03
  1.4171E+01  4.0579E-03
  1.4183E+01  4.2436E-03
  1.4195E+01  4.3925E-03
  1.4207E+01  4.4999E-03
  1.4219E+01  4.5627E-03
  1.4231E+01  4.5792E-03
  1.4243E+01  4.5492E-03
  1.4255E+01  4.4744E-03
  1.4267E+01  4.3579E-03
  1.4279E+01  4.2044E-03
  1.4291E+01  4.0194E-03
  1.4302E+01  3.8095E-03
  1.4314E+01  3.5818E-03
  1.4326E+01  3.3434E-03
  1.4338E+01  3.1013E-03
  1.4350E+01  2.8621E-03
  1.4362E+01  2.6314E-03
  1.4374E+01  2.4139E-03
  1.4386E+01  2.2133E-03
  1.4398E+01  2.0317E-03
  1.4410E+01  1.8703E-03
  1.4422E+01  1.7289E-03
  1.4433E+01  1.6062E-03
  1.4445E+01  1.4999E-03
  1.4457E+01  1.4071E-03
  1.4469E+01  1.3245E-03
  1.4481E+01  1.2487E-03
  1.4493E+01  1.1763E-03
  1.4505E+01  1.1045E-03
  1.4517E+01  1.0310E-03
  1.4529E+01  9.5458E-04
  1.4541E+01  8.7493E-04
  1.4553E+01  7.9281E-04
  1.4564E+01  7.1004E-04
  1.4576E+01  6.2941E-04
  1.4588E+01  5.5451E-04
  1.4600E+01  4.8953E-04
  1.4612E+01  4.3902E-04
  1.4624E+01  4.0757E-04
  1.4636E+01  3.9956E-04
  1.4648E+01  4.1885E-04
  1.4660E+01  4.6854E-04
  1.4672E+01  5.5081E-04
  1.4684E+01  6.6681E-04
  1.4695E+01  8.1662E-04
  1.4707E+01  9.9941E-04
  1.4719E+01  1.2136E-03
  1.4731E+01  1.4570E-03
  1.4743E+01  1.7277E-03
  1.4755E+01  2.0237E-03
  1.4767E+01  2.3441E-03
  1.4779E+01  2.6893E-03
  1.4791E+01  3.0613E-03
  1.4803E+01  3.4642E-03
  1.4815E+01  3.9049E-03
  1.4826E+01  4.3925E-03
  1.4838E+01  4.9391E-03
  1.4850E+01  5.5592E-03
  1.4862E+01  6.2698E-03
  1.4874E+01  7.0894E-03
  1.4886E+01  8.0379E-03
  1.4898E+01  9.1355E-03
  1.4910E+01  1.0402E-02
  1.4922E+01  1.1855E-02
  1.4934E+01  1.3510E-02
  1.4946E+01  1.5380E-02
  1.4957E+01  1.7472E-02
  1.4969E+01  1.9787E-02
  1.4981E+01  2.2321E-02
  1.4993E+01  2.5064E-02
  1.5005E+01  2.7996E-02
  1.5017E+01  3.1091E-02
  1.5029E+01  3.4314E-02
  1.5041E+01  3.7623E-02
  1.5053E+01  4.0968E-02
  1.5065E+01  4.4295E-02
  1.5077E+01  4.7543E-02
  1.5088E+01  5.0648E-02
  1.5100E+01  5.3548E-02
  1.5112E+01  5.6177E-02
  1.5124E+01  5.8478E-02
  1.5136E+01  6.0397E-02
  1.5148E+01  6.1887E-02
  1.5160E+01  6.2913E-02
  1.5172E+01  6.3449E-02
  1.5184E+01  6.3480E-02
  1.5196E+01  6.3004E-02
  1.5208E+01  6.2030E-02
  1.5219E+01  6.0578E-02
  1.5231E+01  5.8678E-02
  1.5243E+01  5.6370E-02
  1.5255E+01  5.3704E-02
  1.5267E+01  5.0734E-02
  1.5279E+01  4.7523E-02
  1.5291E+01  4.4137E-02
  1.5303E+01  4.0643E-02
  1.5315E+01  3.7112E-02
  1.5327E+01  3.3610E-02
  1.5339E+01  3.0201E-02
  1.5350E+01  2.6943E-02
  1.5362E+01  2.3888E-02
  1.5374E+01  2.1076E-02
  1.5386E+01  1.8539E-02
  1.5398E+01  1.6299E-02
  1.5410E+01  1.4365E-02
  1.5422E+01  1.2738E-02
  1.5434E+01  1.1407E-02
  1.5446E+01  1.0354E-02
  1.5458E+01  9.5531E-03
  1.5470E+01  8.9728E-03
  1.5481E+01  8.5773E-03
  1.5493E+01  8.3288E-03
  1.5505E+01  8.1886E-03
  1.5517E+01  8.1188E-03
  1.5529E+01  8.0844E-03
  1.5541E+01  8.0537E-03
  1.5553E+01  8.0006E-03
  1.5565E+01  7.9046E-03
  1.5577E+01  7.7515E-03
  1.5589E+01  7.5341E-03
  1.5601E+01  7.2518E-03
  1.5612E+01  6.9098E-03
  1.5624E+01  6.5193E-03
  1.5636E+01  6.0957E-03
  1.5648E+01  5.6583E-03
  1.5660E+01  5.2283E-03
  1.5672E+01  4.8284E-03
  1.5684E+01  4.4810E-03
  1.5696E+01  4.2075E-03
  1.5708E+01  4.0269E-03
  1.5720E+01  3.9550E-03
  1.5732E+01  4.0035E-03
  1.5743E+01  4.1797E-03
  1.5755E+01  4.4859E-03
  1.5767E+01  4.9192E-03
  1.5779E+01  5.4720E-03
  1.5791E+01  6.1317E-03
  1.5803E+01  6.8819E-03
  1.5815E+01  7.7030E-03
  1.5827E+01  8.5728E-03
  1.5839E+01  9.4675E-03
  1.5851E+01  1.0363E-02
  1.5863E+01  1.1235E-02
  1.5874E+01  1.2061E-02
  1.5886E+01  1.2820E-02
  1.5898E+01  1.3494E-02
  1.5910E+01  1.4066E-02
  1.5922E+01  1.4525E-02
  1.5934E+01  1.4861E-02
  1.5946E+01  1.5070E-02
  1.5958E+01  1.5149E-02
  1.5970E+01  1.5101E-02
  1.5982E+01  1.4932E-02
  1.5994E+01  1.4648E-02
  1.6005E+01  1.4262E-02
  1.6017E+01  1.3785E-02
  1.6029E+01  1.3233E-02
  1.6041E+01  1.2621E-02
  1.6053E+01  1.1962E-02
  1.6065E+01  1.1273E-02
  1.6077E+01  1.0567E-02
  1.6089E+01  9.8551E-03
  1.6101E+01  9.1496E-03
  1.6113E+01  8.4589E-03
  1.6125E+01  7.7903E-03
  1.6136E+01  7.1493E-03
  1.6148E+01  6.5398E-03
  1.6160E+01  5.9641E-03
  1.6172E+01  5.4236E-03
  1.6184E+01  4.9186E-03
  1.6196E+01  4.4483E-03
  1.6208E+01  4.0119E-03
  1.6220E+01  3.6079E-03
  1.6232E+01  3.2346E-03
  1.6244E+01  2.8904E-03
  1.6256E+01  2.5737E-03
  1.6267E+01  2.2831E-03
  1.6279E+01  2.0172E-03
  1.6291E+01  1.7748E-03
  1.6303E+01  1.5551E-03
  1.6315E+01  1.3572E-03
  1.6327E+01  1.1803E-03
  1.6339E+01  1.0237E-03
  1.6351E+01  8.8680E-04
  1.6363E+01  7.6867E-04
  1.6375E+01  6.6840E-04
  1.6387E+01  5.8490E-04
  1.6398E+01  5.1689E-04
  1.6410E+01  4.6292E-04
  1.6422E+01  4.2136E-04
  1.6434E+01  3.9048E-04
  1.6446E+01  3.6846E-04
  1.6458E+01  3.5351E-04
  1.6470E+01  3.4388E-04
  1.6482E+01  3.3799E-04
  1.6494E+01  3.3449E-04
  1.6506E+01  3.3230E-04
  1.6518E+01  3.3065E-04
  1.6529E+01  3.2915E-04
  1.6541E+01  3.2776E-04
  1.6553E+01  3.2676E-04
  1.6565E+01  3.2679E-04
  1.6577E+01  3.2870E-04
  1.6589E+01  3.3357E-04
  1.6601E+01  3.4259E-04
  1.6613E+01  3.5697E-04
  1.6625E+01  3.7787E-04
  1.6637E+01  4.0628E-04
  1.6649E+01  4.4298E-04
  1.6660E+01  4.8847E-04
  1.6672E+01  5.4287E-04
  1.6684E+01  6.0593E-04
  1.6696E+01  6.7705E-04
  1.6708E+01  7.5521E-04
  1.6720E+01  8.3908E-04
  1.6732E+01  9.2703E-04
  1.6744E+01  1.0172E-03
  1.6756E+01  1.1075E-03
  1.6768E+01  1.1959E-03
  1.6780E+01  1.2803E-03
  1.6791E+01  1.3585E-03
  1.6803E+01  1.4287E-03
  1.6815E+01  1.4891E-03
  1.6827E+01  1.5383E-03
  1.6839E+01  1.5751E-03
  1.6851E+01  1.5989E-03
  1.6863E+01  1.6093E-03
  1.6875E+01  1.6063E-03
  1.6887E+01  1.5904E-03
  1.6899E+01  1.5622E-03
  1.6911E+01  1.5230E-03
  1.6922E+01  1.4740E-03
  1.6934E+01  1.4168E-03
  1.6946E+01  1.3529E-03
  1.6958E+01  1.2839E-03
  1.6970E+01  1.2115E-03
  1.6982E+01  1.1372E-03
  1.6994E+01  1.0623E-03
  1.7006E+01  9.8804E-04
  1.7018E+01  9.1538E-04
  1.7030E+01  8.4513E-04
  1.7042E+01  7.7791E-04
  1.7053E+01  7.1415E-04
  1.7065E+01  6.5409E-04
  1.7077E+01  5.9784E-04
  1.7089E+01  5.4541E-04
  1.7101E+01  4.9668E-04
  1.7113E+01  4.5148E-04
  1.7125E+01  4.0959E-04
  1.7137E+01  3.7079E-04
  1.7149E+01  3.3483E-04
  1.7161E+01  3.0150E-04
  1.7173E+01  2.7061E-04
  1.7184E+01  2.4198E-04
  1.7196E+01  2.1551E-04
  1.7208E+01  1.9110E-04
  1.7220E+01  1.6869E-04
  1.7232E+01  1.4824E-04
  1.7244E+01  1.2974E-04
  1.7256E+01  1.1317E-04
  1.7268E+01  9.8506E-05
  1.7280E+01  8.5718E-05
  1.7292E+01  7.4757E-05
  1.7304E+01  6.5552E-05
  1.7315E+01  5.8010E-05
  1.7327E+01  5.2015E-05
  1.7339E+01  4.7437E-05
  1.7351E+01  4.4131E-05
  1.7363E+01  4.1953E-05
  1.7375E+01  4.0760E-05
  1.7387E+01  4.0426E-05
  1.7399E+01  4.0844E-05
  1.7411E+01  4.1934E-05
  1.7423E+01  4.3646E-05
  1.7435E+01  4.5963E-05
  1.7446E+01  4.8897E-05
  1.7458E+01  5.2489E-05
  1.7470E+01  5.6801E-05
  1.7482E+01  6.1906E-05
  1.7494E+01  6.7885E-05
  1.7506E+01  7.4811E-05
  1.7518E+01  8.2745E-05
  1.7530E+01  9.1723E-05
  1.7542E+01  1.0175E-04
  1.7554E+01  1.1279E-04
  1.7565E+01  1.2478E-04
  1.7577E+01  1.3761E-04
  1.7589E+01  1.5112E-04
  1.7601E+01  1.6513E-04
  1.7613E+01  1.7945E-04
  1.7625E+01  1.9383E-04
  1.7637E+01  2.0803E-04
  1.7649E+01  2.2182E-04
  1.7661E+01  2.3495E-04
  1.7673E+01  2.4720E-04
  1.7685E+01  2.5837E-04
  1.7696E+01  2.6830E-04
  1.7708E+01  2.7684E-04
  1.7720E+01  2.8390E-04
  1.7732E+01  2.8943E-04
  1.7744E+01  2.9341E-04
  1.7756E+01  2.9590E-04
  1.7768E+01  2.9694E-04
  1.7780E+01  2.9664E-04
  1.7792E+01  2.9513E-04
  1.7804E+01  2.9255E-04
  1.7816E+01  2.8904E-04
  1.7827E+01  2.8474E-04
  1.7839E+01  2.7979E-04
  1.7851E+01  2.7431E-04
  1.7863E+01  2.6840E-04
  1.7875E+01  2.6212E-04
  1.7887E+01  2.5553E-04
  1.7899E+01  2.4866E-04
  1.7911E+01  2.4151E-04
  1.7923E+01  2.3409E-04
  1.7935E+01  2.2638E-04
  1.7947E+01  2.1836E-04
  1.7958E+01  2.1004E-04
  1.7970E+01  2.0139E-04
  1.7982E+01  1.9244E-04
  1.7994E+01  1.8320E-04
  1.8006E+01  1.7371E-04
  1.8018E+01  1.6402E-04
  1.8030E+01  1.5419E-04
  1.8042E+01  1.4430E-04
  1.8054E+01  1.3442E-04
  1.8066E+01  1.2464E-04
  1.8078E+01  1.1503E-04
  1.8089E+01  1.0568E-04
  1.8101E+01  9.6658E-05
  1.8113E+01  8.8024E-05
  1.8125E+01  7.9835E-05
  1.8137E+01  7.2134E-05
  1.8149E+01  6.4959E-05
  1.8161E+01  5.8336E-05
  1.8173E+01  5.2287E-05
  1.8185E+01  4.6830E-05
  1.8197E+01  4.1978E-05
  1.8209E+01  3.7746E-05
  1.8220E+01  3.4149E-05
  1.8232E+01  3.1204E-05
  1.8244E+01  2.8932E-05
  1.8256E+01  2.7359E-05
  1.8268E+01  2.6513E-05
  1.8280E+01  2.6424E-05
  1.8292E+01  2.7124E-05
  1.8304E+01  2.8646E-05
  1.8316E+01  3.1017E-05
  1.8328E+01  3.4263E-05
  1.8340E+01  3.8402E-05
  1.8351E+01  4.3446E-05
  1.8363E+01  4.9402E-05
  1.8375E+01  5.6271E-05
  1.8387E+01  6.4053E-05
  1.8399E+01  7.2749E-05
  1.8411E+01  8.2368E-05
  1.8423E+01  9.2932E-05
  1.8435E+01  1.0448E-04
  1.8447E+01  1.1709E-04
  1.8459E+01  1.3085E-04
  1.8471E+01  1.4590E-04
  1.8482E+01  1.6243E-04
  1.8494E+01  1.8064E-04
  1.8506E+01  2.0080E-04
  1.8518E+01  2.2317E-04
  1.8530E+01  2.4808E-04
  1.8542E+01  2.7582E-04
  1.8554E+01  3.0668E-04
  1.8566E+01  3.4094E-04
  1.8578E+01  3.7880E-04
  1.8590E+01  4.2039E-04
  1.8602E+01  4.6574E-04
  1.8613E+01  5.1475E-04
  1.8625E+01  5.6719E-04
  1.8637E+01  6.2268E-04
  1.8649E+01  6.8069E-04
  1.8661E+01  7.4052E-04
  1.8673E+01  8.0135E-04
  1.8685E+01  8.6221E-04
  1.8697E+01  9.2203E-04
  1.8709E+01  9.7967E-04
  1.8721E+01  1.0339E-03
  1.8733E+01  1.0835E-03
  1.8744E+01  1.1273E-03
  1.8756E+01  1.1642E-03
  1.8768E+01  1.1929E-03
  1.8780E+01  1.2128E-03
  1.8792E+01  1.2229E-03
  1.8804E+01  1.2228E-03
  1.8816E+01  1.2123E-03
  1.8828E+01  1.1912E-03
  1.8840E+01  1.1600E-03
  1.8852E+01  1.1192E-03
  1.8864E+01  1.0698E-03
  1.8875E+01  1.0128E-03
  1.8887E+01  9.4977E-04
  1.8899E+01  8.8222E-04
  1.8911E+01  8.1186E-04
  1.8923E+01  7.4044E-04
  1.8935E+01  6.6972E-04
  1.8947E+01  6.0135E-04
  1.8959E+01  5.3688E-04
  1.8971E+01  4.7765E-04
  1.8983E+01  4.2476E-04
  1.8995E+01  3.7904E-04
  1.9006E+01  3.4106E-04
  1.9018E+01  3.1103E-04
  1.9030E+01  2.8891E-04
  1.9042E+01  2.7431E-04
  1.9054E+01  2.6662E-04
  1.9066E+01  2.6497E-04
  1.9078E+01  2.6830E-04
  1.9090E+01  2.7543E-04
  1.9102E+01  2.8513E-04
  1.9114E+01  2.9615E-04
  1.9126E+01  3.0731E-04
  1.9137E+01  3.1759E-04
  1.9149E+01  3.2611E-04
  1.9161E+01  3.3226E-04
  1.9173E+01  3.3568E-04
  1.9185E+01  3.3630E-04
  1.9197E+01  3.3434E-04
  1.9209E+01  3.3030E-04
  1.9221E+01  3.2495E-04
  1.9233E+01  3.1929E-04
  1.9245E+01  3.1449E-04
  1.9257E+01  3.1187E-04
  1.9268E+01  3.1281E-04
  1.9280E+01  3.1866E-04
  1.9292E+01  3.3073E-04
  1.9304E+01  3.5016E-04
  1.9316E+01  3.7788E-04
  1.9328E+01  4.1459E-04
  1.9340E+01  4.6063E-04
  1.9352E+01  5.1606E-04
  1.9364E+01  5.8055E-04
  1.9376E+01  6.5346E-04
  1.9388E+01  7.3380E-04
  1.9399E+01  8.2026E-04
  1.9411E+01  9.1130E-04
  1.9423E+01  1.0051E-03
  1.9435E+01  1.0998E-03
  1.9447E+01  1.1933E-03
  1.9459E+01  1.2836E-03
  1.9471E+01  1.3685E-03
  1.9483E+01  1.4462E-03
  1.9495E+01  1.5148E-03
  1.9507E+01  1.5730E-03
  1.9519E+01  1.6193E-03
  1.9530E+01  1.6531E-03
  1.9542E+01  1.6736E-03
  1.9554E+01  1.6809E-03
  1.9566E+01  1.6750E-03
  1.9578E+01  1.6565E-03
  1.9590E+01  1.6263E-03
  1.9602E+01  1.5854E-03
  1.9614E+01  1.5352E-03
  1.9626E+01  1.4769E-03
  1.9638E+01  1.4121E-03
  1.9650E+01  1.3422E-03
  1.9661E+01  1.2688E-03
  1.9673E+01  1.1931E-03
  1.9685E+01  1.1166E-03
  1.9697E+01  1.0402E-03
  1.9709E+01  9.6513E-04
  1.9721E+01  8.9209E-04
  1.9733E+01  8.2177E-04
  1.9745E+01  7.5469E-04
  1.9757E+01  6.9117E-04
  1.9769E+01  6.3142E-04
  1.9781E+01  5.7548E-04
  1.9792E+01  5.2331E-04
  1.9804E+01  4.7478E-04
  1.9816E+01  4.2970E-04
  1.9828E+01  3.8785E-04
  1.9840E+01  3.4899E-04
  1.9852E+01  3.1292E-04
  1.9864E+01  2.7943E-04
  1.9876E+01  2.4838E-04
  1.9888E+01  2.1965E-04
  1.9900E+01  1.9317E-04
  1.9912E+01  1.6893E-04
  1.9923E+01  1.4692E-04
  1.9935E+01  1.2717E-04
  1.9947E+01  1.0972E-04
  1.9959E+01  9.4571E-05
  1.9971E+01  8.1741E-05
  1.9983E+01  7.1196E-05
  1.9995E+01  6.2863E-05
  2.0007E+01  5.6627E-05
  2.0019E+01  5.2327E-05
  2.0031E+01  4.9760E-05
  2.0043E+01  4.8688E-05
  2.0054E+01  4.8849E-05
  2.0066E+01  4.9971E-05
  2.0078E+01  5.1784E-05
  2.0090E+01  5.4037E-05
  2.0102E+01  5.6511E-05
  2.0114E+01  5.9031E-05
  2.0126E+01  6.1480E-05
  2.0138E+01  6.3803E-05
  2.0150E+01  6.6013E-05
  2.0162E+01  6.8189E-05
  2.0174E+01  7.0474E-05
  2.0185E+01  7.3062E-05
  2.0197E+01  7.6189E-05
  2.0209E+01  8.0114E-05
  2.0221E+01  8.5104E-05
  2.0233E+01  9.1411E-05
  2.0245E+01  9.9253E-05
  2.0257E+01  1.0880E-04
  2.0269E+01  1.2016E-04
  2.0281E+01  1.3334E-04
  2.0293E+01  1.4828E-04
  2.0305E+01  1.6483E-04
  2.0316E+01  1.8272E-04
  2.0328E+01  2.0161E-04
  2.0340E+01  2.2108E-04
  2.0352E+01  2.4063E-04
  2.0364E+01  2.5974E-04
  2.0376E+01  2.7784E-04
  2.0388E+01  2.9438E-04
  2.0400E+01  3.0884E-04
  2.0412E+01  3.2075E-04
  2.0424E+01  3.2971E-04
  2.0436E+01  3.3541E-04
  2.0447E+01  3.3768E-04
  2.0459E+01  3.3643E-04
  2.0471E+01  3.3172E-04
  2.0483E+01  3.2372E-04
  2.0495E+01  3.1268E-04
  2.0507E+01  2.9898E-04
  2.0519E+01  2.8306E-04
  2.0531E+01  2.6540E-04
  2.0543E+01  2.4653E-04
  2.0555E+01  2.2699E-04
  2.0567E+01  2.0731E-04
  2.0578E+01  1.8798E-04
  2.0590E+01  1.6945E-04
  2.0602E+01  1.5208E-04
  2.0614E+01  1.3617E-04
  2.0626E+01  1.2192E-04
  2.0638E+01  1.0945E-04
  2.0650E+01  9.8764E-05
  2.0662E+01  8.9800E-05
  2.0674E+01  8.2412E-05
  2.0686E+01  7.6397E-05
  2.0698E+01  7.1508E-05
  2.0709E+01  6.7473E-05
  2.0721E+01  6.4018E-05
  2.0733E+01  6.0880E-05
  2.0745E+01  5.7827E-05
  2.0757E+01  5.4672E-05
  2.0769E+01  5.1279E-05
  2.0781E+01  4.7574E-05
  2.0793E+01  4.3545E-05
  2.0805E+01  3.9238E-05
  2.0817E+01  3.4756E-05
  2.0829E+01  3.0241E-05
  2.0840E+01  2.5868E-05
  2.0852E+01  2.1830E-05
  2.0864E+01  1.8315E-05
  2.0876E+01  1.5502E-05
  2.0888E+01  1.3535E-05
  2.0900E+01  1.2521E-05
  2.0912E+01  1.2513E-05
  2.0924E+01  1.3512E-05
  2.0936E+01  1.5461E-05
  2.0948E+01  1.8250E-05
  2.0960E+01  2.1721E-05
  2.0971E+01  2.5680E-05
  2.0983E+01  2.9910E-05
  2.0995E+01  3.4183E-05
  2.1007E+01  3.8277E-05
  2.1019E+01  4.1994E-05
  2.1031E+01  4.5173E-05
  2.1043E+01  4.7705E-05
  2.1055E+01  4.9540E-05
  2.1067E+01  5.0701E-05
  2.1079E+01  5.1277E-05
  2.1091E+01  5.1430E-05
  2.1102E+01  5.1379E-05
  2.1114E+01  5.1396E-05
  2.1126E+01  5.1787E-05
  2.1138E+01  5.2873E-05
  2.1150E+01  5.4977E-05
  2.1162E+01  5.8393E-05
  2.1174E+01  6.3374E-05
  2.1186E+01  7.0113E-05
  2.1198E+01  7.8720E-05
  2.1210E+01  8.9219E-05
  2.1222E+01  1.0153E-04
  2.1233E+01  1.1548E-04
  2.1245E+01  1.3077E-04
  2.1257E+01  1.4705E-04
  2.1269E+01  1.6386E-04
  2.1281E+01  1.8069E-04
  2.1293E+01  1.9700E-04
  2.1305E+01  2.1223E-04
  2.1317E+01  2.2583E-04
  2.1329E+01  2.3732E-04
  2.1341E+01  2.4626E-04
  2.1353E+01  2.5231E-04
  2.1364E+01  2.5524E-04
  2.1376E+01  2.5493E-04
  2.1388E+01  2.5138E-04
  2.1400E+01  2.4471E-04
  2.1412E+01  2.3515E-04
  2.1424E+01  2.2305E-04
  2.1436E+01  2.0885E-04
  2.1448E+01  1.9304E-04
  2.1460E+01  1.7617E-04
  2.1472E+01  1.5881E-04
  2.1483E+01  1.4154E-04
  2.1495E+01  1.2488E-04
  2.1507E+01  1.0931E-04
  2.1519E+01  9.5242E-05
  2.1531E+01  8.2974E-05
  2.1543E+01  7.2708E-05
  2.1555E+01  6.4530E-05
  2.1567E+01  5.8414E-05
  2.1579E+01  5.4231E-05
  2.1591E+01  5.1760E-05
  2.1603E+01  5.0707E-05
  2.1614E+01  5.0725E-05
  2.1626E+01  5.1439E-05
  2.1638E+01  5.2469E-05
  2.1650E+01  5.3454E-05
  2.1662E+01  5.4073E-05
  2.1674E+01  5.4067E-05
  2.1686E+01  5.3253E-05
  2.1698E+01  5.1530E-05
  2.1710E+01  4.8889E-05
  2.1722E+01  4.5411E-05
  2.1734E+01  4.1256E-05
  2.1745E+01  3.6656E-05
  2.1757E+01  3.1896E-05
  2.1769E+01  2.7292E-05
  2.1781E+01  2.3174E-05
  2.1793E+01  1.9859E-05
  2.1805E+01  1.7637E-05
  2.1817E+01  1.6745E-05
  2.1829E+01  1.7357E-05
  2.1841E+01  1.9576E-05
  2.1853E+01  2.3426E-05
  2.1865E+01  2.8857E-05
  2.1876E+01  3.5751E-05
  2.1888E+01  4.3933E-05
  2.1900E+01  5.3192E-05
  2.1912E+01  6.3302E-05
  2.1924E+01  7.4043E-05
  2.1936E+01  8.5231E-05
  2.1948E+01  9.6740E-05
  2.1960E+01  1.0853E-04
  2.1972E+01  1.2065E-04
  2.1984E+01  1.3327E-04
  2.1996E+01  1.4668E-04
  2.2007E+01  1.6129E-04
  2.2019E+01  1.7761E-04
  2.2031E+01  1.9624E-04
  2.2043E+01  2.1784E-04
  2.2055E+01  2.4311E-04
  2.2067E+01  2.7274E-04
  2.2079E+01  3.0736E-04
  2.2091E+01  3.4752E-04
  2.2103E+01  3.9363E-04
  2.2115E+01  4.4590E-04
  2.2127E+01  5.0434E-04
  2.2138E+01  5.6872E-04
  2.2150E+01  6.3853E-04
  2.2162E+01  7.1301E-04
  2.2174E+01  7.9112E-04
  2.2186E+01  8.7159E-04
  2.2198E+01  9.5295E-04
  2.2210E+01  1.0335E-03
  2.2222E+01  1.1116E-03
  2.2234E+01  1.1854E-03
  2.2246E+01  1.2531E-03
  2.2258E+01  1.3130E-03
  2.2269E+01  1.3634E-03
  2.2281E+01  1.4029E-03
  2.2293E+01  1.4305E-03
  2.2305E+01  1.4452E-03
  2.2317E+01  1.4463E-03
  2.2329E+01  1.4339E-03
  2.2341E+01  1.4079E-03
  2.2353E+01  1.3690E-03
  2.2365E+01  1.3182E-03
  2.2377E+01  1.2566E-03
  2.2389E+01  1.1859E-03
  2.2400E+01  1.1079E-03
  2.2412E+01  1.0248E-03
  2.2424E+01  9.3860E-04
  2.2436E+01  8.5150E-04
  2.2448E+01  7.6564E-04
  2.2460E+01  6.8300E-04
  2.2472E+01  6.0536E-04
  2.2484E+01  5.3426E-04
  2.2496E+01  4.7091E-04
  2.2508E+01  4.1619E-04
  2.2520E+01  3.7062E-04
  2.2531E+01  3.3439E-04
  2.2543E+01  3.0730E-04
  2.2555E+01  2.8887E-04
  2.2567E+01  2.7830E-04
  2.2579E+01  2.7456E-04
  2.2591E+01  2.7643E-04
  2.2603E+01  2.8257E-04
  2.2615E+01  2.9157E-04
  2.2627E+01  3.0205E-04
  2.2639E+01  3.1268E-04
  2.2651E+01  3.2227E-04
  2.2662E+01  3.2984E-04
  2.2674E+01  3.3461E-04
  2.2686E+01  3.3606E-04
  2.2698E+01  3.3395E-04
  2.2710E+01  3.2832E-04
  2.2722E+01  3.1948E-04
  2.2734E+01  3.0796E-04
  2.2746E+01  2.9455E-04
  2.2758E+01  2.8018E-04
  2.2770E+01  2.6593E-04
  2.2782E+01  2.5298E-04
  2.2793E+01  2.4251E-04
  2.2805E+01  2.3569E-04
  2.2817E+01  2.3361E-04
  2.2829E+01  2.3722E-04
  2.2841E+01  2.4732E-04
  2.2853E+01  2.6448E-04
  2.2865E+01  2.8905E-04
  2.2877E+01  3.2114E-04
  2.2889E+01  3.6060E-04
  2.2901E+01  4.0702E-04
  2.2913E+01  4.5981E-04
  2.2924E+01  5.1812E-04
  2.2936E+01  5.8096E-04
  2.2948E+01  6.4719E-04
  2.2960E+01  7.1554E-04
  2.2972E+01  7.8471E-04
  2.2984E+01  8.5332E-04
  2.2996E+01  9.2005E-04
  2.3008E+01  9.8360E-04
  2.3020E+01  1.0428E-03
  2.3032E+01  1.0964E-03
  2.3044E+01  1.1437E-03
  2.3055E+01  1.1838E-03
  2.3067E+01  1.2162E-03
  2.3079E+01  1.2405E-03
  2.3091E+01  1.2565E-03
  2.3103E+01  1.2642E-03
  2.3115E+01  1.2639E-03
  2.3127E+01  1.2558E-03
  2.3139E+01  1.2405E-03
  2.3151E+01  1.2185E-03
  2.3163E+01  1.1904E-03
  2.3175E+01  1.1569E-03
  2.3186E+01  1.1189E-03
  2.3198E+01  1.0769E-03
  2.3210E+01  1.0317E-03
  2.3222E+01  9.8408E-04
  2.3234E+01  9.3465E-04
  2.3246E+01  8.8405E-04
  2.3258E+01  8.3290E-04
  2.3270E+01  7.8174E-04
  2.3282E+01  7.3105E-04
  2.3294E+01  6.8125E-04
  2.3306E+01  6.3273E-04
  2.3317E+01  5.8578E-04
  2.3329E+01  5.4063E-04
  2.3341E+01  4.9749E-04
  2.3353E+01  4.5646E-04
  2.3365E+01  4.1763E-04
  2.3377E+01  3.8104E-04
  2.3389E+01  3.4668E-04
  2.3401E+01  3.1452E-04
  2.3413E+01  2.8452E-04
  2.3425E+01  2.5661E-04
  2.3437E+01  2.3071E-04
  2.3448E+01  2.0676E-04
  2.3460E+01  1.8466E-04
  2.3472E+01  1.6434E-04
  2.3484E+01  1.4573E-04
  2.3496E+01  1.2876E-04
  2.3508E+01  1.1335E-04
  2.3520E+01  9.9460E-05
  2.3532E+01  8.7019E-05
  2.3544E+01  7.5975E-05
  2.3556E+01  6.6272E-05
  2.3568E+01  5.7859E-05
  2.3579E+01  5.0681E-05
  2.3591E+01  4.4685E-05
  2.3603E+01  3.9811E-05
  2.3615E+01  3.6001E-05
  2.3627E+01  3.3189E-05
  2.3639E+01  3.1307E-05
  2.3651E+01  3.0279E-05
  2.3663E+01  3.0026E-05
  2.3675E+01  3.0465E-05
  2.3687E+01  3.1505E-05
  2.3699E+01  3.3056E-05
  2.3710E+01  3.5023E-05
  2.3722E+01  3.7313E-05
  2.3734E+01  3.9834E-05
  2.3746E+01  4.2500E-05
  2.3758E+01  4.5229E-05
  2.3770E+01  4.7948E-05
  2.3782E+01  5.0593E-05
  2.3794E+01  5.3110E-05
  2.3806E+01  5.5458E-05
  2.3818E+01  5.7605E-05
  2.3830E+01  5.9530E-05
  2.3841E+01  6.1225E-05
  2.3853E+01  6.2687E-05
  2.3865E+01  6.3923E-05
  2.3877E+01  6.4946E-05
  2.3889E+01  6.5775E-05
  2.3901E+01  6.6431E-05
  2.3913E+01  6.6937E-05
  2.3925E+01  6.7318E-05
  2.3937E+01  6.7598E-05
  2.3949E+01  6.7800E-05
  2.3961E+01  6.7947E-05
  2.3972E+01  6.8058E-05
  2.3984E+01  6.8152E-05
  2.3996E+01  6.8247E-05
  2.4008E+01  6.8358E-05
  2.4020E+01  6.8502E-05
  2.4032E+01  6.8696E-05
  2.4044E+01  6.8957E-05
  2.4056E+01  6.9302E-05
  2.4068E+01  6.9752E-05
  2.4080E+01  7.0323E-05
  2.4092E+01  7.1037E-05
  2.4103E+01  7.1909E-05
  2.4115E+01  7.2953E-05
  2.4127E+01  7.4177E-05
  2.4139E+01  7.5584E-05
  2.4151E+01  7.7165E-05
  2.4163E+01  7.8902E-05
  2.4175E+01  8.0764E-05
  2.4187E+01  8.2710E-05
  2.4199E+01  8.4681E-05
  2.4211E+01  8.6610E-05
  2.4223E+01  8.8417E-05
  2.4234E+01  9.0015E-05
  2.4246E+01  9.1310E-05
  2.4258E+01  9.2208E-05
  2.4270E+01  9.2617E-05
  2.4282E+01  9.2455E-05
  2.4294E+01  9.1653E-05
  2.4306E+01  9.0162E-05
  2.4318E+01  8.7956E-05
  2.4330E+01  8.5040E-05
  2.4342E+01  8.1446E-05
  2.4354E+01  7.7244E-05
  2.4365E+01  7.2533E-05
  2.4377E+01  6.7444E-05
  2.4389E+01  6.2136E-05
  2.4401E+01  5.6788E-05
  2.4413E+01  5.1591E-05
  2.4425E+01  4.6744E-05
  2.4437E+01  4.2438E-05
  2.4449E+01  3.8853E-05
  2.4461E+01  3.6145E-05
  2.4473E+01  3.4439E-05
  2.4485E+01  3.3819E-05
  2.4496E+01  3.4328E-05
  2.4508E+01  3.5957E-05
  2.4520E+01  3.8651E-05
  2.4532E+01  4.2302E-05
  2.4544E+01  4.6758E-05
  2.4556E+01  5.1826E-05
  2.4568E+01  5.7283E-05
  2.4580E+01  6.2881E-05
  2.4592E+01  6.8364E-05
  2.4604E+01  7.3478E-05
  2.4616E+01  7.7983E-05
  2.4627E+01  8.1669E-05
  2.4639E+01  8.4363E-05
  2.4651E+01  8.5941E-05
  2.4663E+01  8.6334E-05
  2.4675E+01  8.5529E-05
  2.4687E+01  8.3574E-05
  2.4699E+01  8.0572E-05
  2.4711E+01  7.6677E-05
  2.4723E+01  7.2089E-05
  2.4735E+01  6.7039E-05
  2.4747E+01  6.1780E-05
  2.4758E+01  5.6575E-05
  2.4770E+01  5.1680E-05
  2.4782E+01  4.7334E-05
  2.4794E+01  4.3744E-05
  2.4806E+01  4.1074E-05
  2.4818E+01  3.9439E-05
  2.4830E+01  3.8895E-05
  2.4842E+01  3.9439E-05
  2.4854E+01  4.1010E-05
  2.4866E+01  4.3493E-05
  2.4878E+01  4.6725E-05
  2.4889E+01  5.0508E-05
  2.4901E+01  5.4621E-05
  2.4913E+01  5.8829E-05
  2.4925E+01  6.2904E-05
  2.4937E+01  6.6633E-05
  2.4949E+01  6.9833E-05
  2.4961E+01  7.2362E-05
  2.4973E+01  7.4124E-05
  2.4985E+01  7.5079E-05
  2.4997E+01  7.5242E-05
  2.5009E+01  7.4682E-05
  2.5020E+01  7.3516E-05
  2.5032E+01  7.1904E-05
  2.5044E+01  7.0035E-05
  2.5056E+01  6.8114E-05
  2.5068E+01  6.6348E-05
  2.5080E+01  6.4932E-05
  2.5092E+01  6.4034E-05
  2.5104E+01  6.3784E-05
  2.5116E+01  6.4259E-05
  2.5128E+01  6.5485E-05
  2.5140E+01  6.7425E-05
  2.5151E+01  6.9985E-05
  2.5163E+01  7.3016E-05
  2.5175E+01  7.6323E-05
  2.5187E+01  7.9678E-05
  2.5199E+01  8.2829E-05
  2.5211E+01  8.5523E-05
  2.5223E+01  8.7519E-05
  2.5235E+01  8.8603E-05
  2.5247E+01  8.8610E-05
  2.5259E+01  8.7432E-05
  2.5271E+01  8.5028E-05
  2.5282E+01  8.1433E-05
  2.5294E+01  7.6758E-05
  2.5306E+01  7.1186E-05
  2.5318E+01  6.4961E-05
  2.5330E+01  5.8382E-05
  2.5342E+01  5.1779E-05
  2.5354E+01  4.5503E-05
  2.5366E+01  3.9897E-05
  2.5378E+01  3.5284E-05
  2.5390E+01  3.1942E-05
  2.5401E+01  3.0091E-05
  2.5413E+01  2.9873E-05
  2.5425E+01  3.1350E-05
  2.5437E+01  3.4490E-05
  2.5449E+01  3.9175E-05
  2.5461E+01  4.5204E-05
  2.5473E+01  5.2306E-05
  2.5485E+01  6.0157E-05
  2.5497E+01  6.8402E-05
  2.5509E+01  7.6683E-05
  2.5521E+01  8.4662E-05
  2.5532E+01  9.2049E-05
  2.5544E+01  9.8630E-05
  2.5556E+01  1.0429E-04
  2.5568E+01  1.0901E-04
  2.5580E+01  1.1291E-04
  2.5592E+01  1.1624E-04
  2.5604E+01  1.1937E-04
  2.5616E+01  1.2277E-04
  2.5628E+01  1.2702E-04
  2.5640E+01  1.3275E-04
  2.5652E+01  1.4065E-04
  2.5663E+01  1.5139E-04
  2.5675E+01  1.6561E-04
  2.5687E+01  1.8384E-04
  2.5699E+01  2.0653E-04
  2.5711E+01  2.3393E-04
  2.5723E+01  2.6614E-04
  2.5735E+01  3.0304E-04
  2.5747E+01  3.4427E-04
  2.5759E+01  3.8929E-04
  2.5771E+01  4.3731E-04
  2.5783E+01  4.8738E-04
  2.5794E+01  5.3835E-04
  2.5806E+01  5.8898E-04
  2.5818E+01  6.3792E-04
  2.5830E+01  6.8380E-04
  2.5842E+01  7.2525E-04
  2.5854E+01  7.6101E-04
  2.5866E+01  7.8993E-04
  2.5878E+01  8.1104E-04
  2.5890E+01  8.2362E-04
  2.5902E+01  8.2720E-04
  2.5914E+01  8.2163E-04
  2.5925E+01  8.0706E-04
  2.5937E+01  7.8395E-04
  2.5949E+01  7.5307E-04
  2.5961E+01  7.1543E-04
  2.5973E+01  6.7229E-04
  2.5985E+01  6.2507E-04
  2.5997E+01  5.7531E-04
  2.6009E+01  5.2457E-04
  2.6021E+01  4.7442E-04
  2.6033E+01  4.2634E-04
  2.6045E+01  3.8168E-04
  2.6056E+01  3.4159E-04
  2.6068E+01  3.0698E-04
  2.6080E+01  2.7852E-04
  2.6092E+01  2.5658E-04
  2.6104E+01  2.4124E-04
  2.6116E+01  2.3229E-04
  2.6128E+01  2.2926E-04
  2.6140E+01  2.3143E-04
  2.6152E+01  2.3792E-04
  2.6164E+01  2.4766E-04
  2.6176E+01  2.5954E-04
  2.6187E+01  2.7240E-04
  2.6199E+01  2.8514E-04
  2.6211E+01  2.9674E-04
  2.6223E+01  3.0636E-04
  2.6235E+01  3.1333E-04
  2.6247E+01  3.1722E-04
  2.6259E+01  3.1787E-04
  2.6271E+01  3.1537E-04
  2.6283E+01  3.1008E-04
  2.6295E+01  3.0260E-04
  2.6307E+01  2.9376E-04
  2.6318E+01  2.8460E-04
  2.6330E+01  2.7627E-04
  2.6342E+01  2.7002E-04
  2.6354E+01  2.6714E-04
  2.6366E+01  2.6889E-04
  2.6378E+01  2.7642E-04
  2.6390E+01  2.9076E-04
  2.6402E+01  3.1275E-04
  2.6414E+01  3.4299E-04
  2.6426E+01  3.8182E-04
  2.6438E+01  4.2932E-04
  2.6449E+01  4.8526E-04
  2.6461E+01  5.4914E-04
  2.6473E+01  6.2021E-04
  2.6485E+01  6.9746E-04
  2.6497E+01  7.7965E-04
  2.6509E+01  8.6541E-04
  2.6521E+01  9.5320E-04
  2.6533E+01  1.0414E-03
  2.6545E+01  1.1284E-03
  2.6557E+01  1.2126E-03
  2.6569E+01  1.2923E-03
  2.6580E+01  1.3663E-03
  2.6592E+01  1.4332E-03
  2.6604E+01  1.4920E-03
  2.6616E+01  1.5418E-03
  2.6628E+01  1.5820E-03
  2.6640E+01  1.6122E-03
  2.6652E+01  1.6322E-03
  2.6664E+01  1.6422E-03
  2.6676E+01  1.6424E-03
  2.6688E+01  1.6331E-03
  2.6700E+01  1.6150E-03
  2.6711E+01  1.5888E-03
  2.6723E+01  1.5551E-03
  2.6735E+01  1.5149E-03
  2.6747E+01  1.4690E-03
  2.6759E+01  1.4182E-03
  2.6771E+01  1.3634E-03
  2.6783E+01  1.3055E-03
  2.6795E+01  1.2452E-03
  2.6807E+01  1.1834E-03
  2.6819E+01  1.1208E-03
  2.6831E+01  1.0579E-03
  2.6842E+01  9.9541E-04
  2.6854E+01  9.3379E-04
  2.6866E+01  8.7346E-04
  2.6878E+01  8.1476E-04
  2.6890E+01  7.5798E-04
  2.6902E+01  7.0334E-04
  2.6914E+01  6.5100E-04
  2.6926E+01  6.0105E-04
  2.6938E+01  5.5357E-04
  2.6950E+01  5.0859E-04
  2.6962E+01  4.6611E-04
  2.6973E+01  4.2611E-04
  2.6985E+01  3.8856E-04
  2.6997E+01  3.5340E-04
  2.7009E+01  3.2058E-04
  2.7021E+01  2.9003E-04
  2.7033E+01  2.6168E-04
  2.7045E+01  2.3546E-04
  2.7057E+01  2.1130E-04
  2.7069E+01  1.8912E-04
  2.7081E+01  1.6886E-04
  2.7093E+01  1.5045E-04
  2.7104E+01  1.3383E-04
  2.7116E+01  1.1894E-04
  2.7128E+01  1.0574E-04
  2.7140E+01  9.4184E-05
  2.7152E+01  8.4251E-05
  2.7164E+01  7.5910E-05
  2.7176E+01  6.9144E-05
  2.7188E+01  6.3936E-05
  2.7200E+01  6.0267E-05
  2.7212E+01  5.8119E-05
  2.7224E+01  5.7465E-05
  2.7235E+01  5.8270E-05
  2.7247E+01  6.0486E-05
  2.7259E+01  6.4052E-05
  2.7271E+01  6.8890E-05
  2.7283E+01  7.4907E-05
  2.7295E+01  8.1995E-05
  2.7307E+01  9.0031E-05
  2.7319E+01  9.8878E-05
  2.7331E+01  1.0839E-04
  2.7343E+01  1.1842E-04
  2.7355E+01  1.2880E-04
  2.7366E+01  1.3937E-04
  2.7378E+01  1.5000E-04
  2.7390E+01  1.6051E-04
  2.7402E+01  1.7079E-04
  2.7414E+01  1.8070E-04
  2.7426E+01  1.9013E-04
  2.7438E+01  1.9900E-04
  2.7450E+01  2.0723E-04
  2.7462E+01  2.1477E-04
  2.7474E+01  2.2159E-04
  2.7486E+01  2.2768E-04
  2.7497E+01  2.3303E-04
  2.7509E+01  2.3766E-04
  2.7521E+01  2.4160E-04
  2.7533E+01  2.4489E-04
  2.7545E+01  2.4756E-04
  2.7557E+01  2.4966E-04
  2.7569E+01  2.5122E-04
  2.7581E+01  2.5228E-04
  2.7593E+01  2.5287E-04
  2.7605E+01  2.5302E-04
  2.7617E+01  2.5275E-04
  2.7628E+01  2.5206E-04
  2.7640E+01  2.5098E-04
  2.7652E+01  2.4951E-04
  2.7664E+01  2.4765E-04
  2.7676E+01  2.4542E-04
  2.7688E+01  2.4281E-04
  2.7700E+01  2.3985E-04
  2.7712E+01  2.3652E-04
  2.7724E+01  2.3286E-04
  2.7736E+01  2.2887E-04
  2.7748E+01  2.2456E-04
  2.7759E+01  2.1994E-04
  2.7771E+01  2.1502E-04
  2.7783E+01  2.0980E-04
  2.7795E+01  2.0429E-04
  2.7807E+01  1.9847E-04
  2.7819E+01  1.9234E-04
  2.7831E+01  1.8589E-04
  2.7843E+01  1.7911E-04
  2.7855E+01  1.7200E-04
  2.7867E+01  1.6454E-04
  2.7879E+01  1.5675E-04
  2.7890E+01  1.4865E-04
  2.7902E+01  1.4025E-04
  2.7914E+01  1.3162E-04
  2.7926E+01  1.2282E-04
  2.7938E+01  1.1393E-04
  2.7950E+01  1.0505E-04
  2.7962E+01  9.6311E-05
  2.7974E+01  8.7837E-05
  2.7986E+01  7.9777E-05
  2.7998E+01  7.2281E-05
  2.8010E+01  6.5501E-05
  2.8021E+01  5.9586E-05
  2.8033E+01  5.4673E-05
  2.8045E+01  5.0881E-05
  2.8057E+01  4.8306E-05
  2.8069E+01  4.7016E-05
  2.8081E+01  4.7045E-05
  2.8093E+01  4.8390E-05
  2.8105E+01  5.1008E-05
  2.8117E+01  5.4820E-05
  2.8129E+01  5.9710E-05
  2.8141E+01  6.5529E-05
  2.8152E+01  7.2102E-05
  2.8164E+01  7.9235E-05
  2.8176E+01  8.6724E-05
  2.8188E+01  9.4366E-05
  2.8200E+01  1.0197E-04
  2.8212E+01  1.0934E-04
  2.8224E+01  1.1635E-04
  2.8236E+01  1.2287E-04
  2.8248E+01  1.2882E-04
  2.8260E+01  1.3416E-04
  2.8272E+01  1.3891E-04
  2.8283E+01  1.4310E-04
  2.8295E+01  1.4682E-04
  2.8307E+01  1.5019E-04
  2.8319E+01  1.5335E-04
  2.8331E+01  1.5645E-04
  2.8343E+01  1.5967E-04
  2.8355E+01  1.6315E-04
  2.8367E+01  1.6704E-04
  2.8379E+01  1.7144E-04
  2.8391E+01  1.7644E-04
  2.8403E+01  1.8208E-04
  2.8414E+01  1.8833E-04
  2.8426E+01  1.9514E-04
  2.8438E+01  2.0241E-04
  2.8450E+01  2.0998E-04
  2.8462E+01  2.1766E-04
  2.8474E+01  2.2524E-04
  2.8486E+01  2.3247E-04
  2.8498E+01  2.3910E-04
  2.8510E+01  2.4491E-04
  2.8522E+01  2.4966E-04
  2.8534E+01  2.5316E-04
  2.8545E+01  2.5525E-04
  2.8557E+01  2.5584E-04
  2.8569E+01  2.5487E-04
  2.8581E+01  2.5235E-04
  2.8593E+01  2.4835E-04
  2.8605E+01  2.4298E-04
  2.8617E+01  2.3641E-04
  2.8629E+01  2.2883E-04
  2.8641E+01  2.2048E-04
  2.8653E+01  2.1159E-04
  2.8665E+01  2.0240E-04
  2.8676E+01  1.9314E-04
  2.8688E+01  1.8400E-04
  2.8700E+01  1.7515E-04
  2.8712E+01  1.6672E-04
  2.8724E+01  1.5879E-04
  2.8736E+01  1.5139E-04
  2.8748E+01  1.4452E-04
  2.8760E+01  1.3811E-04
  2.8772E+01  1.3209E-04
  2.8784E+01  1.2634E-04
  2.8796E+01  1.2073E-04
  2.8807E+01  1.1515E-04
  2.8819E+01  1.0948E-04
  2.8831E+01  1.0361E-04
  2.8843E+01  9.7494E-05
  2.8855E+01  9.1091E-05
  2.8867E+01  8.4420E-05
  2.8879E+01  7.7542E-05
  2.8891E+01  7.0560E-05
  2.8903E+01  6.3614E-05
  2.8915E+01  5.6878E-05
  2.8927E+01  5.0547E-05
  2.8938E+01  4.4824E-05
  2.8950E+01  3.9911E-05
  2.8962E+01  3.5992E-05
  2.8974E+01  3.3223E-05
  2.8986E+01  3.1717E-05
  2.8998E+01  3.1538E-05
  2.9010E+01  3.2692E-05
  2.9022E+01  3.5127E-05
  2.9034E+01  3.8733E-05
  2.9046E+01  4.3346E-05
  2.9058E+01  4.8760E-05
  2.9069E+01  5.4738E-05
  2.9081E+01  6.1027E-05
  2.9093E+01  6.7376E-05
  2.9105E+01  7.3553E-05
  2.9117E+01  7.9364E-05
  2.9129E+01  8.4667E-05
  2.9141E+01  8.9387E-05
  2.9153E+01  9.3527E-05
  2.9165E+01  9.7171E-05
  2.9177E+01  1.0049E-04
  2.9188E+01  1.0373E-04
  2.9200E+01  1.0722E-04
  2.9212E+01  1.1133E-04
  2.9224E+01  1.1648E-04
  2.9236E+01  1.2310E-04
  2.9248E+01  1.3159E-04
  2.9260E+01  1.4236E-04
  2.9272E+01  1.5571E-04
  2.9284E+01  1.7187E-04
  2.9296E+01  1.9096E-04
  2.9308E+01  2.1298E-04
  2.9319E+01  2.3779E-04
  2.9331E+01  2.6509E-04
  2.9343E+01  2.9446E-04
  2.9355E+01  3.2534E-04
  2.9367E+01  3.5705E-04
  2.9379E+01  3.8882E-04
  2.9391E+01  4.1981E-04
  2.9403E+01  4.4914E-04
  2.9415E+01  4.7594E-04
  2.9427E+01  4.9938E-04
  2.9439E+01  5.1870E-04
  2.9450E+01  5.3325E-04
  2.9462E+01  5.4255E-04
  2.9474E+01  5.4625E-04
  2.9486E+01  5.4423E-04
  2.9498E+01  5.3655E-04
  2.9510E+01  5.2344E-04
  2.9522E+01  5.0537E-04
  2.9534E+01  4.8292E-04
  2.9546E+01  4.5686E-04
  2.9558E+01  4.2805E-04
  2.9570E+01  3.9742E-04
  2.9581E+01  3.6596E-04
  2.9593E+01  3.3463E-04
  2.9605E+01  3.0436E-04
  2.9617E+01  2.7600E-04
  2.9629E+01  2.5029E-04
  2.9641E+01  2.2781E-04
  2.9653E+01  2.0898E-04
  2.9665E+01  1.9406E-04
  2.9677E+01  1.8309E-04
  2.9689E+01  1.7596E-04
  2.9701E+01  1.7238E-04
  2.9712E+01  1.7190E-04
  2.9724E+01  1.7399E-04
  2.9736E+01  1.7799E-04
  2.9748E+01  1.8322E-04
  2.9760E+01  1.8898E-04
  2.9772E+01  1.9462E-04
  2.9784E+01  1.9952E-04
  2.9796E+01  2.0320E-04
  2.9808E+01  2.0529E-04
  2.9820E+01  2.0557E-04
  2.9832E+01  2.0399E-04
  2.9843E+01  2.0066E-04
  2.9855E+01  1.9588E-04
  2.9867E+01  1.9006E-04
  2.9879E+01  1.8379E-04
  2.9891E+01  1.7774E-04
  2.9903E+01  1.7267E-04
  2.9915E+01  1.6937E-04
  2.9927E+01  1.6864E-04
  2.9939E+01  1.7124E-04
  2.9951E+01  1.7786E-04
  2.9963E+01  1.8906E-04
  2.9974E+01  2.0530E-04
  2.9986E+01  2.2685E-04
  2.9998E+01  2.5383E-04
  3.0010E+01  2.8614E-04
  3.0022E+01  3.2354E-04
  3.0034E+01  3.6557E-04
  3.0046E+01  4.1163E-04
  3.0058E+01  4.6096E-04
  3.0070E+01  5.1269E-04
  3.0082E+01  5.6583E-04
  3.0094E+01  6.1937E-04
  3.0105E+01  6.7224E-04
  3.0117E+01  7.2340E-04
  3.0129E+01  7.7187E-04
  3.0141E+01  8.1671E-04
  3.0153E+01  8.5712E-04
  3.0165E+01  8.9241E-04
  3.0177E+01  9.2203E-04
  3.0189E+01  9.4559E-04
  3.0201E+01  9.6283E-04
  3.0213E+01  9.7368E-04
  3.0225E+01  9.7815E-04
  3.0236E+01  9.7644E-04
  3.0248E+01  9.6881E-04
  3.0260E+01  9.5565E-04
  3.0272E+01  9.3742E-04
  3.0284E+01  9.1463E-04
  3.0296E+01  8.8784E-04
  3.0308E+01  8.5764E-04
  3.0320E+01  8.2463E-04
  3.0332E+01  7.8938E-04
  3.0344E+01  7.5247E-04
  3.0356E+01  7.1444E-04
  3.0367E+01  6.7577E-04
  3.0379E+01  6.3691E-04
  3.0391E+01  5.9826E-04
  3.0403E+01  5.6016E-04
  3.0415E+01  5.2288E-04
  3.0427E+01  4.8667E-04
  3.0439E+01  4.5170E-04
  3.0451E+01  4.1812E-04
  3.0463E+01  3.8603E-04
  3.0475E+01  3.5549E-04
  3.0487E+01  3.2655E-04
  3.0498E+01  2.9923E-04
  3.0510E+01  2.7353E-04
  3.0522E+01  2.4945E-04
  3.0534E+01  2.2696E-04
  3.0546E+01  2.0603E-04
  3.0558E+01  1.8661E-04
  3.0570E+01  1.6868E-04
  3.0582E+01  1.5217E-04
  3.0594E+01  1.3702E-04
  3.0606E+01  1.2318E-04
  3.0618E+01  1.1058E-04
  3.0629E+01  9.9165E-05
  3.0641E+01  8.8856E-05
  3.0653E+01  7.9595E-05
  3.0665E+01  7.1320E-05
  3.0677E+01  6.3977E-05
  3.0689E+01  5.7517E-05
  3.0701E+01  5.1900E-05
  3.0713E+01  4.7095E-05
  3.0725E+01  4.3083E-05
  3.0737E+01  3.9852E-05
  3.0749E+01  3.7400E-05
  3.0760E+01  3.5736E-05
  3.0772E+01  3.4871E-05
  3.0784E+01  3.4824E-05
  3.0796E+01  3.5616E-05
  3.0808E+01  3.7266E-05
  3.0820E+01  3.9793E-05
  3.0832E+01  4.3207E-05
  3.0844E+01  4.7516E-05
  3.0856E+01  5.2714E-05
  3.0868E+01  5.8787E-05
  3.0880E+01  6.5709E-05
  3.0891E+01  7.3442E-05
  3.0903E+01  8.1933E-05
  3.0915E+01  9.1121E-05
  3.0927E+01  1.0093E-04
  3.0939E+01  1.1127E-04
  3.0951E+01  1.2205E-04
  3.0963E+01  1.3318E-04
  3.0975E+01  1.4453E-04
  3.0987E+01  1.5600E-04
  3.0999E+01  1.6748E-04
  3.1011E+01  1.7886E-04
  3.1022E+01  1.9002E-04
  3.1034E+01  2.0086E-04
  3.1046E+01  2.1128E-04
  3.1058E+01  2.2118E-04
  3.1070E+01  2.3046E-04
  3.1082E+01  2.3905E-04
  3.1094E+01  2.4685E-04
  3.1106E+01  2.5379E-04
  3.1118E+01  2.5980E-04
  3.1130E+01  2.6482E-04
  3.1142E+01  2.6877E-04
  3.1153E+01  2.7162E-04
  3.1165E+01  2.7332E-04
  3.1177E+01  2.7384E-04
  3.1189E+01  2.7316E-04
  3.1201E+01  2.7128E-04
  3.1213E+01  2.6821E-04
  3.1225E+01  2.6398E-04
  3.1237E+01  2.5864E-04
  3.1249E+01  2.5227E-04
  3.1261E+01  2.4493E-04
  3.1273E+01  2.3674E-04
  3.1284E+01  2.2780E-04
  3.1296E+01  2.1825E-04
  3.1308E+01  2.0819E-04
  3.1320E+01  1.9778E-04
  3.1332E+01  1.8714E-04
  3.1344E+01  1.7640E-04
  3.1356E+01  1.6568E-04
  3.1368E+01  1.5510E-04
  3.1380E+01  1.4475E-04
  3.1392E+01  1.3471E-04
  3.1404E+01  1.2506E-04
  3.1415E+01  1.1584E-04
  3.1427E+01  1.0709E-04
  3.1439E+01  9.8815E-05
  3.1451E+01  9.1029E-05
  3.1463E+01  8.3721E-05
  3.1475E+01  7.6871E-05
  3.1487E+01  7.0453E-05
  3.1499E+01  6.4439E-05
  3.1511E+01  5.8802E-05
  3.1523E+01  5.3517E-05
  3.1535E+01  4.8566E-05
  3.1546E+01  4.3939E-05
  3.1558E+01  3.9636E-05
  3.1570E+01  3.5667E-05
  3.1582E+01  3.2052E-05
  3.1594E+01  2.8822E-05
  3.1606E+01  2.6014E-05
  3.1618E+01  2.3669E-05
  3.1630E+01  2.1832E-05
  3.1642E+01  2.0546E-05
  3.1654E+01  1.9852E-05
  3.1666E+01  1.9783E-05
  3.1677E+01  2.0363E-05
  3.1689E+01  2.1607E-05
  3.1701E+01  2.3516E-05
  3.1713E+01  2.6084E-05
  3.1725E+01  2.9291E-05
  3.1737E+01  3.3109E-05
  3.1749E+01  3.7506E-05
  3.1761E+01  4.2445E-05
  3.1773E+01  4.7887E-05
  3.1785E+01  5.3801E-05
  3.1797E+01  6.0157E-05
  3.1808E+01  6.6937E-05
  3.1820E+01  7.4131E-05
  3.1832E+01  8.1741E-05
  3.1844E+01  8.9781E-05
  3.1856E+01  9.8275E-05
  3.1868E+01  1.0725E-04
  3.1880E+01  1.1675E-04
  3.1892E+01  1.2680E-04
  3.1904E+01  1.3744E-04
  3.1916E+01  1.4868E-04
  3.1928E+01  1.6054E-04
  3.1939E+01  1.7298E-04
  3.1951E+01  1.8597E-04
  3.1963E+01  1.9943E-04
  3.1975E+01  2.1325E-04
  3.1987E+01  2.2729E-04
  3.1999E+01  2.4137E-04
  3.2011E+01  2.5529E-04
  3.2023E+01  2.6881E-04
  3.2035E+01  2.8167E-04
  3.2047E+01  2.9359E-04
  3.2059E+01  3.0431E-04
  3.2070E+01  3.1355E-04
  3.2082E+01  3.2107E-04
  3.2094E+01  3.2663E-04
  3.2106E+01  3.3006E-04
  3.2118E+01  3.3121E-04
  3.2130E+01  3.3001E-04
  3.2142E+01  3.2643E-04
  3.2154E+01  3.2051E-04
  3.2166E+01  3.1234E-04
  3.2178E+01  3.0210E-04
  3.2190E+01  2.8998E-04
  3.2201E+01  2.7624E-04
  3.2213E+01  2.6117E-04
  3.2225E+01  2.4510E-04
  3.2237E+01  2.2835E-04
  3.2249E+01  2.1125E-04
  3.2261E+01  1.9413E-04
  3.2273E+01  1.7729E-04
  3.2285E+01  1.6101E-04
  3.2297E+01  1.4551E-04
  3.2309E+01  1.3098E-04
  3.2321E+01  1.1757E-04
  3.2332E+01  1.0537E-04
  3.2344E+01  9.4402E-05
  3.2356E+01  8.4672E-05
  3.2368E+01  7.6125E-05
  3.2380E+01  6.8676E-05
  3.2392E+01  6.2211E-05
  3.2404E+01  5.6603E-05
  3.2416E+01  5.1714E-05
  3.2428E+01  4.7410E-05
  3.2440E+01  4.3566E-05
  3.2452E+01  4.0074E-05
  3.2463E+01  3.6849E-05
  3.2475E+01  3.3834E-05
  3.2487E+01  3.0998E-05
  3.2499E+01  2.8339E-05
  3.2511E+01  2.5879E-05
  3.2523E+01  2.3663E-05
  3.2535E+01  2.1753E-05
  3.2547E+01  2.0219E-05
  3.2559E+01  1.9136E-05
  3.2571E+01  1.8578E-05
  3.2583E+01  1.8609E-05
  3.2594E+01  1.9284E-05
  3.2606E+01  2.0640E-05
  3.2618E+01  2.2698E-05
  3.2630E+01  2.5464E-05
  3.2642E+01  2.8930E-05
  3.2654E+01  3.3078E-05
  3.2666E+01  3.7886E-05
  3.2678E+01  4.3332E-05
  3.2690E+01  4.9405E-05
  3.2702E+01  5.6108E-05
  3.2714E+01  6.3463E-05
  3.2725E+01  7.1521E-05
  3.2737E+01  8.0360E-05
  3.2749E+01  9.0088E-05
  3.2761E+01  1.0084E-04
  3.2773E+01  1.1278E-04
  3.2785E+01  1.2608E-04
  3.2797E+01  1.4094E-04
  3.2809E+01  1.5753E-04
  3.2821E+01  1.7601E-04
  3.2833E+01  1.9654E-04
  3.2845E+01  2.1920E-04
  3.2856E+01  2.4402E-04
  3.2868E+01  2.7096E-04
  3.2880E+01  2.9990E-04
  3.2892E+01  3.3063E-04
  3.2904E+01  3.6283E-04
  3.2916E+01  3.9611E-04
  3.2928E+01  4.2996E-04
  3.2940E+01  4.6380E-04
  3.2952E+01  4.9698E-04
  3.2964E+01  5.2881E-04
  3.2976E+01  5.5856E-04
  3.2987E+01  5.8549E-04
  3.2999E+01  6.0891E-04
  3.3011E+01  6.2815E-04
  3.3023E+01  6.4266E-04
  3.3035E+01  6.5195E-04
  3.3047E+01  6.5569E-04
  3.3059E+01  6.5367E-04
  3.3071E+01  6.4585E-04
  3.3083E+01  6.3233E-04
  3.3095E+01  6.1340E-04
  3.3106E+01  5.8946E-04
  3.3118E+01  5.6108E-04
  3.3130E+01  5.2897E-04
  3.3142E+01  4.9392E-04
  3.3154E+01  4.5679E-04
  3.3166E+01  4.1851E-04
  3.3178E+01  3.8002E-04
  3.3190E+01  3.4223E-04
  3.3202E+01  3.0601E-04
  3.3214E+01  2.7216E-04
  3.3226E+01  2.4134E-04
  3.3237E+01  2.1410E-04
  3.3249E+01  1.9082E-04
  3.3261E+01  1.7175E-04
  3.3273E+01  1.5693E-04
  3.3285E+01  1.4628E-04
  3.3297E+01  1.3954E-04
  3.3309E+01  1.3633E-04
  3.3321E+01  1.3615E-04
  3.3333E+01  1.3841E-04
  3.3345E+01  1.4248E-04
  3.3357E+01  1.4769E-04
  3.3368E+01  1.5339E-04
  3.3380E+01  1.5896E-04
  3.3392E+01  1.6386E-04
  3.3404E+01  1.6765E-04
  3.3416E+01  1.6998E-04
  3.3428E+01  1.7066E-04
  3.3440E+01  1.6964E-04
  3.3452E+01  1.6700E-04
  3.3464E+01  1.6298E-04
  3.3476E+01  1.5792E-04
  3.3488E+01  1.5229E-04
  3.3499E+01  1.4664E-04
  3.3511E+01  1.4160E-04
  3.3523E+01  1.3782E-04
  3.3535E+01  1.3593E-04
  3.3547E+01  1.3657E-04
  3.3559E+01  1.4030E-04
  3.3571E+01  1.4758E-04
  3.3583E+01  1.5880E-04
  3.3595E+01  1.7418E-04
  3.3607E+01  1.9382E-04
  3.3619E+01  2.1765E-04
  3.3630E+01  2.4546E-04
  3.3642E+01  2.7689E-04
  3.3654E+01  3.1142E-04
  3.3666E+01  3.4845E-04
  3.3678E+01  3.8723E-04
  3.3690E+01  4.2696E-04
  3.3702E+01  4.6678E-04
  3.3714E+01  5.0583E-04
  3.3726E+01  5.4323E-04
  3.3738E+01  5.7815E-04
  3.3750E+01  6.0983E-04
  3.3761E+01  6.3757E-04
  3.3773E+01  6.6079E-04
  3.3785E+01  6.7903E-04
  3.3797E+01  6.9194E-04
  3.3809E+01  6.9933E-04
  3.3821E+01  7.0112E-04
  3.3833E+01  6.9739E-04
  3.3845E+01  6.8833E-04
  3.3857E+01  6.7425E-04
  3.3869E+01  6.5556E-04
  3.3881E+01  6.3278E-04
  3.3892E+01  6.0645E-04
  3.3904E+01  5.7719E-04
  3.3916E+01  5.4563E-04
  3.3928E+01  5.1242E-04
  3.3940E+01  4.7816E-04
  3.3952E+01  4.4345E-04
  3.3964E+01  4.0883E-04
  3.3976E+01  3.7478E-04
  3.3988E+01  3.4172E-04
  3.4000E+01  3.0999E-04
  3.4012E+01  2.7986E-04
  3.4023E+01  2.5155E-04
  3.4035E+01  2.2518E-04
  3.4047E+01  2.0083E-04
  3.4059E+01  1.7851E-04
  3.4071E+01  1.5820E-04
  3.4083E+01  1.3982E-04
  3.4095E+01  1.2329E-04
  3.4107E+01  1.0847E-04
  3.4119E+01  9.5228E-05
  3.4131E+01  8.3431E-05
  3.4143E+01  7.2933E-05
  3.4154E+01  6.3598E-05
  3.4166E+01  5.5298E-05
  3.4178E+01  4.7918E-05
  3.4190E+01  4.1355E-05
  3.4202E+01  3.5523E-05
  3.4214E+01  3.0347E-05
  3.4226E+01  2.5766E-05
  3.4238E+01  2.1732E-05
  3.4250E+01  1.8202E-05
  3.4262E+01  1.5143E-05
  3.4274E+01  1.2525E-05
  3.4285E+01  1.0322E-05
  3.4297E+01  8.5066E-06
  3.4309E+01  7.0530E-06
  3.4321E+01  5.9324E-06
  3.4333E+01  5.1147E-06
  3.4345E+01  4.5674E-06
  3.4357E+01  4.2566E-06
  3.4369E+01  4.1471E-06
  3.4381E+01  4.2038E-06
  3.4393E+01  4.3924E-06
  3.4405E+01  4.6804E-06
  3.4416E+01  5.0384E-06
  3.4428E+01  5.4405E-06
  3.4440E+01  5.8653E-06
  3.4452E+01  6.2962E-06
  3.4464E+01  6.7213E-06
  3.4476E+01  7.1335E-06
  3.4488E+01  7.5300E-06
  3.4500E+01  7.9116E-06
  3.4512E+01  8.2822E-06
  3.4524E+01  8.6474E-06
  3.4536E+01  9.0140E-06
  3.4547E+01  9.3887E-06
  3.4559E+01  9.7774E-06
  3.4571E+01  1.0184E-05
  3.4583E+01  1.0612E-05
  3.4595E+01  1.1059E-05
  3.4607E+01  1.1522E-05
  3.4619E+01  1.1995E-05
  3.4631E+01  1.2469E-05
  3.4643E+01  1.2932E-05
  3.4655E+01  1.3373E-05
  3.4667E+01  1.3777E-05
  3.4678E+01  1.4132E-05
  3.4690E+01  1.4423E-05
  3.4702E+01  1.4640E-05
  3.4714E+01  1.4772E-05
  3.4726E+01  1.4814E-05
  3.4738E+01  1.4761E-05
  3.4750E+01  1.4612E-05
  3.4762E+01  1.4372E-05
  3.4774E+01  1.4046E-05
  3.4786E+01  1.3642E-05
  3.4798E+01  1.3173E-05
  3.4809E+01  1.2652E-05
  3.4821E+01  1.2092E-05
  3.4833E+01  1.1509E-05
  3.4845E+01  1.0917E-05
  3.4857E+01  1.0329E-05
  3.4869E+01  9.7570E-06
  3.4881E+01  9.2107E-06
  3.4893E+01  8.6975E-06
  3.4905E+01  8.2220E-06
  3.4917E+01  7.7866E-06
  3.4929E+01  7.3909E-06
  3.4940E+01  7.0324E-06
  3.4952E+01  6.7067E-06
  3.4964E+01  6.4080E-06
  3.4976E+01  6.1296E-06
  3.4988E+01  5.8646E-06
  3.5000E+01  5.6063E-06
