 -3.5000E+01  2.0543E-05
 -3.4988E+01  2.2397E-05
 -3.4976E+01  2.4667E-05
 -3.4964E+01  2.7341E-05
 -3.4952E+01  3.0394E-05
 -3.4940E+01  3.3786E-05
 -3.4929E+01  3.7469E-05
 -3.4917E+01  4.1384E-05
 -3.4905E+01  4.5462E-05
 -3.4893E+01  4.9631E-05
 -3.4881E+01  5.3813E-05
 -3.4869E+01  5.7928E-05
 -3.4857E+01  6.1897E-05
 -3.4845E+01  6.5645E-05
 -3.4833E+01  6.9101E-05
 -3.4821E+01  7.2202E-05
 -3.4809E+01  7.4893E-05
 -3.4798E+01  7.7131E-05
 -3.4786E+01  7.8884E-05
 -3.4774E+01  8.0132E-05
 -3.4762E+01  8.0866E-05
 -3.4750E+01  8.1092E-05
 -3.4738E+01  8.0825E-05
 -3.4726E+01  8.0092E-05
 -3.4714E+01  7.8928E-05
 -3.4702E+01  7.7374E-05
 -3.4690E+01  7.5477E-05
 -3.4678E+01  7.3290E-05
 -3.4667E+01  7.0862E-05
 -3.4655E+01  6.8245E-05
 -3.4643E+01  6.5489E-05
 -3.4631E+01  6.2639E-05
 -3.4619E+01  5.9734E-05
 -3.4607E+01  5.6811E-05
 -3.4595E+01  5.3900E-05
 -3.4583E+01  5.1022E-05
 -3.4571E+01  4.8196E-05
 -3.4559E+01  4.5433E-05
 -3.4547E+01  4.2740E-05
 -3.4536E+01  4.0121E-05
 -3.4524E+01  3.7576E-05
 -3.4512E+01  3.5101E-05
 -3.4500E+01  3.2695E-05
 -3.4488E+01  3.0354E-05
 -3.4476E+01  2.8077E-05
 -3.4464E+01  2.5862E-05
 -3.4452E+01  2.3711E-05
 -3.4440E+01  2.1629E-05
 -3.4428E+01  1.9622E-05
 -3.4416E+01  1.7699E-05
 -3.4405E+01  1.5872E-05
 -3.4393E+01  1.4153E-05
 -3.4381E+01  1.2555E-05
 -3.4369E+01  1.1092E-05
 -3.4357E+01  9.7759E-06
 -3.4345E+01  8.6167E-06
 -3.4333E+01  7.6220E-06
 -3.4321E+01  6.7957E-06
 -3.4309E+01  6.1378E-06
 -3.4297E+01  5.6440E-06
 -3.4285E+01  5.3057E-06
 -3.4274E+01  5.1101E-06
 -3.4262E+01  5.0410E-06
 -3.4250E+01  5.0788E-06
 -3.4238E+01  5.2022E-06
 -3.4226E+01  5.3884E-06
 -3.4214E+01  5.6147E-06
 -3.4202E+01  5.8593E-06
 -3.4190E+01  6.1024E-06
 -3.4178E+01  6.3271E-06
 -3.4166E+01  6.5200E-06
 -3.4154E+01  6.6720E-06
 -3.4143E+01  6.7785E-06
 -3.4131E+01  6.8390E-06
 -3.4119E+01  6.8575E-06
 -3.4107E+01  6.8416E-06
 -3.4095E+01  6.8019E-06
 -3.4083E+01  6.7509E-06
 -3.4071E+01  6.7024E-06
 -3.4059E+01  6.6698E-06
 -3.4047E+01  6.6657E-06
 -3.4035E+01  6.7004E-06
 -3.4023E+01  6.7814E-06
 -3.4012E+01  6.9128E-06
 -3.4000E+01  7.0948E-06
 -3.3988E+01  7.3239E-06
 -3.3976E+01  7.5929E-06
 -3.3964E+01  7.8919E-06
 -3.3952E+01  8.2086E-06
 -3.3940E+01  8.5294E-06
 -3.3928E+01  8.8409E-06
 -3.3916E+01  9.1309E-06
 -3.3904E+01  9.3893E-06
 -3.3892E+01  9.6098E-06
 -3.3881E+01  9.7900E-06
 -3.3869E+01  9.9327E-06
 -3.3857E+01  1.0046E-05
 -3.3845E+01  1.0142E-05
 -3.3833E+01  1.0239E-05
 -3.3821E+01  1.0358E-05
 -3.3809E+01  1.0523E-05
 -3.3797E+01  1.0757E-05
 -3.3785E+01  1.1084E-05
 -3.3773E+01  1.1525E-05
 -3.3761E+01  1.2097E-05
 -3.3750E+01  1.2810E-05
 -3.3738E+01  1.3667E-05
 -3.3726E+01  1.4661E-05
 -3.3714E+01  1.5779E-05
 -3.3702E+01  1.6995E-05
 -3.3690E+01  1.8276E-05
 -3.3678E+01  1.9581E-05
 -3.3666E+01  2.0864E-05
 -3.3654E+01  2.2072E-05
 -3.3642E+01  2.3155E-05
 -3.3630E+01  2.4060E-05
 -3.3619E+01  2.4741E-05
 -3.3607E+01  2.5158E-05
 -3.3595E+01  2.5281E-05
 -3.3583E+01  2.5091E-05
 -3.3571E+01  2.4583E-05
 -3.3559E+01  2.3767E-05
 -3.3547E+01  2.2668E-05
 -3.3535E+01  2.1324E-05
 -3.3523E+01  1.9786E-05
 -3.3511E+01  1.8118E-05
 -3.3499E+01  1.6389E-05
 -3.3488E+01  1.4675E-05
 -3.3476E+01  1.3052E-05
 -3.3464E+01  1.1593E-05
 -3.3452E+01  1.0366E-05
 -3.3440E+01  9.4259E-06
 -3.3428E+01  8.8144E-06
 -3.3416E+01  8.5567E-06
 -3.3404E+01  8.6599E-06
 -3.3392E+01  9.1117E-06
 -3.3380E+01  9.8810E-06
 -3.3368E+01  1.0920E-05
 -3.3357E+01  1.2164E-05
 -3.3345E+01  1.3539E-05
 -3.3333E+01  1.4962E-05
 -3.3321E+01  1.6347E-05
 -3.3309E+01  1.7612E-05
 -3.3297E+01  1.8678E-05
 -3.3285E+01  1.9481E-05
 -3.3273E+01  1.9972E-05
 -3.3261E+01  2.0119E-05
 -3.3249E+01  1.9914E-05
 -3.3237E+01  1.9370E-05
 -3.3226E+01  1.8525E-05
 -3.3214E+01  1.7435E-05
 -3.3202E+01  1.6177E-05
 -3.3190E+01  1.4839E-05
 -3.3178E+01  1.3523E-05
 -3.3166E+01  1.2330E-05
 -3.3154E+01  1.1361E-05
 -3.3142E+01  1.0709E-05
 -3.3130E+01  1.0452E-05
 -3.3118E+01  1.0649E-05
 -3.3106E+01  1.1334E-05
 -3.3095E+01  1.2518E-05
 -3.3083E+01  1.4181E-05
 -3.3071E+01  1.6277E-05
 -3.3059E+01  1.8734E-05
 -3.3047E+01  2.1458E-05
 -3.3035E+01  2.4335E-05
 -3.3023E+01  2.7241E-05
 -3.3011E+01  3.0045E-05
 -3.2999E+01  3.2620E-05
 -3.2987E+01  3.4848E-05
 -3.2976E+01  3.6627E-05
 -3.2964E+01  3.7878E-05
 -3.2952E+01  3.8550E-05
 -3.2940E+01  3.8624E-05
 -3.2928E+01  3.8113E-05
 -3.2916E+01  3.7063E-05
 -3.2904E+01  3.5550E-05
 -3.2892E+01  3.3678E-05
 -3.2880E+01  3.1570E-05
 -3.2868E+01  2.9363E-05
 -3.2856E+01  2.7199E-05
 -3.2845E+01  2.5219E-05
 -3.2833E+01  2.3551E-05
 -3.2821E+01  2.2304E-05
 -3.2809E+01  2.1560E-05
 -3.2797E+01  2.1369E-05
 -3.2785E+01  2.1744E-05
 -3.2773E+01  2.2662E-05
 -3.2761E+01  2.4062E-05
 -3.2749E+01  2.5848E-05
 -3.2737E+01  2.7897E-05
 -3.2725E+01  3.0065E-05
 -3.2714E+01  3.2195E-05
 -3.2702E+01  3.4128E-05
 -3.2690E+01  3.5714E-05
 -3.2678E+01  3.6819E-05
 -3.2666E+01  3.7340E-05
 -3.2654E+01  3.7209E-05
 -3.2642E+01  3.6402E-05
 -3.2630E+01  3.4938E-05
 -3.2618E+01  3.2888E-05
 -3.2606E+01  3.0365E-05
 -3.2594E+01  2.7526E-05
 -3.2583E+01  2.4561E-05
 -3.2571E+01  2.1684E-05
 -3.2559E+01  1.9125E-05
 -3.2547E+01  1.7109E-05
 -3.2535E+01  1.5854E-05
 -3.2523E+01  1.5549E-05
 -3.2511E+01  1.6348E-05
 -3.2499E+01  1.8360E-05
 -3.2487E+01  2.1645E-05
 -3.2475E+01  2.6208E-05
 -3.2463E+01  3.2003E-05
 -3.2452E+01  3.8937E-05
 -3.2440E+01  4.6884E-05
 -3.2428E+01  5.5690E-05
 -3.2416E+01  6.5197E-05
 -3.2404E+01  7.5256E-05
 -3.2392E+01  8.5750E-05
 -3.2380E+01  9.6611E-05
 -3.2368E+01  1.0784E-04
 -3.2356E+01  1.1953E-04
 -3.2344E+01  1.3185E-04
 -3.2332E+01  1.4511E-04
 -3.2321E+01  1.5970E-04
 -3.2309E+01  1.7613E-04
 -3.2297E+01  1.9499E-04
 -3.2285E+01  2.1696E-04
 -3.2273E+01  2.4276E-04
 -3.2261E+01  2.7312E-04
 -3.2249E+01  3.0879E-04
 -3.2237E+01  3.5043E-04
 -3.2225E+01  3.9863E-04
 -3.2213E+01  4.5384E-04
 -3.2201E+01  5.1633E-04
 -3.2190E+01  5.8616E-04
 -3.2178E+01  6.6316E-04
 -3.2166E+01  7.4688E-04
 -3.2154E+01  8.3661E-04
 -3.2142E+01  9.3136E-04
 -3.2130E+01  1.0299E-03
 -3.2118E+01  1.1307E-03
 -3.2106E+01  1.2320E-03
 -3.2094E+01  1.3320E-03
 -3.2082E+01  1.4287E-03
 -3.2070E+01  1.5200E-03
 -3.2059E+01  1.6040E-03
 -3.2047E+01  1.6787E-03
 -3.2035E+01  1.7423E-03
 -3.2023E+01  1.7932E-03
 -3.2011E+01  1.8301E-03
 -3.1999E+01  1.8520E-03
 -3.1987E+01  1.8582E-03
 -3.1975E+01  1.8484E-03
 -3.1963E+01  1.8227E-03
 -3.1951E+01  1.7817E-03
 -3.1939E+01  1.7263E-03
 -3.1928E+01  1.6576E-03
 -3.1916E+01  1.5774E-03
 -3.1904E+01  1.4875E-03
 -3.1892E+01  1.3901E-03
 -3.1880E+01  1.2873E-03
 -3.1868E+01  1.1815E-03
 -3.1856E+01  1.0751E-03
 -3.1844E+01  9.7021E-04
 -3.1832E+01  8.6903E-04
 -3.1820E+01  7.7337E-04
 -3.1808E+01  6.8481E-04
 -3.1797E+01  6.0462E-04
 -3.1785E+01  5.3369E-04
 -3.1773E+01  4.7258E-04
 -3.1761E+01  4.2146E-04
 -3.1749E+01  3.8016E-04
 -3.1737E+01  3.4820E-04
 -3.1725E+01  3.2480E-04
 -3.1713E+01  3.0897E-04
 -3.1701E+01  2.9950E-04
 -3.1689E+01  2.9511E-04
 -3.1677E+01  2.9442E-04
 -3.1666E+01  2.9609E-04
 -3.1654E+01  2.9884E-04
 -3.1642E+01  3.0151E-04
 -3.1630E+01  3.0311E-04
 -3.1618E+01  3.0287E-04
 -3.1606E+01  3.0025E-04
 -3.1594E+01  2.9497E-04
 -3.1582E+01  2.8697E-04
 -3.1570E+01  2.7648E-04
 -3.1558E+01  2.6391E-04
 -3.1546E+01  2.4990E-04
 -3.1535E+01  2.3520E-04
 -3.1523E+01  2.2072E-04
 -3.1511E+01  2.0741E-04
 -3.1499E+01  1.9624E-04
 -3.1487E+01  1.8816E-04
 -3.1475E+01  1.8402E-04
 -3.1463E+01  1.8457E-04
 -3.1451E+01  1.9041E-04
 -3.1439E+01  2.0194E-04
 -3.1427E+01  2.1938E-04
 -3.1415E+01  2.4272E-04
 -3.1404E+01  2.7176E-04
 -3.1392E+01  3.0609E-04
 -3.1380E+01  3.4511E-04
 -3.1368E+01  3.8809E-04
 -3.1356E+01  4.3413E-04
 -3.1344E+01  4.8226E-04
 -3.1332E+01  5.3144E-04
 -3.1320E+01  5.8059E-04
 -3.1308E+01  6.2867E-04
 -3.1296E+01  6.7464E-04
 -3.1284E+01  7.1756E-04
 -3.1273E+01  7.5659E-04
 -3.1261E+01  7.9099E-04
 -3.1249E+01  8.2018E-04
 -3.1237E+01  8.4372E-04
 -3.1225E+01  8.6132E-04
 -3.1213E+01  8.7287E-04
 -3.1201E+01  8.7837E-04
 -3.1189E+01  8.7800E-04
 -3.1177E+01  8.7202E-04
 -3.1165E+01  8.6082E-04
 -3.1153E+01  8.4485E-04
 -3.1142E+01  8.2464E-04
 -3.1130E+01  8.0072E-04
 -3.1118E+01  7.7368E-04
 -3.1106E+01  7.4408E-04
 -3.1094E+01  7.1247E-04
 -3.1082E+01  6.7938E-04
 -3.1070E+01  6.4529E-04
 -3.1058E+01  6.1065E-04
 -3.1046E+01  5.7585E-04
 -3.1034E+01  5.4126E-04
 -3.1022E+01  5.0715E-04
 -3.1011E+01  4.7380E-04
 -3.0999E+01  4.4141E-04
 -3.0987E+01  4.1015E-04
 -3.0975E+01  3.8014E-04
 -3.0963E+01  3.5149E-04
 -3.0951E+01  3.2425E-04
 -3.0939E+01  2.9846E-04
 -3.0927E+01  2.7415E-04
 -3.0915E+01  2.5130E-04
 -3.0903E+01  2.2989E-04
 -3.0891E+01  2.0991E-04
 -3.0880E+01  1.9131E-04
 -3.0868E+01  1.7404E-04
 -3.0856E+01  1.5804E-04
 -3.0844E+01  1.4327E-04
 -3.0832E+01  1.2967E-04
 -3.0820E+01  1.1716E-04
 -3.0808E+01  1.0570E-04
 -3.0796E+01  9.5213E-05
 -3.0784E+01  8.5650E-05
 -3.0772E+01  7.6951E-05
 -3.0760E+01  6.9066E-05
 -3.0749E+01  6.1948E-05
 -3.0737E+01  5.5558E-05
 -3.0725E+01  4.9862E-05
 -3.0713E+01  4.4836E-05
 -3.0701E+01  4.0462E-05
 -3.0689E+01  3.6730E-05
 -3.0677E+01  3.3639E-05
 -3.0665E+01  3.1191E-05
 -3.0653E+01  2.9394E-05
 -3.0641E+01  2.8258E-05
 -3.0629E+01  2.7797E-05
 -3.0618E+01  2.8018E-05
 -3.0606E+01  2.8930E-05
 -3.0594E+01  3.0532E-05
 -3.0582E+01  3.2820E-05
 -3.0570E+01  3.5778E-05
 -3.0558E+01  3.9383E-05
 -3.0546E+01  4.3599E-05
 -3.0534E+01  4.8384E-05
 -3.0522E+01  5.3683E-05
 -3.0510E+01  5.9435E-05
 -3.0498E+01  6.5572E-05
 -3.0487E+01  7.2020E-05
 -3.0475E+01  7.8702E-05
 -3.0463E+01  8.5539E-05
 -3.0451E+01  9.2453E-05
 -3.0439E+01  9.9367E-05
 -3.0427E+01  1.0621E-04
 -3.0415E+01  1.1291E-04
 -3.0403E+01  1.1941E-04
 -3.0391E+01  1.2565E-04
 -3.0379E+01  1.3158E-04
 -3.0367E+01  1.3717E-04
 -3.0356E+01  1.4238E-04
 -3.0344E+01  1.4719E-04
 -3.0332E+01  1.5158E-04
 -3.0320E+01  1.5554E-04
 -3.0308E+01  1.5907E-04
 -3.0296E+01  1.6217E-04
 -3.0284E+01  1.6483E-04
 -3.0272E+01  1.6708E-04
 -3.0260E+01  1.6890E-04
 -3.0248E+01  1.7031E-04
 -3.0236E+01  1.7132E-04
 -3.0225E+01  1.7193E-04
 -3.0213E+01  1.7213E-04
 -3.0201E+01  1.7193E-04
 -3.0189E+01  1.7133E-04
 -3.0177E+01  1.7032E-04
 -3.0165E+01  1.6889E-04
 -3.0153E+01  1.6704E-04
 -3.0141E+01  1.6477E-04
 -3.0129E+01  1.6205E-04
 -3.0117E+01  1.5890E-04
 -3.0105E+01  1.5531E-04
 -3.0094E+01  1.5128E-04
 -3.0082E+01  1.4682E-04
 -3.0070E+01  1.4192E-04
 -3.0058E+01  1.3661E-04
 -3.0046E+01  1.3091E-04
 -3.0034E+01  1.2485E-04
 -3.0022E+01  1.1845E-04
 -3.0010E+01  1.1177E-04
 -2.9998E+01  1.0485E-04
 -2.9986E+01  9.7751E-05
 -2.9974E+01  9.0556E-05
 -2.9963E+01  8.3340E-05
 -2.9951E+01  7.6194E-05
 -2.9939E+01  6.9215E-05
 -2.9927E+01  6.2505E-05
 -2.9915E+01  5.6166E-05
 -2.9903E+01  5.0301E-05
 -2.9891E+01  4.5009E-05
 -2.9879E+01  4.0377E-05
 -2.9867E+01  3.6482E-05
 -2.9855E+01  3.3385E-05
 -2.9843E+01  3.1125E-05
 -2.9832E+01  2.9721E-05
 -2.9820E+01  2.9169E-05
 -2.9808E+01  2.9438E-05
 -2.9796E+01  3.0475E-05
 -2.9784E+01  3.2202E-05
 -2.9772E+01  3.4521E-05
 -2.9760E+01  3.7315E-05
 -2.9748E+01  4.0453E-05
 -2.9736E+01  4.3799E-05
 -2.9724E+01  4.7209E-05
 -2.9712E+01  5.0547E-05
 -2.9701E+01  5.3684E-05
 -2.9689E+01  5.6508E-05
 -2.9677E+01  5.8926E-05
 -2.9665E+01  6.0873E-05
 -2.9653E+01  6.2311E-05
 -2.9641E+01  6.3234E-05
 -2.9629E+01  6.3667E-05
 -2.9617E+01  6.3662E-05
 -2.9605E+01  6.3300E-05
 -2.9593E+01  6.2683E-05
 -2.9581E+01  6.1928E-05
 -2.9570E+01  6.1163E-05
 -2.9558E+01  6.0519E-05
 -2.9546E+01  6.0121E-05
 -2.9534E+01  6.0081E-05
 -2.9522E+01  6.0496E-05
 -2.9510E+01  6.1435E-05
 -2.9498E+01  6.2941E-05
 -2.9486E+01  6.5027E-05
 -2.9474E+01  6.7672E-05
 -2.9462E+01  7.0825E-05
 -2.9450E+01  7.4409E-05
 -2.9439E+01  7.8322E-05
 -2.9427E+01  8.2446E-05
 -2.9415E+01  8.6652E-05
 -2.9403E+01  9.0810E-05
 -2.9391E+01  9.4795E-05
 -2.9379E+01  9.8494E-05
 -2.9367E+01  1.0182E-04
 -2.9355E+01  1.0469E-04
 -2.9343E+01  1.0708E-04
 -2.9331E+01  1.0897E-04
 -2.9319E+01  1.1039E-04
 -2.9308E+01  1.1137E-04
 -2.9296E+01  1.1199E-04
 -2.9284E+01  1.1234E-04
 -2.9272E+01  1.1250E-04
 -2.9260E+01  1.1259E-04
 -2.9248E+01  1.1269E-04
 -2.9236E+01  1.1287E-04
 -2.9224E+01  1.1320E-04
 -2.9212E+01  1.1369E-04
 -2.9200E+01  1.1435E-04
 -2.9188E+01  1.1512E-04
 -2.9177E+01  1.1593E-04
 -2.9165E+01  1.1668E-04
 -2.9153E+01  1.1722E-04
 -2.9141E+01  1.1742E-04
 -2.9129E+01  1.1711E-04
 -2.9117E+01  1.1614E-04
 -2.9105E+01  1.1437E-04
 -2.9093E+01  1.1171E-04
 -2.9081E+01  1.0807E-04
 -2.9069E+01  1.0345E-04
 -2.9058E+01  9.7874E-05
 -2.9046E+01  9.1441E-05
 -2.9034E+01  8.4310E-05
 -2.9022E+01  7.6693E-05
 -2.9010E+01  6.8853E-05
 -2.8998E+01  6.1092E-05
 -2.8986E+01  5.3734E-05
 -2.8974E+01  4.7112E-05
 -2.8962E+01  4.1550E-05
 -2.8950E+01  3.7346E-05
 -2.8938E+01  3.4752E-05
 -2.8927E+01  3.3964E-05
 -2.8915E+01  3.5106E-05
 -2.8903E+01  3.8229E-05
 -2.8891E+01  4.3300E-05
 -2.8879E+01  5.0211E-05
 -2.8867E+01  5.8784E-05
 -2.8855E+01  6.8785E-05
 -2.8843E+01  7.9943E-05
 -2.8831E+01  9.1969E-05
 -2.8819E+01  1.0459E-04
 -2.8807E+01  1.1756E-04
 -2.8796E+01  1.3072E-04
 -2.8784E+01  1.4397E-04
 -2.8772E+01  1.5737E-04
 -2.8760E+01  1.7108E-04
 -2.8748E+01  1.8541E-04
 -2.8736E+01  2.0083E-04
 -2.8724E+01  2.1795E-04
 -2.8712E+01  2.3750E-04
 -2.8700E+01  2.6031E-04
 -2.8688E+01  2.8730E-04
 -2.8676E+01  3.1940E-04
 -2.8665E+01  3.5755E-04
 -2.8653E+01  4.0259E-04
 -2.8641E+01  4.5525E-04
 -2.8629E+01  5.1610E-04
 -2.8617E+01  5.8546E-04
 -2.8605E+01  6.6338E-04
 -2.8593E+01  7.4961E-04
 -2.8581E+01  8.4357E-04
 -2.8569E+01  9.4432E-04
 -2.8557E+01  1.0506E-03
 -2.8545E+01  1.1609E-03
 -2.8534E+01  1.2732E-03
 -2.8522E+01  1.3855E-03
 -2.8510E+01  1.4956E-03
 -2.8498E+01  1.6010E-03
 -2.8486E+01  1.6994E-03
 -2.8474E+01  1.7883E-03
 -2.8462E+01  1.8656E-03
 -2.8450E+01  1.9291E-03
 -2.8438E+01  1.9772E-03
 -2.8426E+01  2.0085E-03
 -2.8414E+01  2.0219E-03
 -2.8403E+01  2.0169E-03
 -2.8391E+01  1.9936E-03
 -2.8379E+01  1.9525E-03
 -2.8367E+01  1.8945E-03
 -2.8355E+01  1.8211E-03
 -2.8343E+01  1.7342E-03
 -2.8331E+01  1.6362E-03
 -2.8319E+01  1.5296E-03
 -2.8307E+01  1.4171E-03
 -2.8295E+01  1.3016E-03
 -2.8283E+01  1.1858E-03
 -2.8272E+01  1.0725E-03
 -2.8260E+01  9.6422E-04
 -2.8248E+01  8.6302E-04
 -2.8236E+01  7.7077E-04
 -2.8224E+01  6.8888E-04
 -2.8212E+01  6.1830E-04
 -2.8200E+01  5.5951E-04
 -2.8188E+01  5.1257E-04
 -2.8176E+01  4.7705E-04
 -2.8164E+01  4.5214E-04
 -2.8152E+01  4.3670E-04
 -2.8141E+01  4.2927E-04
 -2.8129E+01  4.2822E-04
 -2.8117E+01  4.3180E-04
 -2.8105E+01  4.3824E-04
 -2.8093E+01  4.4581E-04
 -2.8081E+01  4.5297E-04
 -2.8069E+01  4.5835E-04
 -2.8057E+01  4.6092E-04
 -2.8045E+01  4.5991E-04
 -2.8033E+01  4.5496E-04
 -2.8021E+01  4.4605E-04
 -2.8010E+01  4.3353E-04
 -2.7998E+01  4.1807E-04
 -2.7986E+01  4.0068E-04
 -2.7974E+01  3.8259E-04
 -2.7962E+01  3.6524E-04
 -2.7950E+01  3.5016E-04
 -2.7938E+01  3.3897E-04
 -2.7926E+01  3.3322E-04
 -2.7914E+01  3.3436E-04
 -2.7902E+01  3.4367E-04
 -2.7890E+01  3.6220E-04
 -2.7879E+01  3.9067E-04
 -2.7867E+01  4.2952E-04
 -2.7855E+01  4.7882E-04
 -2.7843E+01  5.3829E-04
 -2.7831E+01  6.0731E-04
 -2.7819E+01  6.8492E-04
 -2.7807E+01  7.6988E-04
 -2.7795E+01  8.6069E-04
 -2.7783E+01  9.5567E-04
 -2.7771E+01  1.0530E-03
 -2.7759E+01  1.1506E-03
 -2.7748E+01  1.2467E-03
 -2.7736E+01  1.3394E-03
 -2.7724E+01  1.4267E-03
 -2.7712E+01  1.5071E-03
 -2.7700E+01  1.5790E-03
 -2.7688E+01  1.6413E-03
 -2.7676E+01  1.6929E-03
 -2.7664E+01  1.7333E-03
 -2.7652E+01  1.7621E-03
 -2.7640E+01  1.7790E-03
 -2.7628E+01  1.7844E-03
 -2.7617E+01  1.7786E-03
 -2.7605E+01  1.7622E-03
 -2.7593E+01  1.7359E-03
 -2.7581E+01  1.7007E-03
 -2.7569E+01  1.6575E-03
 -2.7557E+01  1.6073E-03
 -2.7545E+01  1.5513E-03
 -2.7533E+01  1.4904E-03
 -2.7521E+01  1.4257E-03
 -2.7509E+01  1.3582E-03
 -2.7497E+01  1.2888E-03
 -2.7486E+01  1.2184E-03
 -2.7474E+01  1.1477E-03
 -2.7462E+01  1.0775E-03
 -2.7450E+01  1.0084E-03
 -2.7438E+01  9.4089E-04
 -2.7426E+01  8.7537E-04
 -2.7414E+01  8.1219E-04
 -2.7402E+01  7.5163E-04
 -2.7390E+01  6.9386E-04
 -2.7378E+01  6.3901E-04
 -2.7366E+01  5.8715E-04
 -2.7355E+01  5.3831E-04
 -2.7343E+01  4.9248E-04
 -2.7331E+01  4.4961E-04
 -2.7319E+01  4.0964E-04
 -2.7307E+01  3.7248E-04
 -2.7295E+01  3.3805E-04
 -2.7283E+01  3.0624E-04
 -2.7271E+01  2.7693E-04
 -2.7259E+01  2.5002E-04
 -2.7247E+01  2.2538E-04
 -2.7235E+01  2.0288E-04
 -2.7224E+01  1.8243E-04
 -2.7212E+01  1.6389E-04
 -2.7200E+01  1.4717E-04
 -2.7188E+01  1.3216E-04
 -2.7176E+01  1.1879E-04
 -2.7164E+01  1.0698E-04
 -2.7152E+01  9.6677E-05
 -2.7140E+01  8.7844E-05
 -2.7128E+01  8.0460E-05
 -2.7116E+01  7.4525E-05
 -2.7104E+01  7.0050E-05
 -2.7093E+01  6.7060E-05
 -2.7081E+01  6.5590E-05
 -2.7069E+01  6.5677E-05
 -2.7057E+01  6.7359E-05
 -2.7045E+01  7.0670E-05
 -2.7033E+01  7.5631E-05
 -2.7021E+01  8.2248E-05
 -2.7009E+01  9.0509E-05
 -2.6997E+01  1.0038E-04
 -2.6985E+01  1.1180E-04
 -2.6973E+01  1.2469E-04
 -2.6962E+01  1.3893E-04
 -2.6950E+01  1.5438E-04
 -2.6938E+01  1.7090E-04
 -2.6926E+01  1.8828E-04
 -2.6914E+01  2.0634E-04
 -2.6902E+01  2.2486E-04
 -2.6890E+01  2.4362E-04
 -2.6878E+01  2.6237E-04
 -2.6866E+01  2.8089E-04
 -2.6854E+01  2.9896E-04
 -2.6842E+01  3.1635E-04
 -2.6831E+01  3.3286E-04
 -2.6819E+01  3.4830E-04
 -2.6807E+01  3.6253E-04
 -2.6795E+01  3.7539E-04
 -2.6783E+01  3.8679E-04
 -2.6771E+01  3.9664E-04
 -2.6759E+01  4.0489E-04
 -2.6747E+01  4.1153E-04
 -2.6735E+01  4.1654E-04
 -2.6723E+01  4.1994E-04
 -2.6711E+01  4.2177E-04
 -2.6700E+01  4.2208E-04
 -2.6688E+01  4.2093E-04
 -2.6676E+01  4.1838E-04
 -2.6664E+01  4.1450E-04
 -2.6652E+01  4.0938E-04
 -2.6640E+01  4.0310E-04
 -2.6628E+01  3.9574E-04
 -2.6616E+01  3.8739E-04
 -2.6604E+01  3.7815E-04
 -2.6592E+01  3.6809E-04
 -2.6580E+01  3.5731E-04
 -2.6569E+01  3.4590E-04
 -2.6557E+01  3.3395E-04
 -2.6545E+01  3.2153E-04
 -2.6533E+01  3.0872E-04
 -2.6521E+01  2.9560E-04
 -2.6509E+01  2.8222E-04
 -2.6497E+01  2.6865E-04
 -2.6485E+01  2.5495E-04
 -2.6473E+01  2.4116E-04
 -2.6461E+01  2.2733E-04
 -2.6449E+01  2.1351E-04
 -2.6438E+01  1.9975E-04
 -2.6426E+01  1.8610E-04
 -2.6414E+01  1.7264E-04
 -2.6402E+01  1.5943E-04
 -2.6390E+01  1.4654E-04
 -2.6378E+01  1.3407E-04
 -2.6366E+01  1.2210E-04
 -2.6354E+01  1.1075E-04
 -2.6342E+01  1.0011E-04
 -2.6330E+01  9.0290E-05
 -2.6318E+01  8.1406E-05
 -2.6307E+01  7.3554E-05
 -2.6295E+01  6.6830E-05
 -2.6283E+01  6.1315E-05
 -2.6271E+01  5.7078E-05
 -2.6259E+01  5.4168E-05
 -2.6247E+01  5.2613E-05
 -2.6235E+01  5.2422E-05
 -2.6223E+01  5.3575E-05
 -2.6211E+01  5.6032E-05
 -2.6199E+01  5.9729E-05
 -2.6187E+01  6.4579E-05
 -2.6176E+01  7.0480E-05
 -2.6164E+01  7.7312E-05
 -2.6152E+01  8.4950E-05
 -2.6140E+01  9.3263E-05
 -2.6128E+01  1.0212E-04
 -2.6116E+01  1.1142E-04
 -2.6104E+01  1.2104E-04
 -2.6092E+01  1.3091E-04
 -2.6080E+01  1.4096E-04
 -2.6068E+01  1.5117E-04
 -2.6056E+01  1.6152E-04
 -2.6045E+01  1.7202E-04
 -2.6033E+01  1.8271E-04
 -2.6021E+01  1.9365E-04
 -2.6009E+01  2.0488E-04
 -2.5997E+01  2.1648E-04
 -2.5985E+01  2.2850E-04
 -2.5973E+01  2.4098E-04
 -2.5961E+01  2.5395E-04
 -2.5949E+01  2.6740E-04
 -2.5937E+01  2.8130E-04
 -2.5925E+01  2.9558E-04
 -2.5914E+01  3.1013E-04
 -2.5902E+01  3.2479E-04
 -2.5890E+01  3.3939E-04
 -2.5878E+01  3.5372E-04
 -2.5866E+01  3.6753E-04
 -2.5854E+01  3.8057E-04
 -2.5842E+01  3.9259E-04
 -2.5830E+01  4.0332E-04
 -2.5818E+01  4.1252E-04
 -2.5806E+01  4.1997E-04
 -2.5794E+01  4.2548E-04
 -2.5783E+01  4.2892E-04
 -2.5771E+01  4.3018E-04
 -2.5759E+01  4.2924E-04
 -2.5747E+01  4.2612E-04
 -2.5735E+01  4.2091E-04
 -2.5723E+01  4.1373E-04
 -2.5711E+01  4.0479E-04
 -2.5699E+01  3.9433E-04
 -2.5687E+01  3.8259E-04
 -2.5675E+01  3.6987E-04
 -2.5663E+01  3.5644E-04
 -2.5652E+01  3.4258E-04
 -2.5640E+01  3.2852E-04
 -2.5628E+01  3.1449E-04
 -2.5616E+01  3.0063E-04
 -2.5604E+01  2.8707E-04
 -2.5592E+01  2.7385E-04
 -2.5580E+01  2.6100E-04
 -2.5568E+01  2.4848E-04
 -2.5556E+01  2.3622E-04
 -2.5544E+01  2.2412E-04
 -2.5532E+01  2.1207E-04
 -2.5521E+01  1.9998E-04
 -2.5509E+01  1.8774E-04
 -2.5497E+01  1.7531E-04
 -2.5485E+01  1.6266E-04
 -2.5473E+01  1.4982E-04
 -2.5461E+01  1.3688E-04
 -2.5449E+01  1.2396E-04
 -2.5437E+01  1.1126E-04
 -2.5425E+01  9.9018E-05
 -2.5413E+01  8.7500E-05
 -2.5401E+01  7.7004E-05
 -2.5390E+01  6.7833E-05
 -2.5378E+01  6.0281E-05
 -2.5366E+01  5.4620E-05
 -2.5354E+01  5.1081E-05
 -2.5342E+01  4.9841E-05
 -2.5330E+01  5.1011E-05
 -2.5318E+01  5.4630E-05
 -2.5306E+01  6.0664E-05
 -2.5294E+01  6.9004E-05
 -2.5282E+01  7.9482E-05
 -2.5271E+01  9.1878E-05
 -2.5259E+01  1.0594E-04
 -2.5247E+01  1.2143E-04
 -2.5235E+01  1.3810E-04
 -2.5223E+01  1.5576E-04
 -2.5211E+01  1.7432E-04
 -2.5199E+01  1.9375E-04
 -2.5187E+01  2.1417E-04
 -2.5175E+01  2.3582E-04
 -2.5163E+01  2.5909E-04
 -2.5151E+01  2.8448E-04
 -2.5140E+01  3.1266E-04
 -2.5128E+01  3.4437E-04
 -2.5116E+01  3.8044E-04
 -2.5104E+01  4.2176E-04
 -2.5092E+01  4.6917E-04
 -2.5080E+01  5.2348E-04
 -2.5068E+01  5.8538E-04
 -2.5056E+01  6.5539E-04
 -2.5044E+01  7.3382E-04
 -2.5032E+01  8.2070E-04
 -2.5020E+01  9.1579E-04
 -2.5009E+01  1.0185E-03
 -2.4997E+01  1.1279E-03
 -2.4985E+01  1.2428E-03
 -2.4973E+01  1.3615E-03
 -2.4961E+01  1.4822E-03
 -2.4949E+01  1.6028E-03
 -2.4937E+01  1.7209E-03
 -2.4925E+01  1.8340E-03
 -2.4913E+01  1.9396E-03
 -2.4901E+01  2.0351E-03
 -2.4889E+01  2.1181E-03
 -2.4878E+01  2.1864E-03
 -2.4866E+01  2.2380E-03
 -2.4854E+01  2.2714E-03
 -2.4842E+01  2.2854E-03
 -2.4830E+01  2.2795E-03
 -2.4818E+01  2.2535E-03
 -2.4806E+01  2.2081E-03
 -2.4794E+01  2.1442E-03
 -2.4782E+01  2.0636E-03
 -2.4770E+01  1.9682E-03
 -2.4758E+01  1.8606E-03
 -2.4747E+01  1.7434E-03
 -2.4735E+01  1.6197E-03
 -2.4723E+01  1.4925E-03
 -2.4711E+01  1.3649E-03
 -2.4699E+01  1.2396E-03
 -2.4687E+01  1.1196E-03
 -2.4675E+01  1.0071E-03
 -2.4663E+01  9.0429E-04
 -2.4651E+01  8.1266E-04
 -2.4639E+01  7.3337E-04
 -2.4627E+01  6.6705E-04
 -2.4616E+01  6.1379E-04
 -2.4604E+01  5.7320E-04
 -2.4592E+01  5.4445E-04
 -2.4580E+01  5.2629E-04
 -2.4568E+01  5.1715E-04
 -2.4556E+01  5.1523E-04
 -2.4544E+01  5.1859E-04
 -2.4532E+01  5.2526E-04
 -2.4520E+01  5.3331E-04
 -2.4508E+01  5.4100E-04
 -2.4496E+01  5.4681E-04
 -2.4485E+01  5.4952E-04
 -2.4473E+01  5.4830E-04
 -2.4461E+01  5.4270E-04
 -2.4449E+01  5.3271E-04
 -2.4437E+01  5.1871E-04
 -2.4425E+01  5.0150E-04
 -2.4413E+01  4.8223E-04
 -2.4401E+01  4.6234E-04
 -2.4389E+01  4.4352E-04
 -2.4377E+01  4.2757E-04
 -2.4365E+01  4.1637E-04
 -2.4354E+01  4.1176E-04
 -2.4342E+01  4.1543E-04
 -2.4330E+01  4.2887E-04
 -2.4318E+01  4.5329E-04
 -2.4306E+01  4.8955E-04
 -2.4294E+01  5.3812E-04
 -2.4282E+01  5.9906E-04
 -2.4270E+01  6.7198E-04
 -2.4258E+01  7.5610E-04
 -2.4246E+01  8.5020E-04
 -2.4234E+01  9.5272E-04
 -2.4223E+01  1.0618E-03
 -2.4211E+01  1.1752E-03
 -2.4199E+01  1.2907E-03
 -2.4187E+01  1.4058E-03
 -2.4175E+01  1.5181E-03
 -2.4163E+01  1.6251E-03
 -2.4151E+01  1.7248E-03
 -2.4139E+01  1.8149E-03
 -2.4127E+01  1.8939E-03
 -2.4115E+01  1.9603E-03
 -2.4103E+01  2.0130E-03
 -2.4092E+01  2.0514E-03
 -2.4080E+01  2.0751E-03
 -2.4068E+01  2.0840E-03
 -2.4056E+01  2.0787E-03
 -2.4044E+01  2.0596E-03
 -2.4032E+01  2.0275E-03
 -2.4020E+01  1.9837E-03
 -2.4008E+01  1.9292E-03
 -2.3996E+01  1.8654E-03
 -2.3984E+01  1.7937E-03
 -2.3972E+01  1.7155E-03
 -2.3961E+01  1.6324E-03
 -2.3949E+01  1.5457E-03
 -2.3937E+01  1.4568E-03
 -2.3925E+01  1.3669E-03
 -2.3913E+01  1.2772E-03
 -2.3901E+01  1.1887E-03
 -2.3889E+01  1.1022E-03
 -2.3877E+01  1.0184E-03
 -2.3865E+01  9.3780E-04
 -2.3853E+01  8.6090E-04
 -2.3841E+01  7.8794E-04
 -2.3830E+01  7.1909E-04
 -2.3818E+01  6.5443E-04
 -2.3806E+01  5.9396E-04
 -2.3794E+01  5.3762E-04
 -2.3782E+01  4.8533E-04
 -2.3770E+01  4.3696E-04
 -2.3758E+01  3.9239E-04
 -2.3746E+01  3.5146E-04
 -2.3734E+01  3.1402E-04
 -2.3722E+01  2.7991E-04
 -2.3710E+01  2.4898E-04
 -2.3699E+01  2.2108E-04
 -2.3687E+01  1.9604E-04
 -2.3675E+01  1.7370E-04
 -2.3663E+01  1.5390E-04
 -2.3651E+01  1.3649E-04
 -2.3639E+01  1.2131E-04
 -2.3627E+01  1.0821E-04
 -2.3615E+01  9.7035E-05
 -2.3603E+01  8.7666E-05
 -2.3591E+01  7.9980E-05
 -2.3579E+01  7.3879E-05
 -2.3568E+01  6.9283E-05
 -2.3556E+01  6.6135E-05
 -2.3544E+01  6.4401E-05
 -2.3532E+01  6.4072E-05
 -2.3520E+01  6.5159E-05
 -2.3508E+01  6.7694E-05
 -2.3496E+01  7.1725E-05
 -2.3484E+01  7.7312E-05
 -2.3472E+01  8.4519E-05
 -2.3460E+01  9.3412E-05
 -2.3448E+01  1.0405E-04
 -2.3437E+01  1.1647E-04
 -2.3425E+01  1.3071E-04
 -2.3413E+01  1.4676E-04
 -2.3401E+01  1.6458E-04
 -2.3389E+01  1.8411E-04
 -2.3377E+01  2.0523E-04
 -2.3365E+01  2.2778E-04
 -2.3353E+01  2.5157E-04
 -2.3341E+01  2.7636E-04
 -2.3329E+01  3.0187E-04
 -2.3317E+01  3.2778E-04
 -2.3306E+01  3.5376E-04
 -2.3294E+01  3.7947E-04
 -2.3282E+01  4.0453E-04
 -2.3270E+01  4.2859E-04
 -2.3258E+01  4.5131E-04
 -2.3246E+01  4.7238E-04
 -2.3234E+01  4.9150E-04
 -2.3222E+01  5.0843E-04
 -2.3210E+01  5.2296E-04
 -2.3198E+01  5.3493E-04
 -2.3186E+01  5.4422E-04
 -2.3175E+01  5.5075E-04
 -2.3163E+01  5.5449E-04
 -2.3151E+01  5.5546E-04
 -2.3139E+01  5.5370E-04
 -2.3127E+01  5.4930E-04
 -2.3115E+01  5.4237E-04
 -2.3103E+01  5.3308E-04
 -2.3091E+01  5.2159E-04
 -2.3079E+01  5.0811E-04
 -2.3067E+01  4.9286E-04
 -2.3055E+01  4.7609E-04
 -2.3044E+01  4.5804E-04
 -2.3032E+01  4.3896E-04
 -2.3020E+01  4.1911E-04
 -2.3008E+01  3.9871E-04
 -2.2996E+01  3.7801E-04
 -2.2984E+01  3.5720E-04
 -2.2972E+01  3.3649E-04
 -2.2960E+01  3.1602E-04
 -2.2948E+01  2.9595E-04
 -2.2936E+01  2.7640E-04
 -2.2924E+01  2.5745E-04
 -2.2913E+01  2.3920E-04
 -2.2901E+01  2.2169E-04
 -2.2889E+01  2.0497E-04
 -2.2877E+01  1.8907E-04
 -2.2865E+01  1.7401E-04
 -2.2853E+01  1.5980E-04
 -2.2841E+01  1.4643E-04
 -2.2829E+01  1.3391E-04
 -2.2817E+01  1.2222E-04
 -2.2805E+01  1.1137E-04
 -2.2793E+01  1.0133E-04
 -2.2782E+01  9.2117E-05
 -2.2770E+01  8.3718E-05
 -2.2758E+01  7.6140E-05
 -2.2746E+01  6.9394E-05
 -2.2734E+01  6.3501E-05
 -2.2722E+01  5.8487E-05
 -2.2710E+01  5.4389E-05
 -2.2698E+01  5.1252E-05
 -2.2686E+01  4.9128E-05
 -2.2674E+01  4.8076E-05
 -2.2662E+01  4.8162E-05
 -2.2651E+01  4.9455E-05
 -2.2639E+01  5.2026E-05
 -2.2627E+01  5.5948E-05
 -2.2615E+01  6.1296E-05
 -2.2603E+01  6.8141E-05
 -2.2591E+01  7.6556E-05
 -2.2579E+01  8.6610E-05
 -2.2567E+01  9.8371E-05
 -2.2555E+01  1.1191E-04
 -2.2543E+01  1.2728E-04
 -2.2531E+01  1.4455E-04
 -2.2520E+01  1.6377E-04
 -2.2508E+01  1.8500E-04
 -2.2496E+01  2.0826E-04
 -2.2484E+01  2.3360E-04
 -2.2472E+01  2.6100E-04
 -2.2460E+01  2.9046E-04
 -2.2448E+01  3.2194E-04
 -2.2436E+01  3.5534E-04
 -2.2424E+01  3.9056E-04
 -2.2412E+01  4.2743E-04
 -2.2400E+01  4.6574E-04
 -2.2389E+01  5.0526E-04
 -2.2377E+01  5.4566E-04
 -2.2365E+01  5.8662E-04
 -2.2353E+01  6.2774E-04
 -2.2341E+01  6.6859E-04
 -2.2329E+01  7.0870E-04
 -2.2317E+01  7.4758E-04
 -2.2305E+01  7.8471E-04
 -2.2293E+01  8.1953E-04
 -2.2281E+01  8.5151E-04
 -2.2269E+01  8.8010E-04
 -2.2258E+01  9.0478E-04
 -2.2246E+01  9.2505E-04
 -2.2234E+01  9.4048E-04
 -2.2222E+01  9.5070E-04
 -2.2210E+01  9.5543E-04
 -2.2198E+01  9.5449E-04
 -2.2186E+01  9.4783E-04
 -2.2174E+01  9.3549E-04
 -2.2162E+01  9.1766E-04
 -2.2150E+01  8.9464E-04
 -2.2138E+01  8.6683E-04
 -2.2127E+01  8.3476E-04
 -2.2115E+01  7.9899E-04
 -2.2103E+01  7.6017E-04
 -2.2091E+01  7.1897E-04
 -2.2079E+01  6.7608E-04
 -2.2067E+01  6.3218E-04
 -2.2055E+01  5.8792E-04
 -2.2043E+01  5.4391E-04
 -2.2031E+01  5.0070E-04
 -2.2019E+01  4.5878E-04
 -2.2007E+01  4.1854E-04
 -2.1996E+01  3.8032E-04
 -2.1984E+01  3.4436E-04
 -2.1972E+01  3.1081E-04
 -2.1960E+01  2.7976E-04
 -2.1948E+01  2.5122E-04
 -2.1936E+01  2.2514E-04
 -2.1924E+01  2.0143E-04
 -2.1912E+01  1.7995E-04
 -2.1900E+01  1.6056E-04
 -2.1888E+01  1.4312E-04
 -2.1876E+01  1.2749E-04
 -2.1865E+01  1.1358E-04
 -2.1853E+01  1.0131E-04
 -2.1841E+01  9.0659E-05
 -2.1829E+01  8.1651E-05
 -2.1817E+01  7.4360E-05
 -2.1805E+01  6.8904E-05
 -2.1793E+01  6.5440E-05
 -2.1781E+01  6.4160E-05
 -2.1769E+01  6.5277E-05
 -2.1757E+01  6.9019E-05
 -2.1745E+01  7.5618E-05
 -2.1734E+01  8.5306E-05
 -2.1722E+01  9.8306E-05
 -2.1710E+01  1.1484E-04
 -2.1698E+01  1.3511E-04
 -2.1686E+01  1.5933E-04
 -2.1674E+01  1.8773E-04
 -2.1662E+01  2.2053E-04
 -2.1650E+01  2.5803E-04
 -2.1638E+01  3.0053E-04
 -2.1626E+01  3.4843E-04
 -2.1614E+01  4.0216E-04
 -2.1603E+01  4.6225E-04
 -2.1591E+01  5.2930E-04
 -2.1579E+01  6.0397E-04
 -2.1567E+01  6.8698E-04
 -2.1555E+01  7.7909E-04
 -2.1543E+01  8.8106E-04
 -2.1531E+01  9.9361E-04
 -2.1519E+01  1.1174E-03
 -2.1507E+01  1.2530E-03
 -2.1495E+01  1.4008E-03
 -2.1483E+01  1.5610E-03
 -2.1472E+01  1.7335E-03
 -2.1460E+01  1.9179E-03
 -2.1448E+01  2.1136E-03
 -2.1436E+01  2.3194E-03
 -2.1424E+01  2.5338E-03
 -2.1412E+01  2.7549E-03
 -2.1400E+01  2.9803E-03
 -2.1388E+01  3.2072E-03
 -2.1376E+01  3.4323E-03
 -2.1364E+01  3.6521E-03
 -2.1353E+01  3.8628E-03
 -2.1341E+01  4.0604E-03
 -2.1329E+01  4.2406E-03
 -2.1317E+01  4.3997E-03
 -2.1305E+01  4.5337E-03
 -2.1293E+01  4.6393E-03
 -2.1281E+01  4.7136E-03
 -2.1269E+01  4.7543E-03
 -2.1257E+01  4.7599E-03
 -2.1245E+01  4.7297E-03
 -2.1233E+01  4.6636E-03
 -2.1222E+01  4.5626E-03
 -2.1210E+01  4.4285E-03
 -2.1198E+01  4.2636E-03
 -2.1186E+01  4.0712E-03
 -2.1174E+01  3.8552E-03
 -2.1162E+01  3.6197E-03
 -2.1150E+01  3.3697E-03
 -2.1138E+01  3.1101E-03
 -2.1126E+01  2.8463E-03
 -2.1114E+01  2.5835E-03
 -2.1102E+01  2.3268E-03
 -2.1091E+01  2.0809E-03
 -2.1079E+01  1.8503E-03
 -2.1067E+01  1.6387E-03
 -2.1055E+01  1.4490E-03
 -2.1043E+01  1.2834E-03
 -2.1031E+01  1.1433E-03
 -2.1019E+01  1.0291E-03
 -2.1007E+01  9.4021E-04
 -2.0995E+01  8.7542E-04
 -2.0983E+01  8.3268E-04
 -2.0971E+01  8.0936E-04
 -2.0960E+01  8.0234E-04
 -2.0948E+01  8.0817E-04
 -2.0936E+01  8.2323E-04
 -2.0924E+01  8.4390E-04
 -2.0912E+01  8.6670E-04
 -2.0900E+01  8.8847E-04
 -2.0888E+01  9.0646E-04
 -2.0876E+01  9.1850E-04
 -2.0864E+01  9.2306E-04
 -2.0852E+01  9.1933E-04
 -2.0840E+01  9.0721E-04
 -2.0829E+01  8.8737E-04
 -2.0817E+01  8.6113E-04
 -2.0805E+01  8.3043E-04
 -2.0793E+01  7.9771E-04
 -2.0781E+01  7.6579E-04
 -2.0769E+01  7.3772E-04
 -2.0757E+01  7.1665E-04
 -2.0745E+01  7.0566E-04
 -2.0733E+01  7.0759E-04
 -2.0721E+01  7.2496E-04
 -2.0709E+01  7.5981E-04
 -2.0698E+01  8.1356E-04
 -2.0686E+01  8.8699E-04
 -2.0674E+01  9.8014E-04
 -2.0662E+01  1.0923E-03
 -2.0650E+01  1.2220E-03
 -2.0638E+01  1.3671E-03
 -2.0626E+01  1.5247E-03
 -2.0614E+01  1.6917E-03
 -2.0602E+01  1.8641E-03
 -2.0590E+01  2.0381E-03
 -2.0578E+01  2.2096E-03
 -2.0567E+01  2.3744E-03
 -2.0555E+01  2.5286E-03
 -2.0543E+01  2.6686E-03
 -2.0531E+01  2.7911E-03
 -2.0519E+01  2.8933E-03
 -2.0507E+01  2.9730E-03
 -2.0495E+01  3.0285E-03
 -2.0483E+01  3.0589E-03
 -2.0471E+01  3.0638E-03
 -2.0459E+01  3.0434E-03
 -2.0447E+01  2.9989E-03
 -2.0436E+01  2.9316E-03
 -2.0424E+01  2.8436E-03
 -2.0412E+01  2.7374E-03
 -2.0400E+01  2.6159E-03
 -2.0388E+01  2.4821E-03
 -2.0376E+01  2.3391E-03
 -2.0364E+01  2.1901E-03
 -2.0352E+01  2.0381E-03
 -2.0340E+01  1.8857E-03
 -2.0328E+01  1.7356E-03
 -2.0316E+01  1.5898E-03
 -2.0305E+01  1.4500E-03
 -2.0293E+01  1.3177E-03
 -2.0281E+01  1.1936E-03
 -2.0269E+01  1.0785E-03
 -2.0257E+01  9.7261E-04
 -2.0245E+01  8.7578E-04
 -2.0233E+01  7.8777E-04
 -2.0221E+01  7.0811E-04
 -2.0209E+01  6.3616E-04
 -2.0197E+01  5.7123E-04
 -2.0185E+01  5.1257E-04
 -2.0174E+01  4.5943E-04
 -2.0162E+01  4.1111E-04
 -2.0150E+01  3.6699E-04
 -2.0138E+01  3.2652E-04
 -2.0126E+01  2.8928E-04
 -2.0114E+01  2.5494E-04
 -2.0102E+01  2.2329E-04
 -2.0090E+01  1.9420E-04
 -2.0078E+01  1.6764E-04
 -2.0066E+01  1.4363E-04
 -2.0054E+01  1.2223E-04
 -2.0043E+01  1.0352E-04
 -2.0031E+01  8.7550E-05
 -2.0019E+01  7.4369E-05
 -2.0007E+01  6.3968E-05
 -1.9995E+01  5.6283E-05
 -1.9983E+01  5.1185E-05
 -1.9971E+01  4.8478E-05
 -1.9959E+01  4.7904E-05
 -1.9947E+01  4.9150E-05
 -1.9935E+01  5.1862E-05
 -1.9923E+01  5.5660E-05
 -1.9912E+01  6.0152E-05
 -1.9900E+01  6.4958E-05
 -1.9888E+01  6.9722E-05
 -1.9876E+01  7.4127E-05
 -1.9864E+01  7.7909E-05
 -1.9852E+01  8.0864E-05
 -1.9840E+01  8.2856E-05
 -1.9828E+01  8.3814E-05
 -1.9816E+01  8.3736E-05
 -1.9804E+01  8.2677E-05
 -1.9792E+01  8.0746E-05
 -1.9781E+01  7.8095E-05
 -1.9769E+01  7.4904E-05
 -1.9757E+01  7.1367E-05
 -1.9745E+01  6.7684E-05
 -1.9733E+01  6.4039E-05
 -1.9721E+01  6.0600E-05
 -1.9709E+01  5.7498E-05
 -1.9697E+01  5.4830E-05
 -1.9685E+01  5.2653E-05
 -1.9673E+01  5.0980E-05
 -1.9661E+01  4.9791E-05
 -1.9650E+01  4.9029E-05
 -1.9638E+01  4.8617E-05
 -1.9626E+01  4.8461E-05
 -1.9614E+01  4.8462E-05
 -1.9602E+01  4.8524E-05
 -1.9590E+01  4.8566E-05
 -1.9578E+01  4.8530E-05
 -1.9566E+01  4.8382E-05
 -1.9554E+01  4.8124E-05
 -1.9542E+01  4.7787E-05
 -1.9530E+01  4.7435E-05
 -1.9519E+01  4.7161E-05
 -1.9507E+01  4.7077E-05
 -1.9495E+01  4.7308E-05
 -1.9483E+01  4.7983E-05
 -1.9471E+01  4.9225E-05
 -1.9459E+01  5.1139E-05
 -1.9447E+01  5.3805E-05
 -1.9435E+01  5.7268E-05
 -1.9423E+01  6.1532E-05
 -1.9411E+01  6.6558E-05
 -1.9399E+01  7.2258E-05
 -1.9388E+01  7.8502E-05
 -1.9376E+01  8.5116E-05
 -1.9364E+01  9.1893E-05
 -1.9352E+01  9.8600E-05
 -1.9340E+01  1.0499E-04
 -1.9328E+01  1.1081E-04
 -1.9316E+01  1.1583E-04
 -1.9304E+01  1.1983E-04
 -1.9292E+01  1.2264E-04
 -1.9280E+01  1.2413E-04
 -1.9268E+01  1.2421E-04
 -1.9257E+01  1.2288E-04
 -1.9245E+01  1.2017E-04
 -1.9233E+01  1.1620E-04
 -1.9221E+01  1.1111E-04
 -1.9209E+01  1.0510E-04
 -1.9197E+01  9.8438E-05
 -1.9185E+01  9.1377E-05
 -1.9173E+01  8.4210E-05
 -1.9161E+01  7.7231E-05
 -1.9149E+01  7.0723E-05
 -1.9137E+01  6.4952E-05
 -1.9126E+01  6.0149E-05
 -1.9114E+01  5.6506E-05
 -1.9102E+01  5.4165E-05
 -1.9090E+01  5.3211E-05
 -1.9078E+01  5.3674E-05
 -1.9066E+01  5.5525E-05
 -1.9054E+01  5.8683E-05
 -1.9042E+01  6.3017E-05
 -1.9030E+01  6.8355E-05
 -1.9018E+01  7.4498E-05
 -1.9006E+01  8.1222E-05
 -1.8995E+01  8.8295E-05
 -1.8983E+01  9.5486E-05
 -1.8971E+01  1.0257E-04
 -1.8959E+01  1.0935E-04
 -1.8947E+01  1.1564E-04
 -1.8935E+01  1.2130E-04
 -1.8923E+01  1.2621E-04
 -1.8911E+01  1.3029E-04
 -1.8899E+01  1.3351E-04
 -1.8887E+01  1.3587E-04
 -1.8875E+01  1.3741E-04
 -1.8864E+01  1.3817E-04
 -1.8852E+01  1.3826E-04
 -1.8840E+01  1.3777E-04
 -1.8828E+01  1.3683E-04
 -1.8816E+01  1.3555E-04
 -1.8804E+01  1.3407E-04
 -1.8792E+01  1.3249E-04
 -1.8780E+01  1.3092E-04
 -1.8768E+01  1.2946E-04
 -1.8756E+01  1.2819E-04
 -1.8744E+01  1.2718E-04
 -1.8733E+01  1.2646E-04
 -1.8721E+01  1.2609E-04
 -1.8709E+01  1.2610E-04
 -1.8697E+01  1.2650E-04
 -1.8685E+01  1.2730E-04
 -1.8673E+01  1.2852E-04
 -1.8661E+01  1.3016E-04
 -1.8649E+01  1.3221E-04
 -1.8637E+01  1.3468E-04
 -1.8625E+01  1.3756E-04
 -1.8613E+01  1.4083E-04
 -1.8602E+01  1.4446E-04
 -1.8590E+01  1.4842E-04
 -1.8578E+01  1.5267E-04
 -1.8566E+01  1.5715E-04
 -1.8554E+01  1.6177E-04
 -1.8542E+01  1.6644E-04
 -1.8530E+01  1.7105E-04
 -1.8518E+01  1.7547E-04
 -1.8506E+01  1.7956E-04
 -1.8494E+01  1.8316E-04
 -1.8482E+01  1.8613E-04
 -1.8471E+01  1.8830E-04
 -1.8459E+01  1.8955E-04
 -1.8447E+01  1.8973E-04
 -1.8435E+01  1.8876E-04
 -1.8423E+01  1.8656E-04
 -1.8411E+01  1.8310E-04
 -1.8399E+01  1.7840E-04
 -1.8387E+01  1.7250E-04
 -1.8375E+01  1.6550E-04
 -1.8363E+01  1.5753E-04
 -1.8351E+01  1.4877E-04
 -1.8340E+01  1.3943E-04
 -1.8328E+01  1.2972E-04
 -1.8316E+01  1.1989E-04
 -1.8304E+01  1.1022E-04
 -1.8292E+01  1.0095E-04
 -1.8280E+01  9.2355E-05
 -1.8268E+01  8.4671E-05
 -1.8256E+01  7.8129E-05
 -1.8244E+01  7.2931E-05
 -1.8232E+01  6.9246E-05
 -1.8220E+01  6.7211E-05
 -1.8209E+01  6.6925E-05
 -1.8197E+01  6.8449E-05
 -1.8185E+01  7.1809E-05
 -1.8173E+01  7.6999E-05
 -1.8161E+01  8.3989E-05
 -1.8149E+01  9.2727E-05
 -1.8137E+01  1.0315E-04
 -1.8125E+01  1.1519E-04
 -1.8113E+01  1.2878E-04
 -1.8101E+01  1.4386E-04
 -1.8089E+01  1.6038E-04
 -1.8078E+01  1.7832E-04
 -1.8066E+01  1.9767E-04
 -1.8054E+01  2.1843E-04
 -1.8042E+01  2.4064E-04
 -1.8030E+01  2.6434E-04
 -1.8018E+01  2.8961E-04
 -1.8006E+01  3.1651E-04
 -1.7994E+01  3.4515E-04
 -1.7982E+01  3.7562E-04
 -1.7970E+01  4.0802E-04
 -1.7958E+01  4.4247E-04
 -1.7947E+01  4.7907E-04
 -1.7935E+01  5.1791E-04
 -1.7923E+01  5.5908E-04
 -1.7911E+01  6.0266E-04
 -1.7899E+01  6.4868E-04
 -1.7887E+01  6.9717E-04
 -1.7875E+01  7.4811E-04
 -1.7863E+01  8.0143E-04
 -1.7851E+01  8.5702E-04
 -1.7839E+01  9.1468E-04
 -1.7827E+01  9.7416E-04
 -1.7816E+01  1.0352E-03
 -1.7804E+01  1.0972E-03
 -1.7792E+01  1.1599E-03
 -1.7780E+01  1.2226E-03
 -1.7768E+01  1.2848E-03
 -1.7756E+01  1.3456E-03
 -1.7744E+01  1.4043E-03
 -1.7732E+01  1.4601E-03
 -1.7720E+01  1.5121E-03
 -1.7708E+01  1.5594E-03
 -1.7696E+01  1.6010E-03
 -1.7685E+01  1.6362E-03
 -1.7673E+01  1.6638E-03
 -1.7661E+01  1.6831E-03
 -1.7649E+01  1.6932E-03
 -1.7637E+01  1.6933E-03
 -1.7625E+01  1.6830E-03
 -1.7613E+01  1.6618E-03
 -1.7601E+01  1.6295E-03
 -1.7589E+01  1.5862E-03
 -1.7577E+01  1.5321E-03
 -1.7565E+01  1.4679E-03
 -1.7554E+01  1.3946E-03
 -1.7542E+01  1.3134E-03
 -1.7530E+01  1.2258E-03
 -1.7518E+01  1.1336E-03
 -1.7506E+01  1.0387E-03
 -1.7494E+01  9.4323E-04
 -1.7482E+01  8.4923E-04
 -1.7470E+01  7.5883E-04
 -1.7458E+01  6.7402E-04
 -1.7446E+01  5.9665E-04
 -1.7435E+01  5.2831E-04
 -1.7423E+01  4.7033E-04
 -1.7411E+01  4.2367E-04
 -1.7399E+01  3.8892E-04
 -1.7387E+01  3.6625E-04
 -1.7375E+01  3.5542E-04
 -1.7363E+01  3.5575E-04
 -1.7351E+01  3.6615E-04
 -1.7339E+01  3.8519E-04
 -1.7327E+01  4.1112E-04
 -1.7315E+01  4.4201E-04
 -1.7304E+01  4.7577E-04
 -1.7292E+01  5.1031E-04
 -1.7280E+01  5.4363E-04
 -1.7268E+01  5.7392E-04
 -1.7256E+01  5.9967E-04
 -1.7244E+01  6.1974E-04
 -1.7232E+01  6.3345E-04
 -1.7220E+01  6.4061E-04
 -1.7208E+01  6.4157E-04
 -1.7196E+01  6.3720E-04
 -1.7184E+01  6.2890E-04
 -1.7173E+01  6.1853E-04
 -1.7161E+01  6.0836E-04
 -1.7149E+01  6.0095E-04
 -1.7137E+01  5.9908E-04
 -1.7125E+01  6.0556E-04
 -1.7113E+01  6.2313E-04
 -1.7101E+01  6.5432E-04
 -1.7089E+01  7.0126E-04
 -1.7077E+01  7.6560E-04
 -1.7065E+01  8.4841E-04
 -1.7053E+01  9.5004E-04
 -1.7042E+01  1.0701E-03
 -1.7030E+01  1.2075E-03
 -1.7018E+01  1.3604E-03
 -1.7006E+01  1.5261E-03
 -1.6994E+01  1.7014E-03
 -1.6982E+01  1.8824E-03
 -1.6970E+01  2.0650E-03
 -1.6958E+01  2.2444E-03
 -1.6946E+01  2.4161E-03
 -1.6934E+01  2.5752E-03
 -1.6922E+01  2.7174E-03
 -1.6911E+01  2.8385E-03
 -1.6899E+01  2.9352E-03
 -1.6887E+01  3.0045E-03
 -1.6875E+01  3.0446E-03
 -1.6863E+01  3.0545E-03
 -1.6851E+01  3.0341E-03
 -1.6839E+01  2.9843E-03
 -1.6827E+01  2.9070E-03
 -1.6815E+01  2.8046E-03
 -1.6803E+01  2.6804E-03
 -1.6791E+01  2.5381E-03
 -1.6780E+01  2.3816E-03
 -1.6768E+01  2.2154E-03
 -1.6756E+01  2.0436E-03
 -1.6744E+01  1.8703E-03
 -1.6732E+01  1.6995E-03
 -1.6720E+01  1.5347E-03
 -1.6708E+01  1.3788E-03
 -1.6696E+01  1.2343E-03
 -1.6684E+01  1.1029E-03
 -1.6672E+01  9.8587E-04
 -1.6660E+01  8.8360E-04
 -1.6649E+01  7.9591E-04
 -1.6637E+01  7.2208E-04
 -1.6625E+01  6.6088E-04
 -1.6613E+01  6.1070E-04
 -1.6601E+01  5.6969E-04
 -1.6589E+01  5.3587E-04
 -1.6577E+01  5.0725E-04
 -1.6565E+01  4.8195E-04
 -1.6553E+01  4.5832E-04
 -1.6541E+01  4.3498E-04
 -1.6529E+01  4.1089E-04
 -1.6518E+01  3.8541E-04
 -1.6506E+01  3.5826E-04
 -1.6494E+01  3.2955E-04
 -1.6482E+01  2.9971E-04
 -1.6470E+01  2.6943E-04
 -1.6458E+01  2.3960E-04
 -1.6446E+01  2.1125E-04
 -1.6434E+01  1.8542E-04
 -1.6422E+01  1.6310E-04
 -1.6410E+01  1.4515E-04
 -1.6398E+01  1.3225E-04
 -1.6387E+01  1.2485E-04
 -1.6375E+01  1.2313E-04
 -1.6363E+01  1.2701E-04
 -1.6351E+01  1.3617E-04
 -1.6339E+01  1.5008E-04
 -1.6327E+01  1.6803E-04
 -1.6315E+01  1.8922E-04
 -1.6303E+01  2.1281E-04
 -1.6291E+01  2.3796E-04
 -1.6279E+01  2.6397E-04
 -1.6267E+01  2.9025E-04
 -1.6256E+01  3.1643E-04
 -1.6244E+01  3.4236E-04
 -1.6232E+01  3.6815E-04
 -1.6220E+01  3.9414E-04
 -1.6208E+01  4.2089E-04
 -1.6196E+01  4.4912E-04
 -1.6184E+01  4.7969E-04
 -1.6172E+01  5.1348E-04
 -1.6160E+01  5.5132E-04
 -1.6148E+01  5.9395E-04
 -1.6136E+01  6.4188E-04
 -1.6125E+01  6.9536E-04
 -1.6113E+01  7.5430E-04
 -1.6101E+01  8.1825E-04
 -1.6089E+01  8.8634E-04
 -1.6077E+01  9.5735E-04
 -1.6065E+01  1.0297E-03
 -1.6053E+01  1.1014E-03
 -1.6041E+01  1.1703E-03
 -1.6029E+01  1.2343E-03
 -1.6017E+01  1.2909E-03
 -1.6005E+01  1.3382E-03
 -1.5994E+01  1.3740E-03
 -1.5982E+01  1.3969E-03
 -1.5970E+01  1.4057E-03
 -1.5958E+01  1.3998E-03
 -1.5946E+01  1.3790E-03
 -1.5934E+01  1.3438E-03
 -1.5922E+01  1.2954E-03
 -1.5910E+01  1.2351E-03
 -1.5898E+01  1.1651E-03
 -1.5886E+01  1.0875E-03
 -1.5874E+01  1.0051E-03
 -1.5863E+01  9.2051E-04
 -1.5851E+01  8.3642E-04
 -1.5839E+01  7.5546E-04
 -1.5827E+01  6.7998E-04
 -1.5815E+01  6.1198E-04
 -1.5803E+01  5.5302E-04
 -1.5791E+01  5.0413E-04
 -1.5779E+01  4.6577E-04
 -1.5767E+01  4.3785E-04
 -1.5755E+01  4.1969E-04
 -1.5743E+01  4.1013E-04
 -1.5732E+01  4.0762E-04
 -1.5720E+01  4.1028E-04
 -1.5708E+01  4.1606E-04
 -1.5696E+01  4.2286E-04
 -1.5684E+01  4.2867E-04
 -1.5672E+01  4.3170E-04
 -1.5660E+01  4.3045E-04
 -1.5648E+01  4.2386E-04
 -1.5636E+01  4.1131E-04
 -1.5624E+01  3.9272E-04
 -1.5612E+01  3.6849E-04
 -1.5601E+01  3.3952E-04
 -1.5589E+01  3.0713E-04
 -1.5577E+01  2.7296E-04
 -1.5565E+01  2.3891E-04
 -1.5553E+01  2.0695E-04
 -1.5541E+01  1.7905E-04
 -1.5529E+01  1.5702E-04
 -1.5517E+01  1.4238E-04
 -1.5505E+01  1.3631E-04
 -1.5493E+01  1.3955E-04
 -1.5481E+01  1.5236E-04
 -1.5470E+01  1.7455E-04
 -1.5458E+01  2.0546E-04
 -1.5446E+01  2.4406E-04
 -1.5434E+01  2.8904E-04
 -1.5422E+01  3.3888E-04
 -1.5410E+01  3.9203E-04
 -1.5398E+01  4.4700E-04
 -1.5386E+01  5.0255E-04
 -1.5374E+01  5.5776E-04
 -1.5362E+01  6.1217E-04
 -1.5350E+01  6.6585E-04
 -1.5339E+01  7.1948E-04
 -1.5327E+01  7.7431E-04
 -1.5315E+01  8.3213E-04
 -1.5303E+01  8.9523E-04
 -1.5291E+01  9.6622E-04
 -1.5279E+01  1.0479E-03
 -1.5267E+01  1.1432E-03
 -1.5255E+01  1.2546E-03
 -1.5243E+01  1.3844E-03
 -1.5231E+01  1.5343E-03
 -1.5219E+01  1.7052E-03
 -1.5208E+01  1.8969E-03
 -1.5196E+01  2.1084E-03
 -1.5184E+01  2.3374E-03
 -1.5172E+01  2.5804E-03
 -1.5160E+01  2.8330E-03
 -1.5148E+01  3.0897E-03
 -1.5136E+01  3.3444E-03
 -1.5124E+01  3.5902E-03
 -1.5112E+01  3.8203E-03
 -1.5100E+01  4.0277E-03
 -1.5088E+01  4.2060E-03
 -1.5077E+01  4.3494E-03
 -1.5065E+01  4.4530E-03
 -1.5053E+01  4.5131E-03
 -1.5041E+01  4.5274E-03
 -1.5029E+01  4.4950E-03
 -1.5017E+01  4.4166E-03
 -1.5005E+01  4.2941E-03
 -1.4993E+01  4.1312E-03
 -1.4981E+01  3.9326E-03
 -1.4969E+01  3.7041E-03
 -1.4957E+01  3.4526E-03
 -1.4946E+01  3.1855E-03
 -1.4934E+01  2.9104E-03
 -1.4922E+01  2.6351E-03
 -1.4910E+01  2.3669E-03
 -1.4898E+01  2.1124E-03
 -1.4886E+01  1.8772E-03
 -1.4874E+01  1.6659E-03
 -1.4862E+01  1.4815E-03
 -1.4850E+01  1.3255E-03
 -1.4838E+01  1.1982E-03
 -1.4826E+01  1.0983E-03
 -1.4815E+01  1.0234E-03
 -1.4803E+01  9.7007E-04
 -1.4791E+01  9.3403E-04
 -1.4779E+01  9.1066E-04
 -1.4767E+01  8.9516E-04
 -1.4755E+01  8.8287E-04
 -1.4743E+01  8.6955E-04
 -1.4731E+01  8.5167E-04
 -1.4719E+01  8.2656E-04
 -1.4707E+01  7.9258E-04
 -1.4695E+01  7.4921E-04
 -1.4684E+01  6.9703E-04
 -1.4672E+01  6.3769E-04
 -1.4660E+01  5.7372E-04
 -1.4648E+01  5.0841E-04
 -1.4636E+01  4.4554E-04
 -1.4624E+01  3.8914E-04
 -1.4612E+01  3.4322E-04
 -1.4600E+01  3.1152E-04
 -1.4588E+01  2.9734E-04
 -1.4576E+01  3.0330E-04
 -1.4564E+01  3.3129E-04
 -1.4553E+01  3.8240E-04
 -1.4541E+01  4.5692E-04
 -1.4529E+01  5.5446E-04
 -1.4517E+01  6.7407E-04
 -1.4505E+01  8.1447E-04
 -1.4493E+01  9.7431E-04
 -1.4481E+01  1.1524E-03
 -1.4469E+01  1.3481E-03
 -1.4457E+01  1.5615E-03
 -1.4445E+01  1.7937E-03
 -1.4433E+01  2.0469E-03
 -1.4422E+01  2.3248E-03
 -1.4410E+01  2.6322E-03
 -1.4398E+01  2.9751E-03
 -1.4386E+01  3.3608E-03
 -1.4374E+01  3.7969E-03
 -1.4362E+01  4.2915E-03
 -1.4350E+01  4.8524E-03
 -1.4338E+01  5.4866E-03
 -1.4326E+01  6.1999E-03
 -1.4314E+01  6.9956E-03
 -1.4302E+01  7.8749E-03
 -1.4291E+01  8.8355E-03
 -1.4279E+01  9.8716E-03
 -1.4267E+01  1.0974E-02
 -1.4255E+01  1.2129E-02
 -1.4243E+01  1.3320E-02
 -1.4231E+01  1.4526E-02
 -1.4219E+01  1.5726E-02
 -1.4207E+01  1.6892E-02
 -1.4195E+01  1.8000E-02
 -1.4183E+01  1.9021E-02
 -1.4171E+01  1.9931E-02
 -1.4160E+01  2.0704E-02
 -1.4148E+01  2.1317E-02
 -1.4136E+01  2.1751E-02
 -1.4124E+01  2.1990E-02
 -1.4112E+01  2.2024E-02
 -1.4100E+01  2.1848E-02
 -1.4088E+01  2.1462E-02
 -1.4076E+01  2.0872E-02
 -1.4064E+01  2.0092E-02
 -1.4052E+01  1.9142E-02
 -1.4040E+01  1.8045E-02
 -1.4029E+01  1.6833E-02
 -1.4017E+01  1.5538E-02
 -1.4005E+01  1.4197E-02
 -1.3993E+01  1.2848E-02
 -1.3981E+01  1.1528E-02
 -1.3969E+01  1.0272E-02
 -1.3957E+01  9.1134E-03
 -1.3945E+01  8.0789E-03
 -1.3933E+01  7.1910E-03
 -1.3921E+01  6.4659E-03
 -1.3909E+01  5.9128E-03
 -1.3898E+01  5.5343E-03
 -1.3886E+01  5.3260E-03
 -1.3874E+01  5.2770E-03
 -1.3862E+01  5.3704E-03
 -1.3850E+01  5.5844E-03
 -1.3838E+01  5.8932E-03
 -1.3826E+01  6.2681E-03
 -1.3814E+01  6.6793E-03
 -1.3802E+01  7.0971E-03
 -1.3790E+01  7.4938E-03
 -1.3778E+01  7.8449E-03
 -1.3767E+01  8.1303E-03
 -1.3755E+01  8.3358E-03
 -1.3743E+01  8.4534E-03
 -1.3731E+01  8.4822E-03
 -1.3719E+01  8.4284E-03
 -1.3707E+01  8.3051E-03
 -1.3695E+01  8.1317E-03
 -1.3683E+01  7.9337E-03
 -1.3671E+01  7.7411E-03
 -1.3659E+01  7.5873E-03
 -1.3647E+01  7.5079E-03
 -1.3636E+01  7.5393E-03
 -1.3624E+01  7.7164E-03
 -1.3612E+01  8.0716E-03
 -1.3600E+01  8.6330E-03
 -1.3588E+01  9.4229E-03
 -1.3576E+01  1.0457E-02
 -1.3564E+01  1.1742E-02
 -1.3552E+01  1.3279E-02
 -1.3540E+01  1.5057E-02
 -1.3528E+01  1.7058E-02
 -1.3517E+01  1.9258E-02
 -1.3505E+01  2.1623E-02
 -1.3493E+01  2.4114E-02
 -1.3481E+01  2.6687E-02
 -1.3469E+01  2.9293E-02
 -1.3457E+01  3.1880E-02
 -1.3445E+01  3.4398E-02
 -1.3433E+01  3.6793E-02
 -1.3421E+01  3.9015E-02
 -1.3409E+01  4.1017E-02
 -1.3397E+01  4.2757E-02
 -1.3386E+01  4.4198E-02
 -1.3374E+01  4.5313E-02
 -1.3362E+01  4.6082E-02
 -1.3350E+01  4.6493E-02
 -1.3338E+01  4.6545E-02
 -1.3326E+01  4.6243E-02
 -1.3314E+01  4.5604E-02
 -1.3302E+01  4.4649E-02
 -1.3290E+01  4.3405E-02
 -1.3278E+01  4.1905E-02
 -1.3266E+01  4.0185E-02
 -1.3255E+01  3.8282E-02
 -1.3243E+01  3.6233E-02
 -1.3231E+01  3.4078E-02
 -1.3219E+01  3.1852E-02
 -1.3207E+01  2.9591E-02
 -1.3195E+01  2.7327E-02
 -1.3183E+01  2.5091E-02
 -1.3171E+01  2.2908E-02
 -1.3159E+01  2.0801E-02
 -1.3147E+01  1.8789E-02
 -1.3135E+01  1.6887E-02
 -1.3124E+01  1.5107E-02
 -1.3112E+01  1.3454E-02
 -1.3100E+01  1.1933E-02
 -1.3088E+01  1.0544E-02
 -1.3076E+01  9.2830E-03
 -1.3064E+01  8.1459E-03
 -1.3052E+01  7.1255E-03
 -1.3040E+01  6.2140E-03
 -1.3028E+01  5.4025E-03
 -1.3016E+01  4.6822E-03
 -1.3004E+01  4.0443E-03
 -1.2993E+01  3.4805E-03
 -1.2981E+01  2.9831E-03
 -1.2969E+01  2.5451E-03
 -1.2957E+01  2.1603E-03
 -1.2945E+01  1.8233E-03
 -1.2933E+01  1.5294E-03
 -1.2921E+01  1.2743E-03
 -1.2909E+01  1.0546E-03
 -1.2897E+01  8.6695E-04
 -1.2885E+01  7.0847E-04
 -1.2873E+01  5.7645E-04
 -1.2862E+01  4.6836E-04
 -1.2850E+01  3.8173E-04
 -1.2838E+01  3.1421E-04
 -1.2826E+01  2.6344E-04
 -1.2814E+01  2.2719E-04
 -1.2802E+01  2.0327E-04
 -1.2790E+01  1.8963E-04
 -1.2778E+01  1.8438E-04
 -1.2766E+01  1.8581E-04
 -1.2754E+01  1.9245E-04
 -1.2742E+01  2.0309E-04
 -1.2731E+01  2.1680E-04
 -1.2719E+01  2.3295E-04
 -1.2707E+01  2.5118E-04
 -1.2695E+01  2.7137E-04
 -1.2683E+01  2.9365E-04
 -1.2671E+01  3.1830E-04
 -1.2659E+01  3.4571E-04
 -1.2647E+01  3.7633E-04
 -1.2635E+01  4.1058E-04
 -1.2623E+01  4.4881E-04
 -1.2611E+01  4.9123E-04
 -1.2600E+01  5.3785E-04
 -1.2588E+01  5.8848E-04
 -1.2576E+01  6.4269E-04
 -1.2564E+01  6.9978E-04
 -1.2552E+01  7.5884E-04
 -1.2540E+01  8.1873E-04
 -1.2528E+01  8.7815E-04
 -1.2516E+01  9.3570E-04
 -1.2504E+01  9.8990E-04
 -1.2492E+01  1.0393E-03
 -1.2480E+01  1.0826E-03
 -1.2469E+01  1.1186E-03
 -1.2457E+01  1.1462E-03
 -1.2445E+01  1.1648E-03
 -1.2433E+01  1.1739E-03
 -1.2421E+01  1.1733E-03
 -1.2409E+01  1.1631E-03
 -1.2397E+01  1.1439E-03
 -1.2385E+01  1.1160E-03
 -1.2373E+01  1.0805E-03
 -1.2361E+01  1.0383E-03
 -1.2349E+01  9.9052E-04
 -1.2338E+01  9.3827E-04
 -1.2326E+01  8.8279E-04
 -1.2314E+01  8.2526E-04
 -1.2302E+01  7.6683E-04
 -1.2290E+01  7.0853E-04
 -1.2278E+01  6.5131E-04
 -1.2266E+01  5.9596E-04
 -1.2254E+01  5.4314E-04
 -1.2242E+01  4.9333E-04
 -1.2230E+01  4.4686E-04
 -1.2218E+01  4.0392E-04
 -1.2207E+01  3.6457E-04
 -1.2195E+01  3.2872E-04
 -1.2183E+01  2.9624E-04
 -1.2171E+01  2.6690E-04
 -1.2159E+01  2.4045E-04
 -1.2147E+01  2.1661E-04
 -1.2135E+01  1.9511E-04
 -1.2123E+01  1.7571E-04
 -1.2111E+01  1.5819E-04
 -1.2099E+01  1.4234E-04
 -1.2087E+01  1.2804E-04
 -1.2076E+01  1.1515E-04
 -1.2064E+01  1.0361E-04
 -1.2052E+01  9.3355E-05
 -1.2040E+01  8.4349E-05
 -1.2028E+01  7.6572E-05
 -1.2016E+01  7.0007E-05
 -1.2004E+01  6.4645E-05
 -1.1992E+01  6.0477E-05
 -1.1980E+01  5.7496E-05
 -1.1968E+01  5.5699E-05
 -1.1956E+01  5.5087E-05
 -1.1945E+01  5.5673E-05
 -1.1933E+01  5.7482E-05
 -1.1921E+01  6.0556E-05
 -1.1909E+01  6.4959E-05
 -1.1897E+01  7.0774E-05
 -1.1885E+01  7.8108E-05
 -1.1873E+01  8.7085E-05
 -1.1861E+01  9.7847E-05
 -1.1849E+01  1.1054E-04
 -1.1837E+01  1.2533E-04
 -1.1825E+01  1.4236E-04
 -1.1814E+01  1.6177E-04
 -1.1802E+01  1.8369E-04
 -1.1790E+01  2.0820E-04
 -1.1778E+01  2.3538E-04
 -1.1766E+01  2.6526E-04
 -1.1754E+01  2.9782E-04
 -1.1742E+01  3.3304E-04
 -1.1730E+01  3.7082E-04
 -1.1718E+01  4.1105E-04
 -1.1706E+01  4.5356E-04
 -1.1694E+01  4.9816E-04
 -1.1683E+01  5.4460E-04
 -1.1671E+01  5.9262E-04
 -1.1659E+01  6.4191E-04
 -1.1647E+01  6.9213E-04
 -1.1635E+01  7.4291E-04
 -1.1623E+01  7.9385E-04
 -1.1611E+01  8.4452E-04
 -1.1599E+01  8.9449E-04
 -1.1587E+01  9.4327E-04
 -1.1575E+01  9.9039E-04
 -1.1563E+01  1.0353E-03
 -1.1552E+01  1.0775E-03
 -1.1540E+01  1.1165E-03
 -1.1528E+01  1.1516E-03
 -1.1516E+01  1.1823E-03
 -1.1504E+01  1.2079E-03
 -1.1492E+01  1.2279E-03
 -1.1480E+01  1.2416E-03
 -1.1468E+01  1.2486E-03
 -1.1456E+01  1.2482E-03
 -1.1444E+01  1.2402E-03
 -1.1432E+01  1.2243E-03
 -1.1421E+01  1.2004E-03
 -1.1409E+01  1.1685E-03
 -1.1397E+01  1.1290E-03
 -1.1385E+01  1.0823E-03
 -1.1373E+01  1.0293E-03
 -1.1361E+01  9.7079E-04
 -1.1349E+01  9.0795E-04
 -1.1337E+01  8.4198E-04
 -1.1325E+01  7.7422E-04
 -1.1313E+01  7.0603E-04
 -1.1301E+01  6.3879E-04
 -1.1290E+01  5.7377E-04
 -1.1278E+01  5.1217E-04
 -1.1266E+01  4.5503E-04
 -1.1254E+01  4.0320E-04
 -1.1242E+01  3.5730E-04
 -1.1230E+01  3.1772E-04
 -1.1218E+01  2.8461E-04
 -1.1206E+01  2.5787E-04
 -1.1194E+01  2.3717E-04
 -1.1182E+01  2.2195E-04
 -1.1170E+01  2.1151E-04
 -1.1159E+01  2.0499E-04
 -1.1147E+01  2.0149E-04
 -1.1135E+01  2.0008E-04
 -1.1123E+01  1.9989E-04
 -1.1111E+01  2.0014E-04
 -1.1099E+01  2.0024E-04
 -1.1087E+01  1.9977E-04
 -1.1075E+01  1.9856E-04
 -1.1063E+01  1.9669E-04
 -1.1051E+01  1.9448E-04
 -1.1039E+01  1.9250E-04
 -1.1028E+01  1.9152E-04
 -1.1016E+01  1.9252E-04
 -1.1004E+01  1.9658E-04
 -1.0992E+01  2.0490E-04
 -1.0980E+01  2.1870E-04
 -1.0968E+01  2.3918E-04
 -1.0956E+01  2.6751E-04
 -1.0944E+01  3.0474E-04
 -1.0932E+01  3.5181E-04
 -1.0920E+01  4.0956E-04
 -1.0908E+01  4.7870E-04
 -1.0897E+01  5.5987E-04
 -1.0885E+01  6.5367E-04
 -1.0873E+01  7.6072E-04
 -1.0861E+01  8.8170E-04
 -1.0849E+01  1.0174E-03
 -1.0837E+01  1.1689E-03
 -1.0825E+01  1.3373E-03
 -1.0813E+01  1.5241E-03
 -1.0801E+01  1.7309E-03
 -1.0789E+01  1.9595E-03
 -1.0777E+01  2.2118E-03
 -1.0766E+01  2.4899E-03
 -1.0754E+01  2.7953E-03
 -1.0742E+01  3.1299E-03
 -1.0730E+01  3.4945E-03
 -1.0718E+01  3.8899E-03
 -1.0706E+01  4.3158E-03
 -1.0694E+01  4.7710E-03
 -1.0682E+01  5.2535E-03
 -1.0670E+01  5.7598E-03
 -1.0658E+01  6.2855E-03
 -1.0646E+01  6.8246E-03
 -1.0635E+01  7.3698E-03
 -1.0623E+01  7.9128E-03
 -1.0611E+01  8.4437E-03
 -1.0599E+01  8.9519E-03
 -1.0587E+01  9.4259E-03
 -1.0575E+01  9.8539E-03
 -1.0563E+01  1.0224E-02
 -1.0551E+01  1.0525E-02
 -1.0539E+01  1.0746E-02
 -1.0527E+01  1.0878E-02
 -1.0515E+01  1.0915E-02
 -1.0504E+01  1.0853E-02
 -1.0492E+01  1.0689E-02
 -1.0480E+01  1.0427E-02
 -1.0468E+01  1.0070E-02
 -1.0456E+01  9.6276E-03
 -1.0444E+01  9.1100E-03
 -1.0432E+01  8.5311E-03
 -1.0420E+01  7.9070E-03
 -1.0408E+01  7.2553E-03
 -1.0396E+01  6.5947E-03
 -1.0384E+01  5.9447E-03
 -1.0373E+01  5.3241E-03
 -1.0361E+01  4.7514E-03
 -1.0349E+01  4.2431E-03
 -1.0337E+01  3.8137E-03
 -1.0325E+01  3.4749E-03
 -1.0313E+01  3.2348E-03
 -1.0301E+01  3.0980E-03
 -1.0289E+01  3.0649E-03
 -1.0277E+01  3.1319E-03
 -1.0265E+01  3.2914E-03
 -1.0253E+01  3.5323E-03
 -1.0242E+01  3.8406E-03
 -1.0230E+01  4.2001E-03
 -1.0218E+01  4.5931E-03
 -1.0206E+01  5.0017E-03
 -1.0194E+01  5.4086E-03
 -1.0182E+01  5.7980E-03
 -1.0170E+01  6.1571E-03
 -1.0158E+01  6.4764E-03
 -1.0146E+01  6.7507E-03
 -1.0134E+01  6.9800E-03
 -1.0122E+01  7.1695E-03
 -1.0111E+01  7.3303E-03
 -1.0099E+01  7.4789E-03
 -1.0087E+01  7.6374E-03
 -1.0075E+01  7.8322E-03
 -1.0063E+01  8.0939E-03
 -1.0051E+01  8.4556E-03
 -1.0039E+01  8.9517E-03
 -1.0027E+01  9.6166E-03
 -1.0015E+01  1.0483E-02
 -1.0003E+01  1.1581E-02
 -9.9915E+00  1.2936E-02
 -9.9796E+00  1.4566E-02
 -9.9677E+00  1.6485E-02
 -9.9558E+00  1.8695E-02
 -9.9439E+00  2.1191E-02
 -9.9319E+00  2.3959E-02
 -9.9200E+00  2.6975E-02
 -9.9081E+00  3.0202E-02
 -9.8962E+00  3.3598E-02
 -9.8843E+00  3.7110E-02
 -9.8724E+00  4.0678E-02
 -9.8605E+00  4.4238E-02
 -9.8486E+00  4.7721E-02
 -9.8367E+00  5.1058E-02
 -9.8248E+00  5.4182E-02
 -9.8129E+00  5.7028E-02
 -9.8010E+00  5.9538E-02
 -9.7890E+00  6.1660E-02
 -9.7771E+00  6.3351E-02
 -9.7652E+00  6.4579E-02
 -9.7533E+00  6.5320E-02
 -9.7414E+00  6.5561E-02
 -9.7295E+00  6.5301E-02
 -9.7176E+00  6.4548E-02
 -9.7057E+00  6.3321E-02
 -9.6938E+00  6.1646E-02
 -9.6819E+00  5.9560E-02
 -9.6700E+00  5.7109E-02
 -9.6580E+00  5.4343E-02
 -9.6461E+00  5.1320E-02
 -9.6342E+00  4.8101E-02
 -9.6223E+00  4.4747E-02
 -9.6104E+00  4.1322E-02
 -9.5985E+00  3.7885E-02
 -9.5866E+00  3.4492E-02
 -9.5747E+00  3.1195E-02
 -9.5628E+00  2.8036E-02
 -9.5509E+00  2.5050E-02
 -9.5390E+00  2.2266E-02
 -9.5271E+00  1.9702E-02
 -9.5151E+00  1.7368E-02
 -9.5032E+00  1.5269E-02
 -9.4913E+00  1.3400E-02
 -9.4794E+00  1.1754E-02
 -9.4675E+00  1.0316E-02
 -9.4556E+00  9.0698E-03
 -9.4437E+00  7.9957E-03
 -9.4318E+00  7.0730E-03
 -9.4199E+00  6.2806E-03
 -9.4080E+00  5.5978E-03
 -9.3961E+00  5.0049E-03
 -9.3841E+00  4.4846E-03
 -9.3722E+00  4.0214E-03
 -9.3603E+00  3.6028E-03
 -9.3484E+00  3.2191E-03
 -9.3365E+00  2.8630E-03
 -9.3246E+00  2.5300E-03
 -9.3127E+00  2.2179E-03
 -9.3008E+00  1.9261E-03
 -9.2889E+00  1.6556E-03
 -9.2770E+00  1.4081E-03
 -9.2651E+00  1.1858E-03
 -9.2531E+00  9.9074E-04
 -9.2412E+00  8.2479E-04
 -9.2293E+00  6.8894E-04
 -9.2174E+00  5.8331E-04
 -9.2055E+00  5.0701E-04
 -9.1936E+00  4.5812E-04
 -9.1817E+00  4.3380E-04
 -9.1698E+00  4.3044E-04
 -9.1579E+00  4.4391E-04
 -9.1460E+00  4.6985E-04
 -9.1341E+00  5.0399E-04
 -9.1222E+00  5.4241E-04
 -9.1102E+00  5.8185E-04
 -9.0983E+00  6.1988E-04
 -9.0864E+00  6.5513E-04
 -9.0745E+00  6.8733E-04
 -9.0626E+00  7.1729E-04
 -9.0507E+00  7.4688E-04
 -9.0388E+00  7.7883E-04
 -9.0269E+00  8.1653E-04
 -9.0150E+00  8.6375E-04
 -9.0031E+00  9.2431E-04
 -8.9912E+00  1.0018E-03
 -8.9792E+00  1.0992E-03
 -8.9673E+00  1.2186E-03
 -8.9554E+00  1.3610E-03
 -8.9435E+00  1.5261E-03
 -8.9316E+00  1.7121E-03
 -8.9197E+00  1.9159E-03
 -8.9078E+00  2.1331E-03
 -8.8959E+00  2.3580E-03
 -8.8840E+00  2.5839E-03
 -8.8721E+00  2.8037E-03
 -8.8602E+00  3.0096E-03
 -8.8482E+00  3.1940E-03
 -8.8363E+00  3.3498E-03
 -8.8244E+00  3.4705E-03
 -8.8125E+00  3.5508E-03
 -8.8006E+00  3.5867E-03
 -8.7887E+00  3.5761E-03
 -8.7768E+00  3.5186E-03
 -8.7649E+00  3.4159E-03
 -8.7530E+00  3.2714E-03
 -8.7411E+00  3.0905E-03
 -8.7292E+00  2.8799E-03
 -8.7173E+00  2.6476E-03
 -8.7053E+00  2.4024E-03
 -8.6934E+00  2.1531E-03
 -8.6815E+00  1.9089E-03
 -8.6696E+00  1.6779E-03
 -8.6577E+00  1.4675E-03
 -8.6458E+00  1.2838E-03
 -8.6339E+00  1.1312E-03
 -8.6220E+00  1.0125E-03
 -8.6101E+00  9.2881E-04
 -8.5982E+00  8.7917E-04
 -8.5863E+00  8.6113E-04
 -8.5743E+00  8.7070E-04
 -8.5624E+00  9.0263E-04
 -8.5505E+00  9.5076E-04
 -8.5386E+00  1.0084E-03
 -8.5267E+00  1.0687E-03
 -8.5148E+00  1.1251E-03
 -8.5029E+00  1.1717E-03
 -8.4910E+00  1.2034E-03
 -8.4791E+00  1.2166E-03
 -8.4672E+00  1.2088E-03
 -8.4553E+00  1.1792E-03
 -8.4433E+00  1.1285E-03
 -8.4314E+00  1.0586E-03
 -8.4195E+00  9.7284E-04
 -8.4076E+00  8.7531E-04
 -8.3957E+00  7.7096E-04
 -8.3838E+00  6.6506E-04
 -8.3719E+00  5.6293E-04
 -8.3600E+00  4.6961E-04
 -8.3481E+00  3.8953E-04
 -8.3362E+00  3.2625E-04
 -8.3243E+00  2.8227E-04
 -8.3124E+00  2.5885E-04
 -8.3004E+00  2.5598E-04
 -8.2885E+00  2.7244E-04
 -8.2766E+00  3.0587E-04
 -8.2647E+00  3.5301E-04
 -8.2528E+00  4.0996E-04
 -8.2409E+00  4.7247E-04
 -8.2290E+00  5.3632E-04
 -8.2171E+00  5.9760E-04
 -8.2052E+00  6.5307E-04
 -8.1933E+00  7.0039E-04
 -8.1814E+00  7.3837E-04
 -8.1694E+00  7.6711E-04
 -8.1575E+00  7.8802E-04
 -8.1456E+00  8.0383E-04
 -8.1337E+00  8.1845E-04
 -8.1218E+00  8.3674E-04
 -8.1099E+00  8.6424E-04
 -8.0980E+00  9.0680E-04
 -8.0861E+00  9.7016E-04
 -8.0742E+00  1.0596E-03
 -8.0623E+00  1.1793E-03
 -8.0504E+00  1.3325E-03
 -8.0384E+00  1.5206E-03
 -8.0265E+00  1.7431E-03
 -8.0146E+00  1.9980E-03
 -8.0027E+00  2.2808E-03
 -7.9908E+00  2.5855E-03
 -7.9789E+00  2.9043E-03
 -7.9670E+00  3.2279E-03
 -7.9551E+00  3.5459E-03
 -7.9432E+00  3.8476E-03
 -7.9313E+00  4.1219E-03
 -7.9194E+00  4.3583E-03
 -7.9075E+00  4.5473E-03
 -7.8955E+00  4.6809E-03
 -7.8836E+00  4.7533E-03
 -7.8717E+00  4.7610E-03
 -7.8598E+00  4.7031E-03
 -7.8479E+00  4.5816E-03
 -7.8360E+00  4.4010E-03
 -7.8241E+00  4.1685E-03
 -7.8122E+00  3.8931E-03
 -7.8003E+00  3.5858E-03
 -7.7884E+00  3.2584E-03
 -7.7765E+00  2.9236E-03
 -7.7645E+00  2.5936E-03
 -7.7526E+00  2.2805E-03
 -7.7407E+00  1.9947E-03
 -7.7288E+00  1.7453E-03
 -7.7169E+00  1.5393E-03
 -7.7050E+00  1.3811E-03
 -7.6931E+00  1.2728E-03
 -7.6812E+00  1.2139E-03
 -7.6693E+00  1.2011E-03
 -7.6574E+00  1.2290E-03
 -7.6455E+00  1.2901E-03
 -7.6335E+00  1.3756E-03
 -7.6216E+00  1.4754E-03
 -7.6097E+00  1.5794E-03
 -7.5978E+00  1.6775E-03
 -7.5859E+00  1.7606E-03
 -7.5740E+00  1.8207E-03
 -7.5621E+00  1.8518E-03
 -7.5502E+00  1.8499E-03
 -7.5383E+00  1.8133E-03
 -7.5264E+00  1.7424E-03
 -7.5145E+00  1.6402E-03
 -7.5026E+00  1.5114E-03
 -7.4906E+00  1.3628E-03
 -7.4787E+00  1.2024E-03
 -7.4668E+00  1.0387E-03
 -7.4549E+00  8.8108E-04
 -7.4430E+00  7.3816E-04
 -7.4311E+00  6.1791E-04
 -7.4192E+00  5.2697E-04
 -7.4073E+00  4.7024E-04
 -7.3954E+00  4.5063E-04
 -7.3835E+00  4.6895E-04
 -7.3716E+00  5.2394E-04
 -7.3596E+00  6.1241E-04
 -7.3477E+00  7.2960E-04
 -7.3358E+00  8.6960E-04
 -7.3239E+00  1.0258E-03
 -7.3120E+00  1.1916E-03
 -7.3001E+00  1.3607E-03
 -7.2882E+00  1.5280E-03
 -7.2763E+00  1.6898E-03
 -7.2644E+00  1.8445E-03
 -7.2525E+00  1.9926E-03
 -7.2406E+00  2.1371E-03
 -7.2286E+00  2.2832E-03
 -7.2167E+00  2.4383E-03
 -7.2048E+00  2.6116E-03
 -7.1929E+00  2.8133E-03
 -7.1810E+00  3.0546E-03
 -7.1691E+00  3.3459E-03
 -7.1572E+00  3.6972E-03
 -7.1453E+00  4.1162E-03
 -7.1334E+00  4.6084E-03
 -7.1215E+00  5.1758E-03
 -7.1096E+00  5.8169E-03
 -7.0977E+00  6.5259E-03
 -7.0857E+00  7.2926E-03
 -7.0738E+00  8.1026E-03
 -7.0619E+00  8.9375E-03
 -7.0500E+00  9.7756E-03
 -7.0381E+00  1.0592E-02
 -7.0262E+00  1.1361E-02
 -7.0143E+00  1.2057E-02
 -7.0024E+00  1.2653E-02
 -6.9905E+00  1.3127E-02
 -6.9786E+00  1.3459E-02
 -6.9667E+00  1.3634E-02
 -6.9547E+00  1.3644E-02
 -6.9428E+00  1.3486E-02
 -6.9309E+00  1.3162E-02
 -6.9190E+00  1.2684E-02
 -6.9071E+00  1.2068E-02
 -6.8952E+00  1.1335E-02
 -6.8833E+00  1.0514E-02
 -6.8714E+00  9.6353E-03
 -6.8595E+00  8.7321E-03
 -6.8476E+00  7.8400E-03
 -6.8357E+00  6.9939E-03
 -6.8237E+00  6.2271E-03
 -6.8118E+00  5.5698E-03
 -6.7999E+00  5.0473E-03
 -6.7880E+00  4.6789E-03
 -6.7761E+00  4.4769E-03
 -6.7642E+00  4.4459E-03
 -6.7523E+00  4.5823E-03
 -6.7404E+00  4.8748E-03
 -6.7285E+00  5.3050E-03
 -6.7166E+00  5.8481E-03
 -6.7047E+00  6.4747E-03
 -6.6928E+00  7.1518E-03
 -6.6808E+00  7.8453E-03
 -6.6689E+00  8.5212E-03
 -6.6570E+00  9.1477E-03
 -6.6451E+00  9.6973E-03
 -6.6332E+00  1.0148E-02
 -6.6213E+00  1.0485E-02
 -6.6094E+00  1.0702E-02
 -6.5975E+00  1.0803E-02
 -6.5856E+00  1.0800E-02
 -6.5737E+00  1.0715E-02
 -6.5618E+00  1.0581E-02
 -6.5498E+00  1.0436E-02
 -6.5379E+00  1.0326E-02
 -6.5260E+00  1.0302E-02
 -6.5141E+00  1.0415E-02
 -6.5022E+00  1.0717E-02
 -6.4903E+00  1.1259E-02
 -6.4784E+00  1.2084E-02
 -6.4665E+00  1.3230E-02
 -6.4546E+00  1.4727E-02
 -6.4427E+00  1.6592E-02
 -6.4308E+00  1.8833E-02
 -6.4188E+00  2.1442E-02
 -6.4069E+00  2.4401E-02
 -6.3950E+00  2.7678E-02
 -6.3831E+00  3.1226E-02
 -6.3712E+00  3.4989E-02
 -6.3593E+00  3.8903E-02
 -6.3474E+00  4.2893E-02
 -6.3355E+00  4.6882E-02
 -6.3236E+00  5.0791E-02
 -6.3117E+00  5.4543E-02
 -6.2998E+00  5.8063E-02
 -6.2879E+00  6.1283E-02
 -6.2759E+00  6.4144E-02
 -6.2640E+00  6.6594E-02
 -6.2521E+00  6.8591E-02
 -6.2402E+00  7.0104E-02
 -6.2283E+00  7.1114E-02
 -6.2164E+00  7.1608E-02
 -6.2045E+00  7.1589E-02
 -6.1926E+00  7.1065E-02
 -6.1807E+00  7.0057E-02
 -6.1688E+00  6.8595E-02
 -6.1569E+00  6.6716E-02
 -6.1449E+00  6.4465E-02
 -6.1330E+00  6.1895E-02
 -6.1211E+00  5.9060E-02
 -6.1092E+00  5.6019E-02
 -6.0973E+00  5.2830E-02
 -6.0854E+00  4.9548E-02
 -6.0735E+00  4.6225E-02
 -6.0616E+00  4.2910E-02
 -6.0497E+00  3.9643E-02
 -6.0378E+00  3.6459E-02
 -6.0259E+00  3.3385E-02
 -6.0140E+00  3.0442E-02
 -6.0020E+00  2.7646E-02
 -5.9901E+00  2.5007E-02
 -5.9782E+00  2.2531E-02
 -5.9663E+00  2.0219E-02
 -5.9544E+00  1.8073E-02
 -5.9425E+00  1.6089E-02
 -5.9306E+00  1.4262E-02
 -5.9187E+00  1.2589E-02
 -5.9068E+00  1.1063E-02
 -5.8949E+00  9.6778E-03
 -5.8830E+00  8.4255E-03
 -5.8710E+00  7.2993E-03
 -5.8591E+00  6.2918E-03
 -5.8472E+00  5.3955E-03
 -5.8353E+00  4.6031E-03
 -5.8234E+00  3.9072E-03
 -5.8115E+00  3.3007E-03
 -5.7996E+00  2.7766E-03
 -5.7877E+00  2.3278E-03
 -5.7758E+00  1.9476E-03
 -5.7639E+00  1.6292E-03
 -5.7520E+00  1.3657E-03
 -5.7400E+00  1.1507E-03
 -5.7281E+00  9.7760E-04
 -5.7162E+00  8.4019E-04
 -5.7043E+00  7.3259E-04
 -5.6924E+00  6.4937E-04
 -5.6805E+00  5.8568E-04
 -5.6686E+00  5.3734E-04
 -5.6567E+00  5.0095E-04
 -5.6448E+00  4.7390E-04
 -5.6329E+00  4.5437E-04
 -5.6210E+00  4.4132E-04
 -5.6091E+00  4.3439E-04
 -5.5971E+00  4.3375E-04
 -5.5852E+00  4.4003E-04
 -5.5733E+00  4.5411E-04
 -5.5614E+00  4.7694E-04
 -5.5495E+00  5.0943E-04
 -5.5376E+00  5.5226E-04
 -5.5257E+00  6.0577E-04
 -5.5138E+00  6.6984E-04
 -5.5019E+00  7.4390E-04
 -5.4900E+00  8.2683E-04
 -5.4781E+00  9.1706E-04
 -5.4661E+00  1.0126E-03
 -5.4542E+00  1.1113E-03
 -5.4423E+00  1.2106E-03
 -5.4304E+00  1.3080E-03
 -5.4185E+00  1.4013E-03
 -5.4066E+00  1.4881E-03
 -5.3947E+00  1.5667E-03
 -5.3828E+00  1.6356E-03
 -5.3709E+00  1.6936E-03
 -5.3590E+00  1.7402E-03
 -5.3471E+00  1.7749E-03
 -5.3351E+00  1.7980E-03
 -5.3232E+00  1.8098E-03
 -5.3113E+00  1.8111E-03
 -5.2994E+00  1.8027E-03
 -5.2875E+00  1.7855E-03
 -5.2756E+00  1.7604E-03
 -5.2637E+00  1.7285E-03
 -5.2518E+00  1.6905E-03
 -5.2399E+00  1.6469E-03
 -5.2280E+00  1.5984E-03
 -5.2161E+00  1.5450E-03
 -5.2042E+00  1.4870E-03
 -5.1922E+00  1.4243E-03
 -5.1803E+00  1.3570E-03
 -5.1684E+00  1.2853E-03
 -5.1565E+00  1.2092E-03
 -5.1446E+00  1.1295E-03
 -5.1327E+00  1.0468E-03
 -5.1208E+00  9.6235E-04
 -5.1089E+00  8.7773E-04
 -5.0970E+00  7.9482E-04
 -5.0851E+00  7.1579E-04
 -5.0732E+00  6.4293E-04
 -5.0612E+00  5.7858E-04
 -5.0493E+00  5.2490E-04
 -5.0374E+00  4.8372E-04
 -5.0255E+00  4.5638E-04
 -5.0136E+00  4.4358E-04
 -5.0017E+00  4.4531E-04
 -4.9898E+00  4.6077E-04
 -4.9779E+00  4.8839E-04
 -4.9660E+00  5.2587E-04
 -4.9541E+00  5.7031E-04
 -4.9422E+00  6.1830E-04
 -4.9302E+00  6.6617E-04
 -4.9183E+00  7.1018E-04
 -4.9064E+00  7.4672E-04
 -4.8945E+00  7.7265E-04
 -4.8826E+00  7.8542E-04
 -4.8707E+00  7.8341E-04
 -4.8588E+00  7.6601E-04
 -4.8469E+00  7.3379E-04
 -4.8350E+00  6.8852E-04
 -4.8231E+00  6.3309E-04
 -4.8112E+00  5.7140E-04
 -4.7993E+00  5.0815E-04
 -4.7873E+00  4.4852E-04
 -4.7754E+00  3.9787E-04
 -4.7635E+00  3.6139E-04
 -4.7516E+00  3.4379E-04
 -4.7397E+00  3.4894E-04
 -4.7278E+00  3.7969E-04
 -4.7159E+00  4.3759E-04
 -4.7040E+00  5.2279E-04
 -4.6921E+00  6.3406E-04
 -4.6802E+00  7.6876E-04
 -4.6683E+00  9.2308E-04
 -4.6563E+00  1.0923E-03
 -4.6444E+00  1.2713E-03
 -4.6325E+00  1.4546E-03
 -4.6206E+00  1.6376E-03
 -4.6087E+00  1.8162E-03
 -4.5968E+00  1.9883E-03
 -4.5849E+00  2.1532E-03
 -4.5730E+00  2.3125E-03
 -4.5611E+00  2.4702E-03
 -4.5492E+00  2.6323E-03
 -4.5373E+00  2.8070E-03
 -4.5253E+00  3.0041E-03
 -4.5134E+00  3.2344E-03
 -4.5015E+00  3.5093E-03
 -4.4896E+00  3.8397E-03
 -4.4777E+00  4.2355E-03
 -4.4658E+00  4.7041E-03
 -4.4539E+00  5.2504E-03
 -4.4420E+00  5.8753E-03
 -4.4301E+00  6.5755E-03
 -4.4182E+00  7.3432E-03
 -4.4063E+00  8.1659E-03
 -4.3944E+00  9.0267E-03
 -4.3824E+00  9.9051E-03
 -4.3705E+00  1.0777E-02
 -4.3586E+00  1.1618E-02
 -4.3467E+00  1.2400E-02
 -4.3348E+00  1.3097E-02
 -4.3229E+00  1.3684E-02
 -4.3110E+00  1.4137E-02
 -4.2991E+00  1.4436E-02
 -4.2872E+00  1.4567E-02
 -4.2753E+00  1.4518E-02
 -4.2634E+00  1.4287E-02
 -4.2514E+00  1.3877E-02
 -4.2395E+00  1.3299E-02
 -4.2276E+00  1.2571E-02
 -4.2157E+00  1.1720E-02
 -4.2038E+00  1.0776E-02
 -4.1919E+00  9.7771E-03
 -4.1800E+00  8.7623E-03
 -4.1681E+00  7.7722E-03
 -4.1562E+00  6.8455E-03
 -4.1443E+00  6.0177E-03
 -4.1324E+00  5.3188E-03
 -4.1204E+00  4.7719E-03
 -4.1085E+00  4.3920E-03
 -4.0966E+00  4.1858E-03
 -4.0847E+00  4.1509E-03
 -4.0728E+00  4.2763E-03
 -4.0609E+00  4.5426E-03
 -4.0490E+00  4.9233E-03
 -4.0371E+00  5.3857E-03
 -4.0252E+00  5.8928E-03
 -4.0133E+00  6.4051E-03
 -4.0014E+00  6.8834E-03
 -3.9895E+00  7.2907E-03
 -3.9775E+00  7.5946E-03
 -3.9656E+00  7.7700E-03
 -3.9537E+00  7.7998E-03
 -3.9418E+00  7.6768E-03
 -3.9299E+00  7.4035E-03
 -3.9180E+00  6.9921E-03
 -3.9061E+00  6.4635E-03
 -3.8942E+00  5.8462E-03
 -3.8823E+00  5.1745E-03
 -3.8704E+00  4.4867E-03
 -3.8585E+00  3.8229E-03
 -3.8465E+00  3.2228E-03
 -3.8346E+00  2.7239E-03
 -3.8227E+00  2.3586E-03
 -3.8108E+00  2.1528E-03
 -3.7989E+00  2.1240E-03
 -3.7870E+00  2.2803E-03
 -3.7751E+00  2.6201E-03
 -3.7632E+00  3.1323E-03
 -3.7513E+00  3.7974E-03
 -3.7394E+00  4.5901E-03
 -3.7275E+00  5.4809E-03
 -3.7155E+00  6.4398E-03
 -3.7036E+00  7.4383E-03
 -3.6917E+00  8.4530E-03
 -3.6798E+00  9.4676E-03
 -3.6679E+00  1.0475E-02
 -3.6560E+00  1.1478E-02
 -3.6441E+00  1.2493E-02
 -3.6322E+00  1.3545E-02
 -3.6203E+00  1.4672E-02
 -3.6084E+00  1.5921E-02
 -3.5965E+00  1.7345E-02
 -3.5846E+00  1.9002E-02
 -3.5726E+00  2.0947E-02
 -3.5607E+00  2.3235E-02
 -3.5488E+00  2.5910E-02
 -3.5369E+00  2.9005E-02
 -3.5250E+00  3.2535E-02
 -3.5131E+00  3.6499E-02
 -3.5012E+00  4.0874E-02
 -3.4893E+00  4.5611E-02
 -3.4774E+00  5.0641E-02
 -3.4655E+00  5.5866E-02
 -3.4536E+00  6.1167E-02
 -3.4416E+00  6.6401E-02
 -3.4297E+00  7.1408E-02
 -3.4178E+00  7.6016E-02
 -3.4059E+00  8.0049E-02
 -3.3940E+00  8.3339E-02
 -3.3821E+00  8.5736E-02
 -3.3702E+00  8.7121E-02
 -3.3583E+00  8.7414E-02
 -3.3464E+00  8.6583E-02
 -3.3345E+00  8.4647E-02
 -3.3226E+00  8.1676E-02
 -3.3106E+00  7.7788E-02
 -3.2987E+00  7.3142E-02
 -3.2868E+00  6.7932E-02
 -3.2749E+00  6.2378E-02
 -3.2630E+00  5.6719E-02
 -3.2511E+00  5.1203E-02
 -3.2392E+00  4.6080E-02
 -3.2273E+00  4.1595E-02
 -3.2154E+00  3.7975E-02
 -3.2035E+00  3.5419E-02
 -3.1916E+00  3.4088E-02
 -3.1797E+00  3.4093E-02
 -3.1677E+00  3.5485E-02
 -3.1558E+00  3.8251E-02
 -3.1439E+00  4.2313E-02
 -3.1320E+00  4.7533E-02
 -3.1201E+00  5.3721E-02
 -3.1082E+00  6.0650E-02
 -3.0963E+00  6.8069E-02
 -3.0844E+00  7.5721E-02
 -3.0725E+00  8.3352E-02
 -3.0606E+00  9.0734E-02
 -3.0487E+00  9.7670E-02
 -3.0367E+00  1.0401E-01
 -3.0248E+00  1.0967E-01
 -3.0129E+00  1.1464E-01
 -3.0010E+00  1.1900E-01
 -2.9891E+00  1.2291E-01
 -2.9772E+00  1.2667E-01
 -2.9653E+00  1.3064E-01
 -2.9534E+00  1.3532E-01
 -2.9415E+00  1.4127E-01
 -2.9296E+00  1.4912E-01
 -2.9177E+00  1.5952E-01
 -2.9058E+00  1.7317E-01
 -2.8938E+00  1.9073E-01
 -2.8819E+00  2.1283E-01
 -2.8700E+00  2.4006E-01
 -2.8581E+00  2.7289E-01
 -2.8462E+00  3.1169E-01
 -2.8343E+00  3.5664E-01
 -2.8224E+00  4.0776E-01
 -2.8105E+00  4.6479E-01
 -2.7986E+00  5.2727E-01
 -2.7867E+00  5.9444E-01
 -2.7748E+00  6.6535E-01
 -2.7628E+00  7.3886E-01
 -2.7509E+00  8.1373E-01
 -2.7390E+00  8.8870E-01
 -2.7271E+00  9.6256E-01
 -2.7152E+00  1.0342E+00
 -2.7033E+00  1.1026E+00
 -2.6914E+00  1.1668E+00
 -2.6795E+00  1.2259E+00
 -2.6676E+00  1.2791E+00
 -2.6557E+00  1.3254E+00
 -2.6438E+00  1.3636E+00
 -2.6318E+00  1.3928E+00
 -2.6199E+00  1.4119E+00
 -2.6080E+00  1.4197E+00
 -2.5961E+00  1.4158E+00
 -2.5842E+00  1.3996E+00
 -2.5723E+00  1.3712E+00
 -2.5604E+00  1.3315E+00
 -2.5485E+00  1.2819E+00
 -2.5366E+00  1.2243E+00
 -2.5247E+00  1.1606E+00
 -2.5128E+00  1.0925E+00
 -2.5009E+00  1.0218E+00
 -2.4889E+00  9.4970E-01
 -2.4770E+00  8.7722E-01
 -2.4651E+00  8.0514E-01
 -2.4532E+00  7.3404E-01
 -2.4413E+00  6.6444E-01
 -2.4294E+00  5.9692E-01
 -2.4175E+00  5.3206E-01
 -2.4056E+00  4.7052E-01
 -2.3937E+00  4.1315E-01
 -2.3818E+00  3.6076E-01
 -2.3699E+00  3.1385E-01
 -2.3579E+00  2.7259E-01
 -2.3460E+00  2.3688E-01
 -2.3341E+00  2.0634E-01
 -2.3222E+00  1.8045E-01
 -2.3103E+00  1.5857E-01
 -2.2984E+00  1.4006E-01
 -2.2865E+00  1.2435E-01
 -2.2746E+00  1.1093E-01
 -2.2627E+00  9.9383E-02
 -2.2508E+00  8.9375E-02
 -2.2389E+00  8.0627E-02
 -2.2269E+00  7.2895E-02
 -2.2150E+00  6.5958E-02
 -2.2031E+00  5.9620E-02
 -2.1912E+00  5.3722E-02
 -2.1793E+00  4.8148E-02
 -2.1674E+00  4.2832E-02
 -2.1555E+00  3.7753E-02
 -2.1436E+00  3.2964E-02
 -2.1317E+00  2.8546E-02
 -2.1198E+00  2.4542E-02
 -2.1079E+00  2.0973E-02
 -2.0960E+00  1.7851E-02
 -2.0840E+00  1.5171E-02
 -2.0721E+00  1.2916E-02
 -2.0602E+00  1.1062E-02
 -2.0483E+00  9.5844E-03
 -2.0364E+00  8.4633E-03
 -2.0245E+00  7.6811E-03
 -2.0126E+00  7.2172E-03
 -2.0007E+00  7.0396E-03
 -1.9888E+00  7.0997E-03
 -1.9769E+00  7.3298E-03
 -1.9650E+00  7.6513E-03
 -1.9530E+00  7.9476E-03
 -1.9411E+00  8.1165E-03
 -1.9292E+00  8.1381E-03
 -1.9173E+00  8.0507E-03
 -1.9054E+00  7.9331E-03
 -1.8935E+00  7.8228E-03
 -1.8816E+00  7.6823E-03
 -1.8697E+00  7.4066E-03
 -1.8578E+00  6.8537E-03
 -1.8459E+00  6.0469E-03
 -1.8340E+00  8.2331E-03
 -1.8220E+00  7.7823E-03
 -1.8101E+00  1.5991E-02
 -1.7982E+00  4.5502E-03
 -1.7863E+00  3.5356E-03
 -1.7744E+00  9.0910E-03
 -1.7625E+00  4.0469E-02
 -1.7506E+00  1.0465E-02
 -1.7387E+00  7.8069E-03
 -1.7268E+00  6.2615E-03
 -1.7149E+00  3.9296E-03
 -1.7030E+00  6.9179E-03
 -1.6911E+00  3.1124E-02
 -1.6791E+00  7.7404E-02
 -1.6672E+00  1.5249E-02
 -1.6553E+00  6.3951E-03
 -1.6434E+00  4.3999E-03
 -1.6315E+00  7.5188E-03
 -1.6196E+00  1.0819E-02
 -1.6077E+00  5.4925E-03
 -1.5958E+00  5.2220E-03
 -1.5839E+00  6.3195E-03
 -1.5720E+00  8.7410E-03
 -1.5601E+00  1.3474E-02
 -1.5481E+00  2.9380E-02
 -1.5362E+00  1.2379E-01
 -1.5243E+00  1.8103E-02
 -1.5124E+00  3.6391E-03
 -1.5005E+00  1.8478E-03
 -1.4886E+00  2.4330E-03
 -1.4767E+00  7.2745E-03
 -1.4648E+00  1.8795E-02
 -1.4529E+00  2.2001E-03
 -1.4410E+00  8.2637E-04
 -1.4291E+00  4.6497E-04
 -1.4171E+00  3.4525E-04
 -1.4052E+00  2.9525E-04
 -1.3933E+00  2.7105E-04
 -1.3814E+00  2.5839E-04
 -1.3695E+00  2.5111E-04
 -1.3576E+00  2.4621E-04
 -1.3457E+00  2.4213E-04
 -1.3338E+00  2.3806E-04
 -1.3219E+00  2.3363E-04
 -1.3100E+00  2.2873E-04
 -1.2981E+00  2.2343E-04
 -1.2862E+00  2.1787E-04
 -1.2742E+00  2.1230E-04
 -1.2623E+00  2.0701E-04
 -1.2504E+00  2.0233E-04
 -1.2385E+00  1.9868E-04
 -1.2266E+00  1.9660E-04
 -1.2147E+00  1.9700E-04
 -1.2028E+00  2.0033E-04
 -1.1909E+00  2.0995E-04
 -1.1790E+00  2.3264E-04
 -1.1671E+00  2.9584E-04
 -1.1552E+00  7.4143E-04
 -1.1432E+00  3.6071E-03
 -1.1313E+00  6.2852E-03
 -1.1194E+00  5.7496E-03
 -1.1075E+00  2.6775E-03
 -1.0956E+00  6.5602E-03
 -1.0837E+00  7.2384E-02
 -1.0718E+00  4.5581E-02
 -1.0599E+00  2.5998E-02
 -1.0480E+00  2.0234E-02
 -1.0361E+00  3.9459E-02
 -1.0242E+00  3.1304E-03
 -1.0122E+00  6.0557E-04
 -1.0003E+00  5.3358E-04
 -9.8843E-01  8.3880E-04
 -9.7652E-01  3.2663E-04
 -9.6461E-01  3.8808E-04
 -9.5271E-01  1.5237E-03
 -9.4080E-01  2.0220E-04
 -9.2889E-01  7.7549E-05
 -9.1698E-01  7.4332E-05
 -9.0507E-01  7.6226E-05
 -8.9316E-01  8.0903E-05
 -8.8125E-01  1.0583E-04
 -8.6934E-01  3.4395E-04
 -8.5743E-01  5.6462E-04
 -8.4553E-01  1.4730E-04
 -8.3362E-01  1.1545E-04
 -8.2171E-01  1.1550E-04
 -8.0980E-01  1.3596E-04
 -7.9789E-01  1.1536E-04
 -7.8598E-01  1.1003E-04
 -7.7407E-01  1.1675E-04
 -7.6216E-01  7.3621E-04
 -7.5026E-01  1.1964E-04
 -7.3835E-01  1.3047E-04
 -7.2644E-01  1.5743E-04
 -7.1453E-01  9.7608E-05
 -7.0262E-01  1.2842E-04
 -6.9071E-01  7.8997E-05
 -6.7880E-01  7.7764E-05
 -6.6689E-01  7.6496E-05
 -6.5498E-01  8.6899E-05
 -6.4308E-01  8.4533E-05
 -6.3117E-01  1.0279E-04
 -6.1926E-01  7.0570E-05
 -6.0735E-01  1.4316E-04
 -5.9544E-01  4.3969E-05
 -5.8353E-01  6.3258E-04
 -5.7162E-01  2.8332E-05
 -5.5971E-01  4.5470E-05
 -5.4781E-01  2.3200E-05
 -5.3590E-01  2.2680E-05
 -5.2399E-01  7.0406E-05
 -5.1208E-01  2.8366E-05
 -5.0017E-01  4.3849E-05
 -4.8826E-01  7.3781E-05
 -4.7635E-01  3.8933E-05
 -4.6444E-01  5.5163E-05
 -4.5253E-01  9.3494E-05
 -4.4063E-01  4.0963E-05
 -4.2872E-01  4.1476E-05
 -4.1681E-01  5.1140E-04
 -4.0490E-01  3.7266E-05
 -3.9299E-01  3.5021E-05
 -3.8108E-01  3.5830E-05
 -3.6917E-01  1.1469E-04
 -3.5726E-01  3.2393E-05
 -3.4536E-01  2.8251E-05
 -3.3345E-01  3.0658E-05
 -3.2154E-01  3.2401E-04
 -3.0963E-01  4.0246E-05
 -2.9772E-01  2.0744E-05
 -2.8581E-01  1.7127E-05
 -2.7390E-01  1.7390E-05
 -2.6199E-01  3.5012E-05
 -2.5009E-01  4.2050E-05
 -2.3818E-01  1.7733E-05
 -2.2627E-01  1.8376E-05
 -2.1436E-01  2.0923E-05
 -2.0245E-01  2.4387E-05
 -1.9054E-01  2.8963E-05
 -1.7863E-01  3.8697E-05
 -1.6672E-01  4.1262E-04
 -1.5481E-01  4.9216E-05
 -1.4291E-01  4.5565E-05
 -1.3100E-01  4.7405E-05
 -1.1909E-01  4.9851E-05
 -1.0718E-01  5.2263E-05
 -9.5271E-02  5.4528E-05
 -8.3362E-02  5.6697E-05
 -7.1453E-02  5.8912E-05
 -5.9544E-02  6.1363E-05
 -4.7635E-02  6.4253E-05
 -3.5726E-02  6.7738E-05
 -2.3818E-02  7.1864E-05
 -1.1909E-02  7.6534E-05
  0.0000E+00  8.1555E-05
  1.1909E-02  8.6756E-05
  2.3818E-02  9.2113E-05
  3.5726E-02  9.7767E-05
  4.7635E-02  1.0394E-04
  5.9544E-02  1.1082E-04
  7.1453E-02  1.1847E-04
  8.3362E-02  1.2680E-04
  9.5271E-02  1.3560E-04
  1.0718E-01  1.4461E-04
  1.1909E-01  1.5354E-04
  1.3100E-01  1.6232E-04
  1.4291E-01  1.7194E-04
  1.5481E-01  1.9416E-04
  1.6672E-01  1.3792E-03
  1.7863E-01  2.1974E-04
  1.9054E-01  1.9460E-04
  2.0245E-01  1.8798E-04
  2.1436E-01  1.8375E-04
  2.2627E-01  1.8227E-04
  2.3818E-01  1.9789E-04
  2.5009E-01  5.7094E-04
  2.6199E-01  4.4973E-04
  2.7390E-01  1.8142E-04
  2.8581E-01  1.4718E-04
  2.9772E-01  1.4351E-04
  3.0963E-01  2.4689E-04
  3.2154E-01  2.5098E-03
  3.3345E-01  1.6649E-04
  3.4536E-01  1.1256E-04
  3.5726E-01  1.3058E-04
  3.6917E-01  1.6782E-03
  3.8108E-01  1.9492E-04
  3.9299E-01  1.0943E-04
  4.0490E-01  1.2898E-04
  4.1681E-01  7.5157E-03
  4.2872E-01  1.3896E-04
  4.4063E-01  1.3065E-04
  4.5253E-01  2.2010E-04
  4.6444E-01  1.6611E-04
  4.7635E-01  1.6238E-04
  4.8826E-01  1.9938E-04
  5.0017E-01  1.9286E-04
  5.1208E-01  1.9615E-04
  5.2399E-01  3.9801E-04
  5.3590E-01  2.1405E-04
  5.4781E-01  2.1788E-04
  5.5971E-01  2.6135E-04
  5.7162E-01  2.1563E-04
  5.8353E-01  2.7076E-04
  5.9544E-01  2.1591E-04
  6.0735E-01  2.2529E-04
  6.1926E-01  2.2829E-04
  6.3117E-01  2.6871E-04
  6.4308E-01  2.7808E-04
  6.5498E-01  3.5657E-04
  6.6689E-01  3.5873E-04
  6.7880E-01  5.4227E-04
  6.9071E-01  4.4693E-04
  7.0262E-01  1.7537E-03
  7.1453E-01  5.6873E-04
  7.2644E-01  7.4290E-04
  7.3835E-01  7.5134E-04
  7.5026E-01  8.7370E-04
  7.6216E-01  1.7080E-03
  7.7407E-01  1.2256E-03
  7.8598E-01  1.3925E-03
  7.9789E-01  2.1774E-03
  8.0980E-01  2.1196E-03
  8.2171E-01  1.9423E-03
  8.3362E-01  2.1120E-03
  8.4553E-01  2.3060E-03
  8.5743E-01  3.9918E-03
  8.6934E-01  7.7745E-03
  8.8125E-01  5.5076E-03
  8.9316E-01  5.4966E-03
  9.0507E-01  5.8051E-03
  9.1698E-01  6.1435E-03
  9.2889E-01  6.5106E-03
  9.4080E-01  7.8559E-03
  9.5271E-01  1.1346E-02
  9.6461E-01  6.6342E-03
  9.7652E-01  8.0770E-03
  9.8843E-01  2.7357E-02
  1.0003E+00  3.1950E-02
  1.0122E+00  1.6862E-02
  1.0242E+00  1.8039E-02
  1.0361E+00  1.3477E-02
  1.0480E+00  1.0915E-02
  1.0599E+00  1.8095E-02
  1.0718E+00  2.9114E-02
  1.0837E+00  2.8034E-02
  1.0956E+00  2.9281E-02
  1.1075E+00  1.7464E-01
  1.1194E+00  6.5771E-02
  1.1313E+00  3.9126E-01
  1.1432E+00  2.2284E-01
  1.1552E+00  7.3087E-03
  1.1671E+00  2.0712E-03
  1.1790E+00  1.3871E-03
  1.1909E+00  1.1789E-03
  1.2028E+00  1.0849E-03
  1.2147E+00  1.0278E-03
  1.2266E+00  9.8534E-04
  1.2385E+00  9.5057E-04
  1.2504E+00  9.2152E-04
  1.2623E+00  8.9796E-04
  1.2742E+00  8.7622E-04
  1.2862E+00  8.5937E-04
  1.2981E+00  8.4780E-04
  1.3100E+00  8.4117E-04
  1.3219E+00  8.3950E-04
  1.3338E+00  8.4321E-04
  1.3457E+00  8.5276E-04
  1.3576E+00  8.6909E-04
  1.3695E+00  8.9373E-04
  1.3814E+00  9.2946E-04
  1.3933E+00  9.8163E-04
  1.4052E+00  1.0622E-03
  1.4171E+00  1.2067E-03
  1.4291E+00  1.5976E-03
  1.4410E+00  5.3669E-03
  1.4529E+00  4.4675E-03
  1.4648E+00  2.7901E-03
  1.4767E+00  3.7542E-03
  1.4886E+00  8.1887E-03
  1.5005E+00  4.7890E-02
  1.5124E+00  1.2439E-02
  1.5243E+00  4.4112E-03
  1.5362E+00  7.1612E-03
  1.5481E+00  7.9783E-03
  1.5601E+00  1.3182E-02
  1.5720E+00  6.6609E-02
  1.5839E+00  3.5014E-02
  1.5958E+00  6.5349E-03
  1.6077E+00  1.0911E-02
  1.6196E+00  1.2349E-02
  1.6315E+00  3.7371E-03
  1.6434E+00  4.0570E-03
  1.6553E+00  1.7549E-02
  1.6672E+00  9.4904E-03
  1.6791E+00  3.5253E-03
  1.6911E+00  3.0199E-03
  1.7030E+00  7.0179E-03
  1.7149E+00  2.1987E-02
  1.7268E+00  6.8015E-03
  1.7387E+00  1.3512E-02
  1.7506E+00  3.4287E-02
  1.7625E+00  7.6503E-03
  1.7744E+00  5.5076E-03
  1.7863E+00  8.4225E-03
  1.7982E+00  1.7572E-02
  1.8101E+00  2.2115E-02
  1.8220E+00  5.1216E-02
  1.8340E+00  1.4699E-02
  1.8459E+00  1.8162E-02
  1.8578E+00  2.2429E-02
  1.8697E+00  2.6079E-02
  1.8816E+00  2.8561E-02
  1.8935E+00  2.9574E-02
  1.9054E+00  2.9419E-02
  1.9173E+00  2.8631E-02
  1.9292E+00  2.7621E-02
  1.9411E+00  2.6587E-02
  1.9530E+00  2.5570E-02
  1.9650E+00  2.4522E-02
  1.9769E+00  2.3371E-02
  1.9888E+00  2.2054E-02
  2.0007E+00  2.0549E-02
  2.0126E+00  1.8876E-02
  2.0245E+00  1.7086E-02
  2.0364E+00  1.5253E-02
  2.0483E+00  1.3452E-02
  2.0602E+00  1.1750E-02
  2.0721E+00  1.0207E-02
  2.0840E+00  8.8641E-03
  2.0960E+00  7.7540E-03
  2.1079E+00  6.8943E-03
  2.1198E+00  6.2908E-03
  2.1317E+00  5.9380E-03
  2.1436E+00  5.8199E-03
  2.1555E+00  5.9106E-03
  2.1674E+00  6.1757E-03
  2.1793E+00  6.5724E-03
  2.1912E+00  7.0526E-03
  2.2031E+00  7.5650E-03
  2.2150E+00  8.0592E-03
  2.2269E+00  8.4904E-03
  2.2389E+00  8.8220E-03
  2.2508E+00  9.0279E-03
  2.2627E+00  9.0931E-03
  2.2746E+00  9.0121E-03
  2.2865E+00  8.7877E-03
  2.2984E+00  8.4289E-03
  2.3103E+00  7.9496E-03
  2.3222E+00  7.3682E-03
  2.3341E+00  6.7074E-03
  2.3460E+00  5.9940E-03
  2.3579E+00  5.2587E-03
  2.3699E+00  4.5348E-03
  2.3818E+00  3.8565E-03
  2.3937E+00  3.2562E-03
  2.4056E+00  2.7616E-03
  2.4175E+00  2.3930E-03
  2.4294E+00  2.1620E-03
  2.4413E+00  2.0706E-03
  2.4532E+00  2.1122E-03
  2.4651E+00  2.2725E-03
  2.4770E+00  2.5315E-03
  2.4889E+00  2.8647E-03
  2.5009E+00  3.2448E-03
  2.5128E+00  3.6432E-03
  2.5247E+00  4.0310E-03
  2.5366E+00  4.3817E-03
  2.5485E+00  4.6731E-03
  2.5604E+00  4.8889E-03
  2.5723E+00  5.0216E-03
  2.5842E+00  5.0729E-03
  2.5961E+00  5.0549E-03
  2.6080E+00  4.9882E-03
  2.6199E+00  4.9004E-03
  2.6318E+00  4.8245E-03
  2.6438E+00  4.7965E-03
  2.6557E+00  4.8535E-03
  2.6676E+00  5.0313E-03
  2.6795E+00  5.3621E-03
  2.6914E+00  5.8720E-03
  2.7033E+00  6.5789E-03
  2.7152E+00  7.4902E-03
  2.7271E+00  8.6009E-03
  2.7390E+00  9.8929E-03
  2.7509E+00  1.1335E-02
  2.7628E+00  1.2884E-02
  2.7748E+00  1.4488E-02
  2.7867E+00  1.6090E-02
  2.7986E+00  1.7629E-02
  2.8105E+00  1.9050E-02
  2.8224E+00  2.0299E-02
  2.8343E+00  2.1329E-02
  2.8462E+00  2.2104E-02
  2.8581E+00  2.2593E-02
  2.8700E+00  2.2776E-02
  2.8819E+00  2.2644E-02
  2.8938E+00  2.2197E-02
  2.9058E+00  2.1447E-02
  2.9177E+00  2.0419E-02
  2.9296E+00  1.9150E-02
  2.9415E+00  1.7691E-02
  2.9534E+00  1.6101E-02
  2.9653E+00  1.4450E-02
  2.9772E+00  1.2808E-02
  2.9891E+00  1.1246E-02
  3.0010E+00  9.8313E-03
  3.0129E+00  8.6196E-03
  3.0248E+00  7.6554E-03
  3.0367E+00  6.9688E-03
  3.0487E+00  6.5745E-03
  3.0606E+00  6.4717E-03
  3.0725E+00  6.6448E-03
  3.0844E+00  7.0640E-03
  3.0963E+00  7.6873E-03
  3.1082E+00  8.4622E-03
  3.1201E+00  9.3284E-03
  3.1320E+00  1.0221E-02
  3.1439E+00  1.1075E-02
  3.1558E+00  1.1827E-02
  3.1677E+00  1.2424E-02
  3.1797E+00  1.2824E-02
  3.1916E+00  1.2996E-02
  3.2035E+00  1.2930E-02
  3.2154E+00  1.2628E-02
  3.2273E+00  1.2110E-02
  3.2392E+00  1.1407E-02
  3.2511E+00  1.0563E-02
  3.2630E+00  9.6299E-03
  3.2749E+00  8.6635E-03
  3.2868E+00  7.7226E-03
  3.2987E+00  6.8649E-03
  3.3106E+00  6.1440E-03
  3.3226E+00  5.6065E-03
  3.3345E+00  5.2891E-03
  3.3464E+00  5.2161E-03
  3.3583E+00  5.3980E-03
  3.3702E+00  5.8302E-03
  3.3821E+00  6.4935E-03
  3.3940E+00  7.3557E-03
  3.4059E+00  8.3736E-03
  3.4178E+00  9.4963E-03
  3.4297E+00  1.0669E-02
  3.4416E+00  1.1834E-02
  3.4536E+00  1.2940E-02
  3.4655E+00  1.3938E-02
  3.4774E+00  1.4788E-02
  3.4893E+00  1.5461E-02
  3.5012E+00  1.5938E-02
  3.5131E+00  1.6215E-02
  3.5250E+00  1.6301E-02
  3.5369E+00  1.6219E-02
  3.5488E+00  1.6004E-02
  3.5607E+00  1.5702E-02
  3.5726E+00  1.5368E-02
  3.5846E+00  1.5060E-02
  3.5965E+00  1.4840E-02
  3.6084E+00  1.4763E-02
  3.6203E+00  1.4878E-02
  3.6322E+00  1.5225E-02
  3.6441E+00  1.5827E-02
  3.6560E+00  1.6693E-02
  3.6679E+00  1.7815E-02
  3.6798E+00  1.9167E-02
  3.6917E+00  2.0705E-02
  3.7036E+00  2.2372E-02
  3.7155E+00  2.4095E-02
  3.7275E+00  2.5792E-02
  3.7394E+00  2.7375E-02
  3.7513E+00  2.8757E-02
  3.7632E+00  2.9855E-02
  3.7751E+00  3.0598E-02
  3.7870E+00  3.0931E-02
  3.7989E+00  3.0821E-02
  3.8108E+00  3.0259E-02
  3.8227E+00  2.9261E-02
  3.8346E+00  2.7867E-02
  3.8465E+00  2.6141E-02
  3.8585E+00  2.4165E-02
  3.8704E+00  2.2038E-02
  3.8823E+00  1.9869E-02
  3.8942E+00  1.7772E-02
  3.9061E+00  1.5862E-02
  3.9180E+00  1.4247E-02
  3.9299E+00  1.3026E-02
  3.9418E+00  1.2281E-02
  3.9537E+00  1.2073E-02
  3.9656E+00  1.2437E-02
  3.9775E+00  1.3382E-02
  3.9895E+00  1.4887E-02
  4.0014E+00  1.6905E-02
  4.0133E+00  1.9362E-02
  4.0252E+00  2.2168E-02
  4.0371E+00  2.5215E-02
  4.0490E+00  2.8391E-02
  4.0609E+00  3.1584E-02
  4.0728E+00  3.4692E-02
  4.0847E+00  3.7627E-02
  4.0966E+00  4.0325E-02
  4.1085E+00  4.2748E-02
  4.1204E+00  4.4894E-02
  4.1324E+00  4.6796E-02
  4.1443E+00  4.8529E-02
  4.1562E+00  5.0207E-02
  4.1681E+00  5.1982E-02
  4.1800E+00  5.4044E-02
  4.1919E+00  5.6608E-02
  4.2038E+00  5.9913E-02
  4.2157E+00  6.4207E-02
  4.2276E+00  6.9737E-02
  4.2395E+00  7.6742E-02
  4.2514E+00  8.5436E-02
  4.2634E+00  9.6007E-02
  4.2753E+00  1.0860E-01
  4.2872E+00  1.2330E-01
  4.2991E+00  1.4017E-01
  4.3110E+00  1.5917E-01
  4.3229E+00  1.8021E-01
  4.3348E+00  2.0313E-01
  4.3467E+00  2.2768E-01
  4.3586E+00  2.5354E-01
  4.3705E+00  2.8031E-01
  4.3824E+00  3.0752E-01
  4.3944E+00  3.3467E-01
  4.4063E+00  3.6122E-01
  4.4182E+00  3.8661E-01
  4.4301E+00  4.1030E-01
  4.4420E+00  4.3180E-01
  4.4539E+00  4.5067E-01
  4.4658E+00  4.6651E-01
  4.4777E+00  4.7905E-01
  4.4896E+00  4.8806E-01
  4.5015E+00  4.9339E-01
  4.5134E+00  4.9500E-01
  4.5253E+00  4.9288E-01
  4.5373E+00  4.8711E-01
  4.5492E+00  4.7782E-01
  4.5611E+00  4.6523E-01
  4.5730E+00  4.4957E-01
  4.5849E+00  4.3118E-01
  4.5968E+00  4.1040E-01
  4.6087E+00  3.8766E-01
  4.6206E+00  3.6339E-01
  4.6325E+00  3.3807E-01
  4.6444E+00  3.1216E-01
  4.6563E+00  2.8613E-01
  4.6683E+00  2.6041E-01
  4.6802E+00  2.3539E-01
  4.6921E+00  2.1141E-01
  4.7040E+00  1.8873E-01
  4.7159E+00  1.6757E-01
  4.7278E+00  1.4808E-01
  4.7397E+00  1.3033E-01
  4.7516E+00  1.1436E-01
  4.7635E+00  1.0015E-01
  4.7754E+00  8.7625E-02
  4.7873E+00  7.6704E-02
  4.7993E+00  6.7265E-02
  4.8112E+00  5.9171E-02
  4.8231E+00  5.2274E-02
  4.8350E+00  4.6419E-02
  4.8469E+00  4.1454E-02
  4.8588E+00  3.7232E-02
  4.8707E+00  3.3615E-02
  4.8826E+00  3.0482E-02
  4.8945E+00  2.7724E-02
  4.9064E+00  2.5252E-02
  4.9183E+00  2.2995E-02
  4.9302E+00  2.0899E-02
  4.9422E+00  1.8926E-02
  4.9541E+00  1.7054E-02
  4.9660E+00  1.5271E-02
  4.9779E+00  1.3578E-02
  4.9898E+00  1.1981E-02
  5.0017E+00  1.0492E-02
  5.0136E+00  9.1258E-03
  5.0255E+00  7.8973E-03
  5.0374E+00  6.8194E-03
  5.0493E+00  5.9020E-03
  5.0612E+00  5.1503E-03
  5.0732E+00  4.5645E-03
  5.0851E+00  4.1391E-03
  5.0970E+00  3.8635E-03
  5.1089E+00  3.7222E-03
  5.1208E+00  3.6963E-03
  5.1327E+00  3.7639E-03
  5.1446E+00  3.9019E-03
  5.1565E+00  4.0867E-03
  5.1684E+00  4.2955E-03
  5.1803E+00  4.5070E-03
  5.1922E+00  4.7026E-03
  5.2042E+00  4.8667E-03
  5.2161E+00  4.9870E-03
  5.2280E+00  5.0550E-03
  5.2399E+00  5.0661E-03
  5.2518E+00  5.0189E-03
  5.2637E+00  4.9158E-03
  5.2756E+00  4.7616E-03
  5.2875E+00  4.5635E-03
  5.2994E+00  4.3303E-03
  5.3113E+00  4.0714E-03
  5.3232E+00  3.7966E-03
  5.3351E+00  3.5151E-03
  5.3471E+00  3.2352E-03
  5.3590E+00  2.9640E-03
  5.3709E+00  2.7070E-03
  5.3828E+00  2.4681E-03
  5.3947E+00  2.2498E-03
  5.4066E+00  2.0529E-03
  5.4185E+00  1.8773E-03
  5.4304E+00  1.7218E-03
  5.4423E+00  1.5844E-03
  5.4542E+00  1.4629E-03
  5.4661E+00  1.3546E-03
  5.4781E+00  1.2572E-03
  5.4900E+00  1.1685E-03
  5.5019E+00  1.0867E-03
  5.5138E+00  1.0105E-03
  5.5257E+00  9.3896E-04
  5.5376E+00  8.7182E-04
  5.5495E+00  8.0910E-04
  5.5614E+00  7.5120E-04
  5.5733E+00  6.9869E-04
  5.5852E+00  6.5225E-04
  5.5971E+00  6.1251E-04
  5.6091E+00  5.7999E-04
  5.6210E+00  5.5494E-04
  5.6329E+00  5.3738E-04
  5.6448E+00  5.2698E-04
  5.6567E+00  5.2308E-04
  5.6686E+00  5.2473E-04
  5.6805E+00  5.3073E-04
  5.6924E+00  5.3968E-04
  5.7043E+00  5.5011E-04
  5.7162E+00  5.6052E-04
  5.7281E+00  5.6952E-04
  5.7400E+00  5.7588E-04
  5.7520E+00  5.7861E-04
  5.7639E+00  5.7701E-04
  5.7758E+00  5.7069E-04
  5.7877E+00  5.5955E-04
  5.7996E+00  5.4382E-04
  5.8115E+00  5.2394E-04
  5.8234E+00  5.0061E-04
  5.8353E+00  4.7464E-04
  5.8472E+00  4.4697E-04
  5.8591E+00  4.1857E-04
  5.8710E+00  3.9036E-04
  5.8830E+00  3.6321E-04
  5.8949E+00  3.3787E-04
  5.9068E+00  3.1494E-04
  5.9187E+00  2.9485E-04
  5.9306E+00  2.7786E-04
  5.9425E+00  2.6407E-04
  5.9544E+00  2.5341E-04
  5.9663E+00  2.4573E-04
  5.9782E+00  2.4078E-04
  5.9901E+00  2.3826E-04
  6.0020E+00  2.3785E-04
  6.0140E+00  2.3928E-04
  6.0259E+00  2.4228E-04
  6.0378E+00  2.4667E-04
  6.0497E+00  2.5233E-04
  6.0616E+00  2.5919E-04
  6.0735E+00  2.6725E-04
  6.0854E+00  2.7656E-04
  6.0973E+00  2.8722E-04
  6.1092E+00  2.9932E-04
  6.1211E+00  3.1297E-04
  6.1330E+00  3.2830E-04
  6.1449E+00  3.4538E-04
  6.1569E+00  3.6431E-04
  6.1688E+00  3.8515E-04
  6.1807E+00  4.0796E-04
  6.1926E+00  4.3278E-04
  6.2045E+00  4.5969E-04
  6.2164E+00  4.8875E-04
  6.2283E+00  5.2004E-04
  6.2402E+00  5.5365E-04
  6.2521E+00  5.8968E-04
  6.2640E+00  6.2819E-04
  6.2759E+00  6.6921E-04
  6.2879E+00  7.1268E-04
  6.2998E+00  7.5848E-04
  6.3117E+00  8.0632E-04
  6.3236E+00  8.5576E-04
  6.3355E+00  9.0620E-04
  6.3474E+00  9.5683E-04
  6.3593E+00  1.0067E-03
  6.3712E+00  1.0546E-03
  6.3831E+00  1.0992E-03
  6.3950E+00  1.1392E-03
  6.4069E+00  1.1731E-03
  6.4188E+00  1.1995E-03
  6.4308E+00  1.2169E-03
  6.4427E+00  1.2242E-03
  6.4546E+00  1.2204E-03
  6.4665E+00  1.2049E-03
  6.4784E+00  1.1775E-03
  6.4903E+00  1.1384E-03
  6.5022E+00  1.0884E-03
  6.5141E+00  1.0288E-03
  6.5260E+00  9.6145E-04
  6.5379E+00  8.8865E-04
  6.5498E+00  8.1321E-04
  6.5618E+00  7.3818E-04
  6.5737E+00  6.6681E-04
  6.5856E+00  6.0232E-04
  6.5975E+00  5.4777E-04
  6.6094E+00  5.0584E-04
  6.6213E+00  4.7869E-04
  6.6332E+00  4.6783E-04
  6.6451E+00  4.7396E-04
  6.6570E+00  4.9699E-04
  6.6689E+00  5.3594E-04
  6.6808E+00  5.8899E-04
  6.6928E+00  6.5358E-04
  6.7047E+00  7.2648E-04
  6.7166E+00  8.0397E-04
  6.7285E+00  8.8205E-04
  6.7404E+00  9.5666E-04
  6.7523E+00  1.0239E-03
  6.7642E+00  1.0805E-03
  6.7761E+00  1.1235E-03
  6.7880E+00  1.1512E-03
  6.7999E+00  1.1629E-03
  6.8118E+00  1.1589E-03
  6.8237E+00  1.1408E-03
  6.8357E+00  1.1115E-03
  6.8476E+00  1.0745E-03
  6.8595E+00  1.0346E-03
  6.8714E+00  9.9701E-04
  6.8833E+00  9.6724E-04
  6.8952E+00  9.5088E-04
  6.9071E+00  9.5317E-04
  6.9190E+00  9.7875E-04
  6.9309E+00  1.0313E-03
  6.9428E+00  1.1133E-03
  6.9547E+00  1.2256E-03
  6.9667E+00  1.3679E-03
  6.9786E+00  1.5379E-03
  6.9905E+00  1.7318E-03
  7.0024E+00  1.9442E-03
  7.0143E+00  2.1688E-03
  7.0262E+00  2.3982E-03
  7.0381E+00  2.6244E-03
  7.0500E+00  2.8395E-03
  7.0619E+00  3.0357E-03
  7.0738E+00  3.2063E-03
  7.0857E+00  3.3453E-03
  7.0977E+00  3.4485E-03
  7.1096E+00  3.5133E-03
  7.1215E+00  3.5386E-03
  7.1334E+00  3.5258E-03
  7.1453E+00  3.4778E-03
  7.1572E+00  3.3993E-03
  7.1691E+00  3.2966E-03
  7.1810E+00  3.1772E-03
  7.1929E+00  3.0494E-03
  7.2048E+00  2.9218E-03
  7.2167E+00  2.8026E-03
  7.2286E+00  2.6996E-03
  7.2406E+00  2.6191E-03
  7.2525E+00  2.5658E-03
  7.2644E+00  2.5426E-03
  7.2763E+00  2.5499E-03
  7.2882E+00  2.5861E-03
  7.3001E+00  2.6472E-03
  7.3120E+00  2.7274E-03
  7.3239E+00  2.8191E-03
  7.3358E+00  2.9138E-03
  7.3477E+00  3.0022E-03
  7.3596E+00  3.0751E-03
  7.3716E+00  3.1239E-03
  7.3835E+00  3.1414E-03
  7.3954E+00  3.1224E-03
  7.4073E+00  3.0639E-03
  7.4192E+00  2.9660E-03
  7.4311E+00  2.8317E-03
  7.4430E+00  2.6671E-03
  7.4549E+00  2.4813E-03
  7.4668E+00  2.2859E-03
  7.4787E+00  2.0945E-03
  7.4906E+00  1.9219E-03
  7.5026E+00  1.7835E-03
  7.5145E+00  1.6945E-03
  7.5264E+00  1.6688E-03
  7.5383E+00  1.7184E-03
  7.5502E+00  1.8528E-03
  7.5621E+00  2.0781E-03
  7.5740E+00  2.3971E-03
  7.5859E+00  2.8085E-03
  7.5978E+00  3.3078E-03
  7.6097E+00  3.8869E-03
  7.6216E+00  4.5353E-03
  7.6335E+00  5.2406E-03
  7.6455E+00  5.9899E-03
  7.6574E+00  6.7713E-03
  7.6693E+00  7.5750E-03
  7.6812E+00  8.3952E-03
  7.6931E+00  9.2311E-03
  7.7050E+00  1.0089E-02
  7.7169E+00  1.0981E-02
  7.7288E+00  1.1931E-02
  7.7407E+00  1.2968E-02
  7.7526E+00  1.4133E-02
  7.7645E+00  1.5472E-02
  7.7765E+00  1.7041E-02
  7.7884E+00  1.8901E-02
  7.8003E+00  2.1116E-02
  7.8122E+00  2.3752E-02
  7.8241E+00  2.6873E-02
  7.8360E+00  3.0540E-02
  7.8479E+00  3.4804E-02
  7.8598E+00  3.9705E-02
  7.8717E+00  4.5270E-02
  7.8836E+00  5.1509E-02
  7.8955E+00  5.8413E-02
  7.9075E+00  6.5955E-02
  7.9194E+00  7.4086E-02
  7.9313E+00  8.2738E-02
  7.9432E+00  9.1820E-02
  7.9551E+00  1.0123E-01
  7.9670E+00  1.1083E-01
  7.9789E+00  1.2049E-01
  7.9908E+00  1.3006E-01
  8.0027E+00  1.3937E-01
  8.0146E+00  1.4825E-01
  8.0265E+00  1.5653E-01
  8.0384E+00  1.6403E-01
  8.0504E+00  1.7061E-01
  8.0623E+00  1.7610E-01
  8.0742E+00  1.8040E-01
  8.0861E+00  1.8339E-01
  8.0980E+00  1.8500E-01
  8.1099E+00  1.8520E-01
  8.1218E+00  1.8398E-01
  8.1337E+00  1.8138E-01
  8.1456E+00  1.7744E-01
  8.1575E+00  1.7226E-01
  8.1694E+00  1.6596E-01
  8.1814E+00  1.5867E-01
  8.1933E+00  1.5055E-01
  8.2052E+00  1.4174E-01
  8.2171E+00  1.3244E-01
  8.2290E+00  1.2279E-01
  8.2409E+00  1.1299E-01
  8.2528E+00  1.0318E-01
  8.2647E+00  9.3526E-02
  8.2766E+00  8.4173E-02
  8.2885E+00  7.5244E-02
  8.3004E+00  6.6848E-02
  8.3124E+00  5.9073E-02
  8.3243E+00  5.1982E-02
  8.3362E+00  4.5617E-02
  8.3481E+00  3.9995E-02
  8.3600E+00  3.5111E-02
  8.3719E+00  3.0940E-02
  8.3838E+00  2.7440E-02
  8.3957E+00  2.4552E-02
  8.4076E+00  2.2209E-02
  8.4195E+00  2.0335E-02
  8.4314E+00  1.8851E-02
  8.4433E+00  1.7677E-02
  8.4553E+00  1.6736E-02
  8.4672E+00  1.5958E-02
  8.4791E+00  1.5279E-02
  8.4910E+00  1.4646E-02
  8.5029E+00  1.4014E-02
  8.5148E+00  1.3352E-02
  8.5267E+00  1.2641E-02
  8.5386E+00  1.1872E-02
  8.5505E+00  1.1045E-02
  8.5624E+00  1.0171E-02
  8.5743E+00  9.2665E-03
  8.5863E+00  8.3548E-03
  8.5982E+00  7.4611E-03
  8.6101E+00  6.6120E-03
  8.6220E+00  5.8336E-03
  8.6339E+00  5.1495E-03
  8.6458E+00  4.5799E-03
  8.6577E+00  4.1399E-03
  8.6696E+00  3.8391E-03
  8.6815E+00  3.6813E-03
  8.6934E+00  3.6641E-03
  8.7053E+00  3.7792E-03
  8.7173E+00  4.0129E-03
  8.7292E+00  4.3471E-03
  8.7411E+00  4.7600E-03
  8.7530E+00  5.2274E-03
  8.7649E+00  5.7241E-03
  8.7768E+00  6.2247E-03
  8.7887E+00  6.7056E-03
  8.8006E+00  7.1452E-03
  8.8125E+00  7.5254E-03
  8.8244E+00  7.8317E-03
  8.8363E+00  8.0540E-03
  8.8482E+00  8.1863E-03
  8.8602E+00  8.2272E-03
  8.8721E+00  8.1789E-03
  8.8840E+00  8.0473E-03
  8.8959E+00  7.8410E-03
  8.9078E+00  7.5712E-03
  8.9197E+00  7.2504E-03
  8.9316E+00  6.8921E-03
  8.9435E+00  6.5098E-03
  8.9554E+00  6.1166E-03
  8.9673E+00  5.7243E-03
  8.9792E+00  5.3431E-03
  8.9912E+00  4.9810E-03
  9.0031E+00  4.6437E-03
  9.0150E+00  4.3348E-03
  9.0269E+00  4.0555E-03
  9.0388E+00  3.8047E-03
  9.0507E+00  3.5799E-03
  9.0626E+00  3.3773E-03
  9.0745E+00  3.1919E-03
  9.0864E+00  3.0187E-03
  9.0983E+00  2.8526E-03
  9.1102E+00  2.6892E-03
  9.1222E+00  2.5247E-03
  9.1341E+00  2.3566E-03
  9.1460E+00  2.1839E-03
  9.1579E+00  2.0067E-03
  9.1698E+00  1.8267E-03
  9.1817E+00  1.6466E-03
  9.1936E+00  1.4702E-03
  9.2055E+00  1.3020E-03
  9.2174E+00  1.1469E-03
  9.2293E+00  1.0094E-03
  9.2412E+00  8.9395E-04
  9.2531E+00  8.0415E-04
  9.2651E+00  7.4254E-04
  9.2770E+00  7.1049E-04
  9.2889E+00  7.0798E-04
  9.3008E+00  7.3360E-04
  9.3127E+00  7.8460E-04
  9.3246E+00  8.5696E-04
  9.3365E+00  9.4563E-04
  9.3484E+00  1.0447E-03
  9.3603E+00  1.1480E-03
  9.3722E+00  1.2488E-03
  9.3841E+00  1.3410E-03
  9.3961E+00  1.4188E-03
  9.4080E+00  1.4775E-03
  9.4199E+00  1.5134E-03
  9.4318E+00  1.5242E-03
  9.4437E+00  1.5092E-03
  9.4556E+00  1.4690E-03
  9.4675E+00  1.4058E-03
  9.4794E+00  1.3229E-03
  9.4913E+00  1.2248E-03
  9.5032E+00  1.1167E-03
  9.5151E+00  1.0043E-03
  9.5271E+00  8.9352E-04
  9.5390E+00  7.9002E-04
  9.5509E+00  6.9904E-04
  9.5628E+00  6.2501E-04
  9.5747E+00  5.7140E-04
  9.5866E+00  5.4046E-04
  9.5985E+00  5.3314E-04
  9.6104E+00  5.4906E-04
  9.6223E+00  5.8651E-04
  9.6342E+00  6.4258E-04
  9.6461E+00  7.1338E-04
  9.6580E+00  7.9423E-04
  9.6700E+00  8.7996E-04
  9.6819E+00  9.6525E-04
  9.6938E+00  1.0449E-03
  9.7057E+00  1.1141E-03
  9.7176E+00  1.1687E-03
  9.7295E+00  1.2054E-03
  9.7414E+00  1.2221E-03
  9.7533E+00  1.2175E-03
  9.7652E+00  1.1919E-03
  9.7771E+00  1.1464E-03
  9.7890E+00  1.0833E-03
  9.8010E+00  1.0058E-03
  9.8129E+00  9.1786E-04
  9.8248E+00  8.2380E-04
  9.8367E+00  7.2835E-04
  9.8486E+00  6.3611E-04
  9.8605E+00  5.5139E-04
  9.8724E+00  4.7797E-04
  9.8843E+00  4.1884E-04
  9.8962E+00  3.7611E-04
  9.9081E+00  3.5087E-04
  9.9200E+00  3.4317E-04
  9.9319E+00  3.5206E-04
  9.9439E+00  3.7566E-04
  9.9558E+00  4.1131E-04
  9.9677E+00  4.5574E-04
  9.9796E+00  5.0525E-04
  9.9915E+00  5.5599E-04
  1.0003E+01  6.0414E-04
  1.0015E+01  6.4614E-04
  1.0027E+01  6.7892E-04
  1.0039E+01  7.0009E-04
  1.0051E+01  7.0801E-04
  1.0063E+01  7.0197E-04
  1.0075E+01  6.8213E-04
  1.0087E+01  6.4957E-04
  1.0099E+01  6.0614E-04
  1.0111E+01  5.5436E-04
  1.0122E+01  4.9727E-04
  1.0134E+01  4.3816E-04
  1.0146E+01  3.8043E-04
  1.0158E+01  3.2735E-04
  1.0170E+01  2.8186E-04
  1.0182E+01  2.4640E-04
  1.0194E+01  2.2280E-04
  1.0206E+01  2.1212E-04
  1.0218E+01  2.1465E-04
  1.0230E+01  2.2987E-04
  1.0242E+01  2.5647E-04
  1.0253E+01  2.9248E-04
  1.0265E+01  3.3538E-04
  1.0277E+01  3.8223E-04
  1.0289E+01  4.2992E-04
  1.0301E+01  4.7531E-04
  1.0313E+01  5.1548E-04
  1.0325E+01  5.4787E-04
  1.0337E+01  5.7047E-04
  1.0349E+01  5.8195E-04
  1.0361E+01  5.8169E-04
  1.0373E+01  5.6984E-04
  1.0384E+01  5.4734E-04
  1.0396E+01  5.1580E-04
  1.0408E+01  4.7745E-04
  1.0420E+01  4.3497E-04
  1.0432E+01  3.9136E-04
  1.0444E+01  3.4976E-04
  1.0456E+01  3.1326E-04
  1.0468E+01  2.8468E-04
  1.0480E+01  2.6644E-04
  1.0492E+01  2.6039E-04
  1.0504E+01  2.6768E-04
  1.0515E+01  2.8869E-04
  1.0527E+01  3.2300E-04
  1.0539E+01  3.6942E-04
  1.0551E+01  4.2603E-04
  1.0563E+01  4.9033E-04
  1.0575E+01  5.5935E-04
  1.0587E+01  6.2983E-04
  1.0599E+01  6.9839E-04
  1.0611E+01  7.6175E-04
  1.0623E+01  8.1687E-04
  1.0635E+01  8.6114E-04
  1.0646E+01  8.9252E-04
  1.0658E+01  9.0965E-04
  1.0670E+01  9.1192E-04
  1.0682E+01  8.9954E-04
  1.0694E+01  8.7350E-04
  1.0706E+01  8.3551E-04
  1.0718E+01  7.8794E-04
  1.0730E+01  7.3362E-04
  1.0742E+01  6.7574E-04
  1.0754E+01  6.1758E-04
  1.0766E+01  5.6237E-04
  1.0777E+01  5.1308E-04
  1.0789E+01  4.7222E-04
  1.0801E+01  4.4174E-04
  1.0813E+01  4.2291E-04
  1.0825E+01  4.1623E-04
  1.0837E+01  4.2145E-04
  1.0849E+01  4.3755E-04
  1.0861E+01  4.6284E-04
  1.0873E+01  4.9506E-04
  1.0885E+01  5.3152E-04
  1.0897E+01  5.6928E-04
  1.0908E+01  6.0528E-04
  1.0920E+01  6.3662E-04
  1.0932E+01  6.6069E-04
  1.0944E+01  6.7535E-04
  1.0956E+01  6.7909E-04
  1.0968E+01  6.7112E-04
  1.0980E+01  6.5142E-04
  1.0992E+01  6.2075E-04
  1.1004E+01  5.8063E-04
  1.1016E+01  5.3321E-04
  1.1028E+01  4.8117E-04
  1.1039E+01  4.2758E-04
  1.1051E+01  3.7567E-04
  1.1063E+01  3.2869E-04
  1.1075E+01  2.8970E-04
  1.1087E+01  2.6138E-04
  1.1099E+01  2.4589E-04
  1.1111E+01  2.4471E-04
  1.1123E+01  2.5858E-04
  1.1135E+01  2.8740E-04
  1.1147E+01  3.3027E-04
  1.1159E+01  3.8553E-04
  1.1170E+01  4.5085E-04
  1.1182E+01  5.2341E-04
  1.1194E+01  6.0009E-04
  1.1206E+01  6.7766E-04
  1.1218E+01  7.5302E-04
  1.1230E+01  8.2345E-04
  1.1242E+01  8.8679E-04
  1.1254E+01  9.4165E-04
  1.1266E+01  9.8754E-04
  1.1278E+01  1.0250E-03
  1.1290E+01  1.0556E-03
  1.1301E+01  1.0820E-03
  1.1313E+01  1.1080E-03
  1.1325E+01  1.1380E-03
  1.1337E+01  1.1773E-03
  1.1349E+01  1.2317E-03
  1.1361E+01  1.3071E-03
  1.1373E+01  1.4094E-03
  1.1385E+01  1.5441E-03
  1.1397E+01  1.7158E-03
  1.1409E+01  1.9285E-03
  1.1421E+01  2.1845E-03
  1.1432E+01  2.4850E-03
  1.1444E+01  2.8295E-03
  1.1456E+01  3.2159E-03
  1.1468E+01  3.6405E-03
  1.1480E+01  4.0979E-03
  1.1492E+01  4.5812E-03
  1.1504E+01  5.0823E-03
  1.1516E+01  5.5917E-03
  1.1528E+01  6.0993E-03
  1.1540E+01  6.5943E-03
  1.1552E+01  7.0658E-03
  1.1563E+01  7.5029E-03
  1.1575E+01  7.8956E-03
  1.1587E+01  8.2347E-03
  1.1599E+01  8.5124E-03
  1.1611E+01  8.7226E-03
  1.1623E+01  8.8610E-03
  1.1635E+01  8.9254E-03
  1.1647E+01  8.9156E-03
  1.1659E+01  8.8331E-03
  1.1671E+01  8.6815E-03
  1.1683E+01  8.4658E-03
  1.1694E+01  8.1924E-03
  1.1706E+01  7.8686E-03
  1.1718E+01  7.5024E-03
  1.1730E+01  7.1025E-03
  1.1742E+01  6.6775E-03
  1.1754E+01  6.2360E-03
  1.1766E+01  5.7865E-03
  1.1778E+01  5.3368E-03
  1.1790E+01  4.8940E-03
  1.1802E+01  4.4646E-03
  1.1814E+01  4.0539E-03
  1.1825E+01  3.6662E-03
  1.1837E+01  3.3050E-03
  1.1849E+01  2.9722E-03
  1.1861E+01  2.6691E-03
  1.1873E+01  2.3957E-03
  1.1885E+01  2.1515E-03
  1.1897E+01  1.9349E-03
  1.1909E+01  1.7441E-03
  1.1921E+01  1.5767E-03
  1.1933E+01  1.4302E-03
  1.1945E+01  1.3019E-03
  1.1956E+01  1.1894E-03
  1.1968E+01  1.0901E-03
  1.1980E+01  1.0019E-03
  1.1992E+01  9.2297E-04
  1.2004E+01  8.5170E-04
  1.2016E+01  7.8686E-04
  1.2028E+01  7.2753E-04
  1.2040E+01  6.7305E-04
  1.2052E+01  6.2302E-04
  1.2064E+01  5.7723E-04
  1.2076E+01  5.3560E-04
  1.2087E+01  4.9814E-04
  1.2099E+01  4.6493E-04
  1.2111E+01  4.3601E-04
  1.2123E+01  4.1143E-04
  1.2135E+01  3.9121E-04
  1.2147E+01  3.7529E-04
  1.2159E+01  3.6358E-04
  1.2171E+01  3.5594E-04
  1.2183E+01  3.5220E-04
  1.2195E+01  3.5218E-04
  1.2207E+01  3.5569E-04
  1.2218E+01  3.6256E-04
  1.2230E+01  3.7262E-04
  1.2242E+01  3.8578E-04
  1.2254E+01  4.0193E-04
  1.2266E+01  4.2102E-04
  1.2278E+01  4.4301E-04
  1.2290E+01  4.6787E-04
  1.2302E+01  4.9557E-04
  1.2314E+01  5.2605E-04
  1.2326E+01  5.5920E-04
  1.2338E+01  5.9484E-04
  1.2349E+01  6.3274E-04
  1.2361E+01  6.7256E-04
  1.2373E+01  7.1385E-04
  1.2385E+01  7.5609E-04
  1.2397E+01  7.9866E-04
  1.2409E+01  8.4087E-04
  1.2421E+01  8.8196E-04
  1.2433E+01  9.2117E-04
  1.2445E+01  9.5772E-04
  1.2457E+01  9.9091E-04
  1.2469E+01  1.0201E-03
  1.2480E+01  1.0447E-03
  1.2492E+01  1.0645E-03
  1.2504E+01  1.0790E-03
  1.2516E+01  1.0883E-03
  1.2528E+01  1.0924E-03
  1.2540E+01  1.0915E-03
  1.2552E+01  1.0859E-03
  1.2564E+01  1.0762E-03
  1.2576E+01  1.0626E-03
  1.2588E+01  1.0458E-03
  1.2600E+01  1.0262E-03
  1.2611E+01  1.0043E-03
  1.2623E+01  9.8043E-04
  1.2635E+01  9.5492E-04
  1.2647E+01  9.2800E-04
  1.2659E+01  8.9981E-04
  1.2671E+01  8.7040E-04
  1.2683E+01  8.3976E-04
  1.2695E+01  8.0784E-04
  1.2707E+01  7.7455E-04
  1.2719E+01  7.3980E-04
  1.2731E+01  7.0353E-04
  1.2742E+01  6.6572E-04
  1.2754E+01  6.2642E-04
  1.2766E+01  5.8578E-04
  1.2778E+01  5.4402E-04
  1.2790E+01  5.0149E-04
  1.2802E+01  4.5862E-04
  1.2814E+01  4.1594E-04
  1.2826E+01  3.7404E-04
  1.2838E+01  3.3358E-04
  1.2850E+01  2.9523E-04
  1.2862E+01  2.5964E-04
  1.2873E+01  2.2742E-04
  1.2885E+01  1.9908E-04
  1.2897E+01  1.7503E-04
  1.2909E+01  1.5552E-04
  1.2921E+01  1.4062E-04
  1.2933E+01  1.3023E-04
  1.2945E+01  1.2404E-04
  1.2957E+01  1.2161E-04
  1.2969E+01  1.2233E-04
  1.2981E+01  1.2546E-04
  1.2993E+01  1.3022E-04
  1.3004E+01  1.3577E-04
  1.3016E+01  1.4131E-04
  1.3028E+01  1.4608E-04
  1.3040E+01  1.4945E-04
  1.3052E+01  1.5092E-04
  1.3064E+01  1.5015E-04
  1.3076E+01  1.4700E-04
  1.3088E+01  1.4151E-04
  1.3100E+01  1.3392E-04
  1.3112E+01  1.2463E-04
  1.3124E+01  1.1418E-04
  1.3135E+01  1.0321E-04
  1.3147E+01  9.2420E-05
  1.3159E+01  8.2507E-05
  1.3171E+01  7.4124E-05
  1.3183E+01  6.7832E-05
  1.3195E+01  6.4056E-05
  1.3207E+01  6.3062E-05
  1.3219E+01  6.4933E-05
  1.3231E+01  6.9573E-05
  1.3243E+01  7.6707E-05
  1.3255E+01  8.5914E-05
  1.3266E+01  9.6652E-05
  1.3278E+01  1.0831E-04
  1.3290E+01  1.2024E-04
  1.3302E+01  1.3184E-04
  1.3314E+01  1.4259E-04
  1.3326E+01  1.5210E-04
  1.3338E+01  1.6016E-04
  1.3350E+01  1.6675E-04
  1.3362E+01  1.7211E-04
  1.3374E+01  1.7667E-04
  1.3386E+01  1.8108E-04
  1.3397E+01  1.8616E-04
  1.3409E+01  1.9283E-04
  1.3421E+01  2.0210E-04
  1.3433E+01  2.1492E-04
  1.3445E+01  2.3218E-04
  1.3457E+01  2.5460E-04
  1.3469E+01  2.8263E-04
  1.3481E+01  3.1646E-04
  1.3493E+01  3.5592E-04
  1.3505E+01  4.0044E-04
  1.3517E+01  4.4912E-04
  1.3528E+01  5.0065E-04
  1.3540E+01  5.5344E-04
  1.3552E+01  6.0562E-04
  1.3564E+01  6.5519E-04
  1.3576E+01  7.0009E-04
  1.3588E+01  7.3831E-04
  1.3600E+01  7.6805E-04
  1.3612E+01  7.8782E-04
  1.3624E+01  7.9652E-04
  1.3636E+01  7.9354E-04
  1.3647E+01  7.7882E-04
  1.3659E+01  7.5286E-04
  1.3671E+01  7.1674E-04
  1.3683E+01  6.7204E-04
  1.3695E+01  6.2083E-04
  1.3707E+01  5.6557E-04
  1.3719E+01  5.0896E-04
  1.3731E+01  4.5385E-04
  1.3743E+01  4.0307E-04
  1.3755E+01  3.5930E-04
  1.3767E+01  3.2488E-04
  1.3778E+01  3.0174E-04
  1.3790E+01  2.9120E-04
  1.3802E+01  2.9394E-04
  1.3814E+01  3.0992E-04
  1.3826E+01  3.3839E-04
  1.3838E+01  3.7791E-04
  1.3850E+01  4.2643E-04
  1.3862E+01  4.8144E-04
  1.3874E+01  5.4006E-04
  1.3886E+01  5.9926E-04
  1.3898E+01  6.5601E-04
  1.3909E+01  7.0748E-04
  1.3921E+01  7.5122E-04
  1.3933E+01  7.8533E-04
  1.3945E+01  8.0857E-04
  1.3957E+01  8.2051E-04
  1.3969E+01  8.2154E-04
  1.3981E+01  8.1296E-04
  1.3993E+01  7.9688E-04
  1.4005E+01  7.7617E-04
  1.4017E+01  7.5429E-04
  1.4029E+01  7.3517E-04
  1.4040E+01  7.2291E-04
  1.4052E+01  7.2159E-04
  1.4064E+01  7.3503E-04
  1.4076E+01  7.6651E-04
  1.4088E+01  8.1861E-04
  1.4100E+01  8.9298E-04
  1.4112E+01  9.9021E-04
  1.4124E+01  1.1098E-03
  1.4136E+01  1.2499E-03
  1.4148E+01  1.4078E-03
  1.4160E+01  1.5796E-03
  1.4171E+01  1.7602E-03
  1.4183E+01  1.9443E-03
  1.4195E+01  2.1256E-03
  1.4207E+01  2.2980E-03
  1.4219E+01  2.4554E-03
  1.4231E+01  2.5920E-03
  1.4243E+01  2.7029E-03
  1.4255E+01  2.7843E-03
  1.4267E+01  2.8335E-03
  1.4279E+01  2.8491E-03
  1.4291E+01  2.8313E-03
  1.4302E+01  2.7815E-03
  1.4314E+01  2.7027E-03
  1.4326E+01  2.5988E-03
  1.4338E+01  2.4747E-03
  1.4350E+01  2.3361E-03
  1.4362E+01  2.1887E-03
  1.4374E+01  2.0387E-03
  1.4386E+01  1.8917E-03
  1.4398E+01  1.7529E-03
  1.4410E+01  1.6268E-03
  1.4422E+01  1.5167E-03
  1.4433E+01  1.4248E-03
  1.4445E+01  1.3520E-03
  1.4457E+01  1.2979E-03
  1.4469E+01  1.2610E-03
  1.4481E+01  1.2384E-03
  1.4493E+01  1.2267E-03
  1.4505E+01  1.2217E-03
  1.4517E+01  1.2190E-03
  1.4529E+01  1.2141E-03
  1.4541E+01  1.2029E-03
  1.4553E+01  1.1822E-03
  1.4564E+01  1.1496E-03
  1.4576E+01  1.1036E-03
  1.4588E+01  1.0444E-03
  1.4600E+01  9.7343E-04
  1.4612E+01  8.9331E-04
  1.4624E+01  8.0803E-04
  1.4636E+01  7.2259E-04
  1.4648E+01  6.4275E-04
  1.4660E+01  5.7472E-04
  1.4672E+01  5.2479E-04
  1.4684E+01  4.9895E-04
  1.4695E+01  5.0251E-04
  1.4707E+01  5.3979E-04
  1.4719E+01  6.1385E-04
  1.4731E+01  7.2635E-04
  1.4743E+01  8.7747E-04
  1.4755E+01  1.0660E-03
  1.4767E+01  1.2893E-03
  1.4779E+01  1.5442E-03
  1.4791E+01  1.8264E-03
  1.4803E+01  2.1320E-03
  1.4815E+01  2.4572E-03
  1.4826E+01  2.7992E-03
  1.4838E+01  3.1571E-03
  1.4850E+01  3.5319E-03
  1.4862E+01  3.9272E-03
  1.4874E+01  4.3498E-03
  1.4886E+01  4.8096E-03
  1.4898E+01  5.3200E-03
  1.4910E+01  5.8976E-03
  1.4922E+01  6.5619E-03
  1.4934E+01  7.3348E-03
  1.4946E+01  8.2401E-03
  1.4957E+01  9.3021E-03
  1.4969E+01  1.0545E-02
  1.4981E+01  1.1993E-02
  1.4993E+01  1.3665E-02
  1.5005E+01  1.5579E-02
  1.5017E+01  1.7746E-02
  1.5029E+01  2.0172E-02
  1.5041E+01  2.2853E-02
  1.5053E+01  2.5781E-02
  1.5065E+01  2.8935E-02
  1.5077E+01  3.2287E-02
  1.5088E+01  3.5798E-02
  1.5100E+01  3.9422E-02
  1.5112E+01  4.3104E-02
  1.5124E+01  4.6784E-02
  1.5136E+01  5.0398E-02
  1.5148E+01  5.3877E-02
  1.5160E+01  5.7155E-02
  1.5172E+01  6.0165E-02
  1.5184E+01  6.2846E-02
  1.5196E+01  6.5140E-02
  1.5208E+01  6.6998E-02
  1.5219E+01  6.8377E-02
  1.5231E+01  6.9246E-02
  1.5243E+01  6.9582E-02
  1.5255E+01  6.9373E-02
  1.5267E+01  6.8621E-02
  1.5279E+01  6.7338E-02
  1.5291E+01  6.5547E-02
  1.5303E+01  6.3285E-02
  1.5315E+01  6.0599E-02
  1.5327E+01  5.7545E-02
  1.5339E+01  5.4190E-02
  1.5350E+01  5.0603E-02
  1.5362E+01  4.6859E-02
  1.5374E+01  4.3035E-02
  1.5386E+01  3.9204E-02
  1.5398E+01  3.5437E-02
  1.5410E+01  3.1798E-02
  1.5422E+01  2.8344E-02
  1.5434E+01  2.5120E-02
  1.5446E+01  2.2165E-02
  1.5458E+01  1.9504E-02
  1.5470E+01  1.7154E-02
  1.5481E+01  1.5119E-02
  1.5493E+01  1.3395E-02
  1.5505E+01  1.1970E-02
  1.5517E+01  1.0821E-02
  1.5529E+01  9.9228E-03
  1.5541E+01  9.2418E-03
  1.5553E+01  8.7427E-03
  1.5565E+01  8.3883E-03
  1.5577E+01  8.1411E-03
  1.5589E+01  7.9653E-03
  1.5601E+01  7.8279E-03
  1.5612E+01  7.7000E-03
  1.5624E+01  7.5578E-03
  1.5636E+01  7.3831E-03
  1.5648E+01  7.1637E-03
  1.5660E+01  6.8934E-03
  1.5672E+01  6.5719E-03
  1.5684E+01  6.2041E-03
  1.5696E+01  5.7997E-03
  1.5708E+01  5.3720E-03
  1.5720E+01  4.9374E-03
  1.5732E+01  4.5140E-03
  1.5743E+01  4.1210E-03
  1.5755E+01  3.7768E-03
  1.5767E+01  3.4988E-03
  1.5779E+01  3.3021E-03
  1.5791E+01  3.1987E-03
  1.5803E+01  3.1969E-03
  1.5815E+01  3.3010E-03
  1.5827E+01  3.5113E-03
  1.5839E+01  3.8238E-03
  1.5851E+01  4.2305E-03
  1.5863E+01  4.7201E-03
  1.5874E+01  5.2783E-03
  1.5886E+01  5.8884E-03
  1.5898E+01  6.5323E-03
  1.5910E+01  7.1907E-03
  1.5922E+01  7.8442E-03
  1.5934E+01  8.4737E-03
  1.5946E+01  9.0615E-03
  1.5958E+01  9.5915E-03
  1.5970E+01  1.0050E-02
  1.5982E+01  1.0425E-02
  1.5994E+01  1.0710E-02
  1.6005E+01  1.0899E-02
  1.6017E+01  1.0990E-02
  1.6029E+01  1.0985E-02
  1.6041E+01  1.0888E-02
  1.6053E+01  1.0706E-02
  1.6065E+01  1.0446E-02
  1.6077E+01  1.0118E-02
  1.6089E+01  9.7335E-03
  1.6101E+01  9.3032E-03
  1.6113E+01  8.8380E-03
  1.6125E+01  8.3484E-03
  1.6136E+01  7.8442E-03
  1.6148E+01  7.3342E-03
  1.6160E+01  6.8263E-03
  1.6172E+01  6.3269E-03
  1.6184E+01  5.8416E-03
  1.6196E+01  5.3745E-03
  1.6208E+01  4.9288E-03
  1.6220E+01  4.5067E-03
  1.6232E+01  4.1094E-03
  1.6244E+01  3.7374E-03
  1.6256E+01  3.3908E-03
  1.6267E+01  3.0688E-03
  1.6279E+01  2.7707E-03
  1.6291E+01  2.4955E-03
  1.6303E+01  2.2420E-03
  1.6315E+01  2.0092E-03
  1.6327E+01  1.7961E-03
  1.6339E+01  1.6019E-03
  1.6351E+01  1.4257E-03
  1.6363E+01  1.2669E-03
  1.6375E+01  1.1250E-03
  1.6387E+01  9.9957E-04
  1.6398E+01  8.8995E-04
  1.6410E+01  7.9557E-04
  1.6422E+01  7.1571E-04
  1.6434E+01  6.4945E-04
  1.6446E+01  5.9573E-04
  1.6458E+01  5.5326E-04
  1.6470E+01  5.2062E-04
  1.6482E+01  4.9623E-04
  1.6494E+01  4.7846E-04
  1.6506E+01  4.6562E-04
  1.6518E+01  4.5611E-04
  1.6529E+01  4.4845E-04
  1.6541E+01  4.4133E-04
  1.6553E+01  4.3373E-04
  1.6565E+01  4.2490E-04
  1.6577E+01  4.1444E-04
  1.6589E+01  4.0231E-04
  1.6601E+01  3.8882E-04
  1.6613E+01  3.7460E-04
  1.6625E+01  3.6059E-04
  1.6637E+01  3.4796E-04
  1.6649E+01  3.3803E-04
  1.6660E+01  3.3221E-04
  1.6672E+01  3.3190E-04
  1.6684E+01  3.3840E-04
  1.6696E+01  3.5284E-04
  1.6708E+01  3.7606E-04
  1.6720E+01  4.0862E-04
  1.6732E+01  4.5071E-04
  1.6744E+01  5.0213E-04
  1.6756E+01  5.6230E-04
  1.6768E+01  6.3027E-04
  1.6780E+01  7.0472E-04
  1.6791E+01  7.8405E-04
  1.6803E+01  8.6640E-04
  1.6815E+01  9.4972E-04
  1.6827E+01  1.0319E-03
  1.6839E+01  1.1107E-03
  1.6851E+01  1.1842E-03
  1.6863E+01  1.2503E-03
  1.6875E+01  1.3074E-03
  1.6887E+01  1.3540E-03
  1.6899E+01  1.3892E-03
  1.6911E+01  1.4123E-03
  1.6922E+01  1.4230E-03
  1.6934E+01  1.4213E-03
  1.6946E+01  1.4079E-03
  1.6958E+01  1.3834E-03
  1.6970E+01  1.3488E-03
  1.6982E+01  1.3055E-03
  1.6994E+01  1.2546E-03
  1.7006E+01  1.1977E-03
  1.7018E+01  1.1362E-03
  1.7030E+01  1.0716E-03
  1.7042E+01  1.0050E-03
  1.7053E+01  9.3786E-04
  1.7065E+01  8.7117E-04
  1.7077E+01  8.0588E-04
  1.7089E+01  7.4276E-04
  1.7101E+01  6.8241E-04
  1.7113E+01  6.2525E-04
  1.7125E+01  5.7156E-04
  1.7137E+01  5.2145E-04
  1.7149E+01  4.7493E-04
  1.7161E+01  4.3190E-04
  1.7173E+01  3.9218E-04
  1.7184E+01  3.5556E-04
  1.7196E+01  3.2178E-04
  1.7208E+01  2.9061E-04
  1.7220E+01  2.6181E-04
  1.7232E+01  2.3518E-04
  1.7244E+01  2.1055E-04
  1.7256E+01  1.8780E-04
  1.7268E+01  1.6683E-04
  1.7280E+01  1.4758E-04
  1.7292E+01  1.3003E-04
  1.7304E+01  1.1416E-04
  1.7315E+01  9.9953E-05
  1.7327E+01  8.7406E-05
  1.7339E+01  7.6489E-05
  1.7351E+01  6.7163E-05
  1.7363E+01  5.9366E-05
  1.7375E+01  5.3015E-05
  1.7387E+01  4.8010E-05
  1.7399E+01  4.4236E-05
  1.7411E+01  4.1570E-05
  1.7423E+01  3.9890E-05
  1.7435E+01  3.9079E-05
  1.7446E+01  3.9038E-05
  1.7458E+01  3.9685E-05
  1.7470E+01  4.0966E-05
  1.7482E+01  4.2856E-05
  1.7494E+01  4.5360E-05
  1.7506E+01  4.8507E-05
  1.7518E+01  5.2356E-05
  1.7530E+01  5.6979E-05
  1.7542E+01  6.2461E-05
  1.7554E+01  6.8888E-05
  1.7565E+01  7.6339E-05
  1.7577E+01  8.4879E-05
  1.7589E+01  9.4546E-05
  1.7601E+01  1.0535E-04
  1.7613E+01  1.1726E-04
  1.7625E+01  1.3020E-04
  1.7637E+01  1.4408E-04
  1.7649E+01  1.5873E-04
  1.7661E+01  1.7398E-04
  1.7673E+01  1.8959E-04
  1.7685E+01  2.0532E-04
  1.7696E+01  2.2092E-04
  1.7708E+01  2.3609E-04
  1.7720E+01  2.5059E-04
  1.7732E+01  2.6414E-04
  1.7744E+01  2.7652E-04
  1.7756E+01  2.8754E-04
  1.7768E+01  2.9703E-04
  1.7780E+01  3.0489E-04
  1.7792E+01  3.1105E-04
  1.7804E+01  3.1551E-04
  1.7816E+01  3.1829E-04
  1.7827E+01  3.1947E-04
  1.7839E+01  3.1916E-04
  1.7851E+01  3.1748E-04
  1.7863E+01  3.1457E-04
  1.7875E+01  3.1059E-04
  1.7887E+01  3.0566E-04
  1.7899E+01  2.9994E-04
  1.7911E+01  2.9355E-04
  1.7923E+01  2.8659E-04
  1.7935E+01  2.7916E-04
  1.7947E+01  2.7133E-04
  1.7958E+01  2.6316E-04
  1.7970E+01  2.5470E-04
  1.7982E+01  2.4598E-04
  1.7994E+01  2.3703E-04
  1.8006E+01  2.2787E-04
  1.8018E+01  2.1851E-04
  1.8030E+01  2.0900E-04
  1.8042E+01  1.9934E-04
  1.8054E+01  1.8956E-04
  1.8066E+01  1.7970E-04
  1.8078E+01  1.6980E-04
  1.8089E+01  1.5989E-04
  1.8101E+01  1.5003E-04
  1.8113E+01  1.4025E-04
  1.8125E+01  1.3061E-04
  1.8137E+01  1.2116E-04
  1.8149E+01  1.1194E-04
  1.8161E+01  1.0299E-04
  1.8173E+01  9.4375E-05
  1.8185E+01  8.6117E-05
  1.8197E+01  7.8257E-05
  1.8209E+01  7.0826E-05
  1.8220E+01  6.3853E-05
  1.8232E+01  5.7367E-05
  1.8244E+01  5.1394E-05
  1.8256E+01  4.5964E-05
  1.8268E+01  4.1107E-05
  1.8280E+01  3.6858E-05
  1.8292E+01  3.3257E-05
  1.8304E+01  3.0348E-05
  1.8316E+01  2.8180E-05
  1.8328E+01  2.6806E-05
  1.8340E+01  2.6279E-05
  1.8351E+01  2.6653E-05
  1.8363E+01  2.7981E-05
  1.8375E+01  3.0307E-05
  1.8387E+01  3.3670E-05
  1.8399E+01  3.8102E-05
  1.8411E+01  4.3624E-05
  1.8423E+01  5.0250E-05
  1.8435E+01  5.7991E-05
  1.8447E+01  6.6858E-05
  1.8459E+01  7.6864E-05
  1.8471E+01  8.8038E-05
  1.8482E+01  1.0043E-04
  1.8494E+01  1.1411E-04
  1.8506E+01  1.2919E-04
  1.8518E+01  1.4581E-04
  1.8530E+01  1.6418E-04
  1.8542E+01  1.8453E-04
  1.8554E+01  2.0715E-04
  1.8566E+01  2.3236E-04
  1.8578E+01  2.6051E-04
  1.8590E+01  2.9196E-04
  1.8602E+01  3.2708E-04
  1.8613E+01  3.6622E-04
  1.8625E+01  4.0967E-04
  1.8637E+01  4.5766E-04
  1.8649E+01  5.1033E-04
  1.8661E+01  5.6772E-04
  1.8673E+01  6.2970E-04
  1.8685E+01  6.9601E-04
  1.8697E+01  7.6624E-04
  1.8709E+01  8.3979E-04
  1.8721E+01  9.1587E-04
  1.8733E+01  9.9355E-04
  1.8744E+01  1.0717E-03
  1.8756E+01  1.1491E-03
  1.8768E+01  1.2243E-03
  1.8780E+01  1.2958E-03
  1.8792E+01  1.3621E-03
  1.8804E+01  1.4216E-03
  1.8816E+01  1.4728E-03
  1.8828E+01  1.5144E-03
  1.8840E+01  1.5450E-03
  1.8852E+01  1.5637E-03
  1.8864E+01  1.5698E-03
  1.8875E+01  1.5629E-03
  1.8887E+01  1.5428E-03
  1.8899E+01  1.5100E-03
  1.8911E+01  1.4650E-03
  1.8923E+01  1.4090E-03
  1.8935E+01  1.3431E-03
  1.8947E+01  1.2691E-03
  1.8959E+01  1.1885E-03
  1.8971E+01  1.1035E-03
  1.8983E+01  1.0159E-03
  1.8995E+01  9.2783E-04
  1.9006E+01  8.4122E-04
  1.9018E+01  7.5795E-04
  1.9030E+01  6.7970E-04
  1.9042E+01  6.0795E-04
  1.9054E+01  5.4389E-04
  1.9066E+01  4.8839E-04
  1.9078E+01  4.4199E-04
  1.9090E+01  4.0485E-04
  1.9102E+01  3.7681E-04
  1.9114E+01  3.5736E-04
  1.9126E+01  3.4567E-04
  1.9137E+01  3.4071E-04
  1.9149E+01  3.4121E-04
  1.9161E+01  3.4581E-04
  1.9173E+01  3.5309E-04
  1.9185E+01  3.6166E-04
  1.9197E+01  3.7022E-04
  1.9209E+01  3.7763E-04
  1.9221E+01  3.8295E-04
  1.9233E+01  3.8554E-04
  1.9245E+01  3.8500E-04
  1.9257E+01  3.8130E-04
  1.9268E+01  3.7469E-04
  1.9280E+01  3.6574E-04
  1.9292E+01  3.5532E-04
  1.9304E+01  3.4451E-04
  1.9316E+01  3.3460E-04
  1.9328E+01  3.2698E-04
  1.9340E+01  3.2310E-04
  1.9352E+01  3.2436E-04
  1.9364E+01  3.3209E-04
  1.9376E+01  3.4743E-04
  1.9388E+01  3.7128E-04
  1.9399E+01  4.0428E-04
  1.9411E+01  4.4674E-04
  1.9423E+01  4.9861E-04
  1.9435E+01  5.5950E-04
  1.9447E+01  6.2864E-04
  1.9459E+01  7.0494E-04
  1.9471E+01  7.8697E-04
  1.9483E+01  8.7307E-04
  1.9495E+01  9.6135E-04
  1.9507E+01  1.0498E-03
  1.9519E+01  1.1363E-03
  1.9530E+01  1.2188E-03
  1.9542E+01  1.2954E-03
  1.9554E+01  1.3643E-03
  1.9566E+01  1.4239E-03
  1.9578E+01  1.4729E-03
  1.9590E+01  1.5105E-03
  1.9602E+01  1.5360E-03
  1.9614E+01  1.5491E-03
  1.9626E+01  1.5498E-03
  1.9638E+01  1.5386E-03
  1.9650E+01  1.5160E-03
  1.9661E+01  1.4829E-03
  1.9673E+01  1.4404E-03
  1.9685E+01  1.3897E-03
  1.9697E+01  1.3320E-03
  1.9709E+01  1.2688E-03
  1.9721E+01  1.2015E-03
  1.9733E+01  1.1315E-03
  1.9745E+01  1.0599E-03
  1.9757E+01  9.8815E-04
  1.9769E+01  9.1715E-04
  1.9781E+01  8.4785E-04
  1.9792E+01  7.8095E-04
  1.9804E+01  7.1702E-04
  1.9816E+01  6.5642E-04
  1.9828E+01  5.9937E-04
  1.9840E+01  5.4596E-04
  1.9852E+01  4.9614E-04
  1.9864E+01  4.4980E-04
  1.9876E+01  4.0678E-04
  1.9888E+01  3.6688E-04
  1.9900E+01  3.2988E-04
  1.9912E+01  2.9561E-04
  1.9923E+01  2.6391E-04
  1.9935E+01  2.3467E-04
  1.9947E+01  2.0780E-04
  1.9959E+01  1.8328E-04
  1.9971E+01  1.6109E-04
  1.9983E+01  1.4125E-04
  1.9995E+01  1.2379E-04
  2.0007E+01  1.0872E-04
  2.0019E+01  9.6043E-05
  2.0031E+01  8.5731E-05
  2.0043E+01  7.7709E-05
  2.0054E+01  7.1860E-05
  2.0066E+01  6.8019E-05
  2.0078E+01  6.5975E-05
  2.0090E+01  6.5473E-05
  2.0102E+01  6.6229E-05
  2.0114E+01  6.7936E-05
  2.0126E+01  7.0282E-05
  2.0138E+01  7.2966E-05
  2.0150E+01  7.5711E-05
  2.0162E+01  7.8285E-05
  2.0174E+01  8.0510E-05
  2.0185E+01  8.2277E-05
  2.0197E+01  8.3554E-05
  2.0209E+01  8.4383E-05
  2.0221E+01  8.4887E-05
  2.0233E+01  8.5256E-05
  2.0245E+01  8.5738E-05
  2.0257E+01  8.6625E-05
  2.0269E+01  8.8232E-05
  2.0281E+01  9.0877E-05
  2.0293E+01  9.4862E-05
  2.0305E+01  1.0045E-04
  2.0316E+01  1.0783E-04
  2.0328E+01  1.1715E-04
  2.0340E+01  1.2842E-04
  2.0352E+01  1.4158E-04
  2.0364E+01  1.5647E-04
  2.0376E+01  1.7280E-04
  2.0388E+01  1.9021E-04
  2.0400E+01  2.0824E-04
  2.0412E+01  2.2639E-04
  2.0424E+01  2.4410E-04
  2.0436E+01  2.6081E-04
  2.0447E+01  2.7597E-04
  2.0459E+01  2.8906E-04
  2.0471E+01  2.9964E-04
  2.0483E+01  3.0734E-04
  2.0495E+01  3.1190E-04
  2.0507E+01  3.1316E-04
  2.0519E+01  3.1110E-04
  2.0531E+01  3.0579E-04
  2.0543E+01  2.9744E-04
  2.0555E+01  2.8634E-04
  2.0567E+01  2.7290E-04
  2.0578E+01  2.5758E-04
  2.0590E+01  2.4091E-04
  2.0602E+01  2.2343E-04
  2.0614E+01  2.0570E-04
  2.0626E+01  1.8824E-04
  2.0638E+01  1.7154E-04
  2.0650E+01  1.5600E-04
  2.0662E+01  1.4195E-04
  2.0674E+01  1.2962E-04
  2.0686E+01  1.1912E-04
  2.0698E+01  1.1048E-04
  2.0709E+01  1.0361E-04
  2.0721E+01  9.8345E-05
  2.0733E+01  9.4439E-05
  2.0745E+01  9.1602E-05
  2.0757E+01  8.9508E-05
  2.0769E+01  8.7825E-05
  2.0781E+01  8.6231E-05
  2.0793E+01  8.4436E-05
  2.0805E+01  8.2203E-05
  2.0817E+01  7.9356E-05
  2.0829E+01  7.5792E-05
  2.0840E+01  7.1489E-05
  2.0852E+01  6.6498E-05
  2.0864E+01  6.0944E-05
  2.0876E+01  5.5011E-05
  2.0888E+01  4.8928E-05
  2.0900E+01  4.2953E-05
  2.0912E+01  3.7356E-05
  2.0924E+01  3.2394E-05
  2.0936E+01  2.8298E-05
  2.0948E+01  2.5256E-05
  2.0960E+01  2.3400E-05
  2.0971E+01  2.2795E-05
  2.0983E+01  2.3438E-05
  2.0995E+01  2.5256E-05
  2.1007E+01  2.8108E-05
  2.1019E+01  3.1800E-05
  2.1031E+01  3.6092E-05
  2.1043E+01  4.0717E-05
  2.1055E+01  4.5399E-05
  2.1067E+01  4.9874E-05
  2.1079E+01  5.3908E-05
  2.1091E+01  5.7312E-05
  2.1102E+01  5.9962E-05
  2.1114E+01  6.1808E-05
  2.1126E+01  6.2878E-05
  2.1138E+01  6.3281E-05
  2.1150E+01  6.3203E-05
  2.1162E+01  6.2896E-05
  2.1174E+01  6.2663E-05
  2.1186E+01  6.2846E-05
  2.1198E+01  6.3796E-05
  2.1210E+01  6.5858E-05
  2.1222E+01  6.9347E-05
  2.1233E+01  7.4520E-05
  2.1245E+01  8.1561E-05
  2.1257E+01  9.0562E-05
  2.1269E+01  1.0151E-04
  2.1281E+01  1.1429E-04
  2.1293E+01  1.2865E-04
  2.1305E+01  1.4427E-04
  2.1317E+01  1.6072E-04
  2.1329E+01  1.7749E-04
  2.1341E+01  1.9403E-04
  2.1353E+01  2.0976E-04
  2.1364E+01  2.2410E-04
  2.1376E+01  2.3652E-04
  2.1388E+01  2.4653E-04
  2.1400E+01  2.5371E-04
  2.1412E+01  2.5777E-04
  2.1424E+01  2.5850E-04
  2.1436E+01  2.5587E-04
  2.1448E+01  2.4993E-04
  2.1460E+01  2.4089E-04
  2.1472E+01  2.2908E-04
  2.1483E+01  2.1495E-04
  2.1495E+01  1.9901E-04
  2.1507E+01  1.8187E-04
  2.1519E+01  1.6415E-04
  2.1531E+01  1.4647E-04
  2.1543E+01  1.2943E-04
  2.1555E+01  1.1358E-04
  2.1567E+01  9.9371E-05
  2.1579E+01  8.7148E-05
  2.1591E+01  7.7144E-05
  2.1603E+01  6.9461E-05
  2.1614E+01  6.4076E-05
  2.1626E+01  6.0846E-05
  2.1638E+01  5.9522E-05
  2.1650E+01  5.9765E-05
  2.1662E+01  6.1173E-05
  2.1674E+01  6.3306E-05
  2.1686E+01  6.5713E-05
  2.1698E+01  6.7960E-05
  2.1710E+01  6.9659E-05
  2.1722E+01  7.0490E-05
  2.1734E+01  7.0222E-05
  2.1745E+01  6.8725E-05
  2.1757E+01  6.5977E-05
  2.1769E+01  6.2065E-05
  2.1781E+01  5.7176E-05
  2.1793E+01  5.1587E-05
  2.1805E+01  4.5641E-05
  2.1817E+01  3.9729E-05
  2.1829E+01  3.4263E-05
  2.1841E+01  2.9646E-05
  2.1853E+01  2.6253E-05
  2.1865E+01  2.4404E-05
  2.1876E+01  2.4344E-05
  2.1888E+01  2.6230E-05
  2.1900E+01  3.0121E-05
  2.1912E+01  3.5981E-05
  2.1924E+01  4.3676E-05
  2.1936E+01  5.2998E-05
  2.1948E+01  6.3673E-05
  2.1960E+01  7.5396E-05
  2.1972E+01  8.7856E-05
  2.1984E+01  1.0077E-04
  2.1996E+01  1.1390E-04
  2.2007E+01  1.2712E-04
  2.2019E+01  1.4040E-04
  2.2031E+01  1.5384E-04
  2.2043E+01  1.6770E-04
  2.2055E+01  1.8237E-04
  2.2067E+01  1.9840E-04
  2.2079E+01  2.1645E-04
  2.2091E+01  2.3729E-04
  2.2103E+01  2.6175E-04
  2.2115E+01  2.9069E-04
  2.2127E+01  3.2494E-04
  2.2138E+01  3.6526E-04
  2.2150E+01  4.1227E-04
  2.2162E+01  4.6642E-04
  2.2174E+01  5.2793E-04
  2.2186E+01  5.9677E-04
  2.2198E+01  6.7262E-04
  2.2210E+01  7.5485E-04
  2.2222E+01  8.4255E-04
  2.2234E+01  9.3450E-04
  2.2246E+01  1.0292E-03
  2.2258E+01  1.1250E-03
  2.2269E+01  1.2199E-03
  2.2281E+01  1.3120E-03
  2.2293E+01  1.3991E-03
  2.2305E+01  1.4791E-03
  2.2317E+01  1.5499E-03
  2.2329E+01  1.6097E-03
  2.2341E+01  1.6568E-03
  2.2353E+01  1.6898E-03
  2.2365E+01  1.7075E-03
  2.2377E+01  1.7095E-03
  2.2389E+01  1.6955E-03
  2.2400E+01  1.6657E-03
  2.2412E+01  1.6209E-03
  2.2424E+01  1.5621E-03
  2.2436E+01  1.4911E-03
  2.2448E+01  1.4095E-03
  2.2460E+01  1.3196E-03
  2.2472E+01  1.2235E-03
  2.2484E+01  1.1238E-03
  2.2496E+01  1.0227E-03
  2.2508E+01  9.2256E-04
  2.2520E+01  8.2556E-04
  2.2531E+01  7.3365E-04
  2.2543E+01  6.4849E-04
  2.2555E+01  5.7145E-04
  2.2567E+01  5.0354E-04
  2.2579E+01  4.4541E-04
  2.2591E+01  3.9732E-04
  2.2603E+01  3.5918E-04
  2.2615E+01  3.3054E-04
  2.2627E+01  3.1064E-04
  2.2639E+01  2.9846E-04
  2.2651E+01  2.9279E-04
  2.2662E+01  2.9227E-04
  2.2674E+01  2.9549E-04
  2.2686E+01  3.0102E-04
  2.2698E+01  3.0750E-04
  2.2710E+01  3.1370E-04
  2.2722E+01  3.1857E-04
  2.2734E+01  3.2125E-04
  2.2746E+01  3.2115E-04
  2.2758E+01  3.1790E-04
  2.2770E+01  3.1144E-04
  2.2782E+01  3.0193E-04
  2.2793E+01  2.8979E-04
  2.2805E+01  2.7566E-04
  2.2817E+01  2.6034E-04
  2.2829E+01  2.4478E-04
  2.2841E+01  2.3000E-04
  2.2853E+01  2.1706E-04
  2.2865E+01  2.0701E-04
  2.2877E+01  2.0083E-04
  2.2889E+01  1.9938E-04
  2.2901E+01  2.0339E-04
  2.2913E+01  2.1341E-04
  2.2924E+01  2.2978E-04
  2.2936E+01  2.5267E-04
  2.2948E+01  2.8200E-04
  2.2960E+01  3.1749E-04
  2.2972E+01  3.5869E-04
  2.2984E+01  4.0494E-04
  2.2996E+01  4.5545E-04
  2.3008E+01  5.0929E-04
  2.3020E+01  5.6542E-04
  2.3032E+01  6.2278E-04
  2.3044E+01  6.8025E-04
  2.3055E+01  7.3674E-04
  2.3067E+01  7.9120E-04
  2.3079E+01  8.4267E-04
  2.3091E+01  8.9027E-04
  2.3103E+01  9.3328E-04
  2.3115E+01  9.7108E-04
  2.3127E+01  1.0032E-03
  2.3139E+01  1.0293E-03
  2.3151E+01  1.0492E-03
  2.3163E+01  1.0629E-03
  2.3175E+01  1.0703E-03
  2.3186E+01  1.0716E-03
  2.3198E+01  1.0670E-03
  2.3210E+01  1.0569E-03
  2.3222E+01  1.0416E-03
  2.3234E+01  1.0215E-03
  2.3246E+01  9.9711E-04
  2.3258E+01  9.6889E-04
  2.3270E+01  9.3736E-04
  2.3282E+01  9.0306E-04
  2.3294E+01  8.6651E-04
  2.3306E+01  8.2821E-04
  2.3317E+01  7.8867E-04
  2.3329E+01  7.4833E-04
  2.3341E+01  7.0763E-04
  2.3353E+01  6.6695E-04
  2.3365E+01  6.2661E-04
  2.3377E+01  5.8691E-04
  2.3389E+01  5.4809E-04
  2.3401E+01  5.1034E-04
  2.3413E+01  4.7383E-04
  2.3425E+01  4.3868E-04
  2.3437E+01  4.0498E-04
  2.3448E+01  3.7279E-04
  2.3460E+01  3.4215E-04
  2.3472E+01  3.1310E-04
  2.3484E+01  2.8563E-04
  2.3496E+01  2.5975E-04
  2.3508E+01  2.3545E-04
  2.3520E+01  2.1269E-04
  2.3532E+01  1.9146E-04
  2.3544E+01  1.7172E-04
  2.3556E+01  1.5346E-04
  2.3568E+01  1.3662E-04
  2.3579E+01  1.2119E-04
  2.3591E+01  1.0713E-04
  2.3603E+01  9.4421E-05
  2.3615E+01  8.3034E-05
  2.3627E+01  7.2947E-05
  2.3639E+01  6.4137E-05
  2.3651E+01  5.6579E-05
  2.3663E+01  5.0248E-05
  2.3675E+01  4.5112E-05
  2.3687E+01  4.1133E-05
  2.3699E+01  3.8263E-05
  2.3710E+01  3.6447E-05
  2.3722E+01  3.5617E-05
  2.3734E+01  3.5696E-05
  2.3746E+01  3.6597E-05
  2.3758E+01  3.8224E-05
  2.3770E+01  4.0475E-05
  2.3782E+01  4.3243E-05
  2.3794E+01  4.6420E-05
  2.3806E+01  4.9899E-05
  2.3818E+01  5.3577E-05
  2.3830E+01  5.7358E-05
  2.3841E+01  6.1153E-05
  2.3853E+01  6.4884E-05
  2.3865E+01  6.8486E-05
  2.3877E+01  7.1907E-05
  2.3889E+01  7.5106E-05
  2.3901E+01  7.8057E-05
  2.3913E+01  8.0748E-05
  2.3925E+01  8.3176E-05
  2.3937E+01  8.5351E-05
  2.3949E+01  8.7291E-05
  2.3961E+01  8.9019E-05
  2.3972E+01  9.0564E-05
  2.3984E+01  9.1958E-05
  2.3996E+01  9.3234E-05
  2.4008E+01  9.4422E-05
  2.4020E+01  9.5552E-05
  2.4032E+01  9.6651E-05
  2.4044E+01  9.7743E-05
  2.4056E+01  9.8847E-05
  2.4068E+01  9.9983E-05
  2.4080E+01  1.0117E-04
  2.4092E+01  1.0241E-04
  2.4103E+01  1.0373E-04
  2.4115E+01  1.0514E-04
  2.4127E+01  1.0664E-04
  2.4139E+01  1.0826E-04
  2.4151E+01  1.1001E-04
  2.4163E+01  1.1188E-04
  2.4175E+01  1.1388E-04
  2.4187E+01  1.1601E-04
  2.4199E+01  1.1826E-04
  2.4211E+01  1.2061E-04
  2.4223E+01  1.2301E-04
  2.4234E+01  1.2542E-04
  2.4246E+01  1.2779E-04
  2.4258E+01  1.3002E-04
  2.4270E+01  1.3203E-04
  2.4282E+01  1.3372E-04
  2.4294E+01  1.3499E-04
  2.4306E+01  1.3572E-04
  2.4318E+01  1.3580E-04
  2.4330E+01  1.3514E-04
  2.4342E+01  1.3365E-04
  2.4354E+01  1.3127E-04
  2.4365E+01  1.2796E-04
  2.4377E+01  1.2373E-04
  2.4389E+01  1.1861E-04
  2.4401E+01  1.1268E-04
  2.4413E+01  1.0603E-04
  2.4425E+01  9.8833E-05
  2.4437E+01  9.1251E-05
  2.4449E+01  8.3492E-05
  2.4461E+01  7.5775E-05
  2.4473E+01  6.8331E-05
  2.4485E+01  6.1387E-05
  2.4496E+01  5.5161E-05
  2.4508E+01  4.9847E-05
  2.4520E+01  4.5611E-05
  2.4532E+01  4.2576E-05
  2.4544E+01  4.0818E-05
  2.4556E+01  4.0362E-05
  2.4568E+01  4.1175E-05
  2.4580E+01  4.3168E-05
  2.4592E+01  4.6201E-05
  2.4604E+01  5.0081E-05
  2.4616E+01  5.4581E-05
  2.4627E+01  5.9439E-05
  2.4639E+01  6.4381E-05
  2.4651E+01  6.9126E-05
  2.4663E+01  7.3407E-05
  2.4675E+01  7.6978E-05
  2.4687E+01  7.9630E-05
  2.4699E+01  8.1200E-05
  2.4711E+01  8.1579E-05
  2.4723E+01  8.0720E-05
  2.4735E+01  7.8634E-05
  2.4747E+01  7.5399E-05
  2.4758E+01  7.1146E-05
  2.4770E+01  6.6059E-05
  2.4782E+01  6.0363E-05
  2.4794E+01  5.4312E-05
  2.4806E+01  4.8174E-05
  2.4818E+01  4.2219E-05
  2.4830E+01  3.6702E-05
  2.4842E+01  3.1848E-05
  2.4854E+01  2.7843E-05
  2.4866E+01  2.4820E-05
  2.4878E+01  2.2854E-05
  2.4889E+01  2.1962E-05
  2.4901E+01  2.2098E-05
  2.4913E+01  2.3162E-05
  2.4925E+01  2.5003E-05
  2.4937E+01  2.7434E-05
  2.4949E+01  3.0242E-05
  2.4961E+01  3.3200E-05
  2.4973E+01  3.6086E-05
  2.4985E+01  3.8696E-05
  2.4997E+01  4.0857E-05
  2.5009E+01  4.2437E-05
  2.5020E+01  4.3359E-05
  2.5032E+01  4.3602E-05
  2.5044E+01  4.3203E-05
  2.5056E+01  4.2259E-05
  2.5068E+01  4.0917E-05
  2.5080E+01  3.9365E-05
  2.5092E+01  3.7821E-05
  2.5104E+01  3.6514E-05
  2.5116E+01  3.5673E-05
  2.5128E+01  3.5508E-05
  2.5140E+01  3.6195E-05
  2.5151E+01  3.7859E-05
  2.5163E+01  4.0570E-05
  2.5175E+01  4.4328E-05
  2.5187E+01  4.9063E-05
  2.5199E+01  5.4635E-05
  2.5211E+01  6.0839E-05
  2.5223E+01  6.7415E-05
  2.5235E+01  7.4061E-05
  2.5247E+01  8.0450E-05
  2.5259E+01  8.6248E-05
  2.5271E+01  9.1138E-05
  2.5282E+01  9.4837E-05
  2.5294E+01  9.7115E-05
  2.5306E+01  9.7813E-05
  2.5318E+01  9.6853E-05
  2.5330E+01  9.4245E-05
  2.5342E+01  9.0091E-05
  2.5354E+01  8.4583E-05
  2.5366E+01  7.7992E-05
  2.5378E+01  7.0655E-05
  2.5390E+01  6.2962E-05
  2.5401E+01  5.5330E-05
  2.5413E+01  4.8184E-05
  2.5425E+01  4.1934E-05
  2.5437E+01  3.6946E-05
  2.5449E+01  3.3528E-05
  2.5461E+01  3.1903E-05
  2.5473E+01  3.2203E-05
  2.5485E+01  3.4455E-05
  2.5497E+01  3.8582E-05
  2.5509E+01  4.4405E-05
  2.5521E+01  5.1661E-05
  2.5532E+01  6.0013E-05
  2.5544E+01  6.9079E-05
  2.5556E+01  7.8459E-05
  2.5568E+01  8.7762E-05
  2.5580E+01  9.6636E-05
  2.5592E+01  1.0480E-04
  2.5604E+01  1.1208E-04
  2.5616E+01  1.1839E-04
  2.5628E+01  1.2381E-04
  2.5640E+01  1.2855E-04
  2.5652E+01  1.3296E-04
  2.5663E+01  1.3753E-04
  2.5675E+01  1.4286E-04
  2.5687E+01  1.4964E-04
  2.5699E+01  1.5863E-04
  2.5711E+01  1.7059E-04
  2.5723E+01  1.8627E-04
  2.5735E+01  2.0632E-04
  2.5747E+01  2.3132E-04
  2.5759E+01  2.6164E-04
  2.5771E+01  2.9750E-04
  2.5783E+01  3.3888E-04
  2.5794E+01  3.8551E-04
  2.5806E+01  4.3690E-04
  2.5818E+01  4.9227E-04
  2.5830E+01  5.5063E-04
  2.5842E+01  6.1078E-04
  2.5854E+01  6.7133E-04
  2.5866E+01  7.3076E-04
  2.5878E+01  7.8749E-04
  2.5890E+01  8.3990E-04
  2.5902E+01  8.8646E-04
  2.5914E+01  9.2573E-04
  2.5925E+01  9.5647E-04
  2.5937E+01  9.7770E-04
  2.5949E+01  9.8869E-04
  2.5961E+01  9.8907E-04
  2.5973E+01  9.7881E-04
  2.5985E+01  9.5820E-04
  2.5997E+01  9.2789E-04
  2.6009E+01  8.8883E-04
  2.6021E+01  8.4226E-04
  2.6033E+01  7.8961E-04
  2.6045E+01  7.3252E-04
  2.6056E+01  6.7271E-04
  2.6068E+01  6.1194E-04
  2.6080E+01  5.5196E-04
  2.6092E+01  4.9440E-04
  2.6104E+01  4.4078E-04
  2.6116E+01  3.9235E-04
  2.6128E+01  3.5016E-04
  2.6140E+01  3.1493E-04
  2.6152E+01  2.8708E-04
  2.6164E+01  2.6670E-04
  2.6176E+01  2.5356E-04
  2.6187E+01  2.4716E-04
  2.6199E+01  2.4672E-04
  2.6211E+01  2.5125E-04
  2.6223E+01  2.5963E-04
  2.6235E+01  2.7064E-04
  2.6247E+01  2.8300E-04
  2.6259E+01  2.9551E-04
  2.6271E+01  3.0704E-04
  2.6283E+01  3.1660E-04
  2.6295E+01  3.2342E-04
  2.6307E+01  3.2694E-04
  2.6318E+01  3.2687E-04
  2.6330E+01  3.2320E-04
  2.6342E+01  3.1616E-04
  2.6354E+01  3.0627E-04
  2.6366E+01  2.9427E-04
  2.6378E+01  2.8109E-04
  2.6390E+01  2.6784E-04
  2.6402E+01  2.5569E-04
  2.6414E+01  2.4588E-04
  2.6426E+01  2.3964E-04
  2.6438E+01  2.3810E-04
  2.6449E+01  2.4230E-04
  2.6461E+01  2.5311E-04
  2.6473E+01  2.7119E-04
  2.6485E+01  2.9697E-04
  2.6497E+01  3.3064E-04
  2.6509E+01  3.7212E-04
  2.6521E+01  4.2106E-04
  2.6533E+01  4.7691E-04
  2.6545E+01  5.3883E-04
  2.6557E+01  6.0583E-04
  2.6569E+01  6.7674E-04
  2.6580E+01  7.5026E-04
  2.6592E+01  8.2504E-04
  2.6604E+01  8.9969E-04
  2.6616E+01  9.7284E-04
  2.6628E+01  1.0432E-03
  2.6640E+01  1.1095E-03
  2.6652E+01  1.1708E-03
  2.6664E+01  1.2261E-03
  2.6676E+01  1.2745E-03
  2.6688E+01  1.3157E-03
  2.6700E+01  1.3491E-03
  2.6711E+01  1.3744E-03
  2.6723E+01  1.3917E-03
  2.6735E+01  1.4010E-03
  2.6747E+01  1.4025E-03
  2.6759E+01  1.3964E-03
  2.6771E+01  1.3834E-03
  2.6783E+01  1.3637E-03
  2.6795E+01  1.3381E-03
  2.6807E+01  1.3072E-03
  2.6819E+01  1.2716E-03
  2.6831E+01  1.2320E-03
  2.6842E+01  1.1891E-03
  2.6854E+01  1.1436E-03
  2.6866E+01  1.0959E-03
  2.6878E+01  1.0468E-03
  2.6890E+01  9.9679E-04
  2.6902E+01  9.4627E-04
  2.6914E+01  8.9569E-04
  2.6926E+01  8.4541E-04
  2.6938E+01  7.9575E-04
  2.6950E+01  7.4697E-04
  2.6962E+01  6.9930E-04
  2.6973E+01  6.5292E-04
  2.6985E+01  6.0801E-04
  2.6997E+01  5.6468E-04
  2.7009E+01  5.2305E-04
  2.7021E+01  4.8320E-04
  2.7033E+01  4.4520E-04
  2.7045E+01  4.0909E-04
  2.7057E+01  3.7490E-04
  2.7069E+01  3.4263E-04
  2.7081E+01  3.1228E-04
  2.7093E+01  2.8384E-04
  2.7104E+01  2.5726E-04
  2.7116E+01  2.3252E-04
  2.7128E+01  2.0955E-04
  2.7140E+01  1.8832E-04
  2.7152E+01  1.6878E-04
  2.7164E+01  1.5088E-04
  2.7176E+01  1.3458E-04
  2.7188E+01  1.1984E-04
  2.7200E+01  1.0664E-04
  2.7212E+01  9.4967E-05
  2.7224E+01  8.4794E-05
  2.7235E+01  7.6115E-05
  2.7247E+01  6.8921E-05
  2.7259E+01  6.3202E-05
  2.7271E+01  5.8946E-05
  2.7283E+01  5.6134E-05
  2.7295E+01  5.4738E-05
  2.7307E+01  5.4718E-05
  2.7319E+01  5.6024E-05
  2.7331E+01  5.8592E-05
  2.7343E+01  6.2341E-05
  2.7355E+01  6.7180E-05
  2.7366E+01  7.3003E-05
  2.7378E+01  7.9693E-05
  2.7390E+01  8.7123E-05
  2.7402E+01  9.5157E-05
  2.7414E+01  1.0366E-04
  2.7426E+01  1.1248E-04
  2.7438E+01  1.2150E-04
  2.7450E+01  1.3056E-04
  2.7462E+01  1.3956E-04
  2.7474E+01  1.4837E-04
  2.7486E+01  1.5690E-04
  2.7497E+01  1.6506E-04
  2.7509E+01  1.7278E-04
  2.7521E+01  1.8001E-04
  2.7533E+01  1.8671E-04
  2.7545E+01  1.9285E-04
  2.7557E+01  1.9843E-04
  2.7569E+01  2.0343E-04
  2.7581E+01  2.0786E-04
  2.7593E+01  2.1173E-04
  2.7605E+01  2.1506E-04
  2.7617E+01  2.1784E-04
  2.7628E+01  2.2011E-04
  2.7640E+01  2.2187E-04
  2.7652E+01  2.2314E-04
  2.7664E+01  2.2394E-04
  2.7676E+01  2.2429E-04
  2.7688E+01  2.2420E-04
  2.7700E+01  2.2370E-04
  2.7712E+01  2.2280E-04
  2.7724E+01  2.2154E-04
  2.7736E+01  2.1994E-04
  2.7748E+01  2.1801E-04
  2.7759E+01  2.1579E-04
  2.7771E+01  2.1329E-04
  2.7783E+01  2.1053E-04
  2.7795E+01  2.0751E-04
  2.7807E+01  2.0424E-04
  2.7819E+01  2.0073E-04
  2.7831E+01  1.9694E-04
  2.7843E+01  1.9288E-04
  2.7855E+01  1.8851E-04
  2.7867E+01  1.8381E-04
  2.7879E+01  1.7874E-04
  2.7890E+01  1.7328E-04
  2.7902E+01  1.6740E-04
  2.7914E+01  1.6107E-04
  2.7926E+01  1.5430E-04
  2.7938E+01  1.4708E-04
  2.7950E+01  1.3944E-04
  2.7962E+01  1.3142E-04
  2.7974E+01  1.2308E-04
  2.7986E+01  1.1450E-04
  2.7998E+01  1.0578E-04
  2.8010E+01  9.7053E-05
  2.8021E+01  8.8448E-05
  2.8033E+01  8.0121E-05
  2.8045E+01  7.2232E-05
  2.8057E+01  6.4946E-05
  2.8069E+01  5.8422E-05
  2.8081E+01  5.2808E-05
  2.8093E+01  4.8237E-05
  2.8105E+01  4.4812E-05
  2.8117E+01  4.2610E-05
  2.8129E+01  4.1668E-05
  2.8141E+01  4.1985E-05
  2.8152E+01  4.3517E-05
  2.8164E+01  4.6182E-05
  2.8176E+01  4.9857E-05
  2.8188E+01  5.4385E-05
  2.8200E+01  5.9583E-05
  2.8212E+01  6.5247E-05
  2.8224E+01  7.1162E-05
  2.8236E+01  7.7115E-05
  2.8248E+01  8.2898E-05
  2.8260E+01  8.8324E-05
  2.8272E+01  9.3233E-05
  2.8283E+01  9.7499E-05
  2.8295E+01  1.0104E-04
  2.8307E+01  1.0381E-04
  2.8319E+01  1.0582E-04
  2.8331E+01  1.0713E-04
  2.8343E+01  1.0783E-04
  2.8355E+01  1.0806E-04
  2.8367E+01  1.0797E-04
  2.8379E+01  1.0774E-04
  2.8391E+01  1.0756E-04
  2.8403E+01  1.0762E-04
  2.8414E+01  1.0809E-04
  2.8426E+01  1.0911E-04
  2.8438E+01  1.1078E-04
  2.8450E+01  1.1318E-04
  2.8462E+01  1.1632E-04
  2.8474E+01  1.2017E-04
  2.8486E+01  1.2467E-04
  2.8498E+01  1.2968E-04
  2.8510E+01  1.3504E-04
  2.8522E+01  1.4057E-04
  2.8534E+01  1.4605E-04
  2.8545E+01  1.5127E-04
  2.8557E+01  1.5600E-04
  2.8569E+01  1.6006E-04
  2.8581E+01  1.6328E-04
  2.8593E+01  1.6551E-04
  2.8605E+01  1.6669E-04
  2.8617E+01  1.6676E-04
  2.8629E+01  1.6575E-04
  2.8641E+01  1.6371E-04
  2.8653E+01  1.6077E-04
  2.8665E+01  1.5706E-04
  2.8676E+01  1.5277E-04
  2.8688E+01  1.4809E-04
  2.8700E+01  1.4322E-04
  2.8712E+01  1.3836E-04
  2.8724E+01  1.3368E-04
  2.8736E+01  1.2932E-04
  2.8748E+01  1.2541E-04
  2.8760E+01  1.2200E-04
  2.8772E+01  1.1912E-04
  2.8784E+01  1.1673E-04
  2.8796E+01  1.1476E-04
  2.8807E+01  1.1310E-04
  2.8819E+01  1.1159E-04
  2.8831E+01  1.1009E-04
  2.8843E+01  1.0840E-04
  2.8855E+01  1.0636E-04
  2.8867E+01  1.0382E-04
  2.8879E+01  1.0065E-04
  2.8891E+01  9.6767E-05
  2.8903E+01  9.2143E-05
  2.8915E+01  8.6791E-05
  2.8927E+01  8.0783E-05
  2.8938E+01  7.4247E-05
  2.8950E+01  6.7356E-05
  2.8962E+01  6.0326E-05
  2.8974E+01  5.3399E-05
  2.8986E+01  4.6836E-05
  2.8998E+01  4.0895E-05
  2.9010E+01  3.5820E-05
  2.9022E+01  3.1823E-05
  2.9034E+01  2.9074E-05
  2.9046E+01  2.7685E-05
  2.9058E+01  2.7706E-05
  2.9069E+01  2.9118E-05
  2.9081E+01  3.1837E-05
  2.9093E+01  3.5716E-05
  2.9105E+01  4.0554E-05
  2.9117E+01  4.6109E-05
  2.9129E+01  5.2116E-05
  2.9141E+01  5.8301E-05
  2.9153E+01  6.4406E-05
  2.9165E+01  7.0200E-05
  2.9177E+01  7.5507E-05
  2.9188E+01  8.0217E-05
  2.9200E+01  8.4298E-05
  2.9212E+01  8.7810E-05
  2.9224E+01  9.0903E-05
  2.9236E+01  9.3818E-05
  2.9248E+01  9.6878E-05
  2.9260E+01  1.0048E-04
  2.9272E+01  1.0505E-04
  2.9284E+01  1.1107E-04
  2.9296E+01  1.1901E-04
  2.9308E+01  1.2930E-04
  2.9319E+01  1.4234E-04
  2.9331E+01  1.5841E-04
  2.9343E+01  1.7772E-04
  2.9355E+01  2.0032E-04
  2.9367E+01  2.2614E-04
  2.9379E+01  2.5493E-04
  2.9391E+01  2.8630E-04
  2.9403E+01  3.1971E-04
  2.9415E+01  3.5446E-04
  2.9427E+01  3.8977E-04
  2.9439E+01  4.2474E-04
  2.9450E+01  4.5843E-04
  2.9462E+01  4.8987E-04
  2.9474E+01  5.1815E-04
  2.9486E+01  5.4238E-04
  2.9498E+01  5.6181E-04
  2.9510E+01  5.7581E-04
  2.9522E+01  5.8392E-04
  2.9534E+01  5.8586E-04
  2.9546E+01  5.8158E-04
  2.9558E+01  5.7120E-04
  2.9570E+01  5.5506E-04
  2.9581E+01  5.3370E-04
  2.9593E+01  5.0780E-04
  2.9605E+01  4.7823E-04
  2.9617E+01  4.4592E-04
  2.9629E+01  4.1191E-04
  2.9641E+01  3.7726E-04
  2.9653E+01  3.4303E-04
  2.9665E+01  3.1019E-04
  2.9677E+01  2.7965E-04
  2.9689E+01  2.5219E-04
  2.9701E+01  2.2841E-04
  2.9712E+01  2.0872E-04
  2.9724E+01  1.9337E-04
  2.9736E+01  1.8238E-04
  2.9748E+01  1.7559E-04
  2.9760E+01  1.7266E-04
  2.9772E+01  1.7310E-04
  2.9784E+01  1.7628E-04
  2.9796E+01  1.8150E-04
  2.9808E+01  1.8800E-04
  2.9820E+01  1.9502E-04
  2.9832E+01  2.0181E-04
  2.9843E+01  2.0771E-04
  2.9855E+01  2.1214E-04
  2.9867E+01  2.1469E-04
  2.9879E+01  2.1505E-04
  2.9891E+01  2.1311E-04
  2.9903E+01  2.0895E-04
  2.9915E+01  2.0277E-04
  2.9927E+01  1.9498E-04
  2.9939E+01  1.8610E-04
  2.9951E+01  1.7677E-04
  2.9963E+01  1.6772E-04
  2.9974E+01  1.5972E-04
  2.9986E+01  1.5355E-04
  2.9998E+01  1.4997E-04
  3.0010E+01  1.4968E-04
  3.0022E+01  1.5326E-04
  3.0034E+01  1.6121E-04
  3.0046E+01  1.7386E-04
  3.0058E+01  1.9138E-04
  3.0070E+01  2.1378E-04
  3.0082E+01  2.4088E-04
  3.0094E+01  2.7234E-04
  3.0105E+01  3.0768E-04
  3.0117E+01  3.4625E-04
  3.0129E+01  3.8730E-04
  3.0141E+01  4.3001E-04
  3.0153E+01  4.7348E-04
  3.0165E+01  5.1681E-04
  3.0177E+01  5.5909E-04
  3.0189E+01  5.9945E-04
  3.0201E+01  6.3709E-04
  3.0213E+01  6.7129E-04
  3.0225E+01  7.0144E-04
  3.0236E+01  7.2703E-04
  3.0248E+01  7.4768E-04
  3.0260E+01  7.6316E-04
  3.0272E+01  7.7333E-04
  3.0284E+01  7.7819E-04
  3.0296E+01  7.7787E-04
  3.0308E+01  7.7258E-04
  3.0320E+01  7.6264E-04
  3.0332E+01  7.4843E-04
  3.0344E+01  7.3040E-04
  3.0356E+01  7.0904E-04
  3.0367E+01  6.8487E-04
  3.0379E+01  6.5840E-04
  3.0391E+01  6.3014E-04
  3.0403E+01  6.0059E-04
  3.0415E+01  5.7019E-04
  3.0427E+01  5.3935E-04
  3.0439E+01  5.0845E-04
  3.0451E+01  4.7778E-04
  3.0463E+01  4.4763E-04
  3.0475E+01  4.1820E-04
  3.0487E+01  3.8967E-04
  3.0498E+01  3.6216E-04
  3.0510E+01  3.3579E-04
  3.0522E+01  3.1061E-04
  3.0534E+01  2.8668E-04
  3.0546E+01  2.6401E-04
  3.0558E+01  2.4261E-04
  3.0570E+01  2.2249E-04
  3.0582E+01  2.0361E-04
  3.0594E+01  1.8597E-04
  3.0606E+01  1.6952E-04
  3.0618E+01  1.5424E-04
  3.0629E+01  1.4008E-04
  3.0641E+01  1.2701E-04
  3.0653E+01  1.1496E-04
  3.0665E+01  1.0390E-04
  3.0677E+01  9.3768E-05
  3.0689E+01  8.4522E-05
  3.0701E+01  7.6108E-05
  3.0713E+01  6.8480E-05
  3.0725E+01  6.1592E-05
  3.0737E+01  5.5403E-05
  3.0749E+01  4.9877E-05
  3.0760E+01  4.4984E-05
  3.0772E+01  4.0701E-05
  3.0784E+01  3.7010E-05
  3.0796E+01  3.3903E-05
  3.0808E+01  3.1377E-05
  3.0820E+01  2.9436E-05
  3.0832E+01  2.8090E-05
  3.0844E+01  2.7354E-05
  3.0856E+01  2.7244E-05
  3.0868E+01  2.7782E-05
  3.0880E+01  2.8986E-05
  3.0891E+01  3.0874E-05
  3.0903E+01  3.3462E-05
  3.0915E+01  3.6758E-05
  3.0927E+01  4.0767E-05
  3.0939E+01  4.5483E-05
  3.0951E+01  5.0891E-05
  3.0963E+01  5.6968E-05
  3.0975E+01  6.3678E-05
  3.0987E+01  7.0976E-05
  3.0999E+01  7.8806E-05
  3.1011E+01  8.7101E-05
  3.1022E+01  9.5786E-05
  3.1034E+01  1.0478E-04
  3.1046E+01  1.1399E-04
  3.1058E+01  1.2332E-04
  3.1070E+01  1.3266E-04
  3.1082E+01  1.4193E-04
  3.1094E+01  1.5100E-04
  3.1106E+01  1.5976E-04
  3.1118E+01  1.6813E-04
  3.1130E+01  1.7597E-04
  3.1142E+01  1.8320E-04
  3.1153E+01  1.8971E-04
  3.1165E+01  1.9542E-04
  3.1177E+01  2.0023E-04
  3.1189E+01  2.0408E-04
  3.1201E+01  2.0691E-04
  3.1213E+01  2.0868E-04
  3.1225E+01  2.0935E-04
  3.1237E+01  2.0892E-04
  3.1249E+01  2.0740E-04
  3.1261E+01  2.0482E-04
  3.1273E+01  2.0123E-04
  3.1284E+01  1.9670E-04
  3.1296E+01  1.9129E-04
  3.1308E+01  1.8512E-04
  3.1320E+01  1.7829E-04
  3.1332E+01  1.7091E-04
  3.1344E+01  1.6310E-04
  3.1356E+01  1.5498E-04
  3.1368E+01  1.4668E-04
  3.1380E+01  1.3831E-04
  3.1392E+01  1.2998E-04
  3.1404E+01  1.2178E-04
  3.1415E+01  1.1379E-04
  3.1427E+01  1.0610E-04
  3.1439E+01  9.8737E-05
  3.1451E+01  9.1754E-05
  3.1463E+01  8.5164E-05
  3.1475E+01  7.8974E-05
  3.1487E+01  7.3175E-05
  3.1499E+01  6.7744E-05
  3.1511E+01  6.2655E-05
  3.1523E+01  5.7874E-05
  3.1535E+01  5.3364E-05
  3.1546E+01  4.9094E-05
  3.1558E+01  4.5033E-05
  3.1570E+01  4.1160E-05
  3.1582E+01  3.7464E-05
  3.1594E+01  3.3944E-05
  3.1606E+01  3.0610E-05
  3.1618E+01  2.7483E-05
  3.1630E+01  2.4595E-05
  3.1642E+01  2.1985E-05
  3.1654E+01  1.9698E-05
  3.1666E+01  1.7781E-05
  3.1677E+01  1.6280E-05
  3.1689E+01  1.5240E-05
  3.1701E+01  1.4697E-05
  3.1713E+01  1.4678E-05
  3.1725E+01  1.5201E-05
  3.1737E+01  1.6272E-05
  3.1749E+01  1.7884E-05
  3.1761E+01  2.0019E-05
  3.1773E+01  2.2652E-05
  3.1785E+01  2.5748E-05
  3.1797E+01  2.9270E-05
  3.1808E+01  3.3179E-05
  3.1820E+01  3.7438E-05
  3.1832E+01  4.2018E-05
  3.1844E+01  4.6897E-05
  3.1856E+01  5.2068E-05
  3.1868E+01  5.7534E-05
  3.1880E+01  6.3315E-05
  3.1892E+01  6.9444E-05
  3.1904E+01  7.5967E-05
  3.1916E+01  8.2940E-05
  3.1928E+01  9.0422E-05
  3.1939E+01  9.8477E-05
  3.1951E+01  1.0716E-04
  3.1963E+01  1.1652E-04
  3.1975E+01  1.2659E-04
  3.1987E+01  1.3736E-04
  3.1999E+01  1.4882E-04
  3.2011E+01  1.6092E-04
  3.2023E+01  1.7355E-04
  3.2035E+01  1.8660E-04
  3.2047E+01  1.9988E-04
  3.2059E+01  2.1322E-04
  3.2070E+01  2.2636E-04
  3.2082E+01  2.3907E-04
  3.2094E+01  2.5107E-04
  3.2106E+01  2.6209E-04
  3.2118E+01  2.7186E-04
  3.2130E+01  2.8014E-04
  3.2142E+01  2.8669E-04
  3.2154E+01  2.9133E-04
  3.2166E+01  2.9391E-04
  3.2178E+01  2.9433E-04
  3.2190E+01  2.9256E-04
  3.2201E+01  2.8860E-04
  3.2213E+01  2.8254E-04
  3.2225E+01  2.7450E-04
  3.2237E+01  2.6466E-04
  3.2249E+01  2.5324E-04
  3.2261E+01  2.4049E-04
  3.2273E+01  2.2672E-04
  3.2285E+01  2.1220E-04
  3.2297E+01  1.9726E-04
  3.2309E+01  1.8219E-04
  3.2321E+01  1.6727E-04
  3.2332E+01  1.5275E-04
  3.2344E+01  1.3887E-04
  3.2356E+01  1.2579E-04
  3.2368E+01  1.1365E-04
  3.2380E+01  1.0253E-04
  3.2392E+01  9.2472E-05
  3.2404E+01  8.3468E-05
  3.2416E+01  7.5474E-05
  3.2428E+01  6.8412E-05
  3.2440E+01  6.2183E-05
  3.2452E+01  5.6671E-05
  3.2463E+01  5.1756E-05
  3.2475E+01  4.7320E-05
  3.2487E+01  4.3257E-05
  3.2499E+01  3.9477E-05
  3.2511E+01  3.5914E-05
  3.2523E+01  3.2528E-05
  3.2535E+01  2.9306E-05
  3.2547E+01  2.6260E-05
  3.2559E+01  2.3428E-05
  3.2571E+01  2.0868E-05
  3.2583E+01  1.8651E-05
  3.2594E+01  1.6857E-05
  3.2606E+01  1.5570E-05
  3.2618E+01  1.4869E-05
  3.2630E+01  1.4823E-05
  3.2642E+01  1.5491E-05
  3.2654E+01  1.6911E-05
  3.2666E+01  1.9108E-05
  3.2678E+01  2.2087E-05
  3.2690E+01  2.5840E-05
  3.2702E+01  3.0351E-05
  3.2714E+01  3.5595E-05
  3.2725E+01  4.1553E-05
  3.2737E+01  4.8214E-05
  3.2749E+01  5.5583E-05
  3.2761E+01  6.3688E-05
  3.2773E+01  7.2587E-05
  3.2785E+01  8.2369E-05
  3.2797E+01  9.3158E-05
  3.2809E+01  1.0511E-04
  3.2821E+01  1.1841E-04
  3.2833E+01  1.3328E-04
  3.2845E+01  1.4992E-04
  3.2856E+01  1.6857E-04
  3.2868E+01  1.8944E-04
  3.2880E+01  2.1270E-04
  3.2892E+01  2.3850E-04
  3.2904E+01  2.6692E-04
  3.2916E+01  2.9795E-04
  3.2928E+01  3.3150E-04
  3.2940E+01  3.6738E-04
  3.2952E+01  4.0530E-04
  3.2964E+01  4.4485E-04
  3.2976E+01  4.8551E-04
  3.2987E+01  5.2667E-04
  3.2999E+01  5.6763E-04
  3.3011E+01  6.0764E-04
  3.3023E+01  6.4587E-04
  3.3035E+01  6.8149E-04
  3.3047E+01  7.1369E-04
  3.3059E+01  7.4167E-04
  3.3071E+01  7.6471E-04
  3.3083E+01  7.8217E-04
  3.3095E+01  7.9352E-04
  3.3106E+01  7.9838E-04
  3.3118E+01  7.9652E-04
  3.3130E+01  7.8788E-04
  3.3142E+01  7.7257E-04
  3.3154E+01  7.5088E-04
  3.3166E+01  7.2326E-04
  3.3178E+01  6.9035E-04
  3.3190E+01  6.5291E-04
  3.3202E+01  6.1182E-04
  3.3214E+01  5.6807E-04
  3.3226E+01  5.2268E-04
  3.3237E+01  4.7671E-04
  3.3249E+01  4.3120E-04
  3.3261E+01  3.8713E-04
  3.3273E+01  3.4540E-04
  3.3285E+01  3.0680E-04
  3.3297E+01  2.7198E-04
  3.3309E+01  2.4141E-04
  3.3321E+01  2.1541E-04
  3.3333E+01  1.9412E-04
  3.3345E+01  1.7751E-04
  3.3357E+01  1.6537E-04
  3.3368E+01  1.5737E-04
  3.3380E+01  1.5302E-04
  3.3392E+01  1.5175E-04
  3.3404E+01  1.5291E-04
  3.3416E+01  1.5581E-04
  3.3428E+01  1.5976E-04
  3.3440E+01  1.6409E-04
  3.3452E+01  1.6818E-04
  3.3464E+01  1.7150E-04
  3.3476E+01  1.7364E-04
  3.3488E+01  1.7429E-04
  3.3499E+01  1.7329E-04
  3.3511E+01  1.7064E-04
  3.3523E+01  1.6644E-04
  3.3535E+01  1.6095E-04
  3.3547E+01  1.5453E-04
  3.3559E+01  1.4766E-04
  3.3571E+01  1.4088E-04
  3.3583E+01  1.3477E-04
  3.3595E+01  1.2994E-04
  3.3607E+01  1.2701E-04
  3.3619E+01  1.2653E-04
  3.3630E+01  1.2900E-04
  3.3642E+01  1.3483E-04
  3.3654E+01  1.4432E-04
  3.3666E+01  1.5764E-04
  3.3678E+01  1.7483E-04
  3.3690E+01  1.9578E-04
  3.3702E+01  2.2026E-04
  3.3714E+01  2.4790E-04
  3.3726E+01  2.7819E-04
  3.3738E+01  3.1055E-04
  3.3750E+01  3.4430E-04
  3.3761E+01  3.7871E-04
  3.3773E+01  4.1301E-04
  3.3785E+01  4.4642E-04
  3.3797E+01  4.7816E-04
  3.3809E+01  5.0753E-04
  3.3821E+01  5.3385E-04
  3.3833E+01  5.5654E-04
  3.3845E+01  5.7512E-04
  3.3857E+01  5.8923E-04
  3.3869E+01  5.9861E-04
  3.3881E+01  6.0313E-04
  3.3892E+01  6.0280E-04
  3.3904E+01  5.9773E-04
  3.3916E+01  5.8814E-04
  3.3928E+01  5.7436E-04
  3.3940E+01  5.5679E-04
  3.3952E+01  5.3589E-04
  3.3964E+01  5.1218E-04
  3.3976E+01  4.8618E-04
  3.3988E+01  4.5845E-04
  3.4000E+01  4.2952E-04
  3.4012E+01  3.9991E-04
  3.4023E+01  3.7010E-04
  3.4035E+01  3.4052E-04
  3.4047E+01  3.1157E-04
  3.4059E+01  2.8357E-04
  3.4071E+01  2.5680E-04
  3.4083E+01  2.3146E-04
  3.4095E+01  2.0771E-04
  3.4107E+01  1.8564E-04
  3.4119E+01  1.6529E-04
  3.4131E+01  1.4667E-04
  3.4143E+01  1.2975E-04
  3.4154E+01  1.1444E-04
  3.4166E+01  1.0066E-04
  3.4178E+01  8.8314E-05
  3.4190E+01  7.7273E-05
  3.4202E+01  6.7424E-05
  3.4214E+01  5.8651E-05
  3.4226E+01  5.0844E-05
  3.4238E+01  4.3903E-05
  3.4250E+01  3.7738E-05
  3.4262E+01  3.2270E-05
  3.4274E+01  2.7433E-05
  3.4285E+01  2.3170E-05
  3.4297E+01  1.9435E-05
  3.4309E+01  1.6187E-05
  3.4321E+01  1.3393E-05
  3.4333E+01  1.1024E-05
  3.4345E+01  9.0514E-06
  3.4357E+01  7.4484E-06
  3.4369E+01  6.1875E-06
  3.4381E+01  5.2403E-06
  3.4393E+01  4.5765E-06
  3.4405E+01  4.1647E-06
  3.4416E+01  3.9720E-06
  3.4428E+01  3.9652E-06
  3.4440E+01  4.1113E-06
  3.4452E+01  4.3785E-06
  3.4464E+01  4.7370E-06
  3.4476E+01  5.1600E-06
  3.4488E+01  5.6242E-06
  3.4500E+01  6.1108E-06
  3.4512E+01  6.6053E-06
  3.4524E+01  7.0980E-06
  3.4536E+01  7.5833E-06
  3.4547E+01  8.0601E-06
  3.4559E+01  8.5301E-06
  3.4571E+01  8.9980E-06
  3.4583E+01  9.4700E-06
  3.4595E+01  9.9528E-06
  3.4607E+01  1.0453E-05
  3.4619E+01  1.0976E-05
  3.4631E+01  1.1525E-05
  3.4643E+01  1.2100E-05
  3.4655E+01  1.2701E-05
  3.4667E+01  1.3320E-05
  3.4678E+01  1.3950E-05
  3.4690E+01  1.4581E-05
  3.4702E+01  1.5197E-05
  3.4714E+01  1.5785E-05
  3.4726E+01  1.6327E-05
  3.4738E+01  1.6810E-05
  3.4750E+01  1.7216E-05
  3.4762E+01  1.7534E-05
  3.4774E+01  1.7753E-05
  3.4786E+01  1.7863E-05
  3.4798E+01  1.7863E-05
  3.4809E+01  1.7750E-05
  3.4821E+01  1.7528E-05
  3.4833E+01  1.7205E-05
  3.4845E+01  1.6790E-05
  3.4857E+01  1.6296E-05
  3.4869E+01  1.5738E-05
  3.4881E+01  1.5133E-05
  3.4893E+01  1.4496E-05
  3.4905E+01  1.3845E-05
  3.4917E+01  1.3196E-05
  3.4929E+01  1.2561E-05
  3.4940E+01  1.1955E-05
  3.4952E+01  1.1384E-05
  3.4964E+01  1.0856E-05
  3.4976E+01  1.0374E-05
  3.4988E+01  9.9394E-06
  3.5000E+01  9.5487E-06
