 -3.5000E+01  6.0551E-05
 -3.4988E+01  6.4361E-05
 -3.4976E+01  6.7883E-05
 -3.4964E+01  7.1043E-05
 -3.4952E+01  7.3775E-05
 -3.4940E+01  7.6026E-05
 -3.4929E+01  7.7754E-05
 -3.4917E+01  7.8934E-05
 -3.4905E+01  7.9551E-05
 -3.4893E+01  7.9606E-05
 -3.4881E+01  7.9116E-05
 -3.4869E+01  7.8107E-05
 -3.4857E+01  7.6617E-05
 -3.4845E+01  7.4696E-05
 -3.4833E+01  7.2399E-05
 -3.4821E+01  6.9787E-05
 -3.4809E+01  6.6924E-05
 -3.4798E+01  6.3874E-05
 -3.4786E+01  6.0702E-05
 -3.4774E+01  5.7466E-05
 -3.4762E+01  5.4221E-05
 -3.4750E+01  5.1016E-05
 -3.4738E+01  4.7890E-05
 -3.4726E+01  4.4874E-05
 -3.4714E+01  4.1992E-05
 -3.4702E+01  3.9257E-05
 -3.4690E+01  3.6676E-05
 -3.4678E+01  3.4247E-05
 -3.4667E+01  3.1963E-05
 -3.4655E+01  2.9812E-05
 -3.4643E+01  2.7781E-05
 -3.4631E+01  2.5854E-05
 -3.4619E+01  2.4013E-05
 -3.4607E+01  2.2244E-05
 -3.4595E+01  2.0536E-05
 -3.4583E+01  1.8880E-05
 -3.4571E+01  1.7270E-05
 -3.4559E+01  1.5706E-05
 -3.4547E+01  1.4192E-05
 -3.4536E+01  1.2736E-05
 -3.4524E+01  1.1347E-05
 -3.4512E+01  1.0038E-05
 -3.4500E+01  8.8233E-06
 -3.4488E+01  7.7167E-06
 -3.4476E+01  6.7310E-06
 -3.4464E+01  5.8770E-06
 -3.4452E+01  5.1621E-06
 -3.4440E+01  4.5903E-06
 -3.4428E+01  4.1606E-06
 -3.4416E+01  3.8679E-06
 -3.4405E+01  3.7020E-06
 -3.4393E+01  3.6485E-06
 -3.4381E+01  3.6891E-06
 -3.4369E+01  3.8024E-06
 -3.4357E+01  3.9652E-06
 -3.4345E+01  4.1533E-06
 -3.4333E+01  4.3427E-06
 -3.4321E+01  4.5112E-06
 -3.4309E+01  4.6395E-06
 -3.4297E+01  4.7116E-06
 -3.4285E+01  4.7165E-06
 -3.4274E+01  4.6483E-06
 -3.4262E+01  4.5063E-06
 -3.4250E+01  4.2953E-06
 -3.4238E+01  4.0251E-06
 -3.4226E+01  3.7098E-06
 -3.4214E+01  3.3670E-06
 -3.4202E+01  3.0164E-06
 -3.4190E+01  2.6790E-06
 -3.4178E+01  2.3754E-06
 -3.4166E+01  2.1247E-06
 -3.4154E+01  1.9429E-06
 -3.4143E+01  1.8426E-06
 -3.4131E+01  1.8312E-06
 -3.4119E+01  1.9110E-06
 -3.4107E+01  2.0787E-06
 -3.4095E+01  2.3254E-06
 -3.4083E+01  2.6375E-06
 -3.4071E+01  2.9968E-06
 -3.4059E+01  3.3823E-06
 -3.4047E+01  3.7709E-06
 -3.4035E+01  4.1391E-06
 -3.4023E+01  4.4644E-06
 -3.4012E+01  4.7269E-06
 -3.4000E+01  4.9102E-06
 -3.3988E+01  5.0032E-06
 -3.3976E+01  5.0003E-06
 -3.3964E+01  4.9023E-06
 -3.3952E+01  4.7164E-06
 -3.3940E+01  4.4561E-06
 -3.3928E+01  4.1401E-06
 -3.3916E+01  3.7919E-06
 -3.3904E+01  3.4380E-06
 -3.3892E+01  3.1067E-06
 -3.3881E+01  2.8259E-06
 -3.3869E+01  2.6218E-06
 -3.3857E+01  2.5167E-06
 -3.3845E+01  2.5280E-06
 -3.3833E+01  2.6664E-06
 -3.3821E+01  2.9354E-06
 -3.3809E+01  3.3305E-06
 -3.3797E+01  3.8393E-06
 -3.3785E+01  4.4421E-06
 -3.3773E+01  5.1128E-06
 -3.3761E+01  5.8201E-06
 -3.3750E+01  6.5293E-06
 -3.3738E+01  7.2044E-06
 -3.3726E+01  7.8102E-06
 -3.3714E+01  8.3145E-06
 -3.3702E+01  8.6901E-06
 -3.3690E+01  8.9169E-06
 -3.3678E+01  8.9833E-06
 -3.3666E+01  8.8871E-06
 -3.3654E+01  8.6363E-06
 -3.3642E+01  8.2488E-06
 -3.3630E+01  7.7519E-06
 -3.3619E+01  7.1805E-06
 -3.3607E+01  6.5759E-06
 -3.3595E+01  5.9832E-06
 -3.3583E+01  5.4485E-06
 -3.3571E+01  5.0166E-06
 -3.3559E+01  4.7280E-06
 -3.3547E+01  4.6166E-06
 -3.3535E+01  4.7072E-06
 -3.3523E+01  5.0138E-06
 -3.3511E+01  5.5388E-06
 -3.3499E+01  6.2721E-06
 -3.3488E+01  7.1917E-06
 -3.3476E+01  8.2648E-06
 -3.3464E+01  9.4498E-06
 -3.3452E+01  1.0698E-05
 -3.3440E+01  1.1959E-05
 -3.3428E+01  1.3179E-05
 -3.3416E+01  1.4312E-05
 -3.3404E+01  1.5316E-05
 -3.3392E+01  1.6162E-05
 -3.3380E+01  1.6832E-05
 -3.3368E+01  1.7324E-05
 -3.3357E+01  1.7654E-05
 -3.3345E+01  1.7854E-05
 -3.3333E+01  1.7971E-05
 -3.3321E+01  1.8068E-05
 -3.3309E+01  1.8219E-05
 -3.3297E+01  1.8506E-05
 -3.3285E+01  1.9014E-05
 -3.3273E+01  1.9828E-05
 -3.3261E+01  2.1026E-05
 -3.3249E+01  2.2675E-05
 -3.3237E+01  2.4825E-05
 -3.3226E+01  2.7507E-05
 -3.3214E+01  3.0725E-05
 -3.3202E+01  3.4462E-05
 -3.3190E+01  3.8670E-05
 -3.3178E+01  4.3278E-05
 -3.3166E+01  4.8190E-05
 -3.3154E+01  5.3287E-05
 -3.3142E+01  5.8437E-05
 -3.3130E+01  6.3494E-05
 -3.3118E+01  6.8310E-05
 -3.3106E+01  7.2737E-05
 -3.3095E+01  7.6635E-05
 -3.3083E+01  7.9881E-05
 -3.3071E+01  8.2371E-05
 -3.3059E+01  8.4029E-05
 -3.3047E+01  8.4807E-05
 -3.3035E+01  8.4692E-05
 -3.3023E+01  8.3703E-05
 -3.3011E+01  8.1891E-05
 -3.2999E+01  7.9337E-05
 -3.2987E+01  7.6151E-05
 -3.2976E+01  7.2460E-05
 -3.2964E+01  6.8406E-05
 -3.2952E+01  6.4137E-05
 -3.2940E+01  5.9801E-05
 -3.2928E+01  5.5536E-05
 -3.2916E+01  5.1465E-05
 -3.2904E+01  4.7688E-05
 -3.2892E+01  4.4281E-05
 -3.2880E+01  4.1290E-05
 -3.2868E+01  3.8731E-05
 -3.2856E+01  3.6592E-05
 -3.2845E+01  3.4833E-05
 -3.2833E+01  3.3391E-05
 -3.2821E+01  3.2188E-05
 -3.2809E+01  3.1134E-05
 -3.2797E+01  3.0137E-05
 -3.2785E+01  2.9108E-05
 -3.2773E+01  2.7973E-05
 -3.2761E+01  2.6674E-05
 -3.2749E+01  2.5177E-05
 -3.2737E+01  2.3476E-05
 -3.2725E+01  2.1595E-05
 -3.2714E+01  1.9587E-05
 -3.2702E+01  1.7531E-05
 -3.2690E+01  1.5531E-05
 -3.2678E+01  1.3710E-05
 -3.2666E+01  1.2199E-05
 -3.2654E+01  1.1134E-05
 -3.2642E+01  1.0645E-05
 -3.2630E+01  1.0850E-05
 -3.2618E+01  1.1847E-05
 -3.2606E+01  1.3707E-05
 -3.2594E+01  1.6474E-05
 -3.2583E+01  2.0158E-05
 -3.2571E+01  2.4743E-05
 -3.2559E+01  3.0186E-05
 -3.2547E+01  3.6424E-05
 -3.2535E+01  4.3385E-05
 -3.2523E+01  5.1000E-05
 -3.2511E+01  5.9212E-05
 -3.2499E+01  6.7992E-05
 -3.2487E+01  7.7351E-05
 -3.2475E+01  8.7351E-05
 -3.2463E+01  9.8116E-05
 -3.2452E+01  1.0984E-04
 -3.2440E+01  1.2278E-04
 -3.2428E+01  1.3727E-04
 -3.2416E+01  1.5371E-04
 -3.2404E+01  1.7255E-04
 -3.2392E+01  1.9426E-04
 -3.2380E+01  2.1935E-04
 -3.2368E+01  2.4831E-04
 -3.2356E+01  2.8159E-04
 -3.2344E+01  3.1957E-04
 -3.2332E+01  3.6255E-04
 -3.2321E+01  4.1068E-04
 -3.2309E+01  4.6399E-04
 -3.2297E+01  5.2232E-04
 -3.2285E+01  5.8531E-04
 -3.2273E+01  6.5244E-04
 -3.2261E+01  7.2295E-04
 -3.2249E+01  7.9592E-04
 -3.2237E+01  8.7022E-04
 -3.2225E+01  9.4458E-04
 -3.2213E+01  1.0176E-03
 -3.2201E+01  1.0878E-03
 -3.2190E+01  1.1536E-03
 -3.2178E+01  1.2135E-03
 -3.2166E+01  1.2659E-03
 -3.2154E+01  1.3096E-03
 -3.2142E+01  1.3432E-03
 -3.2130E+01  1.3659E-03
 -3.2118E+01  1.3768E-03
 -3.2106E+01  1.3755E-03
 -3.2094E+01  1.3618E-03
 -3.2082E+01  1.3361E-03
 -3.2070E+01  1.2988E-03
 -3.2059E+01  1.2507E-03
 -3.2047E+01  1.1932E-03
 -3.2035E+01  1.1274E-03
 -3.2023E+01  1.0552E-03
 -3.2011E+01  9.7823E-04
 -3.1999E+01  8.9839E-04
 -3.1987E+01  8.1758E-04
 -3.1975E+01  7.3767E-04
 -3.1963E+01  6.6045E-04
 -3.1951E+01  5.8754E-04
 -3.1939E+01  5.2034E-04
 -3.1928E+01  4.6004E-04
 -3.1916E+01  4.0750E-04
 -3.1904E+01  3.6329E-04
 -3.1892E+01  3.2767E-04
 -3.1880E+01  3.0055E-04
 -3.1868E+01  2.8155E-04
 -3.1856E+01  2.7001E-04
 -3.1844E+01  2.6504E-04
 -3.1832E+01  2.6555E-04
 -3.1820E+01  2.7035E-04
 -3.1808E+01  2.7814E-04
 -3.1797E+01  2.8763E-04
 -3.1785E+01  2.9761E-04
 -3.1773E+01  3.0695E-04
 -3.1761E+01  3.1469E-04
 -3.1749E+01  3.2008E-04
 -3.1737E+01  3.2261E-04
 -3.1725E+01  3.2204E-04
 -3.1713E+01  3.1838E-04
 -3.1701E+01  3.1191E-04
 -3.1689E+01  3.0317E-04
 -3.1677E+01  2.9291E-04
 -3.1666E+01  2.8209E-04
 -3.1654E+01  2.7178E-04
 -3.1642E+01  2.6314E-04
 -3.1630E+01  2.5738E-04
 -3.1618E+01  2.5564E-04
 -3.1606E+01  2.5902E-04
 -3.1594E+01  2.6846E-04
 -3.1582E+01  2.8470E-04
 -3.1570E+01  3.0828E-04
 -3.1558E+01  3.3950E-04
 -3.1546E+01  3.7837E-04
 -3.1535E+01  4.2464E-04
 -3.1523E+01  4.7777E-04
 -3.1511E+01  5.3699E-04
 -3.1499E+01  6.0127E-04
 -3.1487E+01  6.6940E-04
 -3.1475E+01  7.4002E-04
 -3.1463E+01  8.1164E-04
 -3.1451E+01  8.8272E-04
 -3.1439E+01  9.5173E-04
 -3.1427E+01  1.0172E-03
 -3.1415E+01  1.0777E-03
 -3.1404E+01  1.1320E-03
 -3.1392E+01  1.1790E-03
 -3.1380E+01  1.2178E-03
 -3.1368E+01  1.2479E-03
 -3.1356E+01  1.2687E-03
 -3.1344E+01  1.2802E-03
 -3.1332E+01  1.2822E-03
 -3.1320E+01  1.2752E-03
 -3.1308E+01  1.2594E-03
 -3.1296E+01  1.2356E-03
 -3.1284E+01  1.2044E-03
 -3.1273E+01  1.1668E-03
 -3.1261E+01  1.1236E-03
 -3.1249E+01  1.0758E-03
 -3.1237E+01  1.0244E-03
 -3.1225E+01  9.7035E-04
 -3.1213E+01  9.1467E-04
 -3.1201E+01  8.5819E-04
 -3.1189E+01  8.0171E-04
 -3.1177E+01  7.4593E-04
 -3.1165E+01  6.9144E-04
 -3.1153E+01  6.3873E-04
 -3.1142E+01  5.8816E-04
 -3.1130E+01  5.4001E-04
 -3.1118E+01  4.9447E-04
 -3.1106E+01  4.5161E-04
 -3.1094E+01  4.1148E-04
 -3.1082E+01  3.7404E-04
 -3.1070E+01  3.3921E-04
 -3.1058E+01  3.0690E-04
 -3.1046E+01  2.7698E-04
 -3.1034E+01  2.4933E-04
 -3.1022E+01  2.2380E-04
 -3.1011E+01  2.0028E-04
 -3.0999E+01  1.7866E-04
 -3.0987E+01  1.5882E-04
 -3.0975E+01  1.4068E-04
 -3.0963E+01  1.2416E-04
 -3.0951E+01  1.0919E-04
 -3.0939E+01  9.5705E-05
 -3.0927E+01  8.3664E-05
 -3.0915E+01  7.3015E-05
 -3.0903E+01  6.3714E-05
 -3.0891E+01  5.5717E-05
 -3.0880E+01  4.8979E-05
 -3.0868E+01  4.3452E-05
 -3.0856E+01  3.9086E-05
 -3.0844E+01  3.5826E-05
 -3.0832E+01  3.3613E-05
 -3.0820E+01  3.2385E-05
 -3.0808E+01  3.2079E-05
 -3.0796E+01  3.2627E-05
 -3.0784E+01  3.3959E-05
 -3.0772E+01  3.6006E-05
 -3.0760E+01  3.8698E-05
 -3.0749E+01  4.1966E-05
 -3.0737E+01  4.5740E-05
 -3.0725E+01  4.9952E-05
 -3.0713E+01  5.4537E-05
 -3.0701E+01  5.9426E-05
 -3.0689E+01  6.4555E-05
 -3.0677E+01  6.9858E-05
 -3.0665E+01  7.5270E-05
 -3.0653E+01  8.0725E-05
 -3.0641E+01  8.6160E-05
 -3.0629E+01  9.1509E-05
 -3.0618E+01  9.6710E-05
 -3.0606E+01  1.0170E-04
 -3.0594E+01  1.0642E-04
 -3.0582E+01  1.1083E-04
 -3.0570E+01  1.1486E-04
 -3.0558E+01  1.1849E-04
 -3.0546E+01  1.2168E-04
 -3.0534E+01  1.2440E-04
 -3.0522E+01  1.2665E-04
 -3.0510E+01  1.2841E-04
 -3.0498E+01  1.2970E-04
 -3.0487E+01  1.3053E-04
 -3.0475E+01  1.3092E-04
 -3.0463E+01  1.3090E-04
 -3.0451E+01  1.3051E-04
 -3.0439E+01  1.2978E-04
 -3.0427E+01  1.2874E-04
 -3.0415E+01  1.2746E-04
 -3.0403E+01  1.2595E-04
 -3.0391E+01  1.2428E-04
 -3.0379E+01  1.2247E-04
 -3.0367E+01  1.2056E-04
 -3.0356E+01  1.1857E-04
 -3.0344E+01  1.1655E-04
 -3.0332E+01  1.1450E-04
 -3.0320E+01  1.1245E-04
 -3.0308E+01  1.1041E-04
 -3.0296E+01  1.0838E-04
 -3.0284E+01  1.0637E-04
 -3.0272E+01  1.0437E-04
 -3.0260E+01  1.0237E-04
 -3.0248E+01  1.0036E-04
 -3.0236E+01  9.8333E-05
 -3.0225E+01  9.6262E-05
 -3.0213E+01  9.4130E-05
 -3.0201E+01  9.1914E-05
 -3.0189E+01  8.9593E-05
 -3.0177E+01  8.7146E-05
 -3.0165E+01  8.4552E-05
 -3.0153E+01  8.1797E-05
 -3.0141E+01  7.8867E-05
 -3.0129E+01  7.5756E-05
 -3.0117E+01  7.2464E-05
 -3.0105E+01  6.8998E-05
 -3.0094E+01  6.5374E-05
 -3.0082E+01  6.1616E-05
 -3.0070E+01  5.7758E-05
 -3.0058E+01  5.3842E-05
 -3.0046E+01  4.9919E-05
 -3.0034E+01  4.6047E-05
 -3.0022E+01  4.2292E-05
 -3.0010E+01  3.8724E-05
 -2.9998E+01  3.5413E-05
 -2.9986E+01  3.2433E-05
 -2.9974E+01  2.9853E-05
 -2.9963E+01  2.7739E-05
 -2.9951E+01  2.6145E-05
 -2.9939E+01  2.5117E-05
 -2.9927E+01  2.4687E-05
 -2.9915E+01  2.4871E-05
 -2.9903E+01  2.5666E-05
 -2.9891E+01  2.7056E-05
 -2.9879E+01  2.9005E-05
 -2.9867E+01  3.1461E-05
 -2.9855E+01  3.4359E-05
 -2.9843E+01  3.7625E-05
 -2.9832E+01  4.1175E-05
 -2.9820E+01  4.4926E-05
 -2.9808E+01  4.8793E-05
 -2.9796E+01  5.2701E-05
 -2.9784E+01  5.6581E-05
 -2.9772E+01  6.0382E-05
 -2.9760E+01  6.4070E-05
 -2.9748E+01  6.7628E-05
 -2.9736E+01  7.1062E-05
 -2.9724E+01  7.4398E-05
 -2.9712E+01  7.7682E-05
 -2.9701E+01  8.0976E-05
 -2.9689E+01  8.4356E-05
 -2.9677E+01  8.7904E-05
 -2.9665E+01  9.1707E-05
 -2.9653E+01  9.5848E-05
 -2.9641E+01  1.0040E-04
 -2.9629E+01  1.0542E-04
 -2.9617E+01  1.1094E-04
 -2.9605E+01  1.1697E-04
 -2.9593E+01  1.2350E-04
 -2.9581E+01  1.3047E-04
 -2.9570E+01  1.3781E-04
 -2.9558E+01  1.4539E-04
 -2.9546E+01  1.5309E-04
 -2.9534E+01  1.6075E-04
 -2.9522E+01  1.6819E-04
 -2.9510E+01  1.7524E-04
 -2.9498E+01  1.8170E-04
 -2.9486E+01  1.8742E-04
 -2.9474E+01  1.9223E-04
 -2.9462E+01  1.9602E-04
 -2.9450E+01  1.9868E-04
 -2.9439E+01  2.0015E-04
 -2.9427E+01  2.0041E-04
 -2.9415E+01  1.9948E-04
 -2.9403E+01  1.9741E-04
 -2.9391E+01  1.9429E-04
 -2.9379E+01  1.9024E-04
 -2.9367E+01  1.8539E-04
 -2.9355E+01  1.7989E-04
 -2.9343E+01  1.7390E-04
 -2.9331E+01  1.6756E-04
 -2.9319E+01  1.6102E-04
 -2.9308E+01  1.5439E-04
 -2.9296E+01  1.4777E-04
 -2.9284E+01  1.4122E-04
 -2.9272E+01  1.3480E-04
 -2.9260E+01  1.2851E-04
 -2.9248E+01  1.2234E-04
 -2.9236E+01  1.1626E-04
 -2.9224E+01  1.1024E-04
 -2.9212E+01  1.0421E-04
 -2.9200E+01  9.8137E-05
 -2.9188E+01  9.1979E-05
 -2.9177E+01  8.5718E-05
 -2.9165E+01  7.9361E-05
 -2.9153E+01  7.2944E-05
 -2.9141E+01  6.6536E-05
 -2.9129E+01  6.0239E-05
 -2.9117E+01  5.4187E-05
 -2.9105E+01  4.8540E-05
 -2.9093E+01  4.3476E-05
 -2.9081E+01  3.9186E-05
 -2.9069E+01  3.5858E-05
 -2.9058E+01  3.3671E-05
 -2.9046E+01  3.2777E-05
 -2.9034E+01  3.3299E-05
 -2.9022E+01  3.5314E-05
 -2.9010E+01  3.8853E-05
 -2.8998E+01  4.3892E-05
 -2.8986E+01  5.0361E-05
 -2.8974E+01  5.8140E-05
 -2.8962E+01  6.7078E-05
 -2.8950E+01  7.6994E-05
 -2.8938E+01  8.7705E-05
 -2.8927E+01  9.9034E-05
 -2.8915E+01  1.1084E-04
 -2.8903E+01  1.2301E-04
 -2.8891E+01  1.3553E-04
 -2.8879E+01  1.4846E-04
 -2.8867E+01  1.6193E-04
 -2.8855E+01  1.7620E-04
 -2.8843E+01  1.9162E-04
 -2.8831E+01  2.0866E-04
 -2.8819E+01  2.2785E-04
 -2.8807E+01  2.4980E-04
 -2.8796E+01  2.7516E-04
 -2.8784E+01  3.0458E-04
 -2.8772E+01  3.3870E-04
 -2.8760E+01  3.7808E-04
 -2.8748E+01  4.2318E-04
 -2.8736E+01  4.7431E-04
 -2.8724E+01  5.3159E-04
 -2.8712E+01  5.9493E-04
 -2.8700E+01  6.6402E-04
 -2.8688E+01  7.3825E-04
 -2.8676E+01  8.1678E-04
 -2.8665E+01  8.9850E-04
 -2.8653E+01  9.8206E-04
 -2.8641E+01  1.0659E-03
 -2.8629E+01  1.1482E-03
 -2.8617E+01  1.2272E-03
 -2.8605E+01  1.3009E-03
 -2.8593E+01  1.3675E-03
 -2.8581E+01  1.4251E-03
 -2.8569E+01  1.4720E-03
 -2.8557E+01  1.5069E-03
 -2.8545E+01  1.5287E-03
 -2.8534E+01  1.5365E-03
 -2.8522E+01  1.5300E-03
 -2.8510E+01  1.5092E-03
 -2.8498E+01  1.4746E-03
 -2.8486E+01  1.4269E-03
 -2.8474E+01  1.3676E-03
 -2.8462E+01  1.2980E-03
 -2.8450E+01  1.2201E-03
 -2.8438E+01  1.1360E-03
 -2.8426E+01  1.0479E-03
 -2.8414E+01  9.5809E-04
 -2.8403E+01  8.6895E-04
 -2.8391E+01  7.8267E-04
 -2.8379E+01  7.0130E-04
 -2.8367E+01  6.2662E-04
 -2.8355E+01  5.6012E-04
 -2.8343E+01  5.0291E-04
 -2.8331E+01  4.5571E-04
 -2.8319E+01  4.1879E-04
 -2.8307E+01  3.9204E-04
 -2.8295E+01  3.7493E-04
 -2.8283E+01  3.6660E-04
 -2.8272E+01  3.6588E-04
 -2.8260E+01  3.7137E-04
 -2.8248E+01  3.8152E-04
 -2.8236E+01  3.9473E-04
 -2.8224E+01  4.0940E-04
 -2.8212E+01  4.2403E-04
 -2.8200E+01  4.3733E-04
 -2.8188E+01  4.4822E-04
 -2.8176E+01  4.5595E-04
 -2.8164E+01  4.6012E-04
 -2.8152E+01  4.6068E-04
 -2.8141E+01  4.5798E-04
 -2.8129E+01  4.5273E-04
 -2.8117E+01  4.4597E-04
 -2.8105E+01  4.3903E-04
 -2.8093E+01  4.3345E-04
 -2.8081E+01  4.3093E-04
 -2.8069E+01  4.3325E-04
 -2.8057E+01  4.4213E-04
 -2.8045E+01  4.5922E-04
 -2.8033E+01  4.8597E-04
 -2.8021E+01  5.2359E-04
 -2.8010E+01  5.7292E-04
 -2.7998E+01  6.3448E-04
 -2.7986E+01  7.0835E-04
 -2.7974E+01  7.9416E-04
 -2.7962E+01  8.9115E-04
 -2.7950E+01  9.9810E-04
 -2.7938E+01  1.1134E-03
 -2.7926E+01  1.2352E-03
 -2.7914E+01  1.3613E-03
 -2.7902E+01  1.4892E-03
 -2.7890E+01  1.6165E-03
 -2.7879E+01  1.7406E-03
 -2.7867E+01  1.8592E-03
 -2.7855E+01  1.9698E-03
 -2.7843E+01  2.0704E-03
 -2.7831E+01  2.1590E-03
 -2.7819E+01  2.2342E-03
 -2.7807E+01  2.2946E-03
 -2.7795E+01  2.3395E-03
 -2.7783E+01  2.3684E-03
 -2.7771E+01  2.3811E-03
 -2.7759E+01  2.3778E-03
 -2.7748E+01  2.3591E-03
 -2.7736E+01  2.3259E-03
 -2.7724E+01  2.2792E-03
 -2.7712E+01  2.2203E-03
 -2.7700E+01  2.1509E-03
 -2.7688E+01  2.0724E-03
 -2.7676E+01  1.9866E-03
 -2.7664E+01  1.8951E-03
 -2.7652E+01  1.7995E-03
 -2.7640E+01  1.7015E-03
 -2.7628E+01  1.6023E-03
 -2.7617E+01  1.5033E-03
 -2.7605E+01  1.4056E-03
 -2.7593E+01  1.3101E-03
 -2.7581E+01  1.2175E-03
 -2.7569E+01  1.1284E-03
 -2.7557E+01  1.0432E-03
 -2.7545E+01  9.6209E-04
 -2.7533E+01  8.8534E-04
 -2.7521E+01  8.1296E-04
 -2.7509E+01  7.4492E-04
 -2.7497E+01  6.8113E-04
 -2.7486E+01  6.2148E-04
 -2.7474E+01  5.6582E-04
 -2.7462E+01  5.1398E-04
 -2.7450E+01  4.6579E-04
 -2.7438E+01  4.2109E-04
 -2.7426E+01  3.7972E-04
 -2.7414E+01  3.4154E-04
 -2.7402E+01  3.0640E-04
 -2.7390E+01  2.7418E-04
 -2.7378E+01  2.4479E-04
 -2.7366E+01  2.1810E-04
 -2.7355E+01  1.9405E-04
 -2.7343E+01  1.7255E-04
 -2.7331E+01  1.5352E-04
 -2.7319E+01  1.3692E-04
 -2.7307E+01  1.2267E-04
 -2.7295E+01  1.1074E-04
 -2.7283E+01  1.0107E-04
 -2.7271E+01  9.3628E-05
 -2.7259E+01  8.8379E-05
 -2.7247E+01  8.5288E-05
 -2.7235E+01  8.4325E-05
 -2.7224E+01  8.5461E-05
 -2.7212E+01  8.8664E-05
 -2.7200E+01  9.3901E-05
 -2.7188E+01  1.0113E-04
 -2.7176E+01  1.1031E-04
 -2.7164E+01  1.2138E-04
 -2.7152E+01  1.3426E-04
 -2.7140E+01  1.4886E-04
 -2.7128E+01  1.6506E-04
 -2.7116E+01  1.8273E-04
 -2.7104E+01  2.0169E-04
 -2.7093E+01  2.2177E-04
 -2.7081E+01  2.4275E-04
 -2.7069E+01  2.6438E-04
 -2.7057E+01  2.8641E-04
 -2.7045E+01  3.0857E-04
 -2.7033E+01  3.3059E-04
 -2.7021E+01  3.5218E-04
 -2.7009E+01  3.7308E-04
 -2.6997E+01  3.9302E-04
 -2.6985E+01  4.1179E-04
 -2.6973E+01  4.2916E-04
 -2.6962E+01  4.4496E-04
 -2.6950E+01  4.5904E-04
 -2.6938E+01  4.7130E-04
 -2.6926E+01  4.8164E-04
 -2.6914E+01  4.9004E-04
 -2.6902E+01  4.9646E-04
 -2.6890E+01  5.0093E-04
 -2.6878E+01  5.0349E-04
 -2.6866E+01  5.0420E-04
 -2.6854E+01  5.0313E-04
 -2.6842E+01  5.0039E-04
 -2.6831E+01  4.9609E-04
 -2.6819E+01  4.9034E-04
 -2.6807E+01  4.8328E-04
 -2.6795E+01  4.7504E-04
 -2.6783E+01  4.6573E-04
 -2.6771E+01  4.5548E-04
 -2.6759E+01  4.4441E-04
 -2.6747E+01  4.3264E-04
 -2.6735E+01  4.2026E-04
 -2.6723E+01  4.0737E-04
 -2.6711E+01  3.9405E-04
 -2.6700E+01  3.8036E-04
 -2.6688E+01  3.6639E-04
 -2.6676E+01  3.5220E-04
 -2.6664E+01  3.3783E-04
 -2.6652E+01  3.2334E-04
 -2.6640E+01  3.0878E-04
 -2.6628E+01  2.9421E-04
 -2.6616E+01  2.7966E-04
 -2.6604E+01  2.6520E-04
 -2.6592E+01  2.5086E-04
 -2.6580E+01  2.3669E-04
 -2.6569E+01  2.2274E-04
 -2.6557E+01  2.0904E-04
 -2.6545E+01  1.9563E-04
 -2.6533E+01  1.8256E-04
 -2.6521E+01  1.6984E-04
 -2.6509E+01  1.5753E-04
 -2.6497E+01  1.4565E-04
 -2.6485E+01  1.3423E-04
 -2.6473E+01  1.2333E-04
 -2.6461E+01  1.1299E-04
 -2.6449E+01  1.0326E-04
 -2.6438E+01  9.4206E-05
 -2.6426E+01  8.5903E-05
 -2.6414E+01  7.8428E-05
 -2.6402E+01  7.1869E-05
 -2.6390E+01  6.6315E-05
 -2.6378E+01  6.1858E-05
 -2.6366E+01  5.8588E-05
 -2.6354E+01  5.6587E-05
 -2.6342E+01  5.5930E-05
 -2.6330E+01  5.6680E-05
 -2.6318E+01  5.8882E-05
 -2.6307E+01  6.2565E-05
 -2.6295E+01  6.7739E-05
 -2.6283E+01  7.4395E-05
 -2.6271E+01  8.2505E-05
 -2.6259E+01  9.2023E-05
 -2.6247E+01  1.0289E-04
 -2.6235E+01  1.1503E-04
 -2.6223E+01  1.2836E-04
 -2.6211E+01  1.4280E-04
 -2.6199E+01  1.5825E-04
 -2.6187E+01  1.7462E-04
 -2.6176E+01  1.9184E-04
 -2.6164E+01  2.0982E-04
 -2.6152E+01  2.2851E-04
 -2.6140E+01  2.4784E-04
 -2.6128E+01  2.6777E-04
 -2.6116E+01  2.8827E-04
 -2.6104E+01  3.0930E-04
 -2.6092E+01  3.3083E-04
 -2.6080E+01  3.5282E-04
 -2.6068E+01  3.7521E-04
 -2.6056E+01  3.9793E-04
 -2.6045E+01  4.2088E-04
 -2.6033E+01  4.4394E-04
 -2.6021E+01  4.6692E-04
 -2.6009E+01  4.8962E-04
 -2.5997E+01  5.1180E-04
 -2.5985E+01  5.3316E-04
 -2.5973E+01  5.5339E-04
 -2.5961E+01  5.7216E-04
 -2.5949E+01  5.8911E-04
 -2.5937E+01  6.0391E-04
 -2.5925E+01  6.1623E-04
 -2.5914E+01  6.2577E-04
 -2.5902E+01  6.3226E-04
 -2.5890E+01  6.3552E-04
 -2.5878E+01  6.3540E-04
 -2.5866E+01  6.3184E-04
 -2.5854E+01  6.2484E-04
 -2.5842E+01  6.1448E-04
 -2.5830E+01  6.0093E-04
 -2.5818E+01  5.8440E-04
 -2.5806E+01  5.6518E-04
 -2.5794E+01  5.4360E-04
 -2.5783E+01  5.2004E-04
 -2.5771E+01  4.9489E-04
 -2.5759E+01  4.6859E-04
 -2.5747E+01  4.4154E-04
 -2.5735E+01  4.1416E-04
 -2.5723E+01  3.8683E-04
 -2.5711E+01  3.5989E-04
 -2.5699E+01  3.3364E-04
 -2.5687E+01  3.0832E-04
 -2.5675E+01  2.8412E-04
 -2.5663E+01  2.6116E-04
 -2.5652E+01  2.3953E-04
 -2.5640E+01  2.1923E-04
 -2.5628E+01  2.0025E-04
 -2.5616E+01  1.8255E-04
 -2.5604E+01  1.6606E-04
 -2.5592E+01  1.5071E-04
 -2.5580E+01  1.3646E-04
 -2.5568E+01  1.2325E-04
 -2.5556E+01  1.1107E-04
 -2.5544E+01  9.9954E-05
 -2.5532E+01  8.9941E-05
 -2.5521E+01  8.1117E-05
 -2.5509E+01  7.3596E-05
 -2.5497E+01  6.7509E-05
 -2.5485E+01  6.2996E-05
 -2.5473E+01  6.0200E-05
 -2.5461E+01  5.9247E-05
 -2.5449E+01  6.0244E-05
 -2.5437E+01  6.3261E-05
 -2.5425E+01  6.8331E-05
 -2.5413E+01  7.5443E-05
 -2.5401E+01  8.4543E-05
 -2.5390E+01  9.5536E-05
 -2.5378E+01  1.0830E-04
 -2.5366E+01  1.2268E-04
 -2.5354E+01  1.3853E-04
 -2.5342E+01  1.5570E-04
 -2.5330E+01  1.7408E-04
 -2.5318E+01  1.9361E-04
 -2.5306E+01  2.1428E-04
 -2.5294E+01  2.3617E-04
 -2.5282E+01  2.5945E-04
 -2.5271E+01  2.8438E-04
 -2.5259E+01  3.1133E-04
 -2.5247E+01  3.4074E-04
 -2.5235E+01  3.7314E-04
 -2.5223E+01  4.0911E-04
 -2.5211E+01  4.4923E-04
 -2.5199E+01  4.9409E-04
 -2.5187E+01  5.4423E-04
 -2.5175E+01  6.0009E-04
 -2.5163E+01  6.6196E-04
 -2.5151E+01  7.2997E-04
 -2.5140E+01  8.0402E-04
 -2.5128E+01  8.8378E-04
 -2.5116E+01  9.6861E-04
 -2.5104E+01  1.0576E-03
 -2.5092E+01  1.1496E-03
 -2.5080E+01  1.2432E-03
 -2.5068E+01  1.3366E-03
 -2.5056E+01  1.4280E-03
 -2.5044E+01  1.5153E-03
 -2.5032E+01  1.5966E-03
 -2.5020E+01  1.6697E-03
 -2.5009E+01  1.7327E-03
 -2.4997E+01  1.7839E-03
 -2.4985E+01  1.8216E-03
 -2.4973E+01  1.8447E-03
 -2.4961E+01  1.8522E-03
 -2.4949E+01  1.8437E-03
 -2.4937E+01  1.8191E-03
 -2.4925E+01  1.7789E-03
 -2.4913E+01  1.7239E-03
 -2.4901E+01  1.6553E-03
 -2.4889E+01  1.5747E-03
 -2.4878E+01  1.4843E-03
 -2.4866E+01  1.3863E-03
 -2.4854E+01  1.2833E-03
 -2.4842E+01  1.1778E-03
 -2.4830E+01  1.0724E-03
 -2.4818E+01  9.6990E-04
 -2.4806E+01  8.7253E-04
 -2.4794E+01  7.8247E-04
 -2.4782E+01  7.0148E-04
 -2.4770E+01  6.3093E-04
 -2.4758E+01  5.7174E-04
 -2.4747E+01  5.2433E-04
 -2.4735E+01  4.8865E-04
 -2.4723E+01  4.6422E-04
 -2.4711E+01  4.5013E-04
 -2.4699E+01  4.4511E-04
 -2.4687E+01  4.4765E-04
 -2.4675E+01  4.5600E-04
 -2.4663E+01  4.6835E-04
 -2.4651E+01  4.8289E-04
 -2.4639E+01  4.9788E-04
 -2.4627E+01  5.1180E-04
 -2.4616E+01  5.2339E-04
 -2.4604E+01  5.3173E-04
 -2.4592E+01  5.3630E-04
 -2.4580E+01  5.3699E-04
 -2.4568E+01  5.3415E-04
 -2.4556E+01  5.2853E-04
 -2.4544E+01  5.2128E-04
 -2.4532E+01  5.1389E-04
 -2.4520E+01  5.0811E-04
 -2.4508E+01  5.0585E-04
 -2.4496E+01  5.0912E-04
 -2.4485E+01  5.1995E-04
 -2.4473E+01  5.4021E-04
 -2.4461E+01  5.7159E-04
 -2.4449E+01  6.1549E-04
 -2.4437E+01  6.7293E-04
 -2.4425E+01  7.4449E-04
 -2.4413E+01  8.3025E-04
 -2.4401E+01  9.2982E-04
 -2.4389E+01  1.0423E-03
 -2.4377E+01  1.1662E-03
 -2.4365E+01  1.2997E-03
 -2.4354E+01  1.4406E-03
 -2.4342E+01  1.5863E-03
 -2.4330E+01  1.7341E-03
 -2.4318E+01  1.8810E-03
 -2.4306E+01  2.0241E-03
 -2.4294E+01  2.1605E-03
 -2.4282E+01  2.2876E-03
 -2.4270E+01  2.4027E-03
 -2.4258E+01  2.5037E-03
 -2.4246E+01  2.5887E-03
 -2.4234E+01  2.6562E-03
 -2.4223E+01  2.7051E-03
 -2.4211E+01  2.7348E-03
 -2.4199E+01  2.7451E-03
 -2.4187E+01  2.7364E-03
 -2.4175E+01  2.7092E-03
 -2.4163E+01  2.6648E-03
 -2.4151E+01  2.6046E-03
 -2.4139E+01  2.5302E-03
 -2.4127E+01  2.4436E-03
 -2.4115E+01  2.3468E-03
 -2.4103E+01  2.2419E-03
 -2.4092E+01  2.1310E-03
 -2.4080E+01  2.0160E-03
 -2.4068E+01  1.8987E-03
 -2.4056E+01  1.7808E-03
 -2.4044E+01  1.6638E-03
 -2.4032E+01  1.5488E-03
 -2.4020E+01  1.4370E-03
 -2.4008E+01  1.3290E-03
 -2.3996E+01  1.2255E-03
 -2.3984E+01  1.1270E-03
 -2.3972E+01  1.0336E-03
 -2.3961E+01  9.4562E-04
 -2.3949E+01  8.6297E-04
 -2.3937E+01  7.8562E-04
 -2.3925E+01  7.1345E-04
 -2.3913E+01  6.4629E-04
 -2.3901E+01  5.8393E-04
 -2.3889E+01  5.2616E-04
 -2.3877E+01  4.7277E-04
 -2.3865E+01  4.2355E-04
 -2.3853E+01  3.7829E-04
 -2.3841E+01  3.3681E-04
 -2.3830E+01  2.9896E-04
 -2.3818E+01  2.6458E-04
 -2.3806E+01  2.3354E-04
 -2.3794E+01  2.0572E-04
 -2.3782E+01  1.8099E-04
 -2.3770E+01  1.5924E-04
 -2.3758E+01  1.4037E-04
 -2.3746E+01  1.2426E-04
 -2.3734E+01  1.1079E-04
 -2.3722E+01  9.9847E-05
 -2.3710E+01  9.1315E-05
 -2.3699E+01  8.5079E-05
 -2.3687E+01  8.1030E-05
 -2.3675E+01  7.9072E-05
 -2.3663E+01  7.9120E-05
 -2.3651E+01  8.1106E-05
 -2.3639E+01  8.4979E-05
 -2.3627E+01  9.0708E-05
 -2.3615E+01  9.8278E-05
 -2.3603E+01  1.0769E-04
 -2.3591E+01  1.1895E-04
 -2.3579E+01  1.3208E-04
 -2.3568E+01  1.4708E-04
 -2.3556E+01  1.6395E-04
 -2.3544E+01  1.8269E-04
 -2.3532E+01  2.0324E-04
 -2.3520E+01  2.2554E-04
 -2.3508E+01  2.4948E-04
 -2.3496E+01  2.7492E-04
 -2.3484E+01  3.0167E-04
 -2.3472E+01  3.2953E-04
 -2.3460E+01  3.5825E-04
 -2.3448E+01  3.8753E-04
 -2.3437E+01  4.1709E-04
 -2.3425E+01  4.4659E-04
 -2.3413E+01  4.7570E-04
 -2.3401E+01  5.0409E-04
 -2.3389E+01  5.3141E-04
 -2.3377E+01  5.5733E-04
 -2.3365E+01  5.8154E-04
 -2.3353E+01  6.0373E-04
 -2.3341E+01  6.2364E-04
 -2.3329E+01  6.4104E-04
 -2.3317E+01  6.5571E-04
 -2.3306E+01  6.6751E-04
 -2.3294E+01  6.7633E-04
 -2.3282E+01  6.8210E-04
 -2.3270E+01  6.8481E-04
 -2.3258E+01  6.8451E-04
 -2.3246E+01  6.8125E-04
 -2.3234E+01  6.7516E-04
 -2.3222E+01  6.6637E-04
 -2.3210E+01  6.5505E-04
 -2.3198E+01  6.4138E-04
 -2.3186E+01  6.2556E-04
 -2.3175E+01  6.0778E-04
 -2.3163E+01  5.8825E-04
 -2.3151E+01  5.6717E-04
 -2.3139E+01  5.4474E-04
 -2.3127E+01  5.2117E-04
 -2.3115E+01  4.9667E-04
 -2.3103E+01  4.7145E-04
 -2.3091E+01  4.4570E-04
 -2.3079E+01  4.1965E-04
 -2.3067E+01  3.9350E-04
 -2.3055E+01  3.6745E-04
 -2.3044E+01  3.4172E-04
 -2.3032E+01  3.1649E-04
 -2.3020E+01  2.9194E-04
 -2.3008E+01  2.6823E-04
 -2.2996E+01  2.4551E-04
 -2.2984E+01  2.2390E-04
 -2.2972E+01  2.0349E-04
 -2.2960E+01  1.8437E-04
 -2.2948E+01  1.6658E-04
 -2.2936E+01  1.5017E-04
 -2.2924E+01  1.3514E-04
 -2.2913E+01  1.2151E-04
 -2.2901E+01  1.0926E-04
 -2.2889E+01  9.8381E-05
 -2.2877E+01  8.8840E-05
 -2.2865E+01  8.0616E-05
 -2.2853E+01  7.3687E-05
 -2.2841E+01  6.8034E-05
 -2.2829E+01  6.3644E-05
 -2.2817E+01  6.0517E-05
 -2.2805E+01  5.8658E-05
 -2.2793E+01  5.8088E-05
 -2.2782E+01  5.8838E-05
 -2.2770E+01  6.0949E-05
 -2.2758E+01  6.4476E-05
 -2.2746E+01  6.9479E-05
 -2.2734E+01  7.6030E-05
 -2.2722E+01  8.4202E-05
 -2.2710E+01  9.4070E-05
 -2.2698E+01  1.0571E-04
 -2.2686E+01  1.1919E-04
 -2.2674E+01  1.3458E-04
 -2.2662E+01  1.5192E-04
 -2.2651E+01  1.7125E-04
 -2.2639E+01  1.9261E-04
 -2.2627E+01  2.1601E-04
 -2.2615E+01  2.4143E-04
 -2.2603E+01  2.6885E-04
 -2.2591E+01  2.9824E-04
 -2.2579E+01  3.2953E-04
 -2.2567E+01  3.6265E-04
 -2.2555E+01  3.9751E-04
 -2.2543E+01  4.3398E-04
 -2.2531E+01  4.7191E-04
 -2.2520E+01  5.1114E-04
 -2.2508E+01  5.5144E-04
 -2.2496E+01  5.9255E-04
 -2.2484E+01  6.3419E-04
 -2.2472E+01  6.7600E-04
 -2.2460E+01  7.1759E-04
 -2.2448E+01  7.5852E-04
 -2.2436E+01  7.9830E-04
 -2.2424E+01  8.3643E-04
 -2.2412E+01  8.7235E-04
 -2.2400E+01  9.0552E-04
 -2.2389E+01  9.3539E-04
 -2.2377E+01  9.6143E-04
 -2.2365E+01  9.8316E-04
 -2.2353E+01  1.0001E-03
 -2.2341E+01  1.0120E-03
 -2.2329E+01  1.0183E-03
 -2.2317E+01  1.0190E-03
 -2.2305E+01  1.0139E-03
 -2.2293E+01  1.0029E-03
 -2.2281E+01  9.8615E-04
 -2.2269E+01  9.6372E-04
 -2.2258E+01  9.3593E-04
 -2.2246E+01  9.0314E-04
 -2.2234E+01  8.6583E-04
 -2.2222E+01  8.2455E-04
 -2.2210E+01  7.7997E-04
 -2.2198E+01  7.3278E-04
 -2.2186E+01  6.8375E-04
 -2.2174E+01  6.3366E-04
 -2.2162E+01  5.8328E-04
 -2.2150E+01  5.3338E-04
 -2.2138E+01  4.8466E-04
 -2.2127E+01  4.3773E-04
 -2.2115E+01  3.9315E-04
 -2.2103E+01  3.5135E-04
 -2.2091E+01  3.1266E-04
 -2.2079E+01  2.7730E-04
 -2.2067E+01  2.4537E-04
 -2.2055E+01  2.1689E-04
 -2.2043E+01  1.9179E-04
 -2.2031E+01  1.6992E-04
 -2.2019E+01  1.5107E-04
 -2.2007E+01  1.3501E-04
 -2.1996E+01  1.2148E-04
 -2.1984E+01  1.1022E-04
 -2.1972E+01  1.0099E-04
 -2.1960E+01  9.3570E-05
 -2.1948E+01  8.7782E-05
 -2.1936E+01  8.3500E-05
 -2.1924E+01  8.0650E-05
 -2.1912E+01  7.9213E-05
 -2.1900E+01  7.9222E-05
 -2.1888E+01  8.0761E-05
 -2.1876E+01  8.3957E-05
 -2.1865E+01  8.8969E-05
 -2.1853E+01  9.5984E-05
 -2.1841E+01  1.0520E-04
 -2.1829E+01  1.1683E-04
 -2.1817E+01  1.3108E-04
 -2.1805E+01  1.4817E-04
 -2.1793E+01  1.6828E-04
 -2.1781E+01  1.9161E-04
 -2.1769E+01  2.1837E-04
 -2.1757E+01  2.4873E-04
 -2.1745E+01  2.8291E-04
 -2.1734E+01  3.2113E-04
 -2.1722E+01  3.6364E-04
 -2.1710E+01  4.1072E-04
 -2.1698E+01  4.6269E-04
 -2.1686E+01  5.1991E-04
 -2.1674E+01  5.8278E-04
 -2.1662E+01  6.5170E-04
 -2.1650E+01  7.2711E-04
 -2.1638E+01  8.0942E-04
 -2.1626E+01  8.9898E-04
 -2.1614E+01  9.9607E-04
 -2.1603E+01  1.1008E-03
 -2.1591E+01  1.2133E-03
 -2.1579E+01  1.3331E-03
 -2.1567E+01  1.4600E-03
 -2.1555E+01  1.5930E-03
 -2.1543E+01  1.7312E-03
 -2.1531E+01  1.8732E-03
 -2.1519E+01  2.0173E-03
 -2.1507E+01  2.1616E-03
 -2.1495E+01  2.3038E-03
 -2.1483E+01  2.4417E-03
 -2.1472E+01  2.5725E-03
 -2.1460E+01  2.6938E-03
 -2.1448E+01  2.8029E-03
 -2.1436E+01  2.8972E-03
 -2.1424E+01  2.9743E-03
 -2.1412E+01  3.0320E-03
 -2.1400E+01  3.0684E-03
 -2.1388E+01  3.0819E-03
 -2.1376E+01  3.0716E-03
 -2.1364E+01  3.0369E-03
 -2.1353E+01  2.9778E-03
 -2.1341E+01  2.8951E-03
 -2.1329E+01  2.7901E-03
 -2.1317E+01  2.6647E-03
 -2.1305E+01  2.5217E-03
 -2.1293E+01  2.3640E-03
 -2.1281E+01  2.1953E-03
 -2.1269E+01  2.0196E-03
 -2.1257E+01  1.8409E-03
 -2.1245E+01  1.6633E-03
 -2.1233E+01  1.4910E-03
 -2.1222E+01  1.3278E-03
 -2.1210E+01  1.1769E-03
 -2.1198E+01  1.0414E-03
 -2.1186E+01  9.2357E-04
 -2.1174E+01  8.2503E-04
 -2.1162E+01  7.4673E-04
 -2.1150E+01  6.8887E-04
 -2.1138E+01  6.5095E-04
 -2.1126E+01  6.3173E-04
 -2.1114E+01  6.2936E-04
 -2.1102E+01  6.4147E-04
 -2.1091E+01  6.6521E-04
 -2.1079E+01  6.9746E-04
 -2.1067E+01  7.3496E-04
 -2.1055E+01  7.7442E-04
 -2.1043E+01  8.1276E-04
 -2.1031E+01  8.4718E-04
 -2.1019E+01  8.7536E-04
 -2.1007E+01  8.9550E-04
 -2.0995E+01  9.0650E-04
 -2.0983E+01  9.0790E-04
 -2.0971E+01  9.0002E-04
 -2.0960E+01  8.8384E-04
 -2.0948E+01  8.6107E-04
 -2.0936E+01  8.3398E-04
 -2.0924E+01  8.0536E-04
 -2.0912E+01  7.7841E-04
 -2.0900E+01  7.5654E-04
 -2.0888E+01  7.4326E-04
 -2.0876E+01  7.4201E-04
 -2.0864E+01  7.5597E-04
 -2.0852E+01  7.8789E-04
 -2.0840E+01  8.4000E-04
 -2.0829E+01  9.1382E-04
 -2.0817E+01  1.0101E-03
 -2.0805E+01  1.1289E-03
 -2.0793E+01  1.2691E-03
 -2.0781E+01  1.4291E-03
 -2.0769E+01  1.6064E-03
 -2.0757E+01  1.7976E-03
 -2.0745E+01  1.9988E-03
 -2.0733E+01  2.2057E-03
 -2.0721E+01  2.4135E-03
 -2.0709E+01  2.6172E-03
 -2.0698E+01  2.8118E-03
 -2.0686E+01  2.9923E-03
 -2.0674E+01  3.1541E-03
 -2.0662E+01  3.2930E-03
 -2.0650E+01  3.4056E-03
 -2.0638E+01  3.4890E-03
 -2.0626E+01  3.5412E-03
 -2.0614E+01  3.5614E-03
 -2.0602E+01  3.5492E-03
 -2.0590E+01  3.5055E-03
 -2.0578E+01  3.4320E-03
 -2.0567E+01  3.3309E-03
 -2.0555E+01  3.2053E-03
 -2.0543E+01  3.0587E-03
 -2.0531E+01  2.8947E-03
 -2.0519E+01  2.7174E-03
 -2.0507E+01  2.5309E-03
 -2.0495E+01  2.3392E-03
 -2.0483E+01  2.1461E-03
 -2.0471E+01  1.9552E-03
 -2.0459E+01  1.7696E-03
 -2.0447E+01  1.5921E-03
 -2.0436E+01  1.4250E-03
 -2.0424E+01  1.2701E-03
 -2.0412E+01  1.1284E-03
 -2.0400E+01  1.0008E-03
 -2.0388E+01  8.8729E-04
 -2.0376E+01  7.8766E-04
 -2.0364E+01  7.0119E-04
 -2.0352E+01  6.2684E-04
 -2.0340E+01  5.6334E-04
 -2.0328E+01  5.0927E-04
 -2.0316E+01  4.6313E-04
 -2.0305E+01  4.2343E-04
 -2.0293E+01  3.8876E-04
 -2.0281E+01  3.5785E-04
 -2.0269E+01  3.2961E-04
 -2.0257E+01  3.0315E-04
 -2.0245E+01  2.7781E-04
 -2.0233E+01  2.5314E-04
 -2.0221E+01  2.2893E-04
 -2.0209E+01  2.0514E-04
 -2.0197E+01  1.8189E-04
 -2.0185E+01  1.5944E-04
 -2.0174E+01  1.3811E-04
 -2.0162E+01  1.1829E-04
 -2.0150E+01  1.0035E-04
 -2.0138E+01  8.4618E-05
 -2.0126E+01  7.1375E-05
 -2.0114E+01  6.0802E-05
 -2.0102E+01  5.2977E-05
 -2.0090E+01  4.7865E-05
 -2.0078E+01  4.5324E-05
 -2.0066E+01  4.5107E-05
 -2.0054E+01  4.6880E-05
 -2.0043E+01  5.0242E-05
 -2.0031E+01  5.4743E-05
 -2.0019E+01  5.9914E-05
 -2.0007E+01  6.5289E-05
 -1.9995E+01  7.0429E-05
 -1.9983E+01  7.4947E-05
 -1.9971E+01  7.8522E-05
 -1.9959E+01  8.0914E-05
 -1.9947E+01  8.1974E-05
 -1.9935E+01  8.1641E-05
 -1.9923E+01  7.9945E-05
 -1.9912E+01  7.6992E-05
 -1.9900E+01  7.2957E-05
 -1.9888E+01  6.8061E-05
 -1.9876E+01  6.2562E-05
 -1.9864E+01  5.6730E-05
 -1.9852E+01  5.0831E-05
 -1.9840E+01  4.5116E-05
 -1.9828E+01  3.9798E-05
 -1.9816E+01  3.5051E-05
 -1.9804E+01  3.0999E-05
 -1.9792E+01  2.7711E-05
 -1.9781E+01  2.5204E-05
 -1.9769E+01  2.3447E-05
 -1.9757E+01  2.2368E-05
 -1.9745E+01  2.1861E-05
 -1.9733E+01  2.1801E-05
 -1.9721E+01  2.2055E-05
 -1.9709E+01  2.2493E-05
 -1.9697E+01  2.3001E-05
 -1.9685E+01  2.3491E-05
 -1.9673E+01  2.3905E-05
 -1.9661E+01  2.4223E-05
 -1.9650E+01  2.4462E-05
 -1.9638E+01  2.4674E-05
 -1.9626E+01  2.4944E-05
 -1.9614E+01  2.5379E-05
 -1.9602E+01  2.6101E-05
 -1.9590E+01  2.7236E-05
 -1.9578E+01  2.8901E-05
 -1.9566E+01  3.1196E-05
 -1.9554E+01  3.4191E-05
 -1.9542E+01  3.7920E-05
 -1.9530E+01  4.2371E-05
 -1.9519E+01  4.7489E-05
 -1.9507E+01  5.3171E-05
 -1.9495E+01  5.9269E-05
 -1.9483E+01  6.5600E-05
 -1.9471E+01  7.1954E-05
 -1.9459E+01  7.8102E-05
 -1.9447E+01  8.3810E-05
 -1.9435E+01  8.8851E-05
 -1.9423E+01  9.3019E-05
 -1.9411E+01  9.6140E-05
 -1.9399E+01  9.8085E-05
 -1.9388E+01  9.8775E-05
 -1.9376E+01  9.8193E-05
 -1.9364E+01  9.6383E-05
 -1.9352E+01  9.3454E-05
 -1.9340E+01  8.9578E-05
 -1.9328E+01  8.4978E-05
 -1.9316E+01  7.9928E-05
 -1.9304E+01  7.4731E-05
 -1.9292E+01  6.9712E-05
 -1.9280E+01  6.5198E-05
 -1.9268E+01  6.1505E-05
 -1.9257E+01  5.8922E-05
 -1.9245E+01  5.7696E-05
 -1.9233E+01  5.8022E-05
 -1.9221E+01  6.0036E-05
 -1.9209E+01  6.3805E-05
 -1.9197E+01  6.9328E-05
 -1.9185E+01  7.6535E-05
 -1.9173E+01  8.5290E-05
 -1.9161E+01  9.5400E-05
 -1.9149E+01  1.0662E-04
 -1.9137E+01  1.1866E-04
 -1.9126E+01  1.3121E-04
 -1.9114E+01  1.4394E-04
 -1.9102E+01  1.5653E-04
 -1.9090E+01  1.6867E-04
 -1.9078E+01  1.8008E-04
 -1.9066E+01  1.9051E-04
 -1.9054E+01  1.9978E-04
 -1.9042E+01  2.0773E-04
 -1.9030E+01  2.1429E-04
 -1.9018E+01  2.1942E-04
 -1.9006E+01  2.2315E-04
 -1.8995E+01  2.2554E-04
 -1.8983E+01  2.2669E-04
 -1.8971E+01  2.2675E-04
 -1.8959E+01  2.2587E-04
 -1.8947E+01  2.2421E-04
 -1.8935E+01  2.2196E-04
 -1.8923E+01  2.1929E-04
 -1.8911E+01  2.1636E-04
 -1.8899E+01  2.1332E-04
 -1.8887E+01  2.1031E-04
 -1.8875E+01  2.0742E-04
 -1.8864E+01  2.0476E-04
 -1.8852E+01  2.0239E-04
 -1.8840E+01  2.0036E-04
 -1.8828E+01  1.9867E-04
 -1.8816E+01  1.9735E-04
 -1.8804E+01  1.9638E-04
 -1.8792E+01  1.9574E-04
 -1.8780E+01  1.9540E-04
 -1.8768E+01  1.9531E-04
 -1.8756E+01  1.9544E-04
 -1.8744E+01  1.9573E-04
 -1.8733E+01  1.9613E-04
 -1.8721E+01  1.9659E-04
 -1.8709E+01  1.9706E-04
 -1.8697E+01  1.9747E-04
 -1.8685E+01  1.9777E-04
 -1.8673E+01  1.9789E-04
 -1.8661E+01  1.9777E-04
 -1.8649E+01  1.9733E-04
 -1.8637E+01  1.9651E-04
 -1.8625E+01  1.9524E-04
 -1.8613E+01  1.9345E-04
 -1.8602E+01  1.9107E-04
 -1.8590E+01  1.8805E-04
 -1.8578E+01  1.8433E-04
 -1.8566E+01  1.7989E-04
 -1.8554E+01  1.7469E-04
 -1.8542E+01  1.6875E-04
 -1.8530E+01  1.6207E-04
 -1.8518E+01  1.5472E-04
 -1.8506E+01  1.4676E-04
 -1.8494E+01  1.3831E-04
 -1.8482E+01  1.2950E-04
 -1.8471E+01  1.2049E-04
 -1.8459E+01  1.1148E-04
 -1.8447E+01  1.0266E-04
 -1.8435E+01  9.4263E-05
 -1.8423E+01  8.6510E-05
 -1.8411E+01  7.9624E-05
 -1.8399E+01  7.3814E-05
 -1.8387E+01  6.9273E-05
 -1.8375E+01  6.6164E-05
 -1.8363E+01  6.4620E-05
 -1.8351E+01  6.4740E-05
 -1.8340E+01  6.6581E-05
 -1.8328E+01  7.0164E-05
 -1.8316E+01  7.5470E-05
 -1.8304E+01  8.2447E-05
 -1.8292E+01  9.1010E-05
 -1.8280E+01  1.0105E-04
 -1.8268E+01  1.1242E-04
 -1.8256E+01  1.2500E-04
 -1.8244E+01  1.3861E-04
 -1.8232E+01  1.5310E-04
 -1.8220E+01  1.6834E-04
 -1.8209E+01  1.8418E-04
 -1.8197E+01  2.0053E-04
 -1.8185E+01  2.1728E-04
 -1.8173E+01  2.3439E-04
 -1.8161E+01  2.5182E-04
 -1.8149E+01  2.6959E-04
 -1.8137E+01  2.8771E-04
 -1.8125E+01  3.0624E-04
 -1.8113E+01  3.2524E-04
 -1.8101E+01  3.4480E-04
 -1.8089E+01  3.6498E-04
 -1.8078E+01  3.8588E-04
 -1.8066E+01  4.0755E-04
 -1.8054E+01  4.3005E-04
 -1.8042E+01  4.5343E-04
 -1.8030E+01  4.7768E-04
 -1.8018E+01  5.0281E-04
 -1.8006E+01  5.2879E-04
 -1.7994E+01  5.5555E-04
 -1.7982E+01  5.8302E-04
 -1.7970E+01  6.1109E-04
 -1.7958E+01  6.3964E-04
 -1.7947E+01  6.6852E-04
 -1.7935E+01  6.9757E-04
 -1.7923E+01  7.2659E-04
 -1.7911E+01  7.5535E-04
 -1.7899E+01  7.8358E-04
 -1.7887E+01  8.1101E-04
 -1.7875E+01  8.3728E-04
 -1.7863E+01  8.6203E-04
 -1.7851E+01  8.8482E-04
 -1.7839E+01  9.0521E-04
 -1.7827E+01  9.2272E-04
 -1.7816E+01  9.3684E-04
 -1.7804E+01  9.4708E-04
 -1.7792E+01  9.5296E-04
 -1.7780E+01  9.5406E-04
 -1.7768E+01  9.4999E-04
 -1.7756E+01  9.4048E-04
 -1.7744E+01  9.2535E-04
 -1.7732E+01  9.0454E-04
 -1.7720E+01  8.7814E-04
 -1.7708E+01  8.4637E-04
 -1.7696E+01  8.0962E-04
 -1.7685E+01  7.6842E-04
 -1.7673E+01  7.2344E-04
 -1.7661E+01  6.7550E-04
 -1.7649E+01  6.2556E-04
 -1.7637E+01  5.7466E-04
 -1.7625E+01  5.2395E-04
 -1.7613E+01  4.7463E-04
 -1.7601E+01  4.2791E-04
 -1.7589E+01  3.8497E-04
 -1.7577E+01  3.4694E-04
 -1.7565E+01  3.1480E-04
 -1.7554E+01  2.8939E-04
 -1.7542E+01  2.7132E-04
 -1.7530E+01  2.6096E-04
 -1.7518E+01  2.5841E-04
 -1.7506E+01  2.6347E-04
 -1.7494E+01  2.7567E-04
 -1.7482E+01  2.9427E-04
 -1.7470E+01  3.1828E-04
 -1.7458E+01  3.4650E-04
 -1.7446E+01  3.7760E-04
 -1.7435E+01  4.1014E-04
 -1.7423E+01  4.4268E-04
 -1.7411E+01  4.7380E-04
 -1.7399E+01  5.0225E-04
 -1.7387E+01  5.2694E-04
 -1.7375E+01  5.4709E-04
 -1.7363E+01  5.6224E-04
 -1.7351E+01  5.7231E-04
 -1.7339E+01  5.7767E-04
 -1.7327E+01  5.7910E-04
 -1.7315E+01  5.7781E-04
 -1.7304E+01  5.7539E-04
 -1.7292E+01  5.7378E-04
 -1.7280E+01  5.7517E-04
 -1.7268E+01  5.8191E-04
 -1.7256E+01  5.9639E-04
 -1.7244E+01  6.2098E-04
 -1.7232E+01  6.5781E-04
 -1.7220E+01  7.0877E-04
 -1.7208E+01  7.7528E-04
 -1.7196E+01  8.5830E-04
 -1.7184E+01  9.5813E-04
 -1.7173E+01  1.0744E-03
 -1.7161E+01  1.2062E-03
 -1.7149E+01  1.3515E-03
 -1.7137E+01  1.5079E-03
 -1.7125E+01  1.6724E-03
 -1.7113E+01  1.8411E-03
 -1.7101E+01  2.0101E-03
 -1.7089E+01  2.1749E-03
 -1.7077E+01  2.3312E-03
 -1.7065E+01  2.4744E-03
 -1.7053E+01  2.6005E-03
 -1.7042E+01  2.7058E-03
 -1.7030E+01  2.7870E-03
 -1.7018E+01  2.8416E-03
 -1.7006E+01  2.8679E-03
 -1.6994E+01  2.8649E-03
 -1.6982E+01  2.8324E-03
 -1.6970E+01  2.7714E-03
 -1.6958E+01  2.6834E-03
 -1.6946E+01  2.5708E-03
 -1.6934E+01  2.4369E-03
 -1.6922E+01  2.2855E-03
 -1.6911E+01  2.1209E-03
 -1.6899E+01  1.9478E-03
 -1.6887E+01  1.7710E-03
 -1.6875E+01  1.5953E-03
 -1.6863E+01  1.4251E-03
 -1.6851E+01  1.2645E-03
 -1.6839E+01  1.1171E-03
 -1.6827E+01  9.8557E-04
 -1.6815E+01  8.7202E-04
 -1.6803E+01  7.7756E-04
 -1.6791E+01  7.0251E-04
 -1.6780E+01  6.4637E-04
 -1.6768E+01  6.0789E-04
 -1.6756E+01  5.8521E-04
 -1.6744E+01  5.7591E-04
 -1.6732E+01  5.7721E-04
 -1.6720E+01  5.8609E-04
 -1.6708E+01  5.9947E-04
 -1.6696E+01  6.1434E-04
 -1.6684E+01  6.2794E-04
 -1.6672E+01  6.3787E-04
 -1.6660E+01  6.4220E-04
 -1.6649E+01  6.3958E-04
 -1.6637E+01  6.2925E-04
 -1.6625E+01  6.1109E-04
 -1.6613E+01  5.8555E-04
 -1.6601E+01  5.5367E-04
 -1.6589E+01  5.1690E-04
 -1.6577E+01  4.7710E-04
 -1.6565E+01  4.3633E-04
 -1.6553E+01  3.9682E-04
 -1.6541E+01  3.6075E-04
 -1.6529E+01  3.3021E-04
 -1.6518E+01  3.0706E-04
 -1.6506E+01  2.9282E-04
 -1.6494E+01  2.8867E-04
 -1.6482E+01  2.9529E-04
 -1.6470E+01  3.1295E-04
 -1.6458E+01  3.4144E-04
 -1.6446E+01  3.8014E-04
 -1.6434E+01  4.2808E-04
 -1.6422E+01  4.8398E-04
 -1.6410E+01  5.4638E-04
 -1.6398E+01  6.1374E-04
 -1.6387E+01  6.8451E-04
 -1.6375E+01  7.5725E-04
 -1.6363E+01  8.3071E-04
 -1.6351E+01  9.0388E-04
 -1.6339E+01  9.7604E-04
 -1.6327E+01  1.0467E-03
 -1.6315E+01  1.1159E-03
 -1.6303E+01  1.1836E-03
 -1.6291E+01  1.2502E-03
 -1.6279E+01  1.3163E-03
 -1.6267E+01  1.3824E-03
 -1.6256E+01  1.4492E-03
 -1.6244E+01  1.5171E-03
 -1.6232E+01  1.5866E-03
 -1.6220E+01  1.6577E-03
 -1.6208E+01  1.7303E-03
 -1.6196E+01  1.8040E-03
 -1.6184E+01  1.8780E-03
 -1.6172E+01  1.9510E-03
 -1.6160E+01  2.0218E-03
 -1.6148E+01  2.0887E-03
 -1.6136E+01  2.1496E-03
 -1.6125E+01  2.2028E-03
 -1.6113E+01  2.2462E-03
 -1.6101E+01  2.2778E-03
 -1.6089E+01  2.2960E-03
 -1.6077E+01  2.2994E-03
 -1.6065E+01  2.2869E-03
 -1.6053E+01  2.2580E-03
 -1.6041E+01  2.2127E-03
 -1.6029E+01  2.1516E-03
 -1.6017E+01  2.0759E-03
 -1.6005E+01  1.9872E-03
 -1.5994E+01  1.8877E-03
 -1.5982E+01  1.7800E-03
 -1.5970E+01  1.6668E-03
 -1.5958E+01  1.5511E-03
 -1.5946E+01  1.4357E-03
 -1.5934E+01  1.3234E-03
 -1.5922E+01  1.2167E-03
 -1.5910E+01  1.1175E-03
 -1.5898E+01  1.0274E-03
 -1.5886E+01  9.4753E-04
 -1.5874E+01  8.7831E-04
 -1.5863E+01  8.1967E-04
 -1.5851E+01  7.7102E-04
 -1.5839E+01  7.3133E-04
 -1.5827E+01  6.9917E-04
 -1.5815E+01  6.7286E-04
 -1.5803E+01  6.5056E-04
 -1.5791E+01  6.3041E-04
 -1.5779E+01  6.1066E-04
 -1.5767E+01  5.8975E-04
 -1.5755E+01  5.6646E-04
 -1.5743E+01  5.3995E-04
 -1.5732E+01  5.0985E-04
 -1.5720E+01  4.7623E-04
 -1.5708E+01  4.3965E-04
 -1.5696E+01  4.0106E-04
 -1.5684E+01  3.6180E-04
 -1.5672E+01  3.2346E-04
 -1.5660E+01  2.8781E-04
 -1.5648E+01  2.5668E-04
 -1.5636E+01  2.3184E-04
 -1.5624E+01  2.1490E-04
 -1.5612E+01  2.0717E-04
 -1.5601E+01  2.0963E-04
 -1.5589E+01  2.2282E-04
 -1.5577E+01  2.4684E-04
 -1.5565E+01  2.8132E-04
 -1.5553E+01  3.2548E-04
 -1.5541E+01  3.7817E-04
 -1.5529E+01  4.3795E-04
 -1.5517E+01  5.0325E-04
 -1.5505E+01  5.7244E-04
 -1.5493E+01  6.4401E-04
 -1.5481E+01  7.1662E-04
 -1.5470E+01  7.8929E-04
 -1.5458E+01  8.6144E-04
 -1.5446E+01  9.3293E-04
 -1.5434E+01  1.0041E-03
 -1.5422E+01  1.0759E-03
 -1.5410E+01  1.1496E-03
 -1.5398E+01  1.2268E-03
 -1.5386E+01  1.3095E-03
 -1.5374E+01  1.3997E-03
 -1.5362E+01  1.4993E-03
 -1.5350E+01  1.6103E-03
 -1.5339E+01  1.7339E-03
 -1.5327E+01  1.8710E-03
 -1.5315E+01  2.0219E-03
 -1.5303E+01  2.1861E-03
 -1.5291E+01  2.3621E-03
 -1.5279E+01  2.5477E-03
 -1.5267E+01  2.7398E-03
 -1.5255E+01  2.9347E-03
 -1.5243E+01  3.1277E-03
 -1.5231E+01  3.3139E-03
 -1.5219E+01  3.4878E-03
 -1.5208E+01  3.6440E-03
 -1.5196E+01  3.7772E-03
 -1.5184E+01  3.8823E-03
 -1.5172E+01  3.9550E-03
 -1.5160E+01  3.9918E-03
 -1.5148E+01  3.9905E-03
 -1.5136E+01  3.9499E-03
 -1.5124E+01  3.8704E-03
 -1.5112E+01  3.7535E-03
 -1.5100E+01  3.6025E-03
 -1.5088E+01  3.4215E-03
 -1.5077E+01  3.2159E-03
 -1.5065E+01  2.9918E-03
 -1.5053E+01  2.7558E-03
 -1.5041E+01  2.5147E-03
 -1.5029E+01  2.2752E-03
 -1.5017E+01  2.0437E-03
 -1.5005E+01  1.8259E-03
 -1.4993E+01  1.6266E-03
 -1.4981E+01  1.4494E-03
 -1.4969E+01  1.2971E-03
 -1.4957E+01  1.1710E-03
 -1.4946E+01  1.0710E-03
 -1.4934E+01  9.9609E-04
 -1.4922E+01  9.4394E-04
 -1.4910E+01  9.1137E-04
 -1.4898E+01  8.9444E-04
 -1.4886E+01  8.8877E-04
 -1.4874E+01  8.8979E-04
 -1.4862E+01  8.9302E-04
 -1.4850E+01  8.9436E-04
 -1.4838E+01  8.9028E-04
 -1.4826E+01  8.7806E-04
 -1.4815E+01  8.5592E-04
 -1.4803E+01  8.2305E-04
 -1.4791E+01  7.7968E-04
 -1.4779E+01  7.2701E-04
 -1.4767E+01  6.6708E-04
 -1.4755E+01  6.0266E-04
 -1.4743E+01  5.3702E-04
 -1.4731E+01  4.7369E-04
 -1.4719E+01  4.1628E-04
 -1.4707E+01  3.6817E-04
 -1.4695E+01  3.3233E-04
 -1.4684E+01  3.1111E-04
 -1.4672E+01  3.0609E-04
 -1.4660E+01  3.1802E-04
 -1.4648E+01  3.4680E-04
 -1.4636E+01  3.9150E-04
 -1.4624E+01  4.5051E-04
 -1.4612E+01  5.2175E-04
 -1.4600E+01  6.0281E-04
 -1.4588E+01  6.9129E-04
 -1.4576E+01  7.8504E-04
 -1.4564E+01  8.8239E-04
 -1.4553E+01  9.8243E-04
 -1.4541E+01  1.0852E-03
 -1.4529E+01  1.1918E-03
 -1.4517E+01  1.3046E-03
 -1.4505E+01  1.4268E-03
 -1.4493E+01  1.5630E-03
 -1.4481E+01  1.7184E-03
 -1.4469E+01  1.8988E-03
 -1.4457E+01  2.1102E-03
 -1.4445E+01  2.3584E-03
 -1.4433E+01  2.6486E-03
 -1.4422E+01  2.9849E-03
 -1.4410E+01  3.3700E-03
 -1.4398E+01  3.8045E-03
 -1.4386E+01  4.2872E-03
 -1.4374E+01  4.8143E-03
 -1.4362E+01  5.3793E-03
 -1.4350E+01  5.9734E-03
 -1.4338E+01  6.5852E-03
 -1.4326E+01  7.2012E-03
 -1.4314E+01  7.8061E-03
 -1.4302E+01  8.3830E-03
 -1.4291E+01  8.9148E-03
 -1.4279E+01  9.3843E-03
 -1.4267E+01  9.7752E-03
 -1.4255E+01  1.0073E-02
 -1.4243E+01  1.0266E-02
 -1.4231E+01  1.0346E-02
 -1.4219E+01  1.0308E-02
 -1.4207E+01  1.0152E-02
 -1.4195E+01  9.8805E-03
 -1.4183E+01  9.5031E-03
 -1.4171E+01  9.0318E-03
 -1.4160E+01  8.4828E-03
 -1.4148E+01  7.8749E-03
 -1.4136E+01  7.2299E-03
 -1.4124E+01  6.5707E-03
 -1.4112E+01  5.9209E-03
 -1.4100E+01  5.3041E-03
 -1.4088E+01  4.7422E-03
 -1.4076E+01  4.2552E-03
 -1.4064E+01  3.8599E-03
 -1.4052E+01  3.5693E-03
 -1.4040E+01  3.3917E-03
 -1.4029E+01  3.3307E-03
 -1.4017E+01  3.3845E-03
 -1.4005E+01  3.5464E-03
 -1.3993E+01  3.8051E-03
 -1.3981E+01  4.1450E-03
 -1.3969E+01  4.5475E-03
 -1.3957E+01  4.9917E-03
 -1.3945E+01  5.4554E-03
 -1.3933E+01  5.9170E-03
 -1.3921E+01  6.3560E-03
 -1.3909E+01  6.7543E-03
 -1.3898E+01  7.0979E-03
 -1.3886E+01  7.3771E-03
 -1.3874E+01  7.5880E-03
 -1.3862E+01  7.7324E-03
 -1.3850E+01  7.8187E-03
 -1.3838E+01  7.8617E-03
 -1.3826E+01  7.8825E-03
 -1.3814E+01  7.9074E-03
 -1.3802E+01  7.9678E-03
 -1.3790E+01  8.0981E-03
 -1.3778E+01  8.3349E-03
 -1.3767E+01  8.7153E-03
 -1.3755E+01  9.2749E-03
 -1.3743E+01  1.0047E-02
 -1.3731E+01  1.1060E-02
 -1.3719E+01  1.2336E-02
 -1.3707E+01  1.3891E-02
 -1.3695E+01  1.5733E-02
 -1.3683E+01  1.7860E-02
 -1.3671E+01  2.0260E-02
 -1.3659E+01  2.2912E-02
 -1.3647E+01  2.5786E-02
 -1.3636E+01  2.8842E-02
 -1.3624E+01  3.2032E-02
 -1.3612E+01  3.5299E-02
 -1.3600E+01  3.8585E-02
 -1.3588E+01  4.1824E-02
 -1.3576E+01  4.4953E-02
 -1.3564E+01  4.7907E-02
 -1.3552E+01  5.0627E-02
 -1.3540E+01  5.3057E-02
 -1.3528E+01  5.5150E-02
 -1.3517E+01  5.6864E-02
 -1.3505E+01  5.8170E-02
 -1.3493E+01  5.9044E-02
 -1.3481E+01  5.9475E-02
 -1.3469E+01  5.9460E-02
 -1.3457E+01  5.9004E-02
 -1.3445E+01  5.8123E-02
 -1.3433E+01  5.6839E-02
 -1.3421E+01  5.5183E-02
 -1.3409E+01  5.3192E-02
 -1.3397E+01  5.0909E-02
 -1.3386E+01  4.8381E-02
 -1.3374E+01  4.5659E-02
 -1.3362E+01  4.2795E-02
 -1.3350E+01  3.9841E-02
 -1.3338E+01  3.6847E-02
 -1.3326E+01  3.3862E-02
 -1.3314E+01  3.0928E-02
 -1.3302E+01  2.8083E-02
 -1.3290E+01  2.5358E-02
 -1.3278E+01  2.2779E-02
 -1.3266E+01  2.0365E-02
 -1.3255E+01  1.8126E-02
 -1.3243E+01  1.6071E-02
 -1.3231E+01  1.4201E-02
 -1.3219E+01  1.2513E-02
 -1.3207E+01  1.0999E-02
 -1.3195E+01  9.6514E-03
 -1.3183E+01  8.4579E-03
 -1.3171E+01  7.4057E-03
 -1.3159E+01  6.4811E-03
 -1.3147E+01  5.6704E-03
 -1.3135E+01  4.9599E-03
 -1.3124E+01  4.3368E-03
 -1.3112E+01  3.7894E-03
 -1.3100E+01  3.3070E-03
 -1.3088E+01  2.8805E-03
 -1.3076E+01  2.5021E-03
 -1.3064E+01  2.1656E-03
 -1.3052E+01  1.8660E-03
 -1.3040E+01  1.5993E-03
 -1.3028E+01  1.3626E-03
 -1.3016E+01  1.1537E-03
 -1.3004E+01  9.7091E-04
 -1.2993E+01  8.1291E-04
 -1.2981E+01  6.7845E-04
 -1.2969E+01  5.6628E-04
 -1.2957E+01  4.7505E-04
 -1.2945E+01  4.0320E-04
 -1.2933E+01  3.4897E-04
 -1.2921E+01  3.1040E-04
 -1.2909E+01  2.8534E-04
 -1.2897E+01  2.7158E-04
 -1.2885E+01  2.6688E-04
 -1.2873E+01  2.6909E-04
 -1.2862E+01  2.7623E-04
 -1.2850E+01  2.8658E-04
 -1.2838E+01  2.9870E-04
 -1.2826E+01  3.1153E-04
 -1.2814E+01  3.2436E-04
 -1.2802E+01  3.3684E-04
 -1.2790E+01  3.4895E-04
 -1.2778E+01  3.6095E-04
 -1.2766E+01  3.7330E-04
 -1.2754E+01  3.8661E-04
 -1.2742E+01  4.0152E-04
 -1.2731E+01  4.1866E-04
 -1.2719E+01  4.3857E-04
 -1.2707E+01  4.6158E-04
 -1.2695E+01  4.8785E-04
 -1.2683E+01  5.1726E-04
 -1.2671E+01  5.4946E-04
 -1.2659E+01  5.8383E-04
 -1.2647E+01  6.1954E-04
 -1.2635E+01  6.5557E-04
 -1.2623E+01  6.9079E-04
 -1.2611E+01  7.2398E-04
 -1.2600E+01  7.5391E-04
 -1.2588E+01  7.7944E-04
 -1.2576E+01  7.9951E-04
 -1.2564E+01  8.1326E-04
 -1.2552E+01  8.2004E-04
 -1.2540E+01  8.1945E-04
 -1.2528E+01  8.1139E-04
 -1.2516E+01  7.9599E-04
 -1.2504E+01  7.7371E-04
 -1.2492E+01  7.4521E-04
 -1.2480E+01  7.1139E-04
 -1.2469E+01  6.7329E-04
 -1.2457E+01  6.3204E-04
 -1.2445E+01  5.8884E-04
 -1.2433E+01  5.4483E-04
 -1.2421E+01  5.0108E-04
 -1.2409E+01  4.5854E-04
 -1.2397E+01  4.1800E-04
 -1.2385E+01  3.8006E-04
 -1.2373E+01  3.4512E-04
 -1.2361E+01  3.1341E-04
 -1.2349E+01  2.8495E-04
 -1.2338E+01  2.5965E-04
 -1.2326E+01  2.3727E-04
 -1.2314E+01  2.1747E-04
 -1.2302E+01  1.9989E-04
 -1.2290E+01  1.8411E-04
 -1.2278E+01  1.6975E-04
 -1.2266E+01  1.5646E-04
 -1.2254E+01  1.4394E-04
 -1.2242E+01  1.3198E-04
 -1.2230E+01  1.2046E-04
 -1.2218E+01  1.0932E-04
 -1.2207E+01  9.8586E-05
 -1.2195E+01  8.8360E-05
 -1.2183E+01  7.8780E-05
 -1.2171E+01  7.0020E-05
 -1.2159E+01  6.2263E-05
 -1.2147E+01  5.5685E-05
 -1.2135E+01  5.0437E-05
 -1.2123E+01  4.6634E-05
 -1.2111E+01  4.4343E-05
 -1.2099E+01  4.3581E-05
 -1.2087E+01  4.4312E-05
 -1.2076E+01  4.6455E-05
 -1.2064E+01  4.9892E-05
 -1.2052E+01  5.4478E-05
 -1.2040E+01  6.0054E-05
 -1.2028E+01  6.6467E-05
 -1.2016E+01  7.3580E-05
 -1.2004E+01  8.1283E-05
 -1.1992E+01  8.9509E-05
 -1.1980E+01  9.8233E-05
 -1.1968E+01  1.0748E-04
 -1.1956E+01  1.1730E-04
 -1.1945E+01  1.2782E-04
 -1.1933E+01  1.3916E-04
 -1.1921E+01  1.5145E-04
 -1.1909E+01  1.6486E-04
 -1.1897E+01  1.7951E-04
 -1.1885E+01  1.9550E-04
 -1.1873E+01  2.1290E-04
 -1.1861E+01  2.3173E-04
 -1.1849E+01  2.5196E-04
 -1.1837E+01  2.7349E-04
 -1.1825E+01  2.9619E-04
 -1.1814E+01  3.1987E-04
 -1.1802E+01  3.4432E-04
 -1.1790E+01  3.6928E-04
 -1.1778E+01  3.9451E-04
 -1.1766E+01  4.1976E-04
 -1.1754E+01  4.4478E-04
 -1.1742E+01  4.6934E-04
 -1.1730E+01  4.9325E-04
 -1.1718E+01  5.1633E-04
 -1.1706E+01  5.3841E-04
 -1.1694E+01  5.5935E-04
 -1.1683E+01  5.7902E-04
 -1.1671E+01  5.9727E-04
 -1.1659E+01  6.1396E-04
 -1.1647E+01  6.2894E-04
 -1.1635E+01  6.4200E-04
 -1.1623E+01  6.5296E-04
 -1.1611E+01  6.6157E-04
 -1.1599E+01  6.6760E-04
 -1.1587E+01  6.7077E-04
 -1.1575E+01  6.7082E-04
 -1.1563E+01  6.6751E-04
 -1.1552E+01  6.6060E-04
 -1.1540E+01  6.4991E-04
 -1.1528E+01  6.3532E-04
 -1.1516E+01  6.1678E-04
 -1.1504E+01  5.9436E-04
 -1.1492E+01  5.6821E-04
 -1.1480E+01  5.3863E-04
 -1.1468E+01  5.0604E-04
 -1.1456E+01  4.7099E-04
 -1.1444E+01  4.3416E-04
 -1.1432E+01  3.9632E-04
 -1.1421E+01  3.5834E-04
 -1.1409E+01  3.2113E-04
 -1.1397E+01  2.8561E-04
 -1.1385E+01  2.5267E-04
 -1.1373E+01  2.2312E-04
 -1.1361E+01  1.9763E-04
 -1.1349E+01  1.7672E-04
 -1.1337E+01  1.6070E-04
 -1.1325E+01  1.4968E-04
 -1.1313E+01  1.4355E-04
 -1.1301E+01  1.4195E-04
 -1.1290E+01  1.4435E-04
 -1.1278E+01  1.5004E-04
 -1.1266E+01  1.5816E-04
 -1.1254E+01  1.6778E-04
 -1.1242E+01  1.7790E-04
 -1.1230E+01  1.8757E-04
 -1.1218E+01  1.9589E-04
 -1.1206E+01  2.0211E-04
 -1.1194E+01  2.0563E-04
 -1.1182E+01  2.0607E-04
 -1.1170E+01  2.0330E-04
 -1.1159E+01  1.9743E-04
 -1.1147E+01  1.8883E-04
 -1.1135E+01  1.7807E-04
 -1.1123E+01  1.6595E-04
 -1.1111E+01  1.5340E-04
 -1.1099E+01  1.4143E-04
 -1.1087E+01  1.3110E-04
 -1.1075E+01  1.2345E-04
 -1.1063E+01  1.1943E-04
 -1.1051E+01  1.1984E-04
 -1.1039E+01  1.2536E-04
 -1.1028E+01  1.3643E-04
 -1.1016E+01  1.5333E-04
 -1.1004E+01  1.7612E-04
 -1.0992E+01  2.0470E-04
 -1.0980E+01  2.3886E-04
 -1.0968E+01  2.7829E-04
 -1.0956E+01  3.2267E-04
 -1.0944E+01  3.7174E-04
 -1.0932E+01  4.2536E-04
 -1.0920E+01  4.8357E-04
 -1.0908E+01  5.4664E-04
 -1.0897E+01  6.1510E-04
 -1.0885E+01  6.8976E-04
 -1.0873E+01  7.7167E-04
 -1.0861E+01  8.6209E-04
 -1.0849E+01  9.6239E-04
 -1.0837E+01  1.0740E-03
 -1.0825E+01  1.1982E-03
 -1.0813E+01  1.3362E-03
 -1.0801E+01  1.4885E-03
 -1.0789E+01  1.6554E-03
 -1.0777E+01  1.8363E-03
 -1.0766E+01  2.0300E-03
 -1.0754E+01  2.2343E-03
 -1.0742E+01  2.4462E-03
 -1.0730E+01  2.6620E-03
 -1.0718E+01  2.8770E-03
 -1.0706E+01  3.0859E-03
 -1.0694E+01  3.2832E-03
 -1.0682E+01  3.4629E-03
 -1.0670E+01  3.6193E-03
 -1.0658E+01  3.7466E-03
 -1.0646E+01  3.8400E-03
 -1.0635E+01  3.8953E-03
 -1.0623E+01  3.9094E-03
 -1.0611E+01  3.8806E-03
 -1.0599E+01  3.8086E-03
 -1.0587E+01  3.6949E-03
 -1.0575E+01  3.5426E-03
 -1.0563E+01  3.3568E-03
 -1.0551E+01  3.1441E-03
 -1.0539E+01  2.9126E-03
 -1.0527E+01  2.6718E-03
 -1.0515E+01  2.4321E-03
 -1.0504E+01  2.2043E-03
 -1.0492E+01  1.9993E-03
 -1.0480E+01  1.8275E-03
 -1.0468E+01  1.6981E-03
 -1.0456E+01  1.6190E-03
 -1.0444E+01  1.5961E-03
 -1.0432E+01  1.6330E-03
 -1.0420E+01  1.7311E-03
 -1.0408E+01  1.8891E-03
 -1.0396E+01  2.1031E-03
 -1.0384E+01  2.3669E-03
 -1.0373E+01  2.6725E-03
 -1.0361E+01  3.0099E-03
 -1.0349E+01  3.3683E-03
 -1.0337E+01  3.7362E-03
 -1.0325E+01  4.1026E-03
 -1.0313E+01  4.4577E-03
 -1.0301E+01  4.7933E-03
 -1.0289E+01  5.1042E-03
 -1.0277E+01  5.3885E-03
 -1.0265E+01  5.6484E-03
 -1.0253E+01  5.8904E-03
 -1.0242E+01  6.1255E-03
 -1.0230E+01  6.3694E-03
 -1.0218E+01  6.6421E-03
 -1.0206E+01  6.9673E-03
 -1.0194E+01  7.3720E-03
 -1.0182E+01  7.8852E-03
 -1.0170E+01  8.5371E-03
 -1.0158E+01  9.3577E-03
 -1.0146E+01  1.0376E-02
 -1.0134E+01  1.1617E-02
 -1.0122E+01  1.3102E-02
 -1.0111E+01  1.4847E-02
 -1.0099E+01  1.6859E-02
 -1.0087E+01  1.9139E-02
 -1.0075E+01  2.1679E-02
 -1.0063E+01  2.4460E-02
 -1.0051E+01  2.7456E-02
 -1.0039E+01  3.0630E-02
 -1.0027E+01  3.3940E-02
 -1.0015E+01  3.7333E-02
 -1.0003E+01  4.0755E-02
 -9.9915E+00  4.4144E-02
 -9.9796E+00  4.7437E-02
 -9.9677E+00  5.0570E-02
 -9.9558E+00  5.3478E-02
 -9.9439E+00  5.6101E-02
 -9.9319E+00  5.8379E-02
 -9.9200E+00  6.0261E-02
 -9.9081E+00  6.1703E-02
 -9.8962E+00  6.2667E-02
 -9.8843E+00  6.3129E-02
 -9.8724E+00  6.3075E-02
 -9.8605E+00  6.2505E-02
 -9.8486E+00  6.1430E-02
 -9.8367E+00  5.9877E-02
 -9.8248E+00  5.7880E-02
 -9.8129E+00  5.5488E-02
 -9.8010E+00  5.2756E-02
 -9.7890E+00  4.9746E-02
 -9.7771E+00  4.6524E-02
 -9.7652E+00  4.3158E-02
 -9.7533E+00  3.9716E-02
 -9.7414E+00  3.6262E-02
 -9.7295E+00  3.2857E-02
 -9.7176E+00  2.9556E-02
 -9.7057E+00  2.6408E-02
 -9.6938E+00  2.3453E-02
 -9.6819E+00  2.0723E-02
 -9.6700E+00  1.8243E-02
 -9.6580E+00  1.6026E-02
 -9.6461E+00  1.4079E-02
 -9.6342E+00  1.2400E-02
 -9.6223E+00  1.0978E-02
 -9.6104E+00  9.7968E-03
 -9.5985E+00  8.8338E-03
 -9.5866E+00  8.0624E-03
 -9.5747E+00  7.4531E-03
 -9.5628E+00  6.9751E-03
 -9.5509E+00  6.5978E-03
 -9.5390E+00  6.2922E-03
 -9.5271E+00  6.0316E-03
 -9.5151E+00  5.7930E-03
 -9.5032E+00  5.5573E-03
 -9.4913E+00  5.3100E-03
 -9.4794E+00  5.0415E-03
 -9.4675E+00  4.7464E-03
 -9.4556E+00  4.4237E-03
 -9.4437E+00  4.0765E-03
 -9.4318E+00  3.7107E-03
 -9.4199E+00  3.3349E-03
 -9.4080E+00  2.9592E-03
 -9.3961E+00  2.5944E-03
 -9.3841E+00  2.2513E-03
 -9.3722E+00  1.9400E-03
 -9.3603E+00  1.6687E-03
 -9.3484E+00  1.4439E-03
 -9.3365E+00  1.2695E-03
 -9.3246E+00  1.1472E-03
 -9.3127E+00  1.0759E-03
 -9.3008E+00  1.0521E-03
 -9.2889E+00  1.0705E-03
 -9.2770E+00  1.1238E-03
 -9.2651E+00  1.2039E-03
 -9.2531E+00  1.3016E-03
 -9.2412E+00  1.4079E-03
 -9.2293E+00  1.5141E-03
 -9.2174E+00  1.6124E-03
 -9.2055E+00  1.6963E-03
 -9.1936E+00  1.7609E-03
 -9.1817E+00  1.8034E-03
 -9.1698E+00  1.8225E-03
 -9.1579E+00  1.8192E-03
 -9.1460E+00  1.7962E-03
 -9.1341E+00  1.7575E-03
 -9.1222E+00  1.7083E-03
 -9.1102E+00  1.6545E-03
 -9.0983E+00  1.6025E-03
 -9.0864E+00  1.5581E-03
 -9.0745E+00  1.5269E-03
 -9.0626E+00  1.5132E-03
 -9.0507E+00  1.5203E-03
 -9.0388E+00  1.5499E-03
 -9.0269E+00  1.6020E-03
 -9.0150E+00  1.6750E-03
 -9.0031E+00  1.7659E-03
 -8.9912E+00  1.8701E-03
 -8.9792E+00  1.9821E-03
 -8.9673E+00  2.0954E-03
 -8.9554E+00  2.2033E-03
 -8.9435E+00  2.2992E-03
 -8.9316E+00  2.3768E-03
 -8.9197E+00  2.4309E-03
 -8.9078E+00  2.4571E-03
 -8.8959E+00  2.4528E-03
 -8.8840E+00  2.4167E-03
 -8.8721E+00  2.3492E-03
 -8.8602E+00  2.2525E-03
 -8.8482E+00  2.1300E-03
 -8.8363E+00  1.9867E-03
 -8.8244E+00  1.8284E-03
 -8.8125E+00  1.6619E-03
 -8.8006E+00  1.4941E-03
 -8.7887E+00  1.3320E-03
 -8.7768E+00  1.1821E-03
 -8.7649E+00  1.0503E-03
 -8.7530E+00  9.4130E-04
 -8.7411E+00  8.5830E-04
 -8.7292E+00  8.0308E-04
 -8.7173E+00  7.7578E-04
 -8.7053E+00  7.7492E-04
 -8.6934E+00  7.9754E-04
 -8.6815E+00  8.3941E-04
 -8.6696E+00  8.9532E-04
 -8.6577E+00  9.5943E-04
 -8.6458E+00  1.0256E-03
 -8.6339E+00  1.0878E-03
 -8.6220E+00  1.1405E-03
 -8.6101E+00  1.1790E-03
 -8.5982E+00  1.1995E-03
 -8.5863E+00  1.1998E-03
 -8.5743E+00  1.1790E-03
 -8.5624E+00  1.1377E-03
 -8.5505E+00  1.0781E-03
 -8.5386E+00  1.0036E-03
 -8.5267E+00  9.1900E-04
 -8.5148E+00  8.2965E-04
 -8.5029E+00  7.4155E-04
 -8.4910E+00  6.6079E-04
 -8.4791E+00  5.9318E-04
 -8.4672E+00  5.4388E-04
 -8.4553E+00  5.1710E-04
 -8.4433E+00  5.1578E-04
 -8.4314E+00  5.4145E-04
 -8.4195E+00  5.9412E-04
 -8.4076E+00  6.7221E-04
 -8.3957E+00  7.7267E-04
 -8.3838E+00  8.9112E-04
 -8.3719E+00  1.0220E-03
 -8.3600E+00  1.1592E-03
 -8.3481E+00  1.2957E-03
 -8.3362E+00  1.4249E-03
 -8.3243E+00  1.5404E-03
 -8.3124E+00  1.6363E-03
 -8.3004E+00  1.7082E-03
 -8.2885E+00  1.7528E-03
 -8.2766E+00  1.7686E-03
 -8.2647E+00  1.7555E-03
 -8.2528E+00  1.7155E-03
 -8.2409E+00  1.6517E-03
 -8.2290E+00  1.5691E-03
 -8.2171E+00  1.4733E-03
 -8.2052E+00  1.3711E-03
 -8.1933E+00  1.2694E-03
 -8.1814E+00  1.1753E-03
 -8.1694E+00  1.0952E-03
 -8.1575E+00  1.0348E-03
 -8.1456E+00  9.9882E-04
 -8.1337E+00  9.9028E-04
 -8.1218E+00  1.0107E-03
 -8.1099E+00  1.0596E-03
 -8.0980E+00  1.1350E-03
 -8.0861E+00  1.2331E-03
 -8.0742E+00  1.3486E-03
 -8.0623E+00  1.4751E-03
 -8.0504E+00  1.6054E-03
 -8.0384E+00  1.7320E-03
 -8.0265E+00  1.8472E-03
 -8.0146E+00  1.9443E-03
 -8.0027E+00  2.0173E-03
 -7.9908E+00  2.0613E-03
 -7.9789E+00  2.0734E-03
 -7.9670E+00  2.0520E-03
 -7.9551E+00  1.9978E-03
 -7.9432E+00  1.9132E-03
 -7.9313E+00  1.8022E-03
 -7.9194E+00  1.6706E-03
 -7.9075E+00  1.5254E-03
 -7.8955E+00  1.3744E-03
 -7.8836E+00  1.2258E-03
 -7.8717E+00  1.0879E-03
 -7.8598E+00  9.6824E-04
 -7.8479E+00  8.7345E-04
 -7.8360E+00  8.0871E-04
 -7.8241E+00  7.7746E-04
 -7.8122E+00  7.8119E-04
 -7.8003E+00  8.1937E-04
 -7.7884E+00  8.8942E-04
 -7.7765E+00  9.8694E-04
 -7.7645E+00  1.1059E-03
 -7.7526E+00  1.2390E-03
 -7.7407E+00  1.3782E-03
 -7.7288E+00  1.5148E-03
 -7.7169E+00  1.6404E-03
 -7.7050E+00  1.7473E-03
 -7.6931E+00  1.8287E-03
 -7.6812E+00  1.8794E-03
 -7.6693E+00  1.8961E-03
 -7.6574E+00  1.8775E-03
 -7.6455E+00  1.8246E-03
 -7.6335E+00  1.7405E-03
 -7.6216E+00  1.6305E-03
 -7.6097E+00  1.5013E-03
 -7.5978E+00  1.3612E-03
 -7.5859E+00  1.2192E-03
 -7.5740E+00  1.0846E-03
 -7.5621E+00  9.6640E-04
 -7.5502E+00  8.7281E-04
 -7.5383E+00  8.1078E-04
 -7.5264E+00  7.8549E-04
 -7.5145E+00  8.0008E-04
 -7.5026E+00  8.5539E-04
 -7.4906E+00  9.4987E-04
 -7.4787E+00  1.0796E-03
 -7.4668E+00  1.2385E-03
 -7.4549E+00  1.4188E-03
 -7.4430E+00  1.6109E-03
 -7.4311E+00  1.8049E-03
 -7.4192E+00  1.9903E-03
 -7.4073E+00  2.1572E-03
 -7.3954E+00  2.2967E-03
 -7.3835E+00  2.4015E-03
 -7.3716E+00  2.4665E-03
 -7.3596E+00  2.4889E-03
 -7.3477E+00  2.4687E-03
 -7.3358E+00  2.4084E-03
 -7.3239E+00  2.3132E-03
 -7.3120E+00  2.1907E-03
 -7.3001E+00  2.0501E-03
 -7.2882E+00  1.9025E-03
 -7.2763E+00  1.7593E-03
 -7.2644E+00  1.6325E-03
 -7.2525E+00  1.5331E-03
 -7.2406E+00  1.4711E-03
 -7.2286E+00  1.4544E-03
 -7.2167E+00  1.4882E-03
 -7.2048E+00  1.5752E-03
 -7.1929E+00  1.7145E-03
 -7.1810E+00  1.9022E-03
 -7.1691E+00  2.1313E-03
 -7.1572E+00  2.3921E-03
 -7.1453E+00  2.6725E-03
 -7.1334E+00  2.9591E-03
 -7.1215E+00  3.2377E-03
 -7.1096E+00  3.4938E-03
 -7.0977E+00  3.7140E-03
 -7.0857E+00  3.8866E-03
 -7.0738E+00  4.0020E-03
 -7.0619E+00  4.0539E-03
 -7.0500E+00  4.0396E-03
 -7.0381E+00  3.9603E-03
 -7.0262E+00  3.8211E-03
 -7.0143E+00  3.6312E-03
 -7.0024E+00  3.4034E-03
 -6.9905E+00  3.1535E-03
 -6.9786E+00  2.8994E-03
 -6.9667E+00  2.6603E-03
 -6.9547E+00  2.4555E-03
 -6.9428E+00  2.3034E-03
 -6.9309E+00  2.2205E-03
 -6.9190E+00  2.2201E-03
 -6.9071E+00  2.3120E-03
 -6.8952E+00  2.5016E-03
 -6.8833E+00  2.7893E-03
 -6.8714E+00  3.1708E-03
 -6.8595E+00  3.6369E-03
 -6.8476E+00  4.1740E-03
 -6.8357E+00  4.7648E-03
 -6.8237E+00  5.3891E-03
 -6.8118E+00  6.0255E-03
 -6.7999E+00  6.6520E-03
 -6.7880E+00  7.2483E-03
 -6.7761E+00  7.7969E-03
 -6.7642E+00  8.2848E-03
 -6.7523E+00  8.7047E-03
 -6.7404E+00  9.0561E-03
 -6.7285E+00  9.3460E-03
 -6.7166E+00  9.5893E-03
 -6.7047E+00  9.8088E-03
 -6.6928E+00  1.0035E-02
 -6.6808E+00  1.0304E-02
 -6.6689E+00  1.0659E-02
 -6.6570E+00  1.1146E-02
 -6.6451E+00  1.1814E-02
 -6.6332E+00  1.2711E-02
 -6.6213E+00  1.3884E-02
 -6.6094E+00  1.5374E-02
 -6.5975E+00  1.7218E-02
 -6.5856E+00  1.9441E-02
 -6.5737E+00  2.2059E-02
 -6.5618E+00  2.5076E-02
 -6.5498E+00  2.8483E-02
 -6.5379E+00  3.2258E-02
 -6.5260E+00  3.6365E-02
 -6.5141E+00  4.0757E-02
 -6.5022E+00  4.5376E-02
 -6.4903E+00  5.0154E-02
 -6.4784E+00  5.5015E-02
 -6.4665E+00  5.9878E-02
 -6.4546E+00  6.4657E-02
 -6.4427E+00  6.9262E-02
 -6.4308E+00  7.3607E-02
 -6.4188E+00  7.7606E-02
 -6.4069E+00  8.1177E-02
 -6.3950E+00  8.4249E-02
 -6.3831E+00  8.6758E-02
 -6.3712E+00  8.8655E-02
 -6.3593E+00  8.9902E-02
 -6.3474E+00  9.0482E-02
 -6.3355E+00  9.0391E-02
 -6.3236E+00  8.9642E-02
 -6.3117E+00  8.8264E-02
 -6.2998E+00  8.6300E-02
 -6.2879E+00  8.3802E-02
 -6.2759E+00  8.0833E-02
 -6.2640E+00  7.7461E-02
 -6.2521E+00  7.3755E-02
 -6.2402E+00  6.9789E-02
 -6.2283E+00  6.5632E-02
 -6.2164E+00  6.1353E-02
 -6.2045E+00  5.7015E-02
 -6.1926E+00  5.2679E-02
 -6.1807E+00  4.8399E-02
 -6.1688E+00  4.4224E-02
 -6.1569E+00  4.0195E-02
 -6.1449E+00  3.6349E-02
 -6.1330E+00  3.2713E-02
 -6.1211E+00  2.9310E-02
 -6.1092E+00  2.6152E-02
 -6.0973E+00  2.3247E-02
 -6.0854E+00  2.0596E-02
 -6.0735E+00  1.8194E-02
 -6.0616E+00  1.6031E-02
 -6.0497E+00  1.4095E-02
 -6.0378E+00  1.2370E-02
 -6.0259E+00  1.0838E-02
 -6.0140E+00  9.4822E-03
 -6.0020E+00  8.2850E-03
 -5.9901E+00  7.2298E-03
 -5.9782E+00  6.3009E-03
 -5.9663E+00  5.4844E-03
 -5.9544E+00  4.7675E-03
 -5.9425E+00  4.1393E-03
 -5.9306E+00  3.5899E-03
 -5.9187E+00  3.1108E-03
 -5.9068E+00  2.6944E-03
 -5.8949E+00  2.3342E-03
 -5.8830E+00  2.0243E-03
 -5.8710E+00  1.7593E-03
 -5.8591E+00  1.5343E-03
 -5.8472E+00  1.3452E-03
 -5.8353E+00  1.1880E-03
 -5.8234E+00  1.0590E-03
 -5.8115E+00  9.5531E-04
 -5.7996E+00  8.7414E-04
 -5.7877E+00  8.1330E-04
 -5.7758E+00  7.7100E-04
 -5.7639E+00  7.4596E-04
 -5.7520E+00  7.3729E-04
 -5.7400E+00  7.4452E-04
 -5.7281E+00  7.6750E-04
 -5.7162E+00  8.0629E-04
 -5.7043E+00  8.6108E-04
 -5.6924E+00  9.3202E-04
 -5.6805E+00  1.0191E-03
 -5.6686E+00  1.1222E-03
 -5.6567E+00  1.2406E-03
 -5.6448E+00  1.3732E-03
 -5.6329E+00  1.5185E-03
 -5.6210E+00  1.6743E-03
 -5.6091E+00  1.8379E-03
 -5.5971E+00  2.0061E-03
 -5.5852E+00  2.1754E-03
 -5.5733E+00  2.3418E-03
 -5.5614E+00  2.5012E-03
 -5.5495E+00  2.6493E-03
 -5.5376E+00  2.7821E-03
 -5.5257E+00  2.8959E-03
 -5.5138E+00  2.9876E-03
 -5.5019E+00  3.0547E-03
 -5.4900E+00  3.0956E-03
 -5.4781E+00  3.1097E-03
 -5.4661E+00  3.0973E-03
 -5.4542E+00  3.0596E-03
 -5.4423E+00  2.9989E-03
 -5.4304E+00  2.9180E-03
 -5.4185E+00  2.8201E-03
 -5.4066E+00  2.7090E-03
 -5.3947E+00  2.5882E-03
 -5.3828E+00  2.4615E-03
 -5.3709E+00  2.3320E-03
 -5.3590E+00  2.2026E-03
 -5.3471E+00  2.0757E-03
 -5.3351E+00  1.9530E-03
 -5.3232E+00  1.8359E-03
 -5.3113E+00  1.7248E-03
 -5.2994E+00  1.6200E-03
 -5.2875E+00  1.5214E-03
 -5.2756E+00  1.4284E-03
 -5.2637E+00  1.3405E-03
 -5.2518E+00  1.2571E-03
 -5.2399E+00  1.1777E-03
 -5.2280E+00  1.1020E-03
 -5.2161E+00  1.0300E-03
 -5.2042E+00  9.6215E-04
 -5.1922E+00  8.9906E-04
 -5.1803E+00  8.4173E-04
 -5.1684E+00  7.9139E-04
 -5.1565E+00  7.4936E-04
 -5.1446E+00  7.1701E-04
 -5.1327E+00  6.9554E-04
 -5.1208E+00  6.8586E-04
 -5.1089E+00  6.8844E-04
 -5.0970E+00  7.0322E-04
 -5.0851E+00  7.2948E-04
 -5.0732E+00  7.6584E-04
 -5.0612E+00  8.1027E-04
 -5.0493E+00  8.6016E-04
 -5.0374E+00  9.1247E-04
 -5.0255E+00  9.6390E-04
 -5.0136E+00  1.0111E-03
 -5.0017E+00  1.0510E-03
 -4.9898E+00  1.0808E-03
 -4.9779E+00  1.0985E-03
 -4.9660E+00  1.1029E-03
 -4.9541E+00  1.0938E-03
 -4.9422E+00  1.0719E-03
 -4.9302E+00  1.0393E-03
 -4.9183E+00  9.9877E-04
 -4.9064E+00  9.5440E-04
 -4.8945E+00  9.1086E-04
 -4.8826E+00  8.7340E-04
 -4.8707E+00  8.4746E-04
 -4.8588E+00  8.3838E-04
 -4.8469E+00  8.5099E-04
 -4.8350E+00  8.8924E-04
 -4.8231E+00  9.5589E-04
 -4.8112E+00  1.0522E-03
 -4.7993E+00  1.1780E-03
 -4.7873E+00  1.3311E-03
 -4.7754E+00  1.5078E-03
 -4.7635E+00  1.7030E-03
 -4.7516E+00  1.9102E-03
 -4.7397E+00  2.1218E-03
 -4.7278E+00  2.3298E-03
 -4.7159E+00  2.5260E-03
 -4.7040E+00  2.7024E-03
 -4.6921E+00  2.8518E-03
 -4.6802E+00  2.9683E-03
 -4.6683E+00  3.0476E-03
 -4.6563E+00  3.0877E-03
 -4.6444E+00  3.0887E-03
 -4.6325E+00  3.0532E-03
 -4.6206E+00  2.9862E-03
 -4.6087E+00  2.8949E-03
 -4.5968E+00  2.7881E-03
 -4.5849E+00  2.6759E-03
 -4.5730E+00  2.5686E-03
 -4.5611E+00  2.4767E-03
 -4.5492E+00  2.4096E-03
 -4.5373E+00  2.3750E-03
 -4.5253E+00  2.3787E-03
 -4.5134E+00  2.4239E-03
 -4.5015E+00  2.5108E-03
 -4.4896E+00  2.6367E-03
 -4.4777E+00  2.7960E-03
 -4.4658E+00  2.9803E-03
 -4.4539E+00  3.1788E-03
 -4.4420E+00  3.3791E-03
 -4.4301E+00  3.5680E-03
 -4.4182E+00  3.7322E-03
 -4.4063E+00  3.8595E-03
 -4.3944E+00  3.9394E-03
 -4.3824E+00  3.9643E-03
 -4.3705E+00  3.9297E-03
 -4.3586E+00  3.8353E-03
 -4.3467E+00  3.6844E-03
 -4.3348E+00  3.4843E-03
 -4.3229E+00  3.2459E-03
 -4.3110E+00  2.9832E-03
 -4.2991E+00  2.7126E-03
 -4.2872E+00  2.4522E-03
 -4.2753E+00  2.2204E-03
 -4.2634E+00  2.0356E-03
 -4.2514E+00  1.9141E-03
 -4.2395E+00  1.8700E-03
 -4.2276E+00  1.9133E-03
 -4.2157E+00  2.0494E-03
 -4.2038E+00  2.2785E-03
 -4.1919E+00  2.5952E-03
 -4.1800E+00  2.9887E-03
 -4.1681E+00  3.4431E-03
 -4.1562E+00  3.9382E-03
 -4.1443E+00  4.4511E-03
 -4.1324E+00  4.9568E-03
 -4.1204E+00  5.4302E-03
 -4.1085E+00  5.8472E-03
 -4.0966E+00  6.1863E-03
 -4.0847E+00  6.4298E-03
 -4.0728E+00  6.5652E-03
 -4.0609E+00  6.5862E-03
 -4.0490E+00  6.4933E-03
 -4.0371E+00  6.2947E-03
 -4.0252E+00  6.0061E-03
 -4.0133E+00  5.6502E-03
 -4.0014E+00  5.2563E-03
 -3.9895E+00  4.8580E-03
 -3.9775E+00  4.4921E-03
 -3.9656E+00  4.1957E-03
 -3.9537E+00  4.0043E-03
 -3.9418E+00  3.9491E-03
 -3.9299E+00  4.0550E-03
 -3.9180E+00  4.3393E-03
 -3.9061E+00  4.8096E-03
 -3.8942E+00  5.4637E-03
 -3.8823E+00  6.2889E-03
 -3.8704E+00  7.2622E-03
 -3.8585E+00  8.3510E-03
 -3.8465E+00  9.5143E-03
 -3.8346E+00  1.0705E-02
 -3.8227E+00  1.1870E-02
 -3.8108E+00  1.2958E-02
 -3.7989E+00  1.3917E-02
 -3.7870E+00  1.4703E-02
 -3.7751E+00  1.5277E-02
 -3.7632E+00  1.5616E-02
 -3.7513E+00  1.5708E-02
 -3.7394E+00  1.5554E-02
 -3.7275E+00  1.5174E-02
 -3.7155E+00  1.4596E-02
 -3.7036E+00  1.3864E-02
 -3.6917E+00  1.3029E-02
 -3.6798E+00  1.2148E-02
 -3.6679E+00  1.1282E-02
 -3.6560E+00  1.0493E-02
 -3.6441E+00  9.8386E-03
 -3.6322E+00  9.3702E-03
 -3.6203E+00  9.1298E-03
 -3.6084E+00  9.1467E-03
 -3.5965E+00  9.4352E-03
 -3.5846E+00  9.9929E-03
 -3.5726E+00  1.0800E-02
 -3.5607E+00  1.1822E-02
 -3.5488E+00  1.3006E-02
 -3.5369E+00  1.4291E-02
 -3.5250E+00  1.5608E-02
 -3.5131E+00  1.6882E-02
 -3.5012E+00  1.8042E-02
 -3.4893E+00  1.9020E-02
 -3.4774E+00  1.9761E-02
 -3.4655E+00  2.0220E-02
 -3.4536E+00  2.0370E-02
 -3.4416E+00  2.0204E-02
 -3.4297E+00  1.9738E-02
 -3.4178E+00  1.9010E-02
 -3.4059E+00  1.8081E-02
 -3.3940E+00  1.7036E-02
 -3.3821E+00  1.5976E-02
 -3.3702E+00  1.5018E-02
 -3.3583E+00  1.4288E-02
 -3.3464E+00  1.3908E-02
 -3.3345E+00  1.3997E-02
 -3.3226E+00  1.4658E-02
 -3.3106E+00  1.5971E-02
 -3.2987E+00  1.7993E-02
 -3.2868E+00  2.0751E-02
 -3.2749E+00  2.4242E-02
 -3.2630E+00  2.8430E-02
 -3.2511E+00  3.3251E-02
 -3.2392E+00  3.8612E-02
 -3.2273E+00  4.4398E-02
 -3.2154E+00  5.0479E-02
 -3.2035E+00  5.6718E-02
 -3.1916E+00  6.2986E-02
 -3.1797E+00  6.9175E-02
 -3.1677E+00  7.5213E-02
 -3.1558E+00  8.1080E-02
 -3.1439E+00  8.6820E-02
 -3.1320E+00  9.2551E-02
 -3.1201E+00  9.8472E-02
 -3.1082E+00  1.0486E-01
 -3.0963E+00  1.1207E-01
 -3.0844E+00  1.2052E-01
 -3.0725E+00  1.3069E-01
 -3.0606E+00  1.4310E-01
 -3.0487E+00  1.5830E-01
 -3.0367E+00  1.7683E-01
 -3.0248E+00  1.9923E-01
 -3.0129E+00  2.2596E-01
 -3.0010E+00  2.5741E-01
 -2.9891E+00  2.9385E-01
 -2.9772E+00  3.3541E-01
 -2.9653E+00  3.8209E-01
 -2.9534E+00  4.3373E-01
 -2.9415E+00  4.9003E-01
 -2.9296E+00  5.5058E-01
 -2.9177E+00  6.1486E-01
 -2.9058E+00  6.8228E-01
 -2.8938E+00  7.5217E-01
 -2.8819E+00  8.2378E-01
 -2.8700E+00  8.9623E-01
 -2.8581E+00  9.6854E-01
 -2.8462E+00  1.0396E+00
 -2.8343E+00  1.1080E+00
 -2.8224E+00  1.1724E+00
 -2.8105E+00  1.2313E+00
 -2.7986E+00  1.2830E+00
 -2.7867E+00  1.3261E+00
 -2.7748E+00  1.3593E+00
 -2.7628E+00  1.3817E+00
 -2.7509E+00  1.3928E+00
 -2.7390E+00  1.3924E+00
 -2.7271E+00  1.3810E+00
 -2.7152E+00  1.3593E+00
 -2.7033E+00  1.3280E+00
 -2.6914E+00  1.2883E+00
 -2.6795E+00  1.2412E+00
 -2.6676E+00  1.1876E+00
 -2.6557E+00  1.1284E+00
 -2.6438E+00  1.0644E+00
 -2.6318E+00  9.9636E-01
 -2.6199E+00  9.2519E-01
 -2.6080E+00  8.5182E-01
 -2.5961E+00  7.7738E-01
 -2.5842E+00  7.0318E-01
 -2.5723E+00  6.3048E-01
 -2.5604E+00  5.6073E-01
 -2.5485E+00  4.9525E-01
 -2.5366E+00  4.3503E-01
 -2.5247E+00  3.8074E-01
 -2.5128E+00  3.3269E-01
 -2.5009E+00  2.9085E-01
 -2.4889E+00  2.5496E-01
 -2.4770E+00  2.2457E-01
 -2.4651E+00  1.9912E-01
 -2.4532E+00  1.7804E-01
 -2.4413E+00  1.6072E-01
 -2.4294E+00  1.4661E-01
 -2.4175E+00  1.3515E-01
 -2.4056E+00  1.2579E-01
 -2.3937E+00  1.1810E-01
 -2.3818E+00  1.1165E-01
 -2.3699E+00  1.0598E-01
 -2.3579E+00  1.0068E-01
 -2.3460E+00  9.5421E-02
 -2.3341E+00  8.9989E-02
 -2.3222E+00  8.4266E-02
 -2.3103E+00  7.8223E-02
 -2.2984E+00  7.1904E-02
 -2.2865E+00  6.5397E-02
 -2.2746E+00  5.8818E-02
 -2.2627E+00  5.2294E-02
 -2.2508E+00  4.5961E-02
 -2.2389E+00  3.9958E-02
 -2.2269E+00  3.4429E-02
 -2.2150E+00  2.9513E-02
 -2.2031E+00  2.5342E-02
 -2.1912E+00  2.2016E-02
 -2.1793E+00  1.9600E-02
 -2.1674E+00  1.8105E-02
 -2.1555E+00  1.7490E-02
 -2.1436E+00  1.7674E-02
 -2.1317E+00  1.8537E-02
 -2.1198E+00  1.9927E-02
 -2.1079E+00  2.1686E-02
 -2.0960E+00  2.3659E-02
 -2.0840E+00  2.5698E-02
 -2.0721E+00  2.7658E-02
 -2.0602E+00  2.9399E-02
 -2.0483E+00  3.0779E-02
 -2.0364E+00  3.1666E-02
 -2.0245E+00  3.1958E-02
 -2.0126E+00  3.1618E-02
 -2.0007E+00  3.0697E-02
 -1.9888E+00  2.9327E-02
 -1.9769E+00  2.7691E-02
 -1.9650E+00  2.5973E-02
 -1.9530E+00  2.4305E-02
 -1.9411E+00  2.2732E-02
 -1.9292E+00  2.1198E-02
 -1.9173E+00  1.9573E-02
 -1.9054E+00  1.7785E-02
 -1.8935E+00  1.5937E-02
 -1.8816E+00  1.4304E-02
 -1.8697E+00  1.3197E-02
 -1.8578E+00  1.2733E-02
 -1.8459E+00  1.2398E-02
 -1.8340E+00  1.6430E-02
 -1.8220E+00  1.0296E-02
 -1.8101E+00  7.9585E-03
 -1.7982E+00  1.5058E-02
 -1.7863E+00  1.4285E-02
 -1.7744E+00  1.5643E-02
 -1.7625E+00  5.7644E-02
 -1.7506E+00  1.0941E-02
 -1.7387E+00  6.1541E-03
 -1.7268E+00  7.2228E-03
 -1.7149E+00  3.8693E-03
 -1.7030E+00  6.0207E-03
 -1.6911E+00  2.3517E-02
 -1.6791E+00  4.2898E-02
 -1.6672E+00  6.6556E-03
 -1.6553E+00  3.7868E-03
 -1.6434E+00  9.7055E-03
 -1.6315E+00  1.8526E-02
 -1.6196E+00  1.9275E-02
 -1.6077E+00  6.1074E-03
 -1.5958E+00  3.6754E-03
 -1.5839E+00  2.8209E-03
 -1.5720E+00  2.3292E-03
 -1.5601E+00  1.6596E-03
 -1.5481E+00  1.2318E-03
 -1.5362E+00  1.3186E-02
 -1.5243E+00  1.0470E-02
 -1.5124E+00  4.9667E-03
 -1.5005E+00  3.2523E-03
 -1.4886E+00  3.8160E-03
 -1.4767E+00  3.9164E-03
 -1.4648E+00  5.4515E-03
 -1.4529E+00  1.0552E-03
 -1.4410E+00  7.1213E-04
 -1.4291E+00  5.6199E-04
 -1.4171E+00  4.8316E-04
 -1.4052E+00  4.2497E-04
 -1.3933E+00  3.7549E-04
 -1.3814E+00  3.3139E-04
 -1.3695E+00  2.9136E-04
 -1.3576E+00  2.5483E-04
 -1.3457E+00  2.2155E-04
 -1.3338E+00  1.9141E-04
 -1.3219E+00  1.6439E-04
 -1.3100E+00  1.4044E-04
 -1.2981E+00  1.1953E-04
 -1.2862E+00  1.0159E-04
 -1.2742E+00  8.6535E-05
 -1.2623E+00  7.4278E-05
 -1.2504E+00  6.4753E-05
 -1.2385E+00  5.7963E-05
 -1.2266E+00  5.4099E-05
 -1.2147E+00  5.3787E-05
 -1.2028E+00  5.6683E-05
 -1.1909E+00  6.6362E-05
 -1.1790E+00  9.0120E-05
 -1.1671E+00  1.6047E-04
 -1.1552E+00  7.3281E-04
 -1.1432E+00  3.8936E-03
 -1.1313E+00  5.4302E-03
 -1.1194E+00  3.2338E-03
 -1.1075E+00  2.2094E-03
 -1.0956E+00  3.8143E-03
 -1.0837E+00  4.7144E-02
 -1.0718E+00  3.0953E-02
 -1.0599E+00  1.8036E-02
 -1.0480E+00  1.4134E-02
 -1.0361E+00  2.7716E-02
 -1.0242E+00  2.1253E-03
 -1.0122E+00  3.9691E-04
 -1.0003E+00  4.8747E-04
 -9.8843E-01  7.2524E-04
 -9.7652E-01  2.3994E-04
 -9.6461E-01  3.0783E-04
 -9.5271E-01  1.3701E-03
 -9.4080E-01  1.3646E-04
 -9.2889E-01  2.9596E-05
 -9.1698E-01  3.6473E-05
 -9.0507E-01  5.1940E-05
 -8.9316E-01  7.6219E-05
 -8.8125E-01  1.4195E-04
 -8.6934E-01  6.2569E-04
 -8.5743E-01  8.4189E-04
 -8.4553E-01  1.2269E-04
 -8.3362E-01  6.6554E-05
 -8.2171E-01  5.9787E-05
 -8.0980E-01  1.1079E-04
 -7.9789E-01  1.0527E-04
 -7.8598E-01  3.5235E-05
 -7.7407E-01  3.6149E-05
 -7.6216E-01  5.0584E-04
 -7.5026E-01  2.7536E-05
 -7.3835E-01  3.2406E-05
 -7.2644E-01  5.1255E-05
 -7.1453E-01  1.8852E-05
 -7.0262E-01  7.5185E-05
 -6.9071E-01  1.6972E-05
 -6.7880E-01  1.8575E-05
 -6.6689E-01  2.0737E-05
 -6.5498E-01  2.3954E-05
 -6.4308E-01  2.8239E-05
 -6.3117E-01  3.2223E-05
 -6.1926E-01  3.5453E-05
 -6.0735E-01  4.1737E-05
 -5.9544E-01  4.1512E-05
 -5.8353E-01  9.0754E-05
 -5.7162E-01  4.6405E-05
 -5.5971E-01  5.8226E-05
 -5.4781E-01  4.9970E-05
 -5.3590E-01  4.9933E-05
 -5.2399E-01  9.0987E-05
 -5.1208E-01  4.7583E-05
 -5.0017E-01  4.8466E-05
 -4.8826E-01  5.3328E-05
 -4.7635E-01  4.2005E-05
 -4.6444E-01  4.6728E-05
 -4.5253E-01  7.2298E-05
 -4.4063E-01  3.8454E-05
 -4.2872E-01  4.2717E-05
 -4.1681E-01  2.2052E-03
 -4.0490E-01  4.5406E-05
 -3.9299E-01  4.1633E-05
 -3.8108E-01  5.9888E-05
 -3.6917E-01  3.2292E-04
 -3.5726E-01  5.6121E-05
 -3.4536E-01  5.7449E-05
 -3.3345E-01  6.7633E-05
 -3.2154E-01  2.4417E-04
 -3.0963E-01  8.6780E-05
 -2.9772E-01  8.7894E-05
 -2.8581E-01  9.6208E-05
 -2.7390E-01  1.0614E-04
 -2.6199E-01  1.3062E-04
 -2.5009E-01  1.5213E-04
 -2.3818E-01  1.2943E-04
 -2.2627E-01  1.3272E-04
 -2.1436E-01  1.3645E-04
 -2.0245E-01  1.3969E-04
 -1.9054E-01  1.4374E-04
 -1.7863E-01  1.6217E-04
 -1.6672E-01  1.4141E-03
 -1.5481E-01  1.7428E-04
 -1.4291E-01  1.4522E-04
 -1.3100E-01  1.3612E-04
 -1.1909E-01  1.3028E-04
 -1.0718E-01  1.2574E-04
 -9.5271E-02  1.2231E-04
 -8.3362E-02  1.2015E-04
 -7.1453E-02  1.1944E-04
 -5.9544E-02  1.2024E-04
 -4.7635E-02  1.2227E-04
 -3.5726E-02  1.2484E-04
 -2.3818E-02  1.2678E-04
 -1.1909E-02  1.2680E-04
  0.0000E+00  1.2390E-04
  1.1909E-02  1.1787E-04
  2.3818E-02  1.0941E-04
  3.5726E-02  9.9754E-05
  4.7635E-02  9.0143E-05
  5.9544E-02  8.1428E-05
  7.1453E-02  7.4004E-05
  8.3362E-02  6.7940E-05
  9.5271E-02  6.3191E-05
  1.0718E-01  5.9820E-05
  1.1909E-01  5.8318E-05
  1.3100E-01  6.0515E-05
  1.4291E-01  7.4023E-05
  1.5481E-01  1.5777E-04
  1.6672E-01  4.8371E-03
  1.7863E-01  1.4020E-04
  1.9054E-01  5.8476E-05
  2.0245E-01  4.4454E-05
  2.1436E-01  4.1870E-05
  2.2627E-01  4.4756E-05
  2.3818E-01  5.6123E-05
  2.5009E-01  1.7076E-04
  2.6199E-01  1.1946E-04
  2.7390E-01  6.9285E-05
  2.8581E-01  7.3614E-05
  2.9772E-01  8.2861E-05
  3.0963E-01  9.4781E-05
  3.2154E-01  1.1724E-04
  3.3345E-01  1.1477E-04
  3.4536E-01  1.2594E-04
  3.5726E-01  1.3798E-04
  3.6917E-01  2.4556E-04
  3.8108E-01  1.6763E-04
  3.9299E-01  1.6920E-04
  4.0490E-01  1.8539E-04
  4.1681E-01  3.6236E-03
  4.2872E-01  2.0939E-04
  4.4063E-01  2.0964E-04
  4.5253E-01  3.5091E-04
  4.6444E-01  2.6989E-04
  4.7635E-01  2.5059E-04
  4.8826E-01  3.3562E-04
  5.0017E-01  3.2142E-04
  5.1208E-01  3.3181E-04
  5.2399E-01  4.9805E-04
  5.3590E-01  4.3224E-04
  5.4781E-01  4.9815E-04
  5.5971E-01  5.9766E-04
  5.7162E-01  6.7261E-04
  5.8353E-01  1.2156E-03
  5.9544E-01  9.0666E-04
  6.0735E-01  1.1178E-03
  6.1926E-01  1.2046E-03
  6.3117E-01  1.4054E-03
  6.4308E-01  1.5609E-03
  6.5498E-01  1.8064E-03
  6.6689E-01  1.9828E-03
  6.7880E-01  2.5462E-03
  6.9071E-01  2.4779E-03
  7.0262E-01  1.1062E-02
  7.1453E-01  3.0723E-03
  7.2644E-01  6.4837E-03
  7.3835E-01  4.3789E-03
  7.5026E-01  4.1608E-03
  7.6216E-01  5.2658E-02
  7.7407E-01  4.7975E-03
  7.8598E-01  4.5431E-03
  7.9789E-01  8.2804E-03
  8.0980E-01  5.4483E-03
  8.2171E-01  4.2797E-03
  8.3362E-01  4.3381E-03
  8.4553E-01  5.1332E-03
  8.5743E-01  2.5187E-02
  8.6934E-01  3.4405E-02
  8.8125E-01  1.3516E-02
  8.9316E-01  1.0004E-02
  9.0507E-01  8.4800E-03
  9.1698E-01  7.2982E-03
  9.2889E-01  6.1008E-03
  9.4080E-01  4.7697E-03
  9.5271E-01  7.2710E-03
  9.6461E-01  5.8644E-03
  9.7652E-01  6.4551E-03
  9.8843E-01  1.9837E-02
  1.0003E+00  1.9660E-02
  1.0122E+00  8.8877E-03
  1.0242E+00  9.0778E-03
  1.0361E+00  1.2086E-02
  1.0480E+00  5.3380E-03
  1.0599E+00  5.1517E-03
  1.0718E+00  4.7778E-03
  1.0837E+00  7.3820E-03
  1.0956E+00  1.5139E-02
  1.1075E+00  5.5212E-02
  1.1194E+00  4.2491E-02
  1.1313E+00  3.1628E-01
  1.1432E+00  5.1399E-01
  1.1552E+00  2.1810E-02
  1.1671E+00  5.5722E-03
  1.1790E+00  2.9208E-03
  1.1909E+00  1.9051E-03
  1.2028E+00  1.3854E-03
  1.2147E+00  1.0738E-03
  1.2266E+00  8.6802E-04
  1.2385E+00  7.2324E-04
  1.2504E+00  6.1725E-04
  1.2623E+00  5.3766E-04
  1.2742E+00  4.7597E-04
  1.2862E+00  4.2909E-04
  1.2981E+00  3.9415E-04
  1.3100E+00  3.6949E-04
  1.3219E+00  3.5453E-04
  1.3338E+00  3.4976E-04
  1.3457E+00  3.5697E-04
  1.3576E+00  3.7992E-04
  1.3695E+00  4.2599E-04
  1.3814E+00  5.0997E-04
  1.3933E+00  6.6428E-04
  1.4052E+00  9.7170E-04
  1.4171E+00  1.7046E-03
  1.4291E+00  4.2987E-03
  1.4410E+00  3.1902E-02
  1.4529E+00  2.6717E-02
  1.4648E+00  8.4585E-03
  1.4767E+00  9.8726E-03
  1.4886E+00  2.2869E-02
  1.5005E+00  1.5135E-01
  1.5124E+00  3.8417E-02
  1.5243E+00  1.2007E-02
  1.5362E+00  6.8357E-03
  1.5481E+00  4.4852E-03
  1.5601E+00  6.0553E-03
  1.5720E+00  8.0730E-03
  1.5839E+00  7.4944E-03
  1.5958E+00  4.1053E-03
  1.6077E+00  9.5799E-03
  1.6196E+00  1.2005E-02
  1.6315E+00  8.3225E-03
  1.6434E+00  1.7714E-02
  1.6553E+00  9.8126E-02
  1.6672E+00  5.4062E-02
  1.6791E+00  1.2111E-02
  1.6911E+00  6.6712E-03
  1.7030E+00  8.9248E-03
  1.7149E+00  8.2345E-03
  1.7268E+00  7.6605E-03
  1.7387E+00  2.3915E-02
  1.7506E+00  6.5051E-02
  1.7625E+00  1.4326E-02
  1.7744E+00  2.0926E-02
  1.7863E+00  7.9302E-03
  1.7982E+00  5.5748E-03
  1.8101E+00  1.3310E-02
  1.8220E+00  3.1484E-02
  1.8340E+00  1.1175E-02
  1.8459E+00  1.0198E-02
  1.8578E+00  1.0170E-02
  1.8697E+00  1.0148E-02
  1.8816E+00  9.7780E-03
  1.8935E+00  9.0812E-03
  1.9054E+00  8.2015E-03
  1.9173E+00  7.2603E-03
  1.9292E+00  6.3334E-03
  1.9411E+00  5.4743E-03
  1.9530E+00  4.7213E-03
  1.9650E+00  4.0975E-03
  1.9769E+00  3.6140E-03
  1.9888E+00  3.2748E-03
  2.0007E+00  3.0771E-03
  2.0126E+00  3.0120E-03
  2.0245E+00  3.0646E-03
  2.0364E+00  3.2167E-03
  2.0483E+00  3.4491E-03
  2.0602E+00  3.7435E-03
  2.0721E+00  4.0826E-03
  2.0840E+00  4.4492E-03
  2.0960E+00  4.8260E-03
  2.1079E+00  5.1959E-03
  2.1198E+00  5.5421E-03
  2.1317E+00  5.8492E-03
  2.1436E+00  6.1040E-03
  2.1555E+00  6.2959E-03
  2.1674E+00  6.4183E-03
  2.1793E+00  6.4691E-03
  2.1912E+00  6.4524E-03
  2.2031E+00  6.3785E-03
  2.2150E+00  6.2642E-03
  2.2269E+00  6.1328E-03
  2.2389E+00  6.0120E-03
  2.2508E+00  5.9328E-03
  2.2627E+00  5.9274E-03
  2.2746E+00  6.0267E-03
  2.2865E+00  6.2586E-03
  2.2984E+00  6.6462E-03
  2.3103E+00  7.2053E-03
  2.3222E+00  7.9434E-03
  2.3341E+00  8.8575E-03
  2.3460E+00  9.9326E-03
  2.3579E+00  1.1141E-02
  2.3699E+00  1.2444E-02
  2.3818E+00  1.3792E-02
  2.3937E+00  1.5130E-02
  2.4056E+00  1.6402E-02
  2.4175E+00  1.7556E-02
  2.4294E+00  1.8550E-02
  2.4413E+00  1.9347E-02
  2.4532E+00  1.9923E-02
  2.4651E+00  2.0262E-02
  2.4770E+00  2.0354E-02
  2.4889E+00  2.0197E-02
  2.5009E+00  1.9791E-02
  2.5128E+00  1.9144E-02
  2.5247E+00  1.8270E-02
  2.5366E+00  1.7192E-02
  2.5485E+00  1.5942E-02
  2.5604E+00  1.4560E-02
  2.5723E+00  1.3097E-02
  2.5842E+00  1.1605E-02
  2.5961E+00  1.0142E-02
  2.6080E+00  8.7589E-03
  2.6199E+00  7.4998E-03
  2.6318E+00  6.3976E-03
  2.6438E+00  5.4742E-03
  2.6557E+00  4.7404E-03
  2.6676E+00  4.1960E-03
  2.6795E+00  3.8313E-03
  2.6914E+00  3.6286E-03
  2.7033E+00  3.5633E-03
  2.7152E+00  3.6057E-03
  2.7271E+00  3.7232E-03
  2.7390E+00  3.8817E-03
  2.7509E+00  4.0486E-03
  2.7628E+00  4.1946E-03
  2.7748E+00  4.2959E-03
  2.7867E+00  4.3362E-03
  2.7986E+00  4.3075E-03
  2.8105E+00  4.2105E-03
  2.8224E+00  4.0538E-03
  2.8343E+00  3.8535E-03
  2.8462E+00  3.6313E-03
  2.8581E+00  3.4129E-03
  2.8700E+00  3.2263E-03
  2.8819E+00  3.0998E-03
  2.8938E+00  3.0598E-03
  2.9058E+00  3.1294E-03
  2.9177E+00  3.3259E-03
  2.9296E+00  3.6594E-03
  2.9415E+00  4.1315E-03
  2.9534E+00  4.7344E-03
  2.9653E+00  5.4513E-03
  2.9772E+00  6.2569E-03
  2.9891E+00  7.1195E-03
  3.0010E+00  8.0029E-03
  3.0129E+00  8.8692E-03
  3.0248E+00  9.6811E-03
  3.0367E+00  1.0405E-02
  3.0487E+00  1.1011E-02
  3.0606E+00  1.1479E-02
  3.0725E+00  1.1795E-02
  3.0844E+00  1.1956E-02
  3.0963E+00  1.1972E-02
  3.1082E+00  1.1862E-02
  3.1201E+00  1.1657E-02
  3.1320E+00  1.1402E-02
  3.1439E+00  1.1146E-02
  3.1558E+00  1.0949E-02
  3.1677E+00  1.0873E-02
  3.1797E+00  1.0979E-02
  3.1916E+00  1.1323E-02
  3.2035E+00  1.1954E-02
  3.2154E+00  1.2911E-02
  3.2273E+00  1.4218E-02
  3.2392E+00  1.5886E-02
  3.2511E+00  1.7908E-02
  3.2630E+00  2.0262E-02
  3.2749E+00  2.2909E-02
  3.2868E+00  2.5794E-02
  3.2987E+00  2.8846E-02
  3.3106E+00  3.1980E-02
  3.3226E+00  3.5102E-02
  3.3345E+00  3.8108E-02
  3.3464E+00  4.0896E-02
  3.3583E+00  4.3368E-02
  3.3702E+00  4.5436E-02
  3.3821E+00  4.7028E-02
  3.3940E+00  4.8095E-02
  3.4059E+00  4.8609E-02
  3.4178E+00  4.8565E-02
  3.4297E+00  4.7982E-02
  3.4416E+00  4.6899E-02
  3.4536E+00  4.5369E-02
  3.4655E+00  4.3459E-02
  3.4774E+00  4.1244E-02
  3.4893E+00  3.8804E-02
  3.5012E+00  3.6220E-02
  3.5131E+00  3.3573E-02
  3.5250E+00  3.0940E-02
  3.5369E+00  2.8390E-02
  3.5488E+00  2.5984E-02
  3.5607E+00  2.3771E-02
  3.5726E+00  2.1787E-02
  3.5846E+00  2.0050E-02
  3.5965E+00  1.8567E-02
  3.6084E+00  1.7328E-02
  3.6203E+00  1.6309E-02
  3.6322E+00  1.5477E-02
  3.6441E+00  1.4791E-02
  3.6560E+00  1.4206E-02
  3.6679E+00  1.3676E-02
  3.6798E+00  1.3159E-02
  3.6917E+00  1.2621E-02
  3.7036E+00  1.2035E-02
  3.7155E+00  1.1389E-02
  3.7275E+00  1.0680E-02
  3.7394E+00  9.9234E-03
  3.7513E+00  9.1447E-03
  3.7632E+00  8.3825E-03
  3.7751E+00  7.6850E-03
  3.7870E+00  7.1062E-03
  3.7989E+00  6.7021E-03
  3.8108E+00  6.5270E-03
  3.8227E+00  6.6292E-03
  3.8346E+00  7.0473E-03
  3.8465E+00  7.8078E-03
  3.8585E+00  8.9227E-03
  3.8704E+00  1.0389E-02
  3.8823E+00  1.2189E-02
  3.8942E+00  1.4291E-02
  3.9061E+00  1.6651E-02
  3.9180E+00  1.9216E-02
  3.9299E+00  2.1931E-02
  3.9418E+00  2.4739E-02
  3.9537E+00  2.7591E-02
  3.9656E+00  3.0448E-02
  3.9775E+00  3.3293E-02
  3.9895E+00  3.6128E-02
  4.0014E+00  3.8986E-02
  4.0133E+00  4.1930E-02
  4.0252E+00  4.5055E-02
  4.0371E+00  4.8488E-02
  4.0490E+00  5.2387E-02
  4.0609E+00  5.6934E-02
  4.0728E+00  6.2336E-02
  4.0847E+00  6.8810E-02
  4.0966E+00  7.6582E-02
  4.1085E+00  8.5874E-02
  4.1204E+00  9.6892E-02
  4.1324E+00  1.0982E-01
  4.1443E+00  1.2478E-01
  4.1562E+00  1.4187E-01
  4.1681E+00  1.6111E-01
  4.1800E+00  1.8244E-01
  4.1919E+00  2.0573E-01
  4.2038E+00  2.3078E-01
  4.2157E+00  2.5730E-01
  4.2276E+00  2.8497E-01
  4.2395E+00  3.1337E-01
  4.2514E+00  3.4210E-01
  4.2634E+00  3.7068E-01
  4.2753E+00  3.9865E-01
  4.2872E+00  4.2553E-01
  4.2991E+00  4.5084E-01
  4.3110E+00  4.7411E-01
  4.3229E+00  4.9488E-01
  4.3348E+00  5.1273E-01
  4.3467E+00  5.2724E-01
  4.3586E+00  5.3806E-01
  4.3705E+00  5.4490E-01
  4.3824E+00  5.4756E-01
  4.3944E+00  5.4593E-01
  4.4063E+00  5.3999E-01
  4.4182E+00  5.2986E-01
  4.4301E+00  5.1577E-01
  4.4420E+00  4.9805E-01
  4.4539E+00  4.7710E-01
  4.4658E+00  4.5344E-01
  4.4777E+00  4.2757E-01
  4.4896E+00  4.0007E-01
  4.5015E+00  3.7149E-01
  4.5134E+00  3.4235E-01
  4.5253E+00  3.1318E-01
  4.5373E+00  2.8442E-01
  4.5492E+00  2.5648E-01
  4.5611E+00  2.2974E-01
  4.5730E+00  2.0448E-01
  4.5849E+00  1.8094E-01
  4.5968E+00  1.5931E-01
  4.6087E+00  1.3970E-01
  4.6206E+00  1.2218E-01
  4.6325E+00  1.0674E-01
  4.6444E+00  9.3330E-02
  4.6563E+00  8.1852E-02
  4.6683E+00  7.2158E-02
  4.6802E+00  6.4076E-02
  4.6921E+00  5.7407E-02
  4.7040E+00  5.1943E-02
  4.7159E+00  4.7475E-02
  4.7278E+00  4.3800E-02
  4.7397E+00  4.0727E-02
  4.7516E+00  3.8088E-02
  4.7635E+00  3.5736E-02
  4.7754E+00  3.3552E-02
  4.7873E+00  3.1446E-02
  4.7993E+00  2.9353E-02
  4.8112E+00  2.7238E-02
  4.8231E+00  2.5086E-02
  4.8350E+00  2.2908E-02
  4.8469E+00  2.0728E-02
  4.8588E+00  1.8584E-02
  4.8707E+00  1.6520E-02
  4.8826E+00  1.4586E-02
  4.8945E+00  1.2826E-02
  4.9064E+00  1.1282E-02
  4.9183E+00  9.9878E-03
  4.9302E+00  8.9667E-03
  4.9422E+00  8.2311E-03
  4.9541E+00  7.7819E-03
  4.9660E+00  7.6090E-03
  4.9779E+00  7.6916E-03
  4.9898E+00  8.0000E-03
  5.0017E+00  8.4968E-03
  5.0136E+00  9.1389E-03
  5.0255E+00  9.8798E-03
  5.0374E+00  1.0672E-02
  5.0493E+00  1.1468E-02
  5.0612E+00  1.2225E-02
  5.0732E+00  1.2905E-02
  5.0851E+00  1.3475E-02
  5.0970E+00  1.3912E-02
  5.1089E+00  1.4200E-02
  5.1208E+00  1.4330E-02
  5.1327E+00  1.4302E-02
  5.1446E+00  1.4122E-02
  5.1565E+00  1.3803E-02
  5.1684E+00  1.3359E-02
  5.1803E+00  1.2810E-02
  5.1922E+00  1.2178E-02
  5.2042E+00  1.1484E-02
  5.2161E+00  1.0750E-02
  5.2280E+00  9.9973E-03
  5.2399E+00  9.2442E-03
  5.2518E+00  8.5078E-03
  5.2637E+00  7.8018E-03
  5.2756E+00  7.1369E-03
  5.2875E+00  6.5208E-03
  5.2994E+00  5.9578E-03
  5.3113E+00  5.4495E-03
  5.3232E+00  4.9949E-03
  5.3351E+00  4.5909E-03
  5.3471E+00  4.2329E-03
  5.3590E+00  3.9155E-03
  5.3709E+00  3.6325E-03
  5.3828E+00  3.3778E-03
  5.3947E+00  3.1457E-03
  5.4066E+00  2.9312E-03
  5.4185E+00  2.7300E-03
  5.4304E+00  2.5389E-03
  5.4423E+00  2.3554E-03
  5.4542E+00  2.1783E-03
  5.4661E+00  2.0069E-03
  5.4781E+00  1.8415E-03
  5.4900E+00  1.6825E-03
  5.5019E+00  1.5309E-03
  5.5138E+00  1.3877E-03
  5.5257E+00  1.2539E-03
  5.5376E+00  1.1304E-03
  5.5495E+00  1.0178E-03
  5.5614E+00  9.1643E-04
  5.5733E+00  8.2634E-04
  5.5852E+00  7.4738E-04
  5.5971E+00  6.7922E-04
  5.6091E+00  6.2138E-04
  5.6210E+00  5.7333E-04
  5.6329E+00  5.3457E-04
  5.6448E+00  5.0464E-04
  5.6567E+00  4.8317E-04
  5.6686E+00  4.6989E-04
  5.6805E+00  4.6463E-04
  5.6924E+00  4.6725E-04
  5.7043E+00  4.7765E-04
  5.7162E+00  4.9571E-04
  5.7281E+00  5.2118E-04
  5.7400E+00  5.5373E-04
  5.7520E+00  5.9279E-04
  5.7639E+00  6.3764E-04
  5.7758E+00  6.8730E-04
  5.7877E+00  7.4058E-04
  5.7996E+00  7.9611E-04
  5.8115E+00  8.5234E-04
  5.8234E+00  9.0763E-04
  5.8353E+00  9.6030E-04
  5.8472E+00  1.0087E-03
  5.8591E+00  1.0514E-03
  5.8710E+00  1.0870E-03
  5.8830E+00  1.1146E-03
  5.8949E+00  1.1335E-03
  5.9068E+00  1.1435E-03
  5.9187E+00  1.1447E-03
  5.9306E+00  1.1377E-03
  5.9425E+00  1.1235E-03
  5.9544E+00  1.1033E-03
  5.9663E+00  1.0785E-03
  5.9782E+00  1.0506E-03
  5.9901E+00  1.0212E-03
  6.0020E+00  9.9172E-04
  6.0140E+00  9.6328E-04
  6.0259E+00  9.3688E-04
  6.0378E+00  9.1316E-04
  6.0497E+00  8.9241E-04
  6.0616E+00  8.7461E-04
  6.0735E+00  8.5943E-04
  6.0854E+00  8.4626E-04
  6.0973E+00  8.3434E-04
  6.1092E+00  8.2277E-04
  6.1211E+00  8.1065E-04
  6.1330E+00  7.9716E-04
  6.1449E+00  7.8159E-04
  6.1569E+00  7.6348E-04
  6.1688E+00  7.4261E-04
  6.1807E+00  7.1904E-04
  6.1926E+00  6.9311E-04
  6.2045E+00  6.6540E-04
  6.2164E+00  6.3670E-04
  6.2283E+00  6.0793E-04
  6.2402E+00  5.8006E-04
  6.2521E+00  5.5407E-04
  6.2640E+00  5.3082E-04
  6.2759E+00  5.1101E-04
  6.2879E+00  4.9511E-04
  6.2998E+00  4.8332E-04
  6.3117E+00  4.7553E-04
  6.3236E+00  4.7138E-04
  6.3355E+00  4.7019E-04
  6.3474E+00  4.7111E-04
  6.3593E+00  4.7313E-04
  6.3712E+00  4.7516E-04
  6.3831E+00  4.7619E-04
  6.3950E+00  4.7530E-04
  6.4069E+00  4.7180E-04
  6.4188E+00  4.6530E-04
  6.4308E+00  4.5574E-04
  6.4427E+00  4.4343E-04
  6.4546E+00  4.2905E-04
  6.4665E+00  4.1360E-04
  6.4784E+00  3.9837E-04
  6.4903E+00  3.8485E-04
  6.5022E+00  3.7461E-04
  6.5141E+00  3.6922E-04
  6.5260E+00  3.7011E-04
  6.5379E+00  3.7845E-04
  6.5498E+00  3.9507E-04
  6.5618E+00  4.2037E-04
  6.5737E+00  4.5432E-04
  6.5856E+00  4.9638E-04
  6.5975E+00  5.4564E-04
  6.6094E+00  6.0081E-04
  6.6213E+00  6.6043E-04
  6.6332E+00  7.2295E-04
  6.6451E+00  7.8695E-04
  6.6570E+00  8.5130E-04
  6.6689E+00  9.1535E-04
  6.6808E+00  9.7908E-04
  6.6928E+00  1.0432E-03
  6.7047E+00  1.1094E-03
  6.7166E+00  1.1800E-03
  6.7285E+00  1.2584E-03
  6.7404E+00  1.3487E-03
  6.7523E+00  1.4556E-03
  6.7642E+00  1.5841E-03
  6.7761E+00  1.7394E-03
  6.7880E+00  1.9265E-03
  6.7999E+00  2.1496E-03
  6.8118E+00  2.4123E-03
  6.8237E+00  2.7170E-03
  6.8357E+00  3.0643E-03
  6.8476E+00  3.4535E-03
  6.8595E+00  3.8820E-03
  6.8714E+00  4.3451E-03
  6.8833E+00  4.8364E-03
  6.8952E+00  5.3476E-03
  6.9071E+00  5.8687E-03
  6.9190E+00  6.3885E-03
  6.9309E+00  6.8946E-03
  6.9428E+00  7.3742E-03
  6.9547E+00  7.8141E-03
  6.9667E+00  8.2022E-03
  6.9786E+00  8.5269E-03
  6.9905E+00  8.7788E-03
  7.0024E+00  8.9504E-03
  7.0143E+00  9.0370E-03
  7.0262E+00  9.0365E-03
  7.0381E+00  8.9501E-03
  7.0500E+00  8.7815E-03
  7.0619E+00  8.5374E-03
  7.0738E+00  8.2265E-03
  7.0857E+00  7.8594E-03
  7.0977E+00  7.4482E-03
  7.1096E+00  7.0055E-03
  7.1215E+00  6.5439E-03
  7.1334E+00  6.0761E-03
  7.1453E+00  5.6134E-03
  7.1572E+00  5.1660E-03
  7.1691E+00  4.7422E-03
  7.1810E+00  4.3486E-03
  7.1929E+00  3.9893E-03
  7.2048E+00  3.6663E-03
  7.2167E+00  3.3795E-03
  7.2286E+00  3.1269E-03
  7.2406E+00  2.9048E-03
  7.2525E+00  2.7085E-03
  7.2644E+00  2.5324E-03
  7.2763E+00  2.3709E-03
  7.2882E+00  2.2190E-03
  7.3001E+00  2.0721E-03
  7.3120E+00  1.9275E-03
  7.3239E+00  1.7838E-03
  7.3358E+00  1.6415E-03
  7.3477E+00  1.5031E-03
  7.3596E+00  1.3730E-03
  7.3716E+00  1.2573E-03
  7.3835E+00  1.1631E-03
  7.3954E+00  1.0988E-03
  7.4073E+00  1.0729E-03
  7.4192E+00  1.0937E-03
  7.4311E+00  1.1689E-03
  7.4430E+00  1.3048E-03
  7.4549E+00  1.5061E-03
  7.4668E+00  1.7759E-03
  7.4787E+00  2.1152E-03
  7.4906E+00  2.5232E-03
  7.5026E+00  2.9980E-03
  7.5145E+00  3.5366E-03
  7.5264E+00  4.1361E-03
  7.5383E+00  4.7941E-03
  7.5502E+00  5.5100E-03
  7.5621E+00  6.2857E-03
  7.5740E+00  7.1269E-03
  7.5859E+00  8.0435E-03
  7.5978E+00  9.0507E-03
  7.6097E+00  1.0169E-02
  7.6216E+00  1.1426E-02
  7.6335E+00  1.2853E-02
  7.6455E+00  1.4488E-02
  7.6574E+00  1.6374E-02
  7.6693E+00  1.8554E-02
  7.6812E+00  2.1077E-02
  7.6931E+00  2.3989E-02
  7.7050E+00  2.7333E-02
  7.7169E+00  3.1152E-02
  7.7288E+00  3.5477E-02
  7.7407E+00  4.0334E-02
  7.7526E+00  4.5736E-02
  7.7645E+00  5.1680E-02
  7.7765E+00  5.8152E-02
  7.7884E+00  6.5115E-02
  7.8003E+00  7.2517E-02
  7.8122E+00  8.0284E-02
  7.8241E+00  8.8324E-02
  7.8360E+00  9.6524E-02
  7.8479E+00  1.0476E-01
  7.8598E+00  1.1289E-01
  7.8717E+00  1.2077E-01
  7.8836E+00  1.2824E-01
  7.8955E+00  1.3516E-01
  7.9075E+00  1.4139E-01
  7.9194E+00  1.4678E-01
  7.9313E+00  1.5123E-01
  7.9432E+00  1.5462E-01
  7.9551E+00  1.5690E-01
  7.9670E+00  1.5799E-01
  7.9789E+00  1.5788E-01
  7.9908E+00  1.5654E-01
  8.0027E+00  1.5400E-01
  8.0146E+00  1.5031E-01
  8.0265E+00  1.4554E-01
  8.0384E+00  1.3977E-01
  8.0504E+00  1.3312E-01
  8.0623E+00  1.2573E-01
  8.0742E+00  1.1776E-01
  8.0861E+00  1.0935E-01
  8.0980E+00  1.0069E-01
  8.1099E+00  9.1942E-02
  8.1218E+00  8.3273E-02
  8.1337E+00  7.4839E-02
  8.1456E+00  6.6778E-02
  8.1575E+00  5.9212E-02
  8.1694E+00  5.2237E-02
  8.1814E+00  4.5926E-02
  8.1933E+00  4.0328E-02
  8.2052E+00  3.5464E-02
  8.2171E+00  3.1333E-02
  8.2290E+00  2.7913E-02
  8.2409E+00  2.5161E-02
  8.2528E+00  2.3017E-02
  8.2647E+00  2.1410E-02
  8.2766E+00  2.0257E-02
  8.2885E+00  1.9470E-02
  8.3004E+00  1.8960E-02
  8.3124E+00  1.8640E-02
  8.3243E+00  1.8427E-02
  8.3362E+00  1.8247E-02
  8.3481E+00  1.8039E-02
  8.3600E+00  1.7752E-02
  8.3719E+00  1.7351E-02
  8.3838E+00  1.6816E-02
  8.3957E+00  1.6140E-02
  8.4076E+00  1.5329E-02
  8.4195E+00  1.4402E-02
  8.4314E+00  1.3388E-02
  8.4433E+00  1.2322E-02
  8.4553E+00  1.1248E-02
  8.4672E+00  1.0210E-02
  8.4791E+00  9.2539E-03
  8.4910E+00  8.4219E-03
  8.5029E+00  7.7536E-03
  8.5148E+00  7.2814E-03
  8.5267E+00  7.0297E-03
  8.5386E+00  7.0135E-03
  8.5505E+00  7.2379E-03
  8.5624E+00  7.6978E-03
  8.5743E+00  8.3782E-03
  8.5863E+00  9.2554E-03
  8.5982E+00  1.0298E-02
  8.6101E+00  1.1468E-02
  8.6220E+00  1.2724E-02
  8.6339E+00  1.4021E-02
  8.6458E+00  1.5313E-02
  8.6577E+00  1.6557E-02
  8.6696E+00  1.7710E-02
  8.6815E+00  1.8735E-02
  8.6934E+00  1.9598E-02
  8.7053E+00  2.0275E-02
  8.7173E+00  2.0747E-02
  8.7292E+00  2.1003E-02
  8.7411E+00  2.1040E-02
  8.7530E+00  2.0864E-02
  8.7649E+00  2.0486E-02
  8.7768E+00  1.9924E-02
  8.7887E+00  1.9202E-02
  8.8006E+00  1.8345E-02
  8.8125E+00  1.7383E-02
  8.8244E+00  1.6346E-02
  8.8363E+00  1.5261E-02
  8.8482E+00  1.4155E-02
  8.8602E+00  1.3054E-02
  8.8721E+00  1.1976E-02
  8.8840E+00  1.0941E-02
  8.8959E+00  9.9604E-03
  8.9078E+00  9.0437E-03
  8.9197E+00  8.1965E-03
  8.9316E+00  7.4206E-03
  8.9435E+00  6.7150E-03
  8.9554E+00  6.0764E-03
  8.9673E+00  5.4993E-03
  8.9792E+00  4.9774E-03
  8.9912E+00  4.5035E-03
  9.0031E+00  4.0706E-03
  9.0150E+00  3.6720E-03
  9.0269E+00  3.3018E-03
  9.0388E+00  2.9554E-03
  9.0507E+00  2.6295E-03
  9.0626E+00  2.3221E-03
  9.0745E+00  2.0325E-03
  9.0864E+00  1.7612E-03
  9.0983E+00  1.5096E-03
  9.1102E+00  1.2797E-03
  9.1222E+00  1.0739E-03
  9.1341E+00  8.9431E-04
  9.1460E+00  7.4306E-04
  9.1579E+00  6.2140E-04
  9.1698E+00  5.2981E-04
  9.1817E+00  4.6772E-04
  9.1936E+00  4.3351E-04
  9.2055E+00  4.2451E-04
  9.2174E+00  4.3711E-04
  9.2293E+00  4.6695E-04
  9.2412E+00  5.0918E-04
  9.2531E+00  5.5873E-04
  9.2651E+00  6.1063E-04
  9.2770E+00  6.6032E-04
  9.2889E+00  7.0391E-04
  9.3008E+00  7.3846E-04
  9.3127E+00  7.6211E-04
  9.3246E+00  7.7423E-04
  9.3365E+00  7.7549E-04
  9.3484E+00  7.6778E-04
  9.3603E+00  7.5414E-04
  9.3722E+00  7.3857E-04
  9.3841E+00  7.2578E-04
  9.3961E+00  7.2086E-04
  9.4080E+00  7.2902E-04
  9.4199E+00  7.5516E-04
  9.4318E+00  8.0361E-04
  9.4437E+00  8.7776E-04
  9.4556E+00  9.7987E-04
  9.4675E+00  1.1109E-03
  9.4794E+00  1.2702E-03
  9.4913E+00  1.4559E-03
  9.5032E+00  1.6645E-03
  9.5151E+00  1.8911E-03
  9.5271E+00  2.1299E-03
  9.5390E+00  2.3740E-03
  9.5509E+00  2.6159E-03
  9.5628E+00  2.8479E-03
  9.5747E+00  3.0623E-03
  9.5866E+00  3.2517E-03
  9.5985E+00  3.4097E-03
  9.6104E+00  3.5309E-03
  9.6223E+00  3.6112E-03
  9.6342E+00  3.6480E-03
  9.6461E+00  3.6406E-03
  9.6580E+00  3.5896E-03
  9.6700E+00  3.4975E-03
  9.6819E+00  3.3679E-03
  9.6938E+00  3.2059E-03
  9.7057E+00  3.0173E-03
  9.7176E+00  2.8085E-03
  9.7295E+00  2.5863E-03
  9.7414E+00  2.3574E-03
  9.7533E+00  2.1282E-03
  9.7652E+00  1.9045E-03
  9.7771E+00  1.6915E-03
  9.7890E+00  1.4933E-03
  9.8010E+00  1.3131E-03
  9.8129E+00  1.1529E-03
  9.8248E+00  1.0137E-03
  9.8367E+00  8.9539E-04
  9.8486E+00  7.9685E-04
  9.8605E+00  7.1628E-04
  9.8724E+00  6.5122E-04
  9.8843E+00  5.9884E-04
  9.8962E+00  5.5613E-04
  9.9081E+00  5.2012E-04
  9.9200E+00  4.8808E-04
  9.9319E+00  4.5770E-04
  9.9439E+00  4.2719E-04
  9.9558E+00  3.9538E-04
  9.9677E+00  3.6175E-04
  9.9796E+00  3.2644E-04
  9.9915E+00  2.9015E-04
  1.0003E+01  2.5409E-04
  1.0015E+01  2.1983E-04
  1.0027E+01  1.8914E-04
  1.0039E+01  1.6385E-04
  1.0051E+01  1.4569E-04
  1.0063E+01  1.3609E-04
  1.0075E+01  1.3609E-04
  1.0087E+01  1.4622E-04
  1.0099E+01  1.6645E-04
  1.0111E+01  1.9614E-04
  1.0122E+01  2.3409E-04
  1.0134E+01  2.7861E-04
  1.0146E+01  3.2759E-04
  1.0158E+01  3.7866E-04
  1.0170E+01  4.2933E-04
  1.0182E+01  4.7714E-04
  1.0194E+01  5.1984E-04
  1.0206E+01  5.5552E-04
  1.0218E+01  5.8279E-04
  1.0230E+01  6.0085E-04
  1.0242E+01  6.0963E-04
  1.0253E+01  6.0976E-04
  1.0265E+01  6.0262E-04
  1.0277E+01  5.9025E-04
  1.0289E+01  5.7529E-04
  1.0301E+01  5.6082E-04
  1.0313E+01  5.5019E-04
  1.0325E+01  5.4684E-04
  1.0337E+01  5.5407E-04
  1.0349E+01  5.7489E-04
  1.0361E+01  6.1181E-04
  1.0373E+01  6.6666E-04
  1.0384E+01  7.4051E-04
  1.0396E+01  8.3353E-04
  1.0408E+01  9.4496E-04
  1.0420E+01  1.0731E-03
  1.0432E+01  1.2154E-03
  1.0444E+01  1.3684E-03
  1.0456E+01  1.5279E-03
  1.0468E+01  1.6895E-03
  1.0480E+01  1.8482E-03
  1.0492E+01  1.9989E-03
  1.0504E+01  2.1370E-03
  1.0515E+01  2.2579E-03
  1.0527E+01  2.3578E-03
  1.0539E+01  2.4336E-03
  1.0551E+01  2.4833E-03
  1.0563E+01  2.5056E-03
  1.0575E+01  2.5003E-03
  1.0587E+01  2.4683E-03
  1.0599E+01  2.4112E-03
  1.0611E+01  2.3316E-03
  1.0623E+01  2.2325E-03
  1.0635E+01  2.1175E-03
  1.0646E+01  1.9906E-03
  1.0658E+01  1.8558E-03
  1.0670E+01  1.7172E-03
  1.0682E+01  1.5785E-03
  1.0694E+01  1.4433E-03
  1.0706E+01  1.3143E-03
  1.0718E+01  1.1941E-03
  1.0730E+01  1.0841E-03
  1.0742E+01  9.8543E-04
  1.0754E+01  8.9825E-04
  1.0766E+01  8.2222E-04
  1.0777E+01  7.5642E-04
  1.0789E+01  6.9951E-04
  1.0801E+01  6.4989E-04
  1.0813E+01  6.0581E-04
  1.0825E+01  5.6552E-04
  1.0837E+01  5.2746E-04
  1.0849E+01  4.9033E-04
  1.0861E+01  4.5320E-04
  1.0873E+01  4.1556E-04
  1.0885E+01  3.7741E-04
  1.0897E+01  3.3915E-04
  1.0908E+01  3.0166E-04
  1.0920E+01  2.6611E-04
  1.0932E+01  2.3397E-04
  1.0944E+01  2.0680E-04
  1.0956E+01  1.8619E-04
  1.0968E+01  1.7358E-04
  1.0980E+01  1.7018E-04
  1.0992E+01  1.7684E-04
  1.1004E+01  1.9399E-04
  1.1016E+01  2.2160E-04
  1.1028E+01  2.5918E-04
  1.1039E+01  3.0578E-04
  1.1051E+01  3.6008E-04
  1.1063E+01  4.2049E-04
  1.1075E+01  4.8524E-04
  1.1087E+01  5.5258E-04
  1.1099E+01  6.2086E-04
  1.1111E+01  6.8879E-04
  1.1123E+01  7.5552E-04
  1.1135E+01  8.2080E-04
  1.1147E+01  8.8515E-04
  1.1159E+01  9.4986E-04
  1.1170E+01  1.0171E-03
  1.1182E+01  1.0898E-03
  1.1194E+01  1.1717E-03
  1.1206E+01  1.2671E-03
  1.1218E+01  1.3810E-03
  1.1230E+01  1.5184E-03
  1.1242E+01  1.6846E-03
  1.1254E+01  1.8844E-03
  1.1266E+01  2.1224E-03
  1.1278E+01  2.4023E-03
  1.1290E+01  2.7267E-03
  1.1301E+01  3.0971E-03
  1.1313E+01  3.5134E-03
  1.1325E+01  3.9739E-03
  1.1337E+01  4.4752E-03
  1.1349E+01  5.0121E-03
  1.1361E+01  5.5777E-03
  1.1373E+01  6.1638E-03
  1.1385E+01  6.7605E-03
  1.1397E+01  7.3573E-03
  1.1409E+01  7.9430E-03
  1.1421E+01  8.5059E-03
  1.1432E+01  9.0348E-03
  1.1444E+01  9.5188E-03
  1.1456E+01  9.9478E-03
  1.1468E+01  1.0313E-02
  1.1480E+01  1.0606E-02
  1.1492E+01  1.0822E-02
  1.1504E+01  1.0955E-02
  1.1516E+01  1.1003E-02
  1.1528E+01  1.0965E-02
  1.1540E+01  1.0843E-02
  1.1552E+01  1.0639E-02
  1.1563E+01  1.0358E-02
  1.1575E+01  1.0006E-02
  1.1587E+01  9.5924E-03
  1.1599E+01  9.1256E-03
  1.1611E+01  8.6159E-03
  1.1623E+01  8.0743E-03
  1.1635E+01  7.5117E-03
  1.1647E+01  6.9388E-03
  1.1659E+01  6.3659E-03
  1.1671E+01  5.8023E-03
  1.1683E+01  5.2563E-03
  1.1694E+01  4.7347E-03
  1.1706E+01  4.2433E-03
  1.1718E+01  3.7862E-03
  1.1730E+01  3.3662E-03
  1.1742E+01  2.9850E-03
  1.1754E+01  2.6430E-03
  1.1766E+01  2.3394E-03
  1.1778E+01  2.0728E-03
  1.1790E+01  1.8410E-03
  1.1802E+01  1.6411E-03
  1.1814E+01  1.4701E-03
  1.1825E+01  1.3246E-03
  1.1837E+01  1.2011E-03
  1.1849E+01  1.0964E-03
  1.1861E+01  1.0072E-03
  1.1873E+01  9.3082E-04
  1.1885E+01  8.6466E-04
  1.1897E+01  8.0662E-04
  1.1909E+01  7.5497E-04
  1.1921E+01  7.0840E-04
  1.1933E+01  6.6594E-04
  1.1945E+01  6.2693E-04
  1.1956E+01  5.9102E-04
  1.1968E+01  5.5803E-04
  1.1980E+01  5.2796E-04
  1.1992E+01  5.0091E-04
  1.2004E+01  4.7704E-04
  1.2016E+01  4.5650E-04
  1.2028E+01  4.3943E-04
  1.2040E+01  4.2592E-04
  1.2052E+01  4.1600E-04
  1.2064E+01  4.0963E-04
  1.2076E+01  4.0668E-04
  1.2087E+01  4.0698E-04
  1.2099E+01  4.1030E-04
  1.2111E+01  4.1636E-04
  1.2123E+01  4.2487E-04
  1.2135E+01  4.3552E-04
  1.2147E+01  4.4797E-04
  1.2159E+01  4.6191E-04
  1.2171E+01  4.7700E-04
  1.2183E+01  4.9290E-04
  1.2195E+01  5.0929E-04
  1.2207E+01  5.2582E-04
  1.2218E+01  5.4213E-04
  1.2230E+01  5.5785E-04
  1.2242E+01  5.7260E-04
  1.2254E+01  5.8599E-04
  1.2266E+01  5.9764E-04
  1.2278E+01  6.0716E-04
  1.2290E+01  6.1420E-04
  1.2302E+01  6.1844E-04
  1.2314E+01  6.1961E-04
  1.2326E+01  6.1751E-04
  1.2338E+01  6.1203E-04
  1.2349E+01  6.0312E-04
  1.2361E+01  5.9087E-04
  1.2373E+01  5.7545E-04
  1.2385E+01  5.5716E-04
  1.2397E+01  5.3639E-04
  1.2409E+01  5.1364E-04
  1.2421E+01  4.8949E-04
  1.2433E+01  4.6456E-04
  1.2445E+01  4.3954E-04
  1.2457E+01  4.1510E-04
  1.2469E+01  3.9188E-04
  1.2480E+01  3.7046E-04
  1.2492E+01  3.5132E-04
  1.2504E+01  3.3481E-04
  1.2516E+01  3.2114E-04
  1.2528E+01  3.1033E-04
  1.2540E+01  3.0227E-04
  1.2552E+01  2.9668E-04
  1.2564E+01  2.9312E-04
  1.2576E+01  2.9106E-04
  1.2588E+01  2.8987E-04
  1.2600E+01  2.8889E-04
  1.2611E+01  2.8744E-04
  1.2623E+01  2.8491E-04
  1.2635E+01  2.8075E-04
  1.2647E+01  2.7453E-04
  1.2659E+01  2.6601E-04
  1.2671E+01  2.5509E-04
  1.2683E+01  2.4188E-04
  1.2695E+01  2.2669E-04
  1.2707E+01  2.1000E-04
  1.2719E+01  1.9244E-04
  1.2731E+01  1.7477E-04
  1.2742E+01  1.5781E-04
  1.2754E+01  1.4242E-04
  1.2766E+01  1.2944E-04
  1.2778E+01  1.1961E-04
  1.2790E+01  1.1357E-04
  1.2802E+01  1.1180E-04
  1.2814E+01  1.1459E-04
  1.2826E+01  1.2202E-04
  1.2838E+01  1.3397E-04
  1.2850E+01  1.5009E-04
  1.2862E+01  1.6988E-04
  1.2873E+01  1.9265E-04
  1.2885E+01  2.1762E-04
  1.2897E+01  2.4393E-04
  1.2909E+01  2.7073E-04
  1.2921E+01  2.9720E-04
  1.2933E+01  3.2264E-04
  1.2945E+01  3.4650E-04
  1.2957E+01  3.6842E-04
  1.2969E+01  3.8826E-04
  1.2981E+01  4.0610E-04
  1.2993E+01  4.2225E-04
  1.3004E+01  4.3721E-04
  1.3016E+01  4.5164E-04
  1.3028E+01  4.6631E-04
  1.3040E+01  4.8206E-04
  1.3052E+01  4.9971E-04
  1.3064E+01  5.1999E-04
  1.3076E+01  5.4352E-04
  1.3088E+01  5.7070E-04
  1.3100E+01  6.0171E-04
  1.3112E+01  6.3645E-04
  1.3124E+01  6.7450E-04
  1.3135E+01  7.1520E-04
  1.3147E+01  7.5759E-04
  1.3159E+01  8.0050E-04
  1.3171E+01  8.4259E-04
  1.3183E+01  8.8241E-04
  1.3195E+01  9.1850E-04
  1.3207E+01  9.4944E-04
  1.3219E+01  9.7395E-04
  1.3231E+01  9.9093E-04
  1.3243E+01  9.9956E-04
  1.3255E+01  9.9931E-04
  1.3266E+01  9.9002E-04
  1.3278E+01  9.7186E-04
  1.3290E+01  9.4539E-04
  1.3302E+01  9.1149E-04
  1.3314E+01  8.7138E-04
  1.3326E+01  8.2650E-04
  1.3338E+01  7.7848E-04
  1.3350E+01  7.2906E-04
  1.3362E+01  6.7995E-04
  1.3374E+01  6.3280E-04
  1.3386E+01  5.8906E-04
  1.3397E+01  5.4991E-04
  1.3409E+01  5.1622E-04
  1.3421E+01  4.8849E-04
  1.3433E+01  4.6684E-04
  1.3445E+01  4.5101E-04
  1.3457E+01  4.4040E-04
  1.3469E+01  4.3411E-04
  1.3481E+01  4.3103E-04
  1.3493E+01  4.2989E-04
  1.3505E+01  4.2939E-04
  1.3517E+01  4.2824E-04
  1.3528E+01  4.2532E-04
  1.3540E+01  4.1972E-04
  1.3552E+01  4.1079E-04
  1.3564E+01  3.9827E-04
  1.3576E+01  3.8221E-04
  1.3588E+01  3.6307E-04
  1.3600E+01  3.4163E-04
  1.3612E+01  3.1898E-04
  1.3624E+01  2.9640E-04
  1.3636E+01  2.7535E-04
  1.3647E+01  2.5728E-04
  1.3659E+01  2.4361E-04
  1.3671E+01  2.3558E-04
  1.3683E+01  2.3421E-04
  1.3695E+01  2.4017E-04
  1.3707E+01  2.5381E-04
  1.3719E+01  2.7508E-04
  1.3731E+01  3.0354E-04
  1.3743E+01  3.3845E-04
  1.3755E+01  3.7874E-04
  1.3767E+01  4.2318E-04
  1.3778E+01  4.7046E-04
  1.3790E+01  5.1930E-04
  1.3802E+01  5.6863E-04
  1.3814E+01  6.1767E-04
  1.3826E+01  6.6605E-04
  1.3838E+01  7.1397E-04
  1.3850E+01  7.6217E-04
  1.3862E+01  8.1204E-04
  1.3874E+01  8.6555E-04
  1.3886E+01  9.2524E-04
  1.3898E+01  9.9410E-04
  1.3909E+01  1.0754E-03
  1.3921E+01  1.1727E-03
  1.3933E+01  1.2892E-03
  1.3945E+01  1.4282E-03
  1.3957E+01  1.5924E-03
  1.3969E+01  1.7836E-03
  1.3981E+01  2.0028E-03
  1.3993E+01  2.2501E-03
  1.4005E+01  2.5241E-03
  1.4017E+01  2.8223E-03
  1.4029E+01  3.1410E-03
  1.4040E+01  3.4752E-03
  1.4052E+01  3.8189E-03
  1.4064E+01  4.1653E-03
  1.4076E+01  4.5069E-03
  1.4088E+01  4.8358E-03
  1.4100E+01  5.1442E-03
  1.4112E+01  5.4243E-03
  1.4124E+01  5.6690E-03
  1.4136E+01  5.8717E-03
  1.4148E+01  6.0270E-03
  1.4160E+01  6.1307E-03
  1.4171E+01  6.1799E-03
  1.4183E+01  6.1733E-03
  1.4195E+01  6.1115E-03
  1.4207E+01  5.9963E-03
  1.4219E+01  5.8315E-03
  1.4231E+01  5.6222E-03
  1.4243E+01  5.3747E-03
  1.4255E+01  5.0963E-03
  1.4267E+01  4.7950E-03
  1.4279E+01  4.4789E-03
  1.4291E+01  4.1560E-03
  1.4302E+01  3.8339E-03
  1.4314E+01  3.5193E-03
  1.4326E+01  3.2179E-03
  1.4338E+01  2.9340E-03
  1.4350E+01  2.6709E-03
  1.4362E+01  2.4302E-03
  1.4374E+01  2.2126E-03
  1.4386E+01  2.0173E-03
  1.4398E+01  1.8427E-03
  1.4410E+01  1.6865E-03
  1.4422E+01  1.5458E-03
  1.4433E+01  1.4176E-03
  1.4445E+01  1.2988E-03
  1.4457E+01  1.1869E-03
  1.4469E+01  1.0798E-03
  1.4481E+01  9.7613E-04
  1.4493E+01  8.7541E-04
  1.4505E+01  7.7807E-04
  1.4517E+01  6.8544E-04
  1.4529E+01  5.9966E-04
  1.4541E+01  5.2355E-04
  1.4553E+01  4.6041E-04
  1.4564E+01  4.1384E-04
  1.4576E+01  3.8746E-04
  1.4588E+01  3.8471E-04
  1.4600E+01  4.0861E-04
  1.4612E+01  4.6160E-04
  1.4624E+01  5.4540E-04
  1.4636E+01  6.6096E-04
  1.4648E+01  8.0845E-04
  1.4660E+01  9.8738E-04
  1.4672E+01  1.1968E-03
  1.4684E+01  1.4356E-03
  1.4695E+01  1.7027E-03
  1.4707E+01  1.9976E-03
  1.4719E+01  2.3208E-03
  1.4731E+01  2.6740E-03
  1.4743E+01  3.0607E-03
  1.4755E+01  3.4863E-03
  1.4767E+01  3.9584E-03
  1.4779E+01  4.4871E-03
  1.4791E+01  5.0844E-03
  1.4803E+01  5.7644E-03
  1.4815E+01  6.5431E-03
  1.4826E+01  7.4370E-03
  1.4838E+01  8.4635E-03
  1.4850E+01  9.6392E-03
  1.4862E+01  1.0979E-02
  1.4874E+01  1.2496E-02
  1.4886E+01  1.4200E-02
  1.4898E+01  1.6095E-02
  1.4910E+01  1.8182E-02
  1.4922E+01  2.0454E-02
  1.4934E+01  2.2900E-02
  1.4946E+01  2.5500E-02
  1.4957E+01  2.8229E-02
  1.4969E+01  3.1057E-02
  1.4981E+01  3.3946E-02
  1.4993E+01  3.6852E-02
  1.5005E+01  3.9729E-02
  1.5017E+01  4.2525E-02
  1.5029E+01  4.5185E-02
  1.5041E+01  4.7655E-02
  1.5053E+01  4.9880E-02
  1.5065E+01  5.1807E-02
  1.5077E+01  5.3387E-02
  1.5088E+01  5.4579E-02
  1.5100E+01  5.5348E-02
  1.5112E+01  5.5670E-02
  1.5124E+01  5.5531E-02
  1.5136E+01  5.4929E-02
  1.5148E+01  5.3875E-02
  1.5160E+01  5.2390E-02
  1.5172E+01  5.0509E-02
  1.5184E+01  4.8273E-02
  1.5196E+01  4.5735E-02
  1.5208E+01  4.2950E-02
  1.5219E+01  3.9981E-02
  1.5231E+01  3.6893E-02
  1.5243E+01  3.3749E-02
  1.5255E+01  3.0613E-02
  1.5267E+01  2.7546E-02
  1.5279E+01  2.4604E-02
  1.5291E+01  2.1836E-02
  1.5303E+01  1.9284E-02
  1.5315E+01  1.6982E-02
  1.5327E+01  1.4954E-02
  1.5339E+01  1.3213E-02
  1.5350E+01  1.1765E-02
  1.5362E+01  1.0601E-02
  1.5374E+01  9.7090E-03
  1.5386E+01  9.0640E-03
  1.5398E+01  8.6370E-03
  1.5410E+01  8.3931E-03
  1.5422E+01  8.2944E-03
  1.5434E+01  8.3016E-03
  1.5446E+01  8.3757E-03
  1.5458E+01  8.4798E-03
  1.5470E+01  8.5803E-03
  1.5481E+01  8.6486E-03
  1.5493E+01  8.6619E-03
  1.5505E+01  8.6040E-03
  1.5517E+01  8.4657E-03
  1.5529E+01  8.2451E-03
  1.5541E+01  7.9474E-03
  1.5553E+01  7.5841E-03
  1.5565E+01  7.1727E-03
  1.5577E+01  6.7352E-03
  1.5589E+01  6.2970E-03
  1.5601E+01  5.8853E-03
  1.5612E+01  5.5280E-03
  1.5624E+01  5.2519E-03
  1.5636E+01  5.0816E-03
  1.5648E+01  5.0381E-03
  1.5660E+01  5.1380E-03
  1.5672E+01  5.3928E-03
  1.5684E+01  5.8082E-03
  1.5696E+01  6.3837E-03
  1.5708E+01  7.1127E-03
  1.5720E+01  7.9827E-03
  1.5732E+01  8.9757E-03
  1.5743E+01  1.0069E-02
  1.5755E+01  1.1235E-02
  1.5767E+01  1.2445E-02
  1.5779E+01  1.3666E-02
  1.5791E+01  1.4868E-02
  1.5803E+01  1.6018E-02
  1.5815E+01  1.7087E-02
  1.5827E+01  1.8049E-02
  1.5839E+01  1.8882E-02
  1.5851E+01  1.9567E-02
  1.5863E+01  2.0091E-02
  1.5874E+01  2.0446E-02
  1.5886E+01  2.0626E-02
  1.5898E+01  2.0634E-02
  1.5910E+01  2.0474E-02
  1.5922E+01  2.0154E-02
  1.5934E+01  1.9688E-02
  1.5946E+01  1.9089E-02
  1.5958E+01  1.8375E-02
  1.5970E+01  1.7564E-02
  1.5982E+01  1.6677E-02
  1.5994E+01  1.5733E-02
  1.6005E+01  1.4751E-02
  1.6017E+01  1.3751E-02
  1.6029E+01  1.2750E-02
  1.6041E+01  1.1761E-02
  1.6053E+01  1.0800E-02
  1.6065E+01  9.8750E-03
  1.6077E+01  8.9951E-03
  1.6089E+01  8.1657E-03
  1.6101E+01  7.3900E-03
  1.6113E+01  6.6693E-03
  1.6125E+01  6.0035E-03
  1.6136E+01  5.3908E-03
  1.6148E+01  4.8288E-03
  1.6160E+01  4.3143E-03
  1.6172E+01  3.8440E-03
  1.6184E+01  3.4143E-03
  1.6196E+01  3.0220E-03
  1.6208E+01  2.6640E-03
  1.6220E+01  2.3378E-03
  1.6232E+01  2.0409E-03
  1.6244E+01  1.7716E-03
  1.6256E+01  1.5284E-03
  1.6267E+01  1.3101E-03
  1.6279E+01  1.1156E-03
  1.6291E+01  9.4416E-04
  1.6303E+01  7.9476E-04
  1.6315E+01  6.6655E-04
  1.6327E+01  5.5850E-04
  1.6339E+01  4.6942E-04
  1.6351E+01  3.9795E-04
  1.6363E+01  3.4257E-04
  1.6375E+01  3.0158E-04
  1.6387E+01  2.7317E-04
  1.6398E+01  2.5548E-04
  1.6410E+01  2.4665E-04
  1.6422E+01  2.4489E-04
  1.6434E+01  2.4859E-04
  1.6446E+01  2.5634E-04
  1.6458E+01  2.6703E-04
  1.6470E+01  2.7990E-04
  1.6482E+01  2.9453E-04
  1.6494E+01  3.1083E-04
  1.6506E+01  3.2910E-04
  1.6518E+01  3.4989E-04
  1.6529E+01  3.7400E-04
  1.6541E+01  4.0238E-04
  1.6553E+01  4.3604E-04
  1.6565E+01  4.7598E-04
  1.6577E+01  5.2308E-04
  1.6589E+01  5.7800E-04
  1.6601E+01  6.4111E-04
  1.6613E+01  7.1247E-04
  1.6625E+01  7.9170E-04
  1.6637E+01  8.7805E-04
  1.6649E+01  9.7036E-04
  1.6660E+01  1.0671E-03
  1.6672E+01  1.1664E-03
  1.6684E+01  1.2662E-03
  1.6696E+01  1.3642E-03
  1.6708E+01  1.4582E-03
  1.6720E+01  1.5458E-03
  1.6732E+01  1.6249E-03
  1.6744E+01  1.6936E-03
  1.6756E+01  1.7502E-03
  1.6768E+01  1.7934E-03
  1.6780E+01  1.8221E-03
  1.6791E+01  1.8359E-03
  1.6803E+01  1.8345E-03
  1.6815E+01  1.8182E-03
  1.6827E+01  1.7877E-03
  1.6839E+01  1.7439E-03
  1.6851E+01  1.6883E-03
  1.6863E+01  1.6223E-03
  1.6875E+01  1.5478E-03
  1.6887E+01  1.4667E-03
  1.6899E+01  1.3808E-03
  1.6911E+01  1.2922E-03
  1.6922E+01  1.2027E-03
  1.6934E+01  1.1137E-03
  1.6946E+01  1.0268E-03
  1.6958E+01  9.4315E-04
  1.6970E+01  8.6355E-04
  1.6982E+01  7.8865E-04
  1.6994E+01  7.1881E-04
  1.7006E+01  6.5417E-04
  1.7018E+01  5.9466E-04
  1.7030E+01  5.4007E-04
  1.7042E+01  4.9008E-04
  1.7053E+01  4.4429E-04
  1.7065E+01  4.0228E-04
  1.7077E+01  3.6363E-04
  1.7089E+01  3.2795E-04
  1.7101E+01  2.9489E-04
  1.7113E+01  2.6418E-04
  1.7125E+01  2.3563E-04
  1.7137E+01  2.0909E-04
  1.7149E+01  1.8451E-04
  1.7161E+01  1.6186E-04
  1.7173E+01  1.4116E-04
  1.7184E+01  1.2245E-04
  1.7196E+01  1.0578E-04
  1.7208E+01  9.1178E-05
  1.7220E+01  7.8657E-05
  1.7232E+01  6.8192E-05
  1.7244E+01  5.9717E-05
  1.7256E+01  5.3126E-05
  1.7268E+01  4.8270E-05
  1.7280E+01  4.4965E-05
  1.7292E+01  4.3001E-05
  1.7304E+01  4.2151E-05
  1.7315E+01  4.2186E-05
  1.7327E+01  4.2888E-05
  1.7339E+01  4.4062E-05
  1.7351E+01  4.5550E-05
  1.7363E+01  4.7234E-05
  1.7375E+01  4.9049E-05
  1.7387E+01  5.0980E-05
  1.7399E+01  5.3061E-05
  1.7411E+01  5.5370E-05
  1.7423E+01  5.8021E-05
  1.7435E+01  6.1149E-05
  1.7446E+01  6.4902E-05
  1.7458E+01  6.9424E-05
  1.7470E+01  7.4844E-05
  1.7482E+01  8.1259E-05
  1.7494E+01  8.8727E-05
  1.7506E+01  9.7256E-05
  1.7518E+01  1.0680E-04
  1.7530E+01  1.1726E-04
  1.7542E+01  1.2849E-04
  1.7554E+01  1.4028E-04
  1.7565E+01  1.5240E-04
  1.7577E+01  1.6459E-04
  1.7589E+01  1.7657E-04
  1.7601E+01  1.8807E-04
  1.7613E+01  1.9882E-04
  1.7625E+01  2.0861E-04
  1.7637E+01  2.1722E-04
  1.7649E+01  2.2451E-04
  1.7661E+01  2.3036E-04
  1.7673E+01  2.3473E-04
  1.7685E+01  2.3760E-04
  1.7696E+01  2.3902E-04
  1.7708E+01  2.3909E-04
  1.7720E+01  2.3791E-04
  1.7732E+01  2.3564E-04
  1.7744E+01  2.3246E-04
  1.7756E+01  2.2853E-04
  1.7768E+01  2.2405E-04
  1.7780E+01  2.1918E-04
  1.7792E+01  2.1406E-04
  1.7804E+01  2.0882E-04
  1.7816E+01  2.0354E-04
  1.7827E+01  1.9828E-04
  1.7839E+01  1.9308E-04
  1.7851E+01  1.8791E-04
  1.7863E+01  1.8276E-04
  1.7875E+01  1.7756E-04
  1.7887E+01  1.7225E-04
  1.7899E+01  1.6676E-04
  1.7911E+01  1.6103E-04
  1.7923E+01  1.5500E-04
  1.7935E+01  1.4863E-04
  1.7947E+01  1.4190E-04
  1.7958E+01  1.3482E-04
  1.7970E+01  1.2742E-04
  1.7982E+01  1.1975E-04
  1.7994E+01  1.1188E-04
  1.8006E+01  1.0392E-04
  1.8018E+01  9.5948E-05
  1.8030E+01  8.8083E-05
  1.8042E+01  8.0428E-05
  1.8054E+01  7.3080E-05
  1.8066E+01  6.6126E-05
  1.8078E+01  5.9638E-05
  1.8089E+01  5.3672E-05
  1.8101E+01  4.8267E-05
  1.8113E+01  4.3448E-05
  1.8125E+01  3.9225E-05
  1.8137E+01  3.5598E-05
  1.8149E+01  3.2560E-05
  1.8161E+01  3.0100E-05
  1.8173E+01  2.8207E-05
  1.8185E+01  2.6872E-05
  1.8197E+01  2.6093E-05
  1.8209E+01  2.5873E-05
  1.8220E+01  2.6223E-05
  1.8232E+01  2.7161E-05
  1.8244E+01  2.8710E-05
  1.8256E+01  3.0899E-05
  1.8268E+01  3.3756E-05
  1.8280E+01  3.7308E-05
  1.8292E+01  4.1580E-05
  1.8304E+01  4.6590E-05
  1.8316E+01  5.2351E-05
  1.8328E+01  5.8869E-05
  1.8340E+01  6.6144E-05
  1.8351E+01  7.4173E-05
  1.8363E+01  8.2955E-05
  1.8375E+01  9.2493E-05
  1.8387E+01  1.0280E-04
  1.8399E+01  1.1391E-04
  1.8411E+01  1.2589E-04
  1.8423E+01  1.3880E-04
  1.8435E+01  1.5277E-04
  1.8447E+01  1.6794E-04
  1.8459E+01  1.8450E-04
  1.8471E+01  2.0264E-04
  1.8482E+01  2.2261E-04
  1.8494E+01  2.4463E-04
  1.8506E+01  2.6894E-04
  1.8518E+01  2.9575E-04
  1.8530E+01  3.2522E-04
  1.8542E+01  3.5747E-04
  1.8554E+01  3.9253E-04
  1.8566E+01  4.3030E-04
  1.8578E+01  4.7061E-04
  1.8590E+01  5.1312E-04
  1.8602E+01  5.5736E-04
  1.8613E+01  6.0272E-04
  1.8625E+01  6.4847E-04
  1.8637E+01  6.9375E-04
  1.8649E+01  7.3760E-04
  1.8661E+01  7.7903E-04
  1.8673E+01  8.1699E-04
  1.8685E+01  8.5047E-04
  1.8697E+01  8.7848E-04
  1.8709E+01  9.0015E-04
  1.8721E+01  9.1472E-04
  1.8733E+01  9.2159E-04
  1.8744E+01  9.2035E-04
  1.8756E+01  9.1080E-04
  1.8768E+01  8.9298E-04
  1.8780E+01  8.6715E-04
  1.8792E+01  8.3385E-04
  1.8804E+01  7.9382E-04
  1.8816E+01  7.4806E-04
  1.8828E+01  6.9776E-04
  1.8840E+01  6.4425E-04
  1.8852E+01  5.8901E-04
  1.8864E+01  5.3356E-04
  1.8875E+01  4.7943E-04
  1.8887E+01  4.2808E-04
  1.8899E+01  3.8084E-04
  1.8911E+01  3.3887E-04
  1.8923E+01  3.0311E-04
  1.8935E+01  2.7420E-04
  1.8947E+01  2.5252E-04
  1.8959E+01  2.3815E-04
  1.8971E+01  2.3087E-04
  1.8983E+01  2.3017E-04
  1.8995E+01  2.3531E-04
  1.9006E+01  2.4534E-04
  1.9018E+01  2.5913E-04
  1.9030E+01  2.7547E-04
  1.9042E+01  2.9311E-04
  1.9054E+01  3.1082E-04
  1.9066E+01  3.2749E-04
  1.9078E+01  3.4214E-04
  1.9090E+01  3.5404E-04
  1.9102E+01  3.6269E-04
  1.9114E+01  3.6792E-04
  1.9126E+01  3.6984E-04
  1.9137E+01  3.6891E-04
  1.9149E+01  3.6587E-04
  1.9161E+01  3.6172E-04
  1.9173E+01  3.5770E-04
  1.9185E+01  3.5521E-04
  1.9197E+01  3.5576E-04
  1.9209E+01  3.6088E-04
  1.9221E+01  3.7206E-04
  1.9233E+01  3.9068E-04
  1.9245E+01  4.1791E-04
  1.9257E+01  4.5467E-04
  1.9268E+01  5.0155E-04
  1.9280E+01  5.5880E-04
  1.9292E+01  6.2624E-04
  1.9304E+01  7.0330E-04
  1.9316E+01  7.8903E-04
  1.9328E+01  8.8207E-04
  1.9340E+01  9.8078E-04
  1.9352E+01  1.0832E-03
  1.9364E+01  1.1872E-03
  1.9376E+01  1.2906E-03
  1.9388E+01  1.3910E-03
  1.9399E+01  1.4861E-03
  1.9411E+01  1.5738E-03
  1.9423E+01  1.6521E-03
  1.9435E+01  1.7190E-03
  1.9447E+01  1.7733E-03
  1.9459E+01  1.8136E-03
  1.9471E+01  1.8392E-03
  1.9483E+01  1.8496E-03
  1.9495E+01  1.8448E-03
  1.9507E+01  1.8253E-03
  1.9519E+01  1.7917E-03
  1.9530E+01  1.7453E-03
  1.9542E+01  1.6873E-03
  1.9554E+01  1.6195E-03
  1.9566E+01  1.5437E-03
  1.9578E+01  1.4616E-03
  1.9590E+01  1.3753E-03
  1.9602E+01  1.2865E-03
  1.9614E+01  1.1968E-03
  1.9626E+01  1.1079E-03
  1.9638E+01  1.0211E-03
  1.9650E+01  9.3730E-04
  1.9661E+01  8.5749E-04
  1.9673E+01  7.8222E-04
  1.9685E+01  7.1189E-04
  1.9697E+01  6.4666E-04
  1.9709E+01  5.8652E-04
  1.9721E+01  5.3132E-04
  1.9733E+01  4.8078E-04
  1.9745E+01  4.3456E-04
  1.9757E+01  3.9225E-04
  1.9769E+01  3.5344E-04
  1.9781E+01  3.1773E-04
  1.9792E+01  2.8474E-04
  1.9804E+01  2.5417E-04
  1.9816E+01  2.2576E-04
  1.9828E+01  1.9933E-04
  1.9840E+01  1.7478E-04
  1.9852E+01  1.5204E-04
  1.9864E+01  1.3114E-04
  1.9876E+01  1.1210E-04
  1.9888E+01  9.4996E-05
  1.9900E+01  7.9901E-05
  1.9912E+01  6.6873E-05
  1.9923E+01  5.5948E-05
  1.9935E+01  4.7122E-05
  1.9947E+01  4.0343E-05
  1.9959E+01  3.5510E-05
  1.9971E+01  3.2470E-05
  1.9983E+01  3.1024E-05
  1.9995E+01  3.0938E-05
  2.0007E+01  3.1956E-05
  2.0019E+01  3.3812E-05
  2.0031E+01  3.6251E-05
  2.0043E+01  3.9045E-05
  2.0054E+01  4.2006E-05
  2.0066E+01  4.4999E-05
  2.0078E+01  4.7955E-05
  2.0090E+01  5.0872E-05
  2.0102E+01  5.3817E-05
  2.0114E+01  5.6925E-05
  2.0126E+01  6.0389E-05
  2.0138E+01  6.4443E-05
  2.0150E+01  6.9353E-05
  2.0162E+01  7.5391E-05
  2.0174E+01  8.2821E-05
  2.0185E+01  9.1870E-05
  2.0197E+01  1.0271E-04
  2.0209E+01  1.1546E-04
  2.0221E+01  1.3013E-04
  2.0233E+01  1.4665E-04
  2.0245E+01  1.6485E-04
  2.0257E+01  1.8446E-04
  2.0269E+01  2.0512E-04
  2.0281E+01  2.2639E-04
  2.0293E+01  2.4776E-04
  2.0305E+01  2.6867E-04
  2.0316E+01  2.8854E-04
  2.0328E+01  3.0678E-04
  2.0340E+01  3.2284E-04
  2.0352E+01  3.3620E-04
  2.0364E+01  3.4642E-04
  2.0376E+01  3.5316E-04
  2.0388E+01  3.5618E-04
  2.0400E+01  3.5537E-04
  2.0412E+01  3.5076E-04
  2.0424E+01  3.4250E-04
  2.0436E+01  3.3088E-04
  2.0447E+01  3.1628E-04
  2.0459E+01  2.9917E-04
  2.0471E+01  2.8011E-04
  2.0483E+01  2.5966E-04
  2.0495E+01  2.3844E-04
  2.0507E+01  2.1701E-04
  2.0519E+01  1.9592E-04
  2.0531E+01  1.7566E-04
  2.0543E+01  1.5664E-04
  2.0555E+01  1.3918E-04
  2.0567E+01  1.2349E-04
  2.0578E+01  1.0972E-04
  2.0590E+01  9.7877E-05
  2.0602E+01  8.7911E-05
  2.0614E+01  7.9677E-05
  2.0626E+01  7.2968E-05
  2.0638E+01  6.7531E-05
  2.0650E+01  6.3086E-05
  2.0662E+01  5.9342E-05
  2.0674E+01  5.6026E-05
  2.0686E+01  5.2890E-05
  2.0698E+01  4.9733E-05
  2.0709E+01  4.6408E-05
  2.0721E+01  4.2831E-05
  2.0733E+01  3.8982E-05
  2.0745E+01  3.4900E-05
  2.0757E+01  3.0683E-05
  2.0769E+01  2.6473E-05
  2.0781E+01  2.2444E-05
  2.0793E+01  1.8787E-05
  2.0805E+01  1.5695E-05
  2.0817E+01  1.3344E-05
  2.0829E+01  1.1884E-05
  2.0840E+01  1.1418E-05
  2.0852E+01  1.1999E-05
  2.0864E+01  1.3619E-05
  2.0876E+01  1.6211E-05
  2.0888E+01  1.9652E-05
  2.0900E+01  2.3766E-05
  2.0912E+01  2.8339E-05
  2.0924E+01  3.3131E-05
  2.0936E+01  3.7891E-05
  2.0948E+01  4.2376E-05
  2.0960E+01  4.6368E-05
  2.0971E+01  4.9685E-05
  2.0983E+01  5.2202E-05
  2.0995E+01  5.3859E-05
  2.1007E+01  5.4667E-05
  2.1019E+01  5.4712E-05
  2.1031E+01  5.4156E-05
  2.1043E+01  5.3227E-05
  2.1055E+01  5.2212E-05
  2.1067E+01  5.1437E-05
  2.1079E+01  5.1254E-05
  2.1091E+01  5.2016E-05
  2.1102E+01  5.4054E-05
  2.1114E+01  5.7662E-05
  2.1126E+01  6.3069E-05
  2.1138E+01  7.0429E-05
  2.1150E+01  7.9801E-05
  2.1162E+01  9.1147E-05
  2.1174E+01  1.0432E-04
  2.1186E+01  1.1908E-04
  2.1198E+01  1.3507E-04
  2.1210E+01  1.5186E-04
  2.1222E+01  1.6897E-04
  2.1233E+01  1.8584E-04
  2.1245E+01  2.0190E-04
  2.1257E+01  2.1659E-04
  2.1269E+01  2.2937E-04
  2.1281E+01  2.3977E-04
  2.1293E+01  2.4740E-04
  2.1305E+01  2.5196E-04
  2.1317E+01  2.5327E-04
  2.1329E+01  2.5130E-04
  2.1341E+01  2.4612E-04
  2.1353E+01  2.3793E-04
  2.1364E+01  2.2705E-04
  2.1376E+01  2.1390E-04
  2.1388E+01  1.9895E-04
  2.1400E+01  1.8274E-04
  2.1412E+01  1.6584E-04
  2.1424E+01  1.4879E-04
  2.1436E+01  1.3214E-04
  2.1448E+01  1.1637E-04
  2.1460E+01  1.0188E-04
  2.1472E+01  8.9022E-05
  2.1483E+01  7.8005E-05
  2.1495E+01  6.8956E-05
  2.1507E+01  6.1886E-05
  2.1519E+01  5.6708E-05
  2.1531E+01  5.3240E-05
  2.1543E+01  5.1225E-05
  2.1555E+01  5.0348E-05
  2.1567E+01  5.0263E-05
  2.1579E+01  5.0610E-05
  2.1591E+01  5.1044E-05
  2.1603E+01  5.1254E-05
  2.1614E+01  5.0983E-05
  2.1626E+01  5.0041E-05
  2.1638E+01  4.8319E-05
  2.1650E+01  4.5787E-05
  2.1662E+01  4.2502E-05
  2.1674E+01  3.8596E-05
  2.1686E+01  3.4271E-05
  2.1698E+01  2.9779E-05
  2.1710E+01  2.5406E-05
  2.1722E+01  2.1454E-05
  2.1734E+01  1.8216E-05
  2.1745E+01  1.5959E-05
  2.1757E+01  1.4905E-05
  2.1769E+01  1.5213E-05
  2.1781E+01  1.6976E-05
  2.1793E+01  2.0210E-05
  2.1805E+01  2.4857E-05
  2.1817E+01  3.0795E-05
  2.1829E+01  3.7843E-05
  2.1841E+01  4.5787E-05
  2.1853E+01  5.4391E-05
  2.1865E+01  6.3426E-05
  2.1876E+01  7.2692E-05
  2.1888E+01  8.2041E-05
  2.1900E+01  9.1397E-05
  2.1912E+01  1.0078E-04
  2.1924E+01  1.1030E-04
  2.1936E+01  1.2020E-04
  2.1948E+01  1.3082E-04
  2.1960E+01  1.4260E-04
  2.1972E+01  1.5607E-04
  2.1984E+01  1.7184E-04
  2.1996E+01  1.9053E-04
  2.2007E+01  2.1277E-04
  2.2019E+01  2.3916E-04
  2.2031E+01  2.7022E-04
  2.2043E+01  3.0635E-04
  2.2055E+01  3.4781E-04
  2.2067E+01  3.9466E-04
  2.2079E+01  4.4677E-04
  2.2091E+01  5.0376E-04
  2.2103E+01  5.6502E-04
  2.2115E+01  6.2969E-04
  2.2127E+01  6.9669E-04
  2.2138E+01  7.6472E-04
  2.2150E+01  8.3235E-04
  2.2162E+01  8.9800E-04
  2.2174E+01  9.6006E-04
  2.2186E+01  1.0169E-03
  2.2198E+01  1.0670E-03
  2.2210E+01  1.1089E-03
  2.2222E+01  1.1414E-03
  2.2234E+01  1.1635E-03
  2.2246E+01  1.1745E-03
  2.2258E+01  1.1740E-03
  2.2269E+01  1.1619E-03
  2.2281E+01  1.1385E-03
  2.2293E+01  1.1044E-03
  2.2305E+01  1.0604E-03
  2.2317E+01  1.0078E-03
  2.2329E+01  9.4794E-04
  2.2341E+01  8.8247E-04
  2.2353E+01  8.1317E-04
  2.2365E+01  7.4190E-04
  2.2377E+01  6.7053E-04
  2.2389E+01  6.0089E-04
  2.2400E+01  5.3468E-04
  2.2412E+01  4.7340E-04
  2.2424E+01  4.1835E-04
  2.2436E+01  3.7050E-04
  2.2448E+01  3.3053E-04
  2.2460E+01  2.9878E-04
  2.2472E+01  2.7527E-04
  2.2484E+01  2.5969E-04
  2.2496E+01  2.5144E-04
  2.2508E+01  2.4969E-04
  2.2520E+01  2.5339E-04
  2.2531E+01  2.6136E-04
  2.2543E+01  2.7231E-04
  2.2555E+01  2.8495E-04
  2.2567E+01  2.9800E-04
  2.2579E+01  3.1031E-04
  2.2591E+01  3.2086E-04
  2.2603E+01  3.2882E-04
  2.2615E+01  3.3364E-04
  2.2627E+01  3.3498E-04
  2.2639E+01  3.3281E-04
  2.2651E+01  3.2736E-04
  2.2662E+01  3.1913E-04
  2.2674E+01  3.0885E-04
  2.2686E+01  2.9745E-04
  2.2698E+01  2.8602E-04
  2.2710E+01  2.7573E-04
  2.2722E+01  2.6783E-04
  2.2734E+01  2.6355E-04
  2.2746E+01  2.6407E-04
  2.2758E+01  2.7045E-04
  2.2770E+01  2.8360E-04
  2.2782E+01  3.0421E-04
  2.2793E+01  3.3277E-04
  2.2805E+01  3.6949E-04
  2.2817E+01  4.1430E-04
  2.2829E+01  4.6687E-04
  2.2841E+01  5.2661E-04
  2.2853E+01  5.9267E-04
  2.2865E+01  6.6400E-04
  2.2877E+01  7.3937E-04
  2.2889E+01  8.1740E-04
  2.2901E+01  8.9666E-04
  2.2913E+01  9.7563E-04
  2.2924E+01  1.0528E-03
  2.2936E+01  1.1268E-03
  2.2948E+01  1.1961E-03
  2.2960E+01  1.2595E-03
  2.2972E+01  1.3159E-03
  2.2984E+01  1.3643E-03
  2.2996E+01  1.4039E-03
  2.3008E+01  1.4342E-03
  2.3020E+01  1.4547E-03
  2.3032E+01  1.4653E-03
  2.3044E+01  1.4661E-03
  2.3055E+01  1.4573E-03
  2.3067E+01  1.4394E-03
  2.3079E+01  1.4130E-03
  2.3091E+01  1.3789E-03
  2.3103E+01  1.3379E-03
  2.3115E+01  1.2909E-03
  2.3127E+01  1.2390E-03
  2.3139E+01  1.1832E-03
  2.3151E+01  1.1243E-03
  2.3163E+01  1.0634E-03
  2.3175E+01  1.0012E-03
  2.3186E+01  9.3860E-04
  2.3198E+01  8.7627E-04
  2.3210E+01  8.1484E-04
  2.3222E+01  7.5485E-04
  2.3234E+01  6.9673E-04
  2.3246E+01  6.4086E-04
  2.3258E+01  5.8753E-04
  2.3270E+01  5.3693E-04
  2.3282E+01  4.8922E-04
  2.3294E+01  4.4447E-04
  2.3306E+01  4.0269E-04
  2.3317E+01  3.6386E-04
  2.3329E+01  3.2791E-04
  2.3341E+01  2.9474E-04
  2.3353E+01  2.6421E-04
  2.3365E+01  2.3621E-04
  2.3377E+01  2.1056E-04
  2.3389E+01  1.8714E-04
  2.3401E+01  1.6580E-04
  2.3413E+01  1.4641E-04
  2.3425E+01  1.2885E-04
  2.3437E+01  1.1302E-04
  2.3448E+01  9.8843E-05
  2.3460E+01  8.6238E-05
  2.3472E+01  7.5147E-05
  2.3484E+01  6.5521E-05
  2.3496E+01  5.7315E-05
  2.3508E+01  5.0486E-05
  2.3520E+01  4.4990E-05
  2.3532E+01  4.0780E-05
  2.3544E+01  3.7797E-05
  2.3556E+01  3.5977E-05
  2.3568E+01  3.5239E-05
  2.3579E+01  3.5494E-05
  2.3591E+01  3.6637E-05
  2.3603E+01  3.8553E-05
  2.3615E+01  4.1116E-05
  2.3627E+01  4.4190E-05
  2.3639E+01  4.7635E-05
  2.3651E+01  5.1306E-05
  2.3663E+01  5.5063E-05
  2.3675E+01  5.8766E-05
  2.3687E+01  6.2288E-05
  2.3699E+01  6.5513E-05
  2.3710E+01  6.8342E-05
  2.3722E+01  7.0698E-05
  2.3734E+01  7.2522E-05
  2.3746E+01  7.3780E-05
  2.3758E+01  7.4462E-05
  2.3770E+01  7.4578E-05
  2.3782E+01  7.4159E-05
  2.3794E+01  7.3253E-05
  2.3806E+01  7.1923E-05
  2.3818E+01  7.0241E-05
  2.3830E+01  6.8284E-05
  2.3841E+01  6.6134E-05
  2.3853E+01  6.3869E-05
  2.3865E+01  6.1564E-05
  2.3877E+01  5.9285E-05
  2.3889E+01  5.7091E-05
  2.3901E+01  5.5028E-05
  2.3913E+01  5.3133E-05
  2.3925E+01  5.1430E-05
  2.3937E+01  4.9935E-05
  2.3949E+01  4.8655E-05
  2.3961E+01  4.7589E-05
  2.3972E+01  4.6733E-05
  2.3984E+01  4.6081E-05
  2.3996E+01  4.5626E-05
  2.4008E+01  4.5363E-05
  2.4020E+01  4.5289E-05
  2.4032E+01  4.5407E-05
  2.4044E+01  4.5722E-05
  2.4056E+01  4.6243E-05
  2.4068E+01  4.6979E-05
  2.4080E+01  4.7940E-05
  2.4092E+01  4.9133E-05
  2.4103E+01  5.0561E-05
  2.4115E+01  5.2215E-05
  2.4127E+01  5.4080E-05
  2.4139E+01  5.6126E-05
  2.4151E+01  5.8311E-05
  2.4163E+01  6.0577E-05
  2.4175E+01  6.2857E-05
  2.4187E+01  6.5070E-05
  2.4199E+01  6.7126E-05
  2.4211E+01  6.8933E-05
  2.4223E+01  7.0397E-05
  2.4234E+01  7.1430E-05
  2.4246E+01  7.1954E-05
  2.4258E+01  7.1904E-05
  2.4270E+01  7.1239E-05
  2.4282E+01  6.9940E-05
  2.4294E+01  6.8017E-05
  2.4306E+01  6.5509E-05
  2.4318E+01  6.2487E-05
  2.4330E+01  5.9052E-05
  2.4342E+01  5.5332E-05
  2.4354E+01  5.1477E-05
  2.4365E+01  4.7655E-05
  2.4377E+01  4.4041E-05
  2.4389E+01  4.0812E-05
  2.4401E+01  3.8135E-05
  2.4413E+01  3.6158E-05
  2.4425E+01  3.5005E-05
  2.4437E+01  3.4765E-05
  2.4449E+01  3.5486E-05
  2.4461E+01  3.7175E-05
  2.4473E+01  3.9791E-05
  2.4485E+01  4.3253E-05
  2.4496E+01  4.7433E-05
  2.4508E+01  5.2171E-05
  2.4520E+01  5.7276E-05
  2.4532E+01  6.2537E-05
  2.4544E+01  6.7733E-05
  2.4556E+01  7.2647E-05
  2.4568E+01  7.7071E-05
  2.4580E+01  8.0826E-05
  2.4592E+01  8.3767E-05
  2.4604E+01  8.5789E-05
  2.4616E+01  8.6842E-05
  2.4627E+01  8.6924E-05
  2.4639E+01  8.6091E-05
  2.4651E+01  8.4448E-05
  2.4663E+01  8.2144E-05
  2.4675E+01  7.9367E-05
  2.4687E+01  7.6331E-05
  2.4699E+01  7.3264E-05
  2.4711E+01  7.0399E-05
  2.4723E+01  6.7956E-05
  2.4735E+01  6.6133E-05
  2.4747E+01  6.5096E-05
  2.4758E+01  6.4964E-05
  2.4770E+01  6.5810E-05
  2.4782E+01  6.7648E-05
  2.4794E+01  7.0439E-05
  2.4806E+01  7.4090E-05
  2.4818E+01  7.8456E-05
  2.4830E+01  8.3355E-05
  2.4842E+01  8.8573E-05
  2.4854E+01  9.3880E-05
  2.4866E+01  9.9039E-05
  2.4878E+01  1.0382E-04
  2.4889E+01  1.0803E-04
  2.4901E+01  1.1149E-04
  2.4913E+01  1.1408E-04
  2.4925E+01  1.1571E-04
  2.4937E+01  1.1636E-04
  2.4949E+01  1.1606E-04
  2.4961E+01  1.1489E-04
  2.4973E+01  1.1296E-04
  2.4985E+01  1.1045E-04
  2.4997E+01  1.0754E-04
  2.5009E+01  1.0442E-04
  2.5020E+01  1.0131E-04
  2.5032E+01  9.8383E-05
  2.5044E+01  9.5808E-05
  2.5056E+01  9.3710E-05
  2.5068E+01  9.2168E-05
  2.5080E+01  9.1213E-05
  2.5092E+01  9.0820E-05
  2.5104E+01  9.0914E-05
  2.5116E+01  9.1371E-05
  2.5128E+01  9.2032E-05
  2.5140E+01  9.2709E-05
  2.5151E+01  9.3199E-05
  2.5163E+01  9.3303E-05
  2.5175E+01  9.2833E-05
  2.5187E+01  9.1635E-05
  2.5199E+01  8.9598E-05
  2.5211E+01  8.6664E-05
  2.5223E+01  8.2837E-05
  2.5235E+01  7.8186E-05
  2.5247E+01  7.2846E-05
  2.5259E+01  6.7012E-05
  2.5271E+01  6.0928E-05
  2.5282E+01  5.4877E-05
  2.5294E+01  4.9164E-05
  2.5306E+01  4.4096E-05
  2.5318E+01  3.9966E-05
  2.5330E+01  3.7030E-05
  2.5342E+01  3.5498E-05
  2.5354E+01  3.5511E-05
  2.5366E+01  3.7134E-05
  2.5378E+01  4.0353E-05
  2.5390E+01  4.5065E-05
  2.5401E+01  5.1093E-05
  2.5413E+01  5.8184E-05
  2.5425E+01  6.6029E-05
  2.5437E+01  7.4283E-05
  2.5449E+01  8.2582E-05
  2.5461E+01  9.0570E-05
  2.5473E+01  9.7926E-05
  2.5485E+01  1.0439E-04
  2.5497E+01  1.0977E-04
  2.5509E+01  1.1399E-04
  2.5521E+01  1.1709E-04
  2.5532E+01  1.1921E-04
  2.5544E+01  1.2063E-04
  2.5556E+01  1.2174E-04
  2.5568E+01  1.2301E-04
  2.5580E+01  1.2501E-04
  2.5592E+01  1.2836E-04
  2.5604E+01  1.3369E-04
  2.5616E+01  1.4162E-04
  2.5628E+01  1.5270E-04
  2.5640E+01  1.6741E-04
  2.5652E+01  1.8609E-04
  2.5663E+01  2.0894E-04
  2.5675E+01  2.3596E-04
  2.5687E+01  2.6696E-04
  2.5699E+01  3.0156E-04
  2.5711E+01  3.3917E-04
  2.5723E+01  3.7902E-04
  2.5735E+01  4.2018E-04
  2.5747E+01  4.6159E-04
  2.5759E+01  5.0210E-04
  2.5771E+01  5.4055E-04
  2.5783E+01  5.7575E-04
  2.5794E+01  6.0659E-04
  2.5806E+01  6.3205E-04
  2.5818E+01  6.5128E-04
  2.5830E+01  6.6362E-04
  2.5842E+01  6.6861E-04
  2.5854E+01  6.6606E-04
  2.5866E+01  6.5603E-04
  2.5878E+01  6.3887E-04
  2.5890E+01  6.1517E-04
  2.5902E+01  5.8576E-04
  2.5914E+01  5.5169E-04
  2.5925E+01  5.1417E-04
  2.5937E+01  4.7452E-04
  2.5949E+01  4.3412E-04
  2.5961E+01  3.9433E-04
  2.5973E+01  3.5648E-04
  2.5985E+01  3.2173E-04
  2.5997E+01  2.9111E-04
  2.6009E+01  2.6541E-04
  2.6021E+01  2.4518E-04
  2.6033E+01  2.3072E-04
  2.6045E+01  2.2206E-04
  2.6056E+01  2.1897E-04
  2.6068E+01  2.2096E-04
  2.6080E+01  2.2736E-04
  2.6092E+01  2.3732E-04
  2.6104E+01  2.4985E-04
  2.6116E+01  2.6393E-04
  2.6128E+01  2.7850E-04
  2.6140E+01  2.9257E-04
  2.6152E+01  3.0526E-04
  2.6164E+01  3.1586E-04
  2.6176E+01  3.2383E-04
  2.6187E+01  3.2891E-04
  2.6199E+01  3.3107E-04
  2.6211E+01  3.3056E-04
  2.6223E+01  3.2787E-04
  2.6235E+01  3.2377E-04
  2.6247E+01  3.1920E-04
  2.6259E+01  3.1528E-04
  2.6271E+01  3.1327E-04
  2.6283E+01  3.1448E-04
  2.6295E+01  3.2023E-04
  2.6307E+01  3.3178E-04
  2.6318E+01  3.5028E-04
  2.6330E+01  3.7672E-04
  2.6342E+01  4.1184E-04
  2.6354E+01  4.5615E-04
  2.6366E+01  5.0983E-04
  2.6378E+01  5.7279E-04
  2.6390E+01  6.4459E-04
  2.6402E+01  7.2451E-04
  2.6414E+01  8.1154E-04
  2.6426E+01  9.0441E-04
  2.6438E+01  1.0016E-03
  2.6449E+01  1.1016E-03
  2.6461E+01  1.2025E-03
  2.6473E+01  1.3026E-03
  2.6485E+01  1.4000E-03
  2.6497E+01  1.4929E-03
  2.6509E+01  1.5796E-03
  2.6521E+01  1.6586E-03
  2.6533E+01  1.7286E-03
  2.6545E+01  1.7882E-03
  2.6557E+01  1.8367E-03
  2.6569E+01  1.8733E-03
  2.6580E+01  1.8977E-03
  2.6592E+01  1.9099E-03
  2.6604E+01  1.9099E-03
  2.6616E+01  1.8982E-03
  2.6628E+01  1.8756E-03
  2.6640E+01  1.8427E-03
  2.6652E+01  1.8006E-03
  2.6664E+01  1.7504E-03
  2.6676E+01  1.6931E-03
  2.6688E+01  1.6300E-03
  2.6700E+01  1.5623E-03
  2.6711E+01  1.4910E-03
  2.6723E+01  1.4171E-03
  2.6735E+01  1.3418E-03
  2.6747E+01  1.2658E-03
  2.6759E+01  1.1900E-03
  2.6771E+01  1.1151E-03
  2.6783E+01  1.0417E-03
  2.6795E+01  9.7029E-04
  2.6807E+01  9.0131E-04
  2.6819E+01  8.3506E-04
  2.6831E+01  7.7180E-04
  2.6842E+01  7.1169E-04
  2.6854E+01  6.5482E-04
  2.6866E+01  6.0124E-04
  2.6878E+01  5.5093E-04
  2.6890E+01  5.0383E-04
  2.6902E+01  4.5986E-04
  2.6914E+01  4.1890E-04
  2.6926E+01  3.8083E-04
  2.6938E+01  3.4551E-04
  2.6950E+01  3.1281E-04
  2.6962E+01  2.8259E-04
  2.6973E+01  2.5473E-04
  2.6985E+01  2.2912E-04
  2.6997E+01  2.0565E-04
  2.7009E+01  1.8423E-04
  2.7021E+01  1.6480E-04
  2.7033E+01  1.4730E-04
  2.7045E+01  1.3168E-04
  2.7057E+01  1.1792E-04
  2.7069E+01  1.0601E-04
  2.7081E+01  9.5923E-05
  2.7093E+01  8.7677E-05
  2.7104E+01  8.1271E-05
  2.7116E+01  7.6715E-05
  2.7128E+01  7.4011E-05
  2.7140E+01  7.3161E-05
  2.7152E+01  7.4155E-05
  2.7164E+01  7.6968E-05
  2.7176E+01  8.1561E-05
  2.7188E+01  8.7871E-05
  2.7200E+01  9.5815E-05
  2.7212E+01  1.0528E-04
  2.7224E+01  1.1613E-04
  2.7235E+01  1.2822E-04
  2.7247E+01  1.4134E-04
  2.7259E+01  1.5530E-04
  2.7271E+01  1.6989E-04
  2.7283E+01  1.8487E-04
  2.7295E+01  2.0001E-04
  2.7307E+01  2.1507E-04
  2.7319E+01  2.2984E-04
  2.7331E+01  2.4409E-04
  2.7343E+01  2.5764E-04
  2.7355E+01  2.7031E-04
  2.7366E+01  2.8194E-04
  2.7378E+01  2.9242E-04
  2.7390E+01  3.0166E-04
  2.7402E+01  3.0958E-04
  2.7414E+01  3.1614E-04
  2.7426E+01  3.2135E-04
  2.7438E+01  3.2522E-04
  2.7450E+01  3.2778E-04
  2.7462E+01  3.2910E-04
  2.7474E+01  3.2927E-04
  2.7486E+01  3.2836E-04
  2.7497E+01  3.2648E-04
  2.7509E+01  3.2373E-04
  2.7521E+01  3.2022E-04
  2.7533E+01  3.1604E-04
  2.7545E+01  3.1130E-04
  2.7557E+01  3.0606E-04
  2.7569E+01  3.0042E-04
  2.7581E+01  2.9444E-04
  2.7593E+01  2.8816E-04
  2.7605E+01  2.8165E-04
  2.7617E+01  2.7493E-04
  2.7628E+01  2.6806E-04
  2.7640E+01  2.6104E-04
  2.7652E+01  2.5393E-04
  2.7664E+01  2.4673E-04
  2.7676E+01  2.3949E-04
  2.7688E+01  2.3221E-04
  2.7700E+01  2.2493E-04
  2.7712E+01  2.1766E-04
  2.7724E+01  2.1043E-04
  2.7736E+01  2.0323E-04
  2.7748E+01  1.9608E-04
  2.7759E+01  1.8897E-04
  2.7771E+01  1.8190E-04
  2.7783E+01  1.7484E-04
  2.7795E+01  1.6778E-04
  2.7807E+01  1.6068E-04
  2.7819E+01  1.5354E-04
  2.7831E+01  1.4631E-04
  2.7843E+01  1.3898E-04
  2.7855E+01  1.3155E-04
  2.7867E+01  1.2402E-04
  2.7879E+01  1.1640E-04
  2.7890E+01  1.0873E-04
  2.7902E+01  1.0108E-04
  2.7914E+01  9.3508E-05
  2.7926E+01  8.6118E-05
  2.7938E+01  7.9018E-05
  2.7950E+01  7.2332E-05
  2.7962E+01  6.6192E-05
  2.7974E+01  6.0732E-05
  2.7986E+01  5.6085E-05
  2.7998E+01  5.2374E-05
  2.8010E+01  4.9709E-05
  2.8021E+01  4.8179E-05
  2.8033E+01  4.7846E-05
  2.8045E+01  4.8745E-05
  2.8057E+01  5.0879E-05
  2.8069E+01  5.4217E-05
  2.8081E+01  5.8695E-05
  2.8093E+01  6.4220E-05
  2.8105E+01  7.0669E-05
  2.8117E+01  7.7900E-05
  2.8129E+01  8.5755E-05
  2.8141E+01  9.4068E-05
  2.8152E+01  1.0268E-04
  2.8164E+01  1.1142E-04
  2.8176E+01  1.2017E-04
  2.8188E+01  1.2881E-04
  2.8200E+01  1.3725E-04
  2.8212E+01  1.4544E-04
  2.8224E+01  1.5335E-04
  2.8236E+01  1.6101E-04
  2.8248E+01  1.6844E-04
  2.8260E+01  1.7572E-04
  2.8272E+01  1.8294E-04
  2.8283E+01  1.9017E-04
  2.8295E+01  1.9753E-04
  2.8307E+01  2.0509E-04
  2.8319E+01  2.1294E-04
  2.8331E+01  2.2111E-04
  2.8343E+01  2.2963E-04
  2.8355E+01  2.3847E-04
  2.8367E+01  2.4758E-04
  2.8379E+01  2.5686E-04
  2.8391E+01  2.6617E-04
  2.8403E+01  2.7534E-04
  2.8414E+01  2.8418E-04
  2.8426E+01  2.9246E-04
  2.8438E+01  2.9995E-04
  2.8450E+01  3.0643E-04
  2.8462E+01  3.1167E-04
  2.8474E+01  3.1549E-04
  2.8486E+01  3.1770E-04
  2.8498E+01  3.1820E-04
  2.8510E+01  3.1689E-04
  2.8522E+01  3.1376E-04
  2.8534E+01  3.0884E-04
  2.8545E+01  3.0221E-04
  2.8557E+01  2.9402E-04
  2.8569E+01  2.8445E-04
  2.8581E+01  2.7373E-04
  2.8593E+01  2.6210E-04
  2.8605E+01  2.4982E-04
  2.8617E+01  2.3718E-04
  2.8629E+01  2.2441E-04
  2.8641E+01  2.1176E-04
  2.8653E+01  1.9943E-04
  2.8665E+01  1.8756E-04
  2.8676E+01  1.7629E-04
  2.8688E+01  1.6567E-04
  2.8700E+01  1.5573E-04
  2.8712E+01  1.4645E-04
  2.8724E+01  1.3777E-04
  2.8736E+01  1.2963E-04
  2.8748E+01  1.2191E-04
  2.8760E+01  1.1452E-04
  2.8772E+01  1.0736E-04
  2.8784E+01  1.0036E-04
  2.8796E+01  9.3451E-05
  2.8807E+01  8.6614E-05
  2.8819E+01  7.9860E-05
  2.8831E+01  7.3238E-05
  2.8843E+01  6.6832E-05
  2.8855E+01  6.0758E-05
  2.8867E+01  5.5157E-05
  2.8879E+01  5.0185E-05
  2.8891E+01  4.6002E-05
  2.8903E+01  4.2764E-05
  2.8915E+01  4.0607E-05
  2.8927E+01  3.9635E-05
  2.8938E+01  3.9916E-05
  2.8950E+01  4.1471E-05
  2.8962E+01  4.4267E-05
  2.8974E+01  4.8221E-05
  2.8986E+01  5.3196E-05
  2.8998E+01  5.9012E-05
  2.9010E+01  6.5452E-05
  2.9022E+01  7.2276E-05
  2.9034E+01  7.9234E-05
  2.9046E+01  8.6085E-05
  2.9058E+01  9.2611E-05
  2.9069E+01  9.8634E-05
  2.9081E+01  1.0403E-04
  2.9093E+01  1.0875E-04
  2.9105E+01  1.1279E-04
  2.9117E+01  1.1628E-04
  2.9129E+01  1.1936E-04
  2.9141E+01  1.2230E-04
  2.9153E+01  1.2539E-04
  2.9165E+01  1.2901E-04
  2.9177E+01  1.3352E-04
  2.9188E+01  1.3933E-04
  2.9200E+01  1.4681E-04
  2.9212E+01  1.5628E-04
  2.9224E+01  1.6804E-04
  2.9236E+01  1.8224E-04
  2.9248E+01  1.9897E-04
  2.9260E+01  2.1818E-04
  2.9272E+01  2.3971E-04
  2.9284E+01  2.6325E-04
  2.9296E+01  2.8837E-04
  2.9308E+01  3.1455E-04
  2.9319E+01  3.4114E-04
  2.9331E+01  3.6745E-04
  2.9343E+01  3.9271E-04
  2.9355E+01  4.1616E-04
  2.9367E+01  4.3706E-04
  2.9379E+01  4.5469E-04
  2.9391E+01  4.6845E-04
  2.9403E+01  4.7784E-04
  2.9415E+01  4.8248E-04
  2.9427E+01  4.8218E-04
  2.9439E+01  4.7691E-04
  2.9450E+01  4.6683E-04
  2.9462E+01  4.5226E-04
  2.9474E+01  4.3369E-04
  2.9486E+01  4.1178E-04
  2.9498E+01  3.8725E-04
  2.9510E+01  3.6097E-04
  2.9522E+01  3.3381E-04
  2.9534E+01  3.0666E-04
  2.9546E+01  2.8038E-04
  2.9558E+01  2.5576E-04
  2.9570E+01  2.3349E-04
  2.9581E+01  2.1413E-04
  2.9593E+01  1.9808E-04
  2.9605E+01  1.8558E-04
  2.9617E+01  1.7671E-04
  2.9629E+01  1.7136E-04
  2.9641E+01  1.6928E-04
  2.9653E+01  1.7007E-04
  2.9665E+01  1.7322E-04
  2.9677E+01  1.7814E-04
  2.9689E+01  1.8419E-04
  2.9701E+01  1.9073E-04
  2.9712E+01  1.9716E-04
  2.9724E+01  2.0292E-04
  2.9736E+01  2.0759E-04
  2.9748E+01  2.1086E-04
  2.9760E+01  2.1257E-04
  2.9772E+01  2.1272E-04
  2.9784E+01  2.1151E-04
  2.9796E+01  2.0926E-04
  2.9808E+01  2.0648E-04
  2.9820E+01  2.0379E-04
  2.9832E+01  2.0191E-04
  2.9843E+01  2.0165E-04
  2.9855E+01  2.0383E-04
  2.9867E+01  2.0929E-04
  2.9879E+01  2.1880E-04
  2.9891E+01  2.3304E-04
  2.9903E+01  2.5258E-04
  2.9915E+01  2.7781E-04
  2.9927E+01  3.0897E-04
  2.9939E+01  3.4609E-04
  2.9951E+01  3.8898E-04
  2.9963E+01  4.3727E-04
  2.9974E+01  4.9037E-04
  2.9986E+01  5.4754E-04
  2.9998E+01  6.0787E-04
  3.0010E+01  6.7030E-04
  3.0022E+01  7.3372E-04
  3.0034E+01  7.9691E-04
  3.0046E+01  8.5867E-04
  3.0058E+01  9.1779E-04
  3.0070E+01  9.7313E-04
  3.0082E+01  1.0236E-03
  3.0094E+01  1.0684E-03
  3.0105E+01  1.1066E-03
  3.0117E+01  1.1376E-03
  3.0129E+01  1.1611E-03
  3.0141E+01  1.1767E-03
  3.0153E+01  1.1845E-03
  3.0165E+01  1.1845E-03
  3.0177E+01  1.1770E-03
  3.0189E+01  1.1626E-03
  3.0201E+01  1.1417E-03
  3.0213E+01  1.1150E-03
  3.0225E+01  1.0831E-03
  3.0236E+01  1.0469E-03
  3.0248E+01  1.0071E-03
  3.0260E+01  9.6437E-04
  3.0272E+01  9.1952E-04
  3.0284E+01  8.7321E-04
  3.0296E+01  8.2605E-04
  3.0308E+01  7.7863E-04
  3.0320E+01  7.3145E-04
  3.0332E+01  6.8494E-04
  3.0344E+01  6.3946E-04
  3.0356E+01  5.9532E-04
  3.0367E+01  5.5274E-04
  3.0379E+01  5.1191E-04
  3.0391E+01  4.7294E-04
  3.0403E+01  4.3591E-04
  3.0415E+01  4.0087E-04
  3.0427E+01  3.6782E-04
  3.0439E+01  3.3674E-04
  3.0451E+01  3.0760E-04
  3.0463E+01  2.8037E-04
  3.0475E+01  2.5497E-04
  3.0487E+01  2.3136E-04
  3.0498E+01  2.0947E-04
  3.0510E+01  1.8924E-04
  3.0522E+01  1.7061E-04
  3.0534E+01  1.5351E-04
  3.0546E+01  1.3788E-04
  3.0558E+01  1.2365E-04
  3.0570E+01  1.1078E-04
  3.0582E+01  9.9180E-05
  3.0594E+01  8.8808E-05
  3.0606E+01  7.9601E-05
  3.0618E+01  7.1508E-05
  3.0629E+01  6.4481E-05
  3.0641E+01  5.8481E-05
  3.0653E+01  5.3476E-05
  3.0665E+01  4.9445E-05
  3.0677E+01  4.6377E-05
  3.0689E+01  4.4272E-05
  3.0701E+01  4.3137E-05
  3.0713E+01  4.2990E-05
  3.0725E+01  4.3852E-05
  3.0737E+01  4.5748E-05
  3.0749E+01  4.8706E-05
  3.0760E+01  5.2747E-05
  3.0772E+01  5.7888E-05
  3.0784E+01  6.4134E-05
  3.0796E+01  7.1479E-05
  3.0808E+01  7.9902E-05
  3.0820E+01  8.9364E-05
  3.0832E+01  9.9808E-05
  3.0844E+01  1.1116E-04
  3.0856E+01  1.2333E-04
  3.0868E+01  1.3620E-04
  3.0880E+01  1.4966E-04
  3.0891E+01  1.6356E-04
  3.0903E+01  1.7776E-04
  3.0915E+01  1.9210E-04
  3.0927E+01  2.0642E-04
  3.0939E+01  2.2057E-04
  3.0951E+01  2.3438E-04
  3.0963E+01  2.4769E-04
  3.0975E+01  2.6038E-04
  3.0987E+01  2.7229E-04
  3.0999E+01  2.8331E-04
  3.1011E+01  2.9333E-04
  3.1022E+01  3.0226E-04
  3.1034E+01  3.1002E-04
  3.1046E+01  3.1655E-04
  3.1058E+01  3.2181E-04
  3.1070E+01  3.2576E-04
  3.1082E+01  3.2838E-04
  3.1094E+01  3.2966E-04
  3.1106E+01  3.2961E-04
  3.1118E+01  3.2823E-04
  3.1130E+01  3.2555E-04
  3.1142E+01  3.2158E-04
  3.1153E+01  3.1639E-04
  3.1165E+01  3.1001E-04
  3.1177E+01  3.0251E-04
  3.1189E+01  2.9396E-04
  3.1201E+01  2.8446E-04
  3.1213E+01  2.7410E-04
  3.1225E+01  2.6300E-04
  3.1237E+01  2.5127E-04
  3.1249E+01  2.3905E-04
  3.1261E+01  2.2647E-04
  3.1273E+01  2.1368E-04
  3.1284E+01  2.0080E-04
  3.1296E+01  1.8798E-04
  3.1308E+01  1.7534E-04
  3.1320E+01  1.6298E-04
  3.1332E+01  1.5101E-04
  3.1344E+01  1.3953E-04
  3.1356E+01  1.2858E-04
  3.1368E+01  1.1823E-04
  3.1380E+01  1.0850E-04
  3.1392E+01  9.9411E-05
  3.1404E+01  9.0960E-05
  3.1415E+01  8.3132E-05
  3.1427E+01  7.5902E-05
  3.1439E+01  6.9234E-05
  3.1451E+01  6.3089E-05
  3.1463E+01  5.7428E-05
  3.1475E+01  5.2209E-05
  3.1487E+01  4.7400E-05
  3.1499E+01  4.2973E-05
  3.1511E+01  3.8910E-05
  3.1523E+01  3.5202E-05
  3.1535E+01  3.1853E-05
  3.1546E+01  2.8877E-05
  3.1558E+01  2.6297E-05
  3.1570E+01  2.4146E-05
  3.1582E+01  2.2459E-05
  3.1594E+01  2.1278E-05
  3.1606E+01  2.0645E-05
  3.1618E+01  2.0598E-05
  3.1630E+01  2.1172E-05
  3.1642E+01  2.2393E-05
  3.1654E+01  2.4282E-05
  3.1666E+01  2.6848E-05
  3.1677E+01  3.0092E-05
  3.1689E+01  3.4004E-05
  3.1701E+01  3.8568E-05
  3.1713E+01  4.3763E-05
  3.1725E+01  4.9563E-05
  3.1737E+01  5.5941E-05
  3.1749E+01  6.2874E-05
  3.1761E+01  7.0338E-05
  3.1773E+01  7.8317E-05
  3.1785E+01  8.6801E-05
  3.1797E+01  9.5784E-05
  3.1808E+01  1.0527E-04
  3.1820E+01  1.1525E-04
  3.1832E+01  1.2574E-04
  3.1844E+01  1.3674E-04
  3.1856E+01  1.4824E-04
  3.1868E+01  1.6023E-04
  3.1880E+01  1.7267E-04
  3.1892E+01  1.8551E-04
  3.1904E+01  1.9869E-04
  3.1916E+01  2.1211E-04
  3.1928E+01  2.2564E-04
  3.1939E+01  2.3913E-04
  3.1951E+01  2.5241E-04
  3.1963E+01  2.6527E-04
  3.1975E+01  2.7750E-04
  3.1987E+01  2.8886E-04
  3.1999E+01  2.9912E-04
  3.2011E+01  3.0804E-04
  3.2023E+01  3.1538E-04
  3.2035E+01  3.2093E-04
  3.2047E+01  3.2451E-04
  3.2059E+01  3.2597E-04
  3.2070E+01  3.2522E-04
  3.2082E+01  3.2219E-04
  3.2094E+01  3.1690E-04
  3.2106E+01  3.0940E-04
  3.2118E+01  2.9982E-04
  3.2130E+01  2.8834E-04
  3.2142E+01  2.7516E-04
  3.2154E+01  2.6057E-04
  3.2166E+01  2.4486E-04
  3.2178E+01  2.2835E-04
  3.2190E+01  2.1136E-04
  3.2201E+01  1.9423E-04
  3.2213E+01  1.7726E-04
  3.2225E+01  1.6075E-04
  3.2237E+01  1.4495E-04
  3.2249E+01  1.3007E-04
  3.2261E+01  1.1629E-04
  3.2273E+01  1.0371E-04
  3.2285E+01  9.2418E-05
  3.2297E+01  8.2423E-05
  3.2309E+01  7.3702E-05
  3.2321E+01  6.6186E-05
  3.2332E+01  5.9777E-05
  3.2344E+01  5.4351E-05
  3.2356E+01  4.9767E-05
  3.2368E+01  4.5880E-05
  3.2380E+01  4.2545E-05
  3.2392E+01  3.9631E-05
  3.2404E+01  3.7022E-05
  3.2416E+01  3.4628E-05
  3.2428E+01  3.2383E-05
  3.2440E+01  3.0250E-05
  3.2452E+01  2.8222E-05
  3.2463E+01  2.6314E-05
  3.2475E+01  2.4565E-05
  3.2487E+01  2.3030E-05
  3.2499E+01  2.1775E-05
  3.2511E+01  2.0868E-05
  3.2523E+01  2.0379E-05
  3.2535E+01  2.0369E-05
  3.2547E+01  2.0888E-05
  3.2559E+01  2.1969E-05
  3.2571E+01  2.3633E-05
  3.2583E+01  2.5880E-05
  3.2594E+01  2.8700E-05
  3.2606E+01  3.2071E-05
  3.2618E+01  3.5966E-05
  3.2630E+01  4.0357E-05
  3.2642E+01  4.5225E-05
  3.2654E+01  5.0562E-05
  3.2666E+01  5.6381E-05
  3.2678E+01  6.2716E-05
  3.2690E+01  6.9628E-05
  3.2702E+01  7.7206E-05
  3.2714E+01  8.5565E-05
  3.2725E+01  9.4838E-05
  3.2737E+01  1.0518E-04
  3.2749E+01  1.1675E-04
  3.2761E+01  1.2969E-04
  3.2773E+01  1.4416E-04
  3.2785E+01  1.6026E-04
  3.2797E+01  1.7805E-04
  3.2809E+01  1.9757E-04
  3.2821E+01  2.1876E-04
  3.2833E+01  2.4151E-04
  3.2845E+01  2.6561E-04
  3.2856E+01  2.9078E-04
  3.2868E+01  3.1667E-04
  3.2880E+01  3.4285E-04
  3.2892E+01  3.6881E-04
  3.2904E+01  3.9399E-04
  3.2916E+01  4.1781E-04
  3.2928E+01  4.3966E-04
  3.2940E+01  4.5894E-04
  3.2952E+01  4.7508E-04
  3.2964E+01  4.8756E-04
  3.2976E+01  4.9595E-04
  3.2987E+01  4.9992E-04
  3.2999E+01  4.9924E-04
  3.3011E+01  4.9384E-04
  3.3023E+01  4.8378E-04
  3.3035E+01  4.6926E-04
  3.3047E+01  4.5062E-04
  3.3059E+01  4.2834E-04
  3.3071E+01  4.0300E-04
  3.3083E+01  3.7530E-04
  3.3095E+01  3.4598E-04
  3.3106E+01  3.1584E-04
  3.3118E+01  2.8569E-04
  3.3130E+01  2.5634E-04
  3.3142E+01  2.2853E-04
  3.3154E+01  2.0292E-04
  3.3166E+01  1.8011E-04
  3.3178E+01  1.6054E-04
  3.3190E+01  1.4453E-04
  3.3202E+01  1.3225E-04
  3.3214E+01  1.2372E-04
  3.3226E+01  1.1879E-04
  3.3237E+01  1.1720E-04
  3.3249E+01  1.1855E-04
  3.3261E+01  1.2235E-04
  3.3273E+01  1.2802E-04
  3.3285E+01  1.3496E-04
  3.3297E+01  1.4252E-04
  3.3309E+01  1.5010E-04
  3.3321E+01  1.5714E-04
  3.3333E+01  1.6315E-04
  3.3345E+01  1.6777E-04
  3.3357E+01  1.7073E-04
  3.3368E+01  1.7192E-04
  3.3380E+01  1.7137E-04
  3.3392E+01  1.6925E-04
  3.3404E+01  1.6588E-04
  3.3416E+01  1.6170E-04
  3.3428E+01  1.5726E-04
  3.3440E+01  1.5319E-04
  3.3452E+01  1.5019E-04
  3.3464E+01  1.4895E-04
  3.3476E+01  1.5019E-04
  3.3488E+01  1.5454E-04
  3.3499E+01  1.6259E-04
  3.3511E+01  1.7481E-04
  3.3523E+01  1.9153E-04
  3.3535E+01  2.1294E-04
  3.3547E+01  2.3906E-04
  3.3559E+01  2.6975E-04
  3.3571E+01  3.0469E-04
  3.3583E+01  3.4340E-04
  3.3595E+01  3.8523E-04
  3.3607E+01  4.2943E-04
  3.3619E+01  4.7510E-04
  3.3630E+01  5.2129E-04
  3.3642E+01  5.6700E-04
  3.3654E+01  6.1121E-04
  3.3666E+01  6.5292E-04
  3.3678E+01  6.9118E-04
  3.3690E+01  7.2515E-04
  3.3702E+01  7.5406E-04
  3.3714E+01  7.7731E-04
  3.3726E+01  7.9444E-04
  3.3738E+01  8.0514E-04
  3.3750E+01  8.0927E-04
  3.3761E+01  8.0685E-04
  3.3773E+01  7.9805E-04
  3.3785E+01  7.8319E-04
  3.3797E+01  7.6270E-04
  3.3809E+01  7.3716E-04
  3.3821E+01  7.0719E-04
  3.3833E+01  6.7351E-04
  3.3845E+01  6.3686E-04
  3.3857E+01  5.9800E-04
  3.3869E+01  5.5771E-04
  3.3881E+01  5.1671E-04
  3.3892E+01  4.7568E-04
  3.3904E+01  4.3526E-04
  3.3916E+01  3.9598E-04
  3.3928E+01  3.5831E-04
  3.3940E+01  3.2262E-04
  3.3952E+01  2.8917E-04
  3.3964E+01  2.5817E-04
  3.3976E+01  2.2970E-04
  3.3988E+01  2.0379E-04
  3.4000E+01  1.8040E-04
  3.4012E+01  1.5944E-04
  3.4023E+01  1.4075E-04
  3.4035E+01  1.2417E-04
  3.4047E+01  1.0950E-04
  3.4059E+01  9.6546E-05
  3.4071E+01  8.5104E-05
  3.4083E+01  7.4981E-05
  3.4095E+01  6.6001E-05
  3.4107E+01  5.8003E-05
  3.4119E+01  5.0850E-05
  3.4131E+01  4.4426E-05
  3.4143E+01  3.8641E-05
  3.4154E+01  3.3422E-05
  3.4166E+01  2.8717E-05
  3.4178E+01  2.4488E-05
  3.4190E+01  2.0711E-05
  3.4202E+01  1.7367E-05
  3.4214E+01  1.4444E-05
  3.4226E+01  1.1932E-05
  3.4238E+01  9.8179E-06
  3.4250E+01  8.0867E-06
  3.4262E+01  6.7184E-06
  3.4274E+01  5.6876E-06
  3.4285E+01  4.9636E-06
  3.4297E+01  4.5107E-06
  3.4309E+01  4.2897E-06
  3.4321E+01  4.2588E-06
  3.4333E+01  4.3755E-06
  3.4345E+01  4.5984E-06
  3.4357E+01  4.8888E-06
  3.4369E+01  5.2120E-06
  3.4381E+01  5.5389E-06
  3.4393E+01  5.8467E-06
  3.4405E+01  6.1193E-06
  3.4416E+01  6.3473E-06
  3.4428E+01  6.5279E-06
  3.4440E+01  6.6638E-06
  3.4452E+01  6.7628E-06
  3.4464E+01  6.8359E-06
  3.4476E+01  6.8965E-06
  3.4488E+01  6.9587E-06
  3.4500E+01  7.0363E-06
  3.4512E+01  7.1412E-06
  3.4524E+01  7.2828E-06
  3.4536E+01  7.4669E-06
  3.4547E+01  7.6957E-06
  3.4559E+01  7.9671E-06
  3.4571E+01  8.2754E-06
  3.4583E+01  8.6111E-06
  3.4595E+01  8.9623E-06
  3.4607E+01  9.3148E-06
  3.4619E+01  9.6534E-06
  3.4631E+01  9.9630E-06
  3.4643E+01  1.0229E-05
  3.4655E+01  1.0439E-05
  3.4667E+01  1.0583E-05
  3.4678E+01  1.0654E-05
  3.4690E+01  1.0649E-05
  3.4702E+01  1.0566E-05
  3.4714E+01  1.0411E-05
  3.4726E+01  1.0189E-05
  3.4738E+01  9.9114E-06
  3.4750E+01  9.5885E-06
  3.4762E+01  9.2341E-06
  3.4774E+01  8.8619E-06
  3.4786E+01  8.4855E-06
  3.4798E+01  8.1173E-06
  3.4809E+01  7.7684E-06
  3.4821E+01  7.4472E-06
  3.4833E+01  7.1597E-06
  3.4845E+01  6.9091E-06
  3.4857E+01  6.6955E-06
  3.4869E+01  6.5164E-06
  3.4881E+01  6.3669E-06
  3.4893E+01  6.2400E-06
  3.4905E+01  6.1277E-06
  3.4917E+01  6.0209E-06
  3.4929E+01  5.9108E-06
  3.4940E+01  5.7892E-06
  3.4952E+01  5.6491E-06
  3.4964E+01  5.4856E-06
  3.4976E+01  5.2960E-06
  3.4988E+01  5.0800E-06
  3.5000E+01  4.8403E-06
