  -18.50000      2.9225490E-04
  -18.49000      2.9244568E-04
  -18.48000      2.9303739E-04
  -18.47000      2.9208869E-04
  -18.46000      2.9239058E-04
  -18.45000      2.9407561E-04
  -18.44000      2.9441161E-04
  -18.43000      2.9109226E-04
  -18.42000      2.8456541E-04
  -18.41000      2.7736888E-04
  -18.40000      2.7480430E-04
  -18.39000      2.7444365E-04
  -18.38000      2.7672225E-04
  -18.37000      2.7830576E-04
  -18.36000      2.8103043E-04
  -18.35000      2.8642057E-04
  -18.34000      2.9383824E-04
  -18.33000      3.0608443E-04
  -18.32000      3.1748775E-04
  -18.31000      3.2953580E-04
  -18.30000      3.4563488E-04
  -18.29000      3.7356740E-04
  -18.28000      4.1079486E-04
  -18.27000      4.4655666E-04
  -18.26000      4.6684287E-04
  -18.25000      4.7371091E-04
  -18.24000      4.9402413E-04
  -18.23000      5.2915892E-04
  -18.22000      5.7022949E-04
  -18.21000      6.0659176E-04
  -18.20000      6.3661567E-04
  -18.19000      6.7256350E-04
  -18.18000      7.1488839E-04
  -18.17000      7.6228578E-04
  -18.16000      8.1373577E-04
  -18.15000      8.7410799E-04
  -18.14000      9.4226503E-04
  -18.13000      1.0121405E-03
  -18.12000      1.0905348E-03
  -18.11000      1.1825607E-03
  -18.10000      1.2809363E-03
  -18.09000      1.3719209E-03
  -18.08000      1.4435364E-03
  -18.07000      1.5094993E-03
  -18.06000      1.5732553E-03
  -18.05000      1.6320541E-03
  -18.04000      1.6743569E-03
  -18.03000      1.6961960E-03
  -18.02000      1.6983160E-03
  -18.01000      1.6800206E-03
  -18.00000      1.6407868E-03
  -17.99000      1.5809751E-03
  -17.98000      1.5023900E-03
  -17.97000      1.4070949E-03
  -17.96000      1.2980489E-03
  -17.95000      1.1788121E-03
  -17.94000      1.0532315E-03
  -17.93000      9.2551031E-04
  -17.92000      8.0022833E-04
  -17.91000      6.8060844E-04
  -17.90000      5.7088258E-04
  -17.89000      4.7396947E-04
  -17.88000      3.9266510E-04
  -17.87000      3.2900865E-04
  -17.86000      2.8368918E-04
  -17.85000      2.5647643E-04
  -17.84000      2.4664015E-04
  -17.83000      2.5247908E-04
  -17.82000      2.7155897E-04
  -17.81000      3.0093230E-04
  -17.80000      3.3727338E-04
  -17.79000      3.7692612E-04
  -17.78000      4.1652439E-04
  -17.77000      4.5254949E-04
  -17.76000      4.8222503E-04
  -17.75000      5.0313008E-04
  -17.74000      5.1350519E-04
  -17.73000      5.1237078E-04
  -17.72000      4.9947063E-04
  -17.71000      4.7537024E-04
  -17.70000      4.4116445E-04
  -17.69000      3.9884209E-04
  -17.68000      3.5052738E-04
  -17.67000      2.9886462E-04
  -17.66000      2.4670368E-04
  -17.65000      1.9654710E-04
  -17.64000      1.5120587E-04
  -17.63000      1.1261037E-04
  -17.62000      8.2546918E-05
  -17.61000      6.2079962E-05
  -17.60000      5.1658128E-05
  -17.59000      5.1132462E-05
  -17.58000      5.9639257E-05
  -17.57000      7.5874697E-05
  -17.56000      9.7952790E-05
  -17.55000      1.2378767E-04
  -17.54000      1.5104089E-04
  -17.53000      1.7736401E-04
  -17.52000      2.0071497E-04
  -17.51000      2.1907284E-04
  -17.50000      2.3106135E-04
  -17.49000      2.3567537E-04
  -17.48000      2.3255647E-04
  -17.47000      2.2185726E-04
  -17.46000      2.0432647E-04
  -17.45000      1.8118136E-04
  -17.44000      1.5402303E-04
  -17.43000      1.2478302E-04
  -17.42000      9.5470132E-05
  -17.41000      6.8116402E-05
  -17.40000      4.4707471E-05
  -17.39000      2.6745318E-05
  -17.38000      1.5569498E-05
  -17.37000      1.1879069E-05
  -17.36000      1.6004844E-05
  -17.35000      2.7679931E-05
  -17.34000      4.6319383E-05
  -17.33000      7.0863127E-05
  -17.32000      1.0013454E-04
  -17.31000      1.3284743E-04
  -17.30000      1.6776937E-04
  -17.29000      2.0399825E-04
  -17.28000      2.4110780E-04
  -17.27000      2.7900963E-04
  -17.26000      3.1860438E-04
  -17.25000      3.6117007E-04
  -17.24000      4.0896662E-04
  -17.23000      4.6499920E-04
  -17.22000      5.3238461E-04
  -17.21000      6.1535672E-04
  -17.20000      7.1749295E-04
  -17.19000      8.4300997E-04
  -17.18000      9.9556288E-04
  -17.17000      1.1778448E-03
  -17.16000      1.3918676E-03
  -17.15000      1.6389129E-03
  -17.14000      1.9174729E-03
  -17.13000      2.2266740E-03
  -17.12000      2.5613823E-03
  -17.11000      2.9164855E-03
  -17.10000      3.2857172E-03
  -17.09000      3.6587804E-03
  -17.08000      4.0286086E-03
  -17.07000      4.3822555E-03
  -17.06000      4.7105667E-03
  -17.05000      5.0017205E-03
  -17.04000      5.2470304E-03
  -17.03000      5.4371553E-03
  -17.02000      5.5635106E-03
  -17.01000      5.6202966E-03
  -17.00000      5.6037488E-03
  -16.99000      5.5124890E-03
  -16.98000      5.3473166E-03
  -16.97000      5.1121269E-03
  -16.96000      4.8134672E-03
  -16.95000      4.4591045E-03
  -16.94000      4.0603788E-03
  -16.93000      3.6292116E-03
  -16.92000      3.1782899E-03
  -16.91000      2.7221402E-03
  -16.90000      2.2737922E-03
  -16.89000      1.8462689E-03
  -16.88000      1.4526678E-03
  -16.87000      1.1011958E-03
  -16.86000      8.0180651E-04
  -16.85000      5.5859581E-04
  -16.84000      3.7542294E-04
  -16.83000      2.5247937E-04
  -16.82000      1.8728040E-04
  -16.81000      1.7540813E-04
  -16.80000      2.1007964E-04
  -16.79000      2.8304424E-04
  -16.78000      3.8467307E-04
  -16.77000      5.0473766E-04
  -16.76000      6.3319108E-04
  -16.75000      7.5941259E-04
  -16.74000      8.7500096E-04
  -16.73000      9.7129436E-04
  -16.72000      1.0427518E-03
  -16.71000      1.0849489E-03
  -16.70000      1.0956394E-03
  -16.69000      1.0747010E-03
  -16.68000      1.0240602E-03
  -16.67000      9.4722986E-04
  -16.66000      8.4922509E-04
  -16.65000      7.3622307E-04
  -16.64000      6.1487977E-04
  -16.63000      4.9193570E-04
  -16.62000      3.7437544E-04
  -16.61000      2.6765768E-04
  -16.60000      1.7741465E-04
  -16.59000      1.0697389E-04
  -16.58000      5.8787722E-05
  -16.57000      3.3619675E-05
  -16.56000      3.0686973E-05
  -16.55000      4.7905520E-05
  -16.54000      8.1913000E-05
  -16.53000      1.2854488E-04
  -16.52000      1.8289927E-04
  -16.51000      2.4005261E-04
  -16.50000      2.9499762E-04
  -16.49000      3.4326114E-04
  -16.48000      3.8128925E-04
  -16.47000      4.0623496E-04
  -16.46000      4.1663126E-04
  -16.45000      4.1203742E-04
  -16.44000      3.9338385E-04
  -16.43000      3.6241155E-04
  -16.42000      3.2199553E-04
  -16.41000      2.7536004E-04
  -16.40000      2.2615209E-04
  -16.39000      1.7799030E-04
  -16.38000      1.3398452E-04
  -16.37000      9.6857264E-05
  -16.36000      6.8386915E-05
  -16.35000      4.9402221E-05
  -16.34000      3.9817689E-05
  -16.33000      3.8549490E-05
  -16.32000      4.3878546E-05
  -16.31000      5.3503449E-05
  -16.30000      6.5141357E-05
  -16.29000      7.6727127E-05
  -16.28000      8.7047716E-05
  -16.27000      9.6127027E-05
  -16.26000      1.0562220E-04
  -16.25000      1.1929327E-04
  -16.24000      1.4305819E-04
  -16.23000      1.8526886E-04
  -16.22000      2.5694308E-04
  -16.21000      3.7059977E-04
  -16.20000      5.4077426E-04
  -16.19000      7.8367663E-04
  -16.18000      1.1142545E-03
  -16.17000      1.5495070E-03
  -16.16000      2.1017378E-03
  -16.15000      2.7836047E-03
  -16.14000      3.6035976E-03
  -16.13000      4.5647686E-03
  -16.12000      5.6653796E-03
  -16.11000      6.9012153E-03
  -16.10000      8.2528600E-03
  -16.09000      9.7085508E-03
  -16.08000      1.1232798E-02
  -16.07000      1.2799058E-02
  -16.06000      1.4369834E-02
  -16.05000      1.5899876E-02
  -16.04000      1.7352618E-02
  -16.03000      1.8676026E-02
  -16.02000      1.9831818E-02
  -16.01000      2.0779228E-02
  -16.00000      2.1481888E-02
  -15.99000      2.1911738E-02
  -15.98000      2.2046521E-02
  -15.97000      2.1874595E-02
  -15.96000      2.1393623E-02
  -15.95000      2.0612808E-02
  -15.94000      1.9549690E-02
  -15.93000      1.8232681E-02
  -15.92000      1.6704556E-02
  -15.91000      1.5003207E-02
  -15.90000      1.3188033E-02
  -15.89000      1.1310334E-02
  -15.88000      9.4319973E-03
  -15.87000      7.6115038E-03
  -15.86000      5.9009488E-03
  -15.85000      4.3530148E-03
  -15.84000      3.0122707E-03
  -15.83000      1.9107087E-03
  -15.82000      1.0749974E-03
  -15.81000      5.1559025E-04
  -15.80000      2.3418602E-04
  -15.79000      2.1911360E-04
  -15.78000      4.4723289E-04
  -15.77000      8.8498241E-04
  -15.76000      1.4901202E-03
  -15.75000      2.2168416E-03
  -15.74000      3.0093151E-03
  -15.73000      3.8177925E-03
  -15.72000      4.5880224E-03
  -15.71000      5.2726688E-03
  -15.70000      5.8307732E-03
  -15.69000      6.2270546E-03
  -15.68000      6.4394441E-03
  -15.67000      6.4553334E-03
  -15.66000      6.2742480E-03
  -15.65000      5.9069423E-03
  -15.64000      5.3769709E-03
  -15.63000      4.7169789E-03
  -15.62000      3.9658905E-03
  -15.61000      3.1749893E-03
  -15.60000      2.3903169E-03
  -15.59000      1.6676253E-03
  -15.58000      1.0530191E-03
  -15.57000      5.9117575E-04
  -15.56000      3.1902056E-04
  -15.55000      2.6228462E-04
  -15.54000      4.3642675E-04
  -15.53000      8.4240129E-04
  -15.52000      1.4707759E-03
  -15.51000      2.2956254E-03
  -15.50000      3.2797768E-03
  -15.49000      4.3796720E-03
  -15.48000      5.5339476E-03
  -15.47000      6.6895527E-03
  -15.46000      7.7759973E-03
  -15.45000      8.7350635E-03
  -15.44000      9.5067993E-03
  -15.43000      1.0045072E-02
  -15.42000      1.0311182E-02
  -15.41000      1.0277970E-02
  -15.40000      9.9386908E-03
  -15.39000      9.3010971E-03
  -15.38000      8.3963489E-03
  -15.37000      7.2691077E-03
  -15.36000      5.9855045E-03
  -15.35000      4.6269358E-03
  -15.34000      3.2845051E-03
  -15.33000      2.0630003E-03
  -15.32000      1.0726260E-03
  -15.31000      4.2085352E-04
  -15.30000      2.1843601E-04
  -15.29000      5.6115206E-04
  -15.28000      1.5416858E-03
  -15.27000      3.2222921E-03
  -15.26000      5.6640347E-03
  -15.25000      8.8847000E-03
  -15.24000      1.2892804E-02
  -15.23000      1.7667981E-02
  -15.22000      2.3146257E-02
  -15.21000      2.9267205E-02
  -15.20000      3.5923481E-02
  -15.19000      4.2992264E-02
  -15.18000      5.0347041E-02
  -15.17000      5.7814777E-02
  -15.16000      6.5239772E-02
  -15.15000      7.2472975E-02
  -15.14000      7.9312839E-02
  -15.13000      8.5642584E-02
  -15.12000      9.1273896E-02
  -15.11000      9.6101850E-02
  -15.10000      0.1000202    
  -15.09000      0.1029295    
  -15.08000      0.1047850    
  -15.07000      0.1055507    
  -15.06000      0.1052263    
  -15.05000      0.1038373    
  -15.04000      0.1014318    
  -15.03000      9.8083280E-02
  -15.02000      9.3881212E-02
  -15.01000      8.8948071E-02
  -15.00000      8.3383970E-02
  -14.99000      7.7344112E-02
  -14.98000      7.0953310E-02
  -14.97000      6.4344287E-02
  -14.96000      5.7674158E-02
  -14.95000      5.1038072E-02
  -14.94000      4.4584230E-02
  -14.93000      3.8393989E-02
  -14.92000      3.2563522E-02
  -14.91000      2.7167216E-02
  -14.90000      2.2253240E-02
  -14.89000      1.7860668E-02
  -14.88000      1.4014221E-02
  -14.87000      1.0702968E-02
  -14.86000      7.9253204E-03
  -14.85000      5.6509241E-03
  -14.84000      3.8433594E-03
  -14.83000      2.4638816E-03
  -14.82000      1.4534082E-03
  -14.81000      7.6501543E-04
  -14.80000      3.4015300E-04
  -14.79000      1.2702632E-04
  -14.78000      7.3957279E-05
  -14.77000      1.3452844E-04
  -14.76000      2.6780719E-04
  -14.75000      4.3822994E-04
  -14.74000      6.1767822E-04
  -14.73000      7.8376138E-04
  -14.72000      9.2079956E-04
  -14.71000      1.0191668E-03
  -14.70000      1.0736855E-03
  -14.69000      1.0845903E-03
  -14.68000      1.0549425E-03
  -14.67000      9.9091895E-04
  -14.66000      8.9983997E-04
  -14.65000      7.9062110E-04
  -14.64000      6.7142758E-04
  -14.63000      5.5060524E-04
  -14.62000      4.3515521E-04
  -14.61000      3.2994204E-04
  -14.60000      2.4000286E-04
  -14.59000      1.6737543E-04
  -14.58000      1.1313408E-04
  -14.57000      7.7005396E-05
  -14.56000      5.7209814E-05
  -14.55000      5.1424715E-05
  -14.54000      5.6589026E-05
  -14.53000      6.9465677E-05
  -14.52000      8.6746877E-05
  -14.51000      1.0537228E-04
  -14.50000      1.2278036E-04
  -14.49000      1.3681150E-04
  -14.48000      1.4611946E-04
  -14.47000      1.4982266E-04
  -14.46000      1.4780802E-04
  -14.45000      1.4039484E-04
  -14.44000      1.2843274E-04
  -14.43000      1.1294924E-04
  -14.42000      9.5283045E-05
  -14.41000      7.6705175E-05
  -14.40000      5.8457190E-05
  -14.39000      4.1630785E-05
  -14.38000      2.7084156E-05
  -14.37000      1.5437343E-05
  -14.36000      7.1049094E-06
  -14.35000      2.2099991E-06
  -14.34000      8.0448012E-07
  -14.33000      2.7744998E-06
  -14.32000      8.0527598E-06
  -14.31000      1.6552010E-05
  -14.30000      2.8406273E-05
  -14.29000      4.3850861E-05
  -14.28000      6.3365587E-05
  -14.27000      8.7657492E-05
  -14.26000      1.1758642E-04
  -14.25000      1.5422840E-04
  -14.24000      1.9875097E-04
  -14.23000      2.5221429E-04
  -14.22000      3.1576873E-04
  -14.21000      3.9019462E-04
  -14.20000      4.7598311E-04
  -14.19000      5.7357445E-04
  -14.18000      6.8206084E-04
  -14.17000      8.0115849E-04
  -14.16000      9.2896551E-04
  -14.15000      1.0636972E-03
  -14.14000      1.2030207E-03
  -14.13000      1.3434369E-03
  -14.12000      1.4823220E-03
  -14.11000      1.6157255E-03
  -14.10000      1.7400424E-03
  -14.09000      1.8519259E-03
  -14.08000      1.9476349E-03
  -14.07000      2.0242969E-03
  -14.06000      2.0795504E-03
  -14.05000      2.1111411E-03
  -14.04000      2.1180492E-03
  -14.03000      2.0997380E-03
  -14.02000      2.0567132E-03
  -14.01000      1.9899516E-03
  -14.00000      1.9017574E-03
  -13.99000      1.7941816E-03
  -13.98000      1.6709105E-03
  -13.97000      1.5351627E-03
  -13.96000      1.3907376E-03
  -13.95000      1.2416539E-03
  -13.94000      1.0917151E-03
  -13.93000      9.4433635E-04
  -13.92000      8.0323702E-04
  -13.91000      6.7065179E-04
  -13.90000      5.4947793E-04
  -13.89000      4.4124908E-04
  -13.88000      3.4693361E-04
  -13.87000      2.6742480E-04
  -13.86000      2.0218798E-04
  -13.85000      1.5103948E-04
  -13.84000      1.1271067E-04
  -13.83000      8.5871303E-05
  -13.82000      6.8842499E-05
  -13.81000      5.9805014E-05
  -13.80000      5.6880886E-05
  -13.79000      5.8243633E-05
  -13.78000      6.2222898E-05
  -13.77000      6.7306049E-05
  -13.76000      7.2250223E-05
  -13.75000      7.6108372E-05
  -13.74000      7.8237412E-05
  -13.73000      7.8292978E-05
  -13.72000      7.6195050E-05
  -13.71000      7.2125244E-05
  -13.70000      6.6431428E-05
  -13.69000      5.9635317E-05
  -13.68000      5.2322961E-05
  -13.67000      4.5101533E-05
  -13.66000      3.8605227E-05
  -13.65000      3.3320328E-05
  -13.64000      2.9705610E-05
  -13.63000      2.8025550E-05
  -13.62000      2.8443294E-05
  -13.61000      3.0944968E-05
  -13.60000      3.5382262E-05
  -13.59000      4.1485899E-05
  -13.58000      4.8853562E-05
  -13.57000      5.7052843E-05
  -13.56000      6.5551307E-05
  -13.55000      7.3840500E-05
  -13.54000      8.1451937E-05
  -13.53000      8.7894958E-05
  -13.52000      9.2841859E-05
  -13.51000      9.5976175E-05
  -13.50000      9.7149641E-05
  -13.49000      9.6283635E-05
  -13.48000      9.3428353E-05
  -13.47000      8.8710083E-05
  -13.46000      8.2372302E-05
  -13.45000      7.4712465E-05
  -13.44000      6.6084933E-05
  -13.43000      5.6905505E-05
  -13.42000      4.7591926E-05
  -13.41000      3.8555627E-05
  -13.40000      3.0254105E-05
  -13.39000      2.3040520E-05
  -13.38000      1.7324292E-05
  -13.37000      1.3405957E-05
  -13.36000      1.1572175E-05
  -13.35000      1.2046473E-05
  -13.34000      1.5007172E-05
  -13.33000      2.0581392E-05
  -13.32000      2.8837099E-05
  -13.31000      3.9811835E-05
  -13.30000      5.3477441E-05
  -13.29000      6.9760783E-05
  -13.28000      8.8575296E-05
  -13.27000      1.0969584E-04
  -13.26000      1.3300111E-04
  -13.25000      1.5821203E-04
  -13.24000      1.8500774E-04
  -13.23000      2.1315597E-04
  -13.22000      2.4212323E-04
  -13.21000      2.7171319E-04
  -13.20000      3.0139473E-04
  -13.19000      3.3078220E-04
  -13.18000      3.5947119E-04
  -13.17000      3.8701456E-04
  -13.16000      4.1306476E-04
  -13.15000      4.3731389E-04
  -13.14000      4.5940056E-04
  -13.13000      4.7917772E-04
  -13.12000      4.9646641E-04
  -13.11000      5.1116245E-04
  -13.10000      5.2332418E-04
  -13.09000      5.3294777E-04
  -13.08000      5.4022099E-04
  -13.07000      5.4531504E-04
  -13.06000      5.4842699E-04
  -13.05000      5.4980273E-04
  -13.04000      5.4967467E-04
  -13.03000      5.4824416E-04
  -13.02000      5.4570899E-04
  -13.01000      5.4216402E-04
  -13.00000      5.3764950E-04
  -12.99000      5.3217425E-04
  -12.98000      5.2563671E-04
  -12.97000      5.1789748E-04
  -12.96000      5.0879107E-04
  -12.95000      4.9802801E-04
  -12.94000      4.8541249E-04
  -12.93000      4.7065289E-04
  -12.92000      4.5355753E-04
  -12.91000      4.3398049E-04
  -12.90000      4.1185561E-04
  -12.89000      3.8715141E-04
  -12.88000      3.6011287E-04
  -12.87000      3.3083465E-04
  -12.86000      2.9987190E-04
  -12.85000      2.6763088E-04
  -12.84000      2.3470036E-04
  -12.83000      2.0184006E-04
  -12.82000      1.6962552E-04
  -12.81000      1.3893210E-04
  -12.80000      1.1041797E-04
  -12.79000      8.4762738E-05
  -12.78000      6.2562773E-05
  -12.77000      4.4288037E-05
  -12.76000      3.0260042E-05
  -12.75000      2.0703361E-05
  -12.74000      1.5561754E-05
  -12.73000      1.4714458E-05
  -12.72000      1.7781953E-05
  -12.71000      2.4303987E-05
  -12.70000      3.3604545E-05
  -12.69000      4.5005545E-05
  -12.68000      5.7697129E-05
  -12.67000      7.0871793E-05
  -12.66000      8.3750834E-05
  -12.65000      9.5600117E-05
  -12.64000      1.0578572E-04
  -12.63000      1.1382331E-04
  -12.62000      1.1932290E-04
  -12.61000      1.2211007E-04
  -12.60000      1.2212728E-04
  -12.59000      1.1950466E-04
  -12.58000      1.1447932E-04
  -12.57000      1.0745964E-04
  -12.56000      9.8884775E-05
  -12.55000      8.9303103E-05
  -12.54000      7.9251506E-05
  -12.53000      6.9249407E-05
  -12.52000      5.9820173E-05
  -12.51000      5.1348568E-05
  -12.50000      4.4177705E-05
  -12.49000      3.8537681E-05
  -12.48000      3.4525827E-05
  -12.47000      3.2168344E-05
  -12.46000      3.1357587E-05
  -12.45000      3.1929700E-05
  -12.44000      3.3646389E-05
  -12.43000      3.6243389E-05
  -12.42000      3.9439987E-05
  -12.41000      4.2964963E-05
  -12.40000      4.6605626E-05
  -12.39000      5.0170685E-05
  -12.38000      5.3555581E-05
  -12.37000      5.6711026E-05
  -12.36000      5.9650713E-05
  -12.35000      6.2454310E-05
  -12.34000      6.5239561E-05
  -12.33000      6.8151006E-05
  -12.32000      7.1378199E-05
  -12.31000      7.5082280E-05
  -12.30000      7.9465441E-05
  -12.29000      8.4711071E-05
  -12.28000      9.1006616E-05
  -12.27000      9.8623466E-05
  -12.26000      1.0780299E-04
  -12.25000      1.1899043E-04
  -12.24000      1.3267132E-04
  -12.23000      1.4955165E-04
  -12.22000      1.7056493E-04
  -12.21000      1.9689041E-04
  -12.20000      2.2991249E-04
  -12.19000      2.7163225E-04
  -12.18000      3.2383978E-04
  -12.17000      3.8905532E-04
  -12.16000      4.6971921E-04
  -12.15000      5.6815927E-04
  -12.14000      6.8723591E-04
  -12.13000      8.2944107E-04
  -12.12000      9.9691201E-04
  -12.11000      1.1916108E-03
  -12.10000      1.4139718E-03
  -12.09000      1.6649077E-03
  -12.08000      1.9432727E-03
  -12.07000      2.2469612E-03
  -12.06000      2.5738664E-03
  -12.05000      2.9174821E-03
  -12.04000      3.2739777E-03
  -12.03000      3.6349341E-03
  -12.02000      3.9927540E-03
  -12.01000      4.3388931E-03
  -12.00000      4.6625808E-03
  -11.99000      4.9546608E-03
  -11.98000      5.2054971E-03
  -11.97000      5.4052318E-03
  -11.96000      5.5462327E-03
  -11.95000      5.6207431E-03
  -11.94000      5.6237853E-03
  -11.93000      5.5519608E-03
  -11.92000      5.4047536E-03
  -11.91000      5.1829680E-03
  -11.90000      4.8919930E-03
  -11.89000      4.5381123E-03
  -11.88000      4.1302182E-03
  -11.87000      3.6810897E-03
  -11.86000      3.2026174E-03
  -11.85000      2.7111026E-03
  -11.84000      2.2216719E-03
  -11.83000      1.7498784E-03
  -11.82000      1.3120569E-03
  -11.81000      9.2239882E-04
  -11.80000      5.9297937E-04
  -11.79000      3.3546650E-04
  -11.78000      1.5579291E-04
  -11.77000      5.9255974E-05
  -11.76000      4.5522182E-05
  -11.75000      1.1171853E-04
  -11.74000      2.5031943E-04
  -11.73000      4.5184456E-04
  -11.72000      7.0251239E-04
  -11.71000      9.8700239E-04
  -11.70000      1.2887688E-03
  -11.69000      1.5900121E-03
  -11.68000      1.8730641E-03
  -11.67000      2.1220173E-03
  -11.66000      2.3211024E-03
  -11.65000      2.4595957E-03
  -11.64000      2.5283752E-03
  -11.63000      2.5230760E-03
  -11.62000      2.4431637E-03
  -11.61000      2.2934319E-03
  -11.60000      2.0815507E-03
  -11.59000      1.8206327E-03
  -11.58000      1.5263309E-03
  -11.57000      1.2170639E-03
  -11.56000      9.1335311E-04
  -11.55000      6.3553383E-04
  -11.54000      4.0345400E-04
  -11.53000      2.3611556E-04
  -11.52000      1.4798836E-04
  -11.51000      1.5104737E-04
  -11.50000      2.5102950E-04
  -11.49000      4.4999365E-04
  -11.48000      7.4169692E-04
  -11.47000      1.1167590E-03
  -11.46000      1.5580253E-03
  -11.45000      2.0442980E-03
  -11.44000      2.5517631E-03
  -11.43000      3.0506772E-03
  -11.42000      3.5131823E-03
  -11.41000      3.9102202E-03
  -11.40000      4.2144768E-03
  -11.39000      4.4040200E-03
  -11.38000      4.4607669E-03
  -11.37000      4.3757353E-03
  -11.36000      4.1465564E-03
  -11.35000      3.7828858E-03
  -11.34000      3.3025751E-03
  -11.33000      2.7381729E-03
  -11.32000      2.1257699E-03
  -11.31000      1.5147425E-03
  -11.30000      9.6298667E-04
  -11.29000      5.3390500E-04
  -11.28000      2.9395780E-04
  -11.27000      3.1286347E-04
  -11.26000      6.5772369E-04
  -11.25000      1.3924734E-03
  -11.24000      2.5708850E-03
  -11.23000      4.2433352E-03
  -11.22000      6.4359447E-03
  -11.21000      9.1770506E-03
  -11.20000      1.2461727E-02
  -11.19000      1.6275026E-02
  -11.18000      2.0584375E-02
  -11.17000      2.5338430E-02
  -11.16000      3.0460918E-02
  -11.15000      3.5880450E-02
  -11.14000      4.1464988E-02
  -11.13000      4.7133598E-02
  -11.12000      5.2743487E-02
  -11.11000      5.8170985E-02
  -11.10000      6.3301310E-02
  -11.09000      6.7988731E-02
  -11.08000      7.2142243E-02
  -11.07000      7.5648755E-02
  -11.06000      7.8420632E-02
  -11.05000      8.0391727E-02
  -11.04000      8.1514411E-02
  -11.03000      8.1759661E-02
  -11.02000      8.1126183E-02
  -11.01000      7.9629555E-02
  -11.00000      7.7307895E-02
  -10.99000      7.4224137E-02
  -10.98000      7.0458643E-02
  -10.97000      6.6092998E-02
  -10.96000      6.1259646E-02
  -10.95000      5.6049079E-02
  -10.94000      5.0603610E-02
  -10.93000      4.5037463E-02
  -10.92000      3.9465550E-02
  -10.91000      3.4020521E-02
  -10.90000      2.8789243E-02
  -10.89000      2.3871455E-02
  -10.88000      1.9347515E-02
  -10.87000      1.5268958E-02
  -10.86000      1.1692010E-02
  -10.85000      8.6361812E-03
  -10.84000      6.1005396E-03
  -10.83000      4.0881401E-03
  -10.82000      2.5625292E-03
  -10.81000      1.4937923E-03
  -10.80000      8.2789158E-04
  -10.79000      5.0897407E-04
  -10.78000      4.7494579E-04
  -10.77000      6.6201424E-04
  -10.76000      1.0061065E-03
  -10.75000      1.4465752E-03
  -10.74000      1.9285970E-03
  -10.73000      2.4032616E-03
  -10.72000      2.8294695E-03
  -10.71000      3.1771180E-03
  -10.70000      3.4225003E-03
  -10.69000      3.5546871E-03
  -10.68000      3.5689150E-03
  -10.67000      3.4703664E-03
  -10.66000      3.2696573E-03
  -10.65000      2.9849347E-03
  -10.64000      2.6352494E-03
  -10.63000      2.2449114E-03
  -10.62000      1.8371312E-03
  -10.61000      1.4343749E-03
  -10.60000      1.0574280E-03
  -10.59000      7.2418130E-04
  -10.58000      4.4654211E-04
  -10.57000      2.3524983E-04
  -10.56000      9.3693023E-05
  -10.55000      2.2491809E-05
  -10.54000      1.6893709E-05
  -10.53000      6.9238813E-05
  -10.52000      1.6875143E-04
  -10.51000      3.0272332E-04
  -10.50000      4.5783637E-04
  -10.49000      6.1949098E-04
  -10.48000      7.7523862E-04
  -10.47000      9.1289543E-04
  -10.46000      1.0230760E-03
  -10.45000      1.0990059E-03
  -10.44000      1.1361534E-03
  -10.43000      1.1336956E-03
  -10.42000      1.0931182E-03
  -10.41000      1.0186378E-03
  -10.40000      9.1617939E-04
  -10.39000      7.9369813E-04
  -10.38000      6.5946835E-04
  -10.37000      5.2212953E-04
  -10.36000      3.9024057E-04
  -10.35000      2.7068416E-04
  -10.34000      1.6985757E-04
  -10.33000      9.1753202E-05
  -10.32000      3.8483126E-05
  -10.31000      1.0510743E-05
  -10.30000      5.9750137E-06
  -10.29000      2.1607515E-05
  -10.28000      5.2609823E-05
  -10.27000      9.3512965E-05
  -10.26000      1.3817725E-04
  -10.25000      1.8085846E-04
  -10.24000      2.1620598E-04
  -10.23000      2.4002795E-04
  -10.22000      2.4962865E-04
  -10.21000      2.4388930E-04
  -10.20000      2.2365191E-04
  -10.19000      1.9145173E-04
  -10.18000      1.5178332E-04
  -10.17000      1.1020843E-04
  -10.16000      7.3742965E-05
  -10.15000      4.9724295E-05
  -10.14000      4.5641813E-05
  -10.13000      6.8404021E-05
  -10.12000      1.2404755E-04
  -10.11000      2.1696568E-04
  -10.10000      3.4959058E-04
  -10.09000      5.2246946E-04
  -10.08000      7.3359796E-04
  -10.07000      9.7828300E-04
  -10.06000      1.2504847E-03
  -10.05000      1.5400427E-03
  -10.04000      1.8377146E-03
  -10.03000      2.1315976E-03
  -10.02000      2.4088484E-03
  -10.01000      2.6584100E-03
  -10.00000      2.8670605E-03
  -9.990000      3.0271411E-03
  -9.980000      3.1295668E-03
  -9.970000      3.1688660E-03
  -9.960000      3.1425750E-03
  -9.950000      3.0509813E-03
  -9.940000      2.8974793E-03
  -9.930000      2.6884230E-03
  -9.920000      2.4327571E-03
  -9.910000      2.1415495E-03
  -9.900000      1.8277323E-03
  -9.890000      1.5049482E-03
  -9.880000      1.1873405E-03
  -9.870000      8.8867784E-04
  -9.860000      6.2153093E-04
  -9.850000      3.9689828E-04
  -9.840000      2.2337811E-04
  -9.830000      1.0689008E-04
  -9.820000      5.0465704E-05
  -9.810000      5.3972268E-05
  -9.800000      1.1418617E-04
  -9.790000      2.2504356E-04
  -9.780000      3.7800558E-04
  -9.770000      5.6246523E-04
  -9.760000      7.6648273E-04
  -9.750000      9.7734877E-04
  -9.740000      1.1823969E-03
  -9.730000      1.3695832E-03
  -9.720000      1.5283288E-03
  -9.710000      1.6497115E-03
  -9.700000      1.7274129E-03
  -9.690000      1.7575363E-03
  -9.680000      1.7390203E-03
  -9.670000      1.6735359E-03
  -9.660000      1.5653077E-03
  -9.650000      1.4208938E-03
  -9.640000      1.2485636E-03
  -9.630000      1.0580493E-03
  -9.620000      8.5966417E-04
  -9.610000      6.6398334E-04
  -9.600000      4.8093626E-04
  -9.590000      3.1950063E-04
  -9.580000      1.8696816E-04
  -9.570000      8.8739711E-05
  -9.560000      2.7914199E-05
  -9.550000      5.2664363E-06
  -9.540000      1.9166924E-05
  -9.530000      6.5870845E-05
  -9.520000      1.3969283E-04
  -9.510000      2.3356575E-04
  -9.500000      3.3936562E-04
  -9.490000      4.4862038E-04
  -9.480000      5.5300072E-04
  -9.470000      6.4478081E-04
  -9.460000      7.1741844E-04
  -9.450000      7.6591619E-04
  -9.440000      7.8711985E-04
  -9.430000      7.7984831E-04
  -9.420000      7.4495596E-04
  -9.410000      6.8523595E-04
  -9.400000      6.0522259E-04
  -9.390000      5.1079743E-04
  -9.380000      4.0885428E-04
  -9.370000      3.0668956E-04
  -9.360000      2.1166191E-04
  -9.350000      1.3048969E-04
  -9.340000      6.8943038E-05
  -9.330000      3.1341908E-05
  -9.320000      2.0287705E-05
  -9.310000      3.6434070E-05
  -9.300000      7.8504643E-05
  -9.290000      1.4334993E-04
  -9.280000      2.2609782E-04
  -9.270000      3.2063300E-04
  -9.260000      4.1986970E-04
  -9.250000      5.1638117E-04
  -9.240000      6.0283096E-04
  -9.230000      6.7263178E-04
  -9.220000      7.2031794E-04
  -9.210000      7.4209843E-04
  -9.200000      7.3612452E-04
  -9.190000      7.0270075E-04
  -9.180000      6.4443320E-04
  -9.170000      5.6617137E-04
  -9.160000      4.7464744E-04
  -9.150000      3.7831973E-04
  -9.140000      2.8676871E-04
  -9.130000      2.1014476E-04
  -9.120000      1.5855847E-04
  -9.110000      1.4136799E-04
  -9.100000      1.6654527E-04
  -9.090000      2.4004823E-04
  -9.080000      3.6540837E-04
  -9.070000      5.4321741E-04
  -9.060000      7.7118742E-04
  -9.050000      1.0437965E-03
  -9.040000      1.3527401E-03
  -9.030000      1.6870522E-03
  -9.020000      2.0338933E-03
  -9.010000      2.3785604E-03
  -9.000000      2.7062441E-03
  -8.990000      3.0017800E-03
  -8.980000      3.2509067E-03
  -8.970000      3.4411696E-03
  -8.960000      3.5625887E-03
  -8.950000      3.6080056E-03
  -8.940000      3.5740386E-03
  -8.930000      3.4607877E-03
  -8.920000      3.2725593E-03
  -8.910000      3.0171906E-03
  -8.900000      2.7060939E-03
  -8.890000      2.3534303E-03
  -8.880000      1.9757256E-03
  -8.870000      1.5905792E-03
  -8.860000      1.2160749E-03
  -8.850000      8.6974015E-04
  -8.840000      5.6761538E-04
  -8.830000      3.2308142E-04
  -8.820000      1.4661226E-04
  -8.810000      4.4949946E-05
  -8.800000      2.0806074E-05
  -8.790000      7.2739669E-05
  -8.780000      1.9519872E-04
  -8.770000      3.7896974E-04
  -8.760000      6.1145966E-04
  -8.750000      8.7781035E-04
  -8.740000      1.1611687E-03
  -8.730000      1.4442635E-03
  -8.720000      1.7097312E-03
  -8.710000      1.9417991E-03
  -8.700000      2.1265224E-03
  -8.690000      2.2529869E-03
  -8.680000      2.3138160E-03
  -8.670000      2.3055854E-03
  -8.660000      2.2289942E-03
  -8.650000      2.0887600E-03
  -8.640000      1.8935179E-03
  -8.630000      1.6550526E-03
  -8.620000      1.3876864E-03
  -8.610000      1.1073546E-03
  -8.600000      8.3074858E-04
  -8.590000      5.7421572E-04
  -8.580000      3.5286040E-04
  -8.570000      1.7958885E-04
  -8.560000      6.4377840E-05
  -8.550000      1.3756028E-05
  -8.540000      3.0362713E-05
  -8.530000      1.1273046E-04
  -8.520000      2.5559659E-04
  -8.510000      4.5005346E-04
  -8.500000      6.8405602E-04
  -8.490000      9.4315829E-04
  -8.480000      1.2116308E-03
  -8.470000      1.4730045E-03
  -8.460000      1.7113927E-03
  -8.450000      1.9122922E-03
  -8.440000      2.0636101E-03
  -8.430000      2.1562360E-03
  -8.420000      2.1847826E-03
  -8.410000      2.1476788E-03
  -8.400000      2.0475681E-03
  -8.390000      1.8908092E-03
  -8.380000      1.6871010E-03
  -8.370000      1.4489728E-03
  -8.360000      1.1909247E-03
  -8.350000      9.2843268E-04
  -8.340000      6.7688833E-04
  -8.330000      4.5090413E-04
  -8.320000      2.6290840E-04
  -8.310000      1.2289990E-04
  -8.300000      3.7289959E-05
  -8.290000      8.8245870E-06
  -8.280000      3.6197038E-05
  -8.270000      1.1423798E-04
  -8.260000      2.3420999E-04
  -8.250000      3.8444673E-04
  -8.240000      5.5106357E-04
  -8.230000      7.1913091E-04
  -8.220000      8.7364792E-04
  -8.210000      1.0006729E-03
  -8.200000      1.0883614E-03
  -8.190000      1.1281875E-03
  -8.180000      1.1154716E-03
  -8.170000      1.0500831E-03
  -8.160000      9.3666668E-04
  -8.150000      7.8454532E-04
  -8.140000      6.0750911E-04
  -8.130000      4.2292025E-04
  -8.120000      2.5102872E-04
  -8.110000      1.1351651E-04
  -8.100000      3.2476768E-05
  -8.090000      2.8703957E-05
  -8.080000      1.2048394E-04
  -8.070000      3.2211345E-04
  -8.060000      6.4267276E-04
  -8.050000      1.0852836E-03
  -8.040000      1.6459996E-03
  -8.030000      2.3145007E-03
  -8.020000      3.0729258E-03
  -8.010000      3.8972178E-03
  -8.000000      4.7581443E-03
  -7.990000      5.6226356E-03
  -7.980000      6.4546810E-03
  -7.970000      7.2181136E-03
  -7.960000      7.8778239E-03
  -7.950000      8.4024696E-03
  -7.940000      8.7652346E-03
  -7.930000      8.9467959E-03
  -7.920000      8.9351768E-03
  -7.910000      8.7278634E-03
  -7.900000      8.3309794E-03
  -7.890000      7.7601518E-03
  -7.880000      7.0400313E-03
  -7.870000      6.2029222E-03
  -7.860000      5.2865320E-03
  -7.850000      4.3340521E-03
  -7.840000      3.3898905E-03
  -7.830000      2.4993022E-03
  -7.820000      1.7048493E-03
  -7.810000      1.0443985E-03
  -7.800000      5.4870098E-04
  -7.790000      2.4043302E-04
  -7.780000      1.3159571E-04
  -7.770000      2.2366061E-04
  -7.760000      5.0700566E-04
  -7.750000      9.6116803E-04
  -7.740000      1.5561915E-03
  -7.730000      2.2539694E-03
  -7.720000      3.0103524E-03
  -7.710000      3.7776763E-03
  -7.700000      4.5081633E-03
  -7.690000      5.1550185E-03
  -7.680000      5.6771715E-03
  -7.670000      6.0400893E-03
  -7.660000      6.2188809E-03
  -7.650000      6.2000761E-03
  -7.640000      5.9825354E-03
  -7.630000      5.5775456E-03
  -7.620000      5.0092759E-03
  -7.610000      4.3131751E-03
  -7.600000      3.5347901E-03
  -7.590000      2.7269449E-03
  -7.580000      1.9476868E-03
  -7.570000      1.2556325E-03
  -7.560000      7.0795976E-04
  -7.550000      3.5577043E-04
  -7.540000      2.4122059E-04
  -7.530000      3.9478927E-04
  -7.520000      8.3217269E-04
  -7.510000      1.5536678E-03
  -7.500000      2.5422284E-03
  -7.490000      3.7648091E-03
  -7.480000      5.1718769E-03
  -7.470000      6.7015062E-03
  -7.460000      8.2801655E-03
  -7.450000      9.8279603E-03
  -7.440000      1.1261127E-02
  -7.430000      1.2498267E-02
  -7.420000      1.3463384E-02
  -7.410000      1.4092686E-02
  -7.400000      1.4336622E-02
  -7.390000      1.4165885E-02
  -7.380000      1.3573621E-02
  -7.370000      1.2577244E-02
  -7.360000      1.1221596E-02
  -7.350000      9.5762843E-03
  -7.340000      7.7374582E-03
  -7.330000      5.8222129E-03
  -7.320000      3.9670863E-03
  -7.310000      2.3211769E-03
  -7.300000      1.0424547E-03
  -7.290000      2.8978006E-04
  -7.280000      2.1703825E-04
  -7.270000      9.6632080E-04
  -7.260000      2.6617481E-03
  -7.250000      5.4022288E-03
  -7.240000      9.2598293E-03
  -7.230000      1.4269270E-02
  -7.220000      2.0435465E-02
  -7.210000      2.7720144E-02
  -7.200000      3.6048871E-02
  -7.190000      4.5309987E-02
  -7.180000      5.5354971E-02
  -7.170000      6.6002272E-02
  -7.160000      7.7051446E-02
  -7.150000      8.8272482E-02
  -7.140000      9.9428535E-02
  -7.130000      0.1102687    
  -7.120000      0.1205590    
  -7.110000      0.1300617    
  -7.100000      0.1385664    
  -7.090000      0.1458825    
  -7.080000      0.1518504    
  -7.070000      0.1563500    
  -7.060000      0.1592977    
  -7.050000      0.1606508    
  -7.040000      0.1604056    
  -7.030000      0.1585984    
  -7.020000      0.1552997    
  -7.010000      0.1506120    
  -7.000000      0.1446730    
  -6.990000      0.1376395    
  -6.980000      0.1296839    
  -6.970000      0.1209954    
  -6.960000      0.1117642    
  -6.950000      0.1021846    
  -6.940000      9.2449449E-02
  -6.930000      8.2735263E-02
  -6.920000      7.3208876E-02
  -6.910000      6.4017728E-02
  -6.900000      5.5291854E-02
  -6.890000      4.7130041E-02
  -6.880000      3.9617967E-02
  -6.870000      3.2806695E-02
  -6.860000      2.6730241E-02
  -6.850000      2.1397568E-02
  -6.840000      1.6798347E-02
  -6.830000      1.2903799E-02
  -6.820000      9.6724248E-03
  -6.810000      7.0483596E-03
  -6.800000      4.9710404E-03
  -6.790000      3.3726841E-03
  -6.780000      2.1856970E-03
  -6.770000      1.3416510E-03
  -6.760000      7.7616551E-04
  -6.750000      4.2922609E-04
  -6.740000      2.4685953E-04
  -6.730000      1.8184412E-04
  -6.720000      1.9450176E-04
  -6.710000      2.5247323E-04
  -6.700000      3.3047266E-04
  -6.690000      4.0980443E-04
  -6.680000      4.7769354E-04
  -6.670000      5.2643544E-04
  -6.660000      5.5246946E-04
  -6.650000      5.5548036E-04
  -6.640000      5.3745875E-04
  -6.630000      5.0197495E-04
  -6.620000      4.5337225E-04
  -6.610000      3.9630287E-04
  -6.600000      3.3519053E-04
  -6.590000      2.7404266E-04
  -6.580000      2.1610729E-04
  -6.570000      1.6393003E-04
  -6.560000      1.1930253E-04
  -6.550000      8.3317951E-05
  -6.540000      5.6448134E-05
  -6.530000      3.8713406E-05
  -6.520000      2.9743485E-05
  -6.510000      2.8902603E-05
  -6.500000      3.5353394E-05
  -6.490000      4.8128109E-05
  -6.480000      6.6159591E-05
  -6.470000      8.8288885E-05
  -6.460000      1.1329315E-04
  -6.450000      1.3986308E-04
  -6.440000      1.6663008E-04
  -6.430000      1.9215862E-04
  -6.420000      2.1500113E-04
  -6.410000      2.3374248E-04
  -6.400000      2.4707630E-04
  -6.390000      2.5387167E-04
  -6.380000      2.5327582E-04
  -6.370000      2.4482404E-04
  -6.360000      2.2852505E-04
  -6.350000      2.0494181E-04
  -6.340000      1.7524029E-04
  -6.330000      1.4121062E-04
  -6.320000      1.0526444E-04
  -6.310000      7.0346039E-05
  -6.300000      3.9865125E-05
  -6.290000      1.7506805E-05
  -6.280000      7.1005429E-06
  -6.270000      1.2336722E-05
  -6.260000      3.6591831E-05
  -6.250000      8.2711005E-05
  -6.240000      1.5271237E-04
  -6.230000      2.4772342E-04
  -6.220000      3.6772361E-04
  -6.210000      5.1152840E-04
  -6.200000      6.7669613E-04
  -6.190000      8.5978874E-04
  -6.180000      1.0561486E-03
  -6.170000      1.2604675E-03
  -6.160000      1.4666658E-03
  -6.150000      1.6684409E-03
  -6.140000      1.8593409E-03
  -6.130000      2.0332602E-03
  -6.120000      2.1845840E-03
  -6.110000      2.3085936E-03
  -6.100000      2.4014113E-03
  -6.090000      2.4605789E-03
  -6.080000      2.4847626E-03
  -6.070000      2.4740533E-03
  -6.060000      2.4298949E-03
  -6.050000      2.3548964E-03
  -6.040000      2.2527508E-03
  -6.030000      2.1279524E-03
  -6.020000      1.9855574E-03
  -6.010000      1.8310227E-03
  -6.000000      1.6697285E-03
  -5.990000      1.5067820E-03
  -5.980000      1.3467621E-03
  -5.970000      1.1935736E-03
  -5.960000      1.0501801E-03
  -5.950000      9.1871695E-04
  -5.940000      8.0032909E-04
  -5.930000      6.9538056E-04
  -5.920000      6.0336594E-04
  -5.910000      5.2333181E-04
  -5.900000      4.5384793E-04
  -5.890000      3.9338309E-04
  -5.880000      3.4040882E-04
  -5.870000      2.9361781E-04
  -5.860000      2.5203958E-04
  -5.850000      2.1519174E-04
  -5.840000      1.8306127E-04
  -5.830000      1.5618016E-04
  -5.820000      1.3547875E-04
  -5.810000      1.2222624E-04
  -5.800000      1.1782100E-04
  -5.790000      1.2365378E-04
  -5.780000      1.4086951E-04
  -5.770000      1.7020044E-04
  -5.760000      2.1180362E-04
  -5.750000      2.6508785E-04
  -5.740000      3.2872762E-04
  -5.730000      4.0054249E-04
  -5.720000      4.7763452E-04
  -5.710000      5.5645476E-04
  -5.700000      6.3305296E-04
  -5.690000      7.0320891E-04
  -5.680000      7.6273904E-04
  -5.670000      8.0778601E-04
  -5.660000      8.3507487E-04
  -5.650000      8.4224035E-04
  -5.640000      8.2793989E-04
  -5.630000      7.9207757E-04
  -5.620000      7.3595089E-04
  -5.610000      6.6210749E-04
  -5.600000      5.7442219E-04
  -5.590000      4.7786382E-04
  -5.580000      3.7820567E-04
  -5.570000      2.8164280E-04
  -5.560000      1.9456820E-04
  -5.550000      1.2297963E-04
  -5.540000      7.2206109E-05
  -5.530000      4.6444278E-05
  -5.520000      4.8475875E-05
  -5.510000      7.9415302E-05
  -5.500000      1.3859516E-04
  -5.490000      2.2354398E-04
  -5.480000      3.3006581E-04
  -5.470000      4.5248700E-04
  -5.460000      5.8391941E-04
  -5.450000      7.1666937E-04
  -5.440000      8.4276008E-04
  -5.430000      9.5437025E-04
  -5.420000      1.0443416E-03
  -5.410000      1.1067978E-03
  -5.400000      1.1373054E-03
  -5.390000      1.1335014E-03
  -5.380000      1.0951633E-03
  -5.370000      1.0243484E-03
  -5.360000      9.2536397E-04
  -5.350000      8.0452772E-04
  -5.340000      6.6973426E-04
  -5.330000      5.3013652E-04
  -5.320000      3.9537522E-04
  -5.310000      2.7514939E-04
  -5.300000      1.7837835E-04
  -5.290000      1.1280787E-04
  -5.280000      8.4256775E-05
  -5.270000      9.6401120E-05
  -5.260000      1.5041666E-04
  -5.250000      2.4484805E-04
  -5.240000      3.7577734E-04
  -5.230000      5.3685193E-04
  -5.220000      7.1997475E-04
  -5.210000      9.1546582E-04
  -5.200000      1.1131294E-03
  -5.190000      1.3025481E-03
  -5.180000      1.4742757E-03
  -5.170000      1.6201485E-03
  -5.160000      1.7343208E-03
  -5.150000      1.8135337E-03
  -5.140000      1.8575885E-03
  -5.130000      1.8696029E-03
  -5.120000      1.8558053E-03
  -5.110000      1.8252134E-03
  -5.100000      1.7892482E-03
  -5.090000      1.7608327E-03
  -5.080000      1.7536327E-03
  -5.070000      1.7811268E-03
  -5.060000      1.8554432E-03
  -5.050000      1.9865285E-03
  -5.040000      2.1811773E-03
  -5.030000      2.4424146E-03
  -5.020000      2.7687347E-03
  -5.010000      3.1542261E-03
  -5.000000      3.5880106E-03
  -4.990000      4.0552798E-03
  -4.980000      4.5368955E-03
  -4.970000      5.0111832E-03
  -4.960000      5.4543158E-03
  -4.950000      5.8425511E-03
  -4.940000      6.1525474E-03
  -4.930000      6.3637998E-03
  -4.920000      6.4594159E-03
  -4.910000      6.4276126E-03
  -4.900000      6.2628458E-03
  -4.890000      5.9664464E-03
  -4.880000      5.5467826E-03
  -4.870000      5.0190943E-03
  -4.860000      4.4051912E-03
  -4.850000      3.7318061E-03
  -4.840000      3.0303563E-03
  -4.830000      2.3345477E-03
  -4.820000      1.6787854E-03
  -4.810000      1.0965971E-03
  -4.800000      6.1839673E-04
  -4.790000      2.6971666E-04
  -4.780000      7.0178328E-05
  -4.770000      3.1641477E-05
  -4.760000      1.5745933E-04
  -4.750000      4.4201015E-04
  -4.740000      8.7076920E-04
  -4.730000      1.4206266E-03
  -4.720000      2.0613030E-03
  -4.710000      2.7565688E-03
  -4.700000      3.4666297E-03
  -4.690000      4.1499753E-03
  -4.680000      4.7665657E-03
  -4.670000      5.2789445E-03
  -4.660000      5.6564170E-03
  -4.650000      5.8754170E-03
  -4.640000      5.9217354E-03
  -4.630000      5.7913074E-03
  -4.620000      5.4904842E-03
  -4.610000      5.0363019E-03
  -4.600000      4.4549233E-03
  -4.590000      3.7809035E-03
  -4.580000      3.0546240E-03
  -4.570000      2.3210726E-03
  -4.560000      1.6259814E-03
  -4.550000      1.0143787E-03
  -4.540000      5.2675908E-04
  -4.530000      1.9746757E-04
  -4.520000      5.1594845E-05
  -4.510000      1.0390220E-04
  -4.500000      3.5702574E-04
  -4.490000      8.0154079E-04
  -4.480000      1.4156614E-03
  -4.470000      2.1672081E-03
  -4.460000      3.0145252E-03
  -4.450000      3.9096358E-03
  -4.440000      4.8011765E-03
  -4.430000      5.6365407E-03
  -4.420000      6.3664680E-03
  -4.410000      6.9468305E-03
  -4.400000      7.3424610E-03
  -4.390000      7.5285942E-03
  -4.380000      7.4925818E-03
  -4.370000      7.2352197E-03
  -4.360000      6.7706308E-03
  -4.350000      6.1253873E-03
  -4.340000      5.3378185E-03
  -4.330000      4.4545676E-03
  -4.320000      3.5298516E-03
  -4.310000      2.6197904E-03
  -4.300000      1.7811869E-03
  -4.290000      1.0657511E-03
  -4.280000      5.1808072E-04
  -4.270000      1.7184067E-04
  -4.260000      4.7458696E-05
  -4.250000      1.5026494E-04
  -4.240000      4.6991021E-04
  -4.230000      9.8125497E-04
  -4.220000      1.6450342E-03
  -4.210000      2.4111171E-03
  -4.200000      3.2212238E-03
  -4.190000      4.0133549E-03
  -4.180000      4.7254958E-03
  -4.170000      5.3003365E-03
  -4.160000      5.6895148E-03
  -4.150000      5.8572832E-03
  -4.140000      5.7842545E-03
  -4.130000      5.4696128E-03
  -4.120000      4.9319253E-03
  -4.110000      4.2104959E-03
  -4.100000      3.3633676E-03
  -4.090000      2.4651110E-03
  -4.080000      1.6033512E-03
  -4.070000      8.7321579E-04
  -4.060000      3.7167195E-04
  -4.050000      1.9113859E-04
  -4.040000      4.1290396E-04
  -4.030000      1.1004172E-03
  -4.020000      2.2955334E-03
  -4.010000      4.0116184E-03
  -4.000000      6.2333927E-03
  -3.990000      8.9142313E-03
  -3.980000      1.1978935E-02
  -3.970000      1.5321687E-02
  -3.960000      1.8817816E-02
  -3.950000      2.2320786E-02
  -3.940000      2.5675338E-02
  -3.930000      2.8721340E-02
  -3.920000      3.1305350E-02
  -3.910000      3.3285730E-02
  -3.900000      3.4548126E-02
  -3.890000      3.5005823E-02
  -3.880000      3.4612220E-02
  -3.870000      3.3363260E-02
  -3.860000      3.1300884E-02
  -3.850000      2.8513400E-02
  -3.840000      2.5133530E-02
  -3.830000      2.1330198E-02
  -3.820000      1.7301736E-02
  -3.810000      1.3265534E-02
  -3.800000      9.4422046E-03
  -3.790000      6.0509806E-03
  -3.780000      3.2901715E-03
  -3.770000      1.3275507E-03
  -3.760000      2.9060859E-04
  -3.750000      2.5883046E-04
  -3.740000      1.2562571E-03
  -3.730000      3.2508788E-03
  -3.720000      6.1505516E-03
  -3.710000      9.8107904E-03
  -3.700000      1.4034596E-02
  -3.690000      1.8588677E-02
  -3.680000      2.3206566E-02
  -3.670000      2.7613707E-02
  -3.660000      3.1534646E-02
  -3.650000      3.4713648E-02
  -3.640000      3.6934588E-02
  -3.630000      3.8032953E-02
  -3.620000      3.7911449E-02
  -3.610000      3.6548387E-02
  -3.600000      3.4004904E-02
  -3.590000      3.0422188E-02
  -3.580000      2.6019340E-02
  -3.570000      2.1080881E-02
  -3.560000      1.5948631E-02
  -3.550000      1.0997418E-02
  -3.540000      6.6219638E-03
  -3.530000      3.2100189E-03
  -3.520000      1.1237495E-03
  -3.510000      6.7392655E-04
  -3.500000      2.1009410E-03
  -3.490000      5.5495594E-03
  -3.480000      1.1059211E-02
  -3.470000      1.8548287E-02
  -3.460000      2.7804052E-02
  -3.450000      3.8490590E-02
  -3.440000      5.0152112E-02
  -3.430000      6.2237047E-02
  -3.420000      7.4121036E-02
  -3.410000      8.5138544E-02
  -3.400000      9.4627187E-02
  -3.390000      0.1019605    
  -3.380000      0.1066049    
  -3.370000      0.1081421    
  -3.360000      0.1063166    
  -3.350000      0.1010649    
  -3.340000      9.2531338E-02
  -3.330000      8.1103787E-02
  -3.320000      6.7395456E-02
  -3.310000      5.2275669E-02
  -3.300000      3.6843020E-02
  -3.290000      2.2414414E-02
  -3.280000      1.0472236E-02
  -3.270000      2.6544319E-03
  -3.260000      6.6777039E-04
  -3.250000      6.2353797E-03
  -3.240000      2.1010239E-02
  -3.230000      4.6501588E-02
  -3.220000      8.3992563E-02
  -3.210000      0.1344703    
  -3.200000      0.1985475    
  -3.190000      0.2764591    
  -3.180000      0.3680346    
  -3.170000      0.4726444    
  -3.160000      0.5891721    
  -3.150000      0.7162358    
  -3.140000      0.8519804    
  -3.130000      0.9942657    
  -3.120000       1.140657    
  -3.110000       1.288385    
  -3.100000       1.434521    
  -3.090000       1.576009    
  -3.080000       1.709696    
  -3.070000       1.832522    
  -3.060000       1.941422    
  -3.050000       2.033674    
  -3.040000       2.106835    
  -3.030000       2.158964    
  -3.020000       2.188714    
  -3.010000       2.195340    
  -3.000000       2.178788    
  -2.990000       2.139671    
  -2.980000       2.079154    
  -2.970000       1.999041    
  -2.960000       1.901613    
  -2.950000       1.789378    
  -2.940000       1.665207    
  -2.930000       1.531908    
  -2.920000       1.392455    
  -2.910000       1.249701    
  -2.900000       1.106447    
  -2.890000      0.9652835    
  -2.880000      0.8286044    
  -2.870000      0.6986049    
  -2.860000      0.5771515    
  -2.850000      0.4658495    
  -2.840000      0.3659747    
  -2.830000      0.2783508    
  -2.820000      0.2035017    
  -2.810000      0.1415233    
  -2.800000      9.2092447E-02
  -2.790000      5.4541521E-02
  -2.780000      2.7905378E-02
  -2.770000      1.0967646E-02
  -2.760000      2.3332131E-03
  -2.750000      5.1849766E-04
  -2.740000      4.0110056E-03
  -2.730000      1.1335804E-02
  -2.720000      2.1112876E-02
  -2.710000      3.2081868E-02
  -2.700000      4.3153960E-02
  -2.690000      5.3407896E-02
  -2.680000      6.2116001E-02
  -2.670000      6.8745814E-02
  -2.660000      7.2968282E-02
  -2.650000      7.4635975E-02
  -2.640000      7.3777542E-02
  -2.630000      7.0587918E-02
  -2.620000      6.5393105E-02
  -2.610000      5.8621738E-02
  -2.600000      5.0762303E-02
  -2.590000      4.2329863E-02
  -2.580000      3.3819508E-02
  -2.570000      2.5684489E-02
  -2.560000      1.8306958E-02
  -2.550000      1.1986562E-02
  -2.540000      6.9331266E-03
  -2.530000      3.2613594E-03
  -2.520000      1.0017575E-03
  -2.510000      1.0404276E-04
  -2.500000      4.4727346E-04
  -2.490000      1.8533081E-03
  -2.480000      4.0970854E-03
  -2.470000      6.9250977E-03
  -2.460000      1.0067814E-02
  -2.450000      1.3259175E-02
  -2.440000      1.6251646E-02
  -2.430000      1.8834351E-02
  -2.420000      2.0841530E-02
  -2.410000      2.2162575E-02
  -2.400000      2.2743296E-02
  -2.390000      2.2585358E-02
  -2.380000      2.1738097E-02
  -2.370000      2.0290423E-02
  -2.360000      1.8360671E-02
  -2.350000      1.6082710E-02
  -2.340000      1.3600643E-02
  -2.330000      1.1057048E-02
  -2.320000      8.5871229E-03
  -2.310000      6.3086138E-03
  -2.300000      4.3227347E-03
  -2.290000      2.7031561E-03
  -2.280000      1.4971659E-03
  -2.270000      7.2075374E-04
  -2.260000      3.6016197E-04
  -2.250000      3.7295968E-04
  -2.240000      6.9319719E-04
  -2.230000      1.2387044E-03
  -2.220000      1.9193757E-03
  -2.210000      2.6433056E-03
  -2.200000      3.3218809E-03
  -2.190000      3.8840726E-03
  -2.180000      4.2785527E-03
  -2.170000      4.4674715E-03
  -2.160000      4.4318968E-03
  -2.150000      4.1743289E-03
  -2.140000      3.7182455E-03
  -2.130000      3.1104027E-03
  -2.120000      2.4074910E-03
  -2.110000      1.6871367E-03
  -2.100000      1.0324160E-03
  -2.090000      5.1695050E-04
  -2.080000      2.1348536E-04
  -2.070000      1.8627994E-04
  -2.060000      4.7731717E-04
  -2.050000      1.0925489E-03
  -2.040000      2.0026069E-03
  -2.030000      3.1994104E-03
  -2.020000      4.7388980E-03
  -2.010000      6.6760420E-03
  -2.000000      9.0217581E-03
  -1.990000      1.1508221E-02
  -1.980000      1.3404861E-02
  -1.970000      1.4365609E-02
  -1.960000      1.5216114E-02
  -1.950000      1.6764626E-02
  -1.940000      1.8417485E-02
  -1.930000      1.9061625E-02
  -1.920000      1.8158577E-02
  -1.910000      1.6601963E-02
  -1.900000      1.5141787E-02
  -1.890000      1.4155081E-02
  -1.880000      1.3690099E-02
  -1.870000      1.2918144E-02
  -1.860000      1.1083401E-02
  -1.850000      8.0345841E-03
  -1.840000      5.6958073E-03
  -1.830000      4.7983653E-03
  -1.820000      3.0868161E-03
  -1.810000      1.8324340E-03
  -1.800000      1.2100438E-03
  -1.790000      5.6723342E-04
  -1.780000      4.2411886E-04
  -1.770000      6.3724769E-04
  -1.760000      7.7521423E-04
  -1.750000      1.2611781E-03
  -1.740000      2.6051854E-03
  -1.730000      4.6032267E-03
  -1.720000      6.4589926E-03
  -1.710000      9.4343498E-03
  -1.700000      1.3173520E-02
  -1.690000      1.3516285E-02
  -1.680000      8.6495467E-03
  -1.670000      4.9986974E-03
  -1.660000      4.3355711E-03
  -1.650000      4.3908558E-03
  -1.640000      4.1755182E-03
  -1.630000      3.0515846E-03
  -1.620000      2.3396027E-03
  -1.610000      2.6751184E-03
  -1.600000      4.0890514E-03
  -1.590000      4.9602585E-03
  -1.580000      6.1370879E-03
  -1.570000      1.0161073E-02
  -1.560000      1.0326098E-02
  -1.550000      4.2336062E-03
  -1.540000      1.5337521E-03
  -1.530000      1.1175370E-03
  -1.520000      9.6552545E-04
  -1.510000      1.0597885E-03
  -1.500000      1.7712032E-03
  -1.490000      2.1317112E-03
  -1.480000      1.9529340E-03
  -1.470000      1.4561808E-03
  -1.460000      1.0856263E-03
  -1.450000      9.0803928E-04
  -1.440000      9.6987147E-04
  -1.430000      1.0421259E-03
  -1.420000      7.8530458E-04
  -1.410000      7.4953039E-04
  -1.400000      9.6761383E-04
  -1.390000      1.5657828E-03
  -1.380000      1.7150776E-03
  -1.370000      1.0323124E-03
  -1.360000      9.7735273E-04
  -1.350000      1.8191343E-03
  -1.340000      4.5561623E-03
  -1.330000      6.6637313E-03
  -1.320000      4.2043696E-03
  -1.310000      2.0517854E-03
  -1.300000      1.4182965E-03
  -1.290000      1.0152524E-03
  -1.280000      4.3661232E-04
  -1.270000      1.1886735E-04
  -1.260000      5.5403441E-05
  -1.250000      3.7885373E-05
  -1.240000      2.7867674E-05
  -1.230000      2.0254107E-05
  -1.220000      1.6045477E-05
  -1.210000      1.8356104E-05
  -1.200000      2.5421830E-05
  -1.190000      3.6172081E-05
  -1.180000      5.0848572E-05
  -1.170000      7.0385686E-05
  -1.160000      9.5215255E-05
  -1.150000      1.0459724E-04
  -1.140000      1.2861454E-04
  -1.130000      8.8250541E-05
  -1.120000     -2.3740834E-04
  -1.110000      1.5634252E-04
  -1.100000      1.6544653E-02
  -1.090000      6.1082114E-02
  -1.080000      4.7074538E-02
  -1.070000      3.3273913E-02
  -1.060000      1.4642207E-02
  -1.050000      1.4934475E-03
  -1.040000      9.2597576E-05
  -1.030000      2.5204525E-04
  -1.020000      1.7217486E-03
  -1.010000      2.8580027E-03
  -1.000000      3.6529857E-03
 -0.9900000      2.0622143E-03
 -0.9800000      1.0492735E-03
 -0.9700000      1.4448878E-03
 -0.9600000      3.6314887E-03
 -0.9500000      3.8358602E-03
 -0.9400000      9.2620216E-04
 -0.9300000      1.7728558E-04
 -0.9200000      1.9557371E-04
 -0.9100000      4.7723443E-04
 -0.9000000      4.6855601E-04
 -0.8900000      1.7607697E-04
 -0.8800000      4.1749910E-04
 -0.8700000      6.1331276E-04
 -0.8600000      1.4009385E-04
 -0.8500000      9.3135859E-05
 -0.8400000      1.0852459E-04
 -0.8300000      2.9017820E-04
 -0.8200000      3.6401855E-04
 -0.8100000      8.2328908E-05
 -0.8000000      5.1331870E-05
 -0.7900000      3.2012187E-05
 -0.7800000      3.9236184E-05
 -0.7700000      3.8636477E-05
 -0.7600000      3.3827906E-05
 -0.7500000      2.7030550E-05
 -0.7400000      2.9574569E-05
 -0.7300000      7.6462820E-05
 -0.7200000      1.2701783E-04
 -0.7100000      5.6638044E-05
 -0.7000000      4.9524948E-05
 -0.6900000      4.2073258E-05
 -0.6800000      4.5311746E-05
 -0.6700000      6.0110204E-05
 -0.6600000      4.6335575E-05
 -0.6500000      3.9920738E-05
 -0.6400000      3.8624061E-05
 -0.6300000      3.5962057E-05
 -0.6200000      3.6543581E-05
 -0.6100000      4.1441108E-05
 -0.6000000      2.3893241E-05
 -0.5900000      3.5143908E-05
 -0.5800000      5.8572536E-04
 -0.5700000      8.1328693E-04
 -0.5600000      9.9616977E-05
 -0.5500000     -8.0928094E-06
 -0.5400000      2.6622540E-05
 -0.5300000      9.5335323E-05
 -0.5200000      3.0411689E-05
 -0.5100000      4.8140282E-06
 -0.5000000      5.7929810E-05
 -0.4900000      4.3631936E-04
 -0.4800000      3.8072289E-04
 -0.4700000      8.2086510E-05
 -0.4600000      4.4828746E-05
 -0.4500000      5.8713737E-05
 -0.4400000      1.6462812E-04
 -0.4300000      4.4409410E-04
 -0.4200000      6.1266613E-04
 -0.4100000      2.9410495E-04
 -0.4000000      8.9441957E-05
 -0.3900000      6.6212131E-05
 -0.3800000      5.7697816E-05
 -0.3700000      2.7717992E-05
 -0.3600000      6.6791523E-05
 -0.3500000      1.4739220E-03
 -0.3400000      4.6188906E-03
 -0.3300000      1.4043627E-03
 -0.3200000      1.0931659E-05
 -0.3100000     -2.9123601E-05
 -0.3000000     -4.1963884E-07
 -0.2900000      5.4429775E-06
 -0.2800000      4.9142714E-06
 -0.2700000      8.2347706E-06
 -0.2600000      1.1735106E-05
 -0.2500000      1.6809732E-05
 -0.2400000      2.3708026E-05
 -0.2300000      3.2312659E-05
 -0.2200000      4.1959916E-05
 -0.2100000      5.2002375E-05
 -0.2000000      6.2226754E-05
 -0.1900000      7.1126073E-05
 -0.1800000      7.7769910E-05
 -0.1700000      8.2573308E-05
 -0.1600000      8.5100859E-05
 -0.1500000      8.5497042E-05
 -0.1400000      8.4497580E-05
 -0.1300000      8.2026214E-05
 -0.1200000      7.8265926E-05
 -0.1100000      7.3633208E-05
 -0.1000000      6.8244794E-05
 -9.0000004E-02  6.2300969E-05
 -7.9999998E-02  5.6071985E-05
 -7.0000000E-02  4.8619659E-05
 -5.9999999E-02  4.2057040E-05
 -5.0000001E-02  3.1803378E-05
 -3.9999999E-02  1.0710053E-05
 -2.9999999E-02  4.9424620E-05
 -2.0000000E-02  1.0212722E-03
 -9.9999998E-03  2.1989832E-03
  0.0000000E+00  4.9806392E-04
  9.9999998E-03  8.2997585E-06
  2.0000000E-02  2.8186798E-06
  2.9999999E-02  1.8075265E-05
  3.9999999E-02  2.3352866E-05
  5.0000001E-02  2.9261493E-05
  5.9999999E-02  5.7610003E-05
  7.0000000E-02  1.9695063E-04
  7.9999998E-02  2.2985066E-04
  9.0000004E-02  1.3738907E-04
  0.1000000      5.9632199E-05
  0.1100000      4.6844412E-05
  0.1200000      4.5630240E-05
  0.1300000      7.4822652E-05
  0.1400000      3.2463798E-04
  0.1500000      4.7036374E-04
  0.1600000      9.3287803E-05
  0.1700000      2.4386718E-05
  0.1800000      2.3735307E-05
  0.1900000      7.0869901E-05
  0.2000000      9.9071629E-05
  0.2100000      1.8282915E-05
  0.2200000     -2.0435104E-06
  0.2300000      6.0234815E-06
  0.2400000      2.2821507E-04
  0.2500000      3.9157583E-04
  0.2600000      5.4795917E-05
  0.2700000      1.9294335E-05
  0.2800000      1.1388154E-04
  0.2900000      1.6041701E-04
  0.3000000      9.5089992E-05
  0.3100000      8.6785993E-05
  0.3200000      2.5773843E-04
  0.3300000      2.7210912E-04
  0.3400000      1.4349795E-04
  0.3500000      2.8389718E-04
  0.3600000      1.5072573E-03
  0.3700000      8.8049890E-04
  0.3800000      1.3581132E-04
  0.3900000      1.7024546E-04
  0.4000000      3.6414908E-04
  0.4100000      1.6748683E-04
  0.4200000      3.7816240E-04
  0.4300000      5.7827262E-04
  0.4400000      7.7714125E-05
  0.4500000      8.0519789E-07
  0.4600000     -3.3929720E-07
  0.4700000      8.0966047E-06
  0.4800000      3.4673849E-05
  0.4900000      5.6922763E-05
  0.5000000      1.0199804E-04
  0.5100000      1.6537406E-04
  0.5200000      1.8973545E-04
  0.5300000      3.7350436E-04
  0.5400000      3.5436783E-04
  0.5500000      1.3195367E-03
  0.5600000      4.4182334E-03
  0.5700000      1.4300683E-03
  0.5800000      6.7001983E-04
  0.5900000      8.8181021E-04
  0.6000000      4.1778994E-04
  0.6100000      3.4186625E-04
  0.6200000      1.3655978E-03
  0.6300000      2.5261962E-03
  0.6400000      6.4852991E-04
  0.6500000      2.1823235E-04
  0.6600000      2.9743573E-04
  0.6700000      4.9581274E-04
  0.6800000      4.7464686E-04
  0.6900000      3.6880482E-04
  0.7000000      1.8022544E-04
  0.7100000      1.2969620E-04
  0.7200000      1.3004155E-04
  0.7300000      2.6391374E-04
  0.7400000      6.7607494E-04
  0.7500000      7.7158317E-04
  0.7600000      8.0036616E-04
  0.7700000      6.9986627E-04
  0.7800000      8.6229859E-04
  0.7900000      1.1184074E-03
  0.8000000      1.6069210E-03
  0.8100000      2.1294353E-03
  0.8200000      2.7269474E-03
  0.8300000      4.4685407E-03
  0.8400000      8.4468126E-03
  0.8500000      1.3681445E-02
  0.8600000      2.3970878E-02
  0.8700000      7.6618809E-03
  0.8800000      2.3121161E-03
  0.8900000      2.2720865E-03
  0.9000000      4.0508755E-03
  0.9100000      6.6087958E-03
  0.9200000      1.1046694E-02
  0.9300000      1.0527377E-02
  0.9400000      1.3842340E-02
  0.9500000      2.1943560E-02
  0.9600000      3.2557208E-02
  0.9700000      8.3558783E-02
  0.9800000      5.8937442E-02
  0.9900000      1.8279636E-02
   1.000000      1.0184117E-02
   1.010000      7.5024692E-03
   1.020000      6.2971362E-03
   1.030000      9.0307118E-03
   1.040000      3.7731867E-02
   1.050000      4.3626815E-02
   1.060000      3.5264220E-02
   1.070000      4.0151708E-02
   1.080000      2.2810221E-02
   1.090000      2.5557825E-02
   1.100000      1.2306637E-02
   1.110000      2.1775972E-02
   1.120000      2.8428283E-02
   1.130000      0.2072842    
   1.140000      0.2864739    
   1.150000      6.2704161E-02
   1.160000      9.6322142E-02
   1.170000      0.2565507    
   1.180000      9.8993227E-02
   1.190000      1.1801567E-02
   1.200000      4.5050411E-03
   1.210000      5.7287747E-03
   1.220000      8.5522719E-03
   1.230000      1.2545030E-02
   1.240000      1.8567748E-02
   1.250000      2.6585374E-02
   1.260000      1.6776649E-02
   1.270000      7.6727844E-03
   1.280000      7.9394476E-03
   1.290000      3.5958700E-02
   1.300000      0.1114004    
   1.310000      0.1016131    
   1.320000      4.8578881E-02
   1.330000      2.4180502E-02
   1.340000      9.0615973E-03
   1.350000      4.2559016E-03
   1.360000      3.8206743E-03
   1.370000      3.4175415E-03
   1.380000      3.6801090E-03
   1.390000      6.5343990E-03
   1.400000      2.0017177E-02
   1.410000      4.2988889E-02
   1.420000      4.6030957E-02
   1.430000      2.3492698E-02
   1.440000      7.9483194E-03
   1.450000      4.2272443E-03
   1.460000      3.1803460E-03
   1.470000      2.8695627E-03
   1.480000      2.4158503E-03
   1.490000      2.3304943E-03
   1.500000      2.6465161E-03
   1.510000      5.5973898E-03
   1.520000      1.1432421E-02
   1.530000      1.3481536E-02
   1.540000      7.8890324E-03
   1.550000      3.7367528E-03
   1.560000      2.9578339E-03
   1.570000      2.3856566E-03
   1.580000      2.1470382E-03
   1.590000      2.3159890E-03
   1.600000      2.5167151E-03
   1.610000      4.1233199E-03
   1.620000      6.4874203E-03
   1.630000      9.8023219E-03
   1.640000      1.3857420E-02
   1.650000      1.3206585E-02
   1.660000      1.1388203E-02
   1.670000      1.4769799E-02
   1.680000      2.1481033E-02
   1.690000      2.3431722E-02
   1.700000      1.5134516E-02
   1.710000      5.8943559E-03
   1.720000      2.4161276E-03
   1.730000      1.7508822E-03
   1.740000      1.3372686E-03
   1.750000      1.3503761E-03
   1.760000      1.7647537E-03
   1.770000      1.8213881E-03
   1.780000      1.4351866E-03
   1.790000      1.0016860E-03
   1.800000      8.7316328E-04
   1.810000      1.3838356E-03
   1.820000      2.3734877E-03
   1.830000      3.6350924E-03
   1.840000      5.6022336E-03
   1.850000      7.1833599E-03
   1.860000      7.2468198E-03
   1.870000      6.4630280E-03
   1.880000      6.4581358E-03
   1.890000      7.4975980E-03
   1.900000      9.0333037E-03
   1.910000      1.0748912E-02
   1.920000      1.1783607E-02
   1.930000      1.1115415E-02
   1.940000      9.6948948E-03
   1.950000      8.7050227E-03
   1.960000      8.1087053E-03
   1.970000      7.6730712E-03
   1.980000      7.6151276E-03
   1.990000      7.8929942E-03
   2.000000      7.9467408E-03
   2.010000      7.4559585E-03
   2.020000      6.7249630E-03
   2.030000      6.3284459E-03
   2.040000      6.3603050E-03
   2.050000      6.6288747E-03
   2.060000      6.9394428E-03
   2.070000      7.1923356E-03
   2.080000      7.3673357E-03
   2.090000      7.4686436E-03
   2.100000      7.4965954E-03
   2.110000      7.4404199E-03
   2.120000      7.2813691E-03
   2.130000      7.0021944E-03
   2.140000      6.5988605E-03
   2.150000      6.0782805E-03
   2.160000      5.4479074E-03
   2.170000      4.7240956E-03
   2.180000      3.9450866E-03
   2.190000      3.1553281E-03
   2.200000      2.3963389E-03
   2.210000      1.7062551E-03
   2.220000      1.1252983E-03
   2.230000      6.9286750E-04
   2.240000      4.4357515E-04
   2.250000      4.0178312E-04
   2.260000      5.7996169E-04
   2.270000      9.7755296E-04
   2.280000      1.5806580E-03
   2.290000      2.3627060E-03
   2.300000      3.2874518E-03
   2.310000      4.3104785E-03
   2.320000      5.3830370E-03
   2.330000      6.4526787E-03
   2.340000      7.4686953E-03
   2.350000      8.3812429E-03
   2.360000      9.1447607E-03
   2.370000      9.7191958E-03
   2.380000      1.0073139E-02
   2.390000      1.0184482E-02
   2.400000      1.0043145E-02
   2.410000      9.6534528E-03
   2.420000      9.0338923E-03
   2.430000      8.2178432E-03
   2.440000      7.2506890E-03
   2.450000      6.1877836E-03
   2.460000      5.0894227E-03
   2.470000      4.0176664E-03
   2.480000      3.0311423E-03
   2.490000      2.1819235E-03
   2.500000      1.5116988E-03
   2.510000      1.0512364E-03
   2.520000      8.1850309E-04
   2.530000      8.1838120E-04
   2.540000      1.0426800E-03
   2.550000      1.4710134E-03
   2.560000      2.0717804E-03
   2.570000      2.8031750E-03
   2.580000      3.6157798E-03
   2.590000      4.4551129E-03
   2.600000      5.2649314E-03
   2.610000      5.9913616E-03
   2.620000      6.5861810E-03
   2.630000      7.0112403E-03
   2.640000      7.2404626E-03
   2.650000      7.2620381E-03
   2.660000      7.0783338E-03
   2.670000      6.7053270E-03
   2.680000      6.1713113E-03
   2.690000      5.5139600E-03
   2.700000      4.7788001E-03
   2.710000      4.0158075E-03
   2.720000      3.2765847E-03
   2.730000      2.6106371E-03
   2.740000      2.0640120E-03
   2.750000      1.6752114E-03
   2.760000      1.4738102E-03
   2.770000      1.4777613E-03
   2.780000      1.6923540E-03
   2.790000      2.1093278E-03
   2.800000      2.7068893E-03
   2.810000      3.4508947E-03
   2.820000      4.2970655E-03
   2.830000      5.1942454E-03
   2.840000      6.0867243E-03
   2.850000      6.9187796E-03
   2.860000      7.6386738E-03
   2.870000      8.2009193E-03
   2.880000      8.5694212E-03
   2.890000      8.7196678E-03
   2.900000      8.6396774E-03
   2.910000      8.3308322E-03
   2.920000      7.8071668E-03
   2.930000      7.0956601E-03
   2.940000      6.2335562E-03
   2.950000      5.2681896E-03
   2.960000      4.2527635E-03
   2.970000      3.2449639E-03
   2.980000      2.3024518E-03
   2.990000      1.4804526E-03
   3.000000      8.2701433E-04
   3.010000      3.8107421E-04
   3.020000      1.6856295E-04
   3.030000      2.0146865E-04
   3.040000      4.7663733E-04
   3.050000      9.7580976E-04
   3.060000      1.6673194E-03
   3.070000      2.5075441E-03
   3.080000      3.4449408E-03
   3.090000      4.4214833E-03
   3.100000      5.3783325E-03
   3.110000      6.2573627E-03
   3.120000      7.0058485E-03
   3.130000      7.5785625E-03
   3.140000      7.9412460E-03
   3.150000      8.0719786E-03
   3.160000      7.9630595E-03
   3.170000      7.6214494E-03
   3.180000      7.0684645E-03
   3.190000      6.3400506E-03
   3.200000      5.4832534E-03
   3.210000      4.5535914E-03
   3.220000      3.6120103E-03
   3.230000      2.7208491E-03
   3.240000      1.9392860E-03
   3.250000      1.3194348E-03
   3.260000      9.0300327E-04
   3.270000      7.1838300E-04
   3.280000      7.7918067E-04
   3.290000      1.0832585E-03
   3.300000      1.6127285E-03
   3.310000      2.3362590E-03
   3.320000      3.2093695E-03
   3.330000      4.1782008E-03
   3.340000      5.1821764E-03
   3.350000      6.1588218E-03
   3.360000      7.0452355E-03
   3.370000      7.7847452E-03
   3.380000      8.3280653E-03
   3.390000      8.6385915E-03
   3.400000      8.6941319E-03
   3.410000      8.4889475E-03
   3.420000      8.0349622E-03
   3.430000      7.3611024E-03
   3.440000      6.5113972E-03
   3.450000      5.5430038E-03
   3.460000      4.5217001E-03
   3.470000      3.5185660E-03
   3.480000      2.6048359E-03
   3.490000      1.8479199E-03
   3.500000      1.3064296E-03
   3.510000      1.0268340E-03
   3.520000      1.0412612E-03
   3.530000      1.3640977E-03
   3.540000      1.9917062E-03
   3.550000      2.9015236E-03
   3.560000      4.0535009E-03
   3.570000      5.3910580E-03
   3.580000      6.8450957E-03
   3.590000      8.3358940E-03
   3.600000      9.7798891E-03
   3.610000      1.1092546E-02
   3.620000      1.2195427E-02
   3.630000      1.3019405E-02
   3.640000      1.3511465E-02
   3.650000      1.3636663E-02
   3.660000      1.3382730E-02
   3.670000      1.2759252E-02
   3.680000      1.1799337E-02
   3.690000      1.0557385E-02
   3.700000      9.1051608E-03
   3.710000      7.5312788E-03
   3.720000      5.9323898E-03
   3.730000      4.4114226E-03
   3.740000      3.0694141E-03
   3.750000      2.0024139E-03
   3.760000      1.2937501E-03
   3.770000      1.0112613E-03
   3.780000      1.2016940E-03
   3.790000      1.8882263E-03
   3.800000      3.0680206E-03
   3.810000      4.7116699E-03
   3.820000      6.7625861E-03
   3.830000      9.1432948E-03
   3.840000      1.1754413E-02
   3.850000      1.4482751E-02
   3.860000      1.7206911E-02
   3.870000      1.9802902E-02
   3.880000      2.2152234E-02
   3.890000      2.4148505E-02
   3.900000      2.5701895E-02
   3.910000      2.6745014E-02
   3.920000      2.7235579E-02
   3.930000      2.7157208E-02
   3.940000      2.6521793E-02
   3.950000      2.5367593E-02
   3.960000      2.3756308E-02
   3.970000      2.1769837E-02
   3.980000      1.9506427E-02
   3.990000      1.7072311E-02
   4.000000      1.4582318E-02
   4.010000      1.2147018E-02
   4.020000      9.8710489E-03
   4.030000      7.8449408E-03
   4.040000      6.1427038E-03
   4.050000      4.8145894E-03
   4.060000      3.8883663E-03
   4.070000      3.3651690E-03
   4.080000      3.2224741E-03
   4.090000      3.4152269E-03
   4.100000      3.8798975E-03
   4.110000      4.5389808E-03
   4.120000      5.3073848E-03
   4.130000      6.0973619E-03
   4.140000      6.8247705E-03
   4.150000      7.4152327E-03
   4.160000      7.8072068E-03
   4.170000      7.9570729E-03
   4.180000      7.8419819E-03
   4.190000      7.4603762E-03
   4.200000      6.8322620E-03
   4.210000      5.9981723E-03
   4.220000      5.0153621E-03
   4.230000      3.9556734E-03
   4.240000      2.8986365E-03
   4.250000      1.9274215E-03
   4.260000      1.1210069E-03
   4.270000      5.5026187E-04
   4.280000      2.7054336E-04
   4.290000      3.1861247E-04
   4.300000      7.0870580E-04
   4.310000      1.4308477E-03
   4.320000      2.4514128E-03
   4.330000      3.7135202E-03
   4.340000      5.1423893E-03
   4.350000      6.6469358E-03
   4.360000      8.1288200E-03
   4.370000      9.4859302E-03
   4.380000      1.0621718E-02
   4.390000      1.1450103E-02
   4.400000      1.1903173E-02
   4.410000      1.1936798E-02
   4.420000      1.1535020E-02
   4.430000      1.0712349E-02
   4.440000      9.5167607E-03
   4.450000      8.0263652E-03
   4.460000      6.3490565E-03
   4.470000      4.6144305E-03
   4.480000      2.9684089E-03
   4.490000      1.5647210E-03
   4.500000      5.5334682E-04
   4.510000      7.2242292E-05
   4.520000      2.3538987E-04
   4.530000      1.1251768E-03
   4.540000      2.7830752E-03
   4.550000      5.2063568E-03
   4.560000      8.3420807E-03
   4.570000      1.2090283E-02
   4.580000      1.6302129E-02
   4.590000      2.0790819E-02
   4.600000      2.5332686E-02
   4.610000      2.9685896E-02
   4.620000      3.3595931E-02
   4.630000      3.6817171E-02
   4.640000      3.9121956E-02
   4.650000      4.0322714E-02
   4.660000      4.0284690E-02
   4.670000      3.8942512E-02
   4.680000      3.6311664E-02
   4.690000      3.2493711E-02
   4.700000      2.7691556E-02
   4.710000      2.2197789E-02
   4.720000      1.6398147E-02
   4.730000      1.0757013E-02
   4.740000      5.8067706E-03
   4.750000      2.1264295E-03
   4.760000      3.2341361E-04
   4.770000      1.0082169E-03
   4.780000      4.7685229E-03
   4.790000      1.2146816E-02
   4.800000      2.3615146E-02
   4.810000      3.9544810E-02
   4.820000      6.0202278E-02
   4.830000      8.5712999E-02
   4.840000      0.1160500    
   4.850000      0.1510293    
   4.860000      0.1903049    
   4.870000      0.2333490    
   4.880000      0.2795184    
   4.890000      0.3279844    
   4.900000      0.3778389    
   4.910000      0.4280482    
   4.920000      0.4775558    
   4.930000      0.5252401    
   4.940000      0.5700335    
   4.950000      0.6108867    
   4.960000      0.6468850    
   4.970000      0.6771714    
   4.980000      0.7010607    
   4.990000      0.7180046    
   5.000000      0.7276518    
   5.010000      0.7298320    
   5.020000      0.7245339    
   5.030000      0.7119354    
   5.040000      0.6923873    
   5.050000      0.6663888    
   5.060000      0.6345983    
   5.070000      0.5977879    
   5.080000      0.5568206    
   5.090000      0.5126424    
   5.100000      0.4662412    
   5.110000      0.4186106    
   5.120000      0.3707253    
   5.130000      0.3235330    
   5.140000      0.2779158    
   5.150000      0.2346194    
   5.160000      0.1942943    
   5.170000      0.1574689    
   5.180000      0.1245261    
   5.190000      9.5694341E-02
   5.200000      7.1081229E-02
   5.210000      5.0645467E-02
   5.220000      3.4243435E-02
   5.230000      2.1615537E-02
   5.240000      1.2433799E-02
   5.250000      6.2949578E-03
   5.260000      2.7627179E-03
   5.270000      1.3722853E-03
   5.280000      1.6585106E-03
   5.290000      3.1680244E-03
   5.300000      5.4766987E-03
   5.310000      8.2032550E-03
   5.320000      1.1014618E-02
   5.330000      1.3638415E-02
   5.340000      1.5861886E-02
   5.350000      1.7537620E-02
   5.360000      1.8577449E-02
   5.370000      1.8951237E-02
   5.380000      1.8677561E-02
   5.390000      1.7816285E-02
   5.400000      1.6460186E-02
   5.410000      1.4724298E-02
   5.420000      1.2734566E-02
   5.430000      1.0621996E-02
   5.440000      8.5096704E-03
   5.450000      6.5102782E-03
   5.460000      4.7187419E-03
   5.470000      3.2081134E-03
   5.480000      2.0289109E-03
   5.490000      1.2071992E-03
   5.500000      7.4566633E-04
   5.510000      6.2566152E-04
   5.520000      8.1054098E-04
   5.530000      1.2487966E-03
   5.540000      1.8791030E-03
   5.550000      2.6338988E-03
   5.560000      3.4448232E-03
   5.570000      4.2458982E-03
   5.580000      4.9785213E-03
   5.590000      5.5928850E-03
   5.600000      6.0515818E-03
   5.610000      6.3301995E-03
   5.620000      6.4175311E-03
   5.630000      6.3153999E-03
   5.640000      6.0375859E-03
   5.650000      5.6080497E-03
   5.660000      5.0584255E-03
   5.670000      4.4261552E-03
   5.680000      3.7509056E-03
   5.690000      3.0732593E-03
   5.700000      2.4315268E-03
   5.710000      1.8601692E-03
   5.720000      1.3877713E-03
   5.730000      1.0359733E-03
   5.740000      8.1862201E-04
   5.750000      7.4156624E-04
   5.760000      8.0267951E-04
   5.770000      9.9250581E-04
   5.780000      1.2952028E-03
   5.790000      1.6898852E-03
   5.800000      2.1518921E-03
   5.810000      2.6544291E-03
   5.820000      3.1701655E-03
   5.830000      3.6728713E-03
   5.840000      4.1383449E-03
   5.850000      4.5460188E-03
   5.860000      4.8789149E-03
   5.870000      5.1253140E-03
   5.880000      5.2780667E-03
   5.890000      5.3348006E-03
   5.900000      5.2977074E-03
   5.910000      5.1727761E-03
   5.920000      4.9695694E-03
   5.930000      4.6999436E-03
   5.940000      4.3778438E-03
   5.950000      4.0178108E-03
   5.960000      3.6347983E-03
   5.970000      3.2431255E-03
   5.980000      2.8559698E-03
   5.990000      2.4846301E-03
   6.000000      2.1388233E-03
   6.010000      1.8256459E-03
   6.020000      1.5501435E-03
   6.030000      1.3149547E-03
   6.040000      1.1206800E-03
   6.050000      9.6616847E-04
   6.060000      8.4871729E-04
   6.070000      7.6453190E-04
   6.080000      7.0899975E-04
   6.090000      6.7709392E-04
   6.100000      6.6373037E-04
   6.110000      6.6395156E-04
   6.120000      6.7317940E-04
   6.130000      6.8735791E-04
   6.140000      7.0303277E-04
   6.150000      7.1739173E-04
   6.160000      7.2828121E-04
   6.170000      7.3413760E-04
   6.180000      7.3399249E-04
   6.190000      7.2731404E-04
   6.200000      7.1396108E-04
   6.210000      6.9411471E-04
   6.220000      6.6818774E-04
   6.230000      6.3681905E-04
   6.240000      6.0074567E-04
   6.250000      5.6080311E-04
   6.260000      5.1789870E-04
   6.270000      4.7301318E-04
   6.280000      4.2712118E-04
   6.290000      3.8128244E-04
   6.300000      3.3650320E-04
   6.310000      2.9383981E-04
   6.320000      2.5425511E-04
   6.330000      2.1866786E-04
   6.340000      1.8787470E-04
   6.350000      1.6254034E-04
   6.360000      1.4312594E-04
   6.370000      1.2987338E-04
   6.380000      1.2276710E-04
   6.390000      1.2151863E-04
   6.400000      1.2556673E-04
   6.410000      1.3409952E-04
   6.420000      1.4606409E-04
   6.430000      1.6024150E-04
   6.440000      1.7530301E-04
   6.450000      1.8988528E-04
   6.460000      2.0268095E-04
   6.470000      2.1253858E-04
   6.480000      2.1851787E-04
   6.490000      2.1998471E-04
   6.500000      2.1664382E-04
   6.510000      2.0857272E-04
   6.520000      1.9624371E-04
   6.530000      1.8047761E-04
   6.540000      1.6241764E-04
   6.550000      1.4344185E-04
   6.560000      1.2509349E-04
   6.570000      1.0895720E-04
   6.580000      9.6583986E-05
   6.590000      8.9362751E-05
   6.600000      8.8423651E-05
   6.610000      9.4549898E-05
   6.620000      1.0812221E-04
   6.630000      1.2907966E-04
   6.640000      1.5689738E-04
   6.650000      1.9062526E-04
   6.660000      2.2891861E-04
   6.670000      2.7013791E-04
   6.680000      3.1244251E-04
   6.690000      3.5389364E-04
   6.700000      3.9261824E-04
   6.710000      4.2686742E-04
   6.720000      4.5518373E-04
   6.730000      4.7645369E-04
   6.740000      4.8999197E-04
   6.750000      4.9557374E-04
   6.760000      4.9343891E-04
   6.770000      4.8425409E-04
   6.780000      4.6908285E-04
   6.790000      4.4927254E-04
   6.800000      4.2637085E-04
   6.810000      4.0203455E-04
   6.820000      3.7787724E-04
   6.830000      3.5540113E-04
   6.840000      3.3584188E-04
   6.850000      3.2014391E-04
   6.860000      3.0886836E-04
   6.870000      3.0220457E-04
   6.880000      2.9995351E-04
   6.890000      3.0156440E-04
   6.900000      3.0622736E-04
   6.910000      3.1293253E-04
   6.920000      3.2060128E-04
   6.930000      3.2819287E-04
   6.940000      3.3480354E-04
   6.950000      3.3977092E-04
   6.960000      3.4276655E-04
   6.970000      3.4380957E-04
   6.980000      3.4330328E-04
   6.990000      3.4203823E-04
   7.000000      3.4110216E-04
   7.010000      3.4182475E-04
   7.020000      3.4565604E-04
   7.030000      3.5403235E-04
   7.040000      3.6824658E-04
   7.050000      3.8933594E-04
   7.060000      4.1790676E-04
   7.070000      4.5404892E-04
   7.080000      4.9726194E-04
   7.090000      5.4647954E-04
   7.100000      5.9996435E-04
   7.110000      6.5549678E-04
   7.120000      7.1037159E-04
   7.130000      7.6163176E-04
   7.140000      8.0620800E-04
   7.150000      8.4110221E-04
   7.160000      8.6359552E-04
   7.170000      8.7155413E-04
   7.180000      8.6344068E-04
   7.190000      8.3856873E-04
   7.200000      7.9715496E-04
   7.210000      7.4036821E-04
   7.220000      6.7034998E-04
   7.230000      5.9009541E-04
   7.240000      5.0333730E-04
   7.250000      4.1428057E-04
   7.260000      3.2753302E-04
   7.270000      2.4766623E-04
   7.280000      1.7907571E-04
   7.290000      1.2556541E-04
   7.300000      9.0198118E-05
   7.310000      7.4986638E-05
   7.320000      8.0792830E-05
   7.330000      1.0717170E-04
   7.340000      1.5244754E-04
   7.350000      2.1365802E-04
   7.360000      2.8685853E-04
   7.370000      3.6719310E-04
   7.380000      4.4938538E-04
   7.390000      5.2789331E-04
   7.400000      5.9741386E-04
   7.410000      6.5317360E-04
   7.420000      6.9124909E-04
   7.430000      7.0893107E-04
   7.440000      7.0490129E-04
   7.450000      6.7941251E-04
   7.460000      6.3428131E-04
   7.470000      5.7287881E-04
   7.480000      4.9993960E-04
   7.490000      4.2132789E-04
   7.500000      3.4361467E-04
   7.510000      2.7378488E-04
   7.520000      2.1863503E-04
   7.530000      1.8439486E-04
   7.540000      1.7617310E-04
   7.550000      1.9763762E-04
   7.560000      2.5056547E-04
   7.570000      3.3472554E-04
   7.580000      4.4773179E-04
   7.590000      5.8500195E-04
   7.600000      7.4014399E-04
   7.610000      9.0500835E-04
   7.620000      1.0703788E-03
   7.630000      1.2263732E-03
   7.640000      1.3631579E-03
   7.650000      1.4715175E-03
   7.660000      1.5435766E-03
   7.670000      1.5733591E-03
   7.680000      1.5573067E-03
   7.690000      1.4948492E-03
   7.700000      1.3885522E-03
   7.710000      1.2441297E-03
   7.720000      1.0706862E-03
   7.730000      8.7996246E-04
   7.740000      6.8634085E-04
   7.750000      5.0598523E-04
   7.760000      3.5604645E-04
   7.770000      2.5376485E-04
   7.780000      2.1557789E-04
   7.790000      2.5608085E-04
   7.800000      3.8713036E-04
   7.810000      6.1722397E-04
   7.820000      9.5041143E-04
   7.830000      1.3863764E-03
   7.840000      1.9199089E-03
   7.850000      2.5409206E-03
   7.860000      3.2347187E-03
   7.870000      3.9829635E-03
   7.880000      4.7633592E-03
   7.890000      5.5521470E-03
   7.900000      6.3233124E-03
   7.910000      7.0506921E-03
   7.920000      7.7091237E-03
   7.930000      8.2760667E-03
   7.940000      8.7312609E-03
   7.950000      9.0593901E-03
   7.960000      9.2491517E-03
   7.970000      9.2954021E-03
   7.980000      9.1982465E-03
   7.990000      8.9636194E-03
   8.000000      8.6027579E-03
   8.010000      8.1316596E-03
   8.020000      7.5699724E-03
   8.030000      6.9400603E-03
   8.040000      6.2660202E-03
   8.050000      5.5729123E-03
   8.060000      4.8838202E-03
   8.070000      4.2207357E-03
   8.080000      3.6021455E-03
   8.090000      3.0431352E-03
   8.100000      2.5542523E-03
   8.110000      2.1416107E-03
   8.120000      1.8065018E-03
   8.130000      1.5461226E-03
   8.140000      1.3535380E-03
   8.150000      1.2189620E-03
   8.160000      1.1302197E-03
   8.170000      1.0739873E-03
   8.180000      1.0367053E-03
   8.190000      1.0056578E-03
   8.200000      9.6988387E-04
   8.210000      9.2098484E-04
   8.220000      8.5360231E-04
   8.230000      7.6588511E-04
   8.240000      6.5941643E-04
   8.250000      5.3898914E-04
   8.260000      4.1214918E-04
   8.270000      2.8854841E-04
   8.280000      1.7896084E-04
   8.290000      9.4346629E-05
   8.300000      4.4819677E-05
   8.310000      3.8671595E-05
   8.320000      8.1481194E-05
   8.330000      1.7549985E-04
   8.340000      3.1899152E-04
   8.350000      5.0642109E-04
   8.360000      7.2818261E-04
   8.370000      9.7138365E-04
   8.380000      1.2204177E-03
   8.390000      1.4579264E-03
   8.400000      1.6661552E-03
   8.410000      1.8283927E-03
   8.420000      1.9301658E-03
   8.430000      1.9606394E-03
   8.440000      1.9140391E-03
   8.450000      1.7903211E-03
   8.460000      1.5959385E-03
   8.470000      1.3438594E-03
   8.480000      1.0534192E-03
   8.490000      7.4943539E-04
   8.500000      4.6116777E-04
   8.510000      2.2030101E-04
   8.520000      5.9489979E-05
   8.530000      9.8348710E-06
   8.540000      9.8639110E-05
   8.550000      3.4707761E-04
   8.560000      7.6831295E-04
   8.570000      1.3654882E-03
   8.580000      2.1301650E-03
   8.590000      3.0421938E-03
   8.600000      4.0691835E-03
   8.610000      5.1672212E-03
   8.620000      6.2828152E-03
   8.630000      7.3551349E-03
   8.640000      8.3192587E-03
   8.650000      9.1101192E-03
   8.660000      9.6669449E-03
   8.670000      9.9376095E-03
   8.680000      9.8843463E-03
   8.690000      9.4875796E-03
   8.700000      8.7501667E-03
   8.710000      7.7011213E-03
   8.720000      6.3978708E-03
   8.730000      4.9284976E-03
   8.740000      3.4092006E-03
   8.750000      1.9869539E-03
   8.760000      8.3266437E-04
   8.770000      1.4040009E-04
   8.780000      1.1832566E-04
   8.790000      9.8488142E-04
   8.800000      2.9588551E-03
   8.810000      6.2508192E-03
   8.820000      1.1053177E-02
   8.830000      1.7531950E-02
   8.840000      2.5816960E-02
   8.850000      3.5990264E-02
   8.860000      4.8089877E-02
   8.870000      6.2085830E-02
   8.880000      7.7887818E-02
   8.890000      9.5342524E-02
   8.900000      0.1142416    
   8.910000      0.1343027    
   8.920000      0.1551992    
   8.930000      0.1765576    
   8.940000      0.1979645    
   8.950000      0.2189872    
   8.960000      0.2391768    
   8.970000      0.2580862    
   8.980000      0.2752778    
   8.990000      0.2903547    
   9.000000      0.3029514    
   9.010000      0.3127585    
   9.020000      0.3195174    
   9.030000      0.3230447    
   9.040000      0.3232463    
   9.050000      0.3200990    
   9.060000      0.3136681    
   9.070000      0.3040983    
   9.080000      0.2916067    
   9.090000      0.2764896    
   9.100000      0.2591172    
   9.110000      0.2398867    
   9.120000      0.2192577    
   9.130000      0.1976891    
   9.140000      0.1756629    
   9.150000      0.1536479    
   9.160000      0.1320886    
   9.170000      0.1114006    
   9.180000      9.1946408E-02
   9.190000      7.4023262E-02
   9.200000      5.7881556E-02
   9.210000      4.3699656E-02
   9.220000      3.1582478E-02
   9.230000      2.1565104E-02
   9.240000      1.3625670E-02
   9.250000      7.6744976E-03
   9.260000      3.5729245E-03
   9.270000      1.1353780E-03
   9.280000      1.4287572E-04
   9.290000      3.5084854E-04
   9.300000      1.5011212E-03
   9.310000      3.3317765E-03
   9.320000      5.5895140E-03
   9.330000      8.0353143E-03
   9.340000      1.0457132E-02
   9.350000      1.2673222E-02
   9.360000      1.4536934E-02
   9.370000      1.5940292E-02
   9.380000      1.6816581E-02
   9.390000      1.7136354E-02
   9.400000      1.6907549E-02
   9.410000      1.6169909E-02
   9.420000      1.4988864E-02
   9.430000      1.3452826E-02
   9.440000      1.1662636E-02
   9.450000      9.7284103E-03
   9.460000      7.7602556E-03
   9.470000      5.8641974E-03
   9.480000      4.1345535E-03
   9.490000      2.6519950E-03
   9.500000      1.4786874E-03
   9.510000      6.5539673E-04
   9.520000      2.0139957E-04
   9.530000      1.1465028E-04
   9.540000      3.7230953E-04
   9.550000      9.3381113E-04
   9.560000      1.7432683E-03
   9.570000      2.7341193E-03
   9.580000      3.8326753E-03
   9.590000      4.9631968E-03
   9.600000      6.0515078E-03
   9.610000      7.0299688E-03
   9.620000      7.8398446E-03
   9.630000      8.4352884E-03
   9.640000      8.7842625E-03
   9.650000      8.8703502E-03
   9.660000      8.6931577E-03
   9.670000      8.2669519E-03
   9.680000      7.6201675E-03
   9.690000      6.7935670E-03
   9.700000      5.8372645E-03
   9.710000      4.8071654E-03
   9.720000      3.7637888E-03
   9.730000      2.7666446E-03
   9.740000      1.8735406E-03
   9.750000      1.1352955E-03
   9.760000      5.9521664E-04
   9.770000      2.8555383E-04
   9.780000      2.2725633E-04
   9.790000      4.2822480E-04
   9.800000      8.8410353E-04
   9.810000      1.5782921E-03
   9.820000      2.4830799E-03
   9.830000      3.5623806E-03
   9.840000      4.7718044E-03
   9.850000      6.0622236E-03
   9.860000      7.3825037E-03
   9.870000      8.6818030E-03
   9.880000      9.9102203E-03
   9.890000      1.1023255E-02
   9.900000      1.1981881E-02
   9.910000      1.2754674E-02
   9.920000      1.3319420E-02
   9.930000      1.3662081E-02
   9.940000      1.3778061E-02
   9.950000      1.3672265E-02
   9.960000      1.3356715E-02
   9.970000      1.2851362E-02
   9.980000      1.2182316E-02
   9.990000      1.1378829E-02
   10.00000      1.0473012E-02
   10.01000      9.5046796E-03
   10.02000      8.4963739E-03
   10.03000      7.4879751E-03
   10.04000      6.5031252E-03
   10.05000      5.5685514E-03
   10.06000      4.7036866E-03
   10.07000      3.9191619E-03
   10.08000      3.2275664E-03
   10.09000      2.6306440E-03
   10.10000      2.1285298E-03
   10.11000      1.7165537E-03
   10.12000      1.3864826E-03
   10.13000      1.1287420E-03
   10.14000      9.3262916E-04
   10.15000      7.8558072E-04
   10.16000      6.7691552E-04
   10.17000      5.9563841E-04
   10.18000      5.3292932E-04
   10.19000      4.8162584E-04
   10.20000      4.3631761E-04
   10.21000      3.9408539E-04
   10.22000      3.5353951E-04
   10.23000      3.1515723E-04
   10.24000      2.8065551E-04
   10.25000      2.5252244E-04
   10.26000      2.3371527E-04
   10.27000      2.2710391E-04
   10.28000      2.3504133E-04
   10.29000      2.5910948E-04
   10.30000      2.9967554E-04
   10.31000      3.5619849E-04
   10.32000      4.2626355E-04
   10.33000      5.0706993E-04
   10.34000      5.9392554E-04
   10.35000      6.8211125E-04
   10.36000      7.6624152E-04
   10.37000      8.4061397E-04
   10.38000      9.0034836E-04
   10.39000      9.4094925E-04
   10.40000      9.5908210E-04
   10.41000      9.5268886E-04
   10.42000      9.2117413E-04
   10.43000      8.6556660E-04
   10.44000      7.8822096E-04
   10.45000      6.9345010E-04
   10.46000      5.8580749E-04
   10.47000      4.7199248E-04
   10.48000      3.5816149E-04
   10.49000      2.5100587E-04
   10.50000      1.5709335E-04
   10.51000      8.1728664E-05
   10.52000      2.9812720E-05
   10.53000      4.3667019E-06
   10.54000      7.0723645E-06
   10.55000      3.7963637E-05
   10.56000      9.5371593E-05
   10.57000      1.7605869E-04
   10.58000      2.7500582E-04
   10.59000      3.8677579E-04
   10.60000      5.0396589E-04
   10.61000      6.2008674E-04
   10.62000      7.2780938E-04
   10.63000      8.2045048E-04
   10.64000      8.9225871E-04
   10.65000      9.3862828E-04
   10.66000      9.5636485E-04
   10.67000      9.4419281E-04
   10.68000      9.0260722E-04
   10.69000      8.3389011E-04
   10.70000      7.4207992E-04
   10.71000      6.3316221E-04
   10.72000      5.1342946E-04
   10.73000      3.9117868E-04
   10.74000      2.7414033E-04
   10.75000      1.7073921E-04
   10.76000      8.8675537E-05
   10.77000      3.4706758E-05
   10.78000      1.4520657E-05
   10.79000      3.2150438E-05
   10.80000      8.9961410E-05
   10.81000      1.8813103E-04
   10.82000      3.2501033E-04
   10.83000      4.9742975E-04
   10.84000      6.9910486E-04
   10.85000      9.2419522E-04
   10.86000      1.1633943E-03
   10.87000      1.4085557E-03
   10.88000      1.6504737E-03
   10.89000      1.8792882E-03
   10.90000      2.0867486E-03
   10.91000      2.2649050E-03
   10.92000      2.4071592E-03
   10.93000      2.5089087E-03
   10.94000      2.5665618E-03
   10.95000      2.5789554E-03
   10.96000      2.5464026E-03
   10.97000      2.4714659E-03
   10.98000      2.3574342E-03
   10.99000      2.2103265E-03
   11.00000      2.0359643E-03
   11.01000      1.8414533E-03
   11.02000      1.6346505E-03
   11.03000      1.4219350E-03
   11.04000      1.2115728E-03
   11.05000      1.0093556E-03
   11.06000      8.2098268E-04
   11.07000      6.5106183E-04
   11.08000      5.0267566E-04
   11.09000      3.7783364E-04
   11.10000      2.7745194E-04
   11.11000      2.0052907E-04
   11.12000      1.4591428E-04
   11.13000      1.1083770E-04
   11.14000      9.2259186E-05
   11.15000      8.6538472E-05
   11.16000      8.9952780E-05
   11.17000      9.8822056E-05
   11.18000      1.0979391E-04
   11.19000      1.1999234E-04
   11.20000      1.2716795E-04
   11.21000      1.2978238E-04
   11.22000      1.2701843E-04
   11.23000      1.1881617E-04
   11.24000      1.0571290E-04
   11.25000      8.8858222E-05
   11.26000      6.9786911E-05
   11.27000      5.0245169E-05
   11.28000      3.2215488E-05
   11.29000      1.7373763E-05
   11.30000      7.3705642E-06
   11.31000      3.3331605E-06
   11.32000      6.0310513E-06
   11.33000      1.5625046E-05
   11.34000      3.1736025E-05
   11.35000      5.3641001E-05
   11.36000      7.9862439E-05
   11.37000      1.0883671E-04
   11.38000      1.3849090E-04
   11.39000      1.6683784E-04
   11.40000      1.9190733E-04
   11.41000      2.1188572E-04
   11.42000      2.2532234E-04
   11.43000      2.3116158E-04
   11.44000      2.2890307E-04
   11.45000      2.1856881E-04
   11.46000      2.0080390E-04
   11.47000      1.7677572E-04
   11.48000      1.4806844E-04
   11.49000      1.1685400E-04
   11.50000      8.5225874E-05
   11.51000      5.5817771E-05
   11.52000      3.0827559E-05
   11.53000      1.2483706E-05
   11.54000      2.5763657E-06
   11.55000      2.4398755E-06
   11.56000      1.2824557E-05
   11.57000      3.3828030E-05
   11.58000      6.4933512E-05
   11.59000      1.0491066E-04
   11.60000      1.5195874E-04
   11.61000      2.0387968E-04
   11.62000      2.5777982E-04
   11.63000      3.1115385E-04
   11.64000      3.6073365E-04
   11.65000      4.0393654E-04
   11.66000      4.3815977E-04
   11.67000      4.6138657E-04
   11.68000      4.7221407E-04
   11.69000      4.6981635E-04
   11.70000      4.5416481E-04
   11.71000      4.2599250E-04
   11.72000      3.8678915E-04
   11.73000      3.3863643E-04
   11.74000      2.8420921E-04
   11.75000      2.2684055E-04
   11.76000      1.6967392E-04
   11.77000      1.1644408E-04
   11.78000      7.0369104E-05
   11.79000      3.4597000E-05
   11.80000      1.1793488E-05
   11.81000      3.8253716E-06
   11.82000      1.1994163E-05
   11.83000      3.6642679E-05
   11.84000      7.7444114E-05
   11.85000      1.3301846E-04
   11.86000      2.0141974E-04
   11.87000      2.8003979E-04
   11.88000      3.6543884E-04
   11.89000      4.5430363E-04
   11.90000      5.4259162E-04
   11.91000      6.2660815E-04
   11.92000      7.0291822E-04
   11.93000      7.6787919E-04
   11.94000      8.1911165E-04
   11.95000      8.5420563E-04
   11.96000      8.7201281E-04
   11.97000      8.7185053E-04
   11.98000      8.5406582E-04
   11.99000      8.1960572E-04
   12.00000      7.7026774E-04
   12.01000      7.0841872E-04
   12.02000      6.3668750E-04
   12.03000      5.5845774E-04
   12.04000      4.7690747E-04
   12.05000      3.9515411E-04
   12.06000      3.1658018E-04
   12.07000      2.4346750E-04
   12.08000      1.7855335E-04
   12.09000      1.2328949E-04
   12.10000      7.8877558E-05
   12.11000      4.5835972E-05
   12.12000      2.3952620E-05
   12.13000      1.2641798E-05
   12.14000      1.0655323E-05
   12.15000      1.6448643E-05
   12.16000      2.8186965E-05
   12.17000      4.3886259E-05
   12.18000      6.1544655E-05
   12.19000      7.9181511E-05
   12.20000      9.5188669E-05
   12.21000      1.0806099E-04
   12.22000      1.1685768E-04
   12.23000      1.2093258E-04
   12.24000      1.2009557E-04
   12.25000      1.1457496E-04
   12.26000      1.0492578E-04
   12.27000      9.2100308E-05
   12.28000      7.7119257E-05
   12.29000      6.1297287E-05
   12.30000      4.5830024E-05
   12.31000      3.1925796E-05
   12.32000      2.0641983E-05
   12.33000      1.2723550E-05
   12.34000      8.7318031E-06
   12.35000      8.8212118E-06
   12.36000      1.2894764E-05
   12.37000      2.0495052E-05
   12.38000      3.0904717E-05
   12.39000      4.3240263E-05
   12.40000      5.6358302E-05
   12.41000      6.9204572E-05
   12.42000      8.0601407E-05
   12.43000      8.9606976E-05
   12.44000      9.5412972E-05
   12.45000      9.7470831E-05
   12.46000      9.5553551E-05
   12.47000      8.9760862E-05
   12.48000      8.0528349E-05
   12.49000      6.8558722E-05
   12.50000      5.4895856E-05
   12.51000      4.0705851E-05
   12.52000      2.7290878E-05
   12.53000      1.6017188E-05
   12.54000      8.0883265E-06
   12.55000      4.6515129E-06
   12.56000      6.5084764E-06
   12.57000      1.4226041E-05
   12.58000      2.7890963E-05
   12.59000      4.7336456E-05
   12.60000      7.1804563E-05
   12.61000      1.0027766E-04
   12.62000      1.3140935E-04
   12.63000      1.6348036E-04
   12.64000      1.9478179E-04
   12.65000      2.2339397E-04
   12.66000      2.4755529E-04
   12.67000      2.6570307E-04
   12.68000      2.7653307E-04
   12.69000      2.7919043E-04
   12.70000      2.7331465E-04
   12.71000      2.5914417E-04
   12.72000      2.3740210E-04
   12.73000      2.0954582E-04
   12.74000      1.7754087E-04
   12.75000      1.4374811E-04
   12.76000      1.1117051E-04
   12.77000      8.2750565E-05
   12.78000      6.1883591E-05
   12.79000      5.1797993E-05
   12.80000      5.5588313E-05
   12.81000      7.6074648E-05
   12.82000      1.1559281E-04
   12.83000      1.7605328E-04
   12.84000      2.5834091E-04
   12.85000      3.6309569E-04
   12.86000      4.8978440E-04
   12.87000      6.3708099E-04
   12.88000      8.0363191E-04
   12.89000      9.8568958E-04
   12.90000      1.1811110E-03
   12.91000      1.3853348E-03
   12.92000      1.5948100E-03
   12.93000      1.8052739E-03
   12.94000      2.0122658E-03
   12.95000      2.2117188E-03
   12.96000      2.4002329E-03
   12.97000      2.5735127E-03
   12.98000      2.7296881E-03
   12.99000      2.8655252E-03
   13.00000      2.9792550E-03
   13.01000      3.0698767E-03
   13.02000      3.1362402E-03
   13.03000      3.1785849E-03
   13.04000      3.1974125E-03
   13.05000      3.1932539E-03
   13.06000      3.1672707E-03
   13.07000      3.1209015E-03
   13.08000      3.0556768E-03
   13.09000      2.9733183E-03
   13.10000      2.8758883E-03
   13.11000      2.7645365E-03
   13.12000      2.6417696E-03
   13.13000      2.5087146E-03
   13.14000      2.3671917E-03
   13.15000      2.2188821E-03
   13.16000      2.0648362E-03
   13.17000      1.9068728E-03
   13.18000      1.7462341E-03
   13.19000      1.5841807E-03
   13.20000      1.4224000E-03
   13.21000      1.2623601E-03
   13.22000      1.1054320E-03
   13.23000      9.5393747E-04
   13.24000      8.0857263E-04
   13.25000      6.7192822E-04
   13.26000      5.4523454E-04
   13.27000      4.3020854E-04
   13.28000      3.2843440E-04
   13.29000      2.4077653E-04
   13.30000      1.6839372E-04
   13.31000      1.1177101E-04
   13.32000      7.1030961E-05
   13.33000      4.5907222E-05
   13.34000      3.5569250E-05
   13.35000      3.8847298E-05
   13.36000      5.3999614E-05
   13.37000      7.9064870E-05
   13.38000      1.1163569E-04
   13.39000      1.4915806E-04
   13.40000      1.8909416E-04
   13.41000      2.2860091E-04
   13.42000      2.6542187E-04
   13.43000      2.9717412E-04
   13.44000      3.2207809E-04
   13.45000      3.3869373E-04
   13.46000      3.4609294E-04
   13.47000      3.4391152E-04
   13.48000      3.3229831E-04
   13.49000      3.1204705E-04
   13.50000      2.8430839E-04
   13.51000      2.5080502E-04
   13.52000      2.1353923E-04
   13.53000      1.7455574E-04
   13.54000      1.3640324E-04
   13.55000      1.0108577E-04
   13.56000      7.0896516E-05
   13.57000      4.7466256E-05
   13.58000      3.2214404E-05
   13.59000      2.6058509E-05
   13.60000      2.9324437E-05
   13.61000      4.1866144E-05
   13.62000      6.2891224E-05
   13.63000      9.1252688E-05
   13.64000      1.2523321E-04
   13.65000      1.6280242E-04
   13.66000      2.0190599E-04
   13.67000      2.4004493E-04
   13.68000      2.7521845E-04
   13.69000      3.0518035E-04
   13.70000      3.2827337E-04
   13.71000      3.4314350E-04
   13.72000      3.4893866E-04
   13.73000      3.4536642E-04
   13.74000      3.3267878E-04
   13.75000      3.1173020E-04
   13.76000      2.8383851E-04
   13.77000      2.5076076E-04
   13.78000      2.1460233E-04
   13.79000      1.7768645E-04
   13.80000      1.4258272E-04
   13.81000      1.1146685E-04
   13.82000      8.6701140E-05
   13.83000      6.9947360E-05
   13.84000      6.2656356E-05
   13.85000      6.5761313E-05
   13.86000      7.9536083E-05
   13.87000      1.0383155E-04
   13.88000      1.3762790E-04
   13.89000      1.7976512E-04
   13.90000      2.2825559E-04
   13.91000      2.8098089E-04
   13.92000      3.3561111E-04
   13.93000      3.8940873E-04
   13.94000      4.4013408E-04
   13.95000      4.8533251E-04
   13.96000      5.2306370E-04
   13.97000      5.5172155E-04
   13.98000      5.7015393E-04
   13.99000      5.7780038E-04
   14.00000      5.7460862E-04
   14.01000      5.6113664E-04
   14.02000      5.3837546E-04
   14.03000      5.0789397E-04
   14.04000      4.7148584E-04
   14.05000      4.3109444E-04
   14.06000      3.8906903E-04
   14.07000      3.4729217E-04
   14.08000      3.0791774E-04
   14.09000      2.7249128E-04
   14.10000      2.4231567E-04
   14.11000      2.1833851E-04
   14.12000      2.0095796E-04
   14.13000      1.9011204E-04
   14.14000      1.8534304E-04
   14.15000      1.8572817E-04
   14.16000      1.9007470E-04
   14.17000      1.9691118E-04
   14.18000      2.0468736E-04
   14.19000      2.1178747E-04
   14.20000      2.1677448E-04
   14.21000      2.1836770E-04
   14.22000      2.1563460E-04
   14.23000      2.0799528E-04
   14.24000      1.9533774E-04
   14.25000      1.7789287E-04
   14.26000      1.5641682E-04
   14.27000      1.3195632E-04
   14.28000      1.0587554E-04
   14.29000      7.9762991E-05
   14.30000      5.5312106E-05
   14.31000      3.4164619E-05
   14.32000      1.7914655E-05
   14.33000      7.7710629E-06
   14.34000      4.7654771E-06
   14.35000      9.3886483E-06
   14.36000      2.1778489E-05
   14.37000      4.1441497E-05
   14.38000      6.7618625E-05
   14.39000      9.8937227E-05
   14.40000      1.3375947E-04
   14.41000      1.7017813E-04
   14.42000      2.0612105E-04
   14.43000      2.3948084E-04
   14.44000      2.6834873E-04
   14.45000      2.9083304E-04
   14.46000      3.0565183E-04
   14.47000      3.1175604E-04
   14.48000      3.0876123E-04
   14.49000      2.9669644E-04
   14.50000      2.7633779E-04
   14.51000      2.4874182E-04
   14.52000      2.1566769E-04
   14.53000      1.7901311E-04
   14.54000      1.4101251E-04
   14.55000      1.0404804E-04
   14.56000      7.0385868E-05
   14.57000      4.2082025E-05
   14.58000      2.1051968E-05
   14.59000      8.5361635E-06
   14.60000      5.5106229E-06
   14.61000      1.2182623E-05
   14.62000      2.8330616E-05
   14.63000      5.2848911E-05
   14.64000      8.4449312E-05
   14.65000      1.2125560E-04
   14.66000      1.6092620E-04
   14.67000      2.0118237E-04
   14.68000      2.3939439E-04
   14.69000      2.7326617E-04
   14.70000      3.0074347E-04
   14.71000      3.2007633E-04
   14.72000      3.3022190E-04
   14.73000      3.3060947E-04
   14.74000      3.2144925E-04
   14.75000      3.0354568E-04
   14.76000      2.7841682E-04
   14.77000      2.4800678E-04
   14.78000      2.1485735E-04
   14.79000      1.8173385E-04
   14.80000      1.5147513E-04
   14.81000      1.2701152E-04
   14.82000      1.1095257E-04
   14.83000      1.0559044E-04
   14.84000      1.1260071E-04
   14.85000      1.3309215E-04
   14.86000      1.6731364E-04
   14.87000      2.1472153E-04
   14.88000      2.7408364E-04
   14.89000      3.4313562E-04
   14.90000      4.1941160E-04
   14.91000      4.9953506E-04
   14.92000      5.7993422E-04
   14.93000      6.5697398E-04
   14.94000      7.2693004E-04
   14.95000      7.8637904E-04
   14.96000      8.3251559E-04
   14.97000      8.6283678E-04
   14.98000      8.7594608E-04
   14.99000      8.7100768E-04
   15.00000      8.4828533E-04
   15.01000      8.0868416E-04
   15.02000      7.5442210E-04
   15.03000      6.8781868E-04
   15.04000      6.1234494E-04
   15.05000      5.3146388E-04
   15.06000      4.4898366E-04
   15.07000      3.6884367E-04
   15.08000      2.9455713E-04
   15.09000      2.2920257E-04
   15.10000      1.7563008E-04
   15.11000      1.3546344E-04
   15.12000      1.0998156E-04
   15.13000      9.9192148E-05
   15.14000      1.0248998E-04
   15.15000      1.1828854E-04
   15.16000      1.4446884E-04
   15.17000      1.7816543E-04
   15.18000      2.1627800E-04
   15.19000      2.5560259E-04
   15.20000      2.9279283E-04
   15.21000      3.2494147E-04
   15.22000      3.4950254E-04
   15.23000      3.6450580E-04
   15.24000      3.6875479E-04
   15.25000      3.6175555E-04
   15.26000      3.4390399E-04
   15.27000      3.1622159E-04
   15.28000      2.8067219E-04
   15.29000      2.3940753E-04
   15.30000      1.9538685E-04
   15.31000      1.5152051E-04
   15.32000      1.1075528E-04
   15.33000      7.5949931E-05
   15.34000      4.9384838E-05
   15.35000      3.2933167E-05
   15.36000      2.7704940E-05
   15.37000      3.4034492E-05
   15.38000      5.1504208E-05
   15.39000      7.8793324E-05
   15.40000      1.1412114E-04
   15.41000      1.5478856E-04
   15.42000      1.9808205E-04
   15.43000      2.4081068E-04
   15.44000      2.7986863E-04
   15.45000      3.1245124E-04
   15.46000      3.3636254E-04
   15.47000      3.4979320E-04
   15.48000      3.5177806E-04
   15.49000      3.4226466E-04
   15.50000      3.2203371E-04
   15.51000      2.9286733E-04
   15.52000      2.5724972E-04
   15.53000      2.1826033E-04
   15.54000      1.7969537E-04
   15.55000      1.4517285E-04
   15.56000      1.1858903E-04
   15.57000      1.0327929E-04
   15.58000      1.0210714E-04
   15.59000      1.1708721E-04
   15.60000      1.4913514E-04
   15.61000      1.9830164E-04
   15.62000      2.6293786E-04
   15.63000      3.4085059E-04
   15.64000      4.2811839E-04
   15.65000      5.2030483E-04
   15.66000      6.1251468E-04
   15.67000      6.9881970E-04
   15.68000      7.7417091E-04
   15.69000      8.3314837E-04
   15.70000      8.7162654E-04
   15.71000      8.8629517E-04
   15.72000      8.7541249E-04
   15.73000      8.3877932E-04
   15.74000      7.7798020E-04
   15.75000      6.9672894E-04
   15.76000      6.0001685E-04
   15.77000      4.9531343E-04
   15.78000      3.9088863E-04
   15.79000      2.9611922E-04
   15.80000      2.2154013E-04
   15.81000      1.7696428E-04
   15.82000      1.7259637E-04
   15.83000      2.1683362E-04
   15.84000      3.1721947E-04
   15.85000      4.7862178E-04
   15.86000      7.0425967E-04
   15.87000      9.9415868E-04
   15.88000      1.3452428E-03
   15.89000      1.7526521E-03
   15.90000      2.2081970E-03
   15.91000      2.7001135E-03
   15.92000      3.2169174E-03
   15.93000      3.7417759E-03
   15.94000      4.2614597E-03
   15.95000      4.7583138E-03
   15.96000      5.2161766E-03
   15.97000      5.6211762E-03
   15.98000      5.9582246E-03
   15.99000      6.2175756E-03
   16.00000      6.3899299E-03
   16.01000      6.4701210E-03
   16.02000      6.4560403E-03
   16.03000      6.3490826E-03
   16.04000      6.1539998E-03
   16.05000      5.8775386E-03
   16.06000      5.5316822E-03
   16.07000      5.1276539E-03
   16.08000      4.6804873E-03
   16.09000      4.2056954E-03
   16.10000      3.7164511E-03
   16.11000      3.2308218E-03
   16.12000      2.7594548E-03
   16.13000      2.3165832E-03
   16.14000      1.9108956E-03
   16.15000      1.5499482E-03
   16.16000      1.2389021E-03
   16.17000      9.7985414E-04
   16.18000      7.7194459E-04
   16.19000      6.1334943E-04
   16.20000      4.9871550E-04
   16.21000      4.2234900E-04
   16.22000      3.7666023E-04
   16.23000      3.5389070E-04
   16.24000      3.4626637E-04
   16.25000      3.4636626E-04
   16.26000      3.4784109E-04
   16.27000      3.4550854E-04
   16.28000      3.3572520E-04
   16.29000      3.1646114E-04
   16.30000      2.8735551E-04
   16.31000      2.4938255E-04
   16.32000      2.0509231E-04
   16.33000      1.5751497E-04
   16.34000      1.1077317E-04
   16.35000      6.8757079E-05
   16.36000      3.5286383E-05
   16.37000      1.3517920E-05
   16.38000      5.6585982E-06
   16.39000      1.2781692E-05
   16.40000      3.4574077E-05
   16.41000      6.9467293E-05
   16.42000      1.1461500E-04
   16.43000      1.6602248E-04
   16.44000      2.1923574E-04
   16.45000      2.6894783E-04
   16.46000      3.1058982E-04
   16.47000      3.3956493E-04
   16.48000      3.5264951E-04
   16.49000      3.4780696E-04
   16.50000      3.2485268E-04
   16.51000      2.8531210E-04
   16.52000      2.3270212E-04
   16.53000      1.7243318E-04
   16.54000      1.1127615E-04
   16.55000      5.7352408E-05
   16.56000      1.9260151E-05
   16.57000      5.6296799E-06
   16.58000      2.4407504E-05
   16.59000      8.2036328E-05
   16.60000      1.8301356E-04
   16.61000      3.2862902E-04
   16.62000      5.1814242E-04
   16.63000      7.4535958E-04
   16.64000      1.0027810E-03
   16.65000      1.2778562E-03
   16.66000      1.5561507E-03
   16.67000      1.8209660E-03
   16.68000      2.0539821E-03
   16.69000      2.2372692E-03
   16.70000      2.3547017E-03
   16.71000      2.3921453E-03
   16.72000      2.3408160E-03
   16.73000      2.1973713E-03
   16.74000      1.9665484E-03
   16.75000      1.6589165E-03
   16.76000      1.2982468E-03
   16.77000      9.1326080E-04
   16.78000      5.4594973E-04
   16.79000      2.4420652E-04
   16.80000      6.4823151E-05
   16.81000      7.0795038E-05
   16.82000      3.2906281E-04
   16.83000      9.0918783E-04
   16.84000      1.8778016E-03
   16.85000      3.3013590E-03
   16.86000      5.2378848E-03
   16.87000      7.7272905E-03
   16.88000      1.0815516E-02
   16.89000      1.4503720E-02
   16.90000      1.8807990E-02
   16.91000      2.3697078E-02
   16.92000      2.9126709E-02
   16.93000      3.5044543E-02
   16.94000      4.1355144E-02
   16.95000      4.7966067E-02
   16.96000      5.4762173E-02
   16.97000      6.1597995E-02
   16.98000      6.8346031E-02
   16.99000      7.4857712E-02
   17.00000      8.0970220E-02
   17.01000      8.6565033E-02
   17.02000      9.1473676E-02
   17.03000      9.5594995E-02
   17.04000      9.8808527E-02
   17.05000      0.1010257    
   17.06000      0.1021857    
   17.07000      0.1022575    
   17.08000      0.1012271    
   17.09000      9.9101782E-02
   17.10000      9.5945701E-02
   17.11000      9.1811851E-02
   17.12000      8.6817682E-02
   17.13000      8.1079617E-02
   17.14000      7.4722074E-02
   17.15000      6.7931354E-02
   17.16000      6.0835224E-02
   17.17000      5.3621296E-02
   17.18000      4.6438485E-02
   17.19000      3.9437696E-02
   17.20000      3.2768678E-02
   17.21000      2.6556736E-02
   17.22000      2.0883853E-02
   17.23000      1.5863273E-02
   17.24000      1.1521546E-02
   17.25000      7.9139592E-03
   17.26000      5.0349189E-03
   17.27000      2.8662756E-03
   17.28000      1.3753956E-03
   17.29000      4.9824972E-04
   17.30000      1.6588565E-04
   17.31000      2.8945785E-04
   17.32000      7.7798765E-04
   17.33000      1.5335309E-03
   17.34000      2.4589021E-03
   17.35000      3.4644078E-03
   17.36000      4.4614142E-03
   17.37000      5.3806491E-03
   17.38000      6.1574169E-03
   17.39000      6.7472397E-03
   17.40000      7.1202619E-03
   17.41000      7.2608185E-03
   17.42000      7.1703363E-03
   17.43000      6.8629123E-03
   17.44000      6.3657947E-03
   17.45000      5.7140565E-03
   17.46000      4.9518631E-03
   17.47000      4.1254410E-03
   17.48000      3.2831922E-03
   17.49000      2.4739816E-03
   17.50000      1.7389305E-03
   17.51000      1.1160694E-03
   17.52000      6.3547090E-04
   17.53000      3.1647808E-04
   17.54000      1.7103415E-04
   17.55000      1.9798666E-04
   17.56000      3.8937357E-04
   17.57000      7.2527840E-04
   17.58000      1.1817953E-03
   17.59000      1.7246024E-03
   17.60000      2.3198379E-03
   17.61000      2.9292174E-03
   17.62000      3.5144452E-03
   17.63000      4.0410343E-03
   17.64000      4.4775149E-03
   17.65000      4.7981921E-03
   17.66000      4.9855481E-03
   17.67000      5.0279624E-03
   17.68000      4.9242154E-03
   17.69000      4.6798512E-03
   17.70000      4.3106042E-03
   17.71000      3.8356031E-03
   17.72000      3.2859659E-03
   17.73000      2.6911928E-03
   17.74000      2.0888378E-03
   17.75000      1.5150033E-03
   17.76000      1.0060669E-03
   17.77000      5.9718866E-04
   17.78000      3.1907874E-04
   17.79000      1.9704831E-04
   17.80000      2.5123367E-04
   17.81000      4.9343385E-04
   17.82000      9.2915382E-04
   17.83000      1.5527147E-03
   17.84000      2.3574703E-03
   17.85000      3.3199410E-03
   17.86000      4.4203941E-03
   17.87000      5.6225280E-03
   17.88000      6.8997066E-03
   17.89000      8.2191695E-03
   17.90000      9.5374379E-03
   17.91000      1.0816215E-02
   17.92000      1.2021238E-02
   17.93000      1.3117336E-02
   17.94000      1.4085120E-02
   17.95000      1.4897738E-02
   17.96000      1.5537400E-02
   17.97000      1.5991531E-02
   17.98000      1.6253967E-02
   17.99000      1.6324019E-02
   18.00000      1.6207680E-02
   18.01000      1.5914347E-02
   18.02000      1.5458849E-02
   18.03000      1.4863052E-02
   18.04000      1.4144263E-02
   18.05000      1.3307834E-02
   18.06000      1.2375581E-02
   18.07000      1.1457851E-02
   18.08000      1.0578986E-02
   18.09000      9.7133191E-03
   18.10000      8.7572280E-03
   18.11000      7.7804774E-03
   18.12000      6.8732416E-03
   18.13000      6.0897889E-03
   18.14000      5.3990907E-03
   18.15000      4.7426638E-03
   18.16000      4.1521559E-03
   18.17000      3.6463293E-03
   18.18000      3.1965740E-03
   18.19000      2.8085907E-03
   18.20000      2.4838580E-03
   18.21000      2.2163133E-03
   18.22000      1.9614876E-03
   18.23000      1.7424086E-03
   18.24000      1.5650633E-03
   18.25000      1.4685420E-03
   18.26000      1.4176836E-03
   18.27000      1.3680791E-03
   18.28000      1.2747977E-03
   18.29000      1.2033995E-03
   18.30000      1.1432989E-03
   18.31000      1.1041543E-03
   18.32000      1.0789960E-03
   18.33000      1.0552979E-03
   18.34000      1.0239728E-03
   18.35000      1.0106122E-03
   18.36000      9.9619222E-04
   18.37000      9.8580273E-04
   18.38000      9.7762665E-04
   18.39000      9.7000838E-04
   18.40000      9.6749363E-04
   18.41000      9.6778892E-04
   18.42000      9.6805999E-04
   18.43000      9.7037590E-04
   18.44000      9.6005062E-04
   18.45000      9.5059647E-04
   18.46000      9.4037666E-04
   18.47000      9.4295171E-04
   18.48000      9.4658288E-04
   18.49000      9.4588759E-04
   18.50000      9.4511447E-04
