  -17.50000      7.6665916E-04
  -17.49000      7.6735270E-04
  -17.48000      7.7134778E-04
  -17.47000      7.7977136E-04
  -17.46000      7.9291296E-04
  -17.45000      8.0892525E-04
  -17.44000      8.0194965E-04
  -17.43000      7.9286785E-04
  -17.42000      7.8652927E-04
  -17.41000      7.9799158E-04
  -17.40000      7.8608375E-04
  -17.39000      7.7863591E-04
  -17.38000      7.8133569E-04
  -17.37000      7.7413354E-04
  -17.36000      7.6833001E-04
  -17.35000      7.5418409E-04
  -17.34000      7.5106398E-04
  -17.33000      7.5778650E-04
  -17.32000      7.6958979E-04
  -17.31000      7.8573811E-04
  -17.30000      8.0813310E-04
  -17.29000      8.4306847E-04
  -17.28000      8.8746333E-04
  -17.27000      9.5818506E-04
  -17.26000      1.0667533E-03
  -17.25000      1.1604058E-03
  -17.24000      1.2209469E-03
  -17.23000      1.3537946E-03
  -17.22000      1.5856914E-03
  -17.21000      1.8473915E-03
  -17.20000      2.0848077E-03
  -17.19000      2.3398004E-03
  -17.18000      2.6210619E-03
  -17.17000      2.8983760E-03
  -17.16000      3.1835542E-03
  -17.15000      3.4506868E-03
  -17.14000      3.7139328E-03
  -17.13000      3.9757974E-03
  -17.12000      4.2079105E-03
  -17.11000      4.4108666E-03
  -17.10000      4.6073799E-03
  -17.09000      4.7516734E-03
  -17.08000      4.8734164E-03
  -17.07000      5.0388970E-03
  -17.06000      5.1399455E-03
  -17.05000      5.0973855E-03
  -17.04000      4.9684802E-03
  -17.03000      4.8500327E-03
  -17.02000      4.7246516E-03
  -17.01000      4.5568948E-03
  -17.00000      4.3577887E-03
  -16.99000      4.1339234E-03
  -16.98000      3.8856247E-03
  -16.97000      3.6191994E-03
  -16.96000      3.3396289E-03
  -16.95000      3.0519252E-03
  -16.94000      2.7615051E-03
  -16.93000      2.4736933E-03
  -16.92000      2.1924637E-03
  -16.91000      1.9225116E-03
  -16.90000      1.6670026E-03
  -16.89000      1.4291451E-03
  -16.88000      1.2116904E-03
  -16.87000      1.0158556E-03
  -16.86000      8.4271131E-04
  -16.85000      6.9207436E-04
  -16.84000      5.6406925E-04
  -16.83000      4.5796708E-04
  -16.82000      3.7228665E-04
  -16.81000      3.0534045E-04
  -16.80000      2.5497950E-04
  -16.79000      2.1887307E-04
  -16.78000      1.9475110E-04
  -16.77000      1.8016064E-04
  -16.76000      1.7285407E-04
  -16.75000      1.7066738E-04
  -16.74000      1.7168885E-04
  -16.73000      1.7421604E-04
  -16.72000      1.7687838E-04
  -16.71000      1.7862032E-04
  -16.70000      1.7868991E-04
  -16.69000      1.7667080E-04
  -16.68000      1.7243667E-04
  -16.67000      1.6611109E-04
  -16.66000      1.5803265E-04
  -16.65000      1.4868881E-04
  -16.64000      1.3870768E-04
  -16.63000      1.2871662E-04
  -16.62000      1.1941530E-04
  -16.61000      1.1137374E-04
  -16.60000      1.0516166E-04
  -16.59000      1.0115574E-04
  -16.58000      9.9630917E-05
  -16.57000      1.0067158E-04
  -16.56000      1.0421743E-04
  -16.55000      1.1003733E-04
  -16.54000      1.1776920E-04
  -16.53000      1.2695178E-04
  -16.52000      1.3702702E-04
  -16.51000      1.4742147E-04
  -16.50000      1.5753374E-04
  -16.49000      1.6681117E-04
  -16.48000      1.7481922E-04
  -16.47000      1.8117773E-04
  -16.46000      1.8571153E-04
  -16.45000      1.8838252E-04
  -16.44000      1.8935671E-04
  -16.43000      1.8898385E-04
  -16.42000      1.8780140E-04
  -16.41000      1.8647833E-04
  -16.40000      1.8584187E-04
  -16.39000      1.8679173E-04
  -16.38000      1.9028263E-04
  -16.37000      1.9727160E-04
  -16.36000      2.0866600E-04
  -16.35000      2.2525173E-04
  -16.34000      2.4771140E-04
  -16.33000      2.7645193E-04
  -16.32000      3.1178840E-04
  -16.31000      3.5348968E-04
  -16.30000      4.0133929E-04
  -16.29000      4.5456429E-04
  -16.28000      5.1224063E-04
  -16.27000      5.7325524E-04
  -16.26000      6.3586078E-04
  -16.25000      6.9869956E-04
  -16.24000      7.5966836E-04
  -16.23000      8.1708672E-04
  -16.22000      8.6937286E-04
  -16.21000      9.1428042E-04
  -16.20000      9.5037260E-04
  -16.19000      9.7614928E-04
  -16.18000      9.9037751E-04
  -16.17000      9.9228241E-04
  -16.16000      9.8139409E-04
  -16.15000      9.5762685E-04
  -16.14000      9.2143350E-04
  -16.13000      8.7346468E-04
  -16.12000      8.1501907E-04
  -16.11000      7.4741110E-04
  -16.10000      6.7276991E-04
  -16.09000      5.9282960E-04
  -16.08000      5.1032461E-04
  -16.07000      4.2746021E-04
  -16.06000      3.4672584E-04
  -16.05000      2.7071137E-04
  -16.04000      2.0137276E-04
  -16.03000      1.4109390E-04
  -16.02000      9.1277740E-05
  -16.01000      5.3347165E-05
  -16.00000      2.8070861E-05
  -15.99000      1.5849559E-05
  -15.98000      1.6595632E-05
  -15.97000      2.9683313E-05
  -15.96000      5.4151777E-05
  -15.95000      8.8488276E-05
  -15.94000      1.3094132E-04
  -15.93000      1.7940703E-04
  -15.92000      2.3149286E-04
  -15.91000      2.8497720E-04
  -15.90000      3.3725737E-04
  -15.89000      3.8610594E-04
  -15.88000      4.2929960E-04
  -15.87000      4.6496317E-04
  -15.86000      4.9162522E-04
  -15.85000      5.0813711E-04
  -15.84000      5.1373325E-04
  -15.83000      5.0827436E-04
  -15.82000      4.9196818E-04
  -15.81000      4.6559508E-04
  -15.80000      4.3026975E-04
  -15.79000      3.8767658E-04
  -15.78000      3.3957241E-04
  -15.77000      2.8818351E-04
  -15.76000      2.3572202E-04
  -15.75000      1.8435621E-04
  -15.74000      1.3645638E-04
  -15.73000      9.3776915E-05
  -15.72000      5.8187343E-05
  -15.71000      3.0942854E-05
  -15.70000      1.3022245E-05
  -15.69000      4.9532759E-06
  -15.68000      6.6875600E-06
  -15.67000      1.7817563E-05
  -15.66000      3.7332586E-05
  -15.65000      6.3948588E-05
  -15.64000      9.5831245E-05
  -15.63000      1.3100973E-04
  -15.62000      1.6738827E-04
  -15.61000      2.0256304E-04
  -15.60000      2.3457049E-04
  -15.59000      2.6124492E-04
  -15.58000      2.8110549E-04
  -15.57000      2.9287281E-04
  -15.56000      2.9585403E-04
  -15.55000      2.8996950E-04
  -15.54000      2.7575422E-04
  -15.53000      2.5452013E-04
  -15.52000      2.2810188E-04
  -15.51000      1.9921581E-04
  -15.50000      1.7098236E-04
  -15.49000      1.4707803E-04
  -15.48000      1.3160985E-04
  -15.47000      1.2877033E-04
  -15.46000      1.4299326E-04
  -15.45000      1.7840658E-04
  -15.44000      2.3878561E-04
  -15.43000      3.2809449E-04
  -15.42000      4.4919236E-04
  -15.41000      6.0423190E-04
  -15.40000      7.9398754E-04
  -15.39000      1.0192527E-03
  -15.38000      1.2782727E-03
  -15.37000      1.5693204E-03
  -15.36000      1.8885417E-03
  -15.35000      2.2315742E-03
  -15.34000      2.5930726E-03
  -15.33000      2.9668424E-03
  -15.32000      3.3450366E-03
  -15.31000      3.7209147E-03
  -15.30000      4.0857890E-03
  -15.29000      4.4321893E-03
  -15.28000      4.7523389E-03
  -15.27000      5.0377031E-03
  -15.26000      5.2822526E-03
  -15.25000      5.4794382E-03
  -15.24000      5.6243497E-03
  -15.23000      5.7133795E-03
  -15.22000      5.7435776E-03
  -15.21000      5.7142237E-03
  -15.20000      5.6259031E-03
  -15.19000      5.4801949E-03
  -15.18000      5.2805878E-03
  -15.17000      5.0316048E-03
  -15.16000      4.7394480E-03
  -15.15000      4.4101966E-03
  -15.14000      4.0527298E-03
  -15.13000      3.6742478E-03
  -15.12000      3.2849330E-03
  -15.11000      2.8927263E-03
  -15.10000      2.5057886E-03
  -15.09000      2.1334796E-03
  -15.08000      1.7814025E-03
  -15.07000      1.4574847E-03
  -15.06000      1.1656930E-03
  -15.05000      9.0995280E-04
  -15.04000      6.9254986E-04
  -15.03000      5.1507191E-04
  -15.02000      3.7687560E-04
  -15.01000      2.7702621E-04
  -15.00000      2.1247257E-04
  -14.99000      1.8009933E-04
  -14.98000      1.7523796E-04
  -14.97000      1.9307951E-04
  -14.96000      2.2803390E-04
  -14.95000      2.7478897E-04
  -14.94000      3.2769848E-04
  -14.93000      3.8179109E-04
  -14.92000      4.3241880E-04
  -14.91000      4.7571308E-04
  -14.90000      5.0858012E-04
  -14.89000      5.2885409E-04
  -14.88000      5.3528184E-04
  -14.87000      5.2767841E-04
  -14.86000      5.0666428E-04
  -14.85000      4.7376906E-04
  -14.84000      4.3113538E-04
  -14.83000      3.8165829E-04
  -14.82000      3.2817680E-04
  -14.81000      2.7410779E-04
  -14.80000      2.2245142E-04
  -14.79000      1.7614679E-04
  -14.78000      1.3759575E-04
  -14.77000      1.0858108E-04
  -14.76000      9.0223351E-05
  -14.75000      8.2877879E-05
  -14.74000      8.5986147E-05
  -14.73000      9.8276862E-05
  -14.72000      1.1765312E-04
  -14.71000      1.4154756E-04
  -14.70000      1.6676079E-04
  -14.69000      1.9014078E-04
  -14.68000      2.0843338E-04
  -14.67000      2.1890164E-04
  -14.66000      2.1939927E-04
  -14.65000      2.0880719E-04
  -14.64000      1.8721638E-04
  -14.63000      1.5635072E-04
  -14.62000      1.1949769E-04
  -14.61000      8.1643586E-05
  -14.60000      5.0248596E-05
  -14.59000      3.4279892E-05
  -14.58000      4.4915134E-05
  -14.57000      9.4705079E-05
  -14.56000      1.9817121E-04
  -14.55000      3.7009449E-04
  -14.54000      6.2689715E-04
  -14.53000      9.8448747E-04
  -14.52000      1.4593425E-03
  -14.51000      2.0646814E-03
  -14.50000      2.8170298E-03
  -14.49000      3.7233932E-03
  -14.48000      4.7975099E-03
  -14.47000      6.0388758E-03
  -14.46000      7.4503226E-03
  -14.45000      9.0298979E-03
  -14.44000      1.0764187E-02
  -14.43000      1.2648427E-02
  -14.42000      1.4655406E-02
  -14.41000      1.6769050E-02
  -14.40000      1.8959450E-02
  -14.39000      2.1200672E-02
  -14.38000      2.3455014E-02
  -14.37000      2.5692504E-02
  -14.36000      2.7864398E-02
  -14.35000      2.9944001E-02
  -14.34000      3.1882610E-02
  -14.33000      3.3644021E-02
  -14.32000      3.5189372E-02
  -14.31000      3.6481798E-02
  -14.30000      3.7493110E-02
  -14.29000      3.8195770E-02
  -14.28000      3.8566597E-02
  -14.27000      3.8596049E-02
  -14.26000      3.8273908E-02
  -14.25000      3.7601925E-02
  -14.24000      3.6589481E-02
  -14.23000      3.5251077E-02
  -14.22000      3.3608820E-02
  -14.21000      3.1694725E-02
  -14.20000      2.9545173E-02
  -14.19000      2.7199313E-02
  -14.18000      2.4710227E-02
  -14.17000      2.2120835E-02
  -14.16000      1.9488385E-02
  -14.15000      1.6863469E-02
  -14.14000      1.4294117E-02
  -14.13000      1.1838248E-02
  -14.12000      9.5291920E-03
  -14.11000      7.4170474E-03
  -14.10000      5.5323425E-03
  -14.09000      3.9059939E-03
  -14.08000      2.5630933E-03
  -14.07000      1.5164522E-03
  -14.06000      7.7277428E-04
  -14.05000      3.3323132E-04
  -14.04000      1.8696324E-04
  -14.03000      3.1797632E-04
  -14.02000      6.9970626E-04
  -14.01000      1.3036017E-03
  -14.00000      2.0891197E-03
  -13.99000      3.0200607E-03
  -13.98000      4.0471237E-03
  -13.97000      5.1295380E-03
  -13.96000      6.2199342E-03
  -13.95000      7.2751176E-03
  -13.94000      8.2513504E-03
  -13.93000      9.1134254E-03
  -13.92000      9.8251440E-03
  -13.91000      1.0362548E-02
  -13.90000      1.0701718E-02
  -13.89000      1.0831739E-02
  -13.88000      1.0746490E-02
  -13.87000      1.0450114E-02
  -13.86000      9.9509694E-03
  -13.85000      9.2700562E-03
  -13.84000      8.4308470E-03
  -13.83000      7.4667088E-03
  -13.82000      6.4135343E-03
  -13.81000      5.3151976E-03
  -13.80000      4.2112917E-03
  -13.79000      3.1539486E-03
  -13.78000      2.1867908E-03
  -13.77000      1.3594913E-03
  -13.76000      7.1476441E-04
  -13.75000      2.9335025E-04
  -13.74000      1.2825319E-04
  -13.73000      2.4929049E-04
  -13.72000      6.7891565E-04
  -13.71000      1.4312391E-03
  -13.70000      2.5146659E-03
  -13.69000      3.9276369E-03
  -13.68000      5.6611784E-03
  -13.67000      7.7021536E-03
  -13.66000      1.0017755E-02
  -13.65000      1.2583400E-02
  -13.64000      1.5356083E-02
  -13.63000      1.8292001E-02
  -13.62000      2.1347784E-02
  -13.61000      2.4461782E-02
  -13.60000      2.7587736E-02
  -13.59000      3.0670658E-02
  -13.58000      3.3653956E-02
  -13.57000      3.6494814E-02
  -13.56000      3.9133672E-02
  -13.55000      4.1531779E-02
  -13.54000      4.3655705E-02
  -13.53000      4.5462336E-02
  -13.52000      4.6934359E-02
  -13.51000      4.8043292E-02
  -13.50000      4.8783384E-02
  -13.49000      4.9149252E-02
  -13.48000      4.9142651E-02
  -13.47000      4.8772100E-02
  -13.46000      4.8053697E-02
  -13.45000      4.7008894E-02
  -13.44000      4.5661908E-02
  -13.43000      4.4041418E-02
  -13.42000      4.2180035E-02
  -13.41000      4.0109925E-02
  -13.40000      3.7873801E-02
  -13.39000      3.5499893E-02
  -13.38000      3.3036247E-02
  -13.37000      3.0516475E-02
  -13.36000      2.7974648E-02
  -13.35000      2.5453199E-02
  -13.34000      2.2971239E-02
  -13.33000      2.0569693E-02
  -13.32000      1.8263476E-02
  -13.31000      1.6078323E-02
  -13.30000      1.4025910E-02
  -13.29000      1.2122142E-02
  -13.28000      1.0372101E-02
  -13.27000      8.7858187E-03
  -13.26000      7.3579843E-03
  -13.25000      6.0916808E-03
  -13.24000      4.9798954E-03
  -13.23000      4.0157773E-03
  -13.22000      3.1928434E-03
  -13.21000      2.4965778E-03
  -13.20000      1.9185158E-03
  -13.19000      1.4447186E-03
  -13.18000      1.0638357E-03
  -13.17000      7.6324795E-04
  -13.16000      5.3106638E-04
  -13.15000      3.5615743E-04
  -13.14000      2.2861823E-04
  -13.13000      1.3876159E-04
  -13.12000      7.8565703E-05
  -13.11000      4.0713581E-05
  -13.10000      1.9160920E-05
  -13.09000      8.9420291E-06
  -13.08000      5.9982135E-06
  -13.07000      7.2877624E-06
  -13.06000      1.0527318E-05
  -13.05000      1.4201139E-05
  -13.04000      1.7308996E-05
  -13.03000      1.9364687E-05
  -13.02000      2.0180412E-05
  -13.01000      1.9831201E-05
  -13.00000      1.8525470E-05
  -12.99000      1.6547732E-05
  -12.98000      1.4198494E-05
  -12.97000      1.1746717E-05
  -12.96000      9.4272391E-06
  -12.95000      7.3903880E-06
  -12.94000      5.7511797E-06
  -12.93000      4.5615297E-06
  -12.92000      3.8572698E-06
  -12.91000      3.6725289E-06
  -12.90000      4.0643063E-06
  -12.89000      5.1448947E-06
  -12.88000      7.0878468E-06
  -12.87000      1.0172693E-05
  -12.86000      1.4753307E-05
  -12.85000      2.1286201E-05
  -12.84000      3.0337416E-05
  -12.83000      4.2489162E-05
  -12.82000      5.8473812E-05
  -12.81000      7.8913086E-05
  -12.80000      1.0453200E-04
  -12.79000      1.3591435E-04
  -12.78000      1.7368964E-04
  -12.77000      2.1818148E-04
  -12.76000      2.6982388E-04
  -12.75000      3.2844470E-04
  -12.74000      3.9421237E-04
  -12.73000      4.6655489E-04
  -12.72000      5.4493814E-04
  -12.71000      6.2859099E-04
  -12.70000      7.1614550E-04
  -12.69000      8.0665277E-04
  -12.68000      8.9847058E-04
  -12.67000      9.9008624E-04
  -12.66000      1.0797951E-03
  -12.65000      1.1660045E-03
  -12.64000      1.2468919E-03
  -12.63000      1.3211854E-03
  -12.62000      1.3871063E-03
  -12.61000      1.4435640E-03
  -12.60000      1.4892452E-03
  -12.59000      1.5233838E-03
  -12.58000      1.5452795E-03
  -12.57000      1.5544405E-03
  -12.56000      1.5508973E-03
  -12.55000      1.5347898E-03
  -12.54000      1.5065549E-03
  -12.53000      1.4668249E-03
  -12.52000      1.4166613E-03
  -12.51000      1.3569336E-03
  -12.50000      1.2891266E-03
  -12.49000      1.2144631E-03
  -12.48000      1.1343926E-03
  -12.47000      1.0505997E-03
  -12.46000      9.6452073E-04
  -12.45000      8.7751244E-04
  -12.44000      7.9125370E-04
  -12.43000      7.0681312E-04
  -12.42000      6.2558887E-04
  -12.41000      5.4850546E-04
  -12.40000      4.7620729E-04
  -12.39000      4.0960830E-04
  -12.38000      3.4881645E-04
  -12.37000      2.9439473E-04
  -12.36000      2.4619431E-04
  -12.35000      2.0424336E-04
  -12.34000      1.6828327E-04
  -12.33000      1.3806828E-04
  -12.32000      1.1312486E-04
  -12.31000      9.3067691E-05
  -12.30000      7.7281475E-05
  -12.29000      6.5309694E-05
  -12.28000      5.6563586E-05
  -12.27000      5.0515922E-05
  -12.26000      4.6659181E-05
  -12.25000      4.4497003E-05
  -12.24000      4.3618205E-05
  -12.23000      4.3627555E-05
  -12.22000      4.4203829E-05
  -12.21000      4.5069421E-05
  -12.20000      4.5993449E-05
  -12.19000      4.6806719E-05
  -12.18000      4.7363341E-05
  -12.17000      4.7569814E-05
  -12.16000      4.7356396E-05
  -12.15000      4.6686451E-05
  -12.14000      4.5540968E-05
  -12.13000      4.3914755E-05
  -12.12000      4.1832263E-05
  -12.11000      3.9311915E-05
  -12.10000      3.6407953E-05
  -12.09000      3.3169290E-05
  -12.08000      2.9672181E-05
  -12.07000      2.6000576E-05
  -12.06000      2.2255086E-05
  -12.05000      1.8578265E-05
  -12.04000      1.5100716E-05
  -12.03000      1.2003168E-05
  -12.02000      9.4650613E-06
  -12.01000      7.6965043E-06
  -12.00000      6.9242651E-06
  -11.99000      7.3850861E-06
  -11.98000      9.3262424E-06
  -11.97000      1.3003156E-05
  -11.96000      1.8676548E-05
  -11.95000      2.6592361E-05
  -11.94000      3.6978916E-05
  -11.93000      5.0104660E-05
  -11.92000      6.6114277E-05
  -11.91000      8.5246684E-05
  -11.90000      1.0758787E-04
  -11.89000      1.3325598E-04
  -11.88000      1.6238973E-04
  -11.87000      1.9492829E-04
  -11.86000      2.3098807E-04
  -11.85000      2.7041323E-04
  -11.84000      3.1322523E-04
  -11.83000      3.5930361E-04
  -11.82000      4.0855072E-04
  -11.81000      4.6072109E-04
  -11.80000      5.1584566E-04
  -11.79000      5.7342032E-04
  -11.78000      6.3349470E-04
  -11.77000      6.9563900E-04
  -11.76000      7.5952150E-04
  -11.75000      8.2503242E-04
  -11.74000      8.9156977E-04
  -11.73000      9.5912890E-04
  -11.72000      1.0270152E-03
  -11.71000      1.0949138E-03
  -11.70000      1.1624570E-03
  -11.69000      1.2291803E-03
  -11.68000      1.2944069E-03
  -11.67000      1.3577202E-03
  -11.66000      1.4181638E-03
  -11.65000      1.4753351E-03
  -11.64000      1.5283647E-03
  -11.63000      1.5763813E-03
  -11.62000      1.6187103E-03
  -11.61000      1.6544458E-03
  -11.60000      1.6829107E-03
  -11.59000      1.7033964E-03
  -11.58000      1.7152003E-03
  -11.57000      1.7178718E-03
  -11.56000      1.7109691E-03
  -11.55000      1.6941280E-03
  -11.54000      1.6673793E-03
  -11.53000      1.6306089E-03
  -11.52000      1.5841355E-03
  -11.51000      1.5284067E-03
  -11.50000      1.4639909E-03
  -11.49000      1.3915923E-03
  -11.48000      1.3123808E-03
  -11.47000      1.2272502E-03
  -11.46000      1.1376047E-03
  -11.45000      1.0447443E-03
  -11.44000      9.4977685E-04
  -11.43000      8.5444865E-04
  -11.42000      7.5988332E-04
  -11.41000      6.6756079E-04
  -11.40000      5.7871669E-04
  -11.39000      4.9448857E-04
  -11.38000      4.1606004E-04
  -11.37000      3.4422480E-04
  -11.36000      2.7964561E-04
  -11.35000      2.2301060E-04
  -11.34000      1.7440970E-04
  -11.33000      1.3416281E-04
  -11.32000      1.0175523E-04
  -11.31000      7.6896598E-05
  -11.30000      5.9086269E-05
  -11.29000      4.7620939E-05
  -11.28000      4.1669926E-05
  -11.27000      4.0337829E-05
  -11.26000      4.2684864E-05
  -11.25000      4.7755279E-05
  -11.24000      5.4615644E-05
  -11.23000      6.2431420E-05
  -11.22000      7.0415750E-05
  -11.21000      7.7961959E-05
  -11.20000      8.4543732E-05
  -11.19000      8.9821471E-05
  -11.18000      9.3582894E-05
  -11.17000      9.5775024E-05
  -11.16000      9.6443066E-05
  -11.15000      9.5764444E-05
  -11.14000      9.3998802E-05
  -11.13000      9.1452770E-05
  -11.12000      8.8488290E-05
  -11.11000      8.5446409E-05
  -11.10000      8.2666244E-05
  -11.09000      8.0446160E-05
  -11.08000      7.9012105E-05
  -11.07000      7.8572280E-05
  -11.06000      7.9251236E-05
  -11.05000      8.1177976E-05
  -11.04000      8.4481464E-05
  -11.03000      8.9330686E-05
  -11.02000      9.6045784E-05
  -11.01000      1.0503849E-04
  -11.00000      1.1704239E-04
  -10.99000      1.3304623E-04
  -10.98000      1.5441212E-04
  -10.97000      1.8304808E-04
  -10.96000      2.2115832E-04
  -10.95000      2.7170149E-04
  -10.94000      3.3806745E-04
  -10.93000      4.2413146E-04
  -10.92000      5.3471862E-04
  -10.91000      6.7433045E-04
  -10.90000      8.4896956E-04
  -10.89000      1.0639660E-03
  -10.88000      1.3254614E-03
  -10.87000      1.6394623E-03
  -10.86000      2.0113676E-03
  -10.85000      2.4460666E-03
  -10.84000      2.9497147E-03
  -10.83000      3.5238431E-03
  -10.82000      4.1730194E-03
  -10.81000      4.8967479E-03
  -10.80000      5.6939814E-03
  -10.79000      6.5659196E-03
  -10.78000      7.5038872E-03
  -10.77000      8.5064787E-03
  -10.76000      9.5610926E-03
  -10.75000      1.0660773E-02
  -10.74000      1.1791391E-02
  -10.73000      1.2940180E-02
  -10.72000      1.4087826E-02
  -10.71000      1.5219923E-02
  -10.70000      1.6312486E-02
  -10.69000      1.7349651E-02
  -10.68000      1.8308394E-02
  -10.67000      1.9167684E-02
  -10.66000      1.9910762E-02
  -10.65000      2.0516843E-02
  -10.64000      2.0971837E-02
  -10.63000      2.1262249E-02
  -10.62000      2.1376226E-02
  -10.61000      2.1307060E-02
  -10.60000      2.1051630E-02
  -10.59000      2.0609109E-02
  -10.58000      1.9981204E-02
  -10.57000      1.9178921E-02
  -10.56000      1.8212335E-02
  -10.55000      1.7098345E-02
  -10.54000      1.5858656E-02
  -10.53000      1.4516176E-02
  -10.52000      1.3092550E-02
  -10.51000      1.1620112E-02
  -10.50000      1.0123022E-02
  -10.49000      8.6394493E-03
  -10.48000      7.1942164E-03
  -10.47000      5.8223316E-03
  -10.46000      4.5503112E-03
  -10.45000      3.4040811E-03
  -10.44000      2.4122063E-03
  -10.43000      1.5897569E-03
  -10.42000      9.5503690E-04
  -10.41000      5.1555608E-04
  -10.40000      2.7643109E-04
  -10.39000      2.3612160E-04
  -10.38000      3.8713252E-04
  -10.37000      7.1712880E-04
  -10.36000      1.2076163E-03
  -10.35000      1.8373902E-03
  -10.34000      2.5784327E-03
  -10.33000      3.4004245E-03
  -10.32000      4.2729876E-03
  -10.31000      5.1582311E-03
  -10.30000      6.0244924E-03
  -10.29000      6.8344087E-03
  -10.28000      7.5565577E-03
  -10.27000      8.1621222E-03
  -10.26000      8.6240890E-03
  -10.25000      8.9230873E-03
  -10.24000      9.0440009E-03
  -10.23000      8.9790123E-03
  -10.22000      8.7276250E-03
  -10.21000      8.2958294E-03
  -10.20000      7.6987813E-03
  -10.19000      6.9565987E-03
  -10.18000      6.1012721E-03
  -10.17000      5.1650424E-03
  -10.16000      4.1920915E-03
  -10.15000      3.2292260E-03
  -10.14000      2.3235769E-03
  -10.13000      1.5311351E-03
  -10.12000      9.0042758E-04
  -10.11000      4.8704463E-04
  -10.10000      3.3982913E-04
  -10.09000      5.0554489E-04
  -10.08000      1.0272769E-03
  -10.07000      1.9400485E-03
  -10.06000      3.2759428E-03
  -10.05000      5.0493409E-03
  -10.04000      7.2762636E-03
  -10.03000      9.9554425E-03
  -10.02000      1.3071954E-02
  -10.01000      1.6611462E-02
  -10.00000      2.0516554E-02
  -9.990000      2.4783213E-02
  -9.980000      2.9339395E-02
  -9.970000      3.4127757E-02
  -9.960000      3.9082076E-02
  -9.950000      4.4130310E-02
  -9.940000      4.9194701E-02
  -9.930000      5.4202698E-02
  -9.920000      5.9069186E-02
  -9.910000      6.3720696E-02
  -9.900000      6.8081945E-02
  -9.890000      7.2080590E-02
  -9.880000      7.5652950E-02
  -9.870000      7.8738369E-02
  -9.860000      8.1290439E-02
  -9.850000      8.3265714E-02
  -9.840000      8.4632657E-02
  -9.830000      8.5373767E-02
  -9.820000      8.5475512E-02
  -9.810000      8.4946752E-02
  -9.800000      8.3797663E-02
  -9.790000      8.2052670E-02
  -9.780000      7.9748459E-02
  -9.770000      7.6931827E-02
  -9.760000      7.3652558E-02
  -9.750000      6.9973901E-02
  -9.740000      6.5961070E-02
  -9.730000      6.1682615E-02
  -9.720000      5.7208821E-02
  -9.710000      5.2611075E-02
  -9.700000      4.7959354E-02
  -9.690000      4.3320466E-02
  -9.680000      3.8753409E-02
  -9.670000      3.4316812E-02
  -9.660000      3.0060232E-02
  -9.650000      2.6029417E-02
  -9.640000      2.2256298E-02
  -9.630000      1.8771915E-02
  -9.620000      1.5595509E-02
  -9.610000      1.2741345E-02
  -9.600000      1.0214228E-02
  -9.590000      8.0134263E-03
  -9.580000      6.1312020E-03
  -9.570000      4.5542740E-03
  -9.560000      3.2640498E-03
  -9.550000      2.2386010E-03
  -9.540000      1.4519960E-03
  -9.530000      8.7657274E-04
  -9.520000      4.8331794E-04
  -9.510000      2.4277295E-04
  -9.500000      1.2637100E-04
  -9.490000      1.0642545E-04
  -9.480000      1.5744455E-04
  -9.470000      2.5629433E-04
  -9.460000      3.8272448E-04
  -9.450000      5.1960093E-04
  -9.440000      6.5292727E-04
  -9.430000      7.7195454E-04
  -9.420000      8.6897181E-04
  -9.410000      9.3919557E-04
  -9.400000      9.8028756E-04
  -9.390000      9.9236227E-04
  -9.380000      9.7722607E-04
  -9.370000      9.3817338E-04
  -9.360000      8.7951840E-04
  -9.350000      8.0615678E-04
  -9.340000      7.2321191E-04
  -9.330000      6.3573214E-04
  -9.320000      5.4829911E-04
  -9.310000      4.6478564E-04
  -9.300000      3.8835593E-04
  -9.290000      3.2114363E-04
  -9.280000      2.6443976E-04
  -9.270000      2.1855051E-04
  -9.260000      1.8300935E-04
  -9.250000      1.5665086E-04
  -9.240000      1.3782615E-04
  -9.230000      1.2459014E-04
  -9.220000      1.1490504E-04
  -9.210000      1.0686790E-04
  -9.200000      9.8894998E-05
  -9.190000      8.9889072E-05
  -9.180000      7.9397454E-05
  -9.170000      6.7700959E-05
  -9.160000      5.5853507E-05
  -9.150000      4.5705525E-05
  -9.140000      3.9856193E-05
  -9.130000      4.1533316E-05
  -9.120000      5.4485954E-05
  -9.110000      8.2774823E-05
  -9.100000      1.3058752E-04
  -9.090000      2.0196165E-04
  -9.080000      3.0065072E-04
  -9.070000      4.2975330E-04
  -9.060000      5.9166318E-04
  -9.050000      7.8769849E-04
  -9.040000      1.0181370E-03
  -9.030000      1.2819025E-03
  -9.020000      1.5767873E-03
  -9.010000      1.8989934E-03
  -9.000000      2.2439652E-03
  -8.990000      2.6054652E-03
  -8.980000      2.9762490E-03
  -8.970000      3.3484574E-03
  -8.960000      3.7136059E-03
  -8.950000      4.0628160E-03
  -8.940000      4.3871356E-03
  -8.930000      4.6776822E-03
  -8.920000      4.9266503E-03
  -8.910000      5.1266947E-03
  -8.900000      5.2719251E-03
  -8.890000      5.3577125E-03
  -8.880000      5.3810515E-03
  -8.870000      5.3408397E-03
  -8.860000      5.2378019E-03
  -8.850000      5.0743553E-03
  -8.840000      4.8548160E-03
  -8.830000      4.5849397E-03
  -8.820000      4.2720460E-03
  -8.810000      3.9245887E-03
  -8.800000      3.5517330E-03
  -8.790000      3.1636648E-03
  -8.780000      2.7703396E-03
  -8.770000      2.3817227E-03
  -8.760000      2.0076830E-03
  -8.750000      1.6568064E-03
  -8.740000      1.3373091E-03
  -8.730000      1.0556357E-03
  -8.720000      8.1714382E-04
  -8.710000      6.2528776E-04
  -8.700000      4.8207605E-04
  -8.690000      3.8768395E-04
  -8.680000      3.4060949E-04
  -8.670000      3.3771989E-04
  -8.660000      3.7445466E-04
  -8.650000      4.4510176E-04
  -8.640000      5.4288650E-04
  -8.630000      6.6042045E-04
  -8.620000      7.8991038E-04
  -8.610000      9.2356931E-04
  -8.600000      1.0538819E-03
  -8.590000      1.1738110E-03
  -8.580000      1.2772367E-03
  -8.570000      1.3590171E-03
  -8.560000      1.4152104E-03
  -8.550000      1.4432243E-03
  -8.540000      1.4417227E-03
  -8.530000      1.4109731E-03
  -8.520000      1.3523181E-03
  -8.510000      1.2683894E-03
  -8.500000      1.1629554E-03
  -8.490000      1.0405795E-03
  -8.480000      9.0646453E-04
  -8.470000      7.6620141E-04
  -8.460000      6.2544661E-04
  -8.450000      4.8977538E-04
  -8.440000      3.6424099E-04
  -8.430000      2.5329727E-04
  -8.420000      1.6044441E-04
  -8.410000      8.8267159E-05
  -8.400000      3.8102000E-05
  -8.390000      1.0206043E-05
  -8.380000      3.6021534E-06
  -8.370000      1.6270187E-05
  -8.360000      4.5236040E-05
  -8.350000      8.6717788E-05
  -8.340000      1.3640779E-04
  -8.330000      1.8964375E-04
  -8.320000      2.4178172E-04
  -8.310000      2.8830901E-04
  -8.300000      3.2529040E-04
  -8.290000      3.4951876E-04
  -8.280000      3.5876659E-04
  -8.270000      3.5199596E-04
  -8.260000      3.2947038E-04
  -8.250000      2.9289769E-04
  -8.240000      2.4538618E-04
  -8.230000      1.9140288E-04
  -8.220000      1.3668579E-04
  -8.210000      8.8020955E-05
  -8.200000      5.3055985E-05
  -8.190000      3.9879684E-05
  -8.180000      5.6829325E-05
  -8.170000      1.1201979E-04
  -8.160000      2.1301863E-04
  -8.150000      3.6653932E-04
  -8.140000      5.7790306E-04
  -8.130000      8.5109723E-04
  -8.120000      1.1879193E-03
  -8.110000      1.5885553E-03
  -8.100000      2.0505630E-03
  -8.090000      2.5696510E-03
  -8.080000      3.1389904E-03
  -8.070000      3.7496882E-03
  -8.060000      4.3908395E-03
  -8.050000      5.0497223E-03
  -8.040000      5.7123289E-03
  -8.030000      6.3640648E-03
  -8.020000      6.9889226E-03
  -8.010000      7.5714434E-03
  -8.000000      8.0967527E-03
  -7.990000      8.5508432E-03
  -7.980000      8.9210942E-03
  -7.970000      9.1974288E-03
  -7.960000      9.3713291E-03
  -7.950000      9.4377492E-03
  -7.940000      9.3937833E-03
  -7.930000      9.2401467E-03
  -7.920000      8.9799007E-03
  -7.910000      8.6193355E-03
  -7.900000      8.1675919E-03
  -7.890000      7.6352721E-03
  -7.880000      7.0362492E-03
  -7.870000      6.3855634E-03
  -7.860000      5.6988909E-03
  -7.850000      4.9935090E-03
  -7.840000      4.2859931E-03
  -7.830000      3.5934120E-03
  -7.820000      2.9315648E-03
  -7.810000      2.3150803E-03
  -7.800000      1.7563858E-03
  -7.790000      1.2663625E-03
  -7.780000      8.5272128E-04
  -7.770000      5.2089797E-04
  -7.760000      2.7314658E-04
  -7.750000      1.0909762E-04
  -7.740000      2.5500902E-05
  -7.730000      1.6583601E-05
  -7.720000      7.4261152E-05
  -7.710000      1.8871244E-04
  -7.700000      3.4862649E-04
  -7.690000      5.4171594E-04
  -7.680000      7.5538113E-04
  -7.670000      9.7685936E-04
  -7.660000      1.1941346E-03
  -7.650000      1.3959811E-03
  -7.640000      1.5727142E-03
  -7.630000      1.7161511E-03
  -7.620000      1.8203437E-03
  -7.610000      1.8811459E-03
  -7.600000      1.8968215E-03
  -7.590000      1.8678345E-03
  -7.580000      1.7966976E-03
  -7.570000      1.6877996E-03
  -7.560000      1.5472043E-03
  -7.550000      1.3821726E-03
  -7.540000      1.2007571E-03
  -7.530000      1.0116531E-03
  -7.520000      8.2337059E-04
  -7.510000      6.4386899E-04
  -7.500000      4.8039982E-04
  -7.490000      3.3886815E-04
  -7.480000      2.2380135E-04
  -7.470000      1.3792439E-04
  -7.460000      8.2262894E-05
  -7.450000      5.6014185E-05
  -7.440000      5.6696703E-05
  -7.430000      8.0338628E-05
  -7.420000      1.2176193E-04
  -7.410000      1.7491574E-04
  -7.400000      2.3331166E-04
  -7.390000      2.9046315E-04
  -7.380000      3.4044086E-04
  -7.370000      3.7827768E-04
  -7.360000      4.0051891E-04
  -7.350000      4.0559564E-04
  -7.340000      3.9420795E-04
  -7.330000      3.6956411E-04
  -7.320000      3.3752789E-04
  -7.310000      3.0667789E-04
  -7.300000      2.8818325E-04
  -7.290000      2.9553458E-04
  -7.280000      3.4419127E-04
  -7.270000      4.5111435E-04
  -7.260000      6.3414301E-04
  -7.250000      9.1123389E-04
  -7.240000      1.3000772E-03
  -7.230000      1.8165769E-03
  -7.220000      2.4752319E-03
  -7.210000      3.2871047E-03
  -7.200000      4.2599300E-03
  -7.190000      5.3971251E-03
  -7.180000      6.6972296E-03
  -7.170000      8.1530325E-03
  -7.160000      9.7526154E-03
  -7.150000      1.1477727E-02
  -7.140000      1.3305473E-02
  -7.130000      1.5206046E-02
  -7.120000      1.7147198E-02
  -7.110000      1.9091735E-02
  -7.100000      2.1000169E-02
  -7.090000      2.2830173E-02
  -7.080000      2.4540765E-02
  -7.070000      2.6089918E-02
  -7.060000      2.7440438E-02
  -7.050000      2.8555071E-02
  -7.040000      2.9402850E-02
  -7.030000      2.9957749E-02
  -7.020000      3.0200768E-02
  -7.010000      3.0119026E-02
  -7.000000      2.9707413E-02
  -6.990000      2.8970761E-02
  -6.980000      2.7918439E-02
  -6.970000      2.6571419E-02
  -6.960000      2.4957303E-02
  -6.950000      2.3110474E-02
  -6.940000      2.1073341E-02
  -6.930000      1.8891871E-02
  -6.920000      1.6619479E-02
  -6.910000      1.4309453E-02
  -6.900000      1.2019482E-02
  -6.890000      9.8036462E-03
  -6.880000      7.7165705E-03
  -6.870000      5.8072549E-03
  -6.860000      4.1203210E-03
  -6.850000      2.6940487E-03
  -6.840000      1.5574265E-03
  -6.830000      7.3114893E-04
  -6.820000      2.2634021E-04
  -6.810000      4.3789423E-05
  -6.800000      1.7536472E-04
  -6.790000      6.0237281E-04
  -6.780000      1.2976044E-03
  -6.770000      2.2257839E-03
  -6.760000      3.3447938E-03
  -6.750000      4.6061254E-03
  -6.740000      5.9576370E-03
  -6.730000      7.3453961E-03
  -6.720000      8.7128012E-03
  -6.710000      1.0007141E-02
  -6.700000      1.1175752E-02
  -6.690000      1.2172890E-02
  -6.680000      1.2958590E-02
  -6.670000      1.3500657E-02
  -6.660000      1.3776694E-02
  -6.650000      1.3773853E-02
  -6.640000      1.3490901E-02
  -6.630000      1.2936847E-02
  -6.620000      1.2131003E-02
  -6.610000      1.1104226E-02
  -6.600000      9.8950220E-03
  -6.590000      8.5517587E-03
  -6.580000      7.1275700E-03
  -6.570000      5.6818435E-03
  -6.560000      4.2777266E-03
  -6.550000      2.9800802E-03
  -6.540000      1.8521817E-03
  -6.530000      9.5656473E-04
  -6.520000      3.5149601E-04
  -6.510000      8.9714405E-05
  -6.500000      2.1602775E-04
  -6.490000      7.6700997E-04
  -6.480000      1.7687177E-03
  -6.470000      3.2362349E-03
  -6.460000      5.1731169E-03
  -6.450000      7.5707478E-03
  -6.440000      1.0408543E-02
  -6.430000      1.3655526E-02
  -6.420000      1.7268118E-02
  -6.410000      2.1195652E-02
  -6.400000      2.5379144E-02
  -6.390000      2.9752614E-02
  -6.380000      3.4248672E-02
  -6.370000      3.8790215E-02
  -6.360000      4.3306701E-02
  -6.350000      4.7722735E-02
  -6.340000      5.1967800E-02
  -6.330000      5.5973049E-02
  -6.320000      5.9675712E-02
  -6.310000      6.3019037E-02
  -6.300000      6.5951392E-02
  -6.290000      6.8434805E-02
  -6.280000      7.0430413E-02
  -6.270000      7.1918987E-02
  -6.260000      7.2885998E-02
  -6.250000      7.3327474E-02
  -6.240000      7.3252536E-02
  -6.230000      7.2672538E-02
  -6.220000      7.1615465E-02
  -6.210000      7.0113882E-02
  -6.200000      6.8207487E-02
  -6.190000      6.5939330E-02
  -6.180000      6.3358672E-02
  -6.170000      6.0517877E-02
  -6.160000      5.7468310E-02
  -6.150000      5.4258712E-02
  -6.140000      5.0941147E-02
  -6.130000      4.7563944E-02
  -6.120000      4.4168845E-02
  -6.110000      4.0796757E-02
  -6.100000      3.7483111E-02
  -6.090000      3.4256265E-02
  -6.080000      3.1143997E-02
  -6.070000      2.8167428E-02
  -6.060000      2.5343413E-02
  -6.050000      2.2682704E-02
  -6.040000      2.0194773E-02
  -6.030000      1.7883873E-02
  -6.020000      1.5751015E-02
  -6.010000      1.3795777E-02
  -6.000000      1.2013155E-02
  -5.990000      1.0397734E-02
  -5.980000      8.9416411E-03
  -5.970000      7.6367324E-03
  -5.960000      6.4730980E-03
  -5.950000      5.4411478E-03
  -5.940000      4.5310422E-03
  -5.930000      3.7333465E-03
  -5.920000      3.0382802E-03
  -5.910000      2.4373382E-03
  -5.900000      1.9220406E-03
  -5.890000      1.4848858E-03
  -5.880000      1.1188203E-03
  -5.870000      8.1743929E-04
  -5.860000      5.7458261E-04
  -5.850000      3.8471600E-04
  -5.840000      2.4232657E-04
  -5.830000      1.4229561E-04
  -5.820000      7.9469442E-05
  -5.810000      4.8884827E-05
  -5.800000      4.5461646E-05
  -5.790000      6.4273823E-05
  -5.780000      1.0037701E-04
  -5.770000      1.4899363E-04
  -5.760000      2.0554010E-04
  -5.750000      2.6568607E-04
  -5.740000      3.2551322E-04
  -5.730000      3.8149994E-04
  -5.720000      4.3070939E-04
  -5.710000      4.7077227E-04
  -5.700000      5.0003926E-04
  -5.690000      5.1749754E-04
  -5.680000      5.2284601E-04
  -5.670000      5.1644148E-04
  -5.660000      4.9933797E-04
  -5.650000      4.7310561E-04
  -5.640000      4.3986045E-04
  -5.630000      4.0207111E-04
  -5.620000      3.6254642E-04
  -5.610000      3.2416827E-04
  -5.600000      2.8988920E-04
  -5.590000      2.6254961E-04
  -5.580000      2.4471397E-04
  -5.570000      2.3858261E-04
  -5.560000      2.4589855E-04
  -5.550000      2.6785836E-04
  -5.540000      3.0505078E-04
  -5.530000      3.5748072E-04
  -5.520000      4.2448269E-04
  -5.510000      5.0488644E-04
  -5.500000      5.9697282E-04
  -5.490000      6.9857424E-04
  -5.480000      8.0717070E-04
  -5.470000      9.2003972E-04
  -5.460000      1.0342812E-03
  -5.450000      1.1469646E-03
  -5.440000      1.2552316E-03
  -5.430000      1.3564496E-03
  -5.420000      1.4481376E-03
  -5.410000      1.5282998E-03
  -5.400000      1.5952372E-03
  -5.390000      1.6476741E-03
  -5.380000      1.6849174E-03
  -5.370000      1.7065745E-03
  -5.360000      1.7128999E-03
  -5.350000      1.7044890E-03
  -5.340000      1.6822590E-03
  -5.330000      1.6474897E-03
  -5.320000      1.6015799E-03
  -5.310000      1.5462909E-03
  -5.300000      1.4831736E-03
  -5.290000      1.4139179E-03
  -5.280000      1.3401035E-03
  -5.270000      1.2631904E-03
  -5.260000      1.1844150E-03
  -5.250000      1.1049039E-03
  -5.240000      1.0255958E-03
  -5.230000      9.4725558E-04
  -5.220000      8.7050564E-04
  -5.210000      7.9589552E-04
  -5.200000      7.2386593E-04
  -5.190000      6.5487920E-04
  -5.180000      5.8934861E-04
  -5.170000      5.2780996E-04
  -5.160000      4.7079369E-04
  -5.150000      4.1898998E-04
  -5.140000      3.7308855E-04
  -5.130000      3.3388293E-04
  -5.120000      3.0218656E-04
  -5.110000      2.7881493E-04
  -5.100000      2.6453799E-04
  -5.090000      2.5999948E-04
  -5.080000      2.6566963E-04
  -5.070000      2.8180797E-04
  -5.060000      3.0838515E-04
  -5.050000      3.4504099E-04
  -5.040000      3.9104940E-04
  -5.030000      4.4533779E-04
  -5.020000      5.0638738E-04
  -5.010000      5.7238201E-04
  -5.000000      6.4111530E-04
  -4.990000      7.1017782E-04
  -4.980000      7.7689812E-04
  -4.970000      8.3854032E-04
  -4.960000      8.9242560E-04
  -4.950000      9.3596126E-04
  -4.940000      9.6687104E-04
  -4.930000      9.8329189E-04
  -4.920000      9.8385091E-04
  -4.910000      9.6779957E-04
  -4.900000      9.3507243E-04
  -4.890000      8.8636170E-04
  -4.880000      8.2302804E-04
  -4.870000      7.4714812E-04
  -4.860000      6.6143589E-04
  -4.850000      5.6902861E-04
  -4.840000      4.7353440E-04
  -4.830000      3.7868600E-04
  -4.820000      2.8826389E-04
  -4.810000      2.0593403E-04
  -4.800000      1.3499547E-04
  -4.790000      7.8193661E-05
  -4.780000      3.7642250E-05
  -4.770000      1.4618741E-05
  -4.760000      9.4746738E-06
  -4.750000      2.1575312E-05
  -4.740000      4.9291873E-05
  -4.730000      9.0040594E-05
  -4.720000      1.4043519E-04
  -4.710000      1.9640195E-04
  -4.700000      2.5349646E-04
  -4.690000      3.0711971E-04
  -4.680000      3.5296136E-04
  -4.670000      3.8715577E-04
  -4.660000      4.0690636E-04
  -4.650000      4.1063628E-04
  -4.640000      3.9836325E-04
  -4.630000      3.7199308E-04
  -4.620000      3.3549007E-04
  -4.610000      2.9510024E-04
  -4.600000      2.5925311E-04
  -4.590000      2.3866509E-04
  -4.580000      2.4611317E-04
  -4.570000      2.9618380E-04
  -4.560000      4.0493315E-04
  -4.550000      5.8926776E-04
  -4.540000      8.6661713E-04
  -4.530000      1.2538912E-03
  -4.520000      1.7669973E-03
  -4.510000      2.4198706E-03
  -4.500000      3.2236676E-03
  -4.490000      4.1867374E-03
  -4.480000      5.3121210E-03
  -4.470000      6.5995585E-03
  -4.460000      8.0427993E-03
  -4.450000      9.6312109E-03
  -4.440000      1.1349373E-02
  -4.430000      1.3174860E-02
  -4.420000      1.5082954E-02
  -4.410000      1.7042588E-02
  -4.400000      1.9020455E-02
  -4.390000      2.0979298E-02
  -4.380000      2.2879394E-02
  -4.370000      2.4681019E-02
  -4.360000      2.6342263E-02
  -4.350000      2.7823063E-02
  -4.340000      2.9084343E-02
  -4.330000      3.0092476E-02
  -4.320000      3.0814776E-02
  -4.310000      3.1227855E-02
  -4.300000      3.1313155E-02
  -4.290000      3.1061588E-02
  -4.280000      3.0471588E-02
  -4.270000      2.9551156E-02
  -4.260000      2.8319851E-02
  -4.250000      2.6801035E-02
  -4.240000      2.5031660E-02
  -4.230000      2.3051765E-02
  -4.220000      2.0909121E-02
  -4.210000      1.8654233E-02
  -4.200000      1.6340109E-02
  -4.190000      1.4021216E-02
  -4.180000      1.1750791E-02
  -4.170000      9.5797544E-03
  -4.160000      7.5548310E-03
  -4.150000      5.7171439E-03
  -4.140000      4.1025709E-03
  -4.130000      2.7400376E-03
  -4.120000      1.6488809E-03
  -4.110000      8.4026426E-04
  -4.100000      3.1714424E-04
  -4.090000      7.2115785E-05
  -4.080000      8.9510868E-05
  -4.070000      3.4513327E-04
  -4.060000      8.0735772E-04
  -4.050000      1.4382686E-03
  -4.040000      2.1959103E-03
  -4.030000      3.0349395E-03
  -4.020000      3.9100517E-03
  -4.010000      4.7761090E-03
  -4.000000      5.5914852E-03
  -3.990000      6.3183717E-03
  -3.980000      6.9257547E-03
  -3.970000      7.3876781E-03
  -3.960000      7.6870681E-03
  -3.950000      7.8141987E-03
  -3.940000      7.7670566E-03
  -3.930000      7.5515322E-03
  -3.920000      7.1803671E-03
  -3.910000      6.6735707E-03
  -3.900000      6.0555437E-03
  -3.890000      5.3557502E-03
  -3.880000      4.6054525E-03
  -3.870000      3.8376234E-03
  -3.860000      3.0842368E-03
  -3.850000      2.3747629E-03
  -3.840000      1.7349519E-03
  -3.830000      1.1849115E-03
  -3.820000      7.3854986E-04
  -3.810000      4.0280528E-04
  -3.800000      1.7715793E-04
  -3.790000      5.4759734E-05
  -3.780000      2.2422570E-05
  -3.770000      6.2108113E-05
  -3.760000      1.5242700E-04
  -3.750000      2.7044013E-04
  -3.740000      3.9369156E-04
  -3.730000      5.0241582E-04
  -3.720000      5.8169349E-04
  -3.710000      6.2366592E-04
  -3.700000      6.2967534E-04
  -3.690000      6.1200786E-04
  -3.680000      5.9527566E-04
  -3.670000      6.1774551E-04
  -3.660000      7.3113374E-04
  -3.650000      1.0007386E-03
  -3.640000      1.5038453E-03
  -3.630000      2.3291027E-03
  -3.620000      3.5716728E-03
  -3.610000      5.3330716E-03
  -3.600000      7.7148881E-03
  -3.590000      1.0817184E-02
  -3.580000      1.4732962E-02
  -3.570000      1.9545350E-02
  -3.560000      2.5321126E-02
  -3.550000      3.2110639E-02
  -3.540000      3.9940245E-02
  -3.530000      4.8809879E-02
  -3.520000      5.8690276E-02
  -3.510000      6.9516286E-02
  -3.500000      8.1189059E-02
  -3.490000      9.3568332E-02
  -3.480000      0.1064809    
  -3.470000      0.1197245    
  -3.460000      0.1330464    
  -3.450000      0.1461776    
  -3.440000      0.1588358    
  -3.430000      0.1707200    
  -3.420000      0.1815352    
  -3.410000      0.1909951    
  -3.400000      0.1988452    
  -3.390000      0.2048485    
  -3.380000      0.2088215    
  -3.370000      0.2106194    
  -3.360000      0.2101445    
  -3.350000      0.2073652    
  -3.340000      0.2022797    
  -3.330000      0.1949650    
  -3.320000      0.1855342    
  -3.310000      0.1741630    
  -3.300000      0.1610781    
  -3.290000      0.1465548    
  -3.280000      0.1309218    
  -3.270000      0.1145453    
  -3.260000      9.7828269E-02
  -3.250000      8.1208088E-02
  -3.240000      6.5122426E-02
  -3.230000      5.0018203E-02
  -3.220000      3.6315452E-02
  -3.210000      2.4408381E-02
  -3.200000      1.4631761E-02
  -3.190000      7.2599291E-03
  -3.180000      2.4869952E-03
  -3.170000      4.2867460E-04
  -3.160000      1.1161184E-03
  -3.150000      4.4890530E-03
  -3.140000      1.0404642E-02
  -3.130000      1.8642642E-02
  -3.120000      2.8906841E-02
  -3.110000      4.0833034E-02
  -3.100000      5.3995244E-02
  -3.090000      6.7926995E-02
  -3.080000      8.2110129E-02
  -3.070000      9.6019469E-02
  -3.060000      0.1091007    
  -3.050000      0.1208356    
  -3.040000      0.1307252    
  -3.030000      0.1383305    
  -3.020000      0.1432933    
  -3.010000      0.1453488    
  -3.000000      0.1443574    
  -2.990000      0.1402902    
  -2.980000      0.1332509    
  -2.970000      0.1234747    
  -2.960000      0.1113190    
  -2.950000      9.7247891E-02
  -2.940000      8.1838638E-02
  -2.930000      6.5750964E-02
  -2.920000      4.9731229E-02
  -2.910000      3.4587037E-02
  -2.900000      2.1185502E-02
  -2.890000      1.0423539E-02
  -2.880000      3.2211510E-03
  -2.870000      4.9017847E-04
  -2.860000      3.1058083E-03
  -2.850000      1.1875454E-02
  -2.840000      2.7515559E-02
  -2.830000      5.0617941E-02
  -2.820000      8.1600726E-02
  -2.810000      0.1207138    
  -2.800000      0.1680268    
  -2.790000      0.2234255    
  -2.780000      0.2866074    
  -2.770000      0.3571036    
  -2.760000      0.4343384    
  -2.750000      0.5175272    
  -2.740000      0.6058844    
  -2.730000      0.6983837    
  -2.720000      0.7940155    
  -2.710000      0.8915224    
  -2.700000      0.9896698    
  -2.690000       1.087016    
  -2.680000       1.182024    
  -2.670000       1.273047    
  -2.660000       1.358513    
  -2.650000       1.436779    
  -2.640000       1.506180    
  -2.630000       1.565415    
  -2.620000       1.613447    
  -2.610000       1.649364    
  -2.600000       1.672730    
  -2.590000       1.683355    
  -2.580000       1.681595    
  -2.570000       1.667839    
  -2.560000       1.642776    
  -2.550000       1.607167    
  -2.540000       1.561822    
  -2.530000       1.507666    
  -2.520000       1.445593    
  -2.510000       1.376467    
  -2.500000       1.301193    
  -2.490000       1.220807    
  -2.480000       1.136297    
  -2.470000       1.048727    
  -2.460000      0.9592702    
  -2.450000      0.8691198    
  -2.440000      0.7795599    
  -2.430000      0.6917915    
  -2.420000      0.6070301    
  -2.410000      0.5262893    
  -2.400000      0.4505018    
  -2.390000      0.3803604    
  -2.380000      0.3163888    
  -2.370000      0.2588765    
  -2.360000      0.2079366    
  -2.350000      0.1634953    
  -2.340000      0.1253642    
  -2.330000      9.3263820E-02
  -2.320000      6.6826798E-02
  -2.310000      4.5619871E-02
  -2.300000      2.9210772E-02
  -2.290000      1.7099226E-02
  -2.280000      8.7770140E-03
  -2.270000      3.7088026E-03
  -2.260000      1.3576325E-03
  -2.250000      1.1913296E-03
  -2.240000      2.6943176E-03
  -2.230000      5.3828992E-03
  -2.220000      8.8244881E-03
  -2.210000      1.2645368E-02
  -2.200000      1.6521012E-02
  -2.190000      2.0165237E-02
  -2.180000      2.3378715E-02
  -2.170000      2.6037930E-02
  -2.160000      2.7969116E-02
  -2.150000      2.9085245E-02
  -2.140000      2.9488437E-02
  -2.130000      2.9217588E-02
  -2.120000      2.8363343E-02
  -2.110000      2.7056651E-02
  -2.100000      2.5354024E-02
  -2.090000      2.3266947E-02
  -2.080000      2.0768533E-02
  -2.070000      1.7895726E-02
  -2.060000      1.4856675E-02
  -2.050000      1.2101724E-02
  -2.040000      1.0054807E-02
  -2.030000      8.3447639E-03
  -2.020000      6.5216799E-03
  -2.010000      4.7061122E-03
  -2.000000      3.1755008E-03
  -1.990000      2.0032483E-03
  -1.980000      1.2440942E-03
  -1.970000      7.8968017E-04
  -1.960000      5.1765115E-04
  -1.950000      3.9698934E-04
  -1.940000      3.9897347E-04
  -1.930000      4.6728397E-04
  -1.920000      5.8210926E-04
  -1.910000      7.2575227E-04
  -1.900000      8.4907003E-04
  -1.890000      9.6837239E-04
  -1.880000      1.2581063E-03
  -1.870000      1.8604267E-03
  -1.860000      2.2590922E-03
  -1.850000      1.9952939E-03
  -1.840000      2.1503274E-03
  -1.830000      2.2318778E-03
  -1.820000      1.7663898E-03
  -1.810000      2.4599794E-03
  -1.800000      5.0281221E-03
  -1.790000      8.1437146E-03
  -1.780000      8.3548240E-03
  -1.770000      5.6262556E-03
  -1.760000      4.1526989E-03
  -1.750000      4.6306830E-03
  -1.740000      6.3698692E-03
  -1.730000      1.1162800E-02
  -1.720000      1.6864864E-02
  -1.710000      2.6523095E-02
  -1.700000      3.5445333E-02
  -1.690000      2.9461699E-02
  -1.680000      1.4283987E-02
  -1.670000      9.0212421E-03
  -1.660000      1.1335304E-02
  -1.650000      1.6395302E-02
  -1.640000      1.5196535E-02
  -1.630000      1.3013148E-02
  -1.620000      1.3774347E-02
  -1.610000      1.6946657E-02
  -1.600000      1.4748539E-02
  -1.590000      2.2648087E-02
  -1.580000      5.6095541E-02
  -1.570000      0.1550342    
  -1.560000      0.2083706    
  -1.550000      0.1061489    
  -1.540000      4.6480510E-02
  -1.530000      2.4865214E-02
  -1.520000      1.1178749E-02
  -1.510000      7.3667541E-03
  -1.500000      5.0416272E-03
  -1.490000      5.0541041E-03
  -1.480000      5.4893498E-03
  -1.470000      5.0834883E-03
  -1.460000      3.7583678E-03
  -1.450000      2.3163946E-03
  -1.440000      1.2169993E-03
  -1.430000      1.0491371E-03
  -1.420000      7.5970893E-04
  -1.410000      2.5510346E-04
  -1.400000      1.1677270E-04
  -1.390000      1.1856173E-04
  -1.380000      1.4604149E-04
  -1.370000      1.1744828E-04
  -1.360000      1.0782677E-04
  -1.350000      1.4495025E-04
  -1.340000      2.2127081E-04
  -1.330000      5.0998625E-04
  -1.320000      9.6451031E-04
  -1.310000      1.3266992E-03
  -1.300000      2.3059205E-03
  -1.290000      3.6609990E-03
  -1.280000      2.9143174E-03
  -1.270000      1.0071934E-03
  -1.260000      3.6871014E-04
  -1.250000      2.5515078E-04
  -1.240000      2.6038082E-04
  -1.230000      2.5282876E-04
  -1.220000      2.1905839E-04
  -1.210000      1.9012518E-04
  -1.200000      1.7283707E-04
  -1.190000      1.6918250E-04
  -1.180000      1.7275126E-04
  -1.170000      1.8074767E-04
  -1.160000      1.9136512E-04
  -1.150000      1.8583171E-04
  -1.140000      1.9170166E-04
  -1.130000      1.3577857E-04
  -1.120000     -2.1586496E-04
  -1.110000      1.8344321E-05
  -1.100000      1.5003871E-02
  -1.090000      6.1027501E-02
  -1.080000      5.2047521E-02
  -1.070000      3.0679325E-02
  -1.060000      1.0694664E-02
  -1.050000      5.0642568E-04
  -1.040000      2.0322220E-04
  -1.030000      2.7535672E-04
  -1.020000      4.7508840E-04
  -1.010000      6.3405145E-04
  -1.000000      5.9716072E-04
 -0.9900000      1.8387158E-04
 -0.9800000      9.2699964E-05
 -0.9700000      2.2343249E-04
 -0.9600000      1.1457183E-03
 -0.9500000      1.7866235E-03
 -0.9400000      5.7797594E-04
 -0.9300000      1.2350437E-04
 -0.9200000      8.9231864E-05
 -0.9100000      1.6200701E-04
 -0.9000000      2.0545840E-04
 -0.8900000      1.1648382E-04
 -0.8800000      2.1470926E-04
 -0.8700000      3.0905122E-04
 -0.8600000      1.3396831E-04
 -0.8500000      1.3181310E-04
 -0.8400000      1.4364099E-04
 -0.8300000      1.6297580E-04
 -0.8200000      1.7840209E-04
 -0.8100000      1.6476797E-04
 -0.8000000      1.8375348E-04
 -0.7900000      2.0549230E-04
 -0.7800000      2.3942436E-04
 -0.7700000      2.6496858E-04
 -0.7600000      3.1202604E-04
 -0.7500000      4.4277636E-04
 -0.7400000      6.8786897E-04
 -0.7300000      8.9216518E-04
 -0.7200000      1.0036852E-03
 -0.7100000      3.9432370E-04
 -0.7000000      2.7054845E-04
 -0.6900000      2.2864394E-04
 -0.6800000      2.4777587E-04
 -0.6700000      3.4175339E-04
 -0.6600000      2.4075639E-04
 -0.6500000      2.1869956E-04
 -0.6400000      2.4916028E-04
 -0.6300000      2.0485508E-04
 -0.6200000      1.9690137E-04
 -0.6100000      2.6746455E-04
 -0.6000000      1.7006902E-04
 -0.5900000      1.7711645E-04
 -0.5800000      2.7517753E-03
 -0.5700000      3.8198868E-03
 -0.5600000      4.8404574E-04
 -0.5500000     -2.5155379E-05
 -0.5400000      6.0572449E-05
 -0.5300000      2.0262803E-04
 -0.5200000      6.3953295E-05
 -0.5100000      4.8197758E-06
 -0.5000000      1.2538648E-05
 -0.4900000      8.9590547E-05
 -0.4800000      7.5293821E-05
 -0.4700000      1.1491566E-05
 -0.4600000      4.6059154E-06
 -0.4500000      7.5415805E-06
 -0.4400000      1.7229793E-05
 -0.4300000      3.7701458E-05
 -0.4200000      4.9838633E-05
 -0.4100000      3.3958830E-05
 -0.4000000      2.5294787E-05
 -0.3900000      2.7174778E-05
 -0.3800000      2.9335444E-05
 -0.3700000      2.9146464E-05
 -0.3600000      3.2470263E-05
 -0.3500000      1.3202276E-04
 -0.3400000      3.5698360E-04
 -0.3300000      1.3463225E-04
 -0.3200000      3.5181158E-05
 -0.3100000      2.9482140E-05
 -0.3000000      2.8718325E-05
 -0.2900000      2.6160134E-05
 -0.2800000      2.2924600E-05
 -0.2700000      1.9814321E-05
 -0.2600000      1.6719110E-05
 -0.2500000      1.3815832E-05
 -0.2400000      1.1287512E-05
 -0.2300000      9.3265407E-06
 -0.2200000      7.9538459E-06
 -0.2100000      7.2095295E-06
 -0.2000000      7.2482017E-06
 -0.1900000      7.7862233E-06
 -0.1800000      8.5873544E-06
 -0.1700000      9.7139373E-06
 -0.1600000      1.0899581E-05
 -0.1500000      1.2013412E-05
 -0.1400000      1.3220471E-05
 -0.1300000      1.4358437E-05
 -0.1200000      1.5377183E-05
 -0.1100000      1.6425733E-05
 -0.1000000      1.7486553E-05
 -9.0000004E-02  1.8572104E-05
 -7.9999998E-02  1.9707502E-05
 -7.0000000E-02  2.0852196E-05
 -5.9999999E-02  2.2099051E-05
 -5.0000001E-02  2.3365439E-05
 -3.9999999E-02  2.4458808E-05
 -2.9999999E-02  2.6852291E-05
 -2.0000000E-02  5.2742358E-05
 -9.9999998E-03  8.7062210E-05
  0.0000000E+00  5.5240598E-05
  9.9999998E-03  4.9560040E-05
  2.0000000E-02  5.6550514E-05
  2.9999999E-02  6.6477813E-05
  3.9999999E-02  7.7906894E-05
  5.0000001E-02  9.4191011E-05
  5.9999999E-02  1.4841380E-04
  7.0000000E-02  4.0769717E-04
  7.9999998E-02  5.2325468E-04
  9.0000004E-02  3.9634091E-04
  0.1000000      2.5067810E-04
  0.1100000      2.3898693E-04
  0.1200000      2.5341913E-04
  0.1300000      4.4752698E-04
  0.1400000      2.1058312E-03
  0.1500000      3.1518256E-03
  0.1600000      8.0743432E-04
  0.1700000      3.9688943E-04
  0.1800000      5.1631551E-04
  0.1900000      2.0401129E-03
  0.2000000      3.1271712E-03
  0.2100000      9.5041294E-04
  0.2200000      2.8700448E-04
  0.2300000      7.4875896E-04
  0.2400000      1.1503042E-02
  0.2500000      1.9240713E-02
  0.2600000      2.5974421E-03
  0.2700000      2.4217834E-04
  0.2800000      5.9659913E-04
  0.2900000      7.8816101E-04
  0.3000000      5.5115472E-04
  0.3100000      4.3399635E-04
  0.3200000      4.7344802E-04
  0.3300000      4.3546080E-04
  0.3400000      3.2842520E-04
  0.3500000      2.9181654E-04
  0.3600000      4.5738841E-04
  0.3700000      3.1149806E-04
  0.3800000      1.4973238E-04
  0.3900000      1.2790223E-04
  0.4000000      1.4188120E-04
  0.4100000      8.0799167E-05
  0.4200000      1.9480266E-04
  0.4300000      2.8397798E-04
  0.4400000      4.1722597E-05
  0.4500000      1.1484219E-05
  0.4600000      1.5450720E-05
  0.4700000      2.2899576E-05
  0.4800000      4.2248561E-05
  0.4900000      6.5506552E-05
  0.5000000      1.0617709E-04
  0.5100000      1.5428146E-04
  0.5200000      1.8758731E-04
  0.5300000      3.1752337E-04
  0.5400000      3.2516982E-04
  0.5500000      1.0293848E-03
  0.5600000      3.1862969E-03
  0.5700000      1.1382230E-03
  0.5800000      6.7459024E-04
  0.5900000      8.5083180E-04
  0.6000000      4.7476211E-04
  0.6100000      4.0831300E-04
  0.6200000      1.6358469E-03
  0.6300000      3.0222356E-03
  0.6400000      7.6965307E-04
  0.6500000      2.4854406E-04
  0.6600000      3.2975737E-04
  0.6700000      5.4597616E-04
  0.6800000      5.1283982E-04
  0.6900000      3.9681030E-04
  0.7000000      1.9800673E-04
  0.7100000      1.4953870E-04
  0.7200000      1.5275109E-04
  0.7300000      2.2898831E-04
  0.7400000      4.3105552E-04
  0.7500000      2.9219021E-04
  0.7600000      2.5224368E-04
  0.7700000      3.6679037E-04
  0.7800000      5.2940164E-04
  0.7900000      7.1073830E-04
  0.8000000      1.0128465E-03
  0.8100000      1.2718672E-03
  0.8200000      1.5239639E-03
  0.8300000      2.1678093E-03
  0.8400000      3.2562295E-03
  0.8500000      4.8344382E-03
  0.8600000      8.0987513E-03
  0.8700000      3.5722277E-03
  0.8800000      2.2701903E-03
  0.8900000      3.1413855E-03
  0.9000000      8.3292061E-03
  0.9100000      1.4646790E-02
  0.9200000      1.8243119E-02
  0.9300000      1.2555642E-02
  0.9400000      1.0073773E-02
  0.9500000      1.0623598E-02
  0.9600000      9.6133444E-03
  0.9700000      6.5249410E-03
  0.9800000      5.5684303E-03
  0.9900000      6.4332918E-03
   1.000000      8.5704988E-03
   1.010000      1.4306861E-02
   1.020000      1.8023347E-02
   1.030000      2.3398312E-02
   1.040000      2.0257218E-02
   1.050000      1.8656954E-02
   1.060000      1.0059297E-02
   1.070000      1.3177873E-02
   1.080000      3.3401862E-02
   1.090000      5.4316010E-02
   1.100000      1.6842648E-02
   1.110000      1.2457986E-02
   1.120000      1.6372815E-02
   1.130000      0.1753779    
   1.140000      0.2607277    
   1.150000      7.1307145E-02
   1.160000      0.1211758    
   1.170000      0.2599982    
   1.180000      7.2378613E-02
   1.190000      2.4433204E-03
   1.200000      1.5783957E-03
   1.210000      2.7024786E-03
   1.220000      2.5180313E-03
   1.230000      2.5824704E-03
   1.240000      5.9765866E-03
   1.250000      1.1269941E-02
   1.260000      6.9410661E-03
   1.270000      9.3902582E-03
   1.280000      9.3189618E-03
   1.290000      8.9690033E-03
   1.300000      1.3846141E-02
   1.310000      2.4233827E-02
   1.320000      4.0964179E-02
   1.330000      4.8654668E-02
   1.340000      2.8544672E-02
   1.350000      7.5969724E-03
   1.360000      3.2951480E-03
   1.370000      3.1581032E-03
   1.380000      5.2020974E-03
   1.390000      1.6488202E-02
   1.400000      3.7990838E-02
   1.410000      3.7308089E-02
   1.420000      1.6103437E-02
   1.430000      6.5536844E-03
   1.440000      4.6080230E-03
   1.450000      4.4972487E-03
   1.460000      5.4824743E-03
   1.470000      4.5303740E-03
   1.480000      3.6945827E-03
   1.490000      3.6167691E-03
   1.500000      5.5629630E-03
   1.510000      1.5414461E-02
   1.520000      3.6498658E-02
   1.530000      3.6734402E-02
   1.540000      1.4162032E-02
   1.550000      3.5375424E-03
   1.560000      1.2581919E-03
   1.570000      7.4310886E-04
   1.580000      6.2746136E-04
   1.590000      7.6605886E-04
   1.600000      1.1610521E-03
   1.610000      1.4189790E-03
   1.620000      1.1904002E-03
   1.630000      9.3025627E-04
   1.640000      9.7044703E-04
   1.650000      1.6289476E-03
   1.660000      2.5177978E-03
   1.670000      3.3424704E-03
   1.680000      3.9284285E-03
   1.690000      3.4676192E-03
   1.700000      1.8252819E-03
   1.710000      6.7419099E-04
   1.720000      3.7590880E-04
   1.730000      3.1122673E-04
   1.740000      3.3575224E-04
   1.750000      6.4802828E-04
   1.760000      1.9516593E-03
   1.770000      4.3163644E-03
   1.780000      5.6035845E-03
   1.790000      4.5077489E-03
   1.800000      3.3049667E-03
   1.810000      3.7398860E-03
   1.820000      6.4831828E-03
   1.830000      1.3769468E-02
   1.840000      2.3374310E-02
   1.850000      2.7126973E-02
   1.860000      2.3269910E-02
   1.870000      1.8805802E-02
   1.880000      1.9853419E-02
   1.890000      2.3913065E-02
   1.900000      2.8535595E-02
   1.910000      3.3625230E-02
   1.920000      4.0623982E-02
   1.930000      4.8572641E-02
   1.940000      4.9780469E-02
   1.950000      4.5073278E-02
   1.960000      4.1547634E-02
   1.970000      4.0902179E-02
   1.980000      4.1358296E-02
   1.990000      4.2036477E-02
   2.000000      4.4461448E-02
   2.010000      4.9032059E-02
   2.020000      4.9669888E-02
   2.030000      4.4469755E-02
   2.040000      3.8837675E-02
   2.050000      3.5717547E-02
   2.060000      3.4117904E-02
   2.070000      3.2445487E-02
   2.080000      2.9944299E-02
   2.090000      2.6800057E-02
   2.100000      2.3574954E-02
   2.110000      2.0469515E-02
   2.120000      1.7487252E-02
   2.130000      1.4695789E-02
   2.140000      1.2160976E-02
   2.150000      9.9016316E-03
   2.160000      7.9276524E-03
   2.170000      6.2578446E-03
   2.180000      4.9064285E-03
   2.190000      3.8710672E-03
   2.200000      3.1425357E-03
   2.210000      2.7130207E-03
   2.220000      2.5673374E-03
   2.230000      2.6779245E-03
   2.240000      3.0108022E-03
   2.250000      3.5264741E-03
   2.260000      4.1788123E-03
   2.270000      4.9203821E-03
   2.280000      5.7076989E-03
   2.290000      6.4984770E-03
   2.300000      7.2520985E-03
   2.310000      7.9330495E-03
   2.320000      8.5135857E-03
   2.330000      8.9708846E-03
   2.340000      9.2893140E-03
   2.350000      9.4587225E-03
   2.360000      9.4742700E-03
   2.370000      9.3360310E-03
   2.380000      9.0491893E-03
   2.390000      8.6247586E-03
   2.400000      8.0773346E-03
   2.410000      7.4278438E-03
   2.420000      6.7003528E-03
   2.430000      5.9230775E-03
   2.440000      5.1254425E-03
   2.450000      4.3372870E-03
   2.460000      3.5861854E-03
   2.470000      2.8968174E-03
   2.480000      2.2889657E-03
   2.490000      1.7765014E-03
   2.500000      1.3673697E-03
   2.510000      1.0637180E-03
   2.520000      8.6215767E-04
   2.530000      7.5422245E-04
   2.540000      7.2713493E-04
   2.550000      7.6494936E-04
   2.560000      8.4915030E-04
   2.570000      9.5968973E-04
   2.580000      1.0762573E-03
   2.590000      1.1793942E-03
   2.600000      1.2520780E-03
   2.610000      1.2807053E-03
   2.620000      1.2569014E-03
   2.630000      1.1781610E-03
   2.640000      1.0487471E-03
   2.650000      8.7971170E-04
   2.660000      6.8901508E-04
   2.670000      5.0083076E-04
   2.680000      3.4501447E-04
   2.690000      2.5599948E-04
   2.700000      2.7180975E-04
   2.710000      4.3297067E-04
   2.720000      7.8070641E-04
   2.730000      1.3560128E-03
   2.740000      2.1974032E-03
   2.750000      3.3395428E-03
   2.760000      4.8103500E-03
   2.770000      6.6303792E-03
   2.780000      8.8085840E-03
   2.790000      1.1344058E-02
   2.800000      1.4221290E-02
   2.810000      1.7411567E-02
   2.820000      2.0873692E-02
   2.830000      2.4556948E-02
   2.840000      2.8397635E-02
   2.850000      3.2323509E-02
   2.860000      3.6262710E-02
   2.870000      4.0135607E-02
   2.880000      4.3864772E-02
   2.890000      4.7372419E-02
   2.900000      5.0582819E-02
   2.910000      5.3424619E-02
   2.920000      5.5830773E-02
   2.930000      5.7741836E-02
   2.940000      5.9101481E-02
   2.950000      5.9870418E-02
   2.960000      6.0012512E-02
   2.970000      5.9509955E-02
   2.980000      5.8359094E-02
   2.990000      5.6575093E-02
   3.000000      5.4188073E-02
   3.010000      5.1250074E-02
   3.020000      4.7829326E-02
   3.030000      4.4007163E-02
   3.040000      3.9879017E-02
   3.050000      3.5547797E-02
   3.060000      3.1119794E-02
   3.070000      2.6702767E-02
   3.080000      2.2395695E-02
   3.090000      1.8296486E-02
   3.100000      1.4487170E-02
   3.110000      1.1042559E-02
   3.120000      8.0203032E-03
   3.130000      5.4665017E-03
   3.140000      3.4115894E-03
   3.150000      1.8708295E-03
   3.160000      8.4376789E-04
   3.170000      3.1553497E-04
   3.180000      2.5659465E-04
   3.190000      6.2333548E-04
   3.200000      1.3600794E-03
   3.210000      2.4012441E-03
   3.220000      3.6733621E-03
   3.230000      5.0984523E-03
   3.240000      6.5968619E-03
   3.250000      8.0915624E-03
   3.260000      9.5099676E-03
   3.270000      1.0788365E-02
   3.280000      1.1871911E-02
   3.290000      1.2718008E-02
   3.300000      1.3297104E-02
   3.310000      1.3590893E-02
   3.320000      1.3595123E-02
   3.330000      1.3317115E-02
   3.340000      1.2775678E-02
   3.350000      1.1999112E-02
   3.360000      1.1024482E-02
   3.370000      9.8960260E-03
   3.380000      8.6630173E-03
   3.390000      7.3773721E-03
   3.400000      6.0921093E-03
   3.410000      4.8576095E-03
   3.420000      3.7211832E-03
   3.430000      2.7226987E-03
   3.440000      1.8948761E-03
   3.450000      1.2600505E-03
   3.460000      8.3065906E-04
   3.470000      6.0836028E-04
   3.480000      5.8446446E-04
   3.490000      7.4106449E-04
   3.500000      1.0523852E-03
   3.510000      1.4865267E-03
   3.520000      2.0071203E-03
   3.530000      2.5761591E-03
   3.540000      3.1552713E-03
   3.550000      3.7085977E-03
   3.560000      4.2049387E-03
   3.570000      4.6189460E-03
   3.580000      4.9343943E-03
   3.590000      5.1440531E-03
   3.600000      5.2519166E-03
   3.610000      5.2736681E-03
   3.620000      5.2363900E-03
   3.630000      5.1784241E-03
   3.640000      5.1476117E-03
   3.650000      5.2005649E-03
   3.660000      5.3991731E-03
   3.670000      5.8083213E-03
   3.680000      6.4936350E-03
   3.690000      7.5167939E-03
   3.700000      8.9351907E-03
   3.710000      1.0794857E-02
   3.720000      1.3132823E-02
   3.730000      1.5969513E-02
   3.740000      1.9311480E-02
   3.750000      2.3145048E-02
   3.760000      2.7438544E-02
   3.770000      3.2141525E-02
   3.780000      3.7179336E-02
   3.790000      4.2461604E-02
   3.800000      4.7879219E-02
   3.810000      5.3310979E-02
   3.820000      5.8615215E-02
   3.830000      6.3652746E-02
   3.840000      6.8282433E-02
   3.850000      7.2361566E-02
   3.860000      7.5761743E-02
   3.870000      7.8366280E-02
   3.880000      8.0082223E-02
   3.890000      8.0836982E-02
   3.900000      8.0586217E-02
   3.910000      7.9315312E-02
   3.920000      7.7035882E-02
   3.930000      7.3791802E-02
   3.940000      6.9652930E-02
   3.950000      6.4716600E-02
   3.960000      5.9105888E-02
   3.970000      5.2964434E-02
   3.980000      4.6456143E-02
   3.990000      3.9752521E-02
   4.000000      3.3046950E-02
   4.010000      2.6524860E-02
   4.020000      2.0378018E-02
   4.030000      1.4786271E-02
   4.040000      9.9187139E-03
   4.050000      5.9177089E-03
   4.060000      2.9035630E-03
   4.070000      9.6037285E-04
   4.080000      1.3830769E-04
   4.090000      4.4808985E-04
   4.100000      1.8609387E-03
   4.110000      4.3086195E-03
   4.120000      7.6894728E-03
   4.130000      1.1864762E-02
   4.140000      1.6670618E-02
   4.150000      2.1922138E-02
   4.160000      2.7412757E-02
   4.170000      3.2925766E-02
   4.180000      3.8244538E-02
   4.190000      4.3155454E-02
   4.200000      4.7452979E-02
   4.210000      5.0953455E-02
   4.220000      5.3494304E-02
   4.230000      5.4953191E-02
   4.240000      5.5243611E-02
   4.250000      5.4325368E-02
   4.260000      5.2208889E-02
   4.270000      4.8953254E-02
   4.280000      4.4676922E-02
   4.290000      3.9543387E-02
   4.300000      3.3767458E-02
   4.310000      2.7608186E-02
   4.320000      2.1354903E-02
   4.330000      1.5330232E-02
   4.340000      9.8703243E-03
   4.350000      5.3288317E-03
   4.360000      2.0543635E-03
   4.370000      3.8909001E-04
   4.380000      6.5554964E-04
   4.390000      3.1498999E-03
   4.400000      8.1330109E-03
   4.410000      1.5816981E-02
   4.420000      2.6361387E-02
   4.430000      3.9867405E-02
   4.440000      5.6360699E-02
   4.450000      7.5809084E-02
   4.460000      9.8079644E-02
   4.470000      0.1229969    
   4.480000      0.1502933    
   4.490000      0.1796329    
   4.500000      0.2106355    
   4.510000      0.2428613    
   4.520000      0.2758196    
   4.530000      0.3090170    
   4.540000      0.3419379    
   4.550000      0.3740623    
   4.560000      0.4048772    
   4.570000      0.4339049    
   4.580000      0.4606803    
   4.590000      0.4847797    
   4.600000      0.5058197    
   4.610000      0.5234597    
   4.620000      0.5374205    
   4.630000      0.5475118    
   4.640000      0.5535250    
   4.650000      0.5554112    
   4.660000      0.5531402    
   4.670000      0.5467878    
   4.680000      0.5364873    
   4.690000      0.5224110    
   4.700000      0.5048965    
   4.710000      0.4842370    
   4.720000      0.4608395    
   4.730000      0.4351418    
   4.740000      0.4075782    
   4.750000      0.3786483    
   4.760000      0.3488117    
   4.770000      0.3185320    
   4.780000      0.2882444    
   4.790000      0.2583826    
   4.800000      0.2293016    
   4.810000      0.2013367    
   4.820000      0.1747798    
   4.830000      0.1498602    
   4.840000      0.1267822    
   4.850000      0.1056837    
   4.860000      8.6665370E-02
   4.870000      6.9772713E-02
   4.880000      5.5013243E-02
   4.890000      4.2360283E-02
   4.900000      3.1736169E-02
   4.910000      2.3043355E-02
   4.920000      1.6145077E-02
   4.930000      1.0888465E-02
   4.940000      7.0984527E-03
   4.950000      4.5916699E-03
   4.960000      3.1743841E-03
   4.970000      2.6558635E-03
   4.980000      2.8493667E-03
   4.990000      3.5761131E-03
   5.000000      4.6719704E-03
   5.010000      5.9877229E-03
   5.020000      7.3931604E-03
   5.030000      8.7767933E-03
   5.040000      1.0047961E-02
   5.050000      1.1136102E-02
   5.060000      1.1989625E-02
   5.070000      1.2576628E-02
   5.080000      1.2880798E-02
   5.090000      1.2902576E-02
   5.100000      1.2655622E-02
   5.110000      1.2163692E-02
   5.120000      1.1460319E-02
   5.130000      1.0584699E-02
   5.140000      9.5817596E-03
   5.150000      8.4958822E-03
   5.160000      7.3717092E-03
   5.170000      6.2525049E-03
   5.180000      5.1766755E-03
   5.190000      4.1774623E-03
   5.200000      3.2824087E-03
   5.210000      2.5121074E-03
   5.220000      1.8805551E-03
   5.230000      1.3948496E-03
   5.240000      1.0562078E-03
   5.250000      8.5972331E-04
   5.260000      7.9601351E-04
   5.270000      8.5110741E-04
   5.280000      1.0081159E-03
   5.290000      1.2479190E-03
   5.300000      1.5498827E-03
   5.310000      1.8932688E-03
   5.320000      2.2572519E-03
   5.330000      2.6227490E-03
   5.340000      2.9719216E-03
   5.350000      3.2897627E-03
   5.360000      3.5636167E-03
   5.370000      3.7841625E-03
   5.380000      3.9449474E-03
   5.390000      4.0423828E-03
   5.400000      4.0761060E-03
   5.410000      4.0478758E-03
   5.420000      3.9619664E-03
   5.430000      3.8243190E-03
   5.440000      3.6419285E-03
   5.450000      3.4230675E-03
   5.460000      3.1761089E-03
   5.470000      2.9096396E-03
   5.480000      2.6319702E-03
   5.490000      2.3508545E-03
   5.500000      2.0731706E-03
   5.510000      1.8049913E-03
   5.520000      1.5512917E-03
   5.530000      1.3159796E-03
   5.540000      1.1017137E-03
   5.550000      9.1038144E-04
   5.560000      7.4269244E-04
   5.570000      5.9863616E-04
   5.580000      4.7743350E-04
   5.590000      3.7781254E-04
   5.600000      2.9803818E-04
   5.610000      2.3622772E-04
   5.620000      1.9039263E-04
   5.630000      1.5856761E-04
   5.640000      1.3890147E-04
   5.650000      1.2979613E-04
   5.660000      1.2987912E-04
   5.670000      1.3806930E-04
   5.680000      1.5355113E-04
   5.690000      1.7572826E-04
   5.700000      2.0420825E-04
   5.710000      2.3873140E-04
   5.720000      2.7907838E-04
   5.730000      3.2506214E-04
   5.740000      3.7639480E-04
   5.750000      4.3268743E-04
   5.760000      4.9333565E-04
   5.770000      5.5761653E-04
   5.780000      6.2450964E-04
   5.790000      6.9285394E-04
   5.800000      7.6132262E-04
   5.810000      8.2834164E-04
   5.820000      8.9233101E-04
   5.830000      9.5164956E-04
   5.840000      1.0046993E-03
   5.850000      1.0499716E-03
   5.860000      1.0860380E-03
   5.870000      1.1118589E-03
   5.880000      1.1264527E-03
   5.890000      1.1292899E-03
   5.900000      1.1200779E-03
   5.910000      1.0988892E-03
   5.920000      1.0661668E-03
   5.930000      1.0226363E-03
   5.940000      9.6936780E-04
   5.950000      9.0766576E-04
   5.960000      8.3913747E-04
   5.970000      7.6548679E-04
   5.980000      6.8859430E-04
   5.990000      6.1032642E-04
   6.000000      5.3262035E-04
   6.010000      4.5723090E-04
   6.020000      3.8583187E-04
   6.030000      3.1988698E-04
   6.040000      2.6057969E-04
   6.050000      2.0888142E-04
   6.060000      1.6543084E-04
   6.070000      1.3061373E-04
   6.080000      1.0449486E-04
   6.090000      8.6898173E-05
   6.100000      7.7430494E-05
   6.110000      7.5496420E-05
   6.120000      8.0360784E-05
   6.130000      9.1167341E-05
   6.140000      1.0701318E-04
   6.150000      1.2697603E-04
   6.160000      1.5015350E-04
   6.170000      1.7569434E-04
   6.180000      2.0286237E-04
   6.190000      2.3101066E-04
   6.200000      2.5964901E-04
   6.210000      2.8840819E-04
   6.220000      3.1710096E-04
   6.230000      3.4568037E-04
   6.240000      3.7424677E-04
   6.250000      4.0302414E-04
   6.260000      4.3239686E-04
   6.270000      4.6280847E-04
   6.280000      4.9484440E-04
   6.290000      5.2909536E-04
   6.300000      5.6622550E-04
   6.310000      6.0694397E-04
   6.320000      6.5192318E-04
   6.330000      7.0186070E-04
   6.340000      7.5741467E-04
   6.350000      8.1919291E-04
   6.360000      8.8773010E-04
   6.370000      9.6348132E-04
   6.380000      1.0468499E-03
   6.390000      1.1380435E-03
   6.400000      1.2371548E-03
   6.410000      1.3441588E-03
   6.420000      1.4588070E-03
   6.430000      1.5807142E-03
   6.440000      1.7092507E-03
   6.450000      1.8435393E-03
   6.460000      1.9824514E-03
   6.470000      2.1248185E-03
   6.480000      2.2689106E-03
   6.490000      2.4130312E-03
   6.500000      2.5552257E-03
   6.510000      2.6931884E-03
   6.520000      2.8246557E-03
   6.530000      2.9470909E-03
   6.540000      3.0579416E-03
   6.550000      3.1545935E-03
   6.560000      3.2344186E-03
   6.570000      3.2950477E-03
   6.580000      3.3339919E-03
   6.590000      3.3493196E-03
   6.600000      3.3393081E-03
   6.610000      3.3027097E-03
   6.620000      3.2387392E-03
   6.630000      3.1473301E-03
   6.640000      3.0288883E-03
   6.650000      2.8847163E-03
   6.660000      2.7168244E-03
   6.670000      2.5277664E-03
   6.680000      2.3209183E-03
   6.690000      2.1001529E-03
   6.700000      1.8699398E-03
   6.710000      1.6350982E-03
   6.720000      1.4005611E-03
   6.730000      1.1716724E-03
   6.740000      9.5325435E-04
   6.750000      7.5033057E-04
   6.760000      5.6723983E-04
   6.770000      4.0790709E-04
   6.780000      2.7567756E-04
   6.790000      1.7300545E-04
   6.800000      1.0149858E-04
   6.810000      6.1844446E-05
   6.820000      5.3783508E-05
   6.830000      7.5975979E-05
   6.840000      1.2619876E-04
   6.850000      2.0128752E-04
   6.860000      2.9727817E-04
   6.870000      4.0956266E-04
   6.880000      5.3295633E-04
   6.890000      6.6197186E-04
   6.900000      7.9107971E-04
   6.910000      9.1473974E-04
   6.920000      1.0278671E-03
   6.930000      1.1257342E-03
   6.940000      1.2044759E-03
   6.950000      1.2609023E-03
   6.960000      1.2929764E-03
   6.970000      1.2996168E-03
   6.980000      1.2808890E-03
   6.990000      1.2379469E-03
   7.000000      1.1729116E-03
   7.010000      1.0889919E-03
   7.020000      9.9013245E-04
   7.030000      8.8097074E-04
   7.040000      7.6666888E-04
   7.050000      6.5257231E-04
   7.060000      5.4410292E-04
   7.070000      4.4651300E-04
   7.080000      3.6464859E-04
   7.090000      3.0259474E-04
   7.100000      2.6367756E-04
   7.110000      2.5021174E-04
   7.120000      2.6334726E-04
   7.130000      3.0309442E-04
   7.140000      3.6822431E-04
   7.150000      4.5641945E-04
   7.160000      5.6423125E-04
   7.170000      6.8746146E-04
   7.180000      8.2109950E-04
   7.190000      9.5981080E-04
   7.200000      1.0980788E-03
   7.210000      1.2303527E-03
   7.220000      1.3517146E-03
   7.230000      1.4577491E-03
   7.240000      1.5449678E-03
   7.250000      1.6111620E-03
   7.260000      1.6552699E-03
   7.270000      1.6778251E-03
   7.280000      1.6807698E-03
   7.290000      1.6676589E-03
   7.300000      1.6434167E-03
   7.310000      1.6142534E-03
   7.320000      1.5874946E-03
   7.330000      1.5711614E-03
   7.340000      1.5736707E-03
   7.350000      1.6034412E-03
   7.360000      1.6685417E-03
   7.370000      1.7760255E-03
   7.380000      1.9318465E-03
   7.390000      2.1402582E-03
   7.400000      2.4035433E-03
   7.410000      2.7217714E-03
   7.420000      3.0923875E-03
   7.430000      3.5105261E-03
   7.440000      3.9688097E-03
   7.450000      4.4573760E-03
   7.460000      4.9640727E-03
   7.470000      5.4746773E-03
   7.480000      5.9741028E-03
   7.490000      6.4454875E-03
   7.500000      6.8724132E-03
   7.510000      7.2379713E-03
   7.520000      7.5267591E-03
   7.530000      7.7246996E-03
   7.540000      7.8204256E-03
   7.550000      7.8056017E-03
   7.560000      7.6749553E-03
   7.570000      7.4278903E-03
   7.580000      7.0673996E-03
   7.590000      6.6013834E-03
   7.600000      6.0415901E-03
   7.610000      5.4044509E-03
   7.620000      4.7093900E-03
   7.630000      3.9793579E-03
   7.640000      3.2399157E-03
   7.650000      2.5176415E-03
   7.660000      1.8403588E-03
   7.670000      1.2352041E-03
   7.680000      7.2846579E-04
   7.690000      3.4348082E-04
   7.700000      1.0079340E-04
   7.710000      1.6263744E-05
   7.720000      1.0055682E-04
   7.730000      3.5870881E-04
   7.740000      7.8890665E-04
   7.750000      1.3827469E-03
   7.760000      2.1249072E-03
   7.770000      2.9935089E-03
   7.780000      3.9600558E-03
   7.790000      4.9914611E-03
   7.800000      6.0494668E-03
   7.810000      7.0935311E-03
   7.820000      8.0807488E-03
   7.830000      8.9693293E-03
   7.840000      9.7185234E-03
   7.850000      1.0291869E-02
   7.860000      1.0656939E-02
   7.870000      1.0790438E-02
   7.880000      1.0676230E-02
   7.890000      1.0308567E-02
   7.900000      9.6936384E-03
   7.910000      8.8482155E-03
   7.920000      7.8043807E-03
   7.930000      6.6052359E-03
   7.940000      5.3082118E-03
   7.950000      3.9825928E-03
   7.960000      2.7094353E-03
   7.970000      1.5796126E-03
   7.980000      6.9193490E-04
   7.990000      1.5110846E-04
   8.000000      6.4488406E-05
   8.010000      5.3966389E-04
   8.020000      1.6809832E-03
   8.030000      3.5869416E-03
   8.040000      6.3468348E-03
   8.050000      1.0035086E-02
   8.060000      1.4715843E-02
   8.070000      2.0431841E-02
   8.080000      2.7209589E-02
   8.090000      3.5050228E-02
   8.100000      4.3935902E-02
   8.110000      5.3821959E-02
   8.120000      6.4642064E-02
   8.130000      7.6300561E-02
   8.140000      8.8688403E-02
   8.150000      0.1016668    
   8.160000      0.1150778    
   8.170000      0.1287448    
   8.180000      0.1424810    
   8.190000      0.1560832    
   8.200000      0.1693507    
   8.210000      0.1820712    
   8.220000      0.1940522    
   8.230000      0.2050867    
   8.240000      0.2149995    
   8.250000      0.2236226    
   8.260000      0.2308134    
   8.270000      0.2364624    
   8.280000      0.2404608    
   8.290000      0.2427584    
   8.300000      0.2433115    
   8.310000      0.2421254    
   8.320000      0.2392207    
   8.330000      0.2346370    
   8.340000      0.2284750    
   8.350000      0.2208188    
   8.360000      0.2118075    
   8.370000      0.2015877    
   8.380000      0.1903105    
   8.390000      0.1781720    
   8.400000      0.1653597    
   8.410000      0.1520653    
   8.420000      0.1384930    
   8.430000      0.1248417    
   8.440000      0.1113078    
   8.450000      9.8068602E-02
   8.460000      8.5299835E-02
   8.470000      7.3148772E-02
   8.480000      6.1752845E-02
   8.490000      5.1218390E-02
   8.500000      4.1636959E-02
   8.510000      3.3062644E-02
   8.520000      2.5536593E-02
   8.530000      1.9073213E-02
   8.540000      1.3662425E-02
   8.550000      9.2715966E-03
   8.560000      5.8530485E-03
   8.570000      3.3403928E-03
   8.580000      1.6554340E-03
   8.590000      7.0699811E-04
   8.600000      3.9711574E-04
   8.610000      6.2209711E-04
   8.620000      1.2765275E-03
   8.630000      2.2546377E-03
   8.640000      3.4550151E-03
   8.650000      4.7811861E-03
   8.660000      6.1453539E-03
   8.670000      7.4683158E-03
   8.680000      8.6834012E-03
   8.690000      9.7352760E-03
   8.700000      1.0582064E-02
   8.710000      1.1194720E-02
   8.720000      1.1556167E-02
   8.730000      1.1662304E-02
   8.740000      1.1519800E-02
   8.750000      1.1144771E-02
   8.760000      1.0561726E-02
   8.770000      9.8018087E-03
   8.780000      8.9015085E-03
   8.790000      7.8999568E-03
   8.800000      6.8376758E-03
   8.810000      5.7560373E-03
   8.820000      4.6940688E-03
   8.830000      3.6883797E-03
   8.840000      2.7710334E-03
   8.850000      1.9697619E-03
   8.860000      1.3054356E-03
   8.870000      7.9409848E-04
   8.880000      4.4459538E-04
   8.890000      2.5955061E-04
   8.900000      2.3548247E-04
   8.910000      3.6311522E-04
   8.920000      6.2835519E-04
   8.930000      1.0129953E-03
   8.940000      1.4954475E-03
   8.950000      2.0523439E-03
   8.960000      2.6584889E-03
   8.970000      3.2892385E-03
   8.980000      3.9197537E-03
   8.990000      4.5276298E-03
   9.000000      5.0922767E-03
   9.010000      5.5959537E-03
   9.020000      6.0240864E-03
   9.030000      6.3658464E-03
   9.040000      6.6143014E-03
   9.050000      6.7656813E-03
   9.060000      6.8206238E-03
   9.070000      6.7826533E-03
   9.080000      6.6581857E-03
   9.090000      6.4568189E-03
   9.100000      6.1897757E-03
   9.110000      5.8697956E-03
   9.120000      5.5106273E-03
   9.130000      5.1263012E-03
   9.140000      4.7302479E-03
   9.150000      4.3352763E-03
   9.160000      3.9528050E-03
   9.170000      3.5925687E-03
   9.180000      3.2623739E-03
   9.190000      2.9676647E-03
   9.200000      2.7121059E-03
   9.210000      2.4968900E-03
   9.220000      2.3214081E-03
   9.230000      2.1829552E-03
   9.240000      2.0775071E-03
   9.250000      1.9998122E-03
   9.260000      1.9435750E-03
   9.270000      1.9021183E-03
   9.280000      1.8686136E-03
   9.290000      1.8364524E-03
   9.300000      1.7996307E-03
   9.310000      1.7529840E-03
   9.320000      1.6924882E-03
   9.330000      1.6153915E-03
   9.340000      1.5203027E-03
   9.350000      1.4072871E-03
   9.360000      1.2778312E-03
   9.370000      1.1346939E-03
   9.380000      9.8167267E-04
   9.390000      8.2359626E-04
   9.400000      6.6579523E-04
   9.410000      5.1411503E-04
   9.420000      3.7429857E-04
   9.430000      2.5206179E-04
   9.440000      1.5248898E-04
   9.450000      8.0016427E-05
   9.460000      3.8057729E-05
   9.470000      2.8995866E-05
   9.480000      5.3848438E-05
   9.490000      1.1239717E-04
   9.500000      2.0301946E-04
   9.510000      3.2286576E-04
   9.520000      4.6792702E-04
   9.530000      6.3302158E-04
   9.540000      8.1228156E-04
   9.550000      9.9910097E-04
   9.560000      1.1866615E-03
   9.570000      1.3680308E-03
   9.580000      1.5365126E-03
   9.590000      1.6858915E-03
   9.600000      1.8107633E-03
   9.610000      1.9065884E-03
   9.620000      1.9699857E-03
   9.630000      1.9988422E-03
   9.640000      1.9923043E-03
   9.650000      1.9507896E-03
   9.660000      1.8760575E-03
   9.670000      1.7710831E-03
   9.680000      1.6397239E-03
   9.690000      1.4869967E-03
   9.700000      1.3184232E-03
   9.710000      1.1399796E-03
   9.720000      9.5804868E-04
   9.730000      7.7877648E-04
   9.740000      6.0828449E-04
   9.750000      4.5195763E-04
   9.760000      3.1469896E-04
   9.770000      2.0034045E-04
   9.780000      1.1180033E-04
   9.790000      5.0801569E-05
   9.800000      1.7938386E-05
   9.810000      1.2600500E-05
   9.820000      3.3063599E-05
   9.830000      7.6634657E-05
   9.840000      1.3970360E-04
   9.850000      2.1797261E-04
   9.860000      3.0667830E-04
   9.870000      4.0077718E-04
   9.880000      4.9511489E-04
   9.890000      5.8473344E-04
   9.900000      6.6505105E-04
   9.910000      7.3201675E-04
   9.920000      7.8237307E-04
   9.930000      8.1364537E-04
   9.940000      8.2430313E-04
   9.950000      8.1399246E-04
   9.960000      7.8321615E-04
   9.970000      7.3360681E-04
   9.980000      6.6769280E-04
   9.990000      5.8881333E-04
   10.00000      5.0101208E-04
   10.01000      4.0928595E-04
   10.02000      3.1758158E-04
   10.03000      2.3147422E-04
   10.04000      1.5558487E-04
   10.05000      9.4523195E-05
   10.06000      5.2251708E-05
   10.07000      3.1919491E-05
   10.08000      3.6011490E-05
   10.09000      6.5950488E-05
   10.10000      1.2209125E-04
   10.11000      2.0389984E-04
   10.12000      3.0977136E-04
   10.13000      4.3740185E-04
   10.14000      5.8267033E-04
   10.15000      7.4212142E-04
   10.16000      9.1020489E-04
   10.17000      1.0820101E-03
   10.18000      1.2519400E-03
   10.19000      1.4138577E-03
   10.20000      1.5630320E-03
   10.21000      1.6938882E-03
   10.22000      1.8023647E-03
   10.23000      1.8846883E-03
   10.24000      1.9382000E-03
   10.25000      1.9610997E-03
   10.26000      1.9527391E-03
   10.27000      1.9134434E-03
   10.28000      1.8445520E-03
   10.29000      1.7486070E-03
   10.30000      1.6288792E-03
   10.31000      1.4891648E-03
   10.32000      1.3346822E-03
   10.33000      1.1699121E-03
   10.34000      1.0008395E-03
   10.35000      8.3242054E-04
   10.36000      6.6968676E-04
   10.37000      5.1798444E-04
   10.38000      3.8113102E-04
   10.39000      2.6310378E-04
   10.40000      1.6663797E-04
   10.41000      9.3740040E-05
   10.42000      4.5733079E-05
   10.43000      2.2586602E-05
   10.44000      2.3645156E-05
   10.45000      4.7116198E-05
   10.46000      9.0696187E-05
   10.47000      1.5100429E-04
   10.48000      2.2433500E-04
   10.49000      3.0675379E-04
   10.50000      3.9371292E-04
   10.51000      4.8133443E-04
   10.52000      5.6503247E-04
   10.53000      6.4134493E-04
   10.54000      7.0667971E-04
   10.55000      7.5845106E-04
   10.56000      7.9454610E-04
   10.57000      8.1342185E-04
   10.58000      8.1453501E-04
   10.59000      7.9800049E-04
   10.60000      7.6487864E-04
   10.61000      7.1663182E-04
   10.62000      6.5571303E-04
   10.63000      5.8469683E-04
   10.64000      5.0676358E-04
   10.65000      4.2511971E-04
   10.66000      3.4351920E-04
   10.67000      2.6489532E-04
   10.68000      1.9277728E-04
   10.69000      1.2971391E-04
   10.70000      7.8180550E-05
   10.71000      3.9970881E-05
   10.72000      1.6086900E-05
   10.73000      7.0696515E-06
   10.74000      1.2614606E-05
   10.75000      3.1851123E-05
   10.76000      6.3264408E-05
   10.77000      1.0480586E-04
   10.78000      1.5417911E-04
   10.79000      2.0843648E-04
   10.80000      2.6489998E-04
   10.81000      3.2036606E-04
   10.82000      3.7214256E-04
   10.83000      4.1754096E-04
   10.84000      4.5420561E-04
   10.85000      4.8039245E-04
   10.86000      4.9479736E-04
   10.87000      4.9687701E-04
   10.88000      4.8664672E-04
   10.89000      4.6489388E-04
   10.90000      4.3303217E-04
   10.91000      3.9300110E-04
   10.92000      3.4744109E-04
   10.93000      2.9906296E-04
   10.94000      2.5126894E-04
   10.95000      2.0729519E-04
   10.96000      1.7052505E-04
   10.97000      1.4419593E-04
   10.98000      1.3112705E-04
   10.99000      1.3386091E-04
   11.00000      1.5414220E-04
   11.01000      1.9330837E-04
   11.02000      2.5161405E-04
   11.03000      3.2908758E-04
   11.04000      4.2422418E-04
   11.05000      5.3540186E-04
   11.06000      6.5986189E-04
   11.07000      7.9445448E-04
   11.08000      9.3506783E-04
   11.09000      1.0778182E-03
   11.10000      1.2175926E-03
   11.11000      1.3503458E-03
   11.12000      1.4711058E-03
   11.13000      1.5756522E-03
   11.14000      1.6603266E-03
   11.15000      1.7216970E-03
   11.16000      1.7576399E-03
   11.17000      1.7663471E-03
   11.18000      1.7471442E-03
   11.19000      1.7004664E-03
   11.20000      1.6273335E-03
   11.21000      1.5300262E-03
   11.22000      1.4112359E-03
   11.23000      1.2752009E-03
   11.24000      1.1258174E-03
   11.25000      9.6844241E-04
   11.26000      8.0809562E-04
   11.27000      6.5002817E-04
   11.28000      5.0024892E-04
   11.29000      3.6300413E-04
   11.30000      2.4358202E-04
   11.31000      1.4541237E-04
   11.32000      7.2046751E-05
   11.33000      2.5587364E-05
   11.34000      7.3683459E-06
   11.35000      1.7611837E-05
   11.36000      5.5463111E-05
   11.37000      1.1914564E-04
   11.38000      2.0553966E-04
   11.39000      3.1078077E-04
   11.40000      4.3046847E-04
   11.41000      5.5930472E-04
   11.42000      6.9180777E-04
   11.43000      8.2246051E-04
   11.44000      9.4539707E-04
   11.45000      1.0556801E-03
   11.46000      1.1479210E-03
   11.47000      1.2182937E-03
   11.48000      1.2632720E-03
   11.49000      1.2805151E-03
   11.50000      1.2686790E-03
   11.51000      1.2279600E-03
   11.52000      1.1596157E-03
   11.53000      1.0661808E-03
   11.54000      9.5176720E-04
   11.55000      8.2085934E-04
   11.56000      6.7998434E-04
   11.57000      5.3562986E-04
   11.58000      3.9511663E-04
   11.59000      2.6629231E-04
   11.60000      1.5698634E-04
   11.61000      7.4982752E-05
   11.62000      2.7719398E-05
   11.63000      2.1867703E-05
   11.64000      6.3403400E-05
   11.65000      1.5699150E-04
   11.66000      3.0639765E-04
   11.67000      5.1301031E-04
   11.68000      7.7859539E-04
   11.69000      1.1010271E-03
   11.70000      1.4786226E-03
   11.71000      1.9064668E-03
   11.72000      2.3798852E-03
   11.73000      2.8916779E-03
   11.74000      3.4353745E-03
   11.75000      3.9990032E-03
   11.76000      4.5758681E-03
   11.77000      5.1532690E-03
   11.78000      5.7216138E-03
   11.79000      6.2710610E-03
   11.80000      6.7891181E-03
   11.81000      7.2685741E-03
   11.82000      7.6992805E-03
   11.83000      8.0745285E-03
   11.84000      8.3878385E-03
   11.85000      8.6344713E-03
   11.86000      8.8108229E-03
   11.87000      8.9151347E-03
   11.88000      8.9463750E-03
   11.89000      8.9055300E-03
   11.90000      8.7948758E-03
   11.91000      8.6182365E-03
   11.92000      8.3792917E-03
   11.93000      8.0850739E-03
   11.94000      7.7408925E-03
   11.95000      7.3556155E-03
   11.96000      6.9357920E-03
   11.97000      6.4889565E-03
   11.98000      6.0248664E-03
   11.99000      5.5498481E-03
   12.00000      5.0724903E-03
   12.01000      4.5997784E-03
   12.02000      4.1373805E-03
   12.03000      3.6929019E-03
   12.04000      3.2704282E-03
   12.05000      2.8742156E-03
   12.06000      2.5082240E-03
   12.07000      2.1737134E-03
   12.08000      1.8733668E-03
   12.09000      1.6071033E-03
   12.10000      1.3746213E-03
   12.11000      1.1752129E-03
   12.12000      1.0067228E-03
   12.13000      8.6778926E-04
   12.14000      7.5555727E-04
   12.15000      6.6754362E-04
   12.16000      6.0074928E-04
   12.17000      5.5219297E-04
   12.18000      5.1914994E-04
   12.19000      4.9876899E-04
   12.20000      4.8831193E-04
   12.21000      4.8536286E-04
   12.22000      4.8763538E-04
   12.23000      4.9318664E-04
   12.24000      5.0037919E-04
   12.25000      5.0779281E-04
   12.26000      5.1439239E-04
   12.27000      5.1926204E-04
   12.28000      5.2186882E-04
   12.29000      5.2180368E-04
   12.30000      5.1887060E-04
   12.31000      5.1298505E-04
   12.32000      5.0426315E-04
   12.33000      4.9283565E-04
   12.34000      4.7898662E-04
   12.35000      4.6295163E-04
   12.36000      4.4510048E-04
   12.37000      4.2574955E-04
   12.38000      4.0531933E-04
   12.39000      3.8411439E-04
   12.40000      3.6266784E-04
   12.41000      3.4129157E-04
   12.42000      3.2059394E-04
   12.43000      3.0097755E-04
   12.44000      2.8299537E-04
   12.45000      2.6727712E-04
   12.46000      2.5434489E-04
   12.47000      2.4489718E-04
   12.48000      2.3948131E-04
   12.49000      2.3878228E-04
   12.50000      2.4336489E-04
   12.51000      2.5380429E-04
   12.52000      2.7064243E-04
   12.53000      2.9424494E-04
   12.54000      3.2507643E-04
   12.55000      3.6326985E-04
   12.56000      4.0892340E-04
   12.57000      4.6206231E-04
   12.58000      5.2229688E-04
   12.59000      5.8941753E-04
   12.60000      6.6262245E-04
   12.61000      7.4123201E-04
   12.62000      8.2440686E-04
   12.63000      9.1087929E-04
   12.64000      9.9971925E-04
   12.65000      1.0894189E-03
   12.66000      1.1788637E-03
   12.67000      1.2665642E-03
   12.68000      1.3513705E-03
   12.69000      1.4317124E-03
   12.70000      1.5067083E-03
   12.71000      1.5749220E-03
   12.72000      1.6357603E-03
   12.73000      1.6882902E-03
   12.74000      1.7319497E-03
   12.75000      1.7664685E-03
   12.76000      1.7915969E-03
   12.77000      1.8075409E-03
   12.78000      1.8143872E-03
   12.79000      1.8125243E-03
   12.80000      1.8025723E-03
   12.81000      1.7851080E-03
   12.82000      1.7608240E-03
   12.83000      1.7304580E-03
   12.84000      1.6949745E-03
   12.85000      1.6550213E-03
   12.86000      1.6115084E-03
   12.87000      1.5651210E-03
   12.88000      1.5164178E-03
   12.89000      1.4663110E-03
   12.90000      1.4148897E-03
   12.91000      1.3628688E-03
   12.92000      1.3102216E-03
   12.93000      1.2572752E-03
   12.94000      1.2040364E-03
   12.95000      1.1504855E-03
   12.96000      1.0965143E-03
   12.97000      1.0421437E-03
   12.98000      9.8694011E-04
   12.99000      9.3108998E-04
   13.00000      8.7442790E-04
   13.01000      8.1679068E-04
   13.02000      7.5857586E-04
   13.03000      6.9963426E-04
   13.04000      6.4011203E-04
   13.05000      5.8052939E-04
   13.06000      5.2103179E-04
   13.07000      4.6242747E-04
   13.08000      4.0511432E-04
   13.09000      3.4976465E-04
   13.10000      2.9716440E-04
   13.11000      2.4781004E-04
   13.12000      2.0262788E-04
   13.13000      1.6206177E-04
   13.14000      1.2669466E-04
   13.15000      9.6952550E-05
   13.16000      7.3091243E-05
   13.17000      5.5286884E-05
   13.18000      4.3520085E-05
   13.19000      3.7599890E-05
   13.20000      3.7238420E-05
   13.21000      4.1945426E-05
   13.22000      5.1160627E-05
   13.23000      6.4120701E-05
   13.24000      8.0099366E-05
   13.25000      9.8184944E-05
   13.26000      1.1749400E-04
   13.27000      1.3716170E-04
   13.28000      1.5627663E-04
   13.29000      1.7412385E-04
   13.30000      1.8994894E-04
   13.31000      2.0320561E-04
   13.32000      2.1342076E-04
   13.33000      2.2031002E-04
   13.34000      2.2369940E-04
   13.35000      2.2358517E-04
   13.36000      2.2009494E-04
   13.37000      2.1347591E-04
   13.38000      2.0411436E-04
   13.39000      1.9245253E-04
   13.40000      1.7898229E-04
   13.41000      1.6431324E-04
   13.42000      1.4890695E-04
   13.43000      1.3336173E-04
   13.44000      1.1808777E-04
   13.45000      1.0350861E-04
   13.46000      8.9940011E-05
   13.47000      7.7634453E-05
   13.48000      6.6704590E-05
   13.49000      5.7272649E-05
   13.50000      4.9299149E-05
   13.51000      4.2770080E-05
   13.52000      3.7584556E-05
   13.53000      3.3658569E-05
   13.54000      3.0945543E-05
   13.55000      2.9420229E-05
   13.56000      2.9165747E-05
   13.57000      3.0336429E-05
   13.58000      3.3242188E-05
   13.59000      3.8290022E-05
   13.60000      4.6059038E-05
   13.61000      5.7237823E-05
   13.62000      7.2650058E-05
   13.63000      9.3253846E-05
   13.64000      1.2000938E-04
   13.65000      1.5390894E-04
   13.66000      1.9605980E-04
   13.67000      2.4722866E-04
   13.68000      3.0842732E-04
   13.69000      3.8008954E-04
   13.70000      4.6256577E-04
   13.71000      5.5612193E-04
   13.72000      6.6019269E-04
   13.73000      7.7457755E-04
   13.74000      8.9785503E-04
   13.75000      1.0288458E-03
   13.76000      1.1654614E-03
   13.77000      1.3058460E-03
   13.78000      1.4473369E-03
   13.79000      1.5871127E-03
   13.80000      1.7216778E-03
   13.81000      1.8483603E-03
   13.82000      1.9634247E-03
   13.83000      2.0642972E-03
   13.84000      2.1479358E-03
   13.85000      2.2118932E-03
   13.86000      2.2537385E-03
   13.87000      2.2719605E-03
   13.88000      2.2651679E-03
   13.89000      2.2329129E-03
   13.90000      2.1752792E-03
   13.91000      2.0930937E-03
   13.92000      1.9875425E-03
   13.93000      1.8613806E-03
   13.94000      1.7168809E-03
   13.95000      1.5579095E-03
   13.96000      1.3878710E-03
   13.97000      1.2113274E-03
   13.98000      1.0325895E-03
   13.99000      8.5654453E-04
   14.00000      6.8697595E-04
   14.01000      5.2921765E-04
   14.02000      3.8643199E-04
   14.03000      2.6295250E-04
   14.04000      1.6128439E-04
   14.05000      8.3727136E-05
   14.06000      3.1912674E-05
   14.07000      6.2146196E-06
   14.08000      6.4548158E-06
   14.09000      3.1277137E-05
   14.10000      7.8835685E-05
   14.11000      1.4625512E-04
   14.12000      2.3010038E-04
   14.13000      3.2665028E-04
   14.14000      4.3123346E-04
   14.15000      5.3982629E-04
   14.16000      6.4739026E-04
   14.17000      7.4955821E-04
   14.18000      8.4206235E-04
   14.19000      9.2088879E-04
   14.20000      9.8296837E-04
   14.21000      1.0255679E-03
   14.22000      1.0471329E-03
   14.23000      1.0467474E-03
   14.24000      1.0246572E-03
   14.25000      9.8177302E-04
   14.26000      9.2022039E-04
   14.27000      8.4255944E-04
   14.28000      7.5231231E-04
   14.29000      6.5346033E-04
   14.30000      5.5052835E-04
   14.31000      4.4806959E-04
   14.32000      3.5113035E-04
   14.33000      2.6395463E-04
   14.34000      1.9106275E-04
   14.35000      1.3615946E-04
   14.36000      1.0229935E-04
   14.37000      9.1812202E-05
   14.38000      1.0606488E-04
   14.39000      1.4549140E-04
   14.40000      2.0958365E-04
   14.41000      2.9671998E-04
   14.42000      4.0462060E-04
   14.43000      5.2972994E-04
   14.44000      6.6847692E-04
   14.45000      8.1548776E-04
   14.46000      9.6632080E-04
   14.47000      1.1153326E-03
   14.48000      1.2574169E-03
   14.49000      1.3878491E-03
   14.50000      1.5015390E-03
   14.51000      1.5952843E-03
   14.52000      1.6657182E-03
   14.53000      1.7109978E-03
   14.54000      1.7300186E-03
   14.55000      1.7229173E-03
   14.56000      1.6908034E-03
   14.57000      1.6358057E-03
   14.58000      1.5612930E-03
   14.59000      1.4709318E-03
   14.60000      1.3698735E-03
   14.61000      1.2632889E-03
   14.62000      1.1564038E-03
   14.63000      1.0555243E-03
   14.64000      9.6548983E-04
   14.65000      8.9101895E-04
   14.66000      8.3675532E-04
   14.67000      8.0582971E-04
   14.68000      8.0087595E-04
   14.69000      8.2283234E-04
   14.70000      8.7181851E-04
   14.71000      9.4621279E-04
   14.72000      1.0435845E-03
   14.73000      1.1597994E-03
   14.74000      1.2899182E-03
   14.75000      1.4282599E-03
   14.76000      1.5683837E-03
   14.77000      1.7036353E-03
   14.78000      1.8272361E-03
   14.79000      1.9325112E-03
   14.80000      2.0137345E-03
   14.81000      2.0655538E-03
   14.82000      2.0837940E-03
   14.83000      2.0657703E-03
   14.84000      2.0102095E-03
   14.85000      1.9172558E-03
   14.86000      1.7890979E-03
   14.87000      1.6297142E-03
   14.88000      1.4442564E-03
   14.89000      1.2403050E-03
   14.90000      1.0252566E-03
   14.91000      8.0867216E-04
   14.92000      6.0010835E-04
   14.93000      4.0941229E-04
   14.94000      2.4609658E-04
   14.95000      1.1919132E-04
   14.96000      3.6390433E-05
   14.97000      4.3685163E-06
   14.98000      2.7434882E-05
   14.99000      1.0816060E-04
   15.00000      2.4628028E-04
   15.01000      4.3987817E-04
   15.02000      6.8273162E-04
   15.03000      9.6858380E-04
   15.04000      1.2864779E-03
   15.05000      1.6256137E-03
   15.06000      1.9717428E-03
   15.07000      2.3106553E-03
   15.08000      2.6272056E-03
   15.09000      2.9069788E-03
   15.10000      3.1341368E-03
   15.11000      3.2969322E-03
   15.12000      3.3836453E-03
   15.13000      3.3871632E-03
   15.14000      3.3025851E-03
   15.15000      3.1308425E-03
   15.16000      2.8757972E-03
   15.17000      2.5480157E-03
   15.18000      2.1618933E-03
   15.19000      1.7363440E-03
   15.20000      1.2971720E-03
   15.21000      8.7289541E-04
   15.22000      4.9693999E-04
   15.23000      2.0645888E-04
   15.24000      4.0257044E-05
   15.25000      4.0745625E-05
   15.26000      2.4868295E-04
   15.27000      7.0675154E-04
   15.28000      1.4525932E-03
   15.29000      2.5248453E-03
   15.30000      3.9537507E-03
   15.31000      5.7625244E-03
   15.32000      7.9756184E-03
   15.33000      1.0597487E-02
   15.34000      1.3639749E-02
   15.35000      1.7087881E-02
   15.36000      2.0930160E-02
   15.37000      2.5138183E-02
   15.38000      2.9682020E-02
   15.39000      3.4506492E-02
   15.40000      3.9570861E-02
   15.41000      4.4793446E-02
   15.42000      5.0122142E-02
   15.43000      5.5479091E-02
   15.44000      6.0772199E-02
   15.45000      6.5917119E-02
   15.46000      7.0875041E-02
   15.47000      7.5536564E-02
   15.48000      7.9842277E-02
   15.49000      8.3692662E-02
   15.50000      8.7043755E-02
   15.51000      8.9819796E-02
   15.52000      9.1972932E-02
   15.53000      9.3462929E-02
   15.54000      9.4256178E-02
   15.55000      9.4337441E-02
   15.56000      9.3703859E-02
   15.57000      9.2362307E-02
   15.58000      9.0335213E-02
   15.59000      8.7659746E-02
   15.60000      8.4386252E-02
   15.61000      8.0552705E-02
   15.62000      7.6251216E-02
   15.63000      7.1529843E-02
   15.64000      6.6492029E-02
   15.65000      6.1212078E-02
   15.66000      5.5764329E-02
   15.67000      5.0260734E-02
   15.68000      4.4758357E-02
   15.69000      3.9365832E-02
   15.70000      3.4139108E-02
   15.71000      2.9148845E-02
   15.72000      2.4456378E-02
   15.73000      2.0118501E-02
   15.74000      1.6166290E-02
   15.75000      1.2645772E-02
   15.76000      9.5615368E-03
   15.77000      6.9415369E-03
   15.78000      4.7788243E-03
   15.79000      3.0665610E-03
   15.80000      1.7890144E-03
   15.81000      9.1606478E-04
   15.82000      4.1664578E-04
   15.83000      2.4737723E-04
   15.84000      3.6473866E-04
   15.85000      7.1863586E-04
   15.86000      1.2602851E-03
   15.87000      1.9382561E-03
   15.88000      2.7027042E-03
   15.89000      3.5081226E-03
   15.90000      4.3114549E-03
   15.91000      5.0716228E-03
   15.92000      5.7564457E-03
   15.93000      6.3355449E-03
   15.94000      6.7893704E-03
   15.95000      7.1011623E-03
   15.96000      7.2627156E-03
   15.97000      7.2718756E-03
   15.98000      7.1328259E-03
   15.99000      6.8544922E-03
   16.00000      6.4515583E-03
   16.01000      5.9422655E-03
   16.02000      5.3489576E-03
   16.03000      4.6949144E-03
   16.04000      4.0074047E-03
   16.05000      3.3098806E-03
   16.06000      2.6324214E-03
   16.07000      1.9966017E-03
   16.08000      1.4269000E-03
   16.09000      9.4280683E-04
   16.10000      5.5985921E-04
   16.11000      2.9273398E-04
   16.12000      1.4845462E-04
   16.13000      1.3292086E-04
   16.14000      2.4619867E-04
   16.15000      4.8550533E-04
   16.16000      8.4420032E-04
   16.17000      1.3111793E-03
   16.18000      1.8759284E-03
   16.19000      2.5200387E-03
   16.20000      3.2284611E-03
   16.21000      3.9803800E-03
   16.22000      4.7560609E-03
   16.23000      5.5381842E-03
   16.24000      6.3018729E-03
   16.25000      7.0332573E-03
   16.26000      7.7174972E-03
   16.27000      8.3361678E-03
   16.28000      8.8795163E-03
   16.29000      9.3351714E-03
   16.30000      9.6967062E-03
   16.31000      9.9591156E-03
   16.32000      1.0120295E-02
   16.33000      1.0180308E-02
   16.34000      1.0142983E-02
   16.35000      1.0012518E-02
   16.36000      9.7959731E-03
   16.37000      9.5018949E-03
   16.38000      9.1391141E-03
   16.39000      8.7185651E-03
   16.40000      8.2508884E-03
   16.41000      7.7464399E-03
   16.42000      7.2161318E-03
   16.43000      6.6705695E-03
   16.44000      6.1193048E-03
   16.45000      5.5729509E-03
   16.46000      5.0377278E-03
   16.47000      4.5216810E-03
   16.48000      4.0310374E-03
   16.49000      3.5695734E-03
   16.50000      3.1418807E-03
   16.51000      2.7489599E-03
   16.52000      2.3922320E-03
   16.53000      2.0720500E-03
   16.54000      1.7873079E-03
   16.55000      1.5366646E-03
   16.56000      1.3182567E-03
   16.57000      1.1291959E-03
   16.58000      9.6772664E-04
   16.59000      8.3038112E-04
   16.60000      7.1494555E-04
   16.61000      6.1857776E-04
   16.62000      5.3871376E-04
   16.63000      4.7347150E-04
   16.64000      4.2048941E-04
   16.65000      3.7839555E-04
   16.66000      3.4558793E-04
   16.67000      3.2103775E-04
   16.68000      3.0380770E-04
   16.69000      2.9314999E-04
   16.70000      2.8848049E-04
   16.71000      2.8930182E-04
   16.72000      2.9512378E-04
   16.73000      3.0546743E-04
   16.74000      3.1974507E-04
   16.75000      3.3740691E-04
   16.76000      3.5765977E-04
   16.77000      3.7974262E-04
   16.78000      4.0269137E-04
   16.79000      4.2555638E-04
   16.80000      4.4728231E-04
   16.81000      4.6681074E-04
   16.82000      4.8305735E-04
   16.83000      4.9506192E-04
   16.84000      5.0194439E-04
   16.85000      5.0299964E-04
   16.86000      4.9756374E-04
   16.87000      4.8518271E-04
   16.88000      4.6591295E-04
   16.89000      4.4021828E-04
   16.90000      4.0840986E-04
   16.91000      3.7135230E-04
   16.92000      3.3013511E-04
   16.93000      2.8596210E-04
   16.94000      2.4041699E-04
   16.95000      1.9511135E-04
   16.96000      1.5181658E-04
   16.97000      1.1234962E-04
   16.98000      7.8425503E-05
   16.99000      5.1765503E-05
   17.00000      3.3958670E-05
   17.01000      2.6357273E-05
   17.02000      3.0881878E-05
   17.03000      4.9048696E-05
   17.04000      8.0615806E-05
   17.05000      1.2262713E-04
   17.06000      1.7274212E-04
   17.07000      2.3163554E-04
   17.08000      2.9673369E-04
   17.09000      3.7246753E-04
   17.10000      4.5537876E-04
   17.11000      5.4155110E-04
   17.12000      6.3220173E-04
   17.13000      7.2483392E-04
   17.14000      8.1471750E-04
   17.15000      9.0452627E-04
   17.16000      9.8929496E-04
   17.17000      1.0657050E-03
   17.18000      1.1397218E-03
   17.19000      1.2006221E-03
   17.20000      1.2508347E-03
   17.21000      1.2993203E-03
   17.22000      1.3324103E-03
   17.23000      1.3478539E-03
   17.24000      1.4405230E-03
   17.25000      1.5821821E-03
   17.26000      1.5750052E-03
   17.27000      1.3875681E-03
   17.28000      1.3031919E-03
   17.29000      1.2948017E-03
   17.30000      1.2822137E-03
   17.31000      1.2554007E-03
   17.32000      1.2488051E-03
   17.33000      1.2236463E-03
   17.34000      1.2122900E-03
   17.35000      1.2033604E-03
   17.36000      1.1991474E-03
   17.37000      1.1846718E-03
   17.38000      1.1627720E-03
   17.39000      1.1455333E-03
   17.40000      1.1428127E-03
   17.41000      1.1626007E-03
   17.42000      1.1626382E-03
   17.43000      1.1571721E-03
   17.44000      1.1614343E-03
   17.45000      1.1611086E-03
   17.46000      1.1556512E-03
   17.47000      1.1578045E-03
   17.48000      1.1449242E-03
   17.49000      1.1496285E-03
   17.50000      1.1300117E-03
