  -17.50000      2.9728916E-03
  -17.49000      3.0266608E-03
  -17.48000      3.0125012E-03
  -17.47000      3.0411654E-03
  -17.46000      3.0320839E-03
  -17.45000      3.0395109E-03
  -17.44000      3.0450190E-03
  -17.43000      3.0403363E-03
  -17.42000      3.0624715E-03
  -17.41000      3.0870775E-03
  -17.40000      3.0214039E-03
  -17.39000      3.0406262E-03
  -17.38000      3.0911786E-03
  -17.37000      3.1490577E-03
  -17.36000      3.1889966E-03
  -17.35000      3.2040074E-03
  -17.34000      3.2244890E-03
  -17.33000      3.2523673E-03
  -17.32000      3.3108222E-03
  -17.31000      3.3097519E-03
  -17.30000      3.3620349E-03
  -17.29000      3.3820565E-03
  -17.28000      3.3744841E-03
  -17.27000      3.5737709E-03
  -17.26000      3.9084912E-03
  -17.25000      3.9676870E-03
  -17.24000      3.5298762E-03
  -17.23000      3.2425574E-03
  -17.22000      3.1222487E-03
  -17.21000      2.9292360E-03
  -17.20000      2.7345098E-03
  -17.19000      2.5490904E-03
  -17.18000      2.3335377E-03
  -17.17000      2.1061576E-03
  -17.16000      1.8855352E-03
  -17.15000      1.6510016E-03
  -17.14000      1.4183783E-03
  -17.13000      1.1999507E-03
  -17.12000      9.8742044E-04
  -17.11000      7.9254789E-04
  -17.10000      6.1886804E-04
  -17.09000      4.6374285E-04
  -17.08000      3.3324587E-04
  -17.07000      2.2972666E-04
  -17.06000      1.4759848E-04
  -17.05000      9.0488014E-05
  -17.04000      5.6486260E-05
  -17.03000      4.4326545E-05
  -17.02000      5.8021520E-05
  -17.01000      9.3961382E-05
  -17.00000      1.4678897E-04
  -16.99000      2.1248836E-04
  -16.98000      2.8704479E-04
  -16.97000      3.6615037E-04
  -16.96000      4.4600925E-04
  -16.95000      5.2288186E-04
  -16.94000      5.9339439E-04
  -16.93000      6.5448106E-04
  -16.92000      7.0385990E-04
  -16.91000      7.3950976E-04
  -16.90000      7.6036865E-04
  -16.89000      7.6575001E-04
  -16.88000      7.5575314E-04
  -16.87000      7.3118665E-04
  -16.86000      6.9300761E-04
  -16.85000      6.4277492E-04
  -16.84000      5.8287737E-04
  -16.83000      5.1596930E-04
  -16.82000      4.4453391E-04
  -16.81000      3.7141872E-04
  -16.80000      2.9933808E-04
  -16.79000      2.3088952E-04
  -16.78000      1.6863148E-04
  -16.77000      1.1467339E-04
  -16.76000      7.0824193E-05
  -16.75000      3.8687238E-05
  -16.74000      1.9186386E-05
  -16.73000      1.3031240E-05
  -16.72000      2.0252963E-05
  -16.71000      4.0629555E-05
  -16.70000      7.3337920E-05
  -16.69000      1.1747264E-04
  -16.68000      1.7146784E-04
  -16.67000      2.3392666E-04
  -16.66000      3.0318022E-04
  -16.65000      3.7758658E-04
  -16.64000      4.5529666E-04
  -16.63000      5.3507579E-04
  -16.62000      6.1513821E-04
  -16.61000      6.9480989E-04
  -16.60000      7.7277073E-04
  -16.59000      8.4861822E-04
  -16.58000      9.2211756E-04
  -16.57000      9.9304284E-04
  -16.56000      1.0619853E-03
  -16.55000      1.1291496E-03
  -16.54000      1.1954635E-03
  -16.53000      1.2617558E-03
  -16.52000      1.3289173E-03
  -16.51000      1.3980274E-03
  -16.50000      1.4698028E-03
  -16.49000      1.5449980E-03
  -16.48000      1.6243483E-03
  -16.47000      1.7079198E-03
  -16.46000      1.7958676E-03
  -16.45000      1.8877501E-03
  -16.44000      1.9827548E-03
  -16.43000      2.0801465E-03
  -16.42000      2.1783907E-03
  -16.41000      2.2758245E-03
  -16.40000      2.3705647E-03
  -16.39000      2.4605477E-03
  -16.38000      2.5436750E-03
  -16.37000      2.6177559E-03
  -16.36000      2.6803529E-03
  -16.35000      2.7295519E-03
  -16.34000      2.7633819E-03
  -16.33000      2.7800885E-03
  -16.32000      2.7786982E-03
  -16.31000      2.7580275E-03
  -16.30000      2.7178412E-03
  -16.29000      2.6582479E-03
  -16.28000      2.5799600E-03
  -16.27000      2.4839824E-03
  -16.26000      2.3723347E-03
  -16.25000      2.2466474E-03
  -16.24000      2.1100731E-03
  -16.23000      1.9650224E-03
  -16.22000      1.8136923E-03
  -16.21000      1.6601689E-03
  -16.20000      1.5071529E-03
  -16.19000      1.3576377E-03
  -16.18000      1.2148429E-03
  -16.17000      1.0807149E-03
  -16.16000      9.5806696E-04
  -16.15000      8.4795052E-04
  -16.14000      7.5189868E-04
  -16.13000      6.7046366E-04
  -16.12000      6.0390780E-04
  -16.11000      5.5179809E-04
  -16.10000      5.1345845E-04
  -16.09000      4.8750150E-04
  -16.08000      4.7248710E-04
  -16.07000      4.6638495E-04
  -16.06000      4.6713289E-04
  -16.05000      4.7241390E-04
  -16.04000      4.8002249E-04
  -16.03000      4.8769853E-04
  -16.02000      4.9346272E-04
  -16.01000      4.9554562E-04
  -16.00000      4.9251138E-04
  -15.99000      4.8331640E-04
  -15.98000      4.6728886E-04
  -15.97000      4.4432047E-04
  -15.96000      4.1449664E-04
  -15.95000      3.7860675E-04
  -15.94000      3.3757507E-04
  -15.93000      2.9279297E-04
  -15.92000      2.4595985E-04
  -15.91000      1.9869031E-04
  -15.90000      1.5303663E-04
  -15.89000      1.1074725E-04
  -15.88000      7.3709605E-05
  -15.87000      4.3463260E-05
  -15.86000      2.1344214E-05
  -15.85000      8.3713967E-06
  -15.84000      5.2968512E-06
  -15.83000      1.2328927E-05
  -15.82000      2.9403849E-05
  -15.81000      5.5944409E-05
  -15.80000      9.1124071E-05
  -15.79000      1.3358881E-04
  -15.78000      1.8196250E-04
  -15.77000      2.3446005E-04
  -15.76000      2.8934301E-04
  -15.75000      3.4497632E-04
  -15.74000      3.9949323E-04
  -15.73000      4.5176424E-04
  -15.72000      5.0052151E-04
  -15.71000      5.4515392E-04
  -15.70000      5.8536266E-04
  -15.69000      6.2132982E-04
  -15.68000      6.5376121E-04
  -15.67000      6.8402739E-04
  -15.66000      7.1364769E-04
  -15.65000      7.4494292E-04
  -15.64000      7.8028691E-04
  -15.63000      8.2247594E-04
  -15.62000      8.7461196E-04
  -15.61000      9.3930273E-04
  -15.60000      1.0197731E-03
  -15.59000      1.1180934E-03
  -15.58000      1.2368205E-03
  -15.57000      1.3774544E-03
  -15.56000      1.5410837E-03
  -15.55000      1.7276411E-03
  -15.54000      1.9371867E-03
  -15.53000      2.1674240E-03
  -15.52000      2.4172200E-03
  -15.51000      2.6821704E-03
  -15.50000      2.9587375E-03
  -15.49000      3.2424342E-03
  -15.48000      3.5269894E-03
  -15.47000      3.8079903E-03
  -15.46000      4.0779137E-03
  -15.45000      4.3310821E-03
  -15.44000      4.5606494E-03
  -15.43000      4.7619562E-03
  -15.42000      4.9291071E-03
  -15.41000      5.0567989E-03
  -15.40000      5.1406389E-03
  -15.39000      5.1777782E-03
  -15.38000      5.1661176E-03
  -15.37000      5.1048803E-03
  -15.36000      4.9947770E-03
  -15.35000      4.8374515E-03
  -15.34000      4.6362150E-03
  -15.33000      4.3949350E-03
  -15.32000      4.1195168E-03
  -15.31000      3.8153005E-03
  -15.30000      3.4897043E-03
  -15.29000      3.1495008E-03
  -15.28000      2.8022367E-03
  -15.27000      2.4562823E-03
  -15.26000      2.1178701E-03
  -15.25000      1.7949269E-03
  -15.24000      1.4930187E-03
  -15.23000      1.2176802E-03
  -15.22000      9.7377412E-04
  -15.21000      7.6405948E-04
  -15.20000      5.9090304E-04
  -15.19000      4.5515870E-04
  -15.18000      3.5638234E-04
  -15.17000      2.9353602E-04
  -15.16000      2.6379820E-04
  -15.15000      2.6397468E-04
  -15.14000      2.8970293E-04
  -15.13000      3.3633941E-04
  -15.12000      3.9845257E-04
  -15.11000      4.7066130E-04
  -15.10000      5.4773589E-04
  -15.09000      6.2423089E-04
  -15.08000      6.9578254E-04
  -15.07000      7.5797242E-04
  -15.06000      8.0776925E-04
  -15.05000      8.4267388E-04
  -15.04000      8.6112303E-04
  -15.03000      8.6247193E-04
  -15.02000      8.4698386E-04
  -15.01000      8.1584358E-04
  -15.00000      7.7076821E-04
  -14.99000      7.1439857E-04
  -14.98000      6.4966880E-04
  -14.97000      5.7979533E-04
  -14.96000      5.0840771E-04
  -14.95000      4.3848233E-04
  -14.94000      3.7347706E-04
  -14.93000      3.1574941E-04
  -14.92000      2.6754162E-04
  -14.91000      2.3017557E-04
  -14.90000      2.0437736E-04
  -14.89000      1.9006034E-04
  -14.88000      1.8637843E-04
  -14.87000      1.9178331E-04
  -14.86000      2.0413508E-04
  -14.85000      2.2080156E-04
  -14.84000      2.3891828E-04
  -14.83000      2.5544761E-04
  -14.82000      2.6763283E-04
  -14.81000      2.7297525E-04
  -14.80000      2.6961454E-04
  -14.79000      2.5645999E-04
  -14.78000      2.3345278E-04
  -14.77000      2.0154097E-04
  -14.76000      1.6298564E-04
  -14.75000      1.2132859E-04
  -14.74000      8.1319973E-05
  -14.73000      4.9044062E-05
  -14.72000      3.1541716E-05
  -14.71000      3.6908415E-05
  -14.70000      7.3712115E-05
  -14.69000      1.5090746E-04
  -14.68000      2.7738389E-04
  -14.67000      4.6126836E-04
  -14.66000      7.1100960E-04
  -14.65000      1.0316339E-03
  -14.64000      1.4294632E-03
  -14.63000      1.9055305E-03
  -14.62000      2.4617552E-03
  -14.61000      3.0994378E-03
  -14.60000      3.8106230E-03
  -14.59000      4.5898114E-03
  -14.58000      5.4287589E-03
  -14.57000      6.3110394E-03
  -14.56000      7.2266473E-03
  -14.55000      8.1546251E-03
  -14.54000      9.0793828E-03
  -14.53000      9.9803042E-03
  -14.52000      1.0837339E-02
  -14.51000      1.1627430E-02
  -14.50000      1.2334203E-02
  -14.49000      1.2934228E-02
  -14.48000      1.3413840E-02
  -14.47000      1.3754077E-02
  -14.46000      1.3945379E-02
  -14.45000      1.3978290E-02
  -14.44000      1.3849038E-02
  -14.43000      1.3556842E-02
  -14.42000      1.3107374E-02
  -14.41000      1.2508470E-02
  -14.40000      1.1774301E-02
  -14.39000      1.0920654E-02
  -14.38000      9.9690659E-03
  -14.37000      8.9405812E-03
  -14.36000      7.8656962E-03
  -14.35000      6.7656650E-03
  -14.34000      5.6743864E-03
  -14.33000      4.6172012E-03
  -14.32000      3.6235894E-03
  -14.31000      2.7217325E-03
  -14.30000      1.9322365E-03
  -14.29000      1.2789097E-03
  -14.28000      7.7642204E-04
  -14.27000      4.3830910E-04
  -14.26000      2.7052930E-04
  -14.25000      2.7487965E-04
  -14.24000      4.4751182E-04
  -14.23000      7.7903084E-04
  -14.22000      1.2550226E-03
  -14.21000      1.8559401E-03
  -14.20000      2.5577517E-03
  -14.19000      3.3344724E-03
  -14.18000      4.1532745E-03
  -14.17000      4.9850130E-03
  -14.16000      5.7952027E-03
  -14.15000      6.5530217E-03
  -14.14000      7.2290809E-03
  -14.13000      7.7932351E-03
  -14.12000      8.2249716E-03
  -14.11000      8.5036354E-03
  -14.10000      8.6158859E-03
  -14.09000      8.5540721E-03
  -14.08000      8.3167031E-03
  -14.07000      7.9104397E-03
  -14.06000      7.3469700E-03
  -14.05000      6.6486150E-03
  -14.04000      5.8404244E-03
  -14.03000      4.9582520E-03
  -14.02000      4.0404620E-03
  -14.01000      3.1282271E-03
  -14.00000      2.2722033E-03
  -13.99000      1.5163982E-03
  -13.98000      9.1429299E-04
  -13.97000      5.1052816E-04
  -13.96000      3.5275921E-04
  -13.95000      4.8357624E-04
  -13.94000      9.3987660E-04
  -13.93000      1.7557242E-03
  -13.92000      2.9523333E-03
  -13.91000      4.5520258E-03
  -13.90000      6.5577701E-03
  -13.89000      8.9677637E-03
  -13.88000      1.1776200E-02
  -13.87000      1.4950477E-02
  -13.86000      1.8477140E-02
  -13.85000      2.2301380E-02
  -13.84000      2.6384408E-02
  -13.83000      3.0668009E-02
  -13.82000      3.5095856E-02
  -13.81000      3.9590027E-02
  -13.80000      4.4108212E-02
  -13.79000      4.8555173E-02
  -13.78000      5.2874219E-02
  -13.77000      5.6984734E-02
  -13.76000      6.0821109E-02
  -13.75000      6.4320587E-02
  -13.74000      6.7434035E-02
  -13.73000      7.0111699E-02
  -13.72000      7.2319359E-02
  -13.71000      7.4014671E-02
  -13.70000      7.5184859E-02
  -13.69000      7.5814053E-02
  -13.68000      7.5897880E-02
  -13.67000      7.5442553E-02
  -13.66000      7.4460626E-02
  -13.65000      7.2972596E-02
  -13.64000      7.1017817E-02
  -13.63000      6.8626404E-02
  -13.62000      6.5842703E-02
  -13.61000      6.2722556E-02
  -13.60000      5.9314638E-02
  -13.59000      5.5675738E-02
  -13.58000      5.1863872E-02
  -13.57000      4.7933392E-02
  -13.56000      4.3947492E-02
  -13.55000      3.9958302E-02
  -13.54000      3.6011130E-02
  -13.53000      3.2166533E-02
  -13.52000      2.8453825E-02
  -13.51000      2.4924360E-02
  -13.50000      2.1602426E-02
  -13.49000      1.8509744E-02
  -13.48000      1.5673401E-02
  -13.47000      1.3094568E-02
  -13.46000      1.0789031E-02
  -13.45000      8.7497896E-03
  -13.44000      6.9733975E-03
  -13.43000      5.4509141E-03
  -13.42000      4.1690404E-03
  -13.41000      3.1094488E-03
  -13.40000      2.2574386E-03
  -13.39000      1.5886307E-03
  -13.38000      1.0851320E-03
  -13.37000      7.2294858E-04
  -13.36000      4.8030625E-04
  -13.35000      3.3600786E-04
  -13.34000      2.6909885E-04
  -13.33000      2.6112454E-04
  -13.32000      2.9472899E-04
  -13.31000      3.5507040E-04
  -13.30000      4.2934489E-04
  -13.29000      5.0704484E-04
  -13.28000      5.7990139E-04
  -13.27000      6.4151641E-04
  -13.26000      6.8796030E-04
  -13.25000      7.1659510E-04
  -13.24000      7.2662829E-04
  -13.23000      7.1843649E-04
  -13.22000      6.9366058E-04
  -13.21000      6.5444346E-04
  -13.20000      6.0374860E-04
  -13.19000      5.4461480E-04
  -13.18000      4.8028378E-04
  -13.17000      4.1390467E-04
  -13.16000      3.4824354E-04
  -13.15000      2.8581958E-04
  -13.14000      2.2879562E-04
  -13.13000      1.7866462E-04
  -13.12000      1.3659049E-04
  -13.11000      1.0312129E-04
  -13.10000      7.8385186E-05
  -13.09000      6.2196108E-05
  -13.08000      5.3874362E-05
  -13.07000      5.2630483E-05
  -13.06000      5.7403606E-05
  -13.05000      6.7178022E-05
  -13.04000      8.0808168E-05
  -13.03000      9.7360025E-05
  -13.02000      1.1589733E-04
  -13.01000      1.3574955E-04
  -13.00000      1.5650422E-04
  -12.99000      1.7773620E-04
  -12.98000      1.9937572E-04
  -12.97000      2.2154412E-04
  -12.96000      2.4436170E-04
  -12.95000      2.6830932E-04
  -12.94000      2.9373606E-04
  -12.93000      3.2114133E-04
  -12.92000      3.5095750E-04
  -12.91000      3.8358590E-04
  -12.90000      4.1919530E-04
  -12.89000      4.5808262E-04
  -12.88000      4.9998035E-04
  -12.87000      5.4492347E-04
  -12.86000      5.9226714E-04
  -12.85000      6.4146100E-04
  -12.84000      6.9181377E-04
  -12.83000      7.4222573E-04
  -12.82000      7.9190964E-04
  -12.81000      8.3952042E-04
  -12.80000      8.8405510E-04
  -12.79000      9.2432892E-04
  -12.78000      9.5937384E-04
  -12.77000      9.8809623E-04
  -12.76000      1.0097142E-03
  -12.75000      1.0234931E-03
  -12.74000      1.0289850E-03
  -12.73000      1.0258663E-03
  -12.72000      1.0140727E-03
  -12.71000      9.9377590E-04
  -12.70000      9.6546381E-04
  -12.69000      9.2961331E-04
  -12.68000      8.8719837E-04
  -12.67000      8.3901861E-04
  -12.66000      7.8631646E-04
  -12.65000      7.3015096E-04
  -12.64000      6.7180675E-04
  -12.63000      6.1233976E-04
  -12.62000      5.5305957E-04
  -12.61000      4.9487239E-04
  -12.60000      4.3889179E-04
  -12.59000      3.8589345E-04
  -12.58000      3.3650719E-04
  -12.57000      2.9140181E-04
  -12.56000      2.5078229E-04
  -12.55000      2.1495092E-04
  -12.54000      1.8385783E-04
  -12.53000      1.5737129E-04
  -12.52000      1.3532814E-04
  -12.51000      1.1726127E-04
  -12.50000      1.0281345E-04
  -12.49000      9.1461974E-05
  -12.48000      8.2697676E-05
  -12.47000      7.6020631E-05
  -12.46000      7.0904818E-05
  -12.45000      6.6887420E-05
  -12.44000      6.3554340E-05
  -12.43000      6.0550850E-05
  -12.42000      5.7599675E-05
  -12.41000      5.4499793E-05
  -12.40000      5.1117593E-05
  -12.39000      4.7412774E-05
  -12.38000      4.3380158E-05
  -12.37000      3.9103637E-05
  -12.36000      3.4680252E-05
  -12.35000      3.0252462E-05
  -12.34000      2.5972719E-05
  -12.33000      2.2010019E-05
  -12.32000      1.8510220E-05
  -12.31000      1.5624806E-05
  -12.30000      1.3453082E-05
  -12.29000      1.2095583E-05
  -12.28000      1.1592399E-05
  -12.27000      1.1970134E-05
  -12.26000      1.3205292E-05
  -12.25000      1.5265008E-05
  -12.24000      1.8078221E-05
  -12.23000      2.1567945E-05
  -12.22000      2.5643871E-05
  -12.21000      3.0226654E-05
  -12.20000      3.5220950E-05
  -12.19000      4.0592156E-05
  -12.18000      4.6263918E-05
  -12.17000      5.2240237E-05
  -12.16000      5.8514990E-05
  -12.15000      6.5115673E-05
  -12.14000      7.2105708E-05
  -12.13000      7.9583217E-05
  -12.12000      8.7642649E-05
  -12.11000      9.6425807E-05
  -12.10000      1.0602031E-04
  -12.09000      1.1658618E-04
  -12.08000      1.2823008E-04
  -12.07000      1.4105855E-04
  -12.06000      1.5518825E-04
  -12.05000      1.7063024E-04
  -12.04000      1.8745929E-04
  -12.03000      2.0566174E-04
  -12.02000      2.2520541E-04
  -12.01000      2.4608753E-04
  -12.00000      2.6816005E-04
  -11.99000      2.9136453E-04
  -11.98000      3.1560252E-04
  -11.97000      3.4070160E-04
  -11.96000      3.6661504E-04
  -11.95000      3.9312261E-04
  -11.94000      4.2009633E-04
  -11.93000      4.4751161E-04
  -11.92000      4.7510615E-04
  -11.91000      5.0286466E-04
  -11.90000      5.3054938E-04
  -11.89000      5.5809197E-04
  -11.88000      5.8539840E-04
  -11.87000      6.1223592E-04
  -11.86000      6.3853996E-04
  -11.85000      6.6403940E-04
  -11.84000      6.8859162E-04
  -11.83000      7.1194075E-04
  -11.82000      7.3383894E-04
  -11.81000      7.5391564E-04
  -11.80000      7.7196385E-04
  -11.79000      7.8747183E-04
  -11.78000      8.0014498E-04
  -11.77000      8.0958242E-04
  -11.76000      8.1534236E-04
  -11.75000      8.1708893E-04
  -11.74000      8.1449019E-04
  -11.73000      8.0721843E-04
  -11.72000      7.9509488E-04
  -11.71000      7.7790197E-04
  -11.70000      7.5564045E-04
  -11.69000      7.2826247E-04
  -11.68000      6.9595990E-04
  -11.67000      6.5891980E-04
  -11.66000      6.1766239E-04
  -11.65000      5.7254784E-04
  -11.64000      5.2433187E-04
  -11.63000      4.7373067E-04
  -11.62000      4.2152705E-04
  -11.61000      3.6889629E-04
  -11.60000      3.1653658E-04
  -11.59000      2.6566078E-04
  -11.58000      2.1716231E-04
  -11.57000      1.7206599E-04
  -11.56000      1.3123702E-04
  -11.55000      9.5462558E-05
  -11.54000      6.5345244E-05
  -11.53000      4.1505380E-05
  -11.52000      2.4160958E-05
  -11.51000      1.3511753E-05
  -11.50000      9.4460975E-06
  -11.49000      1.1720804E-05
  -11.48000      1.9851272E-05
  -11.47000      3.3204466E-05
  -11.46000      5.0973926E-05
  -11.45000      7.2220151E-05
  -11.44000      9.6011492E-05
  -11.43000      1.2116806E-04
  -11.42000      1.4671976E-04
  -11.41000      1.7155573E-04
  -11.40000      1.9469109E-04
  -11.39000      2.1524350E-04
  -11.38000      2.3240378E-04
  -11.37000      2.4558749E-04
  -11.36000      2.5435211E-04
  -11.35000      2.5842979E-04
  -11.34000      2.5779713E-04
  -11.33000      2.5264043E-04
  -11.32000      2.4325993E-04
  -11.31000      2.3016431E-04
  -11.30000      2.1394824E-04
  -11.29000      1.9536332E-04
  -11.28000      1.7511562E-04
  -11.27000      1.5406271E-04
  -11.26000      1.3287882E-04
  -11.25000      1.1233284E-04
  -11.24000      9.3013841E-05
  -11.23000      7.5379321E-05
  -11.22000      5.9819959E-05
  -11.21000      4.6461948E-05
  -11.20000      3.5407873E-05
  -11.19000      2.6544974E-05
  -11.18000      1.9686518E-05
  -11.17000      1.4547888E-05
  -11.16000      1.0833732E-05
  -11.15000      8.2435936E-06
  -11.14000      6.5659356E-06
  -11.13000      5.6862277E-06
  -11.12000      5.6938061E-06
  -11.11000      6.8825657E-06
  -11.10000      9.8467071E-06
  -11.09000      1.5449279E-05
  -11.08000      2.4906505E-05
  -11.07000      3.9738145E-05
  -11.06000      6.1772604E-05
  -11.05000      9.3093993E-05
  -11.04000      1.3606442E-04
  -11.03000      1.9302360E-04
  -11.02000      2.6678733E-04
  -11.01000      3.5943926E-04
  -11.00000      4.7367669E-04
  -10.99000      6.1135332E-04
  -10.98000      7.7400560E-04
  -10.97000      9.6313906E-04
  -10.96000      1.1782792E-03
  -10.95000      1.4196467E-03
  -10.94000      1.6854898E-03
  -10.93000      1.9733927E-03
  -10.92000      2.2807287E-03
  -10.91000      2.6021497E-03
  -10.90000      2.9337131E-03
  -10.89000      3.2687546E-03
  -10.88000      3.6008032E-03
  -10.87000      3.9227461E-03
  -10.86000      4.2263386E-03
  -10.85000      4.5038192E-03
  -10.84000      4.7482951E-03
  -10.83000      4.9510594E-03
  -10.82000      5.1063928E-03
  -10.81000      5.2076457E-03
  -10.80000      5.2503771E-03
  -10.79000      5.2314405E-03
  -10.78000      5.1488983E-03
  -10.77000      5.0021890E-03
  -10.76000      4.7936658E-03
  -10.75000      4.5263330E-03
  -10.74000      4.2056874E-03
  -10.73000      3.8385368E-03
  -10.72000      3.4348643E-03
  -10.71000      3.0039465E-03
  -10.70000      2.5593424E-03
  -10.69000      2.1123411E-03
  -10.68000      1.6776428E-03
  -10.67000      1.2692831E-03
  -10.66000      8.9961215E-04
  -10.65000      5.8290613E-04
  -10.64000      3.2868487E-04
  -10.63000      1.4811385E-04
  -10.62000      4.8169153E-05
  -10.61000      3.4218556E-05
  -10.60000      1.0885476E-04
  -10.59000      2.7145378E-04
  -10.58000      5.1971833E-04
  -10.57000      8.4594800E-04
  -10.56000      1.2417228E-03
  -10.55000      1.6944724E-03
  -10.54000      2.1882709E-03
  -10.53000      2.7066919E-03
  -10.52000      3.2329063E-03
  -10.51000      3.7459163E-03
  -10.50000      4.2280885E-03
  -10.49000      4.6570636E-03
  -10.48000      5.0167721E-03
  -10.47000      5.2895136E-03
  -10.46000      5.4618111E-03
  -10.45000      5.5230269E-03
  -10.44000      5.4665492E-03
  -10.43000      5.2906922E-03
  -10.42000      4.9991780E-03
  -10.41000      4.6006232E-03
  -10.40000      4.1087423E-03
  -10.39000      3.5438307E-03
  -10.38000      2.9303678E-03
  -10.37000      2.2970121E-03
  -10.36000      1.6787234E-03
  -10.35000      1.1104526E-03
  -10.34000      6.3450244E-04
  -10.33000      2.9132643E-04
  -10.32000      1.2372312E-04
  -10.31000      1.7419796E-04
  -10.30000      4.8339763E-04
  -10.29000      1.0887816E-03
  -10.28000      2.0218301E-03
  -10.27000      3.3134068E-03
  -10.26000      4.9799518E-03
  -10.25000      7.0403758E-03
  -10.24000      9.4942069E-03
  -10.23000      1.2340731E-02
  -10.22000      1.5566607E-02
  -10.21000      1.9153574E-02
  -10.20000      2.3061544E-02
  -10.19000      2.7264578E-02
  -10.18000      3.1694908E-02
  -10.17000      3.6314331E-02
  -10.16000      4.1049737E-02
  -10.15000      4.5826297E-02
  -10.14000      5.0589744E-02
  -10.13000      5.5243671E-02
  -10.12000      5.9738927E-02
  -10.11000      6.3982449E-02
  -10.10000      6.7907430E-02
  -10.09000      7.1452729E-02
  -10.08000      7.4559957E-02
  -10.07000      7.7160314E-02
  -10.06000      7.9217367E-02
  -10.05000      8.0682404E-02
  -10.04000      8.1534192E-02
  -10.03000      8.1751890E-02
  -10.02000      8.1330948E-02
  -10.01000      8.0275886E-02
  -10.00000      7.8620575E-02
  -9.990000      7.6374426E-02
  -9.980000      7.3591456E-02
  -9.970000      7.0317693E-02
  -9.960000      6.6615537E-02
  -9.950000      6.2551402E-02
  -9.940000      5.8194622E-02
  -9.930000      5.3622209E-02
  -9.920000      4.8907094E-02
  -9.910000      4.4125658E-02
  -9.900000      3.9354708E-02
  -9.890000      3.4661934E-02
  -9.880000      3.0114099E-02
  -9.870000      2.5770362E-02
  -9.860000      2.1683399E-02
  -9.850000      1.7899456E-02
  -9.840000      1.4453687E-02
  -9.830000      1.1373295E-02
  -9.820000      8.6763417E-03
  -9.810000      6.3736574E-03
  -9.800000      4.4632936E-03
  -9.790000      2.9368645E-03
  -9.780000      1.7777915E-03
  -9.770000      9.6218241E-04
  -9.760000      4.6009888E-04
  -9.750000      2.3637152E-04
  -9.740000      2.5239700E-04
  -9.730000      4.6669712E-04
  -9.720000      8.3708664E-04
  -9.710000      1.3211684E-03
  -9.700000      1.8782626E-03
  -9.690000      2.4696544E-03
  -9.680000      3.0604936E-03
  -9.670000      3.6198185E-03
  -9.660000      4.1208807E-03
  -9.650000      4.5426055E-03
  -9.640000      4.8691225E-03
  -9.630000      5.0895726E-03
  -9.620000      5.1988577E-03
  -9.610000      5.1965616E-03
  -9.600000      5.0869007E-03
  -9.590000      4.8782453E-03
  -9.580000      4.5826077E-03
  -9.570000      4.2144982E-03
  -9.560000      3.7906657E-03
  -9.550000      3.3289373E-03
  -9.540000      2.8476759E-03
  -9.530000      2.3646930E-03
  -9.520000      1.8970965E-03
  -9.510000      1.4599682E-03
  -9.500000      1.0666380E-03
  -9.490000      7.2754460E-04
  -9.480000      4.5038102E-04
  -9.470000      2.4018934E-04
  -9.460000      9.8879544E-05
  -9.450000      2.5683374E-05
  -9.440000      1.7065342E-05
  -9.430000      6.7370966E-05
  -9.420000      1.6889939E-04
  -9.410000      3.1257258E-04
  -9.400000      4.8815095E-04
  -9.390000      6.8497268E-04
  -9.380000      8.9216291E-04
  -9.370000      1.0993656E-03
  -9.360000      1.2968691E-03
  -9.350000      1.4763358E-03
  -9.340000      1.6308328E-03
  -9.330000      1.7551398E-03
  -9.320000      1.8459368E-03
  -9.310000      1.9019207E-03
  -9.300000      1.9236156E-03
  -9.290000      1.9133291E-03
  -9.280000      1.8750501E-03
  -9.270000      1.8139618E-03
  -9.260000      1.7364064E-03
  -9.250000      1.6493422E-03
  -9.240000      1.5600555E-03
  -9.230000      1.4758757E-03
  -9.220000      1.4035756E-03
  -9.210000      1.3493324E-03
  -9.200000      1.3183432E-03
  -9.190000      1.3144900E-03
  -9.180000      1.3403167E-03
  -9.170000      1.3967775E-03
  -9.160000      1.4833207E-03
  -9.150000      1.5978036E-03
  -9.140000      1.7366394E-03
  -9.130000      1.8949044E-03
  -9.120000      2.0666139E-03
  -9.110000      2.2450055E-03
  -9.100000      2.4226999E-03
  -9.090000      2.5921210E-03
  -9.080000      2.7459571E-03
  -9.070000      2.8773013E-03
  -9.060000      2.9798611E-03
  -9.050000      3.0486013E-03
  -9.040000      3.0797126E-03
  -9.030000      3.0705079E-03
  -9.020000      3.0201874E-03
  -9.010000      2.9291897E-03
  -9.000000      2.7996663E-03
  -8.990000      2.6351770E-03
  -8.980000      2.4405427E-03
  -8.970000      2.2218025E-03
  -8.960000      1.9856221E-03
  -8.950000      1.7397633E-03
  -8.940000      1.4918842E-03
  -8.930000      1.2499497E-03
  -8.920000      1.0214729E-03
  -8.910000      8.1349927E-04
  -8.900000      6.3212711E-04
  -8.890000      4.8233045E-04
  -8.880000      3.6792897E-04
  -8.870000      2.9106761E-04
  -8.860000      2.5248068E-04
  -8.850000      2.5135907E-04
  -8.840000      2.8535578E-04
  -8.830000      3.5084342E-04
  -8.820000      4.4289185E-04
  -8.810000      5.5569265E-04
  -8.800000      6.8264850E-04
  -8.790000      8.1678602E-04
  -8.780000      9.5090864E-04
  -8.770000      1.0780710E-03
  -8.760000      1.1917525E-03
  -8.750000      1.2861157E-03
  -8.740000      1.3562903E-03
  -8.730000      1.3986079E-03
  -8.720000      1.4107057E-03
  -8.710000      1.3916331E-03
  -8.700000      1.3418603E-03
  -8.690000      1.2634196E-03
  -8.680000      1.1596102E-03
  -8.670000      1.0349787E-03
  -8.660000      8.9511985E-04
  -8.650000      7.4633124E-04
  -8.640000      5.9556984E-04
  -8.630000      4.4985232E-04
  -8.620000      3.1617377E-04
  -8.610000      2.0105626E-04
  -8.600000      1.1043266E-04
  -8.590000      4.9197432E-05
  -8.580000      2.1140409E-05
  -8.570000      2.8697863E-05
  -8.560000      7.2915769E-05
  -8.550000      1.5329722E-04
  -8.540000      2.6793574E-04
  -8.530000      4.1341077E-04
  -8.520000      5.8511843E-04
  -8.510000      7.7729876E-04
  -8.500000      9.8320073E-04
  -8.490000      1.1953925E-03
  -8.480000      1.4063388E-03
  -8.470000      1.6081826E-03
  -8.460000      1.7934892E-03
  -8.450000      1.9553285E-03
  -8.440000      2.0877654E-03
  -8.430000      2.1859151E-03
  -8.420000      2.2463568E-03
  -8.410000      2.2670273E-03
  -8.400000      2.2475959E-03
  -8.390000      2.1893361E-03
  -8.380000      2.0950350E-03
  -8.370000      1.9690357E-03
  -8.360000      1.8168283E-03
  -8.350000      1.6452076E-03
  -8.340000      1.4615447E-03
  -8.330000      1.2738390E-03
  -8.320000      1.0902539E-03
  -8.310000      9.1888529E-04
  -8.300000      7.6730730E-04
  -8.290000      6.4243271E-04
  -8.280000      5.5003021E-04
  -8.270000      4.9465505E-04
  -8.260000      4.7930374E-04
  -8.250000      5.0541258E-04
  -8.240000      5.7258562E-04
  -8.230000      6.7883398E-04
  -8.220000      8.2042743E-04
  -8.210000      9.9215587E-04
  -8.200000      1.1873675E-03
  -8.190000      1.3985592E-03
  -8.180000      1.6174099E-03
  -8.170000      1.8350690E-03
  -8.160000      2.0428242E-03
  -8.150000      2.2321208E-03
  -8.140000      2.3950574E-03
  -8.130000      2.5248893E-03
  -8.120000      2.6158111E-03
  -8.110000      2.6637949E-03
  -8.100000      2.6662142E-03
  -8.090000      2.6224060E-03
  -8.080000      2.5334156E-03
  -8.070000      2.4020167E-03
  -8.060000      2.2329015E-03
  -8.050000      2.0320506E-03
  -8.040000      1.8070041E-03
  -8.030000      1.5660096E-03
  -8.020000      1.3183312E-03
  -8.010000      1.0735091E-03
  -8.000000      8.4101135E-04
  -7.990000      6.2970648E-04
  -7.980000      4.4791106E-04
  -7.970000      3.0264477E-04
  -7.960000      1.9951446E-04
  -7.950000      1.4240068E-04
  -7.940000      1.3343825E-04
  -7.930000      1.7270217E-04
  -7.920000      2.5842930E-04
  -7.910000      3.8687920E-04
  -7.900000      5.5271963E-04
  -7.890000      7.4899982E-04
  -7.880000      9.6758438E-04
  -7.870000      1.1992615E-03
  -7.860000      1.4345061E-03
  -7.850000      1.6634462E-03
  -7.840000      1.8763689E-03
  -7.830000      2.0643421E-03
  -7.820000      2.2192111E-03
  -7.810000      2.3342804E-03
  -7.800000      2.4044763E-03
  -7.790000      2.4263759E-03
  -7.780000      2.3990069E-03
  -7.770000      2.3231430E-03
  -7.760000      2.2016973E-03
  -7.750000      2.0396763E-03
  -7.740000      1.8437488E-03
  -7.730000      1.6221455E-03
  -7.720000      1.3843252E-03
  -7.710000      1.1404572E-03
  -7.700000      9.0096018E-04
  -7.690000      6.7648216E-04
  -7.680000      4.7687310E-04
  -7.670000      3.1133415E-04
  -7.660000      1.8760678E-04
  -7.650000      1.1190544E-04
  -7.640000      8.8478097E-05
  -7.630000      1.1954160E-04
  -7.620000      2.0500227E-04
  -7.610000      3.4261716E-04
  -7.600000      5.2779785E-04
  -7.590000      7.5404812E-04
  -7.580000      1.0128423E-03
  -7.570000      1.2944024E-03
  -7.560000      1.5875958E-03
  -7.550000      1.8809790E-03
  -7.540000      2.1627299E-03
  -7.530000      2.4214105E-03
  -7.520000      2.6463845E-03
  -7.510000      2.8285303E-03
  -7.500000      2.9603392E-03
  -7.490000      3.0364385E-03
  -7.480000      3.0537925E-03
  -7.470000      3.0117175E-03
  -7.460000      2.9123805E-03
  -7.450000      2.7601167E-03
  -7.440000      2.5619562E-03
  -7.430000      2.3269844E-03
  -7.420000      2.0659859E-03
  -7.410000      1.7912567E-03
  -7.400000      1.5159146E-03
  -7.390000      1.2536925E-03
  -7.380000      1.0179528E-03
  -7.370000      8.2136417E-04
  -7.360000      6.7531079E-04
  -7.350000      5.8926363E-04
  -7.340000      5.7054363E-04
  -7.330000      6.2361645E-04
  -7.320000      7.5017731E-04
  -7.310000      9.4860006E-04
  -7.300000      1.2142922E-03
  -7.290000      1.5395526E-03
  -7.280000      1.9139963E-03
  -7.270000      2.3247572E-03
  -7.260000      2.7571714E-03
  -7.250000      3.1950737E-03
  -7.240000      3.6217298E-03
  -7.230000      4.0199151E-03
  -7.220000      4.3735770E-03
  -7.210000      4.6675298E-03
  -7.200000      4.8887543E-03
  -7.190000      5.0263223E-03
  -7.180000      5.0729988E-03
  -7.170000      5.0244038E-03
  -7.160000      4.8802760E-03
  -7.150000      4.6446854E-03
  -7.140000      4.3247552E-03
  -7.130000      3.9324830E-03
  -7.120000      3.4826505E-03
  -7.110000      2.9936056E-03
  -7.100000      2.4857130E-03
  -7.090000      1.9813140E-03
  -7.080000      1.5034217E-03
  -7.070000      1.0749780E-03
  -7.060000      7.1763736E-04
  -7.050000      4.5142931E-04
  -7.040000      2.9360625E-04
  -7.030000      2.5771948E-04
  -7.020000      3.5292606E-04
  -7.010000      5.8390322E-04
  -7.000000      9.5000421E-04
  -6.990000      1.4453705E-03
  -6.980000      2.0586264E-03
  -6.970000      2.7733825E-03
  -6.960000      3.5682877E-03
  -6.950000      4.4180332E-03
  -6.940000      5.2934871E-03
  -6.930000      6.1632367E-03
  -6.920000      6.9949809E-03
  -6.910000      7.7558248E-03
  -6.900000      8.4138922E-03
  -6.890000      8.9407563E-03
  -6.880000      9.3111228E-03
  -6.870000      9.5058493E-03
  -6.860000      9.5112054E-03
  -6.850000      9.3208309E-03
  -6.840000      8.9366706E-03
  -6.830000      8.3690882E-03
  -6.820000      7.6367944E-03
  -6.810000      6.7667509E-03
  -6.800000      5.7946043E-03
  -6.790000      4.7629322E-03
  -6.780000      3.7218875E-03
  -6.770000      2.7261777E-03
  -6.760000      1.8354128E-03
  -6.750000      1.1121128E-03
  -6.740000      6.1968010E-04
  -6.730000      4.2048219E-04
  -6.720000      5.7513459E-04
  -6.710000      1.1393680E-03
  -6.700000      2.1625238E-03
  -6.690000      3.6860555E-03
  -6.680000      5.7411487E-03
  -6.670000      8.3484435E-03
  -6.660000      1.1516143E-02
  -6.650000      1.5239528E-02
  -6.640000      1.9502269E-02
  -6.630000      2.4272285E-02
  -6.620000      2.9508237E-02
  -6.610000      3.5153762E-02
  -6.600000      4.1145518E-02
  -6.590000      4.7406677E-02
  -6.580000      5.3857423E-02
  -6.570000      6.0410578E-02
  -6.560000      6.6968285E-02
  -6.550000      7.3436566E-02
  -6.540000      7.9720043E-02
  -6.530000      8.5720666E-02
  -6.520000      9.1349088E-02
  -6.510000      9.6511588E-02
  -6.500000      0.1011324    
  -6.490000      0.1051335    
  -6.480000      0.1084605    
  -6.470000      0.1110589    
  -6.460000      0.1128910    
  -6.450000      0.1139429    
  -6.440000      0.1141999    
  -6.430000      0.1136714    
  -6.420000      0.1123786    
  -6.410000      0.1103562    
  -6.400000      0.1076495    
  -6.390000      0.1043170    
  -6.380000      0.1004199    
  -6.370000      9.6029282E-02
  -6.360000      9.1224961E-02
  -6.350000      8.6081080E-02
  -6.340000      8.0679037E-02
  -6.330000      7.5096354E-02
  -6.320000      6.9411263E-02
  -6.310000      6.3695744E-02
  -6.300000      5.8019005E-02
  -6.290000      5.2446101E-02
  -6.280000      4.7033954E-02
  -6.270000      4.1833360E-02
  -6.260000      3.6892038E-02
  -6.250000      3.2242049E-02
  -6.240000      2.7914245E-02
  -6.230000      2.3928370E-02
  -6.220000      2.0297937E-02
  -6.210000      1.7029161E-02
  -6.200000      1.4120884E-02
  -6.190000      1.1564218E-02
  -6.180000      9.3476390E-03
  -6.170000      7.4521704E-03
  -6.160000      5.8568423E-03
  -6.150000      4.5363777E-03
  -6.140000      3.4648271E-03
  -6.130000      2.6148106E-03
  -6.120000      1.9584887E-03
  -6.110000      1.4685283E-03
  -6.100000      1.1188610E-03
  -6.090000      8.8450534E-04
  -6.080000      7.4271514E-04
  -6.070000      6.7268050E-04
  -6.060000      6.5590063E-04
  -6.050000      6.7619310E-04
  -6.040000      7.1977399E-04
  -6.030000      7.7516708E-04
  -6.020000      8.3303900E-04
  -6.010000      8.8625238E-04
  -6.000000      9.2940091E-04
  -5.990000      9.5883192E-04
  -5.980000      9.7238191E-04
  -5.970000      9.6907635E-04
  -5.960000      9.4900752E-04
  -5.950000      9.1307581E-04
  -5.940000      8.6286024E-04
  -5.930000      8.0044387E-04
  -5.920000      7.2819297E-04
  -5.910000      6.4880768E-04
  -5.900000      5.6507770E-04
  -5.890000      4.7993028E-04
  -5.880000      3.9631160E-04
  -5.870000      3.1720090E-04
  -5.860000      2.4547943E-04
  -5.850000      1.8402688E-04
  -5.840000      1.3552219E-04
  -5.830000      1.0256347E-04
  -5.820000      8.7483226E-05
  -5.810000      9.2402799E-05
  -5.800000      1.1906474E-04
  -5.790000      1.6887618E-04
  -5.780000      2.4274811E-04
  -5.770000      3.4114075E-04
  -5.760000      4.6400438E-04
  -5.750000      6.1067293E-04
  -5.740000      7.7999377E-04
  -5.730000      9.7011740E-04
  -5.720000      1.1787029E-03
  -5.710000      1.4028356E-03
  -5.700000      1.6392018E-03
  -5.690000      1.8839558E-03
  -5.680000      2.1329662E-03
  -5.670000      2.3817944E-03
  -5.660000      2.6259702E-03
  -5.650000      2.8608867E-03
  -5.640000      3.0819455E-03
  -5.630000      3.2849328E-03
  -5.620000      3.4658371E-03
  -5.610000      3.6212874E-03
  -5.600000      3.7483277E-03
  -5.590000      3.8448877E-03
  -5.580000      3.9092312E-03
  -5.570000      3.9409366E-03
  -5.560000      3.9401795E-03
  -5.550000      3.9078789E-03
  -5.540000      3.8459131E-03
  -5.530000      3.7565138E-03
  -5.520000      3.6426857E-03
  -5.510000      3.5077666E-03
  -5.500000      3.3555797E-03
  -5.490000      3.1896648E-03
  -5.480000      3.0139661E-03
  -5.470000      2.8321743E-03
  -5.460000      2.6476074E-03
  -5.450000      2.4635303E-03
  -5.440000      2.2824826E-03
  -5.430000      2.1068281E-03
  -5.420000      1.9382724E-03
  -5.410000      1.7780536E-03
  -5.400000      1.6271222E-03
  -5.390000      1.4857749E-03
  -5.380000      1.3541642E-03
  -5.370000      1.2319856E-03
  -5.360000      1.1188397E-03
  -5.350000      1.0141889E-03
  -5.340000      9.1742526E-04
  -5.330000      8.2805066E-04
  -5.320000      7.4560731E-04
  -5.310000      6.6996133E-04
  -5.300000      6.0105167E-04
  -5.290000      5.3917966E-04
  -5.280000      4.8478891E-04
  -5.270000      4.3860465E-04
  -5.260000      4.0146784E-04
  -5.250000      3.7434537E-04
  -5.240000      3.5824117E-04
  -5.230000      3.5404222E-04
  -5.220000      3.6249013E-04
  -5.210000      3.8403814E-04
  -5.200000      4.1878218E-04
  -5.190000      4.6637913E-04
  -5.180000      5.2596087E-04
  -5.170000      5.9610599E-04
  -5.160000      6.7487790E-04
  -5.150000      7.5981510E-04
  -5.140000      8.4793050E-04
  -5.130000      9.3593978E-04
  -5.120000      1.0203797E-03
  -5.110000      1.0975455E-03
  -5.100000      1.1639002E-03
  -5.090000      1.2161303E-03
  -5.080000      1.2513886E-03
  -5.070000      1.2673371E-03
  -5.060000      1.2623357E-03
  -5.050000      1.2356866E-03
  -5.040000      1.1875003E-03
  -5.030000      1.1189990E-03
  -5.020000      1.0323193E-03
  -5.010000      9.3061145E-04
  -5.000000      8.1800920E-04
  -4.990000      6.9938472E-04
  -4.980000      5.8037444E-04
  -4.970000      4.6697454E-04
  -4.960000      3.6557583E-04
  -4.950000      2.8239036E-04
  -4.940000      2.2344734E-04
  -4.930000      1.9411226E-04
  -4.920000      1.9892506E-04
  -4.910000      2.4132690E-04
  -4.900000      3.2340272E-04
  -4.890000      4.4581041E-04
  -4.880000      6.0755049E-04
  -4.870000      8.0615556E-04
  -4.860000      1.0374857E-03
  -4.850000      1.2960463E-03
  -4.840000      1.5751069E-03
  -4.830000      1.8668367E-03
  -4.820000      2.1626865E-03
  -4.810000      2.4535635E-03
  -4.800000      2.7304105E-03
  -4.790000      2.9842807E-03
  -4.780000      3.2069227E-03
  -4.770000      3.3911548E-03
  -4.760000      3.5308669E-03
  -4.750000      3.6217321E-03
  -4.740000      3.6613110E-03
  -4.730000      3.6494222E-03
  -4.720000      3.5876259E-03
  -4.710000      3.4802586E-03
  -4.700000      3.3333509E-03
  -4.690000      3.1549127E-03
  -4.680000      2.9546705E-03
  -4.670000      2.7432542E-03
  -4.660000      2.5321278E-03
  -4.650000      2.3330485E-03
  -4.640000      2.1570998E-03
  -4.630000      2.0147546E-03
  -4.620000      1.9149845E-03
  -4.610000      1.8651627E-03
  -4.600000      1.8702222E-03
  -4.590000      1.9327925E-03
  -4.580000      2.0529013E-03
  -4.570000      2.2276149E-03
  -4.560000      2.4514960E-03
  -4.550000      2.7162153E-03
  -4.540000      3.0113538E-03
  -4.530000      3.3241515E-03
  -4.520000      3.6407087E-03
  -4.510000      3.9459118E-03
  -4.500000      4.2244787E-03
  -4.490000      4.4619571E-03
  -4.480000      4.6445131E-03
  -4.470000      4.7606970E-03
  -4.460000      4.8014373E-03
  -4.450000      4.7609159E-03
  -4.440000      4.6364367E-03
  -4.430000      4.4291099E-03
  -4.420000      4.1440469E-03
  -4.410000      3.7896561E-03
  -4.400000      3.3781249E-03
  -4.390000      2.9243894E-03
  -4.380000      2.4462927E-03
  -4.370000      1.9633255E-03
  -4.360000      1.4965343E-03
  -4.350000      1.0670956E-03
  -4.340000      6.9608074E-04
  -4.330000      4.0310572E-04
  -4.320000      2.0574614E-04
  -4.310000      1.1826068E-04
  -4.300000      1.5123303E-04
  -4.290000      3.1066543E-04
  -4.280000      5.9743528E-04
  -4.270000      1.0070859E-03
  -4.260000      1.5297449E-03
  -4.250000      2.1506720E-03
  -4.240000      2.8498655E-03
  -4.230000      3.6040796E-03
  -4.220000      4.3861289E-03
  -4.210000      5.1676352E-03
  -4.200000      5.9182625E-03
  -4.190000      6.6089244E-03
  -4.180000      7.2111450E-03
  -4.170000      7.6995185E-03
  -4.160000      8.0520622E-03
  -4.150000      8.2508773E-03
  -4.140000      8.2851360E-03
  -4.130000      8.1490688E-03
  -4.120000      7.8440197E-03
  -4.110000      7.3788795E-03
  -4.100000      6.7698117E-03
  -4.090000      6.0398849E-03
  -4.080000      5.2190903E-03
  -4.070000      4.3425690E-03
  -4.060000      3.4499073E-03
  -4.050000      2.5838860E-03
  -4.040000      1.7874090E-03
  -4.030000      1.1034376E-03
  -4.020000      5.7149248E-04
  -4.010000      2.2726246E-04
  -4.000000      9.9813653E-05
  -3.990000      2.1121775E-04
  -3.980000      5.7482935E-04
  -3.970000      1.1949034E-03
  -3.960000      2.0664139E-03
  -3.950000      3.1738712E-03
  -3.940000      4.4928575E-03
  -3.930000      5.9892326E-03
  -3.920000      7.6217744E-03
  -3.910000      9.3409205E-03
  -3.900000      1.1092836E-02
  -3.890000      1.2819440E-02
  -3.880000      1.4462355E-02
  -3.870000      1.5963277E-02
  -3.860000      1.7268991E-02
  -3.850000      1.8331759E-02
  -3.840000      1.9112745E-02
  -3.830000      1.9583860E-02
  -3.820000      1.9730281E-02
  -3.810000      1.9548047E-02
  -3.800000      1.9047959E-02
  -3.790000      1.8255269E-02
  -3.780000      1.7204659E-02
  -3.770000      1.5943129E-02
  -3.760000      1.4525966E-02
  -3.750000      1.3016873E-02
  -3.740000      1.1482558E-02
  -3.730000      9.9919476E-03
  -3.720000      8.6145829E-03
  -3.710000      7.4152551E-03
  -3.700000      6.4542545E-03
  -3.690000      5.7815746E-03
  -3.680000      5.4374123E-03
  -3.670000      5.4474524E-03
  -3.660000      5.8226823E-03
  -3.650000      6.5569878E-03
  -3.640000      7.6275258E-03
  -3.630000      8.9962520E-03
  -3.620000      1.0607364E-02
  -3.610000      1.2394398E-02
  -3.600000      1.4278355E-02
  -3.590000      1.6174808E-02
  -3.580000      1.7994355E-02
  -3.570000      1.9649370E-02
  -3.560000      2.1055829E-02
  -3.550000      2.2136765E-02
  -3.540000      2.2828138E-02
  -3.530000      2.3078963E-02
  -3.520000      2.2856241E-02
  -3.510000      2.2148432E-02
  -3.500000      2.0961959E-02
  -3.490000      1.9331029E-02
  -3.480000      1.7310757E-02
  -3.470000      1.4980536E-02
  -3.460000      1.2442228E-02
  -3.450000      9.8153958E-03
  -3.440000      7.2363908E-03
  -3.430000      4.8497701E-03
  -3.420000      2.8039818E-03
  -3.410000      1.2442960E-03
  -3.400000      3.0595617E-04
  -3.390000      1.0681185E-04
  -3.380000      7.4152515E-04
  -3.370000      2.2766318E-03
  -3.360000      4.7465470E-03
  -3.350000      8.1483917E-03
  -3.340000      1.2444186E-02
  -3.330000      1.7553018E-02
  -3.320000      2.3362014E-02
  -3.310000      2.9714702E-02
  -3.300000      3.6420919E-02
  -3.290000      4.3256767E-02
  -3.280000      4.9985208E-02
  -3.270000      5.6335408E-02
  -3.260000      6.2042288E-02
  -3.250000      6.6838950E-02
  -3.240000      7.0479453E-02
  -3.230000      7.2751924E-02
  -3.220000      7.3488213E-02
  -3.210000      7.2578505E-02
  -3.200000      6.9986828E-02
  -3.190000      6.5753169E-02
  -3.180000      5.9999518E-02
  -3.170000      5.2934308E-02
  -3.160000      4.4856332E-02
  -3.150000      3.6139660E-02
  -3.140000      2.7238918E-02
  -3.130000      1.8683592E-02
  -3.120000      1.1067261E-02
  -3.110000      5.0451905E-03
  -3.100000      1.3111942E-03
  -3.090000      5.9371407E-04
  -3.080000      3.6369897E-03
  -3.070000      1.1177480E-02
  -3.060000      2.3918305E-02
  -3.050000      4.2508010E-02
  -3.040000      6.7504421E-02
  -3.030000      9.9369466E-02
  -3.020000      0.1384166    
  -3.010000      0.1848221    
  -3.000000      0.2385969    
  -2.990000      0.2996310    
  -2.980000      0.3676115    
  -2.970000      0.4421387    
  -2.960000      0.5226139    
  -2.950000      0.6083910    
  -2.940000      0.6986278    
  -2.930000      0.7925056    
  -2.920000      0.8888953    
  -2.910000      0.9867580    
  -2.900000       1.084809    
  -2.890000       1.181702    
  -2.880000       1.276029    
  -2.870000       1.366195    
  -2.860000       1.450704    
  -2.850000       1.527916    
  -2.840000       1.596443    
  -2.830000       1.654911    
  -2.820000       1.702080    
  -2.810000       1.737162    
  -2.800000       1.759453    
  -2.790000       1.768683    
  -2.780000       1.764849    
  -2.770000       1.748243    
  -2.760000       1.719382    
  -2.750000       1.678964    
  -2.740000       1.627875    
  -2.730000       1.567045    
  -2.720000       1.497513    
  -2.710000       1.420336    
  -2.700000       1.336592    
  -2.690000       1.247364    
  -2.680000       1.153893    
  -2.670000       1.057387    
  -2.660000      0.9590647    
  -2.650000      0.8603320    
  -2.640000      0.7624214    
  -2.630000      0.6668014    
  -2.620000      0.5747918    
  -2.610000      0.4876062    
  -2.600000      0.4062956    
  -2.590000      0.3317878    
  -2.580000      0.2647216    
  -2.570000      0.2055293    
  -2.560000      0.1544008    
  -2.550000      0.1113084    
  -2.540000      7.6063298E-02
  -2.530000      4.8293758E-02
  -2.520000      2.7535878E-02
  -2.510000      1.3211855E-02
  -2.500000      4.6677357E-03
  -2.490000      1.2047652E-03
  -2.480000      2.0650744E-03
  -2.470000      6.4659775E-03
  -2.460000      1.3610710E-02
  -2.450000      2.2706294E-02
  -2.440000      3.2981340E-02
  -2.430000      4.3721769E-02
  -2.420000      5.4278631E-02
  -2.410000      6.4097166E-02
  -2.400000      7.2721854E-02
  -2.390000      7.9817243E-02
  -2.380000      8.5146025E-02
  -2.370000      8.8590033E-02
  -2.360000      9.0105496E-02
  -2.350000      8.9736171E-02
  -2.340000      8.7586351E-02
  -2.330000      8.3807796E-02
  -2.320000      7.8598350E-02
  -2.310000      7.2188333E-02
  -2.300000      6.4850606E-02
  -2.290000      5.6876324E-02
  -2.280000      4.8577953E-02
  -2.270000      4.0264510E-02
  -2.260000      3.2205284E-02
  -2.250000      2.4649555E-02
  -2.240000      1.7865075E-02
  -2.230000      1.2057737E-02
  -2.220000      7.3562479E-03
  -2.210000      3.8379095E-03
  -2.200000      1.5290161E-03
  -2.190000      4.1245218E-04
  -2.180000      4.3351244E-04
  -2.170000      1.4998489E-03
  -2.160000      3.4759892E-03
  -2.150000      6.1953566E-03
  -2.140000      9.4926720E-03
  -2.130000      1.3186994E-02
  -2.120000      1.7124286E-02
  -2.110000      2.1186598E-02
  -2.100000      2.5228104E-02
  -2.090000      2.9024996E-02
  -2.080000      3.2215364E-02
  -2.070000      3.4373369E-02
  -2.060000      3.5320565E-02
  -2.050000      3.5758350E-02
  -2.040000      3.7299380E-02
  -2.030000      3.9321546E-02
  -2.020000      3.9623860E-02
  -2.010000      3.7634231E-02
  -2.000000      3.4164246E-02
  -1.990000      2.9741380E-02
  -1.980000      2.6470974E-02
  -1.970000      2.4390863E-02
  -1.960000      2.2149425E-02
  -1.950000      1.9968562E-02
  -1.940000      1.7561600E-02
  -1.930000      1.4353415E-02
  -1.920000      1.1573632E-02
  -1.910000      9.7230393E-03
  -1.900000      8.3686952E-03
  -1.890000      7.5959340E-03
  -1.880000      8.5474923E-03
  -1.870000      1.2016765E-02
  -1.860000      1.4675060E-02
  -1.850000      1.3344813E-02
  -1.840000      1.4820584E-02
  -1.830000      1.5497179E-02
  -1.820000      1.1245213E-02
  -1.810000      1.3571639E-02
  -1.800000      2.3302605E-02
  -1.790000      3.2167062E-02
  -1.780000      2.8801583E-02
  -1.770000      1.6600147E-02
  -1.760000      9.4117243E-03
  -1.750000      8.2106162E-03
  -1.740000      9.8992400E-03
  -1.730000      1.4659982E-02
  -1.720000      1.8148150E-02
  -1.710000      2.2649445E-02
  -1.700000      2.4713822E-02
  -1.690000      1.7165668E-02
  -1.680000      6.6098059E-03
  -1.670000      2.9167677E-03
  -1.660000      2.6460625E-03
  -1.650000      2.8537405E-03
  -1.640000      1.9677107E-03
  -1.630000      1.0615150E-03
  -1.620000      6.0564600E-04
  -1.610000      3.4107416E-04
  -1.600000      1.2644718E-04
  -1.590000     -1.0811347E-05
  -1.580000      3.8242107E-04
  -1.570000      3.3680492E-03
  -1.560000      7.7804639E-03
  -1.550000      6.9037024E-03
  -1.540000      5.8383830E-03
  -1.530000      5.1113055E-03
  -1.520000      3.3686436E-03
  -1.510000      2.8133118E-03
  -1.500000      2.5638903E-03
  -1.490000      3.5257472E-03
  -1.480000      4.8742746E-03
  -1.470000      5.7085794E-03
  -1.460000      5.9079211E-03
  -1.450000      5.0391797E-03
  -1.440000      3.0496772E-03
  -1.430000      1.7614911E-03
  -1.420000      1.2568106E-03
  -1.410000      9.3397702E-04
  -1.400000      9.8158093E-04
  -1.390000      1.4530942E-03
  -1.380000      1.5398173E-03
  -1.370000      8.2858541E-04
  -1.360000      6.5989414E-04
  -1.350000      8.4918970E-04
  -1.340000      1.1043304E-03
  -1.330000      8.6400384E-04
  -1.320000      9.3470560E-04
  -1.310000      1.2034714E-03
  -1.300000      1.7111141E-03
  -1.290000      2.4531360E-03
  -1.280000      1.8420480E-03
  -1.270000      5.2074011E-04
  -1.260000      9.0169640E-05
  -1.250000      2.1967229E-05
  -1.240000      1.4977898E-05
  -1.230000      1.6323551E-05
  -1.220000      1.4383918E-05
  -1.210000      1.4858483E-05
  -1.200000      2.0547293E-05
  -1.190000      3.0127158E-05
  -1.180000      4.3292093E-05
  -1.170000      5.9748585E-05
  -1.160000      7.9575206E-05
  -1.150000      8.5455205E-05
  -1.140000      1.0102681E-04
  -1.130000      5.7481928E-05
  -1.120000     -2.6419936E-04
  -1.110000     -3.4963567E-05
  -1.100000      1.4204682E-02
  -1.090000      5.9289034E-02
  -1.080000      5.6072526E-02
  -1.070000      3.8003087E-02
  -1.060000      1.3860914E-02
  -1.050000      1.0417544E-03
  -1.040000      7.0752436E-04
  -1.030000      6.6531554E-04
  -1.020000      1.2733268E-03
  -1.010000      1.3376498E-03
  -1.000000      8.6925557E-04
 -0.9900000      1.6580315E-04
 -0.9800000      2.1284364E-05
 -0.9700000      3.1422565E-04
 -0.9600000      2.2467978E-03
 -0.9500000      3.8153657E-03
 -0.9400000      1.3935596E-03
 -0.9300000      3.0439117E-04
 -0.9200000      1.8955949E-04
 -0.9100000      2.4253184E-04
 -0.9000000      2.4156447E-04
 -0.8900000      1.1923884E-04
 -0.8800000      2.8221280E-04
 -0.8700000      4.1303781E-04
 -0.8600000      1.1702997E-04
 -0.8500000      7.5188771E-05
 -0.8400000      7.1080787E-05
 -0.8300000      7.5535740E-05
 -0.8200000      7.4080272E-05
 -0.8100000      3.3709977E-05
 -0.8000000      2.4373088E-05
 -0.7900000      1.9831703E-05
 -0.7800000      1.6602275E-05
 -0.7700000      1.3539868E-05
 -0.7600000      1.0820998E-05
 -0.7500000      9.4950756E-06
 -0.7400000      1.0864718E-05
 -0.7300000      2.5380696E-05
 -0.7200000      3.9923310E-05
 -0.7100000      1.5859800E-05
 -0.7000000      1.5709196E-05
 -0.6900000      1.3646098E-05
 -0.6800000      2.5429181E-05
 -0.6700000      5.7251040E-05
 -0.6600000      3.7127029E-05
 -0.6500000      3.4684719E-05
 -0.6400000      4.4211771E-05
 -0.6300000      4.6731209E-05
 -0.6200000      5.3977543E-05
 -0.6100000      6.9549795E-05
 -0.6000000      5.1982213E-05
 -0.5900000      8.8517379E-05
 -0.5800000      1.0955805E-03
 -0.5700000      1.5172482E-03
 -0.5600000      2.3292829E-04
 -0.5500000      4.2553394E-05
 -0.5400000      1.2584994E-04
 -0.5300000      2.9258904E-04
 -0.5200000      1.2121406E-04
 -0.5100000      4.7732257E-05
 -0.5000000      5.4503598E-05
 -0.4900000      1.4868626E-04
 -0.4800000      1.2196395E-04
 -0.4700000      3.1960019E-05
 -0.4600000      1.6627197E-05
 -0.4500000      1.2144536E-05
 -0.4400000      1.3217002E-05
 -0.4300000      2.4005536E-05
 -0.4200000      3.0606399E-05
 -0.4100000      1.3736516E-05
 -0.4000000      3.9009860E-06
 -0.3900000      5.2493374E-06
 -0.3800000      8.1004155E-06
 -0.3700000      7.1013037E-06
 -0.3600000      2.1058462E-05
 -0.3500000      3.4277450E-04
 -0.3400000      1.0640583E-03
 -0.3300000      3.7562370E-04
 -0.3200000      7.9172525E-05
 -0.3100000      8.1819468E-05
 -0.3000000      1.0220960E-04
 -0.2900000      1.1854847E-04
 -0.2800000      1.3372750E-04
 -0.2700000      1.4960597E-04
 -0.2600000      1.6537323E-04
 -0.2500000      1.8052520E-04
 -0.2400000      1.9486681E-04
 -0.2300000      2.0871653E-04
 -0.2200000      2.2080395E-04
 -0.2100000      2.3028695E-04
 -0.2000000      2.3815485E-04
 -0.1900000      2.4150366E-04
 -0.1800000      2.3926279E-04
 -0.1700000      2.3347784E-04
 -0.1600000      2.2375818E-04
 -0.1500000      2.1084059E-04
 -0.1400000      1.9703800E-04
 -0.1300000      1.8231734E-04
 -0.1200000      1.6713577E-04
 -0.1100000      1.5270145E-04
 -0.1000000      1.3918565E-04
 -9.0000004E-02  1.2681306E-04
 -7.9999998E-02  1.1591552E-04
 -7.0000000E-02  1.0455007E-04
 -5.9999999E-02  9.5839358E-05
 -5.0000001E-02  8.1829923E-05
 -3.9999999E-02  5.0509996E-05
 -2.9999999E-02  1.1935990E-04
 -2.0000000E-02  1.7295950E-03
 -9.9999998E-03  3.6724743E-03
  0.0000000E+00  8.4846956E-04
  9.9999998E-03  3.6672755E-05
  2.0000000E-02  2.5338832E-05
  2.9999999E-02  4.5375109E-05
  3.9999999E-02  4.7157198E-05
  5.0000001E-02  4.6383979E-05
  5.9999999E-02  5.8003228E-05
  7.0000000E-02  1.2437571E-04
  7.9999998E-02  1.3091844E-04
  9.0000004E-02  7.6455479E-05
  0.1000000      3.5720615E-05
  0.1100000      2.6112328E-05
  0.1200000      2.1827891E-05
  0.1300000      1.8820470E-05
  0.1400000      2.0252866E-05
  0.1500000      1.9115911E-05
  0.1600000      7.1721497E-06
  0.1700000      2.8700606E-06
  0.1800000      3.9050637E-06
  0.1900000      4.3038657E-05
  0.2000000      7.4079457E-05
  0.2100000      1.3238294E-05
  0.2200000     -2.3166718E-05
  0.2300000      4.4661181E-05
  0.2400000      1.4577694E-03
  0.2500000      2.4819102E-03
  0.2600000      3.2036784E-04
  0.2700000      2.9345747E-05
  0.2800000      1.2858857E-04
  0.2900000      1.8665576E-04
  0.3000000      1.4086944E-04
  0.3100000      1.2900119E-04
  0.3200000      1.7801490E-04
  0.3300000      1.9347342E-04
  0.3400000      1.7243468E-04
  0.3500000      1.7566844E-04
  0.3600000      2.5798054E-04
  0.3700000      2.2049100E-04
  0.3800000      1.7184961E-04
  0.3900000      1.6888446E-04
  0.4000000      1.7230914E-04
  0.4100000      1.5951961E-04
  0.4200000      3.2248790E-04
  0.4300000      4.2912154E-04
  0.4400000      1.4558421E-04
  0.4500000      1.3482729E-04
  0.4600000      1.1458989E-04
  0.4700000      7.4075928E-05
  0.4800000      8.7235887E-05
  0.4900000      6.5309359E-05
  0.5000000      6.9356145E-05
  0.5100000      9.7256147E-05
  0.5200000      1.0307667E-04
  0.5300000      2.7449895E-04
  0.5400000      2.7442179E-04
  0.5500000      2.0853344E-03
  0.5600000      7.4632824E-03
  0.5700000      2.4585321E-03
  0.5800000      1.9743864E-03
  0.5900000      2.8204774E-03
  0.6000000      1.3435381E-03
  0.6100000      1.5099648E-03
  0.6200000      1.8517777E-02
  0.6300000      3.7507452E-02
  0.6400000      8.1003094E-03
  0.6500000      1.6524538E-03
  0.6600000      2.8231605E-03
  0.6700000      5.2631255E-03
  0.6800000      3.7855462E-03
  0.6900000      3.0551988E-03
  0.7000000      2.6388040E-03
  0.7100000      2.7164682E-03
  0.7200000      3.1458656E-03
  0.7300000      7.3532243E-03
  0.7400000      2.0124422E-02
  0.7500000      2.5399888E-02
  0.7600000      2.4613844E-02
  0.7700000      1.2694615E-02
  0.7800000      9.6002650E-03
  0.7900000      8.6412206E-03
  0.8000000      8.2382299E-03
  0.8100000      7.5961039E-03
  0.8200000      7.0514707E-03
  0.8300000      6.6768546E-03
  0.8400000      5.8381874E-03
  0.8500000      6.1651254E-03
  0.8600000      8.0482047E-03
  0.8700000      6.7804456E-03
  0.8800000      6.3788290E-03
  0.8900000      7.0505575E-03
  0.9000000      1.2096659E-02
  0.9100000      1.7885525E-02
  0.9200000      1.8287437E-02
  0.9300000      1.2095337E-02
  0.9400000      8.5548172E-03
  0.9500000      8.2535995E-03
  0.9600000      8.0225589E-03
  0.9700000      9.9563356E-03
  0.9800000      7.7066007E-03
  0.9900000      5.0467011E-03
   1.000000      4.2829355E-03
   1.010000      4.5555378E-03
   1.020000      3.5539605E-03
   1.030000      3.5020111E-03
   1.040000      4.0978664E-03
   1.050000      4.4245026E-03
   1.060000      6.4807367E-03
   1.070000      8.0651818E-03
   1.080000      7.0357025E-03
   1.090000      9.0995291E-03
   1.100000      2.5050617E-03
   1.110000      2.7207478E-03
   1.120000      1.0323860E-02
   1.130000      0.1333291    
   1.140000      0.1919987    
   1.150000      5.1552907E-02
   1.160000      0.1445384    
   1.170000      0.3529204    
   1.180000      0.1125218    
   1.190000      6.4714653E-03
   1.200000      4.2760656E-03
   1.210000      7.1105743E-03
   1.220000      5.9414785E-03
   1.230000      6.3422718E-03
   1.240000      8.3162980E-03
   1.250000      8.4893312E-03
   1.260000      5.9923036E-03
   1.270000      6.1199139E-03
   1.280000      6.5527754E-03
   1.290000      9.1625201E-03
   1.300000      1.2083379E-02
   1.310000      1.5007379E-02
   1.320000      2.2462623E-02
   1.330000      2.0790206E-02
   1.340000      8.8844728E-03
   1.350000      2.7300999E-03
   1.360000      1.7339691E-03
   1.370000      1.0794339E-03
   1.380000      1.3966023E-03
   1.390000      3.4676834E-03
   1.400000      5.9703020E-03
   1.410000      4.4886689E-03
   1.420000      2.7363184E-03
   1.430000      1.9472145E-03
   1.440000      1.0976158E-03
   1.450000      1.0758643E-03
   1.460000      1.5879365E-03
   1.470000      1.8855553E-03
   1.480000      2.6232305E-03
   1.490000      3.2508527E-03
   1.500000      7.1756095E-03
   1.510000      2.6628513E-02
   1.520000      8.0143377E-02
   1.530000      9.6006736E-02
   1.540000      4.4871014E-02
   1.550000      1.6135020E-02
   1.560000      8.5181454E-03
   1.570000      6.7109368E-03
   1.580000      6.1165439E-03
   1.590000      7.6004551E-03
   1.600000      1.1084842E-02
   1.610000      1.3777178E-02
   1.620000      1.1690971E-02
   1.630000      1.0175615E-02
   1.640000      1.1946451E-02
   1.650000      2.1771288E-02
   1.660000      3.6900055E-02
   1.670000      5.3735107E-02
   1.680000      7.2479695E-02
   1.690000      7.0167042E-02
   1.700000      3.8158882E-02
   1.710000      1.5836567E-02
   1.720000      1.0526097E-02
   1.730000      9.6289059E-03
   1.740000      1.0031509E-02
   1.750000      1.2905670E-02
   1.760000      2.5715439E-02
   1.770000      3.9309252E-02
   1.780000      3.5702880E-02
   1.790000      2.0219594E-02
   1.800000      1.0705560E-02
   1.810000      9.1693755E-03
   1.820000      1.1084322E-02
   1.830000      1.7296666E-02
   1.840000      2.3202457E-02
   1.850000      2.1773450E-02
   1.860000      1.5142703E-02
   1.870000      9.7991005E-03
   1.880000      8.3349943E-03
   1.890000      8.1542293E-03
   1.900000      7.8965686E-03
   1.910000      7.5989603E-03
   1.920000      7.3136063E-03
   1.930000      6.9296062E-03
   1.940000      5.7419669E-03
   1.950000      4.1160295E-03
   1.960000      2.8710356E-03
   1.970000      2.0858014E-03
   1.980000      1.5093251E-03
   1.990000      1.0427171E-03
   2.000000      6.8047672E-04
   2.010000      4.1378499E-04
   2.020000      2.4411683E-04
   2.030000      2.0704896E-04
   2.040000      3.0813291E-04
   2.050000      5.4062915E-04
   2.060000      9.0920704E-04
   2.070000      1.4025732E-03
   2.080000      1.9801990E-03
   2.090000      2.6059216E-03
   2.100000      3.2659012E-03
   2.110000      3.9384309E-03
   2.120000      4.5899898E-03
   2.130000      5.2007609E-03
   2.140000      5.7553160E-03
   2.150000      6.2315939E-03
   2.160000      6.6064252E-03
   2.170000      6.8661957E-03
   2.180000      7.0041837E-03
   2.190000      7.0080943E-03
   2.200000      6.8673389E-03
   2.210000      6.5929051E-03
   2.220000      6.2055304E-03
   2.230000      5.7240981E-03
   2.240000      5.1694284E-03
   2.250000      4.5679803E-03
   2.260000      3.9489106E-03
   2.270000      3.3502046E-03
   2.280000      2.8155493E-03
   2.290000      2.3844084E-03
   2.300000      2.0914592E-03
   2.310000      1.9684315E-03
   2.320000      2.0427997E-03
   2.330000      2.3355735E-03
   2.340000      2.8622823E-03
   2.350000      3.6318586E-03
   2.360000      4.6455609E-03
   2.370000      5.8970153E-03
   2.380000      7.3719071E-03
   2.390000      9.0454072E-03
   2.400000      1.0883875E-02
   2.410000      1.2843453E-02
   2.420000      1.4873229E-02
   2.430000      1.6915105E-02
   2.440000      1.8910225E-02
   2.450000      2.0797884E-02
   2.460000      2.2523042E-02
   2.470000      2.4035290E-02
   2.480000      2.5294090E-02
   2.490000      2.6267126E-02
   2.500000      2.6931982E-02
   2.510000      2.7274907E-02
   2.520000      2.7289515E-02
   2.530000      2.6976388E-02
   2.540000      2.6343506E-02
   2.550000      2.5405530E-02
   2.560000      2.4181606E-02
   2.570000      2.2700833E-02
   2.580000      2.0997813E-02
   2.590000      1.9114247E-02
   2.600000      1.7100343E-02
   2.610000      1.5007387E-02
   2.620000      1.2893509E-02
   2.630000      1.0815357E-02
   2.640000      8.8283382E-03
   2.650000      6.9798734E-03
   2.660000      5.3118793E-03
   2.670000      3.8545406E-03
   2.680000      2.6295271E-03
   2.690000      1.6469631E-03
   2.700000      9.0820587E-04
   2.710000      4.0604096E-04
   2.720000      1.2459602E-04
   2.730000      4.1478517E-05
   2.740000      1.2906075E-04
   2.750000      3.5534546E-04
   2.760000      6.8534567E-04
   2.770000      1.0827354E-03
   2.780000      1.5109003E-03
   2.790000      1.9351629E-03
   2.800000      2.3238261E-03
   2.810000      2.6500730E-03
   2.820000      2.8931429E-03
   2.830000      3.0397957E-03
   2.840000      3.0839667E-03
   2.850000      3.0278675E-03
   2.860000      2.8811926E-03
   2.870000      2.6601246E-03
   2.880000      2.3867895E-03
   2.890000      2.0873218E-03
   2.900000      1.7910665E-03
   2.910000      1.5285925E-03
   2.920000      1.3304229E-03
   2.930000      1.2255036E-03
   2.940000      1.2396984E-03
   2.950000      1.3944998E-03
   2.960000      1.7053997E-03
   2.970000      2.1808406E-03
   2.980000      2.8214657E-03
   2.990000      3.6190427E-03
   3.000000      4.5567295E-03
   3.010000      5.6086057E-03
   3.020000      6.7426064E-03
   3.030000      7.9186624E-03
   3.040000      9.0936217E-03
   3.050000      1.0220851E-02
   3.060000      1.1254713E-02
   3.070000      1.2150882E-02
   3.080000      1.2868894E-02
   3.090000      1.3374382E-02
   3.100000      1.3640207E-02
   3.110000      1.3648652E-02
   3.120000      1.3390466E-02
   3.130000      1.2866833E-02
   3.140000      1.2092261E-02
   3.150000      1.1090591E-02
   3.160000      9.8985694E-03
   3.170000      8.5636191E-03
   3.180000      7.1427133E-03
   3.190000      5.7036108E-03
   3.200000      4.3197139E-03
   3.210000      3.0681191E-03
   3.220000      2.0267419E-03
   3.230000      1.2720994E-03
   3.240000      8.7396568E-04
   3.250000      8.9378748E-04
   3.260000      1.3813458E-03
   3.270000      2.3732160E-03
   3.280000      3.8904129E-03
   3.290000      5.9386888E-03
   3.300000      8.5062115E-03
   3.310000      1.1567790E-02
   3.320000      1.5080088E-02
   3.330000      1.8985407E-02
   3.340000      2.3210810E-02
   3.350000      2.7675727E-02
   3.360000      3.2282379E-02
   3.370000      3.6931761E-02
   3.380000      4.1511368E-02
   3.390000      4.5913693E-02
   3.400000      5.0027821E-02
   3.410000      5.3751327E-02
   3.420000      5.6991968E-02
   3.430000      5.9669770E-02
   3.440000      6.1721317E-02
   3.450000      6.3103952E-02
   3.460000      6.3796878E-02
   3.470000      6.3794725E-02
   3.480000      6.3116878E-02
   3.490000      6.1802585E-02
   3.500000      5.9901480E-02
   3.510000      5.7480659E-02
   3.520000      5.4614287E-02
   3.530000      5.1389713E-02
   3.540000      4.7894035E-02
   3.550000      4.4217590E-02
   3.560000      4.0451281E-02
   3.570000      3.6680412E-02
   3.580000      3.2987300E-02
   3.590000      2.9445518E-02
   3.600000      2.6117908E-02
   3.610000      2.3057532E-02
   3.620000      2.0302260E-02
   3.630000      1.7878205E-02
   3.640000      1.5793776E-02
   3.650000      1.4046933E-02
   3.660000      1.2618146E-02
   3.670000      1.1478522E-02
   3.680000      1.0589352E-02
   3.690000      9.9046472E-03
   3.700000      9.3730576E-03
   3.710000      8.9431796E-03
   3.720000      8.5648717E-03
   3.730000      8.1920642E-03
   3.740000      7.7859205E-03
   3.750000      7.3160860E-03
   3.760000      6.7629768E-03
   3.770000      6.1189034E-03
   3.780000      5.3881160E-03
   3.790000      4.5875432E-03
   3.800000      3.7455580E-03
   3.810000      2.9012689E-03
   3.820000      2.1023585E-03
   3.830000      1.4017458E-03
   3.840000      8.5576181E-04
   3.850000      5.2022451E-04
   3.860000      4.4669441E-04
   3.870000      6.7961926E-04
   3.880000      1.2527693E-03
   3.890000      2.1865452E-03
   3.900000      3.4854007E-03
   3.910000      5.1382096E-03
   3.920000      7.1143084E-03
   3.930000      9.3684234E-03
   3.940000      1.1835024E-02
   3.950000      1.4436128E-02
   3.960000      1.7079767E-02
   3.970000      1.9664451E-02
   3.980000      2.2080615E-02
   3.990000      2.4219265E-02
   4.000000      2.5974160E-02
   4.010000      2.7245546E-02
   4.020000      2.7949167E-02
   4.030000      2.8021174E-02
   4.040000      2.7422270E-02
   4.050000      2.6145548E-02
   4.060000      2.4217412E-02
   4.070000      2.1701287E-02
   4.080000      1.8700862E-02
   4.090000      1.5357598E-02
   4.100000      1.1850574E-02
   4.110000      8.3940849E-03
   4.120000      5.2313250E-03
   4.130000      2.6324999E-03
   4.140000      8.8574964E-04
   4.150000      2.9216218E-04
   4.160000      1.1594262E-03
   4.170000      3.7934564E-03
   4.180000      8.4881028E-03
   4.190000      1.5516446E-02
   4.200000      2.5126128E-02
   4.210000      3.7517793E-02
   4.220000      5.2856334E-02
   4.230000      7.1231179E-02
   4.240000      9.2687324E-02
   4.250000      0.1171800    
   4.260000      0.1446092    
   4.270000      0.1747764    
   4.280000      0.2074420    
   4.290000      0.2422659    
   4.300000      0.2788557    
   4.310000      0.3167702    
   4.320000      0.3555372    
   4.330000      0.3946260    
   4.340000      0.4335054    
   4.350000      0.4716210    
   4.360000      0.5084122    
   4.370000      0.5433189    
   4.380000      0.5758221    
   4.390000      0.6053936    
   4.400000      0.6315594    
   4.410000      0.6538608    
   4.420000      0.6719247    
   4.430000      0.6854060    
   4.440000      0.6940674    
   4.450000      0.6977023    
   4.460000      0.6962319    
   4.470000      0.6896873    
   4.480000      0.6781442    
   4.490000      0.6618141    
   4.500000      0.6409747    
   4.510000      0.6160399    
   4.520000      0.5874202    
   4.530000      0.5556372    
   4.540000      0.5212581    
   4.550000      0.4848422    
   4.560000      0.4470019    
   4.570000      0.4083080    
   4.580000      0.3693524    
   4.590000      0.3306571    
   4.600000      0.2927610    
   4.610000      0.2561040    
   4.620000      0.2211224    
   4.630000      0.1881622    
   4.640000      0.1575227    
   4.650000      0.1294684    
   4.660000      0.1041816    
   4.670000      8.1764854E-02
   4.680000      6.2285453E-02
   4.690000      4.5729127E-02
   4.700000      3.2044433E-02
   4.710000      2.1101845E-02
   4.720000      1.2737004E-02
   4.730000      6.7383484E-03
   4.740000      2.8657138E-03
   4.750000      8.4907917E-04
   4.760000      4.0719687E-04
   4.770000      1.2506202E-03
   4.780000      3.0937945E-03
   4.790000      5.6588273E-03
   4.800000      8.6866273E-03
   4.810000      1.1938342E-02
   4.820000      1.5202845E-02
   4.830000      1.8297238E-02
   4.840000      2.1068364E-02
   4.850000      2.3397325E-02
   4.860000      2.5197960E-02
   4.870000      2.6412820E-02
   4.880000      2.7019162E-02
   4.890000      2.7020166E-02
   4.900000      2.6444126E-02
   4.910000      2.5344415E-02
   4.920000      2.3788685E-02
   4.930000      2.1861674E-02
   4.940000      1.9656112E-02
   4.950000      1.7271370E-02
   4.960000      1.4804353E-02
   4.970000      1.2351633E-02
   4.980000      1.0002084E-02
   4.990000      7.8349365E-03
   5.000000      5.9176506E-03
   5.010000      4.3051019E-03
   5.020000      3.0365274E-03
   5.030000      2.1380272E-03
   5.040000      1.6198966E-03
   5.050000      1.4797519E-03
   5.060000      1.7015128E-03
   5.070000      2.2582379E-03
   5.080000      3.1125527E-03
   5.090000      4.2192927E-03
   5.100000      5.5267056E-03
   5.110000      6.9796615E-03
   5.120000      8.5213836E-03
   5.130000      1.0093671E-02
   5.140000      1.1641739E-02
   5.150000      1.3114952E-02
   5.160000      1.4467165E-02
   5.170000      1.5660709E-02
   5.180000      1.6663505E-02
   5.190000      1.7453363E-02
   5.200000      1.8015057E-02
   5.210000      1.8342331E-02
   5.220000      1.8436166E-02
   5.230000      1.8304517E-02
   5.240000      1.7961476E-02
   5.250000      1.7425802E-02
   5.260000      1.6720388E-02
   5.270000      1.5871469E-02
   5.280000      1.4907234E-02
   5.290000      1.3856015E-02
   5.300000      1.2747490E-02
   5.310000      1.1608405E-02
   5.320000      1.0466097E-02
   5.330000      9.3448460E-03
   5.340000      8.2653398E-03
   5.350000      7.2458135E-03
   5.360000      6.3008498E-03
   5.370000      5.4411273E-03
   5.380000      4.6738638E-03
   5.390000      4.0022633E-03
   5.400000      3.4268636E-03
   5.410000      2.9448597E-03
   5.420000      2.5511144E-03
   5.430000      2.2386853E-03
   5.440000      1.9988415E-03
   5.450000      1.8220977E-03
   5.460000      1.6983923E-03
   5.470000      1.6176036E-03
   5.480000      1.5699024E-03
   5.490000      1.5460474E-03
   5.500000      1.5375995E-03
   5.510000      1.5370826E-03
   5.520000      1.5382887E-03
   5.530000      1.5360538E-03
   5.540000      1.5264418E-03
   5.550000      1.5066820E-03
   5.560000      1.4751465E-03
   5.570000      1.4310839E-03
   5.580000      1.3746412E-03
   5.590000      1.3066638E-03
   5.600000      1.2284404E-03
   5.610000      1.1418608E-03
   5.620000      1.0489147E-03
   5.630000      9.5176400E-04
   5.640000      8.5252937E-04
   5.650000      7.5335382E-04
   5.660000      6.5615785E-04
   5.670000      5.6276738E-04
   5.680000      4.7473900E-04
   5.690000      3.9344648E-04
   5.700000      3.2005899E-04
   5.710000      2.5553777E-04
   5.720000      2.0067730E-04
   5.730000      1.5609880E-04
   5.740000      1.2227308E-04
   5.750000      9.9535340E-05
   5.760000      8.8086461E-05
   5.770000      8.7986744E-05
   5.780000      9.9181671E-05
   5.790000      1.2145689E-04
   5.800000      1.5446561E-04
   5.810000      1.9769202E-04
   5.820000      2.5045333E-04
   5.830000      3.1193646E-04
   5.840000      3.8110607E-04
   5.850000      4.5681911E-04
   5.860000      5.3769944E-04
   5.870000      6.2236894E-04
   5.880000      7.0919655E-04
   5.890000      7.9659151E-04
   5.900000      8.8283245E-04
   5.910000      9.6622558E-04
   5.920000      1.0451045E-03
   5.930000      1.1179448E-03
   5.940000      1.1832680E-03
   5.950000      1.2398612E-03
   5.960000      1.2866990E-03
   5.970000      1.3230006E-03
   5.980000      1.3483313E-03
   5.990000      1.3625531E-03
   6.000000      1.3658819E-03
   6.010000      1.3587835E-03
   6.020000      1.3420648E-03
   6.030000      1.3168879E-03
   6.040000      1.2844180E-03
   6.050000      1.2462033E-03
   6.060000      1.2037281E-03
   6.070000      1.1586261E-03
   6.080000      1.1124193E-03
   6.090000      1.0665149E-03
   6.100000      1.0222403E-03
   6.110000      9.8067359E-04
   6.120000      9.4268075E-04
   6.130000      9.0882584E-04
   6.140000      8.7943993E-04
   6.150000      8.5460581E-04
   6.160000      8.3409133E-04
   6.170000      8.1748195E-04
   6.180000      8.0417970E-04
   6.190000      7.9345290E-04
   6.200000      7.8442087E-04
   6.210000      7.7623077E-04
   6.220000      7.6802511E-04
   6.230000      7.5901055E-04
   6.240000      7.4852473E-04
   6.250000      7.3602737E-04
   6.260000      7.2121300E-04
   6.270000      7.0393091E-04
   6.280000      6.8424444E-04
   6.290000      6.6240423E-04
   6.300000      6.3879654E-04
   6.310000      6.1403716E-04
   6.320000      5.8874546E-04
   6.330000      5.6365237E-04
   6.340000      5.3947454E-04
   6.350000      5.1689538E-04
   6.360000      4.9652549E-04
   6.370000      4.7883872E-04
   6.380000      4.6418709E-04
   6.390000      4.5269012E-04
   6.400000      4.4433452E-04
   6.410000      4.3888605E-04
   6.420000      4.3593408E-04
   6.430000      4.3493212E-04
   6.440000      4.3519749E-04
   6.450000      4.3597806E-04
   6.460000      4.3648362E-04
   6.470000      4.3599855E-04
   6.480000      4.3382618E-04
   6.490000      4.2944559E-04
   6.500000      4.2252618E-04
   6.510000      4.1290146E-04
   6.520000      4.0070535E-04
   6.530000      3.8625920E-04
   6.540000      3.7016560E-04
   6.550000      3.5321506E-04
   6.560000      3.3639636E-04
   6.570000      3.2082348E-04
   6.580000      3.0766192E-04
   6.590000      2.9810762E-04
   6.600000      2.9324403E-04
   6.610000      2.9400989E-04
   6.620000      3.0109606E-04
   6.630000      3.1490362E-04
   6.640000      3.3544275E-04
   6.650000      3.6233955E-04
   6.660000      3.9479043E-04
   6.670000      4.3155940E-04
   6.680000      4.7104404E-04
   6.690000      5.1127851E-04
   6.700000      5.5008673E-04
   6.710000      5.8511947E-04
   6.720000      6.1401620E-04
   6.730000      6.3456799E-04
   6.740000      6.4476888E-04
   6.750000      6.4310920E-04
   6.760000      6.2855886E-04
   6.770000      6.0077949E-04
   6.780000      5.6031172E-04
   6.790000      5.0851301E-04
   6.800000      4.4769715E-04
   6.810000      3.8120066E-04
   6.820000      3.1326557E-04
   6.830000      2.4910059E-04
   6.840000      1.9463374E-04
   6.850000      1.5653241E-04
   6.860000      1.4181655E-04
   6.870000      1.5784975E-04
   6.880000      2.1181122E-04
   6.890000      3.1061663E-04
   6.900000      4.6061503E-04
   6.910000      6.6710892E-04
   6.920000      9.3455455E-04
   6.930000      1.2655361E-03
   6.940000      1.6614053E-03
   6.950000      2.1215337E-03
   6.960000      2.6436097E-03
   6.970000      3.2232178E-03
   6.980000      3.8541756E-03
   6.990000      4.5285309E-03
   7.000000      5.2364105E-03
   7.010000      5.9668841E-03
   7.020000      6.7070895E-03
   7.030000      7.4437237E-03
   7.040000      8.1626112E-03
   7.050000      8.8496832E-03
   7.060000      9.4908951E-03
   7.070000      1.0072298E-02
   7.080000      1.0581563E-02
   7.090000      1.1007627E-02
   7.100000      1.1341579E-02
   7.110000      1.1575943E-02
   7.120000      1.1706206E-02
   7.130000      1.1730562E-02
   7.140000      1.1649244E-02
   7.150000      1.1465644E-02
   7.160000      1.1185119E-02
   7.170000      1.0816114E-02
   7.180000      1.0368072E-02
   7.190000      9.8522855E-03
   7.200000      9.2818299E-03
   7.210000      8.6694453E-03
   7.220000      8.0294078E-03
   7.230000      7.3750298E-03
   7.240000      6.7194202E-03
   7.250000      6.0743149E-03
   7.260000      5.4510189E-03
   7.270000      4.8586079E-03
   7.280000      4.3047480E-03
   7.290000      3.7949923E-03
   7.300000      3.3330361E-03
   7.310000      2.9204641E-03
   7.320000      2.5570202E-03
   7.330000      2.2406620E-03
   7.340000      1.9678038E-03
   7.350000      1.7337559E-03
   7.360000      1.5329523E-03
   7.370000      1.3594194E-03
   7.380000      1.2070632E-03
   7.390000      1.0701823E-03
   7.400000      9.4381470E-04
   7.410000      8.2396145E-04
   7.420000      7.0797937E-04
   7.430000      5.9468462E-04
   7.440000      4.8428812E-04
   7.450000      3.7869738E-04
   7.460000      2.8110432E-04
   7.470000      1.9601137E-04
   7.480000      1.2878329E-04
   7.490000      8.5401851E-05
   7.500000      7.1950402E-05
   7.510000      9.4224190E-05
   7.520000      1.5718630E-04
   7.530000      2.6447466E-04
   7.540000      4.1806343E-04
   7.550000      6.1779720E-04
   7.560000      8.6092390E-04
   7.570000      1.1423631E-03
   7.580000      1.4543969E-03
   7.590000      1.7865982E-03
   7.600000      2.1266027E-03
   7.610000      2.4598716E-03
   7.620000      2.7708558E-03
   7.630000      3.0432302E-03
   7.640000      3.2612456E-03
   7.650000      3.4098292E-03
   7.660000      3.4764186E-03
   7.670000      3.4514065E-03
   7.680000      3.3292999E-03
   7.690000      3.1099154E-03
   7.700000      2.7990341E-03
   7.710000      2.4091734E-03
   7.720000      1.9606650E-03
   7.730000      1.4812504E-03
   7.740000      1.0070762E-03
   7.750000      5.8233814E-04
   7.760000      2.5857892E-04
   7.770000      9.4217590E-05
   7.780000      1.5337746E-04
   7.790000      5.0461828E-04
   7.800000      1.2190122E-03
   7.810000      2.3696080E-03
   7.820000      4.0267170E-03
   7.830000      6.2589287E-03
   7.840000      9.1293203E-03
   7.850000      1.2692722E-02
   7.860000      1.6995147E-02
   7.870000      2.2070991E-02
   7.880000      2.7938925E-02
   7.890000      3.4608819E-02
   7.900000      4.2066772E-02
   7.910000      5.0282519E-02
   7.920000      5.9208483E-02
   7.930000      6.8778425E-02
   7.940000      7.8902110E-02
   7.950000      8.9477845E-02
   7.960000      0.1003824    
   7.970000      0.1114785    
   7.980000      0.1226141    
   7.990000      0.1336320    
   8.000000      0.1443655    
   8.010000      0.1546416    
   8.020000      0.1643018    
   8.030000      0.1731835    
   8.040000      0.1811308    
   8.050000      0.1880028    
   8.060000      0.1936841    
   8.070000      0.1980616    
   8.080000      0.2010615    
   8.090000      0.2026118    
   8.100000      0.2026799    
   8.110000      0.2012556    
   8.120000      0.1983454    
   8.130000      0.1939953    
   8.140000      0.1882583    
   8.150000      0.1812349    
   8.160000      0.1730251    
   8.170000      0.1637629    
   8.180000      0.1536020    
   8.190000      0.1427007    
   8.200000      0.1312450    
   8.210000      0.1194162    
   8.220000      0.1073989    
   8.230000      9.5386066E-02
   8.240000      8.3562441E-02
   8.250000      7.2100759E-02
   8.260000      6.1155830E-02
   8.270000      5.0878637E-02
   8.280000      4.1386332E-02
   8.290000      3.2783691E-02
   8.300000      2.5145695E-02
   8.310000      1.8525410E-02
   8.320000      1.2951657E-02
   8.330000      8.4266989E-03
   8.340000      4.9332678E-03
   8.350000      2.4282699E-03
   8.360000      8.5123203E-04
   8.370000      1.2380458E-04
   8.380000      1.5394097E-04
   8.390000      8.3642208E-04
   8.400000      2.0578525E-03
   8.410000      3.7004948E-03
   8.420000      5.6429626E-03
   8.430000      7.7669257E-03
   8.440000      9.9570956E-03
   8.450000      1.2107654E-02
   8.460000      1.4121520E-02
   8.470000      1.5915746E-02
   8.480000      1.7420221E-02
   8.490000      1.8582169E-02
   8.500000      1.9364743E-02
   8.510000      1.9746875E-02
   8.520000      1.9725004E-02
   8.530000      1.9309977E-02
   8.540000      1.8527342E-02
   8.550000      1.7415902E-02
   8.560000      1.6022997E-02
   8.570000      1.4406754E-02
   8.580000      1.2631348E-02
   8.590000      1.0764668E-02
   8.600000      8.8767745E-03
   8.610000      7.0369146E-03
   8.620000      5.3123506E-03
   8.630000      3.7645141E-03
   8.640000      2.4485646E-03
   8.650000      1.4112524E-03
   8.660000      6.8926375E-04
   8.670000      3.0920512E-04
   8.680000      2.8540430E-04
   8.690000      6.2134839E-04
   8.700000      1.3094279E-03
   8.710000      2.3310638E-03
   8.720000      3.6580428E-03
   8.730000      5.2529387E-03
   8.740000      7.0728329E-03
   8.750000      9.0673082E-03
   8.760000      1.1184218E-02
   8.770000      1.3365936E-02
   8.780000      1.5558236E-02
   8.790000      1.7704217E-02
   8.800000      1.9751532E-02
   8.810000      2.1652300E-02
   8.820000      2.3360917E-02
   8.830000      2.4840802E-02
   8.840000      2.6061196E-02
   8.850000      2.6998920E-02
   8.860000      2.7639639E-02
   8.870000      2.7976362E-02
   8.880000      2.8011110E-02
   8.890000      2.7752023E-02
   8.900000      2.7215190E-02
   8.910000      2.6423549E-02
   8.920000      2.5404673E-02
   8.930000      2.4189474E-02
   8.940000      2.2813497E-02
   8.950000      2.1311224E-02
   8.960000      1.9720195E-02
   8.970000      1.8076515E-02
   8.980000      1.6413953E-02
   8.990000      1.4764075E-02
   9.000000      1.3155007E-02
   9.010000      1.1612052E-02
   9.020000      1.0156727E-02
   9.030000      8.8037709E-03
   9.040000      7.5661084E-03
   9.050000      6.4507779E-03
   9.060000      5.4618400E-03
   9.070000      4.5987479E-03
   9.080000      3.8579169E-03
   9.090000      3.2325760E-03
   9.100000      2.7138980E-03
   9.110000      2.2908456E-03
   9.120000      1.9515420E-03
   9.130000      1.6833004E-03
   9.140000      1.4733953E-03
   9.150000      1.3095224E-03
   9.160000      1.1803231E-03
   9.170000      1.0756280E-03
   9.180000      9.8676910E-04
   9.190000      9.0671220E-04
   9.200000      8.3025254E-04
   9.210000      7.5381814E-04
   9.220000      6.7554123E-04
   9.230000      5.9493876E-04
   9.240000      5.1284977E-04
   9.250000      4.3113166E-04
   9.260000      3.5228979E-04
   9.270000      2.7929986E-04
   9.280000      2.1522878E-04
   9.290000      1.6302110E-04
   9.300000      1.2516412E-04
   9.310000      1.0358035E-04
   9.320000      9.9375662E-05
   9.330000      1.1276142E-04
   9.340000      1.4304830E-04
   9.350000      1.8858892E-04
   9.360000      2.4688002E-04
   9.370000      3.1469882E-04
   9.380000      3.8825971E-04
   9.390000      4.6335955E-04
   9.400000      5.3569389E-04
   9.410000      6.0100685E-04
   9.420000      6.5534614E-04
   9.430000      6.9527788E-04
   9.440000      7.1813795E-04
   9.450000      7.2206848E-04
   9.460000      7.0628891E-04
   9.470000      6.7102362E-04
   9.480000      6.1775820E-04
   9.490000      5.4895983E-04
   9.500000      4.6824859E-04
   9.510000      3.8013267E-04
   9.520000      2.8983346E-04
   9.530000      2.0328270E-04
   9.540000      1.2661639E-04
   9.550000      6.6149500E-05
   9.560000      2.7938373E-05
   9.570000      1.7656494E-05
   9.580000      4.0197392E-05
   9.590000      9.9584882E-05
   9.600000      1.9868783E-04
   9.610000      3.3912706E-04
   9.620000      5.2109658E-04
   9.630000      7.4346445E-04
   9.640000      1.0035407E-03
   9.650000      1.2974723E-03
   9.660000      1.6197878E-03
   9.670000      1.9644257E-03
   9.680000      2.3239295E-03
   9.690000      2.6902445E-03
   9.700000      3.0547348E-03
   9.710000      3.4088884E-03
   9.720000      3.7439386E-03
   9.730000      4.0515363E-03
   9.740000      4.3238946E-03
   9.750000      4.5541762E-03
   9.760000      4.7367630E-03
   9.770000      4.8671439E-03
   9.780000      4.9421219E-03
   9.790000      4.9604685E-03
   9.800000      4.9221083E-03
   9.810000      4.8286142E-03
   9.820000      4.6830401E-03
   9.830000      4.4897641E-03
   9.840000      4.2540887E-03
   9.850000      3.9825947E-03
   9.860000      3.6822346E-03
   9.870000      3.3604491E-03
   9.880000      3.0251825E-03
   9.890000      2.6839015E-03
   9.900000      2.3441392E-03
   9.910000      2.0128160E-03
   9.920000      1.6961639E-03
   9.930000      1.3997061E-03
   9.940000      1.1278108E-03
   9.950000      8.8409107E-04
   9.960000      6.7075080E-04
   9.970000      4.8907462E-04
   9.980000      3.3924272E-04
   9.990000      2.2043800E-04
   10.00000      1.3077936E-04
   10.01000      6.8107664E-05
   10.02000      2.8615133E-05
   10.03000      9.0736912E-06
   10.04000      5.4838506E-06
   10.05000      1.3918134E-05
   10.06000      3.0366928E-05
   10.07000      5.1280997E-05
   10.08000      7.3281473E-05
   10.09000      9.3677700E-05
   10.10000      1.1025968E-04
   10.11000      1.2154546E-04
   10.12000      1.2666290E-04
   10.13000      1.2539682E-04
   10.14000      1.1816518E-04
   10.15000      1.0587658E-04
   10.16000      8.9995599E-05
   10.17000      7.2230810E-05
   10.18000      5.4595930E-05
   10.19000      3.9214785E-05
   10.20000      2.8064194E-05
   10.21000      2.3078954E-05
   10.22000      2.5784404E-05
   10.23000      3.7420585E-05
   10.24000      5.8661069E-05
   10.25000      8.9741960E-05
   10.26000      1.3037013E-04
   10.27000      1.7957111E-04
   10.28000      2.3607120E-04
   10.29000      2.9787424E-04
   10.30000      3.6283094E-04
   10.31000      4.2845792E-04
   10.32000      4.9187365E-04
   10.33000      5.5055373E-04
   10.34000      6.0166308E-04
   10.35000      6.4295105E-04
   10.36000      6.7231531E-04
   10.37000      6.8816490E-04
   10.38000      6.8945682E-04
   10.39000      6.7581696E-04
   10.40000      6.4748322E-04
   10.41000      6.0535362E-04
   10.42000      5.5123068E-04
   10.43000      4.8740869E-04
   10.44000      4.1674782E-04
   10.45000      3.4290028E-04
   10.46000      2.6942816E-04
   10.47000      2.0076048E-04
   10.48000      1.4090106E-04
   10.49000      9.3954484E-05
   10.50000      6.3802334E-05
   10.51000      5.3882581E-05
   10.52000      6.7171837E-05
   10.53000      1.0596360E-04
   10.54000      1.7169373E-04
   10.55000      2.6537012E-04
   10.56000      3.8687402E-04
   10.57000      5.3519936E-04
   10.58000      7.0799794E-04
   10.59000      9.0315967E-04
   10.60000      1.1159849E-03
   10.61000      1.3432328E-03
   10.62000      1.5794433E-03
   10.63000      1.8198558E-03
   10.64000      2.0585519E-03
   10.65000      2.2907443E-03
   10.66000      2.5096303E-03
   10.67000      2.7114486E-03
   10.68000      2.8903799E-03
   10.69000      3.0428276E-03
   10.70000      3.1650693E-03
   10.71000      3.2543640E-03
   10.72000      3.3093060E-03
   10.73000      3.3289592E-03
   10.74000      3.3137058E-03
   10.75000      3.2645185E-03
   10.76000      3.1833670E-03
   10.77000      3.0731712E-03
   10.78000      2.9367812E-03
   10.79000      2.7786081E-03
   10.80000      2.6021262E-03
   10.81000      2.4127830E-03
   10.82000      2.2143794E-03
   10.83000      2.0115499E-03
   10.84000      1.8092997E-03
   10.85000      1.6109579E-03
   10.86000      1.4210202E-03
   10.87000      1.2420145E-03
   10.88000      1.0765145E-03
   10.89000      9.2658342E-04
   10.90000      7.9325424E-04
   10.91000      6.7696726E-04
   10.92000      5.7776098E-04
   10.93000      4.9455860E-04
   10.94000      4.2648159E-04
   10.95000      3.7171497E-04
   10.96000      3.2843862E-04
   10.97000      2.9458443E-04
   10.98000      2.6791517E-04
   10.99000      2.4645083E-04
   11.00000      2.2817026E-04
   11.01000      2.1140887E-04
   11.02000      1.9483358E-04
   11.03000      1.7737513E-04
   11.04000      1.5858081E-04
   11.05000      1.3821830E-04
   11.06000      1.1659851E-04
   11.07000      9.4340896E-05
   11.08000      7.2438190E-05
   11.09000      5.2082734E-05
   11.10000      3.4712131E-05
   11.11000      2.1709438E-05
   11.12000      1.4531944E-05
   11.13000      1.4420018E-05
   11.14000      2.2393862E-05
   11.15000      3.9080387E-05
   11.16000      6.4867992E-05
   11.17000      9.9470170E-05
   11.18000      1.4235197E-04
   11.19000      1.9231466E-04
   11.20000      2.4791766E-04
   11.21000      3.0711928E-04
   11.22000      3.6775929E-04
   11.23000      4.2700322E-04
   11.24000      4.8245388E-04
   11.25000      5.3118099E-04
   11.26000      5.7068007E-04
   11.27000      5.9860549E-04
   11.28000      6.1302702E-04
   11.29000      6.1265001E-04
   11.30000      5.9681688E-04
   11.31000      5.6563492E-04
   11.32000      5.2010163E-04
   11.33000      4.6220445E-04
   11.34000      3.9489477E-04
   11.35000      3.2144217E-04
   11.36000      2.4693229E-04
   11.37000      1.7658743E-04
   11.38000      1.1680258E-04
   11.39000      7.4013864E-05
   11.40000      5.5251065E-05
   11.41000      6.7474219E-05
   11.42000      1.1767141E-04
   11.43000      2.1253391E-04
   11.44000      3.5799574E-04
   11.45000      5.5994547E-04
   11.46000      8.2229823E-04
   11.47000      1.1485596E-03
   11.48000      1.5413366E-03
   11.49000      1.9998371E-03
   11.50000      2.5248926E-03
   11.51000      3.1113443E-03
   11.52000      3.7556905E-03
   11.53000      4.4521326E-03
   11.54000      5.1915487E-03
   11.55000      5.9665930E-03
   11.56000      6.7650606E-03
   11.57000      7.5762449E-03
   11.58000      8.3885351E-03
   11.59000      9.1896849E-03
   11.60000      9.9659422E-03
   11.61000      1.0706482E-02
   11.62000      1.1396172E-02
   11.63000      1.2027556E-02
   11.64000      1.2586853E-02
   11.65000      1.3065504E-02
   11.66000      1.3455955E-02
   11.67000      1.3751264E-02
   11.68000      1.3947349E-02
   11.69000      1.4040905E-02
   11.70000      1.4030972E-02
   11.71000      1.3918239E-02
   11.72000      1.3705841E-02
   11.73000      1.3396940E-02
   11.74000      1.2997043E-02
   11.75000      1.2515438E-02
   11.76000      1.1958527E-02
   11.77000      1.1338226E-02
   11.78000      1.0663843E-02
   11.79000      9.9473009E-03
   11.80000      9.2027001E-03
   11.81000      8.4381299E-03
   11.82000      7.6694726E-03
   11.83000      6.9045899E-03
   11.84000      6.1552678E-03
   11.85000      5.4303515E-03
   11.86000      4.7384035E-03
   11.87000      4.0850588E-03
   11.88000      3.4782342E-03
   11.89000      2.9204155E-03
   11.90000      2.4166133E-03
   11.91000      1.9675801E-03
   11.92000      1.5737489E-03
   11.93000      1.2358023E-03
   11.94000      9.5091911E-04
   11.95000      7.1774662E-04
   11.96000      5.3206773E-04
   11.97000      3.9015582E-04
   11.98000      2.8775883E-04
   11.99000      2.1992454E-04
   12.00000      1.8181998E-04
   12.01000      1.6846176E-04
   12.02000      1.7501756E-04
   12.03000      1.9684903E-04
   12.04000      2.2954620E-04
   12.05000      2.6926716E-04
   12.06000      3.1235383E-04
   12.07000      3.5599468E-04
   12.08000      3.9749843E-04
   12.09000      4.3499950E-04
   12.10000      4.6708406E-04
   12.11000      4.9274671E-04
   12.12000      5.1152386E-04
   12.13000      5.2321685E-04
   12.14000      5.2809785E-04
   12.15000      5.2661350E-04
   12.16000      5.1945425E-04
   12.17000      5.0746329E-04
   12.18000      4.9162057E-04
   12.19000      4.7299053E-04
   12.20000      4.5251587E-04
   12.21000      4.3136909E-04
   12.22000      4.1036634E-04
   12.23000      3.9046817E-04
   12.24000      3.7239576E-04
   12.25000      3.5679073E-04
   12.26000      3.4419980E-04
   12.27000      3.3502368E-04
   12.28000      3.2951575E-04
   12.29000      3.2789298E-04
   12.30000      3.3016835E-04
   12.31000      3.3634654E-04
   12.32000      3.4626113E-04
   12.33000      3.5976889E-04
   12.34000      3.7655374E-04
   12.35000      3.9633946E-04
   12.36000      4.1871553E-04
   12.37000      4.4328943E-04
   12.38000      4.6958553E-04
   12.39000      4.9720029E-04
   12.40000      5.2550650E-04
   12.41000      5.5407529E-04
   12.42000      5.8226648E-04
   12.43000      6.0956489E-04
   12.44000      6.3539750E-04
   12.45000      6.5916608E-04
   12.46000      6.8034977E-04
   12.47000      6.9840270E-04
   12.48000      7.1287574E-04
   12.49000      7.2339154E-04
   12.50000      7.2957861E-04
   12.51000      7.3119730E-04
   12.52000      7.2812557E-04
   12.53000      7.2029862E-04
   12.54000      7.0772099E-04
   12.55000      6.9061446E-04
   12.56000      6.6922908E-04
   12.57000      6.4394221E-04
   12.58000      6.1532640E-04
   12.59000      5.8384088E-04
   12.60000      5.5030832E-04
   12.61000      5.1542267E-04
   12.62000      4.7995290E-04
   12.63000      4.4476593E-04
   12.64000      4.1057201E-04
   12.65000      3.7825268E-04
   12.66000      3.4837660E-04
   12.67000      3.2163315E-04
   12.68000      2.9850585E-04
   12.69000      2.7937550E-04
   12.70000      2.6447442E-04
   12.71000      2.5388252E-04
   12.72000      2.4747019E-04
   12.73000      2.4502992E-04
   12.74000      2.4610621E-04
   12.75000      2.5019111E-04
   12.76000      2.5658260E-04
   12.77000      2.6458676E-04
   12.78000      2.7336157E-04
   12.79000      2.8208439E-04
   12.80000      2.8994650E-04
   12.81000      2.9617912E-04
   12.82000      3.0005313E-04
   12.83000      3.0097630E-04
   12.84000      2.9847270E-04
   12.85000      2.9222679E-04
   12.86000      2.8210782E-04
   12.87000      2.6815472E-04
   12.88000      2.5055048E-04
   12.89000      2.2981600E-04
   12.90000      2.0639175E-04
   12.91000      1.8110617E-04
   12.92000      1.5467305E-04
   12.93000      1.2804360E-04
   12.94000      1.0213758E-04
   12.95000      7.7909768E-05
   12.96000      5.6202065E-05
   12.97000      3.7933503E-05
   12.98000      2.3729326E-05
   12.99000      1.4248313E-05
   13.00000      9.8624432E-06
   13.01000      1.0821405E-05
   13.02000      1.7109734E-05
   13.03000      2.8587643E-05
   13.04000      4.4933244E-05
   13.05000      6.5567619E-05
   13.06000      8.9905006E-05
   13.07000      1.1705575E-04
   13.08000      1.4618886E-04
   13.09000      1.7638701E-04
   13.10000      2.0663379E-04
   13.11000      2.3612352E-04
   13.12000      2.6393530E-04
   13.13000      2.8941120E-04
   13.14000      3.1202796E-04
   13.15000      3.3142019E-04
   13.16000      3.4746292E-04
   13.17000      3.6022533E-04
   13.18000      3.6999068E-04
   13.19000      3.7725922E-04
   13.20000      3.8271371E-04
   13.21000      3.8715216E-04
   13.22000      3.9156782E-04
   13.23000      3.9692139E-04
   13.24000      4.0432866E-04
   13.25000      4.1477274E-04
   13.26000      4.2919948E-04
   13.27000      4.4847740E-04
   13.28000      4.7315887E-04
   13.29000      5.0379237E-04
   13.30000      5.4045609E-04
   13.31000      5.8316818E-04
   13.32000      6.3146668E-04
   13.33000      6.8484823E-04
   13.34000      7.4227131E-04
   13.35000      8.0282521E-04
   13.36000      8.6485018E-04
   13.37000      9.2712475E-04
   13.38000      9.8781148E-04
   13.39000      1.0452737E-03
   13.40000      1.0979573E-03
   13.41000      1.1440418E-03
   13.42000      1.1822871E-03
   13.43000      1.2113657E-03
   13.44000      1.2302920E-03
   13.45000      1.2383482E-03
   13.46000      1.2351358E-03
   13.47000      1.2206201E-03
   13.48000      1.1949106E-03
   13.49000      1.1587429E-03
   13.50000      1.1128910E-03
   13.51000      1.0587208E-03
   13.52000      9.9765521E-04
   13.53000      9.3121274E-04
   13.54000      8.6153706E-04
   13.55000      7.9019187E-04
   13.56000      7.1940216E-04
   13.57000      6.5078511E-04
   13.58000      5.8595190E-04
   13.59000      5.2656617E-04
   13.60000      4.7368743E-04
   13.61000      4.2828929E-04
   13.62000      3.9097649E-04
   13.63000      3.6191457E-04
   13.64000      3.4113016E-04
   13.65000      3.2809755E-04
   13.66000      3.2215886E-04
   13.67000      3.2226884E-04
   13.68000      3.2722214E-04
   13.69000      3.3568795E-04
   13.70000      3.4618031E-04
   13.71000      3.5730912E-04
   13.72000      3.6763912E-04
   13.73000      3.7592754E-04
   13.74000      3.8109874E-04
   13.75000      3.8229945E-04
   13.76000      3.7897774E-04
   13.77000      3.7084564E-04
   13.78000      3.5796934E-04
   13.79000      3.4071365E-04
   13.80000      3.1980567E-04
   13.81000      2.9611870E-04
   13.82000      2.7092456E-04
   13.83000      2.4535498E-04
   13.84000      2.2083794E-04
   13.85000      1.9871526E-04
   13.86000      1.8028774E-04
   13.87000      1.6666793E-04
   13.88000      1.5883273E-04
   13.89000      1.5739207E-04
   13.90000      1.6269232E-04
   13.91000      1.7470161E-04
   13.92000      1.9305258E-04
   13.93000      2.1688208E-04
   13.94000      2.4519014E-04
   13.95000      2.7646025E-04
   13.96000      3.0914176E-04
   13.97000      3.4137949E-04
   13.98000      3.7137087E-04
   13.99000      3.9723655E-04
   14.00000      4.1742512E-04
   14.01000      4.3043145E-04
   14.02000      4.3528486E-04
   14.03000      4.3138835E-04
   14.04000      4.1875837E-04
   14.05000      3.9792928E-04
   14.06000      3.7029479E-04
   14.07000      3.3766348E-04
   14.08000      3.0281424E-04
   14.09000      2.6884198E-04
   14.10000      2.3952828E-04
   14.11000      2.1909457E-04
   14.12000      2.1204872E-04
   14.13000      2.2311934E-04
   14.14000      2.5696817E-04
   14.15000      3.1836753E-04
   14.16000      4.1151998E-04
   14.17000      5.4009305E-04
   14.18000      7.0751534E-04
   14.19000      9.1540290E-04
   14.20000      1.1656714E-03
   14.21000      1.4577368E-03
   14.22000      1.7903635E-03
   14.23000      2.1616763E-03
   14.24000      2.5671059E-03
   14.25000      3.0027151E-03
   14.26000      3.4618091E-03
   14.27000      3.9382870E-03
   14.28000      4.4236952E-03
   14.29000      4.9108327E-03
   14.30000      5.3892769E-03
   14.31000      5.8516203E-03
   14.32000      6.2869913E-03
   14.33000      6.6887247E-03
   14.34000      7.0476052E-03
   14.35000      7.3560723E-03
   14.36000      7.6089492E-03
   14.37000      7.7998643E-03
   14.38000      7.9260906E-03
   14.39000      7.9846196E-03
   14.40000      7.9747615E-03
   14.41000      7.8972615E-03
   14.42000      7.7540250E-03
   14.43000      7.5487113E-03
   14.44000      7.2855791E-03
   14.45000      6.9723041E-03
   14.46000      6.6146846E-03
   14.47000      6.2216176E-03
   14.48000      5.8019054E-03
   14.49000      5.3628315E-03
   14.50000      4.9159904E-03
   14.51000      4.4670138E-03
   14.52000      4.0262816E-03
   14.53000      3.5986253E-03
   14.54000      3.1914359E-03
   14.55000      2.8092845E-03
   14.56000      2.4564778E-03
   14.57000      2.1344940E-03
   14.58000      1.8463032E-03
   14.59000      1.5906936E-03
   14.60000      1.3681394E-03
   14.61000      1.1764353E-03
   14.62000      1.0127546E-03
   14.63000      8.7491079E-04
   14.64000      7.5864641E-04
   14.65000      6.6005555E-04
   14.66000      5.7598978E-04
   14.67000      5.0263287E-04
   14.68000      4.3733855E-04
   14.69000      3.7742968E-04
   14.70000      3.2106819E-04
   14.71000      2.6724697E-04
   14.72000      2.1538914E-04
   14.73000      1.6605592E-04
   14.74000      1.2008908E-04
   14.75000      7.9022786E-05
   14.76000      4.4736596E-05
   14.77000      1.9319177E-05
   14.78000      4.8954539E-06
   14.79000      3.4321854E-06
   14.80000      1.6473468E-05
   14.81000      4.5130470E-05
   14.82000      8.9638095E-05
   14.83000      1.4963953E-04
   14.84000      2.2340845E-04
   14.85000      3.0884545E-04
   14.86000      4.0241782E-04
   14.87000      4.9985637E-04
   14.88000      5.9643353E-04
   14.89000      6.8655750E-04
   14.90000      7.6501409E-04
   14.91000      8.2630827E-04
   14.92000      8.6569524E-04
   14.93000      8.7931548E-04
   14.94000      8.6458278E-04
   14.95000      8.2072173E-04
   14.96000      7.4866356E-04
   14.97000      6.5244292E-04
   14.98000      5.3792400E-04
   14.99000      4.1465653E-04
   15.00000      2.9468807E-04
   15.01000      1.9298778E-04
   15.02000      1.2798762E-04
   15.03000      1.1978315E-04
   15.04000      1.9156990E-04
   15.05000      3.6791828E-04
   15.06000      6.7456078E-04
   15.07000      1.1382245E-03
   15.08000      1.7848605E-03
   15.09000      2.6426106E-03
   15.10000      3.7312384E-03
   15.11000      5.0756200E-03
   15.12000      6.6890074E-03
   15.13000      8.5826144E-03
   15.14000      1.0770443E-02
   15.15000      1.3242410E-02
   15.16000      1.6001187E-02
   15.17000      1.9025445E-02
   15.18000      2.2299392E-02
   15.19000      2.5800778E-02
   15.20000      2.9488780E-02
   15.21000      3.3327840E-02
   15.22000      3.7273683E-02
   15.23000      4.1269980E-02
   15.24000      4.5269832E-02
   15.25000      4.9206078E-02
   15.26000      5.3015780E-02
   15.27000      5.6642924E-02
   15.28000      6.0012788E-02
   15.29000      6.3075185E-02
   15.30000      6.5765865E-02
   15.31000      6.8031222E-02
   15.32000      6.9827221E-02
   15.33000      7.1112618E-02
   15.34000      7.1860559E-02
   15.35000      7.2046965E-02
   15.36000      7.1663991E-02
   15.37000      7.0710041E-02
   15.38000      6.9196776E-02
   15.39000      6.7149103E-02
   15.40000      6.4596601E-02
   15.41000      6.1590921E-02
   15.42000      5.8175121E-02
   15.43000      5.4414324E-02
   15.44000      5.0381031E-02
   15.45000      4.6150666E-02
   15.46000      4.1767862E-02
   15.47000      3.7320763E-02
   15.48000      3.2872207E-02
   15.49000      2.8515656E-02
   15.50000      2.4297016E-02
   15.51000      2.0294143E-02
   15.52000      1.6560012E-02
   15.53000      1.3138471E-02
   15.54000      1.0085870E-02
   15.55000      7.4183689E-03
   15.56000      5.1679043E-03
   15.57000      3.3375963E-03
   15.58000      1.9318091E-03
   15.59000      9.3950692E-04
   15.60000      3.4236605E-04
   15.61000      1.1128726E-04
   15.62000      2.1207823E-04
   15.63000      6.0293346E-04
   15.64000      1.2361074E-03
   15.65000      2.0602106E-03
   15.66000      3.0254594E-03
   15.67000      4.0737479E-03
   15.68000      5.1569138E-03
   15.69000      6.2211184E-03
   15.70000      7.2226902E-03
   15.71000      8.1208088E-03
   15.72000      8.8804653E-03
   15.73000      9.4725909E-03
   15.74000      9.8783579E-03
   15.75000      1.0083039E-02
   15.76000      1.0082454E-02
   15.77000      9.8786773E-03
   15.78000      9.4831949E-03
   15.79000      8.9120511E-03
   15.80000      8.1914542E-03
   15.81000      7.3488448E-03
   15.82000      6.4203721E-03
   15.83000      5.4428666E-03
   15.84000      4.4545555E-03
   15.85000      3.4961286E-03
   15.86000      2.6047477E-03
   15.87000      1.8184416E-03
   15.88000      1.1716838E-03
   15.89000      6.9261284E-04
   15.90000      4.0730013E-04
   15.91000      3.3547220E-04
   15.92000      4.9151503E-04
   15.93000      8.8178896E-04
   15.94000      1.5077780E-03
   15.95000      2.3642159E-03
   15.96000      3.4361340E-03
   15.97000      4.7100303E-03
   15.98000      6.1555370E-03
   15.99000      7.7525135E-03
   16.00000      9.4642229E-03
   16.01000      1.1258323E-02
   16.02000      1.3096063E-02
   16.03000      1.4943524E-02
   16.04000      1.6759120E-02
   16.05000      1.8512741E-02
   16.06000      2.0161444E-02
   16.07000      2.1680608E-02
   16.08000      2.3038102E-02
   16.09000      2.4211928E-02
   16.10000      2.5185009E-02
   16.11000      2.5939688E-02
   16.12000      2.6470261E-02
   16.13000      2.6772151E-02
   16.14000      2.6845964E-02
   16.15000      2.6696505E-02
   16.16000      2.6335327E-02
   16.17000      2.5773976E-02
   16.18000      2.5026890E-02
   16.19000      2.4116812E-02
   16.20000      2.3061773E-02
   16.21000      2.1888129E-02
   16.22000      2.0620462E-02
   16.23000      1.9277899E-02
   16.24000      1.7895734E-02
   16.25000      1.6489699E-02
   16.26000      1.5078140E-02
   16.27000      1.3688345E-02
   16.28000      1.2331341E-02
   16.29000      1.1029567E-02
   16.30000      9.7933784E-03
   16.31000      8.6325230E-03
   16.32000      7.5573977E-03
   16.33000      6.5691443E-03
   16.34000      5.6748423E-03
   16.35000      4.8719705E-03
   16.36000      4.1597532E-03
   16.37000      3.5340630E-03
   16.38000      2.9901087E-03
   16.39000      2.5216993E-03
   16.40000      2.1228299E-03
   16.41000      1.7853271E-03
   16.42000      1.5024778E-03
   16.43000      1.2668362E-03
   16.44000      1.0714092E-03
   16.45000      9.1009086E-04
   16.46000      7.7633164E-04
   16.47000      6.6515035E-04
   16.48000      5.7194277E-04
   16.49000      4.9278146E-04
   16.50000      4.2471974E-04
   16.51000      3.6519245E-04
   16.52000      3.1249717E-04
   16.53000      2.6545400E-04
   16.54000      2.2326437E-04
   16.55000      1.8553801E-04
   16.56000      1.5215587E-04
   16.57000      1.2304448E-04
   16.58000      9.8430304E-05
   16.59000      7.8283301E-05
   16.60000      6.2695079E-05
   16.61000      5.1550236E-05
   16.62000      4.4622098E-05
   16.63000      4.1569765E-05
   16.64000      4.1876941E-05
   16.65000      4.4942270E-05
   16.66000      5.0090854E-05
   16.67000      5.6601810E-05
   16.68000      6.3774118E-05
   16.69000      7.0973707E-05
   16.70000      7.7691337E-05
   16.71000      8.3528932E-05
   16.72000      8.8331362E-05
   16.73000      9.2121380E-05
   16.74000      9.5189229E-05
   16.75000      9.8050630E-05
   16.76000      1.0145449E-04
   16.77000      1.0634257E-04
   16.78000      1.1384434E-04
   16.79000      1.2518483E-04
   16.80000      1.4171458E-04
   16.81000      1.6473346E-04
   16.82000      1.9554088E-04
   16.83000      2.3536650E-04
   16.84000      2.8512735E-04
   16.85000      3.4567184E-04
   16.86000      4.1736302E-04
   16.87000      5.0011679E-04
   16.88000      5.9396855E-04
   16.89000      6.9827843E-04
   16.90000      8.1225391E-04
   16.91000      9.3441532E-04
   16.92000      1.0630112E-03
   16.93000      1.1963458E-03
   16.94000      1.3320070E-03
   16.95000      1.4679757E-03
   16.96000      1.6016633E-03
   16.97000      1.7304460E-03
   16.98000      1.8521518E-03
   16.99000      1.9644971E-03
   17.00000      2.0646446E-03
   17.01000      2.1518178E-03
   17.02000      2.2267995E-03
   17.03000      2.2805205E-03
   17.04000      2.3327344E-03
   17.05000      2.3880287E-03
   17.06000      2.4100619E-03
   17.07000      2.3630729E-03
   17.08000      2.2916091E-03
   17.09000      2.2427817E-03
   17.10000      2.1840294E-03
   17.11000      2.1056498E-03
   17.12000      2.0267065E-03
   17.13000      1.9351769E-03
   17.14000      1.8345373E-03
   17.15000      1.7345349E-03
   17.16000      1.6316863E-03
   17.17000      1.5234558E-03
   17.18000      1.4210878E-03
   17.19000      1.3106707E-03
   17.20000      1.2108781E-03
   17.21000      1.1228515E-03
   17.22000      1.0149183E-03
   17.23000      9.1340294E-04
   17.24000      8.7761931E-04
   17.25000      8.8100508E-04
   17.26000      8.3680678E-04
   17.27000      7.3840324E-04
   17.28000      6.8517774E-04
   17.29000      6.5897667E-04
   17.30000      6.3579151E-04
   17.31000      6.1680627E-04
   17.32000      6.0313731E-04
   17.33000      5.8583845E-04
   17.34000      5.7599810E-04
   17.35000      5.7022361E-04
   17.36000      5.7012407E-04
   17.37000      5.6497962E-04
   17.38000      5.5777148E-04
   17.39000      5.4866244E-04
   17.40000      5.4797746E-04
   17.41000      5.5367348E-04
   17.42000      5.4946664E-04
   17.43000      5.4827170E-04
   17.44000      5.4688513E-04
   17.45000      5.4633612E-04
   17.46000      5.4493488E-04
   17.47000      5.4516993E-04
   17.48000      5.3964759E-04
   17.49000      5.3939444E-04
   17.50000      5.3462578E-04
