  -17.50000      3.0207585E-03
  -17.49000      3.0707223E-03
  -17.48000      3.0583572E-03
  -17.47000      3.0849390E-03
  -17.46000      3.1012215E-03
  -17.45000      3.1368348E-03
  -17.44000      3.1283330E-03
  -17.43000      3.1014204E-03
  -17.42000      3.1194279E-03
  -17.41000      3.1607330E-03
  -17.40000      3.1024413E-03
  -17.39000      3.1105776E-03
  -17.38000      3.1445522E-03
  -17.37000      3.1746384E-03
  -17.36000      3.1845679E-03
  -17.35000      3.1767706E-03
  -17.34000      3.1577996E-03
  -17.33000      3.1435806E-03
  -17.32000      3.1431618E-03
  -17.31000      3.0832610E-03
  -17.30000      3.0718793E-03
  -17.29000      3.0225920E-03
  -17.28000      2.9353909E-03
  -17.27000      3.0188092E-03
  -17.26000      3.1820885E-03
  -17.25000      3.1242860E-03
  -17.24000      2.6595867E-03
  -17.23000      2.2793235E-03
  -17.22000      1.9864966E-03
  -17.21000      1.6688914E-03
  -17.20000      1.4197357E-03
  -17.19000      1.2030769E-03
  -17.18000      9.9055842E-04
  -17.17000      7.9644239E-04
  -17.16000      6.2894140E-04
  -17.15000      4.7843385E-04
  -17.14000      3.5456507E-04
  -17.13000      2.5801352E-04
  -17.12000      1.8820736E-04
  -17.11000      1.4563763E-04
  -17.10000      1.2874251E-04
  -17.09000      1.3567724E-04
  -17.08000      1.6545046E-04
  -17.07000      2.1745458E-04
  -17.06000      2.8656781E-04
  -17.05000      3.6198969E-04
  -17.04000      4.4094422E-04
  -17.03000      5.3347467E-04
  -17.02000      6.3172827E-04
  -17.01000      7.2230876E-04
  -17.00000      8.0245658E-04
  -16.99000      8.7129558E-04
  -16.98000      9.2585094E-04
  -16.97000      9.6384203E-04
  -16.96000      9.8415720E-04
  -16.95000      9.8595291E-04
  -16.94000      9.6934428E-04
  -16.93000      9.3506457E-04
  -16.92000      8.8449678E-04
  -16.91000      8.1962504E-04
  -16.90000      7.4292906E-04
  -16.89000      6.5725017E-04
  -16.88000      5.6599919E-04
  -16.87000      4.7235450E-04
  -16.86000      3.7975900E-04
  -16.85000      2.9135257E-04
  -16.84000      2.1049634E-04
  -16.83000      1.4015497E-04
  -16.82000      8.2713108E-05
  -16.81000      4.0290935E-05
  -16.80000      1.4394119E-05
  -16.79000      5.9500990E-06
  -16.78000      1.5548027E-05
  -16.77000      4.3003802E-05
  -16.76000      8.7987843E-05
  -16.75000      1.4923811E-04
  -16.74000      2.2565201E-04
  -16.73000      3.1510508E-04
  -16.72000      4.1578856E-04
  -16.71000      5.2562740E-04
  -16.70000      6.4196071E-04
  -16.69000      7.6304661E-04
  -16.68000      8.8613317E-04
  -16.67000      1.0097127E-03
  -16.66000      1.1320504E-03
  -16.65000      1.2518486E-03
  -16.64000      1.3677609E-03
  -16.63000      1.4795581E-03
  -16.62000      1.5862643E-03
  -16.61000      1.6885023E-03
  -16.60000      1.7858709E-03
  -16.59000      1.8790825E-03
  -16.58000      1.9688618E-03
  -16.57000      2.0556154E-03
  -16.56000      2.1404743E-03
  -16.55000      2.2237711E-03
  -16.54000      2.3063375E-03
  -16.53000      2.3886187E-03
  -16.52000      2.4707429E-03
  -16.51000      2.5528858E-03
  -16.50000      2.6344385E-03
  -16.49000      2.7148256E-03
  -16.48000      2.7932886E-03
  -16.47000      2.8683373E-03
  -16.46000      2.9386682E-03
  -16.45000      3.0024271E-03
  -16.44000      3.0577399E-03
  -16.43000      3.1028695E-03
  -16.42000      3.1359608E-03
  -16.41000      3.1550289E-03
  -16.40000      3.1584930E-03
  -16.39000      3.1451290E-03
  -16.38000      3.1136279E-03
  -16.37000      3.0635935E-03
  -16.36000      2.9943835E-03
  -16.35000      2.9063351E-03
  -16.34000      2.7999771E-03
  -16.33000      2.6763619E-03
  -16.32000      2.5371164E-03
  -16.31000      2.3844470E-03
  -16.30000      2.2205028E-03
  -16.29000      2.0483846E-03
  -16.28000      1.8709715E-03
  -16.27000      1.6912487E-03
  -16.26000      1.5130877E-03
  -16.25000      1.3389050E-03
  -16.24000      1.1725896E-03
  -16.23000      1.0164310E-03
  -16.22000      8.7205664E-04
  -16.21000      7.4260466E-04
  -16.20000      6.2912004E-04
  -16.19000      5.3270359E-04
  -16.18000      4.5398014E-04
  -16.17000      3.9253532E-04
  -16.16000      3.4799823E-04
  -16.15000      3.1890676E-04
  -16.14000      3.0377068E-04
  -16.13000      3.0058343E-04
  -16.12000      3.0703432E-04
  -16.11000      3.2077005E-04
  -16.10000      3.3911719E-04
  -16.09000      3.5968033E-04
  -16.08000      3.7988587E-04
  -16.07000      3.9759403E-04
  -16.06000      4.1084582E-04
  -16.05000      4.1805080E-04
  -16.04000      4.1811020E-04
  -16.03000      4.1032175E-04
  -16.02000      3.9452236E-04
  -16.01000      3.7102474E-04
  -16.00000      3.4053595E-04
  -15.99000      3.0423794E-04
  -15.98000      2.6354077E-04
  -15.97000      2.2037038E-04
  -15.96000      1.7640424E-04
  -15.95000      1.3390112E-04
  -15.94000      9.4725656E-05
  -15.93000      6.0888131E-05
  -15.92000      3.4132820E-05
  -15.91000      1.5838355E-05
  -15.90000      7.1998984E-06
  -15.89000      8.8915813E-06
  -15.88000      2.1231655E-05
  -15.87000      4.4032571E-05
  -15.86000      7.6818767E-05
  -15.85000      1.1859524E-04
  -15.84000      1.6804531E-04
  -15.83000      2.2362391E-04
  -15.82000      2.8351453E-04
  -15.81000      3.4582758E-04
  -15.80000      4.0871077E-04
  -15.79000      4.7016598E-04
  -15.78000      5.2875612E-04
  -15.77000      5.8299018E-04
  -15.76000      6.3200708E-04
  -15.75000      6.7535421E-04
  -15.74000      7.1284466E-04
  -15.73000      7.4517715E-04
  -15.72000      7.7327836E-04
  -15.71000      7.9867622E-04
  -15.70000      8.2330685E-04
  -15.69000      8.4947411E-04
  -15.68000      8.7968464E-04
  -15.67000      9.1690035E-04
  -15.66000      9.6365518E-04
  -15.65000      1.0229175E-03
  -15.64000      1.0969219E-03
  -15.63000      1.1878050E-03
  -15.62000      1.2975181E-03
  -15.61000      1.4264287E-03
  -15.60000      1.5756277E-03
  -15.59000      1.7437354E-03
  -15.58000      1.9302572E-03
  -15.57000      2.1328679E-03
  -15.56000      2.3488312E-03
  -15.55000      2.5741607E-03
  -15.54000      2.8053485E-03
  -15.53000      3.0366415E-03
  -15.52000      3.2640304E-03
  -15.51000      3.4807767E-03
  -15.50000      3.6819282E-03
  -15.49000      3.8621232E-03
  -15.48000      4.0157065E-03
  -15.47000      4.1387221E-03
  -15.46000      4.2265351E-03
  -15.45000      4.2760717E-03
  -15.44000      4.2852573E-03
  -15.43000      4.2525167E-03
  -15.42000      4.1774716E-03
  -15.41000      4.0609962E-03
  -15.40000      3.9052311E-03
  -15.39000      3.7128043E-03
  -15.38000      3.4886028E-03
  -15.37000      3.2371471E-03
  -15.36000      2.9648645E-03
  -15.35000      2.6777720E-03
  -15.34000      2.3827895E-03
  -15.33000      2.0864583E-03
  -15.32000      1.7962853E-03
  -15.31000      1.5178638E-03
  -15.30000      1.2578308E-03
  -15.29000      1.0208682E-03
  -15.28000      8.1155350E-04
  -15.27000      6.3364883E-04
  -15.26000      4.8885500E-04
  -15.25000      3.7877457E-04
  -15.24000      3.0299296E-04
  -15.23000      2.6050271E-04
  -15.22000      2.4899826E-04
  -15.21000      2.6525799E-04
  -15.20000      3.0528524E-04
  -15.19000      3.6445411E-04
  -15.18000      4.3778433E-04
  -15.17000      5.1988947E-04
  -15.16000      6.0549413E-04
  -15.15000      6.8971154E-04
  -15.14000      7.6741993E-04
  -15.13000      8.3483825E-04
  -15.12000      8.8813779E-04
  -15.11000      9.2499855E-04
  -15.10000      9.4373344E-04
  -15.09000      9.4371877E-04
  -15.08000      9.2523912E-04
  -15.07000      8.8965951E-04
  -15.06000      8.3906087E-04
  -15.05000      7.7620207E-04
  -15.04000      7.0433563E-04
  -15.03000      6.2736584E-04
  -15.02000      5.4892746E-04
  -15.01000      4.7325264E-04
  -15.00000      4.0362493E-04
  -14.99000      3.4372829E-04
  -14.98000      2.9610487E-04
  -14.97000      2.6285191E-04
  -14.96000      2.4519293E-04
  -14.95000      2.4338269E-04
  -14.94000      2.5689392E-04
  -14.93000      2.8417018E-04
  -14.92000      3.2294309E-04
  -14.91000      3.7020026E-04
  -14.90000      4.2237455E-04
  -14.89000      4.7557574E-04
  -14.88000      5.2557129E-04
  -14.87000      5.6856946E-04
  -14.86000      6.0068624E-04
  -14.85000      6.1886886E-04
  -14.84000      6.2068889E-04
  -14.83000      6.0483062E-04
  -14.82000      5.7097129E-04
  -14.81000      5.2021118E-04
  -14.80000      4.5477369E-04
  -14.79000      3.7828172E-04
  -14.78000      2.9564710E-04
  -14.77000      2.1271342E-04
  -14.76000      1.3647025E-04
  -14.75000      7.4772775E-05
  -14.74000      3.5654793E-05
  -14.73000      2.7695822E-05
  -14.72000      5.8903952E-05
  -14.71000      1.3724070E-04
  -14.70000      2.6900324E-04
  -14.69000      4.5986139E-04
  -14.68000      7.1331731E-04
  -14.67000      1.0308845E-03
  -14.66000      1.4133583E-03
  -14.65000      1.8561176E-03
  -14.64000      2.3563316E-03
  -14.63000      2.9044463E-03
  -14.62000      3.4923744E-03
  -14.61000      4.1117063E-03
  -14.60000      4.7451090E-03
  -14.59000      5.3795818E-03
  -14.58000      6.0001644E-03
  -14.57000      6.5876916E-03
  -14.56000      7.1289437E-03
  -14.55000      7.6058395E-03
  -14.54000      8.0051655E-03
  -14.53000      8.3136046E-03
  -14.52000      8.5200956E-03
  -14.51000      8.6156791E-03
  -14.50000      8.5957246E-03
  -14.49000      8.4577156E-03
  -14.48000      8.2025481E-03
  -14.47000      7.8358678E-03
  -14.46000      7.3667001E-03
  -14.45000      6.8064989E-03
  -14.44000      6.1727446E-03
  -14.43000      5.4809204E-03
  -14.42000      4.7550802E-03
  -14.41000      4.0148301E-03
  -14.40000      3.2845726E-03
  -14.39000      2.5859268E-03
  -14.38000      1.9422835E-03
  -14.37000      1.3732204E-03
  -14.36000      9.0002164E-04
  -14.35000      5.3594244E-04
  -14.34000      2.9608971E-04
  -14.33000      1.8809731E-04
  -14.32000      2.1745998E-04
  -14.31000      3.8339448E-04
  -14.30000      6.8168645E-04
  -14.29000      1.1020629E-03
  -14.28000      1.6306912E-03
  -14.27000      2.2487519E-03
  -14.26000      2.9346058E-03
  -14.25000      3.6627047E-03
  -14.24000      4.4077821E-03
  -14.23000      5.1398864E-03
  -14.22000      5.8324230E-03
  -14.21000      6.4562112E-03
  -14.20000      6.9865165E-03
  -14.19000      7.4005141E-03
  -14.18000      7.6779681E-03
  -14.17000      7.8061623E-03
  -14.16000      7.7753984E-03
  -14.15000      7.5844075E-03
  -14.14000      7.2361324E-03
  -14.13000      6.7427913E-03
  -14.12000      6.1195591E-03
  -14.11000      5.3924620E-03
  -14.10000      4.5896256E-03
  -14.09000      3.7470709E-03
  -14.08000      2.9061162E-03
  -14.07000      2.1107460E-03
  -14.06000      1.4068758E-03
  -14.05000      8.4605097E-04
  -14.04000      4.7524509E-04
  -14.03000      3.4426645E-04
  -14.02000      4.9567531E-04
  -14.01000      9.7223098E-04
  -14.00000      1.8051299E-03
  -13.99000      3.0272885E-03
  -13.98000      4.6519767E-03
  -13.97000      6.6967737E-03
  -13.96000      9.1616586E-03
  -13.95000      1.2042683E-02
  -13.94000      1.5316583E-02
  -13.93000      1.8967986E-02
  -13.92000      2.2946965E-02
  -13.91000      2.7227405E-02
  -13.90000      3.1738464E-02
  -13.89000      3.6425088E-02
  -13.88000      4.1227859E-02
  -13.87000      4.6058487E-02
  -13.86000      5.0866839E-02
  -13.85000      5.5556048E-02
  -13.84000      6.0061790E-02
  -13.83000      6.4307392E-02
  -13.82000      6.8227366E-02
  -13.81000      7.1744114E-02
  -13.80000      7.4822642E-02
  -13.79000      7.7393562E-02
  -13.78000      7.9423174E-02
  -13.77000      8.0876105E-02
  -13.76000      8.1734329E-02
  -13.75000      8.1988864E-02
  -13.74000      8.1642948E-02
  -13.73000      8.0711991E-02
  -13.72000      7.9216987E-02
  -13.71000      7.7191241E-02
  -13.70000      7.4670948E-02
  -13.69000      7.1709245E-02
  -13.68000      6.8353042E-02
  -13.67000      6.4659655E-02
  -13.66000      6.0698982E-02
  -13.65000      5.6521159E-02
  -13.64000      5.2205995E-02
  -13.63000      4.7807135E-02
  -13.62000      4.3385591E-02
  -13.61000      3.9011605E-02
  -13.60000      3.4731016E-02
  -13.59000      3.0595496E-02
  -13.58000      2.6651422E-02
  -13.57000      2.2930747E-02
  -13.56000      1.9473625E-02
  -13.55000      1.6298870E-02
  -13.54000      1.3420172E-02
  -13.53000      1.0856413E-02
  -13.52000      8.6014932E-03
  -13.51000      6.6615357E-03
  -13.50000      5.0215288E-03
  -13.49000      3.6666605E-03
  -13.48000      2.5811414E-03
  -13.47000      1.7386768E-03
  -13.46000      1.1174006E-03
  -13.45000      6.8822951E-04
  -13.44000      4.2402776E-04
  -13.43000      2.9747514E-04
  -13.42000      2.8112097E-04
  -13.41000      3.4967161E-04
  -13.40000      4.7846089E-04
  -13.39000      6.4637035E-04
  -13.38000      8.3318667E-04
  -13.37000      1.0224117E-03
  -13.36000      1.2005091E-03
  -13.35000      1.3559955E-03
  -13.34000      1.4816894E-03
  -13.33000      1.5718006E-03
  -13.32000      1.6241161E-03
  -13.31000      1.6381430E-03
  -13.30000      1.6155117E-03
  -13.29000      1.5594157E-03
  -13.28000      1.4740778E-03
  -13.27000      1.3650268E-03
  -13.26000      1.2376849E-03
  -13.25000      1.0983472E-03
  -13.24000      9.5275365E-04
  -13.23000      8.0638670E-04
  -13.22000      6.6474505E-04
  -13.21000      5.3141988E-04
  -13.20000      4.1042778E-04
  -13.19000      3.0405616E-04
  -13.18000      2.1419054E-04
  -13.17000      1.4164162E-04
  -13.16000      8.6431472E-05
  -13.15000      4.7942725E-05
  -13.14000      2.5047482E-05
  -13.13000      1.5974352E-05
  -13.12000      1.8763521E-05
  -13.11000      3.1135198E-05
  -13.10000      5.0875627E-05
  -13.09000      7.5638047E-05
  -13.08000      1.0342272E-04
  -13.07000      1.3234763E-04
  -13.06000      1.6090143E-04
  -13.05000      1.8801245E-04
  -13.04000      2.1278013E-04
  -13.03000      2.3492353E-04
  -13.02000      2.5429224E-04
  -13.01000      2.7117779E-04
  -13.00000      2.8615637E-04
  -12.99000      2.9980353E-04
  -12.98000      3.1295861E-04
  -12.97000      3.2650252E-04
  -12.96000      3.4118310E-04
  -12.95000      3.5783288E-04
  -12.94000      3.7701763E-04
  -12.93000      3.9916483E-04
  -12.92000      4.2448513E-04
  -12.91000      4.5297408E-04
  -12.90000      4.8425733E-04
  -12.89000      5.1799725E-04
  -12.88000      5.5327819E-04
  -12.87000      5.8943144E-04
  -12.86000      6.2523130E-04
  -12.85000      6.5961038E-04
  -12.84000      6.9147238E-04
  -12.83000      7.1958272E-04
  -12.82000      7.4301584E-04
  -12.81000      7.6071749E-04
  -12.80000      7.7197258E-04
  -12.79000      7.7620038E-04
  -12.78000      7.7305472E-04
  -12.77000      7.6237915E-04
  -12.76000      7.4422994E-04
  -12.75000      7.1908138E-04
  -12.74000      6.8732566E-04
  -12.73000      6.4983562E-04
  -12.72000      6.0747931E-04
  -12.71000      5.6131068E-04
  -12.70000      5.1264156E-04
  -12.69000      4.6245923E-04
  -12.68000      4.1214965E-04
  -12.67000      3.6271912E-04
  -12.66000      3.1534408E-04
  -12.65000      2.7087159E-04
  -12.64000      2.3013609E-04
  -12.63000      1.9363056E-04
  -12.62000      1.6186827E-04
  -12.61000      1.3495910E-04
  -12.60000      1.1301621E-04
  -12.59000      9.5830990E-05
  -12.58000      8.3099032E-05
  -12.57000      7.4391166E-05
  -12.56000      6.9117123E-05
  -12.55000      6.6662848E-05
  -12.54000      6.6326465E-05
  -12.53000      6.7435780E-05
  -12.52000      6.9311092E-05
  -12.51000      7.1352719E-05
  -12.50000      7.3016461E-05
  -12.49000      7.3864670E-05
  -12.48000      7.3562551E-05
  -12.47000      7.1903509E-05
  -12.46000      6.8797424E-05
  -12.45000      6.4268992E-05
  -12.44000      5.8473935E-05
  -12.43000      5.1639436E-05
  -12.42000      4.4100656E-05
  -12.41000      3.6238998E-05
  -12.40000      2.8446668E-05
  -12.39000      2.1187245E-05
  -12.38000      1.4840622E-05
  -12.37000      9.8323844E-06
  -12.36000      6.4774390E-06
  -12.35000      5.0644780E-06
  -12.34000      5.7993566E-06
  -12.33000      8.8002162E-06
  -12.32000      1.4121560E-05
  -12.31000      2.1697653E-05
  -12.30000      3.1428666E-05
  -12.29000      4.3105425E-05
  -12.28000      5.6444613E-05
  -12.27000      7.1188726E-05
  -12.26000      8.6926826E-05
  -12.25000      1.0339195E-04
  -12.24000      1.2016656E-04
  -12.23000      1.3694192E-04
  -12.22000      1.5339412E-04
  -12.21000      1.6928914E-04
  -12.20000      1.8435781E-04
  -12.19000      1.9852721E-04
  -12.18000      2.1160807E-04
  -12.17000      2.2362161E-04
  -12.16000      2.3455174E-04
  -12.15000      2.4446988E-04
  -12.14000      2.5348633E-04
  -12.13000      2.6176363E-04
  -12.12000      2.6947851E-04
  -12.11000      2.7683523E-04
  -12.10000      2.8398956E-04
  -12.09000      2.9115894E-04
  -12.08000      2.9850952E-04
  -12.07000      3.0618493E-04
  -12.06000      3.1432402E-04
  -12.05000      3.2299239E-04
  -12.04000      3.3225247E-04
  -12.03000      3.4213482E-04
  -12.02000      3.5260041E-04
  -12.01000      3.6364893E-04
  -12.00000      3.7514773E-04
  -11.99000      3.8704090E-04
  -11.98000      3.9921934E-04
  -11.97000      4.1153139E-04
  -11.96000      4.2389627E-04
  -11.95000      4.3612719E-04
  -11.94000      4.4807981E-04
  -11.93000      4.5967416E-04
  -11.92000      4.7070120E-04
  -11.91000      4.8107209E-04
  -11.90000      4.9058656E-04
  -11.89000      4.9913581E-04
  -11.88000      5.0657953E-04
  -11.87000      5.1273766E-04
  -11.86000      5.1747210E-04
  -11.85000      5.2060588E-04
  -11.84000      5.2198523E-04
  -11.83000      5.2143191E-04
  -11.82000      5.1878986E-04
  -11.81000      5.1387143E-04
  -11.80000      5.0655857E-04
  -11.79000      4.9671548E-04
  -11.78000      4.8420500E-04
  -11.77000      4.6903809E-04
  -11.76000      4.5117977E-04
  -11.75000      4.3064333E-04
  -11.74000      4.0763748E-04
  -11.73000      3.8220163E-04
  -11.72000      3.5471516E-04
  -11.71000      3.2541275E-04
  -11.70000      2.9470722E-04
  -11.69000      2.6297229E-04
  -11.68000      2.3077676E-04
  -11.67000      1.9858177E-04
  -11.66000      1.6710037E-04
  -11.65000      1.3679551E-04
  -11.64000      1.0835929E-04
  -11.63000      8.2360973E-05
  -11.62000      5.9312955E-05
  -11.61000      3.9800918E-05
  -11.60000      2.4111416E-05
  -11.59000      1.2621626E-05
  -11.58000      5.4781581E-06
  -11.57000      2.7626816E-06
  -11.56000      4.3802320E-06
  -11.55000      1.0130177E-05
  -11.54000      1.9674733E-05
  -11.53000      3.2523189E-05
  -11.52000      4.8112248E-05
  -11.51000      6.5748827E-05
  -11.50000      8.4668973E-05
  -11.49000      1.0414297E-04
  -11.48000      1.2326016E-04
  -11.47000      1.4131547E-04
  -11.46000      1.5752399E-04
  -11.45000      1.7124944E-04
  -11.44000      1.8195435E-04
  -11.43000      1.8917237E-04
  -11.42000      1.9265810E-04
  -11.41000      1.9227111E-04
  -11.40000      1.8803500E-04
  -11.39000      1.8015243E-04
  -11.38000      1.6896488E-04
  -11.37000      1.5496765E-04
  -11.36000      1.3873860E-04
  -11.35000      1.2103203E-04
  -11.34000      1.0254867E-04
  -11.33000      8.4179665E-05
  -11.32000      6.6529523E-05
  -11.31000      5.0323051E-05
  -11.30000      3.6173842E-05
  -11.29000      2.4576533E-05
  -11.28000      1.5833402E-05
  -11.27000      1.0146812E-05
  -11.26000      7.4972941E-06
  -11.25000      7.7325967E-06
  -11.24000      1.0513913E-05
  -11.23000      1.5384490E-05
  -11.22000      2.1752376E-05
  -11.21000      2.9005905E-05
  -11.20000      3.6457099E-05
  -11.19000      4.3490338E-05
  -11.18000      4.9543760E-05
  -11.17000      5.4217937E-05
  -11.16000      5.7255023E-05
  -11.15000      5.8659982E-05
  -11.14000      5.8676411E-05
  -11.13000      5.7843077E-05
  -11.12000      5.7021429E-05
  -11.11000      5.7326066E-05
  -11.10000      6.0212038E-05
  -11.09000      6.7310619E-05
  -11.08000      8.0479309E-05
  -11.07000      1.0168049E-04
  -11.06000      1.3289378E-04
  -11.05000      1.7603398E-04
  -11.04000      2.3293906E-04
  -11.03000      3.0496999E-04
  -11.02000      3.9365713E-04
  -11.01000      4.9922382E-04
  -11.00000      6.2231079E-04
  -10.99000      7.6223543E-04
  -10.98000      9.1786293E-04
  -10.97000      1.0877419E-03
  -10.96000      1.2685382E-03
  -10.95000      1.4576282E-03
  -10.94000      1.6506964E-03
  -10.93000      1.8432679E-03
  -10.92000      2.0307943E-03
  -10.91000      2.2074447E-03
  -10.90000      2.3685943E-03
  -10.89000      2.5086261E-03
  -10.88000      2.6226817E-03
  -10.87000      2.7062998E-03
  -10.86000      2.7554408E-03
  -10.85000      2.7672474E-03
  -10.84000      2.7398325E-03
  -10.83000      2.6723736E-03
  -10.82000      2.5654687E-03
  -10.81000      2.4211397E-03
  -10.80000      2.2429468E-03
  -10.79000      2.0349822E-03
  -10.78000      1.8040517E-03
  -10.77000      1.5561448E-03
  -10.76000      1.3003924E-03
  -10.75000      1.0448011E-03
  -10.74000      7.9890422E-04
  -10.73000      5.7195901E-04
  -10.72000      3.7384665E-04
  -10.71000      2.1295900E-04
  -10.70000      9.7951379E-05
  -10.69000      3.5189139E-05
  -10.68000      3.0462255E-05
  -10.67000      8.6897031E-05
  -10.66000      2.0621982E-04
  -10.65000      3.8680047E-04
  -10.64000      6.2638900E-04
  -10.63000      9.1851316E-04
  -10.62000      1.2558022E-03
  -10.61000      1.6278498E-03
  -10.60000      2.0237567E-03
  -10.59000      2.4288194E-03
  -10.58000      2.8306451E-03
  -10.57000      3.2118338E-03
  -10.56000      3.5586392E-03
  -10.55000      3.8554179E-03
  -10.54000      4.0882411E-03
  -10.53000      4.2454172E-03
  -10.52000      4.3179602E-03
  -10.51000      4.2989100E-03
  -10.50000      4.1848826E-03
  -10.49000      3.9767134E-03
  -10.48000      3.6791635E-03
  -10.47000      3.3022813E-03
  -10.46000      2.8601955E-03
  -10.45000      2.3710593E-03
  -10.44000      1.8608443E-03
  -10.43000      1.3552638E-03
  -10.42000      8.8750984E-04
  -10.41000      4.9077038E-04
  -10.40000      2.0170015E-04
  -10.39000      5.8216181E-05
  -10.38000      9.7718483E-05
  -10.37000      3.5732539E-04
  -10.36000      8.7190489E-04
  -10.35000      1.6748032E-03
  -10.34000      2.7937791E-03
  -10.33000      4.2503928E-03
  -10.32000      6.0672956E-03
  -10.31000      8.2472200E-03
  -10.30000      1.0800259E-02
  -10.29000      1.3713287E-02
  -10.28000      1.6970767E-02
  -10.27000      2.0555854E-02
  -10.26000      2.4424490E-02
  -10.25000      2.8546989E-02
  -10.24000      3.2863464E-02
  -10.23000      3.7322570E-02
  -10.22000      4.1862585E-02
  -10.21000      4.6420544E-02
  -10.20000      5.0915770E-02
  -10.19000      5.5293117E-02
  -10.18000      5.9459385E-02
  -10.17000      6.3361943E-02
  -10.16000      6.6924058E-02
  -10.15000      7.0077680E-02
  -10.14000      7.2778694E-02
  -10.13000      7.4965723E-02
  -10.12000      7.6609686E-02
  -10.11000      7.7671960E-02
  -10.10000      7.8131884E-02
  -10.09000      7.7983528E-02
  -10.08000      7.7224217E-02
  -10.07000      7.5861581E-02
  -10.06000      7.3916286E-02
  -10.05000      7.1428701E-02
  -10.04000      6.8431512E-02
  -10.03000      6.4981237E-02
  -10.02000      6.1140344E-02
  -10.01000      5.6967393E-02
  -10.00000      5.2567888E-02
  -9.990000      4.7969405E-02
  -9.980000      4.3274231E-02
  -9.970000      3.8555980E-02
  -9.960000      3.3890888E-02
  -9.950000      2.9350463E-02
  -9.940000      2.4999684E-02
  -9.930000      2.0897150E-02
  -9.920000      1.7094456E-02
  -9.910000      1.3632679E-02
  -9.900000      1.0546407E-02
  -9.890000      7.8569781E-03
  -9.880000      5.5777542E-03
  -9.870000      3.7120662E-03
  -9.860000      2.2533741E-03
  -9.850000      1.1871095E-03
  -9.840000      4.9015915E-04
  -9.830000      1.3213117E-04
  -9.820000      7.7128338E-05
  -9.810000      2.8402268E-04
  -9.800000      7.0834655E-04
  -9.790000      1.3035202E-03
  -9.780000      2.0222124E-03
  -9.770000      2.8176075E-03
  -9.760000      3.6448170E-03
  -9.750000      4.4620414E-03
  -9.740000      5.2320054E-03
  -9.730000      5.9218421E-03
  -9.720000      6.5053306E-03
  -9.710000      6.9614085E-03
  -9.700000      7.2763967E-03
  -9.690000      7.4420925E-03
  -9.680000      7.4568610E-03
  -9.670000      7.3252534E-03
  -9.660000      7.0563634E-03
  -9.650000      6.6648023E-03
  -9.640000      6.1678542E-03
  -9.630000      5.5868351E-03
  -9.620000      4.9447683E-03
  -9.610000      4.2661610E-03
  -9.600000      3.5753748E-03
  -9.590000      2.8966090E-03
  -9.580000      2.2524253E-03
  -9.570000      1.6632498E-03
  -9.560000      1.1466288E-03
  -9.550000      7.1690063E-04
  -9.540000      3.8446236E-04
  -9.530000      1.5590157E-04
  -9.520000      3.3730681E-05
  -9.510000      1.6544167E-05
  -9.500000      9.9383782E-05
  -9.490000      2.7388011E-04
  -9.480000      5.2899990E-04
  -9.470000      8.5120631E-04
  -9.460000      1.2254632E-03
  -9.450000      1.6357126E-03
  -9.440000      2.0653927E-03
  -9.430000      2.4982351E-03
  -9.420000      2.9185850E-03
  -9.410000      3.3123505E-03
  -9.400000      3.6666631E-03
  -9.390000      3.9715450E-03
  -9.380000      4.2187874E-03
  -9.370000      4.4030896E-03
  -9.360000      4.5215646E-03
  -9.350000      4.5741964E-03
  -9.340000      4.5633605E-03
  -9.330000      4.4938321E-03
  -9.320000      4.3722419E-03
  -9.310000      4.2067990E-03
  -9.300000      4.0070675E-03
  -9.290000      3.7829778E-03
  -9.280000      3.5451513E-03
  -9.270000      3.3035823E-03
  -9.260000      3.0679672E-03
  -9.250000      2.8467451E-03
  -9.240000      2.6471079E-03
  -9.230000      2.4748538E-03
  -9.220000      2.3337475E-03
  -9.210000      2.2259478E-03
  -9.200000      2.1518457E-03
  -9.190000      2.1099066E-03
  -9.180000      2.0971694E-03
  -9.170000      2.1091932E-03
  -9.160000      2.1404407E-03
  -9.150000      2.1845275E-03
  -9.140000      2.2346147E-03
  -9.130000      2.2836560E-03
  -9.120000      2.3248452E-03
  -9.110000      2.3519709E-03
  -9.100000      2.3595178E-03
  -9.090000      2.3432034E-03
  -9.080000      2.2999598E-03
  -9.070000      2.2282621E-03
  -9.060000      2.1278337E-03
  -9.050000      2.0001987E-03
  -9.040000      1.8481525E-03
  -9.030000      1.6756693E-03
  -9.020000      1.4879662E-03
  -9.010000      1.2910287E-03
  -9.000000      1.0913233E-03
  -8.990000      8.9575228E-04
  -8.980000      7.1114878E-04
  -8.970000      5.4396788E-04
  -8.960000      3.9996629E-04
  -8.950000      2.8420091E-04
  -8.940000      2.0042121E-04
  -8.930000      1.5125106E-04
  -8.920000      1.3770573E-04
  -8.910000      1.5941080E-04
  -8.900000      2.1445163E-04
  -8.890000      2.9950371E-04
  -8.880000      4.0992451E-04
  -8.870000      5.4002809E-04
  -8.860000      6.8324321E-04
  -8.850000      8.3248084E-04
  -8.840000      9.8027021E-04
  -8.830000      1.1194613E-03
  -8.820000      1.2431415E-03
  -8.810000      1.3452037E-03
  -8.800000      1.4204060E-03
  -8.790000      1.4648985E-03
  -8.780000      1.4760621E-03
  -8.770000      1.4529101E-03
  -8.760000      1.3961584E-03
  -8.750000      1.3078845E-03
  -8.740000      1.1919915E-03
  -8.730000      1.0536134E-03
  -8.720000      8.9929858E-04
  -8.710000      7.3642086E-04
  -8.700000      5.7318027E-04
  -8.690000      4.1820126E-04
  -8.680000      2.8010402E-04
  -8.670000      1.6709926E-04
  -8.660000      8.6836480E-05
  -8.650000      4.5919955E-05
  -8.640000      4.9660597E-05
  -8.630000      1.0178994E-04
  -8.620000      2.0434280E-04
  -8.610000      3.5749073E-04
  -8.600000      5.5956206E-04
  -8.590000      8.0698269E-04
  -8.580000      1.0944578E-03
  -8.570000      1.4150974E-03
  -8.560000      1.7607618E-03
  -8.550000      2.1220353E-03
  -8.540000      2.4888378E-03
  -8.530000      2.8507691E-03
  -8.520000      3.1972951E-03
  -8.510000      3.5182305E-03
  -8.500000      3.8040271E-03
  -8.490000      4.0459572E-03
  -8.480000      4.2372718E-03
  -8.470000      4.3722745E-03
  -8.460000      4.4472581E-03
  -8.450000      4.4605648E-03
  -8.440000      4.4126227E-03
  -8.430000      4.3058535E-03
  -8.420000      4.1446341E-03
  -8.410000      3.9350744E-03
  -8.400000      3.6847508E-03
  -8.390000      3.4026522E-03
  -8.380000      3.0983209E-03
  -8.370000      2.7820251E-03
  -8.360000      2.4639668E-03
  -8.350000      2.1542697E-03
  -8.340000      1.8621006E-03
  -8.330000      1.5958641E-03
  -8.320000      1.3625682E-03
  -8.310000      1.1678613E-03
  -8.300000      1.0155363E-03
  -8.290000      9.0772554E-04
  -8.280000      8.4458780E-04
  -8.270000      8.2455383E-04
  -8.260000      8.4423838E-04
  -8.250000      8.9881901E-04
  -8.240000      9.8200922E-04
  -8.230000      1.0866208E-03
  -8.220000      1.2047217E-03
  -8.210000      1.3280353E-03
  -8.200000      1.4482681E-03
  -8.190000      1.5576658E-03
  -8.180000      1.6491773E-03
  -8.170000      1.7167191E-03
  -8.160000      1.7556918E-03
  -8.150000      1.7628582E-03
  -8.140000      1.7367144E-03
  -8.130000      1.6774874E-03
  -8.120000      1.5869886E-03
  -8.110000      1.4686690E-03
  -8.100000      1.3274358E-03
  -8.090000      1.1693782E-03
  -8.080000      1.0015715E-03
  -8.070000      8.3165790E-04
  -8.060000      6.6770910E-04
  -8.050000      5.1757152E-04
  -8.040000      3.8878652E-04
  -8.030000      2.8797152E-04
  -8.020000      2.2080068E-04
  -8.010000      1.9146320E-04
  -8.000000      2.0255771E-04
  -7.990000      2.5492901E-04
  -7.980000      3.4757325E-04
  -7.970000      4.7770061E-04
  -7.960000      6.4073520E-04
  -7.950000      8.3060225E-04
  -7.940000      1.0398900E-03
  -7.930000      1.2601584E-03
  -7.920000      1.4823880E-03
  -7.910000      1.6971304E-03
  -7.900000      1.8953370E-03
  -7.890000      2.0680733E-03
  -7.880000      2.2077251E-03
  -7.870000      2.3076164E-03
  -7.860000      2.3628308E-03
  -7.850000      2.3702770E-03
  -7.840000      2.3286191E-03
  -7.830000      2.2390794E-03
  -7.820000      2.1047296E-03
  -7.810000      1.9309440E-03
  -7.800000      1.7249126E-03
  -7.790000      1.4956854E-03
  -7.780000      1.2536411E-03
  -7.770000      1.0102628E-03
  -7.760000      7.7741209E-04
  -7.750000      5.6722655E-04
  -7.740000      3.9131555E-04
  -7.730000      2.6041194E-04
  -7.720000      1.8385609E-04
  -7.710000      1.6929435E-04
  -7.700000      2.2212476E-04
  -7.690000      3.4546282E-04
  -7.680000      5.3989241E-04
  -7.670000      8.0313632E-04
  -7.660000      1.1305957E-03
  -7.650000      1.5147664E-03
  -7.640000      1.9460781E-03
  -7.630000      2.4126591E-03
  -7.620000      2.9012694E-03
  -7.610000      3.3971663E-03
  -7.600000      3.8848473E-03
  -7.590000      4.3490599E-03
  -7.580000      4.7744531E-03
  -7.570000      5.1471642E-03
  -7.560000      5.4544425E-03
  -7.550000      5.6861998E-03
  -7.540000      5.8342731E-03
  -7.530000      5.8937124E-03
  -7.520000      5.8624083E-03
  -7.510000      5.7413555E-03
  -7.500000      5.5348910E-03
  -7.490000      5.2500172E-03
  -7.480000      4.8967237E-03
  -7.470000      4.4867070E-03
  -7.460000      4.0342477E-03
  -7.450000      3.5541584E-03
  -7.440000      3.0625821E-03
  -7.430000      2.5755481E-03
  -7.420000      2.1086961E-03
  -7.410000      1.6764600E-03
  -7.400000      1.2917705E-03
  -7.390000      9.6561783E-04
  -7.380000      7.0623693E-04
  -7.370000      5.1912607E-04
  -7.360000      4.0667187E-04
  -7.350000      3.6813231E-04
  -7.340000      3.9971480E-04
  -7.330000      4.9463176E-04
  -7.320000      6.4358773E-04
  -7.310000      8.3499192E-04
  -7.300000      1.0556921E-03
  -7.290000      1.2914492E-03
  -7.280000      1.5277150E-03
  -7.270000      1.7501625E-03
  -7.260000      1.9455102E-03
  -7.250000      2.1020288E-03
  -7.240000      2.2101710E-03
  -7.230000      2.2629306E-03
  -7.220000      2.2563469E-03
  -7.210000      2.1897219E-03
  -7.200000      2.0657310E-03
  -7.190000      1.8901336E-03
  -7.180000      1.6722704E-03
  -7.170000      1.4240670E-03
  -7.160000      1.1598568E-03
  -7.150000      8.9605176E-04
  -7.140000      6.4985082E-04
  -7.130000      4.3920067E-04
  -7.120000      2.8131076E-04
  -7.110000      1.9229819E-04
  -7.100000      1.8598833E-04
  -7.090000      2.7355013E-04
  -7.080000      4.6240076E-04
  -7.070000      7.5595558E-04
  -7.060000      1.1534593E-03
  -7.050000      1.6491911E-03
  -7.040000      2.2327693E-03
  -7.030000      2.8895619E-03
  -7.020000      3.6009431E-03
  -7.010000      4.3443488E-03
  -7.000000      5.0946539E-03
  -6.990000      5.8246916E-03
  -6.980000      6.5059615E-03
  -6.970000      7.1106548E-03
  -6.960000      7.6119574E-03
  -6.950000      7.9855975E-03
  -6.940000      8.2111936E-03
  -6.930000      8.2728891E-03
  -6.920000      8.1620300E-03
  -6.910000      7.8758234E-03
  -6.900000      7.4198330E-03
  -6.890000      6.8074865E-03
  -6.880000      6.0610850E-03
  -6.870000      5.2108718E-03
  -6.860000      4.2952769E-03
  -6.850000      3.3600612E-03
  -6.840000      2.4571826E-03
  -6.830000      1.6436010E-03
  -6.820000      9.8029629E-04
  -6.810000      5.2960316E-04
  -6.800000      3.5538501E-04
  -6.790000      5.1893684E-04
  -6.780000      1.0790202E-03
  -6.770000      2.0891675E-03
  -6.760000      3.5962865E-03
  -6.750000      5.6379703E-03
  -6.740000      8.2418676E-03
  -6.730000      1.1425242E-02
  -6.720000      1.5189835E-02
  -6.710000      1.9528622E-02
  -6.700000      2.4414603E-02
  -6.690000      2.9811401E-02
  -6.680000      3.5666589E-02
  -6.670000      4.1915476E-02
  -6.660000      4.8482440E-02
  -6.650000      5.5280205E-02
  -6.640000      6.2218133E-02
  -6.630000      6.9194220E-02
  -6.620000      7.6106884E-02
  -6.610000      8.2850933E-02
  -6.600000      8.9325257E-02
  -6.590000      9.5428616E-02
  -6.580000      0.1010686    
  -6.570000      0.1061607    
  -6.560000      0.1106196    
  -6.550000      0.1143815    
  -6.540000      0.1173879    
  -6.530000      0.1195939    
  -6.520000      0.1209701    
  -6.510000      0.1214952    
  -6.500000      0.1211707    
  -6.490000      0.1200022    
  -6.480000      0.1180234    
  -6.470000      0.1152695    
  -6.460000      0.1117919    
  -6.450000      0.1076638    
  -6.440000      0.1029518    
  -6.430000      9.7741082E-02
  -6.420000      9.2121623E-02
  -6.410000      8.6184449E-02
  -6.400000      8.0021329E-02
  -6.390000      7.3726840E-02
  -6.380000      6.7385457E-02
  -6.370000      6.1082862E-02
  -6.360000      5.4898594E-02
  -6.350000      4.8899610E-02
  -6.340000      4.3147996E-02
  -6.330000      3.7695892E-02
  -6.320000      3.2586228E-02
  -6.310000      2.7851401E-02
  -6.300000      2.3515126E-02
  -6.290000      1.9592233E-02
  -6.280000      1.6089663E-02
  -6.270000      1.3004192E-02
  -6.260000      1.0329029E-02
  -6.250000      8.0463644E-03
  -6.240000      6.1360672E-03
  -6.230000      4.5724842E-03
  -6.220000      3.3259874E-03
  -6.210000      2.3650597E-03
  -6.200000      1.6561482E-03
  -6.190000      1.1649586E-03
  -6.180000      8.5806946E-04
  -6.170000      7.0256053E-04
  -6.160000      6.6762627E-04
  -6.150000      7.2473986E-04
  -6.140000      8.4808620E-04
  -6.130000      1.0149298E-03
  -6.120000      1.2055066E-03
  -6.110000      1.4033329E-03
  -6.100000      1.5949502E-03
  -6.090000      1.7698747E-03
  -6.080000      1.9201714E-03
  -6.070000      2.0403080E-03
  -6.060000      2.1270504E-03
  -6.050000      2.1788750E-03
  -6.040000      2.1957585E-03
  -6.030000      2.1790790E-03
  -6.020000      2.1309417E-03
  -6.010000      2.0545700E-03
  -6.000000      1.9533222E-03
  -5.990000      1.8311256E-03
  -5.980000      1.6920505E-03
  -5.970000      1.5402655E-03
  -5.960000      1.3798322E-03
  -5.950000      1.2148307E-03
  -5.940000      1.0492237E-03
  -5.930000      8.8692829E-04
  -5.920000      7.3157763E-04
  -5.910000      5.8687956E-04
  -5.900000      4.5629658E-04
  -5.890000      3.4327587E-04
  -5.880000      2.5110503E-04
  -5.870000      1.8293710E-04
  -5.860000      1.4167029E-04
  -5.850000      1.2996292E-04
  -5.840000      1.5007721E-04
  -5.830000      2.0382683E-04
  -5.820000      2.9248418E-04
  -5.810000      4.1668187E-04
  -5.800000      5.7628617E-04
  -5.790000      7.7042967E-04
  -5.780000      9.9732203E-04
  -5.770000      1.2543837E-03
  -5.760000      1.5382427E-03
  -5.750000      1.8447189E-03
  -5.740000      2.1690468E-03
  -5.730000      2.5056601E-03
  -5.720000      2.8486780E-03
  -5.710000      3.1917284E-03
  -5.700000      3.5285123E-03
  -5.690000      3.8525257E-03
  -5.680000      4.1574454E-03
  -5.670000      4.4371570E-03
  -5.660000      4.6862550E-03
  -5.650000      4.8997295E-03
  -5.640000      5.0733318E-03
  -5.630000      5.2037919E-03
  -5.620000      5.2887858E-03
  -5.610000      5.3269374E-03
  -5.600000      5.3180261E-03
  -5.590000      5.2632592E-03
  -5.580000      5.1642098E-03
  -5.570000      5.0239749E-03
  -5.560000      4.8464658E-03
  -5.550000      4.6361047E-03
  -5.540000      4.3982109E-03
  -5.530000      4.1379426E-03
  -5.520000      3.8610986E-03
  -5.510000      3.5731697E-03
  -5.500000      3.2797453E-03
  -5.490000      2.9855324E-03
  -5.480000      2.6952741E-03
  -5.470000      2.4129599E-03
  -5.460000      2.1418359E-03
  -5.450000      1.8847479E-03
  -5.440000      1.6435791E-03
  -5.430000      1.4198623E-03
  -5.420000      1.2144160E-03
  -5.410000      1.0275111E-03
  -5.400000      8.5921446E-04
  -5.390000      7.0905662E-04
  -5.380000      5.7648413E-04
  -5.370000      4.6071256E-04
  -5.360000      3.6093174E-04
  -5.350000      2.7635193E-04
  -5.340000      2.0623769E-04
  -5.330000      1.4998784E-04
  -5.320000      1.0710322E-04
  -5.310000      7.7243560E-05
  -5.300000      6.0153434E-05
  -5.290000      5.5689943E-05
  -5.280000      6.3692423E-05
  -5.270000      8.3977655E-05
  -5.260000      1.1626717E-04
  -5.250000      1.6008204E-04
  -5.240000      2.1472672E-04
  -5.230000      2.7916816E-04
  -5.220000      3.5208705E-04
  -5.210000      4.3173684E-04
  -5.200000      5.1606930E-04
  -5.190000      6.0266332E-04
  -5.180000      6.8885373E-04
  -5.170000      7.7174790E-04
  -5.160000      8.4841892E-04
  -5.150000      9.1599626E-04
  -5.140000      9.7172806E-04
  -5.130000      1.0133008E-03
  -5.120000      1.0389311E-03
  -5.110000      1.0473334E-03
  -5.100000      1.0381024E-03
  -5.090000      1.0115744E-03
  -5.080000      9.6902531E-04
  -5.070000      9.1260619E-04
  -5.060000      8.4529247E-04
  -5.050000      7.7094900E-04
  -5.040000      6.9404958E-04
  -5.030000      6.1971607E-04
  -5.020000      5.5339921E-04
  -5.010000      5.0078001E-04
  -5.000000      4.6750836E-04
  -4.990000      4.5895571E-04
  -4.980000      4.8001032E-04
  -4.970000      5.3474127E-04
  -4.960000      6.2629761E-04
  -4.950000      7.5658900E-04
  -4.940000      9.2608627E-04
  -4.930000      1.1340022E-03
  -4.920000      1.3777547E-03
  -4.910000      1.6534142E-03
  -4.900000      1.9554619E-03
  -4.890000      2.2774183E-03
  -4.880000      2.6113461E-03
  -4.870000      2.9489207E-03
  -4.860000      3.2810757E-03
  -4.850000      3.5986125E-03
  -4.840000      3.8927656E-03
  -4.830000      4.1549993E-03
  -4.820000      4.3777199E-03
  -4.810000      4.5544244E-03
  -4.800000      4.6801209E-03
  -4.790000      4.7511104E-03
  -4.780000      4.7656773E-03
  -4.770000      4.7239671E-03
  -4.760000      4.6280175E-03
  -4.750000      4.4816867E-03
  -4.740000      4.2906855E-03
  -4.730000      4.0624724E-03
  -4.720000      3.8054558E-03
  -4.710000      3.5295449E-03
  -4.700000      3.2447139E-03
  -4.690000      2.9613222E-03
  -4.680000      2.6894107E-03
  -4.670000      2.4381061E-03
  -4.660000      2.2152392E-03
  -4.650000      2.0273069E-03
  -4.640000      1.8785933E-03
  -4.630000      1.7715454E-03
  -4.620000      1.7063293E-03
  -4.610000      1.6811222E-03
  -4.600000      1.6918530E-03
  -4.590000      1.7326816E-03
  -4.580000      1.7962843E-03
  -4.570000      1.8739655E-03
  -4.560000      1.9564233E-03
  -4.550000      2.0339226E-03
  -4.540000      2.0970516E-03
  -4.530000      2.1370372E-03
  -4.520000      2.1464885E-03
  -4.510000      2.1196718E-03
  -4.500000      2.0530038E-03
  -4.490000      1.9455021E-03
  -4.480000      1.7987166E-03
  -4.470000      1.6169159E-03
  -4.460000      1.4070640E-03
  -4.450000      1.1785111E-03
  -4.440000      9.4242068E-04
  -4.430000      7.1182154E-04
  -4.420000      5.0049316E-04
  -4.410000      3.2265991E-04
  -4.400000      1.9214506E-04
  -4.390000      1.2179824E-04
  -4.380000      1.2278451E-04
  -4.370000      2.0392951E-04
  -4.360000      3.7107492E-04
  -4.350000      6.2683714E-04
  -4.340000      9.6986827E-04
  -4.330000      1.3950290E-03
  -4.320000      1.8925524E-03
  -4.310000      2.4493404E-03
  -4.300000      3.0480037E-03
  -4.290000      3.6686987E-03
  -4.280000      4.2885663E-03
  -4.270000      4.8833285E-03
  -4.260000      5.4286271E-03
  -4.250000      5.9004677E-03
  -4.240000      6.2769116E-03
  -4.230000      6.5389932E-03
  -4.220000      6.6716713E-03
  -4.210000      6.6652074E-03
  -4.200000      6.5144920E-03
  -4.190000      6.2218090E-03
  -4.180000      5.7951263E-03
  -4.170000      5.2495180E-03
  -4.160000      4.6061520E-03
  -4.150000      3.8920622E-03
  -4.140000      3.1406812E-03
  -4.130000      2.3900585E-03
  -4.120000      1.6812352E-03
  -4.110000      1.0578209E-03
  -4.100000      5.6477467E-04
  -4.090000      2.4531543E-04
  -4.080000      1.4036839E-04
  -4.070000      2.8596687E-04
  -4.060000      7.1164651E-04
  -4.050000      1.4385922E-03
  -4.040000      2.4792135E-03
  -4.030000      3.8344355E-03
  -4.020000      5.4960982E-03
  -4.010000      7.4431635E-03
  -4.000000      9.6454583E-03
  -3.990000      1.2061785E-02
  -3.980000      1.4644307E-02
  -3.970000      1.7333990E-02
  -3.960000      2.0069882E-02
  -3.950000      2.2784071E-02
  -3.940000      2.5407193E-02
  -3.930000      2.7868690E-02
  -3.920000      3.0100729E-02
  -3.910000      3.2039359E-02
  -3.900000      3.3626664E-02
  -3.890000      3.4814537E-02
  -3.880000      3.5564877E-02
  -3.870000      3.5852961E-02
  -3.860000      3.5669442E-02
  -3.850000      3.5018556E-02
  -3.840000      3.3921786E-02
  -3.830000      3.2413818E-02
  -3.820000      3.0545795E-02
  -3.810000      2.8376514E-02
  -3.800000      2.5974756E-02
  -3.790000      2.3419661E-02
  -3.780000      2.0788243E-02
  -3.770000      1.8159745E-02
  -3.760000      1.5609696E-02
  -3.750000      1.3209992E-02
  -3.740000      1.1022199E-02
  -3.730000      9.0984143E-03
  -3.720000      7.4795489E-03
  -3.710000      6.1921277E-03
  -3.700000      5.2496707E-03
  -3.690000      4.6496009E-03
  -3.680000      4.3762499E-03
  -3.670000      4.3987893E-03
  -3.660000      4.6744989E-03
  -3.650000      5.1492429E-03
  -3.640000      5.7612150E-03
  -3.630000      6.4441510E-03
  -3.620000      7.1291118E-03
  -3.610000      7.7505014E-03
  -3.600000      8.2473438E-03
  -3.590000      8.5685905E-03
  -3.580000      8.6744735E-03
  -3.570000      8.5401125E-03
  -3.560000      8.1568817E-03
  -3.550000      7.5321766E-03
  -3.540000      6.6923592E-03
  -3.530000      5.6797927E-03
  -3.520000      4.5533939E-03
  -3.510000      3.3871306E-03
  -3.500000      2.2653795E-03
  -3.490000      1.2825939E-03
  -3.480000      5.3690822E-04
  -3.470000      1.2659107E-04
  -3.460000      1.4514284E-04
  -3.450000      6.7530415E-04
  -3.440000      1.7834358E-03
  -3.430000      3.5144200E-03
  -3.420000      5.8889417E-03
  -3.410000      8.8967774E-03
  -3.400000      1.2500075E-02
  -3.390000      1.6626559E-02
  -3.380000      2.1177446E-02
  -3.370000      2.6023149E-02
  -3.360000      3.1012224E-02
  -3.350000      3.5971168E-02
  -3.340000      4.0714961E-02
  -3.330000      4.5047823E-02
  -3.320000      4.8777785E-02
  -3.310000      5.1715616E-02
  -3.300000      5.3689193E-02
  -3.290000      5.4549351E-02
  -3.280000      5.4192945E-02
  -3.270000      5.2552402E-02
  -3.260000      4.9623299E-02
  -3.250000      4.5468234E-02
  -3.240000      4.0221259E-02
  -3.230000      3.4098394E-02
  -3.220000      2.7393062E-02
  -3.210000      2.0479402E-02
  -3.200000      1.3804293E-02
  -3.190000      7.8776740E-03
  -3.180000      3.2619950E-03
  -3.170000      5.6280626E-04
  -3.160000      4.1527196E-04
  -3.150000      3.4659470E-03
  -3.140000      1.0359040E-02
  -3.130000      2.1732489E-02
  -3.120000      3.8186066E-02
  -3.110000      6.0278557E-02
  -3.100000      8.8485695E-02
  -3.090000      0.1232161    
  -3.080000      0.1647394    
  -3.070000      0.2132292    
  -3.060000      0.2686501    
  -3.050000      0.3308496    
  -3.040000      0.3994495    
  -3.030000      0.4739307    
  -3.020000      0.5535631    
  -3.010000      0.6374832    
  -3.000000      0.7247044    
  -2.990000      0.8141717    
  -2.980000      0.9046976    
  -2.970000      0.9951571    
  -2.960000       1.084314    
  -2.950000       1.171031    
  -2.940000       1.254105    
  -2.930000       1.332502    
  -2.920000       1.404965    
  -2.910000       1.470514    
  -2.900000       1.528028    
  -2.890000       1.576495    
  -2.880000       1.614976    
  -2.870000       1.642541    
  -2.860000       1.658517    
  -2.850000       1.662274    
  -2.840000       1.653584    
  -2.830000       1.632318    
  -2.820000       1.598683    
  -2.810000       1.553337    
  -2.800000       1.496999    
  -2.790000       1.430777    
  -2.780000       1.355972    
  -2.770000       1.274035    
  -2.760000       1.186449    
  -2.750000       1.094771    
  -2.740000       1.000485    
  -2.730000      0.9050512    
  -2.720000      0.8098182    
  -2.710000      0.7160650    
  -2.700000      0.6249152    
  -2.690000      0.5374119    
  -2.680000      0.4545650    
  -2.670000      0.3772435    
  -2.660000      0.3061505    
  -2.650000      0.2419764    
  -2.640000      0.1851834    
  -2.630000      0.1361506    
  -2.620000      9.5039561E-02
  -2.610000      6.1832212E-02
  -2.600000      3.6300492E-02
  -2.590000      1.8074837E-02
  -2.580000      6.5827938E-03
  -2.570000      1.1545708E-03
  -2.560000      1.0173353E-03
  -2.550000      5.3452896E-03
  -2.540000      1.3282302E-02
  -2.530000      2.3977188E-02
  -2.520000      3.6585193E-02
  -2.510000      5.0309364E-02
  -2.500000      6.4396076E-02
  -2.490000      7.8138016E-02
  -2.480000      9.0904184E-02
  -2.470000      0.1021499    
  -2.460000      0.1114261    
  -2.450000      0.1183845    
  -2.440000      0.1228037    
  -2.430000      0.1245850    
  -2.420000      0.1237559    
  -2.410000      0.1204468    
  -2.400000      0.1148956    
  -2.390000      0.1074159    
  -2.380000      9.8370209E-02
  -2.370000      8.8160127E-02
  -2.360000      7.7190146E-02
  -2.350000      6.5858774E-02
  -2.340000      5.4552935E-02
  -2.330000      4.3635130E-02
  -2.320000      3.3437535E-02
  -2.310000      2.4253281E-02
  -2.300000      1.6352529E-02
  -2.290000      9.9449297E-03
  -2.280000      5.1923473E-03
  -2.270000      2.1915075E-03
  -2.260000      9.7645697E-04
  -2.250000      1.5149318E-03
  -2.240000      3.7108778E-03
  -2.230000      7.4127787E-03
  -2.220000      1.2432420E-02
  -2.210000      1.8556088E-02
  -2.200000      2.5535906E-02
  -2.190000      3.3073734E-02
  -2.180000      4.0912762E-02
  -2.170000      4.8833985E-02
  -2.160000      5.6430880E-02
  -2.150000      6.3367732E-02
  -2.140000      6.9637090E-02
  -2.130000      7.5073823E-02
  -2.120000      7.9636455E-02
  -2.110000      8.3409511E-02
  -2.100000      8.6280741E-02
  -2.090000      8.7930173E-02
  -2.080000      8.7759450E-02
  -2.070000      8.5209876E-02
  -2.060000      8.0438271E-02
  -2.050000      7.5364001E-02
  -2.040000      7.3171489E-02
  -2.030000      7.2178535E-02
  -2.020000      6.8308994E-02
  -2.010000      6.1115354E-02
  -2.000000      5.2451767E-02
  -1.990000      4.3338217E-02
  -1.980000      3.6702801E-02
  -1.970000      3.2193623E-02
  -1.960000      2.7835649E-02
  -1.950000      2.3926474E-02
  -1.940000      2.0072374E-02
  -1.930000      1.5648855E-02
  -1.920000      1.2042292E-02
  -1.910000      9.6676666E-03
  -1.900000      7.9829656E-03
  -1.890000      6.9794506E-03
  -1.880000      7.5827143E-03
  -1.870000      1.0350602E-02
  -1.860000      1.2304297E-02
  -1.850000      1.0803988E-02
  -1.840000      1.1512442E-02
  -1.830000      1.1690991E-02
  -1.820000      8.3174771E-03
  -1.810000      9.7463671E-03
  -1.800000      1.5934525E-02
  -1.790000      2.0797862E-02
  -1.780000      1.7650196E-02
  -1.770000      9.6828425E-03
  -1.760000      5.1678871E-03
  -1.750000      4.2687738E-03
  -1.740000      5.0962293E-03
  -1.730000      7.1131787E-03
  -1.720000      8.0712577E-03
  -1.710000      9.0329638E-03
  -1.700000      8.7881116E-03
  -1.690000      5.4269135E-03
  -1.680000      1.8099415E-03
  -1.670000      6.5284729E-04
  -1.660000      4.8585131E-04
  -1.650000      4.0072319E-04
  -1.640000      2.1346366E-04
  -1.630000      1.1437653E-04
  -1.620000      1.8313777E-04
  -1.610000      3.7797130E-04
  -1.600000      3.5892290E-04
  -1.590000      7.7581767E-04
  -1.580000      3.8555178E-03
  -1.570000      1.5370610E-02
  -1.560000      2.5307275E-02
  -1.550000      1.6274426E-02
  -1.540000      9.8476717E-03
  -1.530000      6.8616820E-03
  -1.520000      4.0226337E-03
  -1.510000      3.3176914E-03
  -1.500000      2.9061474E-03
  -1.490000      3.8023312E-03
  -1.480000      4.7021667E-03
  -1.470000      4.8722229E-03
  -1.460000      4.6548126E-03
  -1.450000      3.7236947E-03
  -1.440000      2.2525436E-03
  -1.430000      1.5830429E-03
  -1.420000      1.1368161E-03
  -1.410000      7.1089918E-04
  -1.400000      6.8300177E-04
  -1.390000      9.5245428E-04
  -1.380000      9.9123816E-04
  -1.370000      6.2230235E-04
  -1.360000      5.6905713E-04
  -1.350000      7.0170627E-04
  -1.340000      8.5435231E-04
  -1.330000      1.3247387E-03
  -1.320000      2.4427900E-03
  -1.310000      3.1798095E-03
  -1.300000      4.9060984E-03
  -1.290000      7.0300340E-03
  -1.280000      5.0259572E-03
  -1.270000      1.5180289E-03
  -1.260000      5.2878598E-04
  -1.250000      3.9964361E-04
  -1.240000      4.2517239E-04
  -1.230000      3.9966326E-04
  -1.220000      3.5277134E-04
  -1.210000      3.1717162E-04
  -1.200000      2.9578252E-04
  -1.190000      2.9846063E-04
  -1.180000      3.1421139E-04
  -1.170000      3.3785685E-04
  -1.160000      3.6677899E-04
  -1.150000      3.7830084E-04
  -1.140000      4.1102929E-04
  -1.130000      3.6476867E-04
  -1.120000     -8.2238359E-05
  -1.110000      4.4776205E-04
  -1.100000      2.2584004E-02
  -1.090000      8.8355273E-02
  -1.080000      7.5569838E-02
  -1.070000      4.1499019E-02
  -1.060000      1.3297038E-02
  -1.050000      7.6570484E-04
  -1.040000      7.1173289E-04
  -1.030000      5.8322371E-04
  -1.020000      8.5482438E-04
  -1.010000      9.1837934E-04
  -1.000000      7.5406424E-04
 -0.9900000      1.9936103E-04
 -0.9800000      6.1245250E-05
 -0.9700000      4.3372760E-04
 -0.9600000      2.8978691E-03
 -0.9500000      4.7469148E-03
 -0.9400000      1.5925558E-03
 -0.9300000      3.0059140E-04
 -0.9200000      1.6394936E-04
 -0.9100000      2.2386285E-04
 -0.9000000      2.1770541E-04
 -0.8900000      8.7123175E-05
 -0.8800000      2.5985387E-04
 -0.8700000      3.9302467E-04
 -0.8600000      8.9376786E-05
 -0.8500000      3.6700971E-05
 -0.8400000      2.9297689E-05
 -0.8300000      2.6251799E-05
 -0.8200000      2.4419376E-05
 -0.8100000      1.6866094E-05
 -0.8000000      1.7746332E-05
 -0.7900000      1.9580964E-05
 -0.7800000      2.4366411E-05
 -0.7700000      2.8237735E-05
 -0.7600000      3.5378711E-05
 -0.7500000      5.4276876E-05
 -0.7400000      9.5466989E-05
 -0.7300000      1.5436207E-04
 -0.7200000      1.9571230E-04
 -0.7100000      7.5446842E-05
 -0.7000000      5.6442666E-05
 -0.6900000      4.8958031E-05
 -0.6800000      6.1892672E-05
 -0.6700000      1.0119151E-04
 -0.6600000      6.9993417E-05
 -0.6500000      6.5319880E-05
 -0.6400000      7.8037010E-05
 -0.6300000      6.8745445E-05
 -0.6200000      6.9735994E-05
 -0.6100000      9.3224837E-05
 -0.6000000      6.4648128E-05
 -0.5900000      6.8881971E-05
 -0.5800000      8.7905879E-04
 -0.5700000      1.2141893E-03
 -0.5600000      1.6296656E-04
 -0.5500000      8.9617561E-07
 -0.5400000      2.5195501E-05
 -0.5300000      6.6345558E-05
 -0.5200000      2.1943362E-05
 -0.5100000      2.1650435E-06
 -0.5000000      1.2657897E-05
 -0.4900000      1.0358646E-04
 -0.4800000      8.9726811E-05
 -0.4700000      1.8006787E-05
 -0.4600000      1.1836752E-05
 -0.4500000      1.9088717E-05
 -0.4400000      4.1820338E-05
 -0.4300000      9.1728849E-05
 -0.4200000      1.2798164E-04
 -0.4100000      9.5128460E-05
 -0.4000000      7.8687648E-05
 -0.3900000      9.1033646E-05
 -0.3800000      1.0197353E-04
 -0.3700000      8.9524496E-05
 -0.3600000      1.3589198E-04
 -0.3500000      1.5164419E-03
 -0.3400000      4.6295687E-03
 -0.3300000      1.5922533E-03
 -0.3200000      2.6091404E-04
 -0.3100000      2.2889700E-04
 -0.3000000      2.6992190E-04
 -0.2900000      2.8999912E-04
 -0.2800000      3.0268135E-04
 -0.2700000      3.1693949E-04
 -0.2600000      3.2944698E-04
 -0.2500000      3.3991682E-04
 -0.2400000      3.4857134E-04
 -0.2300000      3.5647940E-04
 -0.2200000      3.6133215E-04
 -0.2100000      3.6202325E-04
 -0.2000000      3.6091881E-04
 -0.1900000      3.5303144E-04
 -0.1800000      3.3720036E-04
 -0.1700000      3.1754575E-04
 -0.1600000      2.9361626E-04
 -0.1500000      2.6677232E-04
 -0.1400000      2.4067506E-04
 -0.1300000      2.1503375E-04
 -0.1200000      1.9033262E-04
 -0.1100000      1.6812103E-04
 -0.1000000      1.4833704E-04
 -9.0000004E-02  1.3103134E-04
 -7.9999998E-02  1.1635597E-04
 -7.0000000E-02  1.0220474E-04
 -5.9999999E-02  9.1430178E-05
 -5.0000001E-02  7.6426943E-05
 -3.9999999E-02  4.6101559E-05
 -2.9999999E-02  1.1298202E-04
 -2.0000000E-02  1.6360038E-03
 -9.9999998E-03  3.4642986E-03
  0.0000000E+00  7.7840127E-04
  9.9999998E-03  1.0211820E-05
  2.0000000E-02  6.2382264E-07
  2.9999999E-02  1.8988534E-05
  3.9999999E-02  1.9567160E-05
  5.0000001E-02  1.6726815E-05
  5.9999999E-02  1.6576963E-05
  7.0000000E-02  2.0264741E-05
  7.9999998E-02  1.5999745E-05
  9.0000004E-02  7.7976774E-06
  0.1000000      4.7084836E-06
  0.1100000      3.4647755E-06
  0.1200000      2.4939654E-06
  0.1300000      1.4335923E-05
  0.1400000      1.3860264E-04
  0.1500000      2.2106423E-04
  0.1600000      4.8699905E-05
  0.1700000      1.8638486E-05
  0.1800000      4.2522035E-05
  0.1900000      3.2752778E-04
  0.2000000      5.3687231E-04
  0.2100000      1.3508770E-04
  0.2200000     -2.4144265E-06
  0.2300000      1.3918272E-04
  0.2400000      3.1999366E-03
  0.2500000      5.4080598E-03
  0.2600000      6.9868221E-04
  0.2700000      4.2713356E-05
  0.2800000      1.6335175E-04
  0.2900000      2.3285585E-04
  0.3000000      1.6904084E-04
  0.3100000      1.4006571E-04
  0.3200000      1.5288110E-04
  0.3300000      1.4767000E-04
  0.3400000      1.2486037E-04
  0.3500000      1.1452801E-04
  0.3600000      1.4377166E-04
  0.3700000      1.0829805E-04
  0.3800000      7.0687696E-05
  0.3900000      7.2193470E-05
  0.4000000      9.8168988E-05
  0.4100000      5.6231300E-05
  0.4200000      3.1014864E-04
  0.4300000      4.9511553E-04
  0.4400000      7.0456103E-05
  0.4500000      5.0693161E-05
  0.4600000      6.6779954E-05
  0.4700000      8.0812599E-05
  0.4800000      1.5648846E-04
  0.4900000      2.1248481E-04
  0.5000000      3.3947197E-04
  0.5100000      5.1118765E-04
  0.5200000      6.2581029E-04
  0.5300000      1.2120703E-03
  0.5400000      1.2537130E-03
  0.5500000      5.8137220E-03
  0.5600000      1.9426826E-02
  0.5700000      6.7089093E-03
  0.5800000      4.8870309E-03
  0.5900000      6.6718413E-03
  0.6000000      3.4696895E-03
  0.6100000      3.5374442E-03
  0.6200000      3.1878375E-02
  0.6300000      6.3563026E-02
  0.6400000      1.4177291E-02
  0.6500000      3.2704351E-03
  0.6600000      4.8807100E-03
  0.6700000      8.3230818E-03
  0.6800000      6.2734736E-03
  0.6900000      5.1460504E-03
  0.7000000      4.3805139E-03
  0.7100000      4.3552187E-03
  0.7200000      4.9368278E-03
  0.7300000      1.0872217E-02
  0.7400000      2.8606541E-02
  0.7500000      3.2340512E-02
  0.7600000      2.9436732E-02
  0.7700000      1.3950365E-02
  0.7800000      9.8933466E-03
  0.7900000      8.4746610E-03
  0.8000000      7.6286737E-03
  0.8100000      6.7107361E-03
  0.8200000      5.9533245E-03
  0.8300000      5.2792546E-03
  0.8400000      4.4446983E-03
  0.8500000      4.9256138E-03
  0.8600000      7.2137611E-03
  0.8700000      5.2878447E-03
  0.8800000      4.4608125E-03
  0.8900000      4.4287546E-03
  0.9000000      6.3449102E-03
  0.9100000      8.4991707E-03
  0.9200000      7.7100098E-03
  0.9300000      4.9768849E-03
  0.9400000      3.3043551E-03
  0.9500000      3.0723279E-03
  0.9600000      3.1791693E-03
  0.9700000      5.3228945E-03
  0.9800000      3.9244415E-03
  0.9900000      1.9452708E-03
   1.000000      1.3217275E-03
   1.010000      1.1281772E-03
   1.020000      7.6363765E-04
   1.030000      7.0649403E-04
   1.040000      1.2304948E-03
   1.050000      1.3652866E-03
   1.060000      2.0828259E-03
   1.070000      2.9424916E-03
   1.080000      5.3564357E-03
   1.090000      8.5844882E-03
   1.100000      2.1189770E-03
   1.110000      1.1016009E-03
   1.120000      5.0812126E-03
   1.130000      8.1884779E-02
   1.140000      0.1218366    
   1.150000      3.5708264E-02
   1.160000      9.9275693E-02
   1.170000      0.2347159    
   1.180000      7.1815163E-02
   1.190000      3.3698878E-03
   1.200000      2.2801543E-03
   1.210000      3.7393491E-03
   1.220000      2.6723798E-03
   1.230000      2.2061758E-03
   1.240000      2.4380719E-03
   1.250000      2.4361964E-03
   1.260000      1.8176668E-03
   1.270000      2.8270187E-03
   1.280000      2.7779071E-03
   1.290000      2.9306069E-03
   1.300000      4.2394963E-03
   1.310000      5.5632032E-03
   1.320000      8.9386972E-03
   1.330000      1.1302342E-02
   1.340000      7.6311603E-03
   1.350000      2.8358568E-03
   1.360000      1.5916353E-03
   1.370000      1.6347335E-03
   1.380000      3.6274646E-03
   1.390000      1.4708169E-02
   1.400000      3.8882155E-02
   1.410000      4.2193424E-02
   1.420000      2.0460885E-02
   1.430000      9.5810732E-03
   1.440000      7.3006758E-03
   1.450000      7.6270108E-03
   1.460000      9.6934028E-03
   1.470000      1.1118600E-02
   1.480000      1.4900939E-02
   1.490000      1.9530125E-02
   1.500000      3.9667368E-02
   1.510000      0.1274122    
   1.520000      0.3412167    
   1.530000      0.3777887    
   1.540000      0.1613955    
   1.550000      4.7696136E-02
   1.560000      2.1379439E-02
   1.570000      1.5464328E-02
   1.580000      1.3075916E-02
   1.590000      1.5210879E-02
   1.600000      2.1226795E-02
   1.610000      2.5098456E-02
   1.620000      2.0106003E-02
   1.630000      1.6312094E-02
   1.640000      1.7653266E-02
   1.650000      3.0029079E-02
   1.660000      4.8062440E-02
   1.670000      6.5854505E-02
   1.680000      8.3985232E-02
   1.690000      7.7618212E-02
   1.700000      4.0427122E-02
   1.710000      1.5613785E-02
   1.720000      9.6680401E-03
   1.730000      8.6465906E-03
   1.740000      8.6920885E-03
   1.750000      1.0545594E-02
   1.760000      1.9821372E-02
   1.770000      2.8926471E-02
   1.780000      2.5040289E-02
   1.790000      1.3370304E-02
   1.800000      6.5917298E-03
   1.810000      5.2601662E-03
   1.820000      5.6614252E-03
   1.830000      7.8332741E-03
   1.840000      9.4708540E-03
   1.850000      7.9357093E-03
   1.860000      4.8032231E-03
   1.870000      2.6081041E-03
   1.880000      1.8162053E-03
   1.890000      1.3776156E-03
   1.900000      9.5130882E-04
   1.910000      6.1883486E-04
   1.920000      3.6494137E-04
   1.930000      2.0216886E-04
   1.940000      1.6926648E-04
   1.950000      2.7805092E-04
   1.960000      5.0525204E-04
   1.970000      8.3554519E-04
   1.980000      1.2749444E-03
   1.990000      1.8273857E-03
   2.000000      2.6089400E-03
   2.010000      3.6855359E-03
   2.020000      4.5780749E-03
   2.030000      4.9675861E-03
   2.040000      5.2369228E-03
   2.050000      5.7273228E-03
   2.060000      6.3880952E-03
   2.070000      6.9970959E-03
   2.080000      7.3748026E-03
   2.090000      7.5003160E-03
   2.100000      7.4578668E-03
   2.110000      7.2766817E-03
   2.120000      6.9488892E-03
   2.130000      6.4966180E-03
   2.140000      5.9498213E-03
   2.150000      5.3286520E-03
   2.160000      4.6557449E-03
   2.170000      3.9661322E-03
   2.180000      3.3002049E-03
   2.190000      2.6960194E-03
   2.200000      2.1946477E-03
   2.210000      1.8450541E-03
   2.220000      1.6956532E-03
   2.230000      1.7886895E-03
   2.240000      2.1625208E-03
   2.250000      2.8490101E-03
   2.260000      3.8691948E-03
   2.270000      5.2345586E-03
   2.280000      6.9497814E-03
   2.290000      9.0087177E-03
   2.300000      1.1393968E-02
   2.310000      1.4078673E-02
   2.320000      1.7033152E-02
   2.330000      2.0216387E-02
   2.340000      2.3586610E-02
   2.350000      2.7093763E-02
   2.360000      3.0679736E-02
   2.370000      3.4278590E-02
   2.380000      3.7818812E-02
   2.390000      4.1220870E-02
   2.400000      4.4400394E-02
   2.410000      4.7272779E-02
   2.420000      4.9757142E-02
   2.430000      5.1781058E-02
   2.440000      5.3289890E-02
   2.450000      5.4242935E-02
   2.460000      5.4621857E-02
   2.470000      5.4426793E-02
   2.480000      5.3679243E-02
   2.490000      5.2412730E-02
   2.500000      5.0673015E-02
   2.510000      4.8513442E-02
   2.520000      4.5992009E-02
   2.530000      4.3166954E-02
   2.540000      4.0097199E-02
   2.550000      3.6845338E-02
   2.560000      3.3467289E-02
   2.570000      3.0025879E-02
   2.580000      2.6580419E-02
   2.590000      2.3189431E-02
   2.600000      1.9912319E-02
   2.610000      1.6800303E-02
   2.620000      1.3902580E-02
   2.630000      1.1258706E-02
   2.640000      8.8995714E-03
   2.650000      6.8418956E-03
   2.660000      5.0934935E-03
   2.670000      3.6483321E-03
   2.680000      2.4922979E-03
   2.690000      1.6019902E-03
   2.700000      9.4893551E-04
   2.710000      5.0091092E-04
   2.720000      2.2298141E-04
   2.730000      8.0076541E-05
   2.740000      3.8604481E-05
   2.750000      6.7401066E-05
   2.760000      1.3898003E-04
   2.770000      2.3044978E-04
   2.780000      3.2419476E-04
   2.790000      4.0840905E-04
   2.800000      4.7724112E-04
   2.810000      5.3070841E-04
   2.820000      5.7421939E-04
   2.830000      6.1789417E-04
   2.840000      6.7540654E-04
   2.850000      7.6267991E-04
   2.860000      8.9677243E-04
   2.870000      1.0941771E-03
   2.880000      1.3696990E-03
   2.890000      1.7352975E-03
   2.900000      2.1987467E-03
   2.910000      2.7630411E-03
   2.920000      3.4257923E-03
   2.930000      4.1783866E-03
   2.940000      5.0062030E-03
   2.950000      5.8885091E-03
   2.960000      6.7987484E-03
   2.970000      7.7051651E-03
   2.980000      8.5728364E-03
   2.990000      9.3641561E-03
   3.000000      1.0041397E-02
   3.010000      1.0568600E-02
   3.020000      1.0914861E-02
   3.030000      1.1054116E-02
   3.040000      1.0969733E-02
   3.050000      1.0654014E-02
   3.060000      1.0110484E-02
   3.070000      9.3540577E-03
   3.080000      8.4097069E-03
   3.090000      7.3153134E-03
   3.100000      6.1172629E-03
   3.110000      4.8729572E-03
   3.120000      3.6464906E-03
   3.130000      2.5093425E-03
   3.140000      1.5381129E-03
   3.150000      8.1179611E-04
   3.160000      4.0961444E-04
   3.170000      4.0822075E-04
   3.180000      8.7941129E-04
   3.190000      1.8843596E-03
   3.200000      3.4726474E-03
   3.210000      5.6795757E-03
   3.220000      8.5218763E-03
   3.230000      1.1998211E-02
   3.240000      1.6085751E-02
   3.250000      2.0744344E-02
   3.260000      2.5913656E-02
   3.270000      3.1520259E-02
   3.280000      3.7472524E-02
   3.290000      4.3670520E-02
   3.300000      5.0003376E-02
   3.310000      5.6355629E-02
   3.320000      6.2606588E-02
   3.330000      6.8633467E-02
   3.340000      7.4313611E-02
   3.350000      7.9534277E-02
   3.360000      8.4177628E-02
   3.370000      8.8148966E-02
   3.380000      9.1354169E-02
   3.390000      9.3725130E-02
   3.400000      9.5207080E-02
   3.410000      9.5768988E-02
   3.420000      9.5408939E-02
   3.430000      9.4142891E-02
   3.440000      9.2014141E-02
   3.450000      8.9088328E-02
   3.460000      8.5453160E-02
   3.470000      8.1205063E-02
   3.480000      7.6456502E-02
   3.490000      7.1330108E-02
   3.500000      6.5941431E-02
   3.510000      6.0408521E-02
   3.520000      5.4843199E-02
   3.530000      4.9350243E-02
   3.540000      4.4021655E-02
   3.550000      3.8937066E-02
   3.560000      3.4162879E-02
   3.570000      2.9749705E-02
   3.580000      2.5734007E-02
   3.590000      2.2137808E-02
   3.600000      1.8967111E-02
   3.610000      1.6215816E-02
   3.620000      1.3863958E-02
   3.630000      1.1882667E-02
   3.640000      1.0232063E-02
   3.650000      8.8690901E-03
   3.660000      7.7442145E-03
   3.670000      6.8091713E-03
   3.680000      6.0175429E-03
   3.690000      5.3274622E-03
   3.700000      4.7027841E-03
   3.710000      4.1168942E-03
   3.720000      3.5519418E-03
   3.730000      3.0004391E-03
   3.740000      2.4647412E-03
   3.750000      1.9569553E-03
   3.760000      1.4972632E-03
   3.770000      1.1129500E-03
   3.780000      8.3598366E-04
   3.790000      7.0082716E-04
   3.800000      7.4158452E-04
   3.810000      9.8932080E-04
   3.820000      1.4686964E-03
   3.830000      2.1965418E-03
   3.840000      3.1782263E-03
   3.850000      4.4065244E-03
   3.860000      5.8606444E-03
   3.870000      7.5051398E-03
   3.880000      9.2916796E-03
   3.890000      1.1159437E-02
   3.900000      1.3036648E-02
   3.910000      1.4845992E-02
   3.920000      1.6503662E-02
   3.930000      1.7927941E-02
   3.940000      1.9037673E-02
   3.950000      1.9762116E-02
   3.960000      2.0041842E-02
   3.970000      1.9834625E-02
   3.980000      1.9118845E-02
   3.990000      1.7897308E-02
   4.000000      1.6205650E-02
   4.010000      1.4106698E-02
   4.020000      1.1700581E-02
   4.030000      9.1205817E-03
   4.040000      6.5359147E-03
   4.050000      4.1456148E-03
   4.060000      2.1792874E-03
   4.070000      8.8794739E-04
   4.080000      5.4102106E-04
   4.090000      1.4170291E-03
   4.100000      3.7967123E-03
   4.110000      7.9533597E-03
   4.120000      1.4151222E-02
   4.130000      2.2625327E-02
   4.140000      3.3586495E-02
   4.150000      4.7214963E-02
   4.160000      6.3633434E-02
   4.170000      8.2918093E-02
   4.180000      0.1050954    
   4.190000      0.1301253    
   4.200000      0.1578989    
   4.210000      0.1882316    
   4.220000      0.2208769    
   4.230000      0.2555017    
   4.240000      0.2917283    
   4.250000      0.3290866    
   4.260000      0.3670942    
   4.270000      0.4051798    
   4.280000      0.4428064    
   4.290000      0.4793610    
   4.300000      0.5142731    
   4.310000      0.5469862    
   4.320000      0.5769818    
   4.330000      0.6037713    
   4.340000      0.6269124    
   4.350000      0.6460505    
   4.360000      0.6608605    
   4.370000      0.6710918    
   4.380000      0.6765860    
   4.390000      0.6772410    
   4.400000      0.6730249    
   4.410000      0.6639777    
   4.420000      0.6502410    
   4.430000      0.6319917    
   4.440000      0.6095453    
   4.450000      0.5832167    
   4.460000      0.5534516    
   4.470000      0.5207428    
   4.480000      0.4856001    
   4.490000      0.4486173    
   4.500000      0.4103749    
   4.510000      0.3715164    
   4.520000      0.3326064    
   4.530000      0.2942323    
   4.540000      0.2569421    
   4.550000      0.2212131    
   4.560000      0.1874901    
   4.570000      0.1561168    
   4.580000      0.1273998    
   4.590000      0.1015407    
   4.600000      7.8704089E-02
   4.610000      5.8950014E-02
   4.620000      4.2293940E-02
   4.630000      2.8671080E-02
   4.640000      1.7969906E-02
   4.650000      1.0027706E-02
   4.660000      4.6324823E-03
   4.670000      1.5286338E-03
   4.680000      4.3658624E-04
   4.690000      1.0547248E-03
   4.700000      3.0648706E-03
   4.710000      6.1474964E-03
   4.720000      9.9873217E-03
   4.730000      1.4284696E-02
   4.740000      1.8759629E-02
   4.750000      2.3161203E-02
   4.760000      2.7271267E-02
   4.770000      3.0909389E-02
   4.780000      3.3934142E-02
   4.790000      3.6240336E-02
   4.800000      3.7765983E-02
   4.810000      3.8483053E-02
   4.820000      3.8399793E-02
   4.830000      3.7553508E-02
   4.840000      3.6008626E-02
   4.850000      3.3853263E-02
   4.860000      3.1194618E-02
   4.870000      2.8149551E-02
   4.880000      2.4846232E-02
   4.890000      2.1416666E-02
   4.900000      1.7988428E-02
   4.910000      1.4687309E-02
   4.920000      1.1624478E-02
   4.930000      8.9008193E-03
   4.940000      6.5985820E-03
   4.950000      4.7832234E-03
   4.960000      3.4971666E-03
   4.970000      2.7653098E-03
   4.980000      2.5917417E-03
   4.990000      2.9611292E-03
   5.000000      3.8418849E-03
   5.010000      5.1867217E-03
   5.020000      6.9365380E-03
   5.030000      9.0214489E-03
   5.040000      1.1364709E-02
   5.050000      1.3885243E-02
   5.060000      1.6499242E-02
   5.070000      1.9125361E-02
   5.080000      2.1682646E-02
   5.090000      2.4097947E-02
   5.100000      2.6304457E-02
   5.110000      2.8244020E-02
   5.120000      2.9871317E-02
   5.130000      3.1147907E-02
   5.140000      3.2052167E-02
   5.150000      3.2572195E-02
   5.160000      3.2706428E-02
   5.170000      3.2468431E-02
   5.180000      3.1877328E-02
   5.190000      3.0963134E-02
   5.200000      2.9761661E-02
   5.210000      2.8313763E-02
   5.220000      2.6664060E-02
   5.230000      2.4857992E-02
   5.240000      2.2942526E-02
   5.250000      2.0961484E-02
   5.260000      1.8957408E-02
   5.270000      1.6969685E-02
   5.280000      1.5034020E-02
   5.290000      1.3179568E-02
   5.300000      1.1433082E-02
   5.310000      9.8132873E-03
   5.320000      8.3362972E-03
   5.330000      7.0118485E-03
   5.340000      5.8446177E-03
   5.350000      4.8350259E-03
   5.360000      3.9795521E-03
   5.370000      3.2707574E-03
   5.380000      2.6986138E-03
   5.390000      2.2505089E-03
   5.400000      1.9126832E-03
   5.410000      1.6701622E-03
   5.420000      1.5077614E-03
   5.430000      1.4106003E-03
   5.440000      1.3643698E-03
   5.450000      1.3558958E-03
   5.460000      1.3732511E-03
   5.470000      1.4060503E-03
   5.480000      1.4454100E-03
   5.490000      1.4840708E-03
   5.500000      1.5162874E-03
   5.510000      1.5377330E-03
   5.520000      1.5455440E-03
   5.530000      1.5379126E-03
   5.540000      1.5140717E-03
   5.550000      1.4741351E-03
   5.560000      1.4189525E-03
   5.570000      1.3498262E-03
   5.580000      1.2684914E-03
   5.590000      1.1769696E-03
   5.600000      1.0773151E-03
   5.610000      9.7186718E-04
   5.620000      8.6285267E-04
   5.630000      7.5250008E-04
   5.640000      6.4291153E-04
   5.650000      5.3624593E-04
   5.660000      4.3448235E-04
   5.670000      3.3964313E-04
   5.680000      2.5359992E-04
   5.690000      1.7821790E-04
   5.700000      1.1526881E-04
   5.710000      6.6447406E-05
   5.720000      3.3333916E-05
   5.730000      1.7369914E-05
   5.740000      1.9769599E-05
   5.750000      4.1510622E-05
   5.760000      8.3235456E-05
   5.770000      1.4524386E-04
   5.780000      2.2742180E-04
   5.790000      3.2918353E-04
   5.800000      4.4950168E-04
   5.810000      5.8680383E-04
   5.820000      7.3908223E-04
   5.830000      9.0395141E-04
   5.840000      1.0785353E-03
   5.850000      1.2597709E-03
   5.860000      1.4441386E-03
   5.870000      1.6283201E-03
   5.880000      1.8085969E-03
   5.890000      1.9815839E-03
   5.900000      2.1438440E-03
   5.910000      2.2922731E-03
   5.920000      2.4240757E-03
   5.930000      2.5369995E-03
   5.940000      2.6291076E-03
   5.950000      2.6991384E-03
   5.960000      2.7464523E-03
   5.970000      2.7708954E-03
   5.980000      2.7730565E-03
   5.990000      2.7540450E-03
   6.000000      2.7156263E-03
   6.010000      2.6598910E-03
   6.020000      2.5894041E-03
   6.030000      2.5071865E-03
   6.040000      2.4160335E-03
   6.050000      2.3191918E-03
   6.060000      2.2195356E-03
   6.070000      2.1200138E-03
   6.080000      2.0231374E-03
   6.090000      1.9310320E-03
   6.100000      1.8455464E-03
   6.110000      1.7679901E-03
   6.120000      1.6992301E-03
   6.130000      1.6395862E-03
   6.140000      1.5889802E-03
   6.150000      1.5469717E-03
   6.160000      1.5126398E-03
   6.170000      1.4848443E-03
   6.180000      1.4622373E-03
   6.190000      1.4433494E-03
   6.200000      1.4265592E-03
   6.210000      1.4103830E-03
   6.220000      1.3933918E-03
   6.230000      1.3743216E-03
   6.240000      1.3521585E-03
   6.250000      1.3260761E-03
   6.260000      1.2956314E-03
   6.270000      1.2605840E-03
   6.280000      1.2209956E-03
   6.290000      1.1771943E-03
   6.300000      1.1296355E-03
   6.310000      1.0791188E-03
   6.320000      1.0263947E-03
   6.330000      9.7237900E-04
   6.340000      9.1797148E-04
   6.350000      8.6405769E-04
   6.360000      8.1145990E-04
   6.370000      7.6087960E-04
   6.380000      7.1294204E-04
   6.390000      6.6802913E-04
   6.400000      6.2648777E-04
   6.410000      5.8844010E-04
   6.420000      5.5389159E-04
   6.430000      5.2272942E-04
   6.440000      4.9474108E-04
   6.450000      4.6965521E-04
   6.460000      4.4714625E-04
   6.470000      4.2691935E-04
   6.480000      4.0863757E-04
   6.490000      3.9202801E-04
   6.500000      3.7689394E-04
   6.510000      3.6304657E-04
   6.520000      3.5040639E-04
   6.530000      3.3890357E-04
   6.540000      3.2853620E-04
   6.550000      3.1928951E-04
   6.560000      3.1114634E-04
   6.570000      3.0405805E-04
   6.580000      2.9789426E-04
   6.590000      2.9247298E-04
   6.600000      2.8748551E-04
   6.610000      2.8253905E-04
   6.620000      2.7713351E-04
   6.630000      2.7069676E-04
   6.640000      2.6260802E-04
   6.650000      2.5226589E-04
   6.660000      2.3912574E-04
   6.670000      2.2277499E-04
   6.680000      2.0303372E-04
   6.690000      1.8001121E-04
   6.700000      1.5421447E-04
   6.710000      1.2661409E-04
   6.720000      9.8707576E-05
   6.730000      7.2616087E-05
   6.740000      5.1039406E-05
   6.750000      3.7353944E-05
   6.760000      3.5555200E-05
   6.770000      5.0233335E-05
   6.780000      8.6487424E-05
   6.790000      1.4978998E-04
   6.800000      2.4597728E-04
   6.810000      3.8084350E-04
   6.820000      5.6028081E-04
   6.830000      7.8958168E-04
   6.840000      1.0737473E-03
   6.850000      1.4168504E-03
   6.860000      1.8218806E-03
   6.870000      2.2907993E-03
   6.880000      2.8237337E-03
   6.890000      3.4193008E-03
   6.900000      4.0747989E-03
   6.910000      4.7851019E-03
   6.920000      5.5442699E-03
   6.930000      6.3434565E-03
   6.940000      7.1733366E-03
   6.950000      8.0221882E-03
   6.960000      8.8780327E-03
   6.970000      9.7273616E-03
   6.980000      1.0556296E-02
   6.990000      1.1350714E-02
   7.000000      1.2095965E-02
   7.010000      1.2778889E-02
   7.020000      1.3385763E-02
   7.030000      1.3904668E-02
   7.040000      1.4325179E-02
   7.050000      1.4638626E-02
   7.060000      1.4838347E-02
   7.070000      1.4919538E-02
   7.080000      1.4880878E-02
   7.090000      1.4722606E-02
   7.100000      1.4448711E-02
   7.110000      1.4064438E-02
   7.120000      1.3578655E-02
   7.130000      1.3001998E-02
   7.140000      1.2346625E-02
   7.150000      1.1626191E-02
   7.160000      1.0855603E-02
   7.170000      1.0050280E-02
   7.180000      9.2252884E-03
   7.190000      8.3951298E-03
   7.200000      7.5742053E-03
   7.210000      6.7748083E-03
   7.220000      6.0084527E-03
   7.230000      5.2842954E-03
   7.240000      4.6099285E-03
   7.250000      3.9902995E-03
   7.260000      3.4292152E-03
   7.270000      2.9277646E-03
   7.280000      2.4856108E-03
   7.290000      2.1005145E-03
   7.300000      1.7689179E-03
   7.310000      1.4861115E-03
   7.320000      1.2466412E-03
   7.330000      1.0445884E-03
   7.340000      8.7396125E-04
   7.350000      7.2906801E-04
   7.360000      6.0477160E-04
   7.370000      4.9681746E-04
   7.380000      4.0191153E-04
   7.390000      3.1797175E-04
   7.400000      2.4412363E-04
   7.410000      1.8063163E-04
   7.420000      1.2886306E-04
   7.430000      9.1018061E-05
   7.440000      6.9894355E-05
   7.450000      6.8578156E-05
   7.460000      9.0108239E-05
   7.470000      1.3710133E-04
   7.480000      2.1139679E-04
   7.490000      3.1367023E-04
   7.500000      4.4325358E-04
   7.510000      5.9773435E-04
   7.520000      7.7302946E-04
   7.530000      9.6314581E-04
   7.540000      1.1605762E-03
   7.550000      1.3562532E-03
   7.560000      1.5398718E-03
   7.570000      1.7007533E-03
   7.580000      1.8281644E-03
   7.590000      1.9120008E-03
   7.600000      1.9437149E-03
   7.610000      1.9170117E-03
   7.620000      1.8286706E-03
   7.630000      1.6793933E-03
   7.640000      1.4747822E-03
   7.650000      1.2253955E-03
   7.660000      9.4804179E-04
   7.670000      6.6559127E-04
   7.680000      4.0759682E-04
   7.690000      2.0993641E-04
   7.700000      1.1491870E-04
   7.710000      1.7063084E-04
   7.720000      4.2988069E-04
   7.730000      9.4992795E-04
   7.740000      1.7901609E-03
   7.750000      3.0112581E-03
   7.760000      4.6732686E-03
   7.770000      6.8338593E-03
   7.780000      9.5449518E-03
   7.790000      1.2854032E-02
   7.800000      1.6797397E-02
   7.810000      2.1404862E-02
   7.820000      2.6689090E-02
   7.830000      3.2654461E-02
   7.840000      3.9288167E-02
   7.850000      4.6563305E-02
   7.860000      5.4433815E-02
   7.870000      6.2843427E-02
   7.880000      7.1712896E-02
   7.890000      8.0957457E-02
   7.900000      9.0468921E-02
   7.910000      0.1001238    
   7.920000      0.1097964    
   7.930000      0.1193457    
   7.940000      0.1286213    
   7.950000      0.1374770    
   7.960000      0.1457588    
   7.970000      0.1533220    
   7.980000      0.1600221    
   7.990000      0.1657351    
   8.000000      0.1703428    
   8.010000      0.1737467    
   8.020000      0.1758779    
   8.030000      0.1766817    
   8.040000      0.1761250    
   8.050000      0.1742083    
   8.060000      0.1709560    
   8.070000      0.1664099    
   8.080000      0.1606483    
   8.090000      0.1537575    
   8.100000      0.1458531    
   8.110000      0.1370698    
   8.120000      0.1275473    
   8.130000      0.1174525    
   8.140000      0.1069415    
   8.150000      9.6198976E-02
   8.160000      8.5391372E-02
   8.170000      7.4693993E-02
   8.180000      6.4275637E-02
   8.190000      5.4289918E-02
   8.200000      4.4886354E-02
   8.210000      3.6191441E-02
   8.220000      2.8309716E-02
   8.230000      2.1332923E-02
   8.240000      1.5324032E-02
   8.250000      1.0322892E-02
   8.260000      6.3402331E-03
   8.270000      3.3683493E-03
   8.280000      1.3719742E-03
   8.290000      2.9599131E-04
   8.300000      6.4926782E-05
   8.310000      5.8722048E-04
   8.320000      1.7576772E-03
   8.330000      3.4618382E-03
   8.340000      5.5764443E-03
   8.350000      7.9774708E-03
   8.360000      1.0539163E-02
   8.370000      1.3141590E-02
   8.380000      1.5669737E-02
   8.390000      1.8018778E-02
   8.400000      2.0095879E-02
   8.410000      2.1824758E-02
   8.420000      2.3143379E-02
   8.430000      2.4008637E-02
   8.440000      2.4396095E-02
   8.450000      2.4299307E-02
   8.460000      2.3730742E-02
   8.470000      2.2719154E-02
   8.480000      2.1309197E-02
   8.490000      1.9559382E-02
   8.500000      1.7540213E-02
   8.510000      1.5327389E-02
   8.520000      1.3005671E-02
   8.530000      1.0661991E-02
   8.540000      8.3826687E-03
   8.550000      6.2509011E-03
   8.560000      4.3457798E-03
   8.570000      2.7382779E-03
   8.580000      1.4909770E-03
   8.590000      6.5405492E-04
   8.600000      2.6579565E-04
   8.610000      3.5077060E-04
   8.620000      9.1953145E-04
   8.630000      1.9675663E-03
   8.640000      3.4773075E-03
   8.650000      5.4169260E-03
   8.660000      7.7436734E-03
   8.670000      1.0402064E-02
   8.680000      1.3329703E-02
   8.690000      1.6455611E-02
   8.700000      1.9706711E-02
   8.710000      2.3006247E-02
   8.720000      2.6275925E-02
   8.730000      2.9440522E-02
   8.740000      3.2431390E-02
   8.750000      3.5181545E-02
   8.760000      3.7635770E-02
   8.770000      3.9741337E-02
   8.780000      4.1462619E-02
   8.790000      4.2767499E-02
   8.800000      4.3636788E-02
   8.810000      4.4064671E-02
   8.820000      4.4049982E-02
   8.830000      4.3606456E-02
   8.840000      4.2754538E-02
   8.850000      4.1524410E-02
   8.860000      3.9951641E-02
   8.870000      3.8080778E-02
   8.880000      3.5959568E-02
   8.890000      3.3638496E-02
   8.900000      3.1168431E-02
   8.910000      2.8602773E-02
   8.920000      2.5992692E-02
   8.930000      2.3385173E-02
   8.940000      2.0825218E-02
   8.950000      1.8350430E-02
   8.960000      1.5995301E-02
   8.970000      1.3787151E-02
   8.980000      1.1747170E-02
   8.990000      9.8896986E-03
   9.000000      8.2233818E-03
   9.010000      6.7517413E-03
   9.020000      5.4733870E-03
   9.030000      4.3805363E-03
   9.040000      3.4634434E-03
   9.050000      2.7083459E-03
   9.060000      2.0996446E-03
   9.070000      1.6199668E-03
   9.080000      1.2513029E-03
   9.090000      9.7537646E-04
   9.100000      7.7466189E-04
   9.110000      6.3252478E-04
   9.120000      5.3408014E-04
   9.130000      4.6621085E-04
   9.140000      4.1795781E-04
   9.150000      3.8057091E-04
   9.160000      3.4753946E-04
   9.170000      3.1446991E-04
   9.180000      2.7889252E-04
   9.190000      2.4000453E-04
   9.200000      1.9841929E-04
   9.210000      1.5573838E-04
   9.220000      1.1426600E-04
   9.230000      7.6614131E-05
   9.240000      4.5450652E-05
   9.250000      2.3141087E-05
   9.260000      1.1557148E-05
   9.270000      1.1867324E-05
   9.280000      2.4432698E-05
   9.290000      4.8736067E-05
   9.300000      8.3411622E-05
   9.310000      1.2628260E-04
   9.320000      1.7456093E-04
   9.330000      2.2492631E-04
   9.340000      2.7385363E-04
   9.350000      3.1777017E-04
   9.360000      3.5329981E-04
   9.370000      3.7755480E-04
   9.380000      3.8835418E-04
   9.390000      3.8437158E-04
   9.400000      3.6532371E-04
   9.410000      3.3209324E-04
   9.420000      2.8666129E-04
   9.430000      2.3230014E-04
   9.440000      1.7330553E-04
   9.450000      1.1501455E-04
   9.460000      6.3534128E-05
   9.470000      2.5622703E-05
   9.480000      8.3087261E-06
   9.490000      1.8715880E-05
   9.500000      6.3690837E-05
   9.510000      1.4951192E-04
   9.520000      2.8166923E-04
   9.530000      4.6432659E-04
   9.540000      7.0042093E-04
   9.550000      9.9118275E-04
   9.560000      1.3361508E-03
   9.570000      1.7331068E-03
   9.580000      2.1778767E-03
   9.590000      2.6646461E-03
   9.600000      3.1859756E-03
   9.610000      3.7329742E-03
   9.620000      4.2954911E-03
   9.630000      4.8627476E-03
   9.640000      5.4230005E-03
   9.650000      5.9646093E-03
   9.660000      6.4754505E-03
   9.670000      6.9449013E-03
   9.680000      7.3618945E-03
   9.690000      7.7172057E-03
   9.700000      8.0023566E-03
   9.710000      8.2110623E-03
   9.720000      8.3387466E-03
   9.730000      8.3822599E-03
   9.740000      8.3411103E-03
   9.750000      8.2164155E-03
   9.760000      8.0118412E-03
   9.770000      7.7325488E-03
   9.780000      7.3853778E-03
   9.790000      6.9791856E-03
   9.800000      6.5235472E-03
   9.810000      6.0290098E-03
   9.820000      5.5067451E-03
   9.830000      4.9679303E-03
   9.840000      4.4235880E-03
   9.850000      3.8845353E-03
   9.860000      3.3604146E-03
   9.870000      2.8598050E-03
   9.880000      2.3905486E-03
   9.890000      1.9585628E-03
   9.900000      1.5685671E-03
   9.910000      1.2237178E-03
   9.920000      9.2557550E-04
   9.930000      6.7440077E-04
   9.940000      4.6897607E-04
   9.950000      3.0697524E-04
   9.960000      1.8493671E-04
   9.970000      9.8609831E-05
   9.980000      4.3161897E-05
   9.990000      1.3374040E-05
   10.00000      3.8035903E-06
   10.01000      9.1487773E-06
   10.02000      2.4433604E-05
   10.03000      4.5041426E-05
   10.04000      6.7053705E-05
   10.05000      8.7244589E-05
   10.06000      1.0317205E-04
   10.07000      1.1332374E-04
   10.08000      1.1691127E-04
   10.09000      1.1398963E-04
   10.10000      1.0530318E-04
   10.11000      9.2169692E-05
   10.12000      7.6334298E-05
   10.13000      5.9846436E-05
   10.14000      4.5003890E-05
   10.15000      3.3940349E-05
   10.16000      2.8793755E-05
   10.17000      3.1279738E-05
   10.18000      4.2812884E-05
   10.19000      6.4132946E-05
   10.20000      9.5594674E-05
   10.21000      1.3671996E-04
   10.22000      1.8660375E-04
   10.23000      2.4368768E-04
   10.24000      3.0589846E-04
   10.25000      3.7079811E-04
   10.26000      4.3574514E-04
   10.27000      4.9765006E-04
   10.28000      5.5378221E-04
   10.29000      6.0120440E-04
   10.30000      6.3758245E-04
   10.31000      6.6080957E-04
   10.32000      6.6939258E-04
   10.33000      6.6252961E-04
   10.34000      6.4018875E-04
   10.35000      6.0312863E-04
   10.36000      5.5271265E-04
   10.37000      4.9150048E-04
   10.38000      4.2225808E-04
   10.39000      3.4881348E-04
   10.40000      2.7525928E-04
   10.41000      2.0608676E-04
   10.42000      1.4630408E-04
   10.43000      1.0060416E-04
   10.44000      7.3736628E-05
   10.45000      7.0042966E-05
   10.46000      9.3421091E-05
   10.47000      1.4690863E-04
   10.48000      2.3264621E-04
   10.49000      3.5223737E-04
   10.50000      5.0541462E-04
   10.51000      6.9226045E-04
   10.52000      9.0987881E-04
   10.53000      1.1561835E-03
   10.54000      1.4265254E-03
   10.55000      1.7170813E-03
   10.56000      2.0224373E-03
   10.57000      2.3361095E-03
   10.58000      2.6509485E-03
   10.59000      2.9612374E-03
   10.60000      3.2584642E-03
   10.61000      3.5373967E-03
   10.62000      3.7911276E-03
   10.63000      4.0143817E-03
   10.64000      4.2017121E-03
   10.65000      4.3498389E-03
   10.66000      4.4546113E-03
   10.67000      4.5150169E-03
   10.68000      4.5297332E-03
   10.69000      4.4993008E-03
   10.70000      4.4251857E-03
   10.71000      4.3102354E-03
   10.72000      4.1575693E-03
   10.73000      3.9721900E-03
   10.74000      3.7585762E-03
   10.75000      3.5226422E-03
   10.76000      3.2697762E-03
   10.77000      3.0061649E-03
   10.78000      2.7366395E-03
   10.79000      2.4677040E-03
   10.80000      2.2030706E-03
   10.81000      1.9486380E-03
   10.82000      1.7071723E-03
   10.83000      1.4820429E-03
   10.84000      1.2761790E-03
   10.85000      1.0904833E-03
   10.86000      9.2650019E-04
   10.87000      7.8372983E-04
   10.88000      6.6164054E-04
   10.89000      5.5912614E-04
   10.90000      4.7436228E-04
   10.91000      4.0523848E-04
   10.92000      3.4950904E-04
   10.93000      3.0456638E-04
   10.94000      2.6818816E-04
   10.95000      2.3801177E-04
   10.96000      2.1206563E-04
   10.97000      1.8869762E-04
   10.98000      1.6654350E-04
   10.99000      1.4483990E-04
   11.00000      1.2313040E-04
   11.01000      1.0141879E-04
   11.02000      8.0174170E-05
   11.03000      6.0026949E-05
   11.04000      4.2090825E-05
   11.05000      2.7451488E-05
   11.06000      1.7370692E-05
   11.07000      1.3043901E-05
   11.08000      1.5528280E-05
   11.09000      2.5667447E-05
   11.10000      4.3900538E-05
   11.11000      7.0424059E-05
   11.12000      1.0481510E-04
   11.13000      1.4626377E-04
   11.14000      1.9357116E-04
   11.15000      2.4486045E-04
   11.16000      2.9838621E-04
   11.17000      3.5155637E-04
   11.18000      4.0205420E-04
   11.19000      4.4725623E-04
   11.20000      4.8482561E-04
   11.21000      5.1246019E-04
   11.22000      5.2836194E-04
   11.23000      5.3107372E-04
   11.24000      5.1996019E-04
   11.25000      4.9503782E-04
   11.26000      4.5718518E-04
   11.27000      4.0812299E-04
   11.28000      3.5085625E-04
   11.29000      2.8877080E-04
   11.30000      2.2673745E-04
   11.31000      1.6987749E-04
   11.32000      1.2443461E-04
   11.33000      9.6932927E-05
   11.34000      9.4314113E-05
   11.35000      1.2382968E-04
   11.36000      1.9246456E-04
   11.37000      3.0721302E-04
   11.38000      4.7398775E-04
   11.39000      6.9794542E-04
   11.40000      9.8392821E-04
   11.41000      1.3345128E-03
   11.42000      1.7515724E-03
   11.43000      2.2357067E-03
   11.44000      2.7846945E-03
   11.45000      3.3973295E-03
   11.46000      4.0667392E-03
   11.47000      4.7878642E-03
   11.48000      5.5533424E-03
   11.49000      6.3515608E-03
   11.50000      7.1745245E-03
   11.51000      8.0067134E-03
   11.52000      8.8368850E-03
   11.53000      9.6519068E-03
   11.54000      1.0436951E-02
   11.55000      1.1179716E-02
   11.56000      1.1866398E-02
   11.57000      1.2484926E-02
   11.58000      1.3024954E-02
   11.59000      1.3477079E-02
   11.60000      1.3832425E-02
   11.61000      1.4085878E-02
   11.62000      1.4231969E-02
   11.63000      1.4269827E-02
   11.64000      1.4198477E-02
   11.65000      1.4019635E-02
   11.66000      1.3737647E-02
   11.67000      1.3359244E-02
   11.68000      1.2889442E-02
   11.69000      1.2339326E-02
   11.70000      1.1717513E-02
   11.71000      1.1036189E-02
   11.72000      1.0306765E-02
   11.73000      9.5406212E-03
   11.74000      8.7489560E-03
   11.75000      7.9480773E-03
   11.76000      7.1458956E-03
   11.77000      6.3573113E-03
   11.78000      5.5910037E-03
   11.79000      4.8570856E-03
   11.80000      4.1662506E-03
   11.81000      3.5221665E-03
   11.82000      2.9336179E-03
   11.83000      2.4021349E-03
   11.84000      1.9312548E-03
   11.85000      1.5214208E-03
   11.86000      1.1724614E-03
   11.87000      8.8201411E-04
   11.88000      6.4829580E-04
   11.89000      4.6677361E-04
   11.90000      3.3364652E-04
   11.91000      2.4337546E-04
   11.92000      1.9067019E-04
   11.93000      1.6986334E-04
   11.94000      1.7515151E-04
   11.95000      2.0091938E-04
   11.96000      2.4173156E-04
   11.97000      2.9275438E-04
   11.98000      3.4930560E-04
   11.99000      4.0760997E-04
   12.00000      4.6425257E-04
   12.01000      5.1660615E-04
   12.02000      5.6265853E-04
   12.03000      6.0090754E-04
   12.04000      6.3055748E-04
   12.05000      6.5136218E-04
   12.06000      6.6343456E-04
   12.07000      6.6740683E-04
   12.08000      6.6413212E-04
   12.09000      6.5476395E-04
   12.10000      6.4056111E-04
   12.11000      6.2290416E-04
   12.12000      6.0302002E-04
   12.13000      5.8229227E-04
   12.14000      5.6182354E-04
   12.15000      5.4266548E-04
   12.16000      5.2562851E-04
   12.17000      5.1134179E-04
   12.18000      5.0033827E-04
   12.19000      4.9289333E-04
   12.20000      4.8906344E-04
   12.21000      4.8884202E-04
   12.22000      4.9200101E-04
   12.23000      4.9826573E-04
   12.24000      5.0727127E-04
   12.25000      5.1853928E-04
   12.26000      5.3170399E-04
   12.27000      5.4618384E-04
   12.28000      5.6165003E-04
   12.29000      5.7763210E-04
   12.30000      5.9375935E-04
   12.31000      6.0968753E-04
   12.32000      6.2507938E-04
   12.33000      6.3974742E-04
   12.34000      6.5339793E-04
   12.35000      6.6585967E-04
   12.36000      6.7690876E-04
   12.37000      6.8636227E-04
   12.38000      6.9401803E-04
   12.39000      6.9968658E-04
   12.40000      7.0313696E-04
   12.41000      7.0412073E-04
   12.42000      7.0245331E-04
   12.43000      6.9786375E-04
   12.44000      6.9011335E-04
   12.45000      6.7908195E-04
   12.46000      6.6452264E-04
   12.47000      6.4644584E-04
   12.48000      6.2475249E-04
   12.49000      5.9952686E-04
   12.50000      5.7093322E-04
   12.51000      5.3922663E-04
   12.52000      5.0474290E-04
   12.53000      4.6803147E-04
   12.54000      4.2947222E-04
   12.55000      3.8988737E-04
   12.56000      3.4993218E-04
   12.57000      3.1038740E-04
   12.58000      2.7217713E-04
   12.59000      2.3600704E-04
   12.60000      2.0285374E-04
   12.61000      1.7340909E-04
   12.62000      1.4838572E-04
   12.63000      1.2838333E-04
   12.64000      1.1382640E-04
   12.65000      1.0503852E-04
   12.66000      1.0210156E-04
   12.67000      1.0496648E-04
   12.68000      1.1339394E-04
   12.69000      1.2690896E-04
   12.70000      1.4494000E-04
   12.71000      1.6662516E-04
   12.72000      1.9114348E-04
   12.73000      2.1741605E-04
   12.74000      2.4434627E-04
   12.75000      2.7088579E-04
   12.76000      2.9584553E-04
   12.77000      3.1834180E-04
   12.78000      3.3732381E-04
   12.79000      3.5204238E-04
   12.80000      3.6184798E-04
   12.81000      3.6629796E-04
   12.82000      3.6511334E-04
   12.83000      3.5824793E-04
   12.84000      3.4591905E-04
   12.85000      3.2847869E-04
   12.86000      3.0656994E-04
   12.87000      2.8096946E-04
   12.88000      2.5255204E-04
   12.89000      2.2253602E-04
   12.90000      1.9186475E-04
   12.91000      1.6184965E-04
   12.92000      1.3349415E-04
   12.93000      1.0794991E-04
   12.94000      8.6167500E-05
   12.95000      6.9000715E-05
   12.96000      5.7100489E-05
   12.97000      5.1009836E-05
   12.98000      5.0992861E-05
   12.99000      5.7178127E-05
   13.00000      6.9431764E-05
   13.01000      8.7532695E-05
   13.02000      1.1087440E-04
   13.03000      1.3898153E-04
   13.04000      1.7124003E-04
   13.05000      2.0678593E-04
   13.06000      2.4500102E-04
   13.07000      2.8499853E-04
   13.08000      3.2617318E-04
   13.09000      3.6795338E-04
   13.10000      4.0977009E-04
   13.11000      4.5144025E-04
   13.12000      4.9269543E-04
   13.13000      5.3359522E-04
   13.14000      5.7440216E-04
   13.15000      6.1543647E-04
   13.16000      6.5729074E-04
   13.17000      7.0054643E-04
   13.18000      7.4593478E-04
   13.19000      7.9422788E-04
   13.20000      8.4621581E-04
   13.21000      9.0244843E-04
   13.22000      9.6369913E-04
   13.23000      1.0300464E-03
   13.24000      1.1020852E-03
   13.25000      1.1794886E-03
   13.26000      1.2619792E-03
   13.27000      1.3491119E-03
   13.28000      1.4397118E-03
   13.29000      1.5329865E-03
   13.30000      1.6272281E-03
   13.31000      1.7210760E-03
   13.32000      1.8125247E-03
   13.33000      1.8998943E-03
   13.34000      1.9810055E-03
   13.35000      2.0542159E-03
   13.36000      2.1172510E-03
   13.37000      2.1687043E-03
   13.38000      2.2068531E-03
   13.39000      2.2304780E-03
   13.40000      2.2386741E-03
   13.41000      2.2308817E-03
   13.42000      2.2068105E-03
   13.43000      2.1669343E-03
   13.44000      2.1115958E-03
   13.45000      2.0418330E-03
   13.46000      1.9589311E-03
   13.47000      1.8646100E-03
   13.48000      1.7603250E-03
   13.49000      1.6485975E-03
   13.50000      1.5311991E-03
   13.51000      1.4108386E-03
   13.52000      1.2896192E-03
   13.53000      1.1695515E-03
   13.54000      1.0532580E-03
   13.55000      9.4210025E-04
   13.56000      8.3822361E-04
   13.57000      7.4262213E-04
   13.58000      6.5621932E-04
   13.59000      5.7987287E-04
   13.60000      5.1366223E-04
   13.61000      4.5758352E-04
   13.62000      4.1124606E-04
   13.63000      3.7387310E-04
   13.64000      3.4469276E-04
   13.65000      3.2249410E-04
   13.66000      3.0611313E-04
   13.67000      2.9424590E-04
   13.68000      2.8557342E-04
   13.69000      2.7893990E-04
   13.70000      2.7320179E-04
   13.71000      2.6744796E-04
   13.72000      2.6095330E-04
   13.73000      2.5316491E-04
   13.74000      2.4385622E-04
   13.75000      2.3294578E-04
   13.76000      2.2062528E-04
   13.77000      2.0721945E-04
   13.78000      1.9324443E-04
   13.79000      1.7932735E-04
   13.80000      1.6616768E-04
   13.81000      1.5439662E-04
   13.82000      1.4468694E-04
   13.83000      1.3746963E-04
   13.84000      1.3310926E-04
   13.85000      1.3178433E-04
   13.86000      1.3343843E-04
   13.87000      1.3784117E-04
   13.88000      1.4449071E-04
   13.89000      1.5277640E-04
   13.90000      1.6185478E-04
   13.91000      1.7084424E-04
   13.92000      1.7878965E-04
   13.93000      1.8476268E-04
   13.94000      1.8800212E-04
   13.95000      1.8790014E-04
   13.96000      1.8416009E-04
   13.97000      1.7684010E-04
   13.98000      1.6643341E-04
   13.99000      1.5392656E-04
   14.00000      1.4075467E-04
   14.01000      1.2902869E-04
   14.02000      1.2123920E-04
   14.03000      1.2052988E-04
   14.04000      1.3033191E-04
   14.05000      1.5461183E-04
   14.06000      1.9736784E-04
   14.07000      2.6293821E-04
   14.08000      3.5536074E-04
   14.09000      4.7860848E-04
   14.10000      6.3663139E-04
   14.11000      8.3235314E-04
   14.12000      1.0681328E-03
   14.13000      1.3463113E-03
   14.14000      1.6665887E-03
   14.15000      2.0303219E-03
   14.16000      2.4349249E-03
   14.17000      2.8780478E-03
   14.18000      3.3563522E-03
   14.19000      3.8633998E-03
   14.20000      4.3944935E-03
   14.21000      4.9409051E-03
   14.22000      5.4946709E-03
   14.23000      6.0474239E-03
   14.24000      6.5888604E-03
   14.25000      7.1104011E-03
   14.26000      7.6019666E-03
   14.27000      8.0550043E-03
   14.28000      8.4600728E-03
   14.29000      8.8105928E-03
   14.30000      9.0978164E-03
   14.31000      9.3175862E-03
   14.32000      9.4643412E-03
   14.33000      9.5362561E-03
   14.34000      9.5314290E-03
   14.35000      9.4502969E-03
   14.36000      9.2949616E-03
   14.37000      9.0693524E-03
   14.38000      8.7770270E-03
   14.39000      8.4253754E-03
   14.40000      8.0207428E-03
   14.41000      7.5721103E-03
   14.42000      7.0874300E-03
   14.43000      6.5767462E-03
   14.44000      6.0480111E-03
   14.45000      5.5134618E-03
   14.46000      4.9799103E-03
   14.47000      4.4574896E-03
   14.48000      3.9537610E-03
   14.49000      3.4741815E-03
   14.50000      3.0269767E-03
   14.51000      2.6136350E-03
   14.52000      2.2393614E-03
   14.53000      1.9037885E-03
   14.54000      1.6082980E-03
   14.55000      1.3516662E-03
   14.56000      1.1323337E-03
   14.57000      9.4688701E-04
   14.58000      7.9284969E-04
   14.59000      6.6557364E-04
   14.60000      5.6161097E-04
   14.61000      4.7657319E-04
   14.62000      4.0637905E-04
   14.63000      3.4778295E-04
   14.64000      2.9731565E-04
   14.65000      2.5234523E-04
   14.66000      2.1123234E-04
   14.67000      1.7263937E-04
   14.68000      1.3632049E-04
   14.69000      1.0239265E-04
   14.70000      7.1633542E-05
   14.71000      4.5311059E-05
   14.72000      2.4840387E-05
   14.73000      1.1922809E-05
   14.74000      8.0080108E-06
   14.75000      1.4417611E-05
   14.76000      3.1957356E-05
   14.77000      6.0993774E-05
   14.78000      1.0112351E-04
   14.79000      1.5125437E-04
   14.80000      2.0962011E-04
   14.81000      2.7368011E-04
   14.82000      3.4017590E-04
   14.83000      4.0557288E-04
   14.84000      4.6562534E-04
   14.85000      5.1654415E-04
   14.86000      5.5432197E-04
   14.87000      5.7576154E-04
   14.88000      5.7847251E-04
   14.89000      5.6144787E-04
   14.90000      5.2507367E-04
   14.91000      4.7179931E-04
   14.92000      4.0613150E-04
   14.93000      3.3492813E-04
   14.94000      2.6747465E-04
   14.95000      2.1559252E-04
   14.96000      1.9357540E-04
   14.97000      2.1808721E-04
   14.98000      3.0772793E-04
   14.99000      4.8303560E-04
   15.00000      7.6512538E-04
   15.01000      1.1774204E-03
   15.02000      1.7396521E-03
   15.03000      2.4760475E-03
   15.04000      3.4041030E-03
   15.05000      4.5441072E-03
   15.06000      5.9084608E-03
   15.07000      7.5095305E-03
   15.08000      9.3532456E-03
   15.09000      1.1447525E-02
   15.10000      1.3778405E-02
   15.11000      1.6345207E-02
   15.12000      1.9122694E-02
   15.13000      2.2088017E-02
   15.14000      2.5220357E-02
   15.15000      2.8470196E-02
   15.16000      3.1807743E-02
   15.17000      3.5176985E-02
   15.18000      3.8535088E-02
   15.19000      4.1832149E-02
   15.20000      4.5009840E-02
   15.21000      4.8016127E-02
   15.22000      5.0799802E-02
   15.23000      5.3304672E-02
   15.24000      5.5487167E-02
   15.25000      5.7297878E-02
   15.26000      5.8696449E-02
   15.27000      5.9653699E-02
   15.28000      6.0138989E-02
   15.29000      6.0136907E-02
   15.30000      5.9641372E-02
   15.31000      5.8654331E-02
   15.32000      5.7183970E-02
   15.33000      5.5256538E-02
   15.34000      5.2897338E-02
   15.35000      5.0150897E-02
   15.36000      4.7063846E-02
   15.37000      4.3690138E-02
   15.38000      4.0088873E-02
   15.39000      3.6330607E-02
   15.40000      3.2476112E-02
   15.41000      2.8608007E-02
   15.42000      2.4781745E-02
   15.43000      2.1069497E-02
   15.44000      1.7538290E-02
   15.45000      1.4247528E-02
   15.46000      1.1223165E-02
   15.47000      8.5193235E-03
   15.48000      6.1640330E-03
   15.49000      4.1919863E-03
   15.50000      2.6066233E-03
   15.51000      1.4193575E-03
   15.52000      6.2154670E-04
   15.53000      1.9925086E-04
   15.54000      1.2849318E-04
   15.55000      3.7652045E-04
   15.56000      9.0343237E-04
   15.57000      1.6649944E-03
   15.58000      2.6109058E-03
   15.59000      3.6902798E-03
   15.60000      4.8466087E-03
   15.61000      6.0334653E-03
   15.62000      7.1925302E-03
   15.63000      8.2821213E-03
   15.64000      9.2544286E-03
   15.65000      1.0074799E-02
   15.66000      1.0713331E-02
   15.67000      1.1145867E-02
   15.68000      1.1359301E-02
   15.69000      1.1347829E-02
   15.70000      1.1114153E-02
   15.71000      1.0668400E-02
   15.72000      1.0029689E-02
   15.73000      9.2240125E-03
   15.74000      8.2809944E-03
   15.75000      7.2406102E-03
   15.76000      6.1383913E-03
   15.77000      5.0229020E-03
   15.78000      3.9370512E-03
   15.79000      2.9255105E-03
   15.80000      2.0342285E-03
   15.81000      1.3013874E-03
   15.82000      7.6627184E-04
   15.83000      4.5833984E-04
   15.84000      4.0391056E-04
   15.85000      6.2014017E-04
   15.86000      1.1194603E-03
   15.87000      1.9041842E-03
   15.88000      2.9697120E-03
   15.89000      4.3061879E-03
   15.90000      5.8971248E-03
   15.91000      7.7130599E-03
   15.92000      9.7279167E-03
   15.93000      1.1898323E-02
   15.94000      1.4190476E-02
   15.95000      1.6558023E-02
   15.96000      1.8951241E-02
   15.97000      2.1332083E-02
   15.98000      2.3642661E-02
   15.99000      2.5851499E-02
   16.00000      2.7908567E-02
   16.01000      2.9779200E-02
   16.02000      3.1427380E-02
   16.03000      3.2827724E-02
   16.04000      3.3955056E-02
   16.05000      3.4794580E-02
   16.06000      3.5334166E-02
   16.07000      3.5572603E-02
   16.08000      3.5511032E-02
   16.09000      3.5161920E-02
   16.10000      3.4535311E-02
   16.11000      3.3656985E-02
   16.12000      3.2543123E-02
   16.13000      3.1228384E-02
   16.14000      2.9735249E-02
   16.15000      2.8096480E-02
   16.16000      2.6343731E-02
   16.17000      2.4510209E-02
   16.18000      2.2620028E-02
   16.19000      2.0712167E-02
   16.20000      1.8807285E-02
   16.21000      1.6938105E-02
   16.22000      1.5127165E-02
   16.23000      1.3389032E-02
   16.24000      1.1753300E-02
   16.25000      1.0224166E-02
   16.26000      8.8079646E-03
   16.27000      7.5188647E-03
   16.28000      6.3538118E-03
   16.29000      5.3191558E-03
   16.30000      4.4099316E-03
   16.31000      3.6214173E-03
   16.32000      2.9483018E-03
   16.33000      2.3800598E-03
   16.34000      1.9096781E-03
   16.35000      1.5252321E-03
   16.36000      1.2166977E-03
   16.37000      9.7297493E-04
   16.38000      7.8388944E-04
   16.39000      6.3953234E-04
   16.40000      5.3115725E-04
   16.41000      4.5039464E-04
   16.42000      3.9044634E-04
   16.43000      3.4525874E-04
   16.44000      3.1001458E-04
   16.45000      2.8095601E-04
   16.46000      2.5515354E-04
   16.47000      2.3072399E-04
   16.48000      2.0651374E-04
   16.49000      1.8196143E-04
   16.50000      1.5711479E-04
   16.51000      1.3225083E-04
   16.52000      1.0796890E-04
   16.53000      8.4972598E-05
   16.54000      6.3944986E-05
   16.55000      4.5517925E-05
   16.56000      3.0204421E-05
   16.57000      1.8303514E-05
   16.58000      1.0015482E-05
   16.59000      5.2596897E-06
   16.60000      3.8599342E-06
   16.61000      5.4623115E-06
   16.62000      9.6636841E-06
   16.63000      1.5977090E-05
   16.64000      2.3999706E-05
   16.65000      3.3337863E-05
   16.66000      4.3788339E-05
   16.67000      5.5255812E-05
   16.68000      6.7880195E-05
   16.69000      8.1987986E-05
   16.70000      9.8191129E-05
   16.71000      1.1718744E-04
   16.72000      1.3998027E-04
   16.73000      1.6763220E-04
   16.74000      2.0127195E-04
   16.75000      2.4229677E-04
   16.76000      2.9168840E-04
   16.77000      3.5071286E-04
   16.78000      4.2016024E-04
   16.79000      5.0080917E-04
   16.80000      5.9320504E-04
   16.81000      6.9735968E-04
   16.82000      8.1305491E-04
   16.83000      9.3983236E-04
   16.84000      1.0764310E-03
   16.85000      1.2216752E-03
   16.86000      1.3733185E-03
   16.87000      1.5286190E-03
   16.88000      1.6856848E-03
   16.89000      1.8419984E-03
   16.90000      1.9947789E-03
   16.91000      2.1408533E-03
   16.92000      2.2773119E-03
   16.93000      2.4015324E-03
   16.94000      2.5108084E-03
   16.95000      2.6031258E-03
   16.96000      2.6764432E-03
   16.97000      2.7290776E-03
   16.98000      2.7602422E-03
   16.99000      2.7691037E-03
   17.00000      2.7553109E-03
   17.01000      2.7201893E-03
   17.02000      2.6637784E-03
   17.03000      2.5786913E-03
   17.04000      2.4962195E-03
   17.05000      2.4260448E-03
   17.06000      2.3296671E-03
   17.07000      2.1690542E-03
   17.08000      1.9982620E-03
   17.09000      1.8587228E-03
   17.10000      1.7195902E-03
   17.11000      1.5752102E-03
   17.12000      1.4410627E-03
   17.13000      1.3067668E-03
   17.14000      1.1785587E-03
   17.15000      1.0610881E-03
   17.16000      9.5388712E-04
   17.17000      8.5225515E-04
   17.18000      7.6351856E-04
   17.19000      6.7763921E-04
   17.20000      6.0847611E-04
   17.21000      5.5402773E-04
   17.22000      4.9842178E-04
   17.23000      4.5129264E-04
   17.24000      4.3031611E-04
   17.25000      4.2688762E-04
   17.26000      4.1109003E-04
   17.27000      3.8025758E-04
   17.28000      3.6236751E-04
   17.29000      3.5274384E-04
   17.30000      3.4338719E-04
   17.31000      3.3741447E-04
   17.32000      3.3319477E-04
   17.33000      3.2734525E-04
   17.34000      3.2303701E-04
   17.35000      3.2124328E-04
   17.36000      3.2197149E-04
   17.37000      3.2073463E-04
   17.38000      3.1834163E-04
   17.39000      3.1300783E-04
   17.40000      3.1214848E-04
   17.41000      3.1296210E-04
   17.42000      3.0775226E-04
   17.43000      3.0812304E-04
   17.44000      3.0663310E-04
   17.45000      3.0733296E-04
   17.46000      3.0814379E-04
   17.47000      3.0749201E-04
   17.48000      3.0591653E-04
   17.49000      3.0562517E-04
   17.50000      3.0429996E-04
