 -3.5000E+01  7.9336E-05
 -3.4988E+01  8.0602E-05
 -3.4976E+01  8.1280E-05
 -3.4964E+01  8.1357E-05
 -3.4952E+01  8.0835E-05
 -3.4940E+01  7.9733E-05
 -3.4929E+01  7.8082E-05
 -3.4917E+01  7.5929E-05
 -3.4905E+01  7.3329E-05
 -3.4893E+01  7.0348E-05
 -3.4881E+01  6.7059E-05
 -3.4869E+01  6.3536E-05
 -3.4857E+01  5.9857E-05
 -3.4845E+01  5.6098E-05
 -3.4833E+01  5.2329E-05
 -3.4821E+01  4.8616E-05
 -3.4809E+01  4.5016E-05
 -3.4798E+01  4.1578E-05
 -3.4786E+01  3.8339E-05
 -3.4774E+01  3.5325E-05
 -3.4762E+01  3.2552E-05
 -3.4750E+01  3.0025E-05
 -3.4738E+01  2.7738E-05
 -3.4726E+01  2.5679E-05
 -3.4714E+01  2.3827E-05
 -3.4702E+01  2.2155E-05
 -3.4690E+01  2.0637E-05
 -3.4678E+01  1.9240E-05
 -3.4667E+01  1.7937E-05
 -3.4655E+01  1.6700E-05
 -3.4643E+01  1.5507E-05
 -3.4631E+01  1.4340E-05
 -3.4619E+01  1.3188E-05
 -3.4607E+01  1.2045E-05
 -3.4595E+01  1.0911E-05
 -3.4583E+01  9.7946E-06
 -3.4571E+01  8.7062E-06
 -3.4559E+01  7.6617E-06
 -3.4547E+01  6.6796E-06
 -3.4536E+01  5.7793E-06
 -3.4524E+01  4.9800E-06
 -3.4512E+01  4.2987E-06
 -3.4500E+01  3.7495E-06
 -3.4488E+01  3.3418E-06
 -3.4476E+01  3.0799E-06
 -3.4464E+01  2.9622E-06
 -3.4452E+01  2.9811E-06
 -3.4440E+01  3.1232E-06
 -3.4428E+01  3.3698E-06
 -3.4416E+01  3.6979E-06
 -3.4405E+01  4.0813E-06
 -3.4393E+01  4.4919E-06
 -3.4381E+01  4.9010E-06
 -3.4369E+01  5.2814E-06
 -3.4357E+01  5.6084E-06
 -3.4345E+01  5.8612E-06
 -3.4333E+01  6.0243E-06
 -3.4321E+01  6.0881E-06
 -3.4309E+01  6.0496E-06
 -3.4297E+01  5.9124E-06
 -3.4285E+01  5.6864E-06
 -3.4274E+01  5.3874E-06
 -3.4262E+01  5.0358E-06
 -3.4250E+01  4.6554E-06
 -3.4238E+01  4.2722E-06
 -3.4226E+01  3.9125E-06
 -3.4214E+01  3.6012E-06
 -3.4202E+01  3.3605E-06
 -3.4190E+01  3.2085E-06
 -3.4178E+01  3.1578E-06
 -3.4166E+01  3.2147E-06
 -3.4154E+01  3.3791E-06
 -3.4143E+01  3.6438E-06
 -3.4131E+01  3.9953E-06
 -3.4119E+01  4.4145E-06
 -3.4107E+01  4.8774E-06
 -3.4095E+01  5.3573E-06
 -3.4083E+01  5.8254E-06
 -3.4071E+01  6.2534E-06
 -3.4059E+01  6.6149E-06
 -3.4047E+01  6.8869E-06
 -3.4035E+01  7.0517E-06
 -3.4023E+01  7.0976E-06
 -3.4012E+01  7.0201E-06
 -3.4000E+01  6.8220E-06
 -3.3988E+01  6.5133E-06
 -3.3976E+01  6.1111E-06
 -3.3964E+01  5.6382E-06
 -3.3952E+01  5.1222E-06
 -3.3940E+01  4.5935E-06
 -3.3928E+01  4.0838E-06
 -3.3916E+01  3.6240E-06
 -3.3904E+01  3.2425E-06
 -3.3892E+01  2.9629E-06
 -3.3881E+01  2.8031E-06
 -3.3869E+01  2.7736E-06
 -3.3857E+01  2.8772E-06
 -3.3845E+01  3.1081E-06
 -3.3833E+01  3.4527E-06
 -3.3821E+01  3.8903E-06
 -3.3809E+01  4.3939E-06
 -3.3797E+01  4.9322E-06
 -3.3785E+01  5.4717E-06
 -3.3773E+01  5.9783E-06
 -3.3761E+01  6.4198E-06
 -3.3750E+01  6.7682E-06
 -3.3738E+01  7.0013E-06
 -3.3726E+01  7.1044E-06
 -3.3714E+01  7.0714E-06
 -3.3702E+01  6.9058E-06
 -3.3690E+01  6.6204E-06
 -3.3678E+01  6.2367E-06
 -3.3666E+01  5.7842E-06
 -3.3654E+01  5.2984E-06
 -3.3642E+01  4.8189E-06
 -3.3630E+01  4.3869E-06
 -3.3619E+01  4.0427E-06
 -3.3607E+01  3.8230E-06
 -3.3595E+01  3.7590E-06
 -3.3583E+01  3.8736E-06
 -3.3571E+01  4.1806E-06
 -3.3559E+01  4.6833E-06
 -3.3547E+01  5.3740E-06
 -3.3535E+01  6.2353E-06
 -3.3523E+01  7.2401E-06
 -3.3511E+01  8.3544E-06
 -3.3499E+01  9.5391E-06
 -3.3488E+01  1.0753E-05
 -3.3476E+01  1.1957E-05
 -3.3464E+01  1.3115E-05
 -3.3452E+01  1.4200E-05
 -3.3440E+01  1.5195E-05
 -3.3428E+01  1.6095E-05
 -3.3416E+01  1.6910E-05
 -3.3404E+01  1.7667E-05
 -3.3392E+01  1.8405E-05
 -3.3380E+01  1.9179E-05
 -3.3368E+01  2.0054E-05
 -3.3357E+01  2.1104E-05
 -3.3345E+01  2.2406E-05
 -3.3333E+01  2.4040E-05
 -3.3321E+01  2.6077E-05
 -3.3309E+01  2.8580E-05
 -3.3297E+01  3.1597E-05
 -3.3285E+01  3.5155E-05
 -3.3273E+01  3.9262E-05
 -3.3261E+01  4.3896E-05
 -3.3249E+01  4.9010E-05
 -3.3237E+01  5.4529E-05
 -3.3226E+01  6.0356E-05
 -3.3214E+01  6.6366E-05
 -3.3202E+01  7.2420E-05
 -3.3190E+01  7.8363E-05
 -3.3178E+01  8.4036E-05
 -3.3166E+01  8.9278E-05
 -3.3154E+01  9.3935E-05
 -3.3142E+01  9.7869E-05
 -3.3130E+01  1.0096E-04
 -3.3118E+01  1.0312E-04
 -3.3106E+01  1.0427E-04
 -3.3095E+01  1.0441E-04
 -3.3083E+01  1.0352E-04
 -3.3071E+01  1.0165E-04
 -3.3059E+01  9.8869E-05
 -3.3047E+01  9.5290E-05
 -3.3035E+01  9.1038E-05
 -3.3023E+01  8.6260E-05
 -3.3011E+01  8.1116E-05
 -3.2999E+01  7.5770E-05
 -3.2987E+01  7.0383E-05
 -3.2976E+01  6.5103E-05
 -3.2964E+01  6.0060E-05
 -3.2952E+01  5.5361E-05
 -3.2940E+01  5.1085E-05
 -3.2928E+01  4.7279E-05
 -3.2916E+01  4.3958E-05
 -3.2904E+01  4.1108E-05
 -3.2892E+01  3.8688E-05
 -3.2880E+01  3.6633E-05
 -3.2868E+01  3.4863E-05
 -3.2856E+01  3.3288E-05
 -3.2845E+01  3.1816E-05
 -3.2833E+01  3.0361E-05
 -3.2821E+01  2.8849E-05
 -3.2809E+01  2.7226E-05
 -3.2797E+01  2.5461E-05
 -3.2785E+01  2.3550E-05
 -3.2773E+01  2.1520E-05
 -3.2761E+01  1.9423E-05
 -3.2749E+01  1.7339E-05
 -3.2737E+01  1.5368E-05
 -3.2725E+01  1.3626E-05
 -3.2714E+01  1.2237E-05
 -3.2702E+01  1.1325E-05
 -3.2690E+01  1.1007E-05
 -3.2678E+01  1.1385E-05
 -3.2666E+01  1.2541E-05
 -3.2654E+01  1.4531E-05
 -3.2642E+01  1.7381E-05
 -3.2630E+01  2.1088E-05
 -3.2618E+01  2.5622E-05
 -3.2606E+01  3.0932E-05
 -3.2594E+01  3.6946E-05
 -3.2583E+01  4.3591E-05
 -3.2571E+01  5.0794E-05
 -3.2559E+01  5.8498E-05
 -3.2547E+01  6.6675E-05
 -3.2535E+01  7.5336E-05
 -3.2523E+01  8.4541E-05
 -3.2511E+01  9.4408E-05
 -3.2499E+01  1.0512E-04
 -3.2487E+01  1.1691E-04
 -3.2475E+01  1.3008E-04
 -3.2463E+01  1.4500E-04
 -3.2452E+01  1.6206E-04
 -3.2440E+01  1.8168E-04
 -3.2428E+01  2.0427E-04
 -3.2416E+01  2.3025E-04
 -3.2404E+01  2.5996E-04
 -3.2392E+01  2.9370E-04
 -3.2380E+01  3.3164E-04
 -3.2368E+01  3.7385E-04
 -3.2356E+01  4.2023E-04
 -3.2344E+01  4.7054E-04
 -3.2332E+01  5.2435E-04
 -3.2321E+01  5.8107E-04
 -3.2309E+01  6.3993E-04
 -3.2297E+01  6.9999E-04
 -3.2285E+01  7.6021E-04
 -3.2273E+01  8.1938E-04
 -3.2261E+01  8.7626E-04
 -3.2249E+01  9.2954E-04
 -3.2237E+01  9.7794E-04
 -3.2225E+01  1.0202E-03
 -3.2213E+01  1.0551E-03
 -3.2201E+01  1.0818E-03
 -3.2190E+01  1.0992E-03
 -3.2178E+01  1.1069E-03
 -3.2166E+01  1.1044E-03
 -3.2154E+01  1.0916E-03
 -3.2142E+01  1.0687E-03
 -3.2130E+01  1.0363E-03
 -3.2118E+01  9.9507E-04
 -3.2106E+01  9.4605E-04
 -3.2094E+01  8.9052E-04
 -3.2082E+01  8.2993E-04
 -3.2070E+01  7.6588E-04
 -3.2059E+01  7.0004E-04
 -3.2047E+01  6.3411E-04
 -3.2035E+01  5.6972E-04
 -3.2023E+01  5.0844E-04
 -3.2011E+01  4.5164E-04
 -3.1999E+01  4.0052E-04
 -3.1987E+01  3.5601E-04
 -3.1975E+01  3.1877E-04
 -3.1963E+01  2.8918E-04
 -3.1951E+01  2.6731E-04
 -3.1939E+01  2.5294E-04
 -3.1928E+01  2.4558E-04
 -3.1916E+01  2.4448E-04
 -3.1904E+01  2.4870E-04
 -3.1892E+01  2.5715E-04
 -3.1880E+01  2.6863E-04
 -3.1868E+01  2.8190E-04
 -3.1856E+01  2.9576E-04
 -3.1844E+01  3.0906E-04
 -3.1832E+01  3.2082E-04
 -3.1820E+01  3.3024E-04
 -3.1808E+01  3.3673E-04
 -3.1797E+01  3.3996E-04
 -3.1785E+01  3.3988E-04
 -3.1773E+01  3.3671E-04
 -3.1761E+01  3.3091E-04
 -3.1749E+01  3.2321E-04
 -3.1737E+01  3.1454E-04
 -3.1725E+01  3.0600E-04
 -3.1713E+01  2.9880E-04
 -3.1701E+01  2.9424E-04
 -3.1689E+01  2.9358E-04
 -3.1677E+01  2.9805E-04
 -3.1666E+01  3.0876E-04
 -3.1654E+01  3.2663E-04
 -3.1642E+01  3.5237E-04
 -3.1630E+01  3.8645E-04
 -3.1618E+01  4.2903E-04
 -3.1606E+01  4.7999E-04
 -3.1594E+01  5.3890E-04
 -3.1582E+01  6.0504E-04
 -3.1570E+01  6.7741E-04
 -3.1558E+01  7.5477E-04
 -3.1546E+01  8.3569E-04
 -3.1535E+01  9.1856E-04
 -3.1523E+01  1.0017E-03
 -3.1511E+01  1.0833E-03
 -3.1499E+01  1.1616E-03
 -3.1487E+01  1.2350E-03
 -3.1475E+01  1.3018E-03
 -3.1463E+01  1.3607E-03
 -3.1451E+01  1.4104E-03
 -3.1439E+01  1.4500E-03
 -3.1427E+01  1.4788E-03
 -3.1415E+01  1.4965E-03
 -3.1404E+01  1.5028E-03
 -3.1392E+01  1.4979E-03
 -3.1380E+01  1.4823E-03
 -3.1368E+01  1.4565E-03
 -3.1356E+01  1.4214E-03
 -3.1344E+01  1.3780E-03
 -3.1332E+01  1.3273E-03
 -3.1320E+01  1.2705E-03
 -3.1308E+01  1.2088E-03
 -3.1296E+01  1.1435E-03
 -3.1284E+01  1.0757E-03
 -3.1273E+01  1.0065E-03
 -3.1261E+01  9.3710E-04
 -3.1249E+01  8.6832E-04
 -3.1237E+01  8.0101E-04
 -3.1225E+01  7.3588E-04
 -3.1213E+01  6.7351E-04
 -3.1201E+01  6.1433E-04
 -3.1189E+01  5.5864E-04
 -3.1177E+01  5.0664E-04
 -3.1165E+01  4.5841E-04
 -3.1153E+01  4.1393E-04
 -3.1142E+01  3.7312E-04
 -3.1130E+01  3.3581E-04
 -3.1118E+01  3.0183E-04
 -3.1106E+01  2.7093E-04
 -3.1094E+01  2.4289E-04
 -3.1082E+01  2.1746E-04
 -3.1070E+01  1.9442E-04
 -3.1058E+01  1.7354E-04
 -3.1046E+01  1.5464E-04
 -3.1034E+01  1.3755E-04
 -3.1022E+01  1.2212E-04
 -3.1011E+01  1.0824E-04
 -3.0999E+01  9.5799E-05
 -3.0987E+01  8.4731E-05
 -3.0975E+01  7.4977E-05
 -3.0963E+01  6.6492E-05
 -3.0951E+01  5.9242E-05
 -3.0939E+01  5.3198E-05
 -3.0927E+01  4.8339E-05
 -3.0915E+01  4.4643E-05
 -3.0903E+01  4.2086E-05
 -3.0891E+01  4.0643E-05
 -3.0880E+01  4.0287E-05
 -3.0868E+01  4.0982E-05
 -3.0856E+01  4.2688E-05
 -3.0844E+01  4.5359E-05
 -3.0832E+01  4.8939E-05
 -3.0820E+01  5.3368E-05
 -3.0808E+01  5.8575E-05
 -3.0796E+01  6.4484E-05
 -3.0784E+01  7.1009E-05
 -3.0772E+01  7.8058E-05
 -3.0760E+01  8.5532E-05
 -3.0749E+01  9.3325E-05
 -3.0737E+01  1.0133E-04
 -3.0725E+01  1.0943E-04
 -3.0713E+01  1.1751E-04
 -3.0701E+01  1.2545E-04
 -3.0689E+01  1.3314E-04
 -3.0677E+01  1.4046E-04
 -3.0665E+01  1.4731E-04
 -3.0653E+01  1.5359E-04
 -3.0641E+01  1.5921E-04
 -3.0629E+01  1.6408E-04
 -3.0618E+01  1.6814E-04
 -3.0606E+01  1.7135E-04
 -3.0594E+01  1.7367E-04
 -3.0582E+01  1.7509E-04
 -3.0570E+01  1.7562E-04
 -3.0558E+01  1.7527E-04
 -3.0546E+01  1.7409E-04
 -3.0534E+01  1.7213E-04
 -3.0522E+01  1.6946E-04
 -3.0510E+01  1.6617E-04
 -3.0498E+01  1.6233E-04
 -3.0487E+01  1.5804E-04
 -3.0475E+01  1.5339E-04
 -3.0463E+01  1.4845E-04
 -3.0451E+01  1.4333E-04
 -3.0439E+01  1.3809E-04
 -3.0427E+01  1.3280E-04
 -3.0415E+01  1.2752E-04
 -3.0403E+01  1.2230E-04
 -3.0391E+01  1.1718E-04
 -3.0379E+01  1.1219E-04
 -3.0367E+01  1.0734E-04
 -3.0356E+01  1.0267E-04
 -3.0344E+01  9.8158E-05
 -3.0332E+01  9.3824E-05
 -3.0320E+01  8.9661E-05
 -3.0308E+01  8.5665E-05
 -3.0296E+01  8.1827E-05
 -3.0284E+01  7.8138E-05
 -3.0272E+01  7.4587E-05
 -3.0260E+01  7.1164E-05
 -3.0248E+01  6.7857E-05
 -3.0236E+01  6.4655E-05
 -3.0225E+01  6.1547E-05
 -3.0213E+01  5.8521E-05
 -3.0201E+01  5.5569E-05
 -3.0189E+01  5.2678E-05
 -3.0177E+01  4.9842E-05
 -3.0165E+01  4.7052E-05
 -3.0153E+01  4.4303E-05
 -3.0141E+01  4.1592E-05
 -3.0129E+01  3.8921E-05
 -3.0117E+01  3.6295E-05
 -3.0105E+01  3.3722E-05
 -3.0094E+01  3.1218E-05
 -3.0082E+01  2.8802E-05
 -3.0070E+01  2.6499E-05
 -3.0058E+01  2.4341E-05
 -3.0046E+01  2.2361E-05
 -3.0034E+01  2.0597E-05
 -3.0022E+01  1.9090E-05
 -3.0010E+01  1.7881E-05
 -2.9998E+01  1.7010E-05
 -2.9986E+01  1.6515E-05
 -2.9974E+01  1.6428E-05
 -2.9963E+01  1.6776E-05
 -2.9951E+01  1.7578E-05
 -2.9939E+01  1.8843E-05
 -2.9927E+01  2.0571E-05
 -2.9915E+01  2.2754E-05
 -2.9903E+01  2.5372E-05
 -2.9891E+01  2.8399E-05
 -2.9879E+01  3.1803E-05
 -2.9867E+01  3.5544E-05
 -2.9855E+01  3.9587E-05
 -2.9843E+01  4.3891E-05
 -2.9832E+01  4.8425E-05
 -2.9820E+01  5.3159E-05
 -2.9808E+01  5.8075E-05
 -2.9796E+01  6.3162E-05
 -2.9784E+01  6.8420E-05
 -2.9772E+01  7.3859E-05
 -2.9760E+01  7.9497E-05
 -2.9748E+01  8.5359E-05
 -2.9736E+01  9.1475E-05
 -2.9724E+01  9.7874E-05
 -2.9712E+01  1.0458E-04
 -2.9701E+01  1.1162E-04
 -2.9689E+01  1.1900E-04
 -2.9677E+01  1.2672E-04
 -2.9665E+01  1.3473E-04
 -2.9653E+01  1.4302E-04
 -2.9641E+01  1.5149E-04
 -2.9629E+01  1.6007E-04
 -2.9617E+01  1.6864E-04
 -2.9605E+01  1.7708E-04
 -2.9593E+01  1.8523E-04
 -2.9581E+01  1.9294E-04
 -2.9570E+01  2.0005E-04
 -2.9558E+01  2.0638E-04
 -2.9546E+01  2.1179E-04
 -2.9534E+01  2.1614E-04
 -2.9522E+01  2.1930E-04
 -2.9510E+01  2.2119E-04
 -2.9498E+01  2.2174E-04
 -2.9486E+01  2.2093E-04
 -2.9474E+01  2.1877E-04
 -2.9462E+01  2.1533E-04
 -2.9450E+01  2.1068E-04
 -2.9439E+01  2.0495E-04
 -2.9427E+01  1.9830E-04
 -2.9415E+01  1.9089E-04
 -2.9403E+01  1.8289E-04
 -2.9391E+01  1.7450E-04
 -2.9379E+01  1.6588E-04
 -2.9367E+01  1.5721E-04
 -2.9355E+01  1.4861E-04
 -2.9343E+01  1.4022E-04
 -2.9331E+01  1.3211E-04
 -2.9319E+01  1.2434E-04
 -2.9308E+01  1.1693E-04
 -2.9296E+01  1.0989E-04
 -2.9284E+01  1.0319E-04
 -2.9272E+01  9.6798E-05
 -2.9260E+01  9.0660E-05
 -2.9248E+01  8.4729E-05
 -2.9236E+01  7.8961E-05
 -2.9224E+01  7.3330E-05
 -2.9212E+01  6.7825E-05
 -2.9200E+01  6.2465E-05
 -2.9188E+01  5.7294E-05
 -2.9177E+01  5.2385E-05
 -2.9165E+01  4.7839E-05
 -2.9153E+01  4.3779E-05
 -2.9141E+01  4.0344E-05
 -2.9129E+01  3.7684E-05
 -2.9117E+01  3.5949E-05
 -2.9105E+01  3.5278E-05
 -2.9093E+01  3.5791E-05
 -2.9081E+01  3.7582E-05
 -2.9069E+01  4.0707E-05
 -2.9058E+01  4.5182E-05
 -2.9046E+01  5.0981E-05
 -2.9034E+01  5.8033E-05
 -2.9022E+01  6.6232E-05
 -2.9010E+01  7.5441E-05
 -2.8998E+01  8.5502E-05
 -2.8986E+01  9.6255E-05
 -2.8974E+01  1.0755E-04
 -2.8962E+01  1.1926E-04
 -2.8950E+01  1.3132E-04
 -2.8938E+01  1.4369E-04
 -2.8927E+01  1.5643E-04
 -2.8915E+01  1.6968E-04
 -2.8903E+01  1.8366E-04
 -2.8891E+01  1.9866E-04
 -2.8879E+01  2.1507E-04
 -2.8867E+01  2.3335E-04
 -2.8855E+01  2.5399E-04
 -2.8843E+01  2.7751E-04
 -2.8831E+01  3.0442E-04
 -2.8819E+01  3.3521E-04
 -2.8807E+01  3.7028E-04
 -2.8796E+01  4.0992E-04
 -2.8784E+01  4.5430E-04
 -2.8772E+01  5.0341E-04
 -2.8760E+01  5.5706E-04
 -2.8748E+01  6.1483E-04
 -2.8736E+01  6.7611E-04
 -2.8724E+01  7.4007E-04
 -2.8712E+01  8.0568E-04
 -2.8700E+01  8.7170E-04
 -2.8688E+01  9.3678E-04
 -2.8676E+01  9.9943E-04
 -2.8665E+01  1.0581E-03
 -2.8653E+01  1.1112E-03
 -2.8641E+01  1.1573E-03
 -2.8629E+01  1.1949E-03
 -2.8617E+01  1.2227E-03
 -2.8605E+01  1.2399E-03
 -2.8593E+01  1.2457E-03
 -2.8581E+01  1.2397E-03
 -2.8569E+01  1.2218E-03
 -2.8557E+01  1.1925E-03
 -2.8545E+01  1.1524E-03
 -2.8534E+01  1.1026E-03
 -2.8522E+01  1.0445E-03
 -2.8510E+01  9.7965E-04
 -2.8498E+01  9.1000E-04
 -2.8486E+01  8.3750E-04
 -2.8474E+01  7.6421E-04
 -2.8462E+01  6.9215E-04
 -2.8450E+01  6.2326E-04
 -2.8438E+01  5.5933E-04
 -2.8426E+01  5.0190E-04
 -2.8414E+01  4.5222E-04
 -2.8403E+01  4.1121E-04
 -2.8391E+01  3.7944E-04
 -2.8379E+01  3.5707E-04
 -2.8367E+01  3.4389E-04
 -2.8355E+01  3.3934E-04
 -2.8343E+01  3.4253E-04
 -2.8331E+01  3.5228E-04
 -2.8319E+01  3.6722E-04
 -2.8307E+01  3.8585E-04
 -2.8295E+01  4.0662E-04
 -2.8283E+01  4.2801E-04
 -2.8272E+01  4.4861E-04
 -2.8260E+01  4.6723E-04
 -2.8248E+01  4.8290E-04
 -2.8236E+01  4.9500E-04
 -2.8224E+01  5.0323E-04
 -2.8212E+01  5.0769E-04
 -2.8200E+01  5.0884E-04
 -2.8188E+01  5.0751E-04
 -2.8176E+01  5.0489E-04
 -2.8164E+01  5.0241E-04
 -2.8152E+01  5.0175E-04
 -2.8141E+01  5.0474E-04
 -2.8129E+01  5.1324E-04
 -2.8117E+01  5.2910E-04
 -2.8105E+01  5.5404E-04
 -2.8093E+01  5.8958E-04
 -2.8081E+01  6.3695E-04
 -2.8069E+01  6.9700E-04
 -2.8057E+01  7.7020E-04
 -2.8045E+01  8.5657E-04
 -2.8033E+01  9.5565E-04
 -2.8021E+01  1.0665E-03
 -2.8010E+01  1.1879E-03
 -2.7998E+01  1.3178E-03
 -2.7986E+01  1.4543E-03
 -2.7974E+01  1.5947E-03
 -2.7962E+01  1.7365E-03
 -2.7950E+01  1.8768E-03
 -2.7938E+01  2.0127E-03
 -2.7926E+01  2.1414E-03
 -2.7914E+01  2.2603E-03
 -2.7902E+01  2.3668E-03
 -2.7890E+01  2.4588E-03
 -2.7879E+01  2.5347E-03
 -2.7867E+01  2.5930E-03
 -2.7855E+01  2.6329E-03
 -2.7843E+01  2.6540E-03
 -2.7831E+01  2.6562E-03
 -2.7819E+01  2.6401E-03
 -2.7807E+01  2.6064E-03
 -2.7795E+01  2.5563E-03
 -2.7783E+01  2.4912E-03
 -2.7771E+01  2.4128E-03
 -2.7759E+01  2.3230E-03
 -2.7748E+01  2.2236E-03
 -2.7736E+01  2.1166E-03
 -2.7724E+01  2.0041E-03
 -2.7712E+01  1.8880E-03
 -2.7700E+01  1.7702E-03
 -2.7688E+01  1.6522E-03
 -2.7676E+01  1.5358E-03
 -2.7664E+01  1.4220E-03
 -2.7652E+01  1.3122E-03
 -2.7640E+01  1.2071E-03
 -2.7628E+01  1.1073E-03
 -2.7617E+01  1.0134E-03
 -2.7605E+01  9.2550E-04
 -2.7593E+01  8.4374E-04
 -2.7581E+01  7.6804E-04
 -2.7569E+01  6.9822E-04
 -2.7557E+01  6.3400E-04
 -2.7545E+01  5.7506E-04
 -2.7533E+01  5.2105E-04
 -2.7521E+01  4.7161E-04
 -2.7509E+01  4.2637E-04
 -2.7497E+01  3.8500E-04
 -2.7486E+01  3.4719E-04
 -2.7474E+01  3.1265E-04
 -2.7462E+01  2.8115E-04
 -2.7450E+01  2.5249E-04
 -2.7438E+01  2.2648E-04
 -2.7426E+01  2.0301E-04
 -2.7414E+01  1.8195E-04
 -2.7402E+01  1.6323E-04
 -2.7390E+01  1.4677E-04
 -2.7378E+01  1.3254E-04
 -2.7366E+01  1.2049E-04
 -2.7355E+01  1.1060E-04
 -2.7343E+01  1.0287E-04
 -2.7331E+01  9.7284E-05
 -2.7319E+01  9.3848E-05
 -2.7307E+01  9.2567E-05
 -2.7295E+01  9.3453E-05
 -2.7283E+01  9.6514E-05
 -2.7271E+01  1.0176E-04
 -2.7259E+01  1.0919E-04
 -2.7247E+01  1.1879E-04
 -2.7235E+01  1.3056E-04
 -2.7224E+01  1.4445E-04
 -2.7212E+01  1.6040E-04
 -2.7200E+01  1.7834E-04
 -2.7188E+01  1.9816E-04
 -2.7176E+01  2.1971E-04
 -2.7164E+01  2.4283E-04
 -2.7152E+01  2.6730E-04
 -2.7140E+01  2.9290E-04
 -2.7128E+01  3.1934E-04
 -2.7116E+01  3.4632E-04
 -2.7104E+01  3.7351E-04
 -2.7093E+01  4.0056E-04
 -2.7081E+01  4.2711E-04
 -2.7069E+01  4.5278E-04
 -2.7057E+01  4.7724E-04
 -2.7045E+01  5.0012E-04
 -2.7033E+01  5.2111E-04
 -2.7021E+01  5.3994E-04
 -2.7009E+01  5.5636E-04
 -2.6997E+01  5.7020E-04
 -2.6985E+01  5.8132E-04
 -2.6973E+01  5.8964E-04
 -2.6962E+01  5.9514E-04
 -2.6950E+01  5.9784E-04
 -2.6938E+01  5.9782E-04
 -2.6926E+01  5.9519E-04
 -2.6914E+01  5.9008E-04
 -2.6902E+01  5.8267E-04
 -2.6890E+01  5.7314E-04
 -2.6878E+01  5.6170E-04
 -2.6866E+01  5.4855E-04
 -2.6854E+01  5.3391E-04
 -2.6842E+01  5.1799E-04
 -2.6831E+01  5.0099E-04
 -2.6819E+01  4.8310E-04
 -2.6807E+01  4.6452E-04
 -2.6795E+01  4.4543E-04
 -2.6783E+01  4.2597E-04
 -2.6771E+01  4.0630E-04
 -2.6759E+01  3.8654E-04
 -2.6747E+01  3.6681E-04
 -2.6735E+01  3.4722E-04
 -2.6723E+01  3.2785E-04
 -2.6711E+01  3.0879E-04
 -2.6700E+01  2.9009E-04
 -2.6688E+01  2.7183E-04
 -2.6676E+01  2.5405E-04
 -2.6664E+01  2.3681E-04
 -2.6652E+01  2.2016E-04
 -2.6640E+01  2.0413E-04
 -2.6628E+01  1.8877E-04
 -2.6616E+01  1.7410E-04
 -2.6604E+01  1.6016E-04
 -2.6592E+01  1.4697E-04
 -2.6580E+01  1.3455E-04
 -2.6569E+01  1.2291E-04
 -2.6557E+01  1.1206E-04
 -2.6545E+01  1.0200E-04
 -2.6533E+01  9.2740E-05
 -2.6521E+01  8.4267E-05
 -2.6509E+01  7.6585E-05
 -2.6497E+01  6.9695E-05
 -2.6485E+01  6.3604E-05
 -2.6473E+01  5.8323E-05
 -2.6461E+01  5.3873E-05
 -2.6449E+01  5.0280E-05
 -2.6438E+01  4.7581E-05
 -2.6426E+01  4.5820E-05
 -2.6414E+01  4.5047E-05
 -2.6402E+01  4.5316E-05
 -2.6390E+01  4.6685E-05
 -2.6378E+01  4.9209E-05
 -2.6366E+01  5.2942E-05
 -2.6354E+01  5.7932E-05
 -2.6342E+01  6.4219E-05
 -2.6330E+01  7.1831E-05
 -2.6318E+01  8.0788E-05
 -2.6307E+01  9.1095E-05
 -2.6295E+01  1.0275E-04
 -2.6283E+01  1.1572E-04
 -2.6271E+01  1.3000E-04
 -2.6259E+01  1.4553E-04
 -2.6247E+01  1.6226E-04
 -2.6235E+01  1.8014E-04
 -2.6223E+01  1.9910E-04
 -2.6211E+01  2.1906E-04
 -2.6199E+01  2.3994E-04
 -2.6187E+01  2.6165E-04
 -2.6176E+01  2.8410E-04
 -2.6164E+01  3.0719E-04
 -2.6152E+01  3.3079E-04
 -2.6140E+01  3.5480E-04
 -2.6128E+01  3.7907E-04
 -2.6116E+01  4.0345E-04
 -2.6104E+01  4.2780E-04
 -2.6092E+01  4.5193E-04
 -2.6080E+01  4.7563E-04
 -2.6068E+01  4.9870E-04
 -2.6056E+01  5.2089E-04
 -2.6045E+01  5.4193E-04
 -2.6033E+01  5.6156E-04
 -2.6021E+01  5.7947E-04
 -2.6009E+01  5.9537E-04
 -2.5997E+01  6.0896E-04
 -2.5985E+01  6.1995E-04
 -2.5973E+01  6.2808E-04
 -2.5961E+01  6.3312E-04
 -2.5949E+01  6.3488E-04
 -2.5937E+01  6.3324E-04
 -2.5925E+01  6.2814E-04
 -2.5914E+01  6.1958E-04
 -2.5902E+01  6.0766E-04
 -2.5890E+01  5.9254E-04
 -2.5878E+01  5.7443E-04
 -2.5866E+01  5.5365E-04
 -2.5854E+01  5.3052E-04
 -2.5842E+01  5.0545E-04
 -2.5830E+01  4.7885E-04
 -2.5818E+01  4.5115E-04
 -2.5806E+01  4.2278E-04
 -2.5794E+01  3.9418E-04
 -2.5783E+01  3.6574E-04
 -2.5771E+01  3.3782E-04
 -2.5759E+01  3.1075E-04
 -2.5747E+01  2.8481E-04
 -2.5735E+01  2.6020E-04
 -2.5723E+01  2.3709E-04
 -2.5711E+01  2.1559E-04
 -2.5699E+01  1.9575E-04
 -2.5687E+01  1.7756E-04
 -2.5675E+01  1.6100E-04
 -2.5663E+01  1.4599E-04
 -2.5652E+01  1.3246E-04
 -2.5640E+01  1.2030E-04
 -2.5628E+01  1.0944E-04
 -2.5616E+01  9.9783E-05
 -2.5604E+01  9.1289E-05
 -2.5592E+01  8.3924E-05
 -2.5580E+01  7.7688E-05
 -2.5568E+01  7.2611E-05
 -2.5556E+01  6.8747E-05
 -2.5544E+01  6.6172E-05
 -2.5532E+01  6.4975E-05
 -2.5521E+01  6.5249E-05
 -2.5509E+01  6.7081E-05
 -2.5497E+01  7.0545E-05
 -2.5485E+01  7.5689E-05
 -2.5473E+01  8.2535E-05
 -2.5461E+01  9.1071E-05
 -2.5449E+01  1.0125E-04
 -2.5437E+01  1.1301E-04
 -2.5425E+01  1.2623E-04
 -2.5413E+01  1.4081E-04
 -2.5401E+01  1.5664E-04
 -2.5390E+01  1.7360E-04
 -2.5378E+01  1.9162E-04
 -2.5366E+01  2.1066E-04
 -2.5354E+01  2.3073E-04
 -2.5342E+01  2.5190E-04
 -2.5330E+01  2.7431E-04
 -2.5318E+01  2.9820E-04
 -2.5306E+01  3.2384E-04
 -2.5294E+01  3.5158E-04
 -2.5282E+01  3.8184E-04
 -2.5271E+01  4.1502E-04
 -2.5259E+01  4.5157E-04
 -2.5247E+01  4.9190E-04
 -2.5235E+01  5.3635E-04
 -2.5223E+01  5.8518E-04
 -2.5211E+01  6.3853E-04
 -2.5199E+01  6.9639E-04
 -2.5187E+01  7.5856E-04
 -2.5175E+01  8.2463E-04
 -2.5163E+01  8.9399E-04
 -2.5151E+01  9.6578E-04
 -2.5140E+01  1.0389E-03
 -2.5128E+01  1.1122E-03
 -2.5116E+01  1.1841E-03
 -2.5104E+01  1.2531E-03
 -2.5092E+01  1.3175E-03
 -2.5080E+01  1.3755E-03
 -2.5068E+01  1.4256E-03
 -2.5056E+01  1.4661E-03
 -2.5044E+01  1.4958E-03
 -2.5032E+01  1.5135E-03
 -2.5020E+01  1.5184E-03
 -2.5009E+01  1.5100E-03
 -2.4997E+01  1.4882E-03
 -2.4985E+01  1.4535E-03
 -2.4973E+01  1.4066E-03
 -2.4961E+01  1.3484E-03
 -2.4949E+01  1.2806E-03
 -2.4937E+01  1.2047E-03
 -2.4925E+01  1.1229E-03
 -2.4913E+01  1.0373E-03
 -2.4901E+01  9.5011E-04
 -2.4889E+01  8.6367E-04
 -2.4878E+01  7.8019E-04
 -2.4866E+01  7.0173E-04
 -2.4854E+01  6.3014E-04
 -2.4842E+01  5.6698E-04
 -2.4830E+01  5.1343E-04
 -2.4818E+01  4.7028E-04
 -2.4806E+01  4.3788E-04
 -2.4794E+01  4.1618E-04
 -2.4782E+01  4.0466E-04
 -2.4770E+01  4.0246E-04
 -2.4758E+01  4.0836E-04
 -2.4747E+01  4.2090E-04
 -2.4735E+01  4.3843E-04
 -2.4723E+01  4.5922E-04
 -2.4711E+01  4.8155E-04
 -2.4699E+01  5.0379E-04
 -2.4687E+01  5.2449E-04
 -2.4675E+01  5.4247E-04
 -2.4663E+01  5.5689E-04
 -2.4651E+01  5.6728E-04
 -2.4639E+01  5.7361E-04
 -2.4627E+01  5.7626E-04
 -2.4616E+01  5.7605E-04
 -2.4604E+01  5.7420E-04
 -2.4592E+01  5.7226E-04
 -2.4580E+01  5.7205E-04
 -2.4568E+01  5.7561E-04
 -2.4556E+01  5.8504E-04
 -2.4544E+01  6.0243E-04
 -2.4532E+01  6.2979E-04
 -2.4520E+01  6.6889E-04
 -2.4508E+01  7.2118E-04
 -2.4496E+01  7.8774E-04
 -2.4485E+01  8.6920E-04
 -2.4473E+01  9.6566E-04
 -2.4461E+01  1.0767E-03
 -2.4449E+01  1.2013E-03
 -2.4437E+01  1.3379E-03
 -2.4425E+01  1.4846E-03
 -2.4413E+01  1.6388E-03
 -2.4401E+01  1.7976E-03
 -2.4389E+01  1.9581E-03
 -2.4377E+01  2.1168E-03
 -2.4365E+01  2.2705E-03
 -2.4354E+01  2.4158E-03
 -2.4342E+01  2.5498E-03
 -2.4330E+01  2.6696E-03
 -2.4318E+01  2.7727E-03
 -2.4306E+01  2.8572E-03
 -2.4294E+01  2.9215E-03
 -2.4282E+01  2.9646E-03
 -2.4270E+01  2.9860E-03
 -2.4258E+01  2.9856E-03
 -2.4246E+01  2.9639E-03
 -2.4234E+01  2.9217E-03
 -2.4223E+01  2.8605E-03
 -2.4211E+01  2.7819E-03
 -2.4199E+01  2.6878E-03
 -2.4187E+01  2.5805E-03
 -2.4175E+01  2.4624E-03
 -2.4163E+01  2.3360E-03
 -2.4151E+01  2.2036E-03
 -2.4139E+01  2.0676E-03
 -2.4127E+01  1.9304E-03
 -2.4115E+01  1.7939E-03
 -2.4103E+01  1.6599E-03
 -2.4092E+01  1.5299E-03
 -2.4080E+01  1.4052E-03
 -2.4068E+01  1.2866E-03
 -2.4056E+01  1.1748E-03
 -2.4044E+01  1.0702E-03
 -2.4032E+01  9.7287E-04
 -2.4020E+01  8.8279E-04
 -2.4008E+01  7.9975E-04
 -2.3996E+01  7.2343E-04
 -2.3984E+01  6.5343E-04
 -2.3972E+01  5.8931E-04
 -2.3961E+01  5.3061E-04
 -2.3949E+01  4.7687E-04
 -2.3937E+01  4.2767E-04
 -2.3925E+01  3.8262E-04
 -2.3913E+01  3.4140E-04
 -2.3901E+01  3.0372E-04
 -2.3889E+01  2.6933E-04
 -2.3877E+01  2.3806E-04
 -2.3865E+01  2.0975E-04
 -2.3853E+01  1.8429E-04
 -2.3841E+01  1.6159E-04
 -2.3830E+01  1.4158E-04
 -2.3818E+01  1.2419E-04
 -2.3806E+01  1.0934E-04
 -2.3794E+01  9.6985E-05
 -2.3782E+01  8.7037E-05
 -2.3770E+01  7.9417E-05
 -2.3758E+01  7.4035E-05
 -2.3746E+01  7.0797E-05
 -2.3734E+01  6.9607E-05
 -2.3722E+01  7.0367E-05
 -2.3710E+01  7.2990E-05
 -2.3699E+01  7.7396E-05
 -2.3687E+01  8.3520E-05
 -2.3675E+01  9.1310E-05
 -2.3663E+01  1.0073E-04
 -2.3651E+01  1.1177E-04
 -2.3639E+01  1.2442E-04
 -2.3627E+01  1.3869E-04
 -2.3615E+01  1.5457E-04
 -2.3603E+01  1.7208E-04
 -2.3591E+01  1.9121E-04
 -2.3579E+01  2.1192E-04
 -2.3568E+01  2.3417E-04
 -2.3556E+01  2.5785E-04
 -2.3544E+01  2.8284E-04
 -2.3532E+01  3.0897E-04
 -2.3520E+01  3.3603E-04
 -2.3508E+01  3.6376E-04
 -2.3496E+01  3.9189E-04
 -2.3484E+01  4.2009E-04
 -2.3472E+01  4.4804E-04
 -2.3460E+01  4.7539E-04
 -2.3448E+01  5.0178E-04
 -2.3437E+01  5.2689E-04
 -2.3425E+01  5.5039E-04
 -2.3413E+01  5.7197E-04
 -2.3401E+01  5.9135E-04
 -2.3389E+01  6.0830E-04
 -2.3377E+01  6.2261E-04
 -2.3365E+01  6.3412E-04
 -2.3353E+01  6.4270E-04
 -2.3341E+01  6.4829E-04
 -2.3329E+01  6.5084E-04
 -2.3317E+01  6.5037E-04
 -2.3306E+01  6.4694E-04
 -2.3294E+01  6.4065E-04
 -2.3282E+01  6.3164E-04
 -2.3270E+01  6.2008E-04
 -2.3258E+01  6.0618E-04
 -2.3246E+01  5.9014E-04
 -2.3234E+01  5.7221E-04
 -2.3222E+01  5.5262E-04
 -2.3210E+01  5.3160E-04
 -2.3198E+01  5.0940E-04
 -2.3186E+01  4.8624E-04
 -2.3175E+01  4.6233E-04
 -2.3163E+01  4.3788E-04
 -2.3151E+01  4.1307E-04
 -2.3139E+01  3.8809E-04
 -2.3127E+01  3.6312E-04
 -2.3115E+01  3.3830E-04
 -2.3103E+01  3.1382E-04
 -2.3091E+01  2.8981E-04
 -2.3079E+01  2.6644E-04
 -2.3067E+01  2.4384E-04
 -2.3055E+01  2.2215E-04
 -2.3044E+01  2.0149E-04
 -2.3032E+01  1.8196E-04
 -2.3020E+01  1.6368E-04
 -2.3008E+01  1.4672E-04
 -2.2996E+01  1.3113E-04
 -2.2984E+01  1.1697E-04
 -2.2972E+01  1.0425E-04
 -2.2960E+01  9.2999E-05
 -2.2948E+01  8.3204E-05
 -2.2936E+01  7.4852E-05
 -2.2924E+01  6.7919E-05
 -2.2913E+01  6.2376E-05
 -2.2901E+01  5.8189E-05
 -2.2889E+01  5.5327E-05
 -2.2877E+01  5.3758E-05
 -2.2865E+01  5.3457E-05
 -2.2853E+01  5.4404E-05
 -2.2841E+01  5.6590E-05
 -2.2829E+01  6.0013E-05
 -2.2817E+01  6.4682E-05
 -2.2805E+01  7.0616E-05
 -2.2793E+01  7.7844E-05
 -2.2782E+01  8.6405E-05
 -2.2770E+01  9.6343E-05
 -2.2758E+01  1.0771E-04
 -2.2746E+01  1.2056E-04
 -2.2734E+01  1.3495E-04
 -2.2722E+01  1.5093E-04
 -2.2710E+01  1.6854E-04
 -2.2698E+01  1.8782E-04
 -2.2686E+01  2.0880E-04
 -2.2674E+01  2.3148E-04
 -2.2662E+01  2.5584E-04
 -2.2651E+01  2.8185E-04
 -2.2639E+01  3.0947E-04
 -2.2627E+01  3.3860E-04
 -2.2615E+01  3.6914E-04
 -2.2603E+01  4.0097E-04
 -2.2591E+01  4.3393E-04
 -2.2579E+01  4.6784E-04
 -2.2567E+01  5.0249E-04
 -2.2555E+01  5.3766E-04
 -2.2543E+01  5.7308E-04
 -2.2531E+01  6.0846E-04
 -2.2520E+01  6.4348E-04
 -2.2508E+01  6.7779E-04
 -2.2496E+01  7.1100E-04
 -2.2484E+01  7.4271E-04
 -2.2472E+01  7.7248E-04
 -2.2460E+01  7.9984E-04
 -2.2448E+01  8.2436E-04
 -2.2436E+01  8.4557E-04
 -2.2424E+01  8.6304E-04
 -2.2412E+01  8.7637E-04
 -2.2400E+01  8.8523E-04
 -2.2389E+01  8.8933E-04
 -2.2377E+01  8.8846E-04
 -2.2365E+01  8.8253E-04
 -2.2353E+01  8.7149E-04
 -2.2341E+01  8.5544E-04
 -2.2329E+01  8.3453E-04
 -2.2317E+01  8.0904E-04
 -2.2305E+01  7.7931E-04
 -2.2293E+01  7.4578E-04
 -2.2281E+01  7.0895E-04
 -2.2269E+01  6.6936E-04
 -2.2258E+01  6.2764E-04
 -2.2246E+01  5.8441E-04
 -2.2234E+01  5.4034E-04
 -2.2222E+01  4.9609E-04
 -2.2210E+01  4.5230E-04
 -2.2198E+01  4.0958E-04
 -2.2186E+01  3.6849E-04
 -2.2174E+01  3.2953E-04
 -2.2162E+01  2.9310E-04
 -2.2150E+01  2.5954E-04
 -2.2138E+01  2.2906E-04
 -2.2127E+01  2.0179E-04
 -2.2115E+01  1.7776E-04
 -2.2103E+01  1.5692E-04
 -2.2091E+01  1.3912E-04
 -2.2079E+01  1.2417E-04
 -2.2067E+01  1.1182E-04
 -2.2055E+01  1.0181E-04
 -2.2043E+01  9.3847E-05
 -2.2031E+01  8.7655E-05
 -2.2019E+01  8.2977E-05
 -2.2007E+01  7.9585E-05
 -2.1996E+01  7.7300E-05
 -2.1984E+01  7.5986E-05
 -2.1972E+01  7.5567E-05
 -2.1960E+01  7.6017E-05
 -2.1948E+01  7.7364E-05
 -2.1936E+01  7.9684E-05
 -2.1924E+01  8.3091E-05
 -2.1912E+01  8.7733E-05
 -2.1900E+01  9.3780E-05
 -2.1888E+01  1.0142E-04
 -2.1876E+01  1.1083E-04
 -2.1865E+01  1.2222E-04
 -2.1853E+01  1.3576E-04
 -2.1841E+01  1.5164E-04
 -2.1829E+01  1.7001E-04
 -2.1817E+01  1.9105E-04
 -2.1805E+01  2.1491E-04
 -2.1793E+01  2.4177E-04
 -2.1781E+01  2.7177E-04
 -2.1769E+01  3.0512E-04
 -2.1757E+01  3.4201E-04
 -2.1745E+01  3.8266E-04
 -2.1734E+01  4.2731E-04
 -2.1722E+01  4.7622E-04
 -2.1710E+01  5.2966E-04
 -2.1698E+01  5.8789E-04
 -2.1686E+01  6.5117E-04
 -2.1674E+01  7.1971E-04
 -2.1662E+01  7.9365E-04
 -2.1650E+01  8.7304E-04
 -2.1638E+01  9.5781E-04
 -2.1626E+01  1.0477E-03
 -2.1614E+01  1.1424E-03
 -2.1603E+01  1.2411E-03
 -2.1591E+01  1.3431E-03
 -2.1579E+01  1.4471E-03
 -2.1567E+01  1.5519E-03
 -2.1555E+01  1.6557E-03
 -2.1543E+01  1.7569E-03
 -2.1531E+01  1.8535E-03
 -2.1519E+01  1.9434E-03
 -2.1507E+01  2.0244E-03
 -2.1495E+01  2.0947E-03
 -2.1483E+01  2.1521E-03
 -2.1472E+01  2.1951E-03
 -2.1460E+01  2.2220E-03
 -2.1448E+01  2.2318E-03
 -2.1436E+01  2.2236E-03
 -2.1424E+01  2.1972E-03
 -2.1412E+01  2.1526E-03
 -2.1400E+01  2.0903E-03
 -2.1388E+01  2.0116E-03
 -2.1376E+01  1.9178E-03
 -2.1364E+01  1.8110E-03
 -2.1353E+01  1.6936E-03
 -2.1341E+01  1.5684E-03
 -2.1329E+01  1.4384E-03
 -2.1317E+01  1.3069E-03
 -2.1305E+01  1.1771E-03
 -2.1293E+01  1.0522E-03
 -2.1281E+01  9.3535E-04
 -2.1269E+01  8.2928E-04
 -2.1257E+01  7.3633E-04
 -2.1245E+01  6.5833E-04
 -2.1233E+01  5.9656E-04
 -2.1222E+01  5.5164E-04
 -2.1210E+01  5.2359E-04
 -2.1198E+01  5.1176E-04
 -2.1186E+01  5.1493E-04
 -2.1174E+01  5.3133E-04
 -2.1162E+01  5.5875E-04
 -2.1150E+01  5.9462E-04
 -2.1138E+01  6.3612E-04
 -2.1126E+01  6.8034E-04
 -2.1114E+01  7.2442E-04
 -2.1102E+01  7.6566E-04
 -2.1091E+01  8.0167E-04
 -2.1079E+01  8.3053E-04
 -2.1067E+01  8.5084E-04
 -2.1055E+01  8.6186E-04
 -2.1043E+01  8.6351E-04
 -2.1031E+01  8.5645E-04
 -2.1019E+01  8.4201E-04
 -2.1007E+01  8.2216E-04
 -2.0995E+01  7.9946E-04
 -2.0983E+01  7.7692E-04
 -2.0971E+01  7.5787E-04
 -2.0960E+01  7.4586E-04
 -2.0948E+01  7.4444E-04
 -2.0936E+01  7.5706E-04
 -2.0924E+01  7.8686E-04
 -2.0912E+01  8.3652E-04
 -2.0900E+01  9.0814E-04
 -2.0888E+01  1.0031E-03
 -2.0876E+01  1.1219E-03
 -2.0864E+01  1.2642E-03
 -2.0852E+01  1.4288E-03
 -2.0840E+01  1.6134E-03
 -2.0829E+01  1.8151E-03
 -2.0817E+01  2.0302E-03
 -2.0805E+01  2.2543E-03
 -2.0793E+01  2.4824E-03
 -2.0781E+01  2.7094E-03
 -2.0769E+01  2.9300E-03
 -2.0757E+01  3.1389E-03
 -2.0745E+01  3.3308E-03
 -2.0733E+01  3.5011E-03
 -2.0721E+01  3.6453E-03
 -2.0709E+01  3.7600E-03
 -2.0698E+01  3.8420E-03
 -2.0686E+01  3.8895E-03
 -2.0674E+01  3.9012E-03
 -2.0662E+01  3.8770E-03
 -2.0650E+01  3.8178E-03
 -2.0638E+01  3.7254E-03
 -2.0626E+01  3.6024E-03
 -2.0614E+01  3.4522E-03
 -2.0602E+01  3.2789E-03
 -2.0590E+01  3.0870E-03
 -2.0578E+01  2.8812E-03
 -2.0567E+01  2.6665E-03
 -2.0555E+01  2.4475E-03
 -2.0543E+01  2.2288E-03
 -2.0531E+01  2.0145E-03
 -2.0519E+01  1.8083E-03
 -2.0507E+01  1.6133E-03
 -2.0495E+01  1.4318E-03
 -2.0483E+01  1.2658E-03
 -2.0471E+01  1.1164E-03
 -2.0459E+01  9.8419E-04
 -2.0447E+01  8.6904E-04
 -2.0436E+01  7.7043E-04
 -2.0424E+01  6.8730E-04
 -2.0412E+01  6.1825E-04
 -2.0400E+01  5.6158E-04
 -2.0388E+01  5.1543E-04
 -2.0376E+01  4.7784E-04
 -2.0364E+01  4.4688E-04
 -2.0352E+01  4.2073E-04
 -2.0340E+01  3.9773E-04
 -2.0328E+01  3.7647E-04
 -2.0316E+01  3.5581E-04
 -2.0305E+01  3.3491E-04
 -2.0293E+01  3.1323E-04
 -2.0281E+01  2.9051E-04
 -2.0269E+01  2.6678E-04
 -2.0257E+01  2.4227E-04
 -2.0245E+01  2.1742E-04
 -2.0233E+01  1.9279E-04
 -2.0221E+01  1.6901E-04
 -2.0209E+01  1.4675E-04
 -2.0197E+01  1.2663E-04
 -2.0185E+01  1.0922E-04
 -2.0174E+01  9.4960E-05
 -2.0162E+01  8.4156E-05
 -2.0150E+01  7.6954E-05
 -2.0138E+01  7.3334E-05
 -2.0126E+01  7.3116E-05
 -2.0114E+01  7.5977E-05
 -2.0102E+01  8.1467E-05
 -2.0090E+01  8.9042E-05
 -2.0078E+01  9.8096E-05
 -2.0066E+01  1.0799E-04
 -2.0054E+01  1.1810E-04
 -2.0043E+01  1.2781E-04
 -2.0031E+01  1.3660E-04
 -2.0019E+01  1.4403E-04
 -2.0007E+01  1.4974E-04
 -1.9995E+01  1.5352E-04
 -1.9983E+01  1.5526E-04
 -1.9971E+01  1.5497E-04
 -1.9959E+01  1.5276E-04
 -1.9947E+01  1.4886E-04
 -1.9935E+01  1.4355E-04
 -1.9923E+01  1.3715E-04
 -1.9912E+01  1.3003E-04
 -1.9900E+01  1.2254E-04
 -1.9888E+01  1.1503E-04
 -1.9876E+01  1.0778E-04
 -1.9864E+01  1.0105E-04
 -1.9852E+01  9.5004E-05
 -1.9840E+01  8.9760E-05
 -1.9828E+01  8.5355E-05
 -1.9816E+01  8.1764E-05
 -1.9804E+01  7.8908E-05
 -1.9792E+01  7.6664E-05
 -1.9781E+01  7.4879E-05
 -1.9769E+01  7.3386E-05
 -1.9757E+01  7.2022E-05
 -1.9745E+01  7.0639E-05
 -1.9733E+01  6.9117E-05
 -1.9721E+01  6.7378E-05
 -1.9709E+01  6.5387E-05
 -1.9697E+01  6.3157E-05
 -1.9685E+01  6.0751E-05
 -1.9673E+01  5.8271E-05
 -1.9661E+01  5.5853E-05
 -1.9650E+01  5.3658E-05
 -1.9638E+01  5.1854E-05
 -1.9626E+01  5.0611E-05
 -1.9614E+01  5.0077E-05
 -1.9602E+01  5.0374E-05
 -1.9590E+01  5.1583E-05
 -1.9578E+01  5.3735E-05
 -1.9566E+01  5.6806E-05
 -1.9554E+01  6.0716E-05
 -1.9542E+01  6.5330E-05
 -1.9530E+01  7.0464E-05
 -1.9519E+01  7.5893E-05
 -1.9507E+01  8.1367E-05
 -1.9495E+01  8.6621E-05
 -1.9483E+01  9.1394E-05
 -1.9471E+01  9.5441E-05
 -1.9459E+01  9.8552E-05
 -1.9447E+01  1.0056E-04
 -1.9435E+01  1.0137E-04
 -1.9423E+01  1.0093E-04
 -1.9411E+01  9.9262E-05
 -1.9399E+01  9.6479E-05
 -1.9388E+01  9.2744E-05
 -1.9376E+01  8.8290E-05
 -1.9364E+01  8.3401E-05
 -1.9352E+01  7.8403E-05
 -1.9340E+01  7.3647E-05
 -1.9328E+01  6.9494E-05
 -1.9316E+01  6.6293E-05
 -1.9304E+01  6.4368E-05
 -1.9292E+01  6.3999E-05
 -1.9280E+01  6.5409E-05
 -1.9268E+01  6.8751E-05
 -1.9257E+01  7.4104E-05
 -1.9245E+01  8.1466E-05
 -1.9233E+01  9.0755E-05
 -1.9221E+01  1.0182E-04
 -1.9209E+01  1.1443E-04
 -1.9197E+01  1.2831E-04
 -1.9185E+01  1.4313E-04
 -1.9173E+01  1.5853E-04
 -1.9161E+01  1.7415E-04
 -1.9149E+01  1.8960E-04
 -1.9137E+01  2.0453E-04
 -1.9126E+01  2.1861E-04
 -1.9114E+01  2.3154E-04
 -1.9102E+01  2.4310E-04
 -1.9090E+01  2.5310E-04
 -1.9078E+01  2.6145E-04
 -1.9066E+01  2.6810E-04
 -1.9054E+01  2.7307E-04
 -1.9042E+01  2.7645E-04
 -1.9030E+01  2.7837E-04
 -1.9018E+01  2.7900E-04
 -1.9006E+01  2.7854E-04
 -1.8995E+01  2.7719E-04
 -1.8983E+01  2.7518E-04
 -1.8971E+01  2.7270E-04
 -1.8959E+01  2.6994E-04
 -1.8947E+01  2.6707E-04
 -1.8935E+01  2.6421E-04
 -1.8923E+01  2.6147E-04
 -1.8911E+01  2.5892E-04
 -1.8899E+01  2.5659E-04
 -1.8887E+01  2.5449E-04
 -1.8875E+01  2.5260E-04
 -1.8864E+01  2.5089E-04
 -1.8852E+01  2.4931E-04
 -1.8840E+01  2.4779E-04
 -1.8828E+01  2.4628E-04
 -1.8816E+01  2.4471E-04
 -1.8804E+01  2.4303E-04
 -1.8792E+01  2.4118E-04
 -1.8780E+01  2.3911E-04
 -1.8768E+01  2.3679E-04
 -1.8756E+01  2.3419E-04
 -1.8744E+01  2.3128E-04
 -1.8733E+01  2.2805E-04
 -1.8721E+01  2.2448E-04
 -1.8709E+01  2.2055E-04
 -1.8697E+01  2.1624E-04
 -1.8685E+01  2.1155E-04
 -1.8673E+01  2.0646E-04
 -1.8661E+01  2.0095E-04
 -1.8649E+01  1.9502E-04
 -1.8637E+01  1.8865E-04
 -1.8625E+01  1.8184E-04
 -1.8613E+01  1.7460E-04
 -1.8602E+01  1.6695E-04
 -1.8590E+01  1.5891E-04
 -1.8578E+01  1.5053E-04
 -1.8566E+01  1.4188E-04
 -1.8554E+01  1.3305E-04
 -1.8542E+01  1.2414E-04
 -1.8530E+01  1.1527E-04
 -1.8518E+01  1.0660E-04
 -1.8506E+01  9.8285E-05
 -1.8494E+01  9.0512E-05
 -1.8482E+01  8.3464E-05
 -1.8471E+01  7.7334E-05
 -1.8459E+01  7.2306E-05
 -1.8447E+01  6.8555E-05
 -1.8435E+01  6.6234E-05
 -1.8423E+01  6.5471E-05
 -1.8411E+01  6.6362E-05
 -1.8399E+01  6.8965E-05
 -1.8387E+01  7.3300E-05
 -1.8375E+01  7.9346E-05
 -1.8363E+01  8.7047E-05
 -1.8351E+01  9.6308E-05
 -1.8340E+01  1.0701E-04
 -1.8328E+01  1.1900E-04
 -1.8316E+01  1.3211E-04
 -1.8304E+01  1.4617E-04
 -1.8292E+01  1.6100E-04
 -1.8280E+01  1.7642E-04
 -1.8268E+01  1.9227E-04
 -1.8256E+01  2.0838E-04
 -1.8244E+01  2.2464E-04
 -1.8232E+01  2.4093E-04
 -1.8220E+01  2.5718E-04
 -1.8209E+01  2.7336E-04
 -1.8197E+01  2.8943E-04
 -1.8185E+01  3.0543E-04
 -1.8173E+01  3.2138E-04
 -1.8161E+01  3.3735E-04
 -1.8149E+01  3.5340E-04
 -1.8137E+01  3.6961E-04
 -1.8125E+01  3.8605E-04
 -1.8113E+01  4.0280E-04
 -1.8101E+01  4.1989E-04
 -1.8089E+01  4.3737E-04
 -1.8078E+01  4.5523E-04
 -1.8066E+01  4.7344E-04
 -1.8054E+01  4.9196E-04
 -1.8042E+01  5.1071E-04
 -1.8030E+01  5.2956E-04
 -1.8018E+01  5.4840E-04
 -1.8006E+01  5.6708E-04
 -1.7994E+01  5.8542E-04
 -1.7982E+01  6.0326E-04
 -1.7970E+01  6.2042E-04
 -1.7958E+01  6.3670E-04
 -1.7947E+01  6.5193E-04
 -1.7935E+01  6.6592E-04
 -1.7923E+01  6.7845E-04
 -1.7911E+01  6.8935E-04
 -1.7899E+01  6.9838E-04
 -1.7887E+01  7.0534E-04
 -1.7875E+01  7.0999E-04
 -1.7863E+01  7.1211E-04
 -1.7851E+01  7.1144E-04
 -1.7839E+01  7.0777E-04
 -1.7827E+01  7.0090E-04
 -1.7816E+01  6.9064E-04
 -1.7804E+01  6.7689E-04
 -1.7792E+01  6.5959E-04
 -1.7780E+01  6.3876E-04
 -1.7768E+01  6.1453E-04
 -1.7756E+01  5.8713E-04
 -1.7744E+01  5.5690E-04
 -1.7732E+01  5.2429E-04
 -1.7720E+01  4.8985E-04
 -1.7708E+01  4.5424E-04
 -1.7696E+01  4.1818E-04
 -1.7685E+01  3.8249E-04
 -1.7673E+01  3.4799E-04
 -1.7661E+01  3.1555E-04
 -1.7649E+01  2.8601E-04
 -1.7637E+01  2.6019E-04
 -1.7625E+01  2.3882E-04
 -1.7613E+01  2.2252E-04
 -1.7601E+01  2.1177E-04
 -1.7589E+01  2.0691E-04
 -1.7577E+01  2.0807E-04
 -1.7565E+01  2.1516E-04
 -1.7554E+01  2.2791E-04
 -1.7542E+01  2.4582E-04
 -1.7530E+01  2.6822E-04
 -1.7518E+01  2.9425E-04
 -1.7506E+01  3.2295E-04
 -1.7494E+01  3.5330E-04
 -1.7482E+01  3.8423E-04
 -1.7470E+01  4.1473E-04
 -1.7458E+01  4.4390E-04
 -1.7446E+01  4.7099E-04
 -1.7435E+01  4.9546E-04
 -1.7423E+01  5.1704E-04
 -1.7411E+01  5.3578E-04
 -1.7399E+01  5.5203E-04
 -1.7387E+01  5.6650E-04
 -1.7375E+01  5.8024E-04
 -1.7363E+01  5.9460E-04
 -1.7351E+01  6.1121E-04
 -1.7339E+01  6.3189E-04
 -1.7327E+01  6.5861E-04
 -1.7315E+01  6.9336E-04
 -1.7304E+01  7.3807E-04
 -1.7292E+01  7.9450E-04
 -1.7280E+01  8.6414E-04
 -1.7268E+01  9.4807E-04
 -1.7256E+01  1.0469E-03
 -1.7244E+01  1.1609E-03
 -1.7232E+01  1.2893E-03
 -1.7220E+01  1.4312E-03
 -1.7208E+01  1.5847E-03
 -1.7196E+01  1.7473E-03
 -1.7184E+01  1.9162E-03
 -1.7173E+01  2.0878E-03
 -1.7161E+01  2.2580E-03
 -1.7149E+01  2.4226E-03
 -1.7137E+01  2.5773E-03
 -1.7125E+01  2.7178E-03
 -1.7113E+01  2.8397E-03
 -1.7101E+01  2.9395E-03
 -1.7089E+01  3.0140E-03
 -1.7077E+01  3.0607E-03
 -1.7065E+01  3.0780E-03
 -1.7053E+01  3.0652E-03
 -1.7042E+01  3.0224E-03
 -1.7030E+01  2.9507E-03
 -1.7018E+01  2.8521E-03
 -1.7006E+01  2.7292E-03
 -1.6994E+01  2.5857E-03
 -1.6982E+01  2.4253E-03
 -1.6970E+01  2.2527E-03
 -1.6958E+01  2.0724E-03
 -1.6946E+01  1.8894E-03
 -1.6934E+01  1.7083E-03
 -1.6922E+01  1.5338E-03
 -1.6911E+01  1.3699E-03
 -1.6899E+01  1.2202E-03
 -1.6887E+01  1.0875E-03
 -1.6875E+01  9.7403E-04
 -1.6863E+01  8.8092E-04
 -1.6851E+01  8.0849E-04
 -1.6839E+01  7.5622E-04
 -1.6827E+01  7.2276E-04
 -1.6815E+01  7.0604E-04
 -1.6803E+01  7.0345E-04
 -1.6791E+01  7.1194E-04
 -1.6780E+01  7.2818E-04
 -1.6768E+01  7.4879E-04
 -1.6756E+01  7.7045E-04
 -1.6744E+01  7.9007E-04
 -1.6732E+01  8.0497E-04
 -1.6720E+01  8.1295E-04
 -1.6708E+01  8.1244E-04
 -1.6696E+01  8.0251E-04
 -1.6684E+01  7.8294E-04
 -1.6672E+01  7.5423E-04
 -1.6660E+01  7.1748E-04
 -1.6649E+01  6.7441E-04
 -1.6637E+01  6.2719E-04
 -1.6625E+01  5.7833E-04
 -1.6613E+01  5.3052E-04
 -1.6601E+01  4.8651E-04
 -1.6589E+01  4.4895E-04
 -1.6577E+01  4.2027E-04
 -1.6565E+01  4.0253E-04
 -1.6553E+01  3.9737E-04
 -1.6541E+01  4.0595E-04
 -1.6529E+01  4.2885E-04
 -1.6518E+01  4.6614E-04
 -1.6506E+01  5.1732E-04
 -1.6494E+01  5.8143E-04
 -1.6482E+01  6.5708E-04
 -1.6470E+01  7.4253E-04
 -1.6458E+01  8.3583E-04
 -1.6446E+01  9.3490E-04
 -1.6434E+01  1.0377E-03
 -1.6422E+01  1.1422E-03
 -1.6410E+01  1.2466E-03
 -1.6398E+01  1.3496E-03
 -1.6387E+01  1.4498E-03
 -1.6375E+01  1.5467E-03
 -1.6363E+01  1.6396E-03
 -1.6351E+01  1.7285E-03
 -1.6339E+01  1.8135E-03
 -1.6327E+01  1.8950E-03
 -1.6315E+01  1.9732E-03
 -1.6303E+01  2.0488E-03
 -1.6291E+01  2.1220E-03
 -1.6279E+01  2.1931E-03
 -1.6267E+01  2.2620E-03
 -1.6256E+01  2.3285E-03
 -1.6244E+01  2.3920E-03
 -1.6232E+01  2.4516E-03
 -1.6220E+01  2.5063E-03
 -1.6208E+01  2.5547E-03
 -1.6196E+01  2.5951E-03
 -1.6184E+01  2.6262E-03
 -1.6172E+01  2.6461E-03
 -1.6160E+01  2.6534E-03
 -1.6148E+01  2.6466E-03
 -1.6136E+01  2.6248E-03
 -1.6125E+01  2.5871E-03
 -1.6113E+01  2.5332E-03
 -1.6101E+01  2.4631E-03
 -1.6089E+01  2.3776E-03
 -1.6077E+01  2.2776E-03
 -1.6065E+01  2.1649E-03
 -1.6053E+01  2.0416E-03
 -1.6041E+01  1.9100E-03
 -1.6029E+01  1.7731E-03
 -1.6017E+01  1.6338E-03
 -1.6005E+01  1.4952E-03
 -1.5994E+01  1.3602E-03
 -1.5982E+01  1.2316E-03
 -1.5970E+01  1.1118E-03
 -1.5958E+01  1.0028E-03
 -1.5946E+01  9.0587E-04
 -1.5934E+01  8.2189E-04
 -1.5922E+01  7.5103E-04
 -1.5910E+01  6.9290E-04
 -1.5898E+01  6.4657E-04
 -1.5886E+01  6.1063E-04
 -1.5874E+01  5.8334E-04
 -1.5863E+01  5.6268E-04
 -1.5851E+01  5.4654E-04
 -1.5839E+01  5.3282E-04
 -1.5827E+01  5.1957E-04
 -1.5815E+01  5.0509E-04
 -1.5803E+01  4.8806E-04
 -1.5791E+01  4.6760E-04
 -1.5779E+01  4.4332E-04
 -1.5767E+01  4.1533E-04
 -1.5755E+01  3.8425E-04
 -1.5743E+01  3.5111E-04
 -1.5732E+01  3.1733E-04
 -1.5720E+01  2.8459E-04
 -1.5708E+01  2.5472E-04
 -1.5696E+01  2.2958E-04
 -1.5684E+01  2.1093E-04
 -1.5672E+01  2.0033E-04
 -1.5660E+01  1.9903E-04
 -1.5648E+01  2.0790E-04
 -1.5636E+01  2.2735E-04
 -1.5624E+01  2.5734E-04
 -1.5612E+01  2.9734E-04
 -1.5601E+01  3.4639E-04
 -1.5589E+01  4.0317E-04
 -1.5577E+01  4.6608E-04
 -1.5565E+01  5.3334E-04
 -1.5553E+01  6.0318E-04
 -1.5541E+01  6.7388E-04
 -1.5529E+01  7.4399E-04
 -1.5517E+01  8.1238E-04
 -1.5505E+01  8.7835E-04
 -1.5493E+01  9.4173E-04
 -1.5481E+01  1.0028E-03
 -1.5470E+01  1.0625E-03
 -1.5458E+01  1.1220E-03
 -1.5446E+01  1.1829E-03
 -1.5434E+01  1.2473E-03
 -1.5422E+01  1.3171E-03
 -1.5410E+01  1.3943E-03
 -1.5398E+01  1.4808E-03
 -1.5386E+01  1.5779E-03
 -1.5374E+01  1.6864E-03
 -1.5362E+01  1.8067E-03
 -1.5350E+01  1.9383E-03
 -1.5339E+01  2.0798E-03
 -1.5327E+01  2.2291E-03
 -1.5315E+01  2.3834E-03
 -1.5303E+01  2.5391E-03
 -1.5291E+01  2.6921E-03
 -1.5279E+01  2.8379E-03
 -1.5267E+01  2.9720E-03
 -1.5255E+01  3.0895E-03
 -1.5243E+01  3.1860E-03
 -1.5231E+01  3.2576E-03
 -1.5219E+01  3.3008E-03
 -1.5208E+01  3.3130E-03
 -1.5196E+01  3.2927E-03
 -1.5184E+01  3.2394E-03
 -1.5172E+01  3.1538E-03
 -1.5160E+01  3.0378E-03
 -1.5148E+01  2.8946E-03
 -1.5136E+01  2.7282E-03
 -1.5124E+01  2.5438E-03
 -1.5112E+01  2.3471E-03
 -1.5100E+01  2.1441E-03
 -1.5088E+01  1.9410E-03
 -1.5077E+01  1.7439E-03
 -1.5065E+01  1.5583E-03
 -1.5053E+01  1.3889E-03
 -1.5041E+01  1.2395E-03
 -1.5029E+01  1.1128E-03
 -1.5017E+01  1.0104E-03
 -1.5005E+01  9.3247E-04
 -1.4993E+01  8.7813E-04
 -1.4981E+01  8.4535E-04
 -1.4969E+01  8.3116E-04
 -1.4957E+01  8.3183E-04
 -1.4946E+01  8.4313E-04
 -1.4934E+01  8.6053E-04
 -1.4922E+01  8.7956E-04
 -1.4910E+01  8.9598E-04
 -1.4898E+01  9.0611E-04
 -1.4886E+01  9.0702E-04
 -1.4874E+01  8.9666E-04
 -1.4862E+01  8.7402E-04
 -1.4850E+01  8.3912E-04
 -1.4838E+01  7.9301E-04
 -1.4826E+01  7.3764E-04
 -1.4815E+01  6.7575E-04
 -1.4803E+01  6.1062E-04
 -1.4791E+01  5.4592E-04
 -1.4779E+01  4.8537E-04
 -1.4767E+01  4.3255E-04
 -1.4755E+01  3.9067E-04
 -1.4743E+01  3.6228E-04
 -1.4731E+01  3.4919E-04
 -1.4719E+01  3.5229E-04
 -1.4707E+01  3.7150E-04
 -1.4695E+01  4.0576E-04
 -1.4684E+01  4.5317E-04
 -1.4672E+01  5.1105E-04
 -1.4660E+01  5.7622E-04
 -1.4648E+01  6.4523E-04
 -1.4636E+01  7.1462E-04
 -1.4624E+01  7.8123E-04
 -1.4612E+01  8.4251E-04
 -1.4600E+01  8.9673E-04
 -1.4588E+01  9.4322E-04
 -1.4576E+01  9.8248E-04
 -1.4564E+01  1.0163E-03
 -1.4553E+01  1.0477E-03
 -1.4541E+01  1.0808E-03
 -1.4529E+01  1.1208E-03
 -1.4517E+01  1.1735E-03
 -1.4505E+01  1.2452E-03
 -1.4493E+01  1.3419E-03
 -1.4481E+01  1.4694E-03
 -1.4469E+01  1.6326E-03
 -1.4457E+01  1.8348E-03
 -1.4445E+01  2.0780E-03
 -1.4433E+01  2.3620E-03
 -1.4422E+01  2.6845E-03
 -1.4410E+01  3.0412E-03
 -1.4398E+01  3.4253E-03
 -1.4386E+01  3.8280E-03
 -1.4374E+01  4.2390E-03
 -1.4362E+01  4.6462E-03
 -1.4350E+01  5.0370E-03
 -1.4338E+01  5.3979E-03
 -1.4326E+01  5.7159E-03
 -1.4314E+01  5.9787E-03
 -1.4302E+01  6.1757E-03
 -1.4291E+01  6.2980E-03
 -1.4279E+01  6.3399E-03
 -1.4267E+01  6.2985E-03
 -1.4255E+01  6.1745E-03
 -1.4243E+01  5.9724E-03
 -1.4231E+01  5.7001E-03
 -1.4219E+01  5.3689E-03
 -1.4207E+01  4.9933E-03
 -1.4195E+01  4.5896E-03
 -1.4183E+01  4.1762E-03
 -1.4171E+01  3.7718E-03
 -1.4160E+01  3.3954E-03
 -1.4148E+01  3.0646E-03
 -1.4136E+01  2.7954E-03
 -1.4124E+01  2.6011E-03
 -1.4112E+01  2.4920E-03
 -1.4100E+01  2.4743E-03
 -1.4088E+01  2.5503E-03
 -1.4076E+01  2.7179E-03
 -1.4064E+01  2.9709E-03
 -1.4052E+01  3.2990E-03
 -1.4040E+01  3.6886E-03
 -1.4029E+01  4.1232E-03
 -1.4017E+01  4.5849E-03
 -1.4005E+01  5.0546E-03
 -1.3993E+01  5.5142E-03
 -1.3981E+01  5.9467E-03
 -1.3969E+01  6.3384E-03
 -1.3957E+01  6.6789E-03
 -1.3945E+01  6.9628E-03
 -1.3933E+01  7.1901E-03
 -1.3921E+01  7.3664E-03
 -1.3909E+01  7.5033E-03
 -1.3898E+01  7.6185E-03
 -1.3886E+01  7.7350E-03
 -1.3874E+01  7.8810E-03
 -1.3862E+01  8.0885E-03
 -1.3850E+01  8.3924E-03
 -1.3838E+01  8.8289E-03
 -1.3826E+01  9.4342E-03
 -1.3814E+01  1.0243E-02
 -1.3802E+01  1.1285E-02
 -1.3790E+01  1.2587E-02
 -1.3778E+01  1.4167E-02
 -1.3767E+01  1.6038E-02
 -1.3755E+01  1.8201E-02
 -1.3743E+01  2.0650E-02
 -1.3731E+01  2.3370E-02
 -1.3719E+01  2.6334E-02
 -1.3707E+01  2.9507E-02
 -1.3695E+01  3.2847E-02
 -1.3683E+01  3.6301E-02
 -1.3671E+01  3.9812E-02
 -1.3659E+01  4.3316E-02
 -1.3647E+01  4.6745E-02
 -1.3636E+01  5.0032E-02
 -1.3624E+01  5.3107E-02
 -1.3612E+01  5.5906E-02
 -1.3600E+01  5.8367E-02
 -1.3588E+01  6.0439E-02
 -1.3576E+01  6.2076E-02
 -1.3564E+01  6.3246E-02
 -1.3552E+01  6.3927E-02
 -1.3540E+01  6.4111E-02
 -1.3528E+01  6.3799E-02
 -1.3517E+01  6.3005E-02
 -1.3505E+01  6.1755E-02
 -1.3493E+01  6.0080E-02
 -1.3481E+01  5.8022E-02
 -1.3469E+01  5.5627E-02
 -1.3457E+01  5.2947E-02
 -1.3445E+01  5.0035E-02
 -1.3433E+01  4.6948E-02
 -1.3421E+01  4.3741E-02
 -1.3409E+01  4.0470E-02
 -1.3397E+01  3.7187E-02
 -1.3386E+01  3.3943E-02
 -1.3374E+01  3.0783E-02
 -1.3362E+01  2.7745E-02
 -1.3350E+01  2.4862E-02
 -1.3338E+01  2.2162E-02
 -1.3326E+01  1.9663E-02
 -1.3314E+01  1.7377E-02
 -1.3302E+01  1.5309E-02
 -1.3290E+01  1.3458E-02
 -1.3278E+01  1.1817E-02
 -1.3266E+01  1.0376E-02
 -1.3255E+01  9.1184E-03
 -1.3243E+01  8.0288E-03
 -1.3231E+01  7.0884E-03
 -1.3219E+01  6.2785E-03
 -1.3207E+01  5.5803E-03
 -1.3195E+01  4.9762E-03
 -1.3183E+01  4.4502E-03
 -1.3171E+01  3.9877E-03
 -1.3159E+01  3.5765E-03
 -1.3147E+01  3.2064E-03
 -1.3135E+01  2.8695E-03
 -1.3124E+01  2.5599E-03
 -1.3112E+01  2.2734E-03
 -1.3100E+01  2.0075E-03
 -1.3088E+01  1.7610E-03
 -1.3076E+01  1.5337E-03
 -1.3064E+01  1.3259E-03
 -1.3052E+01  1.1383E-03
 -1.3040E+01  9.7156E-04
 -1.3028E+01  8.2619E-04
 -1.3016E+01  7.0234E-04
 -1.3004E+01  5.9970E-04
 -1.2993E+01  5.1745E-04
 -1.2981E+01  4.5424E-04
 -1.2969E+01  4.0825E-04
 -1.2957E+01  3.7727E-04
 -1.2945E+01  3.5883E-04
 -1.2933E+01  3.5032E-04
 -1.2921E+01  3.4914E-04
 -1.2909E+01  3.5281E-04
 -1.2897E+01  3.5912E-04
 -1.2885E+01  3.6623E-04
 -1.2873E+01  3.7271E-04
 -1.2862E+01  3.7762E-04
 -1.2850E+01  3.8047E-04
 -1.2838E+01  3.8122E-04
 -1.2826E+01  3.8023E-04
 -1.2814E+01  3.7815E-04
 -1.2802E+01  3.7585E-04
 -1.2790E+01  3.7431E-04
 -1.2778E+01  3.7452E-04
 -1.2766E+01  3.7737E-04
 -1.2754E+01  3.8357E-04
 -1.2742E+01  3.9361E-04
 -1.2731E+01  4.0766E-04
 -1.2719E+01  4.2559E-04
 -1.2707E+01  4.4693E-04
 -1.2695E+01  4.7095E-04
 -1.2683E+01  4.9667E-04
 -1.2671E+01  5.2291E-04
 -1.2659E+01  5.4840E-04
 -1.2647E+01  5.7185E-04
 -1.2635E+01  5.9200E-04
 -1.2623E+01  6.0774E-04
 -1.2611E+01  6.1811E-04
 -1.2600E+01  6.2244E-04
 -1.2588E+01  6.2029E-04
 -1.2576E+01  6.1153E-04
 -1.2564E+01  5.9633E-04
 -1.2552E+01  5.7513E-04
 -1.2540E+01  5.4862E-04
 -1.2528E+01  5.1771E-04
 -1.2516E+01  4.8348E-04
 -1.2504E+01  4.4707E-04
 -1.2492E+01  4.0968E-04
 -1.2480E+01  3.7248E-04
 -1.2469E+01  3.3652E-04
 -1.2457E+01  3.0272E-04
 -1.2445E+01  2.7180E-04
 -1.2433E+01  2.4427E-04
 -1.2421E+01  2.2041E-04
 -1.2409E+01  2.0027E-04
 -1.2397E+01  1.8371E-04
 -1.2385E+01  1.7039E-04
 -1.2373E+01  1.5985E-04
 -1.2361E+01  1.5153E-04
 -1.2349E+01  1.4483E-04
 -1.2338E+01  1.3914E-04
 -1.2326E+01  1.3392E-04
 -1.2314E+01  1.2869E-04
 -1.2302E+01  1.2307E-04
 -1.2290E+01  1.1684E-04
 -1.2278E+01  1.0989E-04
 -1.2266E+01  1.0228E-04
 -1.2254E+01  9.4166E-05
 -1.2242E+01  8.5832E-05
 -1.2230E+01  7.7637E-05
 -1.2218E+01  6.9989E-05
 -1.2207E+01  6.3315E-05
 -1.2195E+01  5.8027E-05
 -1.2183E+01  5.4489E-05
 -1.2171E+01  5.2998E-05
 -1.2159E+01  5.3762E-05
 -1.2147E+01  5.6886E-05
 -1.2135E+01  6.2370E-05
 -1.2123E+01  7.0112E-05
 -1.2111E+01  7.9913E-05
 -1.2099E+01  9.1497E-05
 -1.2087E+01  1.0452E-04
 -1.2076E+01  1.1862E-04
 -1.2064E+01  1.3338E-04
 -1.2052E+01  1.4845E-04
 -1.2040E+01  1.6346E-04
 -1.2028E+01  1.7813E-04
 -1.2016E+01  1.9223E-04
 -1.2004E+01  2.0560E-04
 -1.1992E+01  2.1819E-04
 -1.1980E+01  2.2998E-04
 -1.1968E+01  2.4106E-04
 -1.1956E+01  2.5154E-04
 -1.1945E+01  2.6158E-04
 -1.1933E+01  2.7137E-04
 -1.1921E+01  2.8108E-04
 -1.1909E+01  2.9088E-04
 -1.1897E+01  3.0089E-04
 -1.1885E+01  3.1121E-04
 -1.1873E+01  3.2189E-04
 -1.1861E+01  3.3290E-04
 -1.1849E+01  3.4420E-04
 -1.1837E+01  3.5567E-04
 -1.1825E+01  3.6719E-04
 -1.1814E+01  3.7857E-04
 -1.1802E+01  3.8964E-04
 -1.1790E+01  4.0021E-04
 -1.1778E+01  4.1012E-04
 -1.1766E+01  4.1919E-04
 -1.1754E+01  4.2729E-04
 -1.1742E+01  4.3430E-04
 -1.1730E+01  4.4012E-04
 -1.1718E+01  4.4469E-04
 -1.1706E+01  4.4794E-04
 -1.1694E+01  4.4982E-04
 -1.1683E+01  4.5028E-04
 -1.1671E+01  4.4927E-04
 -1.1659E+01  4.4675E-04
 -1.1647E+01  4.4263E-04
 -1.1635E+01  4.3686E-04
 -1.1623E+01  4.2937E-04
 -1.1611E+01  4.2009E-04
 -1.1599E+01  4.0897E-04
 -1.1587E+01  3.9598E-04
 -1.1575E+01  3.8113E-04
 -1.1563E+01  3.6445E-04
 -1.1552E+01  3.4604E-04
 -1.1540E+01  3.2607E-04
 -1.1528E+01  3.0475E-04
 -1.1516E+01  2.8239E-04
 -1.1504E+01  2.5933E-04
 -1.1492E+01  2.3600E-04
 -1.1480E+01  2.1287E-04
 -1.1468E+01  1.9044E-04
 -1.1456E+01  1.6924E-04
 -1.1444E+01  1.4979E-04
 -1.1432E+01  1.3256E-04
 -1.1421E+01  1.1798E-04
 -1.1409E+01  1.0637E-04
 -1.1397E+01  9.7969E-05
 -1.1385E+01  9.2850E-05
 -1.1373E+01  9.0953E-05
 -1.1361E+01  9.2066E-05
 -1.1349E+01  9.5832E-05
 -1.1337E+01  1.0176E-04
 -1.1325E+01  1.0925E-04
 -1.1313E+01  1.1763E-04
 -1.1301E+01  1.2619E-04
 -1.1290E+01  1.3420E-04
 -1.1278E+01  1.4099E-04
 -1.1266E+01  1.4597E-04
 -1.1254E+01  1.4866E-04
 -1.1242E+01  1.4874E-04
 -1.1230E+01  1.4607E-04
 -1.1218E+01  1.4068E-04
 -1.1206E+01  1.3281E-04
 -1.1194E+01  1.2289E-04
 -1.1182E+01  1.1150E-04
 -1.1170E+01  9.9373E-05
 -1.1159E+01  8.7321E-05
 -1.1147E+01  7.6201E-05
 -1.1135E+01  6.6859E-05
 -1.1123E+01  6.0080E-05
 -1.1111E+01  5.6533E-05
 -1.1099E+01  5.6736E-05
 -1.1087E+01  6.1021E-05
 -1.1075E+01  6.9521E-05
 -1.1063E+01  8.2168E-05
 -1.1051E+01  9.8702E-05
 -1.1039E+01  1.1870E-04
 -1.1028E+01  1.4164E-04
 -1.1016E+01  1.6689E-04
 -1.1004E+01  1.9384E-04
 -1.0992E+01  2.2194E-04
 -1.0980E+01  2.5075E-04
 -1.0968E+01  2.8001E-04
 -1.0956E+01  3.0969E-04
 -1.0944E+01  3.4005E-04
 -1.0932E+01  3.7158E-04
 -1.0920E+01  4.0509E-04
 -1.0908E+01  4.4161E-04
 -1.0897E+01  4.8237E-04
 -1.0885E+01  5.2868E-04
 -1.0873E+01  5.8189E-04
 -1.0861E+01  6.4326E-04
 -1.0849E+01  7.1381E-04
 -1.0837E+01  7.9425E-04
 -1.0825E+01  8.8482E-04
 -1.0813E+01  9.8524E-04
 -1.0801E+01  1.0946E-03
 -1.0789E+01  1.2113E-03
 -1.0777E+01  1.3331E-03
 -1.0766E+01  1.4572E-03
 -1.0754E+01  1.5802E-03
 -1.0742E+01  1.6982E-03
 -1.0730E+01  1.8072E-03
 -1.0718E+01  1.9031E-03
 -1.0706E+01  1.9820E-03
 -1.0694E+01  2.0407E-03
 -1.0682E+01  2.0761E-03
 -1.0670E+01  2.0866E-03
 -1.0658E+01  2.0711E-03
 -1.0646E+01  2.0299E-03
 -1.0635E+01  1.9647E-03
 -1.0623E+01  1.8782E-03
 -1.0611E+01  1.7744E-03
 -1.0599E+01  1.6584E-03
 -1.0587E+01  1.5365E-03
 -1.0575E+01  1.4154E-03
 -1.0563E+01  1.3025E-03
 -1.0551E+01  1.2053E-03
 -1.0539E+01  1.1311E-03
 -1.0527E+01  1.0866E-03
 -1.0515E+01  1.0776E-03
 -1.0504E+01  1.1085E-03
 -1.0492E+01  1.1822E-03
 -1.0480E+01  1.2999E-03
 -1.0468E+01  1.4608E-03
 -1.0456E+01  1.6625E-03
 -1.0444E+01  1.9005E-03
 -1.0432E+01  2.1692E-03
 -1.0420E+01  2.4617E-03
 -1.0408E+01  2.7704E-03
 -1.0396E+01  3.0875E-03
 -1.0384E+01  3.4057E-03
 -1.0373E+01  3.7187E-03
 -1.0361E+01  4.0215E-03
 -1.0349E+01  4.3119E-03
 -1.0337E+01  4.5901E-03
 -1.0325E+01  4.8596E-03
 -1.0313E+01  5.1277E-03
 -1.0301E+01  5.4054E-03
 -1.0289E+01  5.7073E-03
 -1.0277E+01  6.0517E-03
 -1.0265E+01  6.4602E-03
 -1.0253E+01  6.9566E-03
 -1.0242E+01  7.5665E-03
 -1.0230E+01  8.3164E-03
 -1.0218E+01  9.2321E-03
 -1.0206E+01  1.0338E-02
 -1.0194E+01  1.1656E-02
 -1.0182E+01  1.3204E-02
 -1.0170E+01  1.4995E-02
 -1.0158E+01  1.7033E-02
 -1.0146E+01  1.9319E-02
 -1.0134E+01  2.1842E-02
 -1.0122E+01  2.4584E-02
 -1.0111E+01  2.7518E-02
 -1.0099E+01  3.0608E-02
 -1.0087E+01  3.3809E-02
 -1.0075E+01  3.7071E-02
 -1.0063E+01  4.0336E-02
 -1.0051E+01  4.3542E-02
 -1.0039E+01  4.6627E-02
 -1.0027E+01  4.9528E-02
 -1.0015E+01  5.2183E-02
 -1.0003E+01  5.4536E-02
 -9.9915E+00  5.6533E-02
 -9.9796E+00  5.8131E-02
 -9.9677E+00  5.9291E-02
 -9.9558E+00  5.9986E-02
 -9.9439E+00  6.0198E-02
 -9.9319E+00  5.9918E-02
 -9.9200E+00  5.9151E-02
 -9.9081E+00  5.7910E-02
 -9.8962E+00  5.6220E-02
 -9.8843E+00  5.4118E-02
 -9.8724E+00  5.1649E-02
 -9.8605E+00  4.8868E-02
 -9.8486E+00  4.5836E-02
 -9.8367E+00  4.2620E-02
 -9.8248E+00  3.9288E-02
 -9.8129E+00  3.5910E-02
 -9.8010E+00  3.2553E-02
 -9.7890E+00  2.9278E-02
 -9.7771E+00  2.6143E-02
 -9.7652E+00  2.3195E-02
 -9.7533E+00  2.0474E-02
 -9.7414E+00  1.8008E-02
 -9.7295E+00  1.5817E-02
 -9.7176E+00  1.3910E-02
 -9.7057E+00  1.2288E-02
 -9.6938E+00  1.0942E-02
 -9.6819E+00  9.8547E-03
 -9.6700E+00  9.0043E-03
 -9.6580E+00  8.3621E-03
 -9.6461E+00  7.8959E-03
 -9.6342E+00  7.5715E-03
 -9.6223E+00  7.3535E-03
 -9.6104E+00  7.2078E-03
 -9.5985E+00  7.1020E-03
 -9.5866E+00  7.0074E-03
 -9.5747E+00  6.8999E-03
 -9.5628E+00  6.7602E-03
 -9.5509E+00  6.5749E-03
 -9.5390E+00  6.3359E-03
 -9.5271E+00  6.0410E-03
 -9.5151E+00  5.6929E-03
 -9.5032E+00  5.2987E-03
 -9.4913E+00  4.8693E-03
 -9.4794E+00  4.4182E-03
 -9.4675E+00  3.9608E-03
 -9.4556E+00  3.5132E-03
 -9.4437E+00  3.0914E-03
 -9.4318E+00  2.7101E-03
 -9.4199E+00  2.3821E-03
 -9.4080E+00  2.1175E-03
 -9.3961E+00  1.9231E-03
 -9.3841E+00  1.8023E-03
 -9.3722E+00  1.7549E-03
 -9.3603E+00  1.7773E-03
 -9.3484E+00  1.8625E-03
 -9.3365E+00  2.0013E-03
 -9.3246E+00  2.1820E-03
 -9.3127E+00  2.3919E-03
 -9.3008E+00  2.6176E-03
 -9.2889E+00  2.8455E-03
 -9.2770E+00  3.0632E-03
 -9.2651E+00  3.2593E-03
 -9.2531E+00  3.4245E-03
 -9.2412E+00  3.5515E-03
 -9.2293E+00  3.6356E-03
 -9.2174E+00  3.6749E-03
 -9.2055E+00  3.6697E-03
 -9.1936E+00  3.6230E-03
 -9.1817E+00  3.5398E-03
 -9.1698E+00  3.4269E-03
 -9.1579E+00  3.2921E-03
 -9.1460E+00  3.1439E-03
 -9.1341E+00  2.9909E-03
 -9.1222E+00  2.8411E-03
 -9.1102E+00  2.7017E-03
 -9.0983E+00  2.5783E-03
 -9.0864E+00  2.4751E-03
 -9.0745E+00  2.3943E-03
 -9.0626E+00  2.3364E-03
 -9.0507E+00  2.2999E-03
 -9.0388E+00  2.2818E-03
 -9.0269E+00  2.2778E-03
 -9.0150E+00  2.2824E-03
 -9.0031E+00  2.2899E-03
 -8.9912E+00  2.2940E-03
 -8.9792E+00  2.2890E-03
 -8.9673E+00  2.2698E-03
 -8.9554E+00  2.2322E-03
 -8.9435E+00  2.1736E-03
 -8.9316E+00  2.0927E-03
 -8.9197E+00  1.9899E-03
 -8.9078E+00  1.8673E-03
 -8.8959E+00  1.7281E-03
 -8.8840E+00  1.5771E-03
 -8.8721E+00  1.4198E-03
 -8.8602E+00  1.2624E-03
 -8.8482E+00  1.1112E-03
 -8.8363E+00  9.7237E-04
 -8.8244E+00  8.5158E-04
 -8.8125E+00  7.5352E-04
 -8.8006E+00  6.8172E-04
 -8.7887E+00  6.3824E-04
 -8.7768E+00  6.2361E-04
 -8.7649E+00  6.3672E-04
 -8.7530E+00  6.7491E-04
 -8.7411E+00  7.3413E-04
 -8.7292E+00  8.0921E-04
 -8.7173E+00  8.9415E-04
 -8.7053E+00  9.8256E-04
 -8.6934E+00  1.0680E-03
 -8.6815E+00  1.1445E-03
 -8.6696E+00  1.2069E-03
 -8.6577E+00  1.2510E-03
 -8.6458E+00  1.2742E-03
 -8.6339E+00  1.2754E-03
 -8.6220E+00  1.2550E-03
 -8.6101E+00  1.2153E-03
 -8.5982E+00  1.1601E-03
 -8.5863E+00  1.0943E-03
 -8.5743E+00  1.0243E-03
 -8.5624E+00  9.5681E-04
 -8.5505E+00  8.9910E-04
 -8.5386E+00  8.5818E-04
 -8.5267E+00  8.4050E-04
 -8.5148E+00  8.5146E-04
 -8.5029E+00  8.9511E-04
 -8.4910E+00  9.7383E-04
 -8.4791E+00  1.0881E-03
 -8.4672E+00  1.2366E-03
 -8.4553E+00  1.4160E-03
 -8.4433E+00  1.6210E-03
 -8.4314E+00  1.8452E-03
 -8.4195E+00  2.0806E-03
 -8.4076E+00  2.3185E-03
 -8.3957E+00  2.5496E-03
 -8.3838E+00  2.7648E-03
 -8.3719E+00  2.9554E-03
 -8.3600E+00  3.1137E-03
 -8.3481E+00  3.2332E-03
 -8.3362E+00  3.3094E-03
 -8.3243E+00  3.3395E-03
 -8.3124E+00  3.3230E-03
 -8.3004E+00  3.2615E-03
 -8.2885E+00  3.1589E-03
 -8.2766E+00  3.0208E-03
 -8.2647E+00  2.8542E-03
 -8.2528E+00  2.6674E-03
 -8.2409E+00  2.4693E-03
 -8.2290E+00  2.2689E-03
 -8.2171E+00  2.0751E-03
 -8.2052E+00  1.8955E-03
 -8.1933E+00  1.7370E-03
 -8.1814E+00  1.6047E-03
 -8.1694E+00  1.5020E-03
 -8.1575E+00  1.4305E-03
 -8.1456E+00  1.3897E-03
 -8.1337E+00  1.3773E-03
 -8.1218E+00  1.3895E-03
 -8.1099E+00  1.4209E-03
 -8.0980E+00  1.4653E-03
 -8.0861E+00  1.5156E-03
 -8.0742E+00  1.5649E-03
 -8.0623E+00  1.6065E-03
 -8.0504E+00  1.6345E-03
 -8.0384E+00  1.6441E-03
 -8.0265E+00  1.6321E-03
 -8.0146E+00  1.5970E-03
 -8.0027E+00  1.5388E-03
 -7.9908E+00  1.4597E-03
 -7.9789E+00  1.3631E-03
 -7.9670E+00  1.2540E-03
 -7.9551E+00  1.1385E-03
 -7.9432E+00  1.0235E-03
 -7.9313E+00  9.1589E-04
 -7.9194E+00  8.2268E-04
 -7.9075E+00  7.5011E-04
 -7.8955E+00  7.0339E-04
 -7.8836E+00  6.8630E-04
 -7.8717E+00  7.0093E-04
 -7.8598E+00  7.4746E-04
 -7.8479E+00  8.2416E-04
 -7.8360E+00  9.2742E-04
 -7.8241E+00  1.0520E-03
 -7.8122E+00  1.1913E-03
 -7.8003E+00  1.3377E-03
 -7.7884E+00  1.4832E-03
 -7.7765E+00  1.6198E-03
 -7.7645E+00  1.7398E-03
 -7.7526E+00  1.8367E-03
 -7.7407E+00  1.9053E-03
 -7.7288E+00  1.9421E-03
 -7.7169E+00  1.9458E-03
 -7.7050E+00  1.9171E-03
 -7.6931E+00  1.8591E-03
 -7.6812E+00  1.7770E-03
 -7.6693E+00  1.6779E-03
 -7.6574E+00  1.5704E-03
 -7.6455E+00  1.4641E-03
 -7.6335E+00  1.3693E-03
 -7.6216E+00  1.2958E-03
 -7.6097E+00  1.2529E-03
 -7.5978E+00  1.2486E-03
 -7.5859E+00  1.2889E-03
 -7.5740E+00  1.3776E-03
 -7.5621E+00  1.5158E-03
 -7.5502E+00  1.7020E-03
 -7.5383E+00  1.9318E-03
 -7.5264E+00  2.1983E-03
 -7.5145E+00  2.4920E-03
 -7.5026E+00  2.8017E-03
 -7.4906E+00  3.1144E-03
 -7.4787E+00  3.4168E-03
 -7.4668E+00  3.6951E-03
 -7.4549E+00  3.9364E-03
 -7.4430E+00  4.1291E-03
 -7.4311E+00  4.2639E-03
 -7.4192E+00  4.3340E-03
 -7.4073E+00  4.3358E-03
 -7.3954E+00  4.2689E-03
 -7.3835E+00  4.1363E-03
 -7.3716E+00  3.9443E-03
 -7.3596E+00  3.7020E-03
 -7.3477E+00  3.4206E-03
 -7.3358E+00  3.1134E-03
 -7.3239E+00  2.7945E-03
 -7.3120E+00  2.4782E-03
 -7.3001E+00  2.1787E-03
 -7.2882E+00  1.9086E-03
 -7.2763E+00  1.6789E-03
 -7.2644E+00  1.4980E-03
 -7.2525E+00  1.3713E-03
 -7.2406E+00  1.3012E-03
 -7.2286E+00  1.2867E-03
 -7.2167E+00  1.3236E-03
 -7.2048E+00  1.4046E-03
 -7.1929E+00  1.5202E-03
 -7.1810E+00  1.6589E-03
 -7.1691E+00  1.8085E-03
 -7.1572E+00  1.9564E-03
 -7.1453E+00  2.0906E-03
 -7.1334E+00  2.2006E-03
 -7.1215E+00  2.2781E-03
 -7.1096E+00  2.3176E-03
 -7.0977E+00  2.3165E-03
 -7.0857E+00  2.2759E-03
 -7.0738E+00  2.2001E-03
 -7.0619E+00  2.0967E-03
 -7.0500E+00  1.9763E-03
 -7.0381E+00  1.8518E-03
 -7.0262E+00  1.7375E-03
 -7.0143E+00  1.6487E-03
 -7.0024E+00  1.6003E-03
 -6.9905E+00  1.6059E-03
 -6.9786E+00  1.6772E-03
 -6.9667E+00  1.8228E-03
 -6.9547E+00  2.0479E-03
 -6.9428E+00  2.3535E-03
 -6.9309E+00  2.7367E-03
 -6.9190E+00  3.1903E-03
 -6.9071E+00  3.7038E-03
 -6.8952E+00  4.2632E-03
 -6.8833E+00  4.8524E-03
 -6.8714E+00  5.4543E-03
 -6.8595E+00  6.0514E-03
 -6.8476E+00  6.6276E-03
 -6.8357E+00  7.1696E-03
 -6.8237E+00  7.6680E-03
 -6.8118E+00  8.1183E-03
 -6.7999E+00  8.5229E-03
 -6.7880E+00  8.8907E-03
 -6.7761E+00  9.2383E-03
 -6.7642E+00  9.5899E-03
 -6.7523E+00  9.9767E-03
 -6.7404E+00  1.0436E-02
 -6.7285E+00  1.1011E-02
 -6.7166E+00  1.1747E-02
 -6.7047E+00  1.2693E-02
 -6.6928E+00  1.3896E-02
 -6.6808E+00  1.5400E-02
 -6.6689E+00  1.7247E-02
 -6.6570E+00  1.9469E-02
 -6.6451E+00  2.2090E-02
 -6.6332E+00  2.5124E-02
 -6.6213E+00  2.8571E-02
 -6.6094E+00  3.2416E-02
 -6.5975E+00  3.6631E-02
 -6.5856E+00  4.1172E-02
 -6.5737E+00  4.5983E-02
 -6.5618E+00  5.0994E-02
 -6.5498E+00  5.6125E-02
 -6.5379E+00  6.1290E-02
 -6.5260E+00  6.6397E-02
 -6.5141E+00  7.1351E-02
 -6.5022E+00  7.6061E-02
 -6.4903E+00  8.0436E-02
 -6.4784E+00  8.4393E-02
 -6.4665E+00  8.7855E-02
 -6.4546E+00  9.0756E-02
 -6.4427E+00  9.3040E-02
 -6.4308E+00  9.4661E-02
 -6.4188E+00  9.5589E-02
 -6.4069E+00  9.5807E-02
 -6.3950E+00  9.5314E-02
 -6.3831E+00  9.4124E-02
 -6.3712E+00  9.2266E-02
 -6.3593E+00  8.9785E-02
 -6.3474E+00  8.6740E-02
 -6.3355E+00  8.3199E-02
 -6.3236E+00  7.9241E-02
 -6.3117E+00  7.4951E-02
 -6.2998E+00  7.0414E-02
 -6.2879E+00  6.5716E-02
 -6.2759E+00  6.0941E-02
 -6.2640E+00  5.6163E-02
 -6.2521E+00  5.1451E-02
 -6.2402E+00  4.6864E-02
 -6.2283E+00  4.2453E-02
 -6.2164E+00  3.8259E-02
 -6.2045E+00  3.4311E-02
 -6.1926E+00  3.0632E-02
 -6.1807E+00  2.7237E-02
 -6.1688E+00  2.4131E-02
 -6.1569E+00  2.1315E-02
 -6.1449E+00  1.8782E-02
 -6.1330E+00  1.6523E-02
 -6.1211E+00  1.4521E-02
 -6.1092E+00  1.2758E-02
 -6.0973E+00  1.1216E-02
 -6.0854E+00  9.8711E-03
 -6.0735E+00  8.7027E-03
 -6.0616E+00  7.6891E-03
 -6.0497E+00  6.8103E-03
 -6.0378E+00  6.0477E-03
 -6.0259E+00  5.3846E-03
 -6.0140E+00  4.8067E-03
 -6.0020E+00  4.3015E-03
 -5.9901E+00  3.8585E-03
 -5.9782E+00  3.4692E-03
 -5.9663E+00  3.1265E-03
 -5.9544E+00  2.8244E-03
 -5.9425E+00  2.5582E-03
 -5.9306E+00  2.3237E-03
 -5.9187E+00  2.1174E-03
 -5.9068E+00  1.9363E-03
 -5.8949E+00  1.7778E-03
 -5.8830E+00  1.6394E-03
 -5.8710E+00  1.5192E-03
 -5.8591E+00  1.4155E-03
 -5.8472E+00  1.3272E-03
 -5.8353E+00  1.2534E-03
 -5.8234E+00  1.1938E-03
 -5.8115E+00  1.1485E-03
 -5.7996E+00  1.1182E-03
 -5.7877E+00  1.1039E-03
 -5.7758E+00  1.1069E-03
 -5.7639E+00  1.1289E-03
 -5.7520E+00  1.1714E-03
 -5.7400E+00  1.2359E-03
 -5.7281E+00  1.3235E-03
 -5.7162E+00  1.4347E-03
 -5.7043E+00  1.5695E-03
 -5.6924E+00  1.7269E-03
 -5.6805E+00  1.9051E-03
 -5.6686E+00  2.1013E-03
 -5.6567E+00  2.3119E-03
 -5.6448E+00  2.5325E-03
 -5.6329E+00  2.7581E-03
 -5.6210E+00  2.9831E-03
 -5.6091E+00  3.2016E-03
 -5.5971E+00  3.4078E-03
 -5.5852E+00  3.5960E-03
 -5.5733E+00  3.7607E-03
 -5.5614E+00  3.8970E-03
 -5.5495E+00  4.0010E-03
 -5.5376E+00  4.0696E-03
 -5.5257E+00  4.1009E-03
 -5.5138E+00  4.0941E-03
 -5.5019E+00  4.0499E-03
 -5.4900E+00  3.9701E-03
 -5.4781E+00  3.8577E-03
 -5.4661E+00  3.7167E-03
 -5.4542E+00  3.5518E-03
 -5.4423E+00  3.3683E-03
 -5.4304E+00  3.1716E-03
 -5.4185E+00  2.9670E-03
 -5.4066E+00  2.7594E-03
 -5.3947E+00  2.5532E-03
 -5.3828E+00  2.3520E-03
 -5.3709E+00  2.1587E-03
 -5.3590E+00  1.9755E-03
 -5.3471E+00  1.8036E-03
 -5.3351E+00  1.6438E-03
 -5.3232E+00  1.4960E-03
 -5.3113E+00  1.3601E-03
 -5.2994E+00  1.2355E-03
 -5.2875E+00  1.1214E-03
 -5.2756E+00  1.0173E-03
 -5.2637E+00  9.2266E-04
 -5.2518E+00  8.3711E-04
 -5.2399E+00  7.6064E-04
 -5.2280E+00  6.9344E-04
 -5.2161E+00  6.3597E-04
 -5.2042E+00  5.8883E-04
 -5.1922E+00  5.5274E-04
 -5.1803E+00  5.2835E-04
 -5.1684E+00  5.1620E-04
 -5.1565E+00  5.1655E-04
 -5.1446E+00  5.2929E-04
 -5.1327E+00  5.5384E-04
 -5.1208E+00  5.8914E-04
 -5.1089E+00  6.3357E-04
 -5.0970E+00  6.8504E-04
 -5.0851E+00  7.4107E-04
 -5.0732E+00  7.9890E-04
 -5.0612E+00  8.5571E-04
 -5.0493E+00  9.0879E-04
 -5.0374E+00  9.5580E-04
 -5.0255E+00  9.9495E-04
 -5.0136E+00  1.0252E-03
 -5.0017E+00  1.0463E-03
 -4.9898E+00  1.0591E-03
 -4.9779E+00  1.0653E-03
 -4.9660E+00  1.0677E-03
 -4.9541E+00  1.0695E-03
 -4.9422E+00  1.0750E-03
 -4.9302E+00  1.0886E-03
 -4.9183E+00  1.1149E-03
 -4.9064E+00  1.1584E-03
 -4.8945E+00  1.2228E-03
 -4.8826E+00  1.3114E-03
 -4.8707E+00  1.4260E-03
 -4.8588E+00  1.5672E-03
 -4.8469E+00  1.7339E-03
 -4.8350E+00  1.9237E-03
 -4.8231E+00  2.1323E-03
 -4.8112E+00  2.3542E-03
 -4.7993E+00  2.5827E-03
 -4.7873E+00  2.8102E-03
 -4.7754E+00  3.0287E-03
 -4.7635E+00  3.2300E-03
 -4.7516E+00  3.4066E-03
 -4.7397E+00  3.5514E-03
 -4.7278E+00  3.6587E-03
 -4.7159E+00  3.7243E-03
 -4.7040E+00  3.7456E-03
 -4.6921E+00  3.7222E-03
 -4.6802E+00  3.6556E-03
 -4.6683E+00  3.5495E-03
 -4.6563E+00  3.4096E-03
 -4.6444E+00  3.2434E-03
 -4.6325E+00  3.0596E-03
 -4.6206E+00  2.8679E-03
 -4.6087E+00  2.6780E-03
 -4.5968E+00  2.4993E-03
 -4.5849E+00  2.3402E-03
 -4.5730E+00  2.2075E-03
 -4.5611E+00  2.1057E-03
 -4.5492E+00  2.0373E-03
 -4.5373E+00  2.0022E-03
 -4.5253E+00  1.9978E-03
 -4.5134E+00  2.0194E-03
 -4.5015E+00  2.0604E-03
 -4.4896E+00  2.1128E-03
 -4.4777E+00  2.1678E-03
 -4.4658E+00  2.2164E-03
 -4.4539E+00  2.2504E-03
 -4.4420E+00  2.2626E-03
 -4.4301E+00  2.2478E-03
 -4.4182E+00  2.2034E-03
 -4.4063E+00  2.1294E-03
 -4.3944E+00  2.0289E-03
 -4.3824E+00  1.9080E-03
 -4.3705E+00  1.7752E-03
 -4.3586E+00  1.6414E-03
 -4.3467E+00  1.5188E-03
 -4.3348E+00  1.4203E-03
 -4.3229E+00  1.3586E-03
 -4.3110E+00  1.3456E-03
 -4.2991E+00  1.3910E-03
 -4.2872E+00  1.5021E-03
 -4.2753E+00  1.6826E-03
 -4.2634E+00  1.9326E-03
 -4.2514E+00  2.2478E-03
 -4.2395E+00  2.6199E-03
 -4.2276E+00  3.0364E-03
 -4.2157E+00  3.4817E-03
 -4.2038E+00  3.9375E-03
 -4.1919E+00  4.3843E-03
 -4.1800E+00  4.8028E-03
 -4.1681E+00  5.1748E-03
 -4.1562E+00  5.4852E-03
 -4.1443E+00  5.7230E-03
 -4.1324E+00  5.8822E-03
 -4.1204E+00  5.9626E-03
 -4.1085E+00  5.9703E-03
 -4.0966E+00  5.9180E-03
 -4.0847E+00  5.8243E-03
 -4.0728E+00  5.7137E-03
 -4.0609E+00  5.6152E-03
 -4.0490E+00  5.5615E-03
 -4.0371E+00  5.5870E-03
 -4.0252E+00  5.7261E-03
 -4.0133E+00  6.0109E-03
 -4.0014E+00  6.4691E-03
 -3.9895E+00  7.1216E-03
 -3.9775E+00  7.9811E-03
 -3.9656E+00  9.0501E-03
 -3.9537E+00  1.0321E-02
 -3.9418E+00  1.1774E-02
 -3.9299E+00  1.3381E-02
 -3.9180E+00  1.5102E-02
 -3.9061E+00  1.6889E-02
 -3.8942E+00  1.8690E-02
 -3.8823E+00  2.0444E-02
 -3.8704E+00  2.2090E-02
 -3.8585E+00  2.3567E-02
 -3.8465E+00  2.4816E-02
 -3.8346E+00  2.5785E-02
 -3.8227E+00  2.6430E-02
 -3.8108E+00  2.6720E-02
 -3.7989E+00  2.6639E-02
 -3.7870E+00  2.6187E-02
 -3.7751E+00  2.5384E-02
 -3.7632E+00  2.4264E-02
 -3.7513E+00  2.2877E-02
 -3.7394E+00  2.1285E-02
 -3.7275E+00  1.9559E-02
 -3.7155E+00  1.7774E-02
 -3.7036E+00  1.6002E-02
 -3.6917E+00  1.4314E-02
 -3.6798E+00  1.2772E-02
 -3.6679E+00  1.1429E-02
 -3.6560E+00  1.0324E-02
 -3.6441E+00  9.4819E-03
 -3.6322E+00  8.9142E-03
 -3.6203E+00  8.6154E-03
 -3.6084E+00  8.5653E-03
 -3.5965E+00  8.7302E-03
 -3.5846E+00  9.0644E-03
 -3.5726E+00  9.5138E-03
 -3.5607E+00  1.0020E-02
 -3.5488E+00  1.0523E-02
 -3.5369E+00  1.0969E-02
 -3.5250E+00  1.1311E-02
 -3.5131E+00  1.1515E-02
 -3.5012E+00  1.1562E-02
 -3.4893E+00  1.1448E-02
 -3.4774E+00  1.1190E-02
 -3.4655E+00  1.0821E-02
 -3.4536E+00  1.0391E-02
 -3.4416E+00  9.9655E-03
 -3.4297E+00  9.6216E-03
 -3.4178E+00  9.4443E-03
 -3.4059E+00  9.5223E-03
 -3.3940E+00  9.9421E-03
 -3.3821E+00  1.0782E-02
 -3.3702E+00  1.2108E-02
 -3.3583E+00  1.3966E-02
 -3.3464E+00  1.6382E-02
 -3.3345E+00  1.9360E-02
 -3.3226E+00  2.2879E-02
 -3.3106E+00  2.6900E-02
 -3.2987E+00  3.1366E-02
 -3.2868E+00  3.6209E-02
 -3.2749E+00  4.1357E-02
 -3.2630E+00  4.6738E-02
 -3.2511E+00  5.2290E-02
 -3.2392E+00  5.7968E-02
 -3.2273E+00  6.3755E-02
 -3.2154E+00  6.9668E-02
 -3.2035E+00  7.5771E-02
 -3.1916E+00  8.2179E-02
 -3.1797E+00  8.9068E-02
 -3.1677E+00  9.6678E-02
 -3.1558E+00  1.0531E-01
 -3.1439E+00  1.1532E-01
 -3.1320E+00  1.2712E-01
 -3.1201E+00  1.4116E-01
 -3.1082E+00  1.5792E-01
 -3.0963E+00  1.7788E-01
 -3.0844E+00  2.0151E-01
 -3.0725E+00  2.2925E-01
 -3.0606E+00  2.6150E-01
 -3.0487E+00  2.9854E-01
 -3.0367E+00  3.4055E-01
 -3.0248E+00  3.8757E-01
 -3.0129E+00  4.3942E-01
 -3.0010E+00  4.9577E-01
 -2.9891E+00  5.5604E-01
 -2.9772E+00  6.1950E-01
 -2.9653E+00  6.8524E-01
 -2.9534E+00  7.5225E-01
 -2.9415E+00  8.1947E-01
 -2.9296E+00  8.8585E-01
 -2.9177E+00  9.5036E-01
 -2.9058E+00  1.0121E+00
 -2.8938E+00  1.0701E+00
 -2.8819E+00  1.1236E+00
 -2.8700E+00  1.1717E+00
 -2.8581E+00  1.2135E+00
 -2.8462E+00  1.2483E+00
 -2.8343E+00  1.2751E+00
 -2.8224E+00  1.2930E+00
 -2.8105E+00  1.3012E+00
 -2.7986E+00  1.2991E+00
 -2.7867E+00  1.2863E+00
 -2.7748E+00  1.2629E+00
 -2.7628E+00  1.2293E+00
 -2.7509E+00  1.1862E+00
 -2.7390E+00  1.1350E+00
 -2.7271E+00  1.0770E+00
 -2.7152E+00  1.0138E+00
 -2.7033E+00  9.4700E-01
 -2.6914E+00  8.7810E-01
 -2.6795E+00  8.0841E-01
 -2.6676E+00  7.3903E-01
 -2.6557E+00  6.7089E-01
 -2.6438E+00  6.0477E-01
 -2.6318E+00  5.4134E-01
 -2.6199E+00  4.8124E-01
 -2.6080E+00  4.2508E-01
 -2.5961E+00  3.7343E-01
 -2.5842E+00  3.2682E-01
 -2.5723E+00  2.8563E-01
 -2.5604E+00  2.5012E-01
 -2.5485E+00  2.2028E-01
 -2.5366E+00  1.9591E-01
 -2.5247E+00  1.7655E-01
 -2.5128E+00  1.6160E-01
 -2.5009E+00  1.5037E-01
 -2.4889E+00  1.4213E-01
 -2.4770E+00  1.3613E-01
 -2.4651E+00  1.3171E-01
 -2.4532E+00  1.2824E-01
 -2.4413E+00  1.2520E-01
 -2.4294E+00  1.2212E-01
 -2.4175E+00  1.1863E-01
 -2.4056E+00  1.1447E-01
 -2.3937E+00  1.0949E-01
 -2.3818E+00  1.0363E-01
 -2.3699E+00  9.6932E-02
 -2.3579E+00  8.9536E-02
 -2.3460E+00  8.1661E-02
 -2.3341E+00  7.3575E-02
 -2.3222E+00  6.5565E-02
 -2.3103E+00  5.7907E-02
 -2.2984E+00  5.0844E-02
 -2.2865E+00  4.4581E-02
 -2.2746E+00  3.9275E-02
 -2.2627E+00  3.5042E-02
 -2.2508E+00  3.1961E-02
 -2.2389E+00  3.0074E-02
 -2.2269E+00  2.9382E-02
 -2.2150E+00  2.9840E-02
 -2.2031E+00  3.1357E-02
 -2.1912E+00  3.3789E-02
 -2.1793E+00  3.6953E-02
 -2.1674E+00  4.0638E-02
 -2.1555E+00  4.4626E-02
 -2.1436E+00  4.8708E-02
 -2.1317E+00  5.2699E-02
 -2.1198E+00  5.6439E-02
 -2.1079E+00  5.9800E-02
 -2.0960E+00  6.2666E-02
 -2.0840E+00  6.4927E-02
 -2.0721E+00  6.6460E-02
 -2.0602E+00  6.7128E-02
 -2.0483E+00  6.6799E-02
 -2.0364E+00  6.5377E-02
 -2.0245E+00  6.2869E-02
 -2.0126E+00  5.9424E-02
 -2.0007E+00  5.5336E-02
 -1.9888E+00  5.0990E-02
 -1.9769E+00  4.6765E-02
 -1.9650E+00  4.2927E-02
 -1.9530E+00  3.9548E-02
 -1.9411E+00  3.6469E-02
 -1.9292E+00  3.3377E-02
 -1.9173E+00  3.0030E-02
 -1.9054E+00  2.6501E-02
 -1.8935E+00  2.3202E-02
 -1.8816E+00  2.0684E-02
 -1.8697E+00  1.9336E-02
 -1.8578E+00  1.8898E-02
 -1.8459E+00  1.7318E-02
 -1.8340E+00  1.6221E-02
 -1.8220E+00  9.0906E-03
 -1.8101E+00  7.1014E-03
 -1.7982E+00  2.3514E-02
 -1.7863E+00  1.8786E-02
 -1.7744E+00  1.2546E-02
 -1.7625E+00  3.7531E-02
 -1.7506E+00  7.0670E-03
 -1.7387E+00  5.9744E-03
 -1.7268E+00  7.5660E-03
 -1.7149E+00  2.6566E-03
 -1.7030E+00  3.3132E-03
 -1.6911E+00  1.1188E-02
 -1.6791E+00  1.6063E-02
 -1.6672E+00  2.7246E-03
 -1.6553E+00  2.5581E-03
 -1.6434E+00  8.5409E-03
 -1.6315E+00  1.4750E-02
 -1.6196E+00  1.4458E-02
 -1.6077E+00  4.1700E-03
 -1.5958E+00  2.2581E-03
 -1.5839E+00  1.3266E-03
 -1.5720E+00  9.4622E-04
 -1.5601E+00  1.1213E-03
 -1.5481E+00  4.1310E-03
 -1.5362E+00  4.1895E-02
 -1.5243E+00  1.6468E-02
 -1.5124E+00  5.5795E-03
 -1.5005E+00  3.6503E-03
 -1.4886E+00  3.3665E-03
 -1.4767E+00  6.2362E-03
 -1.4648E+00  1.3677E-02
 -1.4529E+00  2.0734E-03
 -1.4410E+00  9.5818E-04
 -1.4291E+00  6.3737E-04
 -1.4171E+00  4.9673E-04
 -1.4052E+00  4.1295E-04
 -1.3933E+00  3.5537E-04
 -1.3814E+00  3.1294E-04
 -1.3695E+00  2.8055E-04
 -1.3576E+00  2.5542E-04
 -1.3457E+00  2.3589E-04
 -1.3338E+00  2.2087E-04
 -1.3219E+00  2.0959E-04
 -1.3100E+00  2.0147E-04
 -1.2981E+00  1.9608E-04
 -1.2862E+00  1.9309E-04
 -1.2742E+00  1.9227E-04
 -1.2623E+00  1.9349E-04
 -1.2504E+00  1.9679E-04
 -1.2385E+00  2.0237E-04
 -1.2266E+00  2.1077E-04
 -1.2147E+00  2.2322E-04
 -1.2028E+00  2.3990E-04
 -1.1909E+00  2.6626E-04
 -1.1790E+00  3.1288E-04
 -1.1671E+00  4.2308E-04
 -1.1552E+00  1.1481E-03
 -1.1432E+00  6.0097E-03
 -1.1313E+00  9.1909E-03
 -1.1194E+00  5.2173E-03
 -1.1075E+00  3.5709E-03
 -1.0956E+00  6.4392E-03
 -1.0837E+00  7.0975E-02
 -1.0718E+00  4.2600E-02
 -1.0599E+00  2.2668E-02
 -1.0480E+00  1.6005E-02
 -1.0361E+00  2.7627E-02
 -1.0242E+00  1.7027E-03
 -1.0122E+00  2.8389E-04
 -1.0003E+00  5.6166E-04
 -9.8843E-01  7.8496E-04
 -9.7652E-01  2.4039E-04
 -9.6461E-01  2.6785E-04
 -9.5271E-01  9.0687E-04
 -9.4080E-01  8.1335E-05
 -9.2889E-01  4.2612E-05
 -9.1698E-01  5.4877E-05
 -9.0507E-01  6.7331E-05
 -8.9316E-01  8.3548E-05
 -8.8125E-01  1.2751E-04
 -8.6934E-01  4.4989E-04
 -8.5743E-01  5.2080E-04
 -8.4553E-01  7.6252E-05
 -8.3362E-01  4.2761E-05
 -8.2171E-01  3.9739E-05
 -8.0980E-01  9.4044E-05
 -7.9789E-01  1.2009E-04
 -7.8598E-01  3.1320E-05
 -7.7407E-01  3.5959E-05
 -7.6216E-01  5.1543E-04
 -7.5026E-01  2.7381E-05
 -7.3835E-01  3.1950E-05
 -7.2644E-01  3.8328E-05
 -7.1453E-01  2.7794E-05
 -7.0262E-01  4.1482E-05
 -6.9071E-01  3.2246E-05
 -6.7880E-01  3.7476E-05
 -6.6689E-01  4.0100E-05
 -6.5498E-01  4.5792E-05
 -6.4308E-01  4.8485E-05
 -6.3117E-01  5.4898E-05
 -6.1926E-01  5.1121E-05
 -6.0735E-01  7.0562E-05
 -5.9544E-01  4.8563E-05
 -5.8353E-01  2.4799E-04
 -5.7162E-01  4.5335E-05
 -5.5971E-01  6.2376E-05
 -5.4781E-01  4.3478E-05
 -5.3590E-01  4.1862E-05
 -5.2399E-01  9.7878E-05
 -5.1208E-01  4.1339E-05
 -5.0017E-01  5.0775E-05
 -4.8826E-01  7.2424E-05
 -4.7635E-01  4.9116E-05
 -4.6444E-01  6.8344E-05
 -4.5253E-01  1.2191E-04
 -4.4063E-01  6.5209E-05
 -4.2872E-01  7.6599E-05
 -4.1681E-01  1.8424E-03
 -4.0490E-01  9.1642E-05
 -3.9299E-01  9.7888E-05
 -3.8108E-01  1.1348E-04
 -3.6917E-01  1.8674E-04
 -3.5726E-01  1.3308E-04
 -3.4536E-01  1.4480E-04
 -3.3345E-01  1.5950E-04
 -3.2154E-01  3.2651E-04
 -3.0963E-01  1.9275E-04
 -2.9772E-01  1.9218E-04
 -2.8581E-01  1.9962E-04
 -2.7390E-01  2.0973E-04
 -2.6199E-01  2.6072E-04
 -2.5009E-01  3.0369E-04
 -2.3818E-01  2.2196E-04
 -2.2627E-01  2.1579E-04
 -2.1436E-01  2.1324E-04
 -2.0245E-01  2.1259E-04
 -1.9054E-01  2.2031E-04
 -1.7863E-01  2.9637E-04
 -1.6672E-01  5.7492E-03
 -1.5481E-01  3.4533E-04
 -1.4291E-01  2.2662E-04
 -1.3100E-01  1.9664E-04
 -1.1909E-01  1.8213E-04
 -1.0718E-01  1.7354E-04
 -9.5271E-02  1.6863E-04
 -8.3362E-02  1.6673E-04
 -7.1453E-02  1.6751E-04
 -5.9544E-02  1.7046E-04
 -4.7635E-02  1.7462E-04
 -3.5726E-02  1.7845E-04
 -2.3818E-02  1.7992E-04
 -1.1909E-02  1.7708E-04
  0.0000E+00  1.6880E-04
  1.1909E-02  1.5538E-04
  2.3818E-02  1.3849E-04
  3.5726E-02  1.2041E-04
  4.7635E-02  1.0321E-04
  5.9544E-02  8.8178E-05
  7.1453E-02  7.5874E-05
  8.3362E-02  6.6356E-05
  9.5271E-02  5.9514E-05
  1.0718E-01  5.5344E-05
  1.1909E-01  5.4310E-05
  1.3100E-01  5.8260E-05
  1.4291E-01  7.4917E-05
  1.5481E-01  1.6285E-04
  1.6672E-01  4.5867E-03
  1.7863E-01  1.2933E-04
  1.9054E-01  6.2343E-05
  2.0245E-01  5.5538E-05
  2.1436E-01  5.8142E-05
  2.2627E-01  6.4164E-05
  2.3818E-01  7.2585E-05
  2.5009E-01  9.1464E-05
  2.6199E-01  8.9585E-05
  2.7390E-01  9.6762E-05
  2.8581E-01  1.0671E-04
  2.9772E-01  1.1761E-04
  3.0963E-01  1.3818E-04
  3.2154E-01  4.3113E-04
  3.3345E-01  1.5934E-04
  3.4536E-01  1.6379E-04
  3.5726E-01  1.8524E-04
  3.6917E-01  8.6096E-04
  3.8108E-01  2.5211E-04
  3.9299E-01  2.2609E-04
  4.0490E-01  2.6188E-04
  4.1681E-01  7.7244E-03
  4.2872E-01  3.1920E-04
  4.4063E-01  3.3427E-04
  4.5253E-01  5.2163E-04
  4.6444E-01  4.6111E-04
  4.7635E-01  4.8725E-04
  4.8826E-01  5.8941E-04
  5.0017E-01  6.5498E-04
  5.1208E-01  7.4670E-04
  5.2399E-01  9.2771E-04
  5.3590E-01  9.9343E-04
  5.4781E-01  1.1455E-03
  5.5971E-01  1.3709E-03
  5.7162E-01  1.4681E-03
  5.8353E-01  2.3298E-03
  5.9544E-01  1.8380E-03
  6.0735E-01  2.0875E-03
  6.1926E-01  2.2408E-03
  6.3117E-01  2.4940E-03
  6.4308E-01  2.6996E-03
  6.5498E-01  3.0923E-03
  6.6689E-01  3.2668E-03
  6.7880E-01  4.5087E-03
  6.9071E-01  3.8666E-03
  7.0262E-01  2.5189E-02
  7.1453E-01  4.5079E-03
  7.2644E-01  1.1463E-02
  7.3835E-01  6.3477E-03
  7.5026E-01  5.5453E-03
  7.6216E-01  8.6361E-02
  7.7407E-01  5.8432E-03
  7.8598E-01  5.1886E-03
  7.9789E-01  1.0240E-02
  8.0980E-01  6.2572E-03
  8.2171E-01  4.3025E-03
  8.3362E-01  4.2318E-03
  8.4553E-01  5.4520E-03
  8.5743E-01  3.3794E-02
  8.6934E-01  3.9736E-02
  8.8125E-01  1.2947E-02
  8.9316E-01  8.3838E-03
  9.0507E-01  6.3336E-03
  9.1698E-01  4.8461E-03
  9.2889E-01  3.5342E-03
  9.4080E-01  2.3267E-03
  9.5271E-01  5.8390E-03
  9.6461E-01  3.4060E-03
  9.7652E-01  3.2417E-03
  9.8843E-01  8.7974E-03
  1.0003E+00  7.3776E-03
  1.0122E+00  2.9185E-03
  1.0242E+00  3.0068E-03
  1.0361E+00  6.6855E-03
  1.0480E+00  2.0757E-03
  1.0599E+00  1.4370E-03
  1.0718E+00  1.2616E-03
  1.0837E+00  2.8315E-03
  1.0956E+00  5.9712E-03
  1.1075E+00  3.4425E-02
  1.1194E+00  2.1549E-02
  1.1313E+00  1.9996E-01
  1.1432E+00  3.3678E-01
  1.1552E+00  1.2316E-02
  1.1671E+00  2.8687E-03
  1.1790E+00  1.3794E-03
  1.1909E+00  8.3960E-04
  1.2028E+00  5.8585E-04
  1.2147E+00  4.5087E-04
  1.2266E+00  3.7624E-04
  1.2385E+00  3.3706E-04
  1.2504E+00  3.2138E-04
  1.2623E+00  3.2304E-04
  1.2742E+00  3.3881E-04
  1.2862E+00  3.6787E-04
  1.2981E+00  4.1021E-04
  1.3100E+00  4.6704E-04
  1.3219E+00  5.4077E-04
  1.3338E+00  6.3535E-04
  1.3457E+00  7.5698E-04
  1.3576E+00  9.1560E-04
  1.3695E+00  1.1277E-03
  1.3814E+00  1.4227E-03
  1.3933E+00  1.8590E-03
  1.4052E+00  2.5715E-03
  1.4171E+00  3.9651E-03
  1.4291E+00  7.9967E-03
  1.4410E+00  4.4152E-02
  1.4529E+00  3.9859E-02
  1.4648E+00  1.9697E-02
  1.4767E+00  3.0800E-02
  1.4886E+00  8.6349E-02
  1.5005E+00  6.1405E-01
  1.5124E+00  1.5301E-01
  1.5243E+00  4.1702E-02
  1.5362E+00  2.1624E-02
  1.5481E+00  1.3888E-02
  1.5601E+00  1.7286E-02
  1.5720E+00  5.8089E-02
  1.5839E+00  3.3210E-02
  1.5958E+00  9.4200E-03
  1.6077E+00  9.0171E-03
  1.6196E+00  9.8504E-03
  1.6315E+00  9.8276E-03
  1.6434E+00  2.0581E-02
  1.6553E+00  1.1151E-01
  1.6672E+00  6.1807E-02
  1.6791E+00  1.4081E-02
  1.6911E+00  8.8618E-03
  1.7030E+00  1.8800E-02
  1.7149E+00  8.0012E-03
  1.7268E+00  6.7588E-03
  1.7387E+00  1.8359E-02
  1.7506E+00  4.8395E-02
  1.7625E+00  1.3712E-02
  1.7744E+00  3.3277E-02
  1.7863E+00  1.0711E-02
  1.7982E+00  5.9638E-03
  1.8101E+00  6.9573E-03
  1.8220E+00  1.3210E-02
  1.8340E+00  8.2835E-03
  1.8459E+00  7.0783E-03
  1.8578E+00  5.9555E-03
  1.8697E+00  5.3069E-03
  1.8816E+00  4.8241E-03
  1.8935E+00  4.4584E-03
  1.9054E+00  4.1789E-03
  1.9173E+00  3.9513E-03
  1.9292E+00  3.7756E-03
  1.9411E+00  3.6837E-03
  1.9530E+00  3.7096E-03
  1.9650E+00  3.8683E-03
  1.9769E+00  4.1517E-03
  1.9888E+00  4.5338E-03
  2.0007E+00  4.9775E-03
  2.0126E+00  5.4428E-03
  2.0245E+00  5.8947E-03
  2.0364E+00  6.3072E-03
  2.0483E+00  6.6643E-03
  2.0602E+00  6.9576E-03
  2.0721E+00  7.1847E-03
  2.0840E+00  7.3481E-03
  2.0960E+00  7.4560E-03
  2.1079E+00  7.5238E-03
  2.1198E+00  7.5727E-03
  2.1317E+00  7.6301E-03
  2.1436E+00  7.7271E-03
  2.1555E+00  7.8974E-03
  2.1674E+00  8.1745E-03
  2.1793E+00  8.5892E-03
  2.1912E+00  9.1679E-03
  2.2031E+00  9.9303E-03
  2.2150E+00  1.0889E-02
  2.2269E+00  1.2050E-02
  2.2389E+00  1.3415E-02
  2.2508E+00  1.4981E-02
  2.2627E+00  1.6744E-02
  2.2746E+00  1.8697E-02
  2.2865E+00  2.0826E-02
  2.2984E+00  2.3110E-02
  2.3103E+00  2.5519E-02
  2.3222E+00  2.8005E-02
  2.3341E+00  3.0509E-02
  2.3460E+00  3.2953E-02
  2.3579E+00  3.5252E-02
  2.3699E+00  3.7313E-02
  2.3818E+00  3.9048E-02
  2.3937E+00  4.0382E-02
  2.4056E+00  4.1262E-02
  2.4175E+00  4.1663E-02
  2.4294E+00  4.1582E-02
  2.4413E+00  4.1044E-02
  2.4532E+00  4.0087E-02
  2.4651E+00  3.8758E-02
  2.4770E+00  3.7110E-02
  2.4889E+00  3.5195E-02
  2.5009E+00  3.3065E-02
  2.5128E+00  3.0768E-02
  2.5247E+00  2.8353E-02
  2.5366E+00  2.5873E-02
  2.5485E+00  2.3379E-02
  2.5604E+00  2.0925E-02
  2.5723E+00  1.8562E-02
  2.5842E+00  1.6338E-02
  2.5961E+00  1.4296E-02
  2.6080E+00  1.2466E-02
  2.6199E+00  1.0865E-02
  2.6318E+00  9.4960E-03
  2.6438E+00  8.3512E-03
  2.6557E+00  7.4130E-03
  2.6676E+00  6.6571E-03
  2.6795E+00  6.0548E-03
  2.6914E+00  5.5753E-03
  2.7033E+00  5.1883E-03
  2.7152E+00  4.8659E-03
  2.7271E+00  4.5841E-03
  2.7390E+00  4.3245E-03
  2.7509E+00  4.0751E-03
  2.7628E+00  3.8306E-03
  2.7748E+00  3.5927E-03
  2.7867E+00  3.3692E-03
  2.7986E+00  3.1725E-03
  2.8105E+00  3.0188E-03
  2.8224E+00  2.9254E-03
  2.8343E+00  2.9096E-03
  2.8462E+00  2.9867E-03
  2.8581E+00  3.1687E-03
  2.8700E+00  3.4627E-03
  2.8819E+00  3.8703E-03
  2.8938E+00  4.3864E-03
  2.9058E+00  4.9995E-03
  2.9177E+00  5.6914E-03
  2.9296E+00  6.4382E-03
  2.9415E+00  7.2115E-03
  2.9534E+00  7.9808E-03
  2.9653E+00  8.7158E-03
  2.9772E+00  9.3890E-03
  2.9891E+00  9.9787E-03
  3.0010E+00  1.0471E-02
  3.0129E+00  1.0862E-02
  3.0248E+00  1.1157E-02
  3.0367E+00  1.1375E-02
  3.0487E+00  1.1546E-02
  3.0606E+00  1.1707E-02
  3.0725E+00  1.1908E-02
  3.0844E+00  1.2206E-02
  3.0963E+00  1.2661E-02
  3.1082E+00  1.3337E-02
  3.1201E+00  1.4294E-02
  3.1320E+00  1.5588E-02
  3.1439E+00  1.7262E-02
  3.1558E+00  1.9348E-02
  3.1677E+00  2.1859E-02
  3.1797E+00  2.4789E-02
  3.1916E+00  2.8114E-02
  3.2035E+00  3.1791E-02
  3.2154E+00  3.5763E-02
  3.2273E+00  3.9957E-02
  3.2392E+00  4.4291E-02
  3.2511E+00  4.8672E-02
  3.2630E+00  5.3002E-02
  3.2749E+00  5.7176E-02
  3.2868E+00  6.1086E-02
  3.2987E+00  6.4624E-02
  3.3106E+00  6.7686E-02
  3.3226E+00  7.0176E-02
  3.3345E+00  7.2011E-02
  3.3464E+00  7.3129E-02
  3.3583E+00  7.3491E-02
  3.3702E+00  7.3088E-02
  3.3821E+00  7.1940E-02
  3.3940E+00  7.0094E-02
  3.4059E+00  6.7625E-02
  3.4178E+00  6.4627E-02
  3.4297E+00  6.1205E-02
  3.4416E+00  5.7474E-02
  3.4536E+00  5.3547E-02
  3.4655E+00  4.9532E-02
  3.4774E+00  4.5531E-02
  3.4893E+00  4.1628E-02
  3.5012E+00  3.7898E-02
  3.5131E+00  3.4397E-02
  3.5250E+00  3.1168E-02
  3.5369E+00  2.8235E-02
  3.5488E+00  2.5610E-02
  3.5607E+00  2.3288E-02
  3.5726E+00  2.1253E-02
  3.5846E+00  1.9477E-02
  3.5965E+00  1.7925E-02
  3.6084E+00  1.6558E-02
  3.6203E+00  1.5335E-02
  3.6322E+00  1.4217E-02
  3.6441E+00  1.3171E-02
  3.6560E+00  1.2170E-02
  3.6679E+00  1.1199E-02
  3.6798E+00  1.0253E-02
  3.6917E+00  9.3365E-03
  3.7036E+00  8.4676E-03
  3.7155E+00  7.6727E-03
  3.7275E+00  6.9861E-03
  3.7394E+00  6.4475E-03
  3.7513E+00  6.0987E-03
  3.7632E+00  5.9800E-03
  3.7751E+00  6.1274E-03
  3.7870E+00  6.5687E-03
  3.7989E+00  7.3218E-03
  3.8108E+00  8.3928E-03
  3.8227E+00  9.7759E-03
  3.8346E+00  1.1454E-02
  3.8465E+00  1.3400E-02
  3.8585E+00  1.5581E-02
  3.8704E+00  1.7961E-02
  3.8823E+00  2.0503E-02
  3.8942E+00  2.3180E-02
  3.9061E+00  2.5970E-02
  3.9180E+00  2.8871E-02
  3.9299E+00  3.1897E-02
  3.9418E+00  3.5085E-02
  3.9537E+00  3.8500E-02
  3.9656E+00  4.2229E-02
  3.9775E+00  4.6387E-02
  3.9895E+00  5.1113E-02
  4.0014E+00  5.6566E-02
  4.0133E+00  6.2917E-02
  4.0252E+00  7.0349E-02
  4.0371E+00  7.9045E-02
  4.0490E+00  8.9185E-02
  4.0609E+00  1.0094E-01
  4.0728E+00  1.1444E-01
  4.0847E+00  1.2982E-01
  4.0966E+00  1.4715E-01
  4.1085E+00  1.6644E-01
  4.1204E+00  1.8768E-01
  4.1324E+00  2.1076E-01
  4.1443E+00  2.3550E-01
  4.1562E+00  2.6163E-01
  4.1681E+00  2.8883E-01
  4.1800E+00  3.1668E-01
  4.1919E+00  3.4473E-01
  4.2038E+00  3.7246E-01
  4.2157E+00  3.9934E-01
  4.2276E+00  4.2486E-01
  4.2395E+00  4.4850E-01
  4.2514E+00  4.6979E-01
  4.2634E+00  4.8831E-01
  4.2753E+00  5.0371E-01
  4.2872E+00  5.1568E-01
  4.2991E+00  5.2399E-01
  4.3110E+00  5.2847E-01
  4.3229E+00  5.2901E-01
  4.3348E+00  5.2557E-01
  4.3467E+00  5.1819E-01
  4.3586E+00  5.0697E-01
  4.3705E+00  4.9209E-01
  4.3824E+00  4.7384E-01
  4.3944E+00  4.5256E-01
  4.4063E+00  4.2867E-01
  4.4182E+00  4.0268E-01
  4.4301E+00  3.7511E-01
  4.4420E+00  3.4654E-01
  4.4539E+00  3.1752E-01
  4.4658E+00  2.8862E-01
  4.4777E+00  2.6034E-01
  4.4896E+00  2.3313E-01
  4.5015E+00  2.0736E-01
  4.5134E+00  1.8336E-01
  4.5253E+00  1.6134E-01
  4.5373E+00  1.4145E-01
  4.5492E+00  1.2377E-01
  4.5611E+00  1.0832E-01
  4.5730E+00  9.5025E-02
  4.5849E+00  8.3793E-02
  4.5968E+00  7.4470E-02
  4.6087E+00  6.6868E-02
  4.6206E+00  6.0773E-02
  4.6325E+00  5.5954E-02
  4.6444E+00  5.2175E-02
  4.6563E+00  4.9204E-02
  4.6683E+00  4.6822E-02
  4.6802E+00  4.4830E-02
  4.6921E+00  4.3055E-02
  4.7040E+00  4.1358E-02
  4.7159E+00  3.9628E-02
  4.7278E+00  3.7791E-02
  4.7397E+00  3.5804E-02
  4.7516E+00  3.3652E-02
  4.7635E+00  3.1350E-02
  4.7754E+00  2.8930E-02
  4.7873E+00  2.6446E-02
  4.7993E+00  2.3962E-02
  4.8112E+00  2.1552E-02
  4.8231E+00  1.9288E-02
  4.8350E+00  1.7241E-02
  4.8469E+00  1.5475E-02
  4.8588E+00  1.4041E-02
  4.8707E+00  1.2975E-02
  4.8826E+00  1.2298E-02
  4.8945E+00  1.2013E-02
  4.9064E+00  1.2107E-02
  4.9183E+00  1.2552E-02
  4.9302E+00  1.3306E-02
  4.9422E+00  1.4318E-02
  4.9541E+00  1.5527E-02
  4.9660E+00  1.6868E-02
  4.9779E+00  1.8273E-02
  4.9898E+00  1.9677E-02
  5.0017E+00  2.1015E-02
  5.0136E+00  2.2228E-02
  5.0255E+00  2.3267E-02
  5.0374E+00  2.4091E-02
  5.0493E+00  2.4670E-02
  5.0612E+00  2.4986E-02
  5.0732E+00  2.5034E-02
  5.0851E+00  2.4818E-02
  5.0970E+00  2.4353E-02
  5.1089E+00  2.3663E-02
  5.1208E+00  2.2778E-02
  5.1327E+00  2.1731E-02
  5.1446E+00  2.0560E-02
  5.1565E+00  1.9299E-02
  5.1684E+00  1.7984E-02
  5.1803E+00  1.6648E-02
  5.1922E+00  1.5318E-02
  5.2042E+00  1.4021E-02
  5.2161E+00  1.2776E-02
  5.2280E+00  1.1599E-02
  5.2399E+00  1.0502E-02
  5.2518E+00  9.4900E-03
  5.2637E+00  8.5676E-03
  5.2756E+00  7.7341E-03
  5.2875E+00  6.9865E-03
  5.2994E+00  6.3196E-03
  5.3113E+00  5.7265E-03
  5.3232E+00  5.1997E-03
  5.3351E+00  4.7309E-03
  5.3471E+00  4.3125E-03
  5.3590E+00  3.9370E-03
  5.3709E+00  3.5979E-03
  5.3828E+00  3.2896E-03
  5.3947E+00  3.0075E-03
  5.4066E+00  2.7482E-03
  5.4185E+00  2.5089E-03
  5.4304E+00  2.2879E-03
  5.4423E+00  2.0837E-03
  5.4542E+00  1.8956E-03
  5.4661E+00  1.7230E-03
  5.4781E+00  1.5655E-03
  5.4900E+00  1.4225E-03
  5.5019E+00  1.2935E-03
  5.5138E+00  1.1779E-03
  5.5257E+00  1.0748E-03
  5.5376E+00  9.8361E-04
  5.5495E+00  9.0340E-04
  5.5614E+00  8.3350E-04
  5.5733E+00  7.7338E-04
  5.5852E+00  7.2272E-04
  5.5971E+00  6.8149E-04
  5.6091E+00  6.4997E-04
  5.6210E+00  6.2868E-04
  5.6329E+00  6.1839E-04
  5.6448E+00  6.2002E-04
  5.6567E+00  6.3453E-04
  5.6686E+00  6.6278E-04
  5.6805E+00  7.0544E-04
  5.6924E+00  7.6284E-04
  5.7043E+00  8.3487E-04
  5.7162E+00  9.2089E-04
  5.7281E+00  1.0197E-03
  5.7400E+00  1.1297E-03
  5.7520E+00  1.2484E-03
  5.7639E+00  1.3733E-03
  5.7758E+00  1.5012E-03
  5.7877E+00  1.6289E-03
  5.7996E+00  1.7529E-03
  5.8115E+00  1.8700E-03
  5.8234E+00  1.9771E-03
  5.8353E+00  2.0712E-03
  5.8472E+00  2.1501E-03
  5.8591E+00  2.2119E-03
  5.8710E+00  2.2556E-03
  5.8830E+00  2.2808E-03
  5.8949E+00  2.2878E-03
  5.9068E+00  2.2776E-03
  5.9187E+00  2.2520E-03
  5.9306E+00  2.2132E-03
  5.9425E+00  2.1637E-03
  5.9544E+00  2.1064E-03
  5.9663E+00  2.0441E-03
  5.9782E+00  1.9796E-03
  5.9901E+00  1.9154E-03
  6.0020E+00  1.8533E-03
  6.0140E+00  1.7951E-03
  6.0259E+00  1.7416E-03
  6.0378E+00  1.6932E-03
  6.0497E+00  1.6500E-03
  6.0616E+00  1.6113E-03
  6.0735E+00  1.5763E-03
  6.0854E+00  1.5436E-03
  6.0973E+00  1.5120E-03
  6.1092E+00  1.4802E-03
  6.1211E+00  1.4469E-03
  6.1330E+00  1.4110E-03
  6.1449E+00  1.3718E-03
  6.1569E+00  1.3288E-03
  6.1688E+00  1.2820E-03
  6.1807E+00  1.2316E-03
  6.1926E+00  1.1781E-03
  6.2045E+00  1.1225E-03
  6.2164E+00  1.0656E-03
  6.2283E+00  1.0086E-03
  6.2402E+00  9.5234E-04
  6.2521E+00  8.9795E-04
  6.2640E+00  8.4621E-04
  6.2759E+00  7.9774E-04
  6.2879E+00  7.5295E-04
  6.2998E+00  7.1199E-04
  6.3117E+00  6.7480E-04
  6.3236E+00  6.4111E-04
  6.3355E+00  6.1048E-04
  6.3474E+00  5.8239E-04
  6.3593E+00  5.5627E-04
  6.3712E+00  5.3161E-04
  6.3831E+00  5.0799E-04
  6.3950E+00  4.8515E-04
  6.4069E+00  4.6302E-04
  6.4188E+00  4.4175E-04
  6.4308E+00  4.2174E-04
  6.4427E+00  4.0359E-04
  6.4546E+00  3.8805E-04
  6.4665E+00  3.7605E-04
  6.4784E+00  3.6856E-04
  6.4903E+00  3.6660E-04
  6.5022E+00  3.7112E-04
  6.5141E+00  3.8300E-04
  6.5260E+00  4.0298E-04
  6.5379E+00  4.3164E-04
  6.5498E+00  4.6945E-04
  6.5618E+00  5.1670E-04
  6.5737E+00  5.7367E-04
  6.5856E+00  6.4059E-04
  6.5975E+00  7.1782E-04
  6.6094E+00  8.0589E-04
  6.6213E+00  9.0564E-04
  6.6332E+00  1.0183E-03
  6.6451E+00  1.1455E-03
  6.6570E+00  1.2894E-03
  6.6689E+00  1.4526E-03
  6.6808E+00  1.6383E-03
  6.6928E+00  1.8498E-03
  6.7047E+00  2.0908E-03
  6.7166E+00  2.3646E-03
  6.7285E+00  2.6747E-03
  6.7404E+00  3.0236E-03
  6.7523E+00  3.4133E-03
  6.7642E+00  3.8445E-03
  6.7761E+00  4.3167E-03
  6.7880E+00  4.8276E-03
  6.7999E+00  5.3737E-03
  6.8118E+00  5.9494E-03
  6.8237E+00  6.5479E-03
  6.8357E+00  7.1605E-03
  6.8476E+00  7.7773E-03
  6.8595E+00  8.3874E-03
  6.8714E+00  8.9788E-03
  6.8833E+00  9.5392E-03
  6.8952E+00  1.0056E-02
  6.9071E+00  1.0517E-02
  6.9190E+00  1.0910E-02
  6.9309E+00  1.1225E-02
  6.9428E+00  1.1454E-02
  6.9547E+00  1.1588E-02
  6.9667E+00  1.1625E-02
  6.9786E+00  1.1562E-02
  6.9905E+00  1.1400E-02
  7.0024E+00  1.1145E-02
  7.0143E+00  1.0802E-02
  7.0262E+00  1.0383E-02
  7.0381E+00  9.8979E-03
  7.0500E+00  9.3608E-03
  7.0619E+00  8.7859E-03
  7.0738E+00  8.1877E-03
  7.0857E+00  7.5802E-03
  7.0977E+00  6.9766E-03
  7.1096E+00  6.3886E-03
  7.1215E+00  5.8259E-03
  7.1334E+00  5.2964E-03
  7.1453E+00  4.8055E-03
  7.1572E+00  4.3565E-03
  7.1691E+00  3.9503E-03
  7.1810E+00  3.5861E-03
  7.1929E+00  3.2611E-03
  7.2048E+00  2.9714E-03
  7.2167E+00  2.7121E-03
  7.2286E+00  2.4781E-03
  7.2406E+00  2.2643E-03
  7.2525E+00  2.0661E-03
  7.2644E+00  1.8800E-03
  7.2763E+00  1.7038E-03
  7.2882E+00  1.5369E-03
  7.3001E+00  1.3802E-03
  7.3120E+00  1.2365E-03
  7.3239E+00  1.1099E-03
  7.3358E+00  1.0059E-03
  7.3477E+00  9.3075E-04
  7.3596E+00  8.9153E-04
  7.3716E+00  8.9527E-04
  7.3835E+00  9.4871E-04
  7.3954E+00  1.0579E-03
  7.4073E+00  1.2279E-03
  7.4192E+00  1.4624E-03
  7.4311E+00  1.7639E-03
  7.4430E+00  2.1338E-03
  7.4549E+00  2.5723E-03
  7.4668E+00  3.0795E-03
  7.4787E+00  3.6552E-03
  7.4906E+00  4.3003E-03
  7.5026E+00  5.0175E-03
  7.5145E+00  5.8115E-03
  7.5264E+00  6.6905E-03
  7.5383E+00  7.6666E-03
  7.5502E+00  8.7561E-03
  7.5621E+00  9.9802E-03
  7.5740E+00  1.1364E-02
  7.5859E+00  1.2939E-02
  7.5978E+00  1.4737E-02
  7.6097E+00  1.6796E-02
  7.6216E+00  1.9152E-02
  7.6335E+00  2.1844E-02
  7.6455E+00  2.4906E-02
  7.6574E+00  2.8369E-02
  7.6693E+00  3.2258E-02
  7.6812E+00  3.6589E-02
  7.6931E+00  4.1371E-02
  7.7050E+00  4.6599E-02
  7.7169E+00  5.2255E-02
  7.7288E+00  5.8310E-02
  7.7407E+00  6.4718E-02
  7.7526E+00  7.1419E-02
  7.7645E+00  7.8337E-02
  7.7765E+00  8.5382E-02
  7.7884E+00  9.2448E-02
  7.8003E+00  9.9420E-02
  7.8122E+00  1.0617E-01
  7.8241E+00  1.1257E-01
  7.8360E+00  1.1847E-01
  7.8479E+00  1.2376E-01
  7.8598E+00  1.2830E-01
  7.8717E+00  1.3197E-01
  7.8836E+00  1.3470E-01
  7.8955E+00  1.3639E-01
  7.9075E+00  1.3700E-01
  7.9194E+00  1.3651E-01
  7.9313E+00  1.3492E-01
  7.9432E+00  1.3226E-01
  7.9551E+00  1.2858E-01
  7.9670E+00  1.2396E-01
  7.9789E+00  1.1850E-01
  7.9908E+00  1.1232E-01
  8.0027E+00  1.0555E-01
  8.0146E+00  9.8322E-02
  8.0265E+00  9.0794E-02
  8.0384E+00  8.3117E-02
  8.0504E+00  7.5442E-02
  8.0623E+00  6.7917E-02
  8.0742E+00  6.0678E-02
  8.0861E+00  5.3850E-02
  8.0980E+00  4.7537E-02
  8.1099E+00  4.1824E-02
  8.1218E+00  3.6773E-02
  8.1337E+00  3.2420E-02
  8.1456E+00  2.8776E-02
  8.1575E+00  2.5830E-02
  8.1694E+00  2.3545E-02
  8.1814E+00  2.1870E-02
  8.1933E+00  2.0733E-02
  8.2052E+00  2.0052E-02
  8.2171E+00  1.9737E-02
  8.2290E+00  1.9694E-02
  8.2409E+00  1.9829E-02
  8.2528E+00  2.0051E-02
  8.2647E+00  2.0277E-02
  8.2766E+00  2.0436E-02
  8.2885E+00  2.0468E-02
  8.3004E+00  2.0332E-02
  8.3124E+00  1.9999E-02
  8.3243E+00  1.9461E-02
  8.3362E+00  1.8724E-02
  8.3481E+00  1.7810E-02
  8.3600E+00  1.6756E-02
  8.3719E+00  1.5607E-02
  8.3838E+00  1.4417E-02
  8.3957E+00  1.3245E-02
  8.4076E+00  1.2152E-02
  8.4195E+00  1.1196E-02
  8.4314E+00  1.0433E-02
  8.4433E+00  9.9097E-03
  8.4553E+00  9.6648E-03
  8.4672E+00  9.7258E-03
  8.4791E+00  1.0108E-02
  8.4910E+00  1.0813E-02
  8.5029E+00  1.1830E-02
  8.5148E+00  1.3135E-02
  8.5267E+00  1.4692E-02
  8.5386E+00  1.6454E-02
  8.5505E+00  1.8368E-02
  8.5624E+00  2.0374E-02
  8.5743E+00  2.2409E-02
  8.5863E+00  2.4409E-02
  8.5982E+00  2.6315E-02
  8.6101E+00  2.8068E-02
  8.6220E+00  2.9619E-02
  8.6339E+00  3.0923E-02
  8.6458E+00  3.1947E-02
  8.6577E+00  3.2666E-02
  8.6696E+00  3.3064E-02
  8.6815E+00  3.3136E-02
  8.6934E+00  3.2889E-02
  8.7053E+00  3.2334E-02
  8.7173E+00  3.1497E-02
  8.7292E+00  3.0405E-02
  8.7411E+00  2.9095E-02
  8.7530E+00  2.7606E-02
  8.7649E+00  2.5982E-02
  8.7768E+00  2.4264E-02
  8.7887E+00  2.2495E-02
  8.8006E+00  2.0713E-02
  8.8125E+00  1.8952E-02
  8.8244E+00  1.7244E-02
  8.8363E+00  1.5612E-02
  8.8482E+00  1.4074E-02
  8.8602E+00  1.2642E-02
  8.8721E+00  1.1324E-02
  8.8840E+00  1.0121E-02
  8.8959E+00  9.0313E-03
  8.9078E+00  8.0498E-03
  8.9197E+00  7.1684E-03
  8.9316E+00  6.3776E-03
  8.9435E+00  5.6673E-03
  8.9554E+00  5.0270E-03
  8.9673E+00  4.4472E-03
  8.9792E+00  3.9194E-03
  8.9912E+00  3.4363E-03
  9.0031E+00  2.9924E-03
  9.0150E+00  2.5838E-03
  9.0269E+00  2.2081E-03
  9.0388E+00  1.8644E-03
  9.0507E+00  1.5527E-03
  9.0626E+00  1.2739E-03
  9.0745E+00  1.0291E-03
  9.0864E+00  8.1961E-04
  9.0983E+00  6.4627E-04
  9.1102E+00  5.0937E-04
  9.1222E+00  4.0838E-04
  9.1341E+00  3.4177E-04
  9.1460E+00  3.0704E-04
  9.1579E+00  3.0068E-04
  9.1698E+00  3.1841E-04
  9.1817E+00  3.5530E-04
  9.1936E+00  4.0615E-04
  9.2055E+00  4.6573E-04
  9.2174E+00  5.2917E-04
  9.2293E+00  5.9229E-04
  9.2412E+00  6.5185E-04
  9.2531E+00  7.0585E-04
  9.2651E+00  7.5359E-04
  9.2770E+00  7.9582E-04
  9.2889E+00  8.3468E-04
  9.3008E+00  8.7359E-04
  9.3127E+00  9.1703E-04
  9.3246E+00  9.7028E-04
  9.3365E+00  1.0391E-03
  9.3484E+00  1.1293E-03
  9.3603E+00  1.2462E-03
  9.3722E+00  1.3948E-03
  9.3841E+00  1.5784E-03
  9.3961E+00  1.7993E-03
  9.4080E+00  2.0579E-03
  9.4199E+00  2.3527E-03
  9.4318E+00  2.6804E-03
  9.4437E+00  3.0358E-03
  9.4556E+00  3.4121E-03
  9.4675E+00  3.8010E-03
  9.4794E+00  4.1931E-03
  9.4913E+00  4.5782E-03
  9.5032E+00  4.9458E-03
  9.5151E+00  5.2855E-03
  9.5271E+00  5.5874E-03
  9.5390E+00  5.8424E-03
  9.5509E+00  6.0428E-03
  9.5628E+00  6.1825E-03
  9.5747E+00  6.2571E-03
  9.5866E+00  6.2646E-03
  9.5985E+00  6.2049E-03
  9.6104E+00  6.0804E-03
  9.6223E+00  5.8954E-03
  9.6342E+00  5.6562E-03
  9.6461E+00  5.3706E-03
  9.6580E+00  5.0477E-03
  9.6700E+00  4.6972E-03
  9.6819E+00  4.3292E-03
  9.6938E+00  3.9535E-03
  9.7057E+00  3.5795E-03
  9.7176E+00  3.2155E-03
  9.7295E+00  2.8687E-03
  9.7414E+00  2.5447E-03
  9.7533E+00  2.2477E-03
  9.7652E+00  1.9805E-03
  9.7771E+00  1.7442E-03
  9.7890E+00  1.5386E-03
  9.8010E+00  1.3622E-03
  9.8129E+00  1.2125E-03
  9.8248E+00  1.0863E-03
  9.8367E+00  9.8005E-04
  9.8486E+00  8.8968E-04
  9.8605E+00  8.1139E-04
  9.8724E+00  7.4164E-04
  9.8843E+00  6.7739E-04
  9.8962E+00  6.1625E-04
  9.9081E+00  5.5660E-04
  9.9200E+00  4.9761E-04
  9.9319E+00  4.3920E-04
  9.9439E+00  3.8201E-04
  9.9558E+00  3.2724E-04
  9.9677E+00  2.7650E-04
  9.9796E+00  2.3165E-04
  9.9915E+00  1.9459E-04
  1.0003E+01  1.6709E-04
  1.0015E+01  1.5058E-04
  1.0027E+01  1.4605E-04
  1.0039E+01  1.5389E-04
  1.0051E+01  1.7385E-04
  1.0063E+01  2.0500E-04
  1.0075E+01  2.4580E-04
  1.0087E+01  2.9415E-04
  1.0099E+01  3.4756E-04
  1.0111E+01  4.0326E-04
  1.0122E+01  4.5846E-04
  1.0134E+01  5.1046E-04
  1.0146E+01  5.5692E-04
  1.0158E+01  5.9596E-04
  1.0170E+01  6.2639E-04
  1.0182E+01  6.4772E-04
  1.0194E+01  6.6031E-04
  1.0206E+01  6.6533E-04
  1.0218E+01  6.6480E-04
  1.0230E+01  6.6140E-04
  1.0242E+01  6.5846E-04
  1.0253E+01  6.5968E-04
  1.0265E+01  6.6901E-04
  1.0277E+01  6.9034E-04
  1.0289E+01  7.2730E-04
  1.0301E+01  7.8305E-04
  1.0313E+01  8.6002E-04
  1.0325E+01  9.5977E-04
  1.0337E+01  1.0828E-03
  1.0349E+01  1.2287E-03
  1.0361E+01  1.3957E-03
  1.0373E+01  1.5811E-03
  1.0384E+01  1.7811E-03
  1.0396E+01  1.9913E-03
  1.0408E+01  2.2062E-03
  1.0420E+01  2.4200E-03
  1.0432E+01  2.6267E-03
  1.0444E+01  2.8202E-03
  1.0456E+01  2.9947E-03
  1.0468E+01  3.1448E-03
  1.0480E+01  3.2660E-03
  1.0492E+01  3.3547E-03
  1.0504E+01  3.4085E-03
  1.0515E+01  3.4263E-03
  1.0527E+01  3.4082E-03
  1.0539E+01  3.3554E-03
  1.0551E+01  3.2704E-03
  1.0563E+01  3.1568E-03
  1.0575E+01  3.0187E-03
  1.0587E+01  2.8610E-03
  1.0599E+01  2.6887E-03
  1.0611E+01  2.5069E-03
  1.0623E+01  2.3207E-03
  1.0635E+01  2.1347E-03
  1.0646E+01  1.9531E-03
  1.0658E+01  1.7792E-03
  1.0670E+01  1.6159E-03
  1.0682E+01  1.4651E-03
  1.0694E+01  1.3278E-03
  1.0706E+01  1.2045E-03
  1.0718E+01  1.0947E-03
  1.0730E+01  9.9757E-04
  1.0742E+01  9.1168E-04
  1.0754E+01  8.3531E-04
  1.0766E+01  7.6661E-04
  1.0777E+01  7.0376E-04
  1.0789E+01  6.4509E-04
  1.0801E+01  5.8925E-04
  1.0813E+01  5.3524E-04
  1.0825E+01  4.8255E-04
  1.0837E+01  4.3114E-04
  1.0849E+01  3.8143E-04
  1.0861E+01  3.3424E-04
  1.0873E+01  2.9075E-04
  1.0885E+01  2.5236E-04
  1.0897E+01  2.2058E-04
  1.0908E+01  1.9687E-04
  1.0920E+01  1.8258E-04
  1.0932E+01  1.7872E-04
  1.0944E+01  1.8598E-04
  1.0956E+01  2.0457E-04
  1.0968E+01  2.3424E-04
  1.0980E+01  2.7430E-04
  1.0992E+01  3.2360E-04
  1.1004E+01  3.8072E-04
  1.1016E+01  4.4399E-04
  1.1028E+01  5.1172E-04
  1.1039E+01  5.8230E-04
  1.1051E+01  6.5438E-04
  1.1063E+01  7.2705E-04
  1.1075E+01  7.9997E-04
  1.1087E+01  8.7349E-04
  1.1099E+01  9.4874E-04
  1.1111E+01  1.0277E-03
  1.1123E+01  1.1131E-03
  1.1135E+01  1.2085E-03
  1.1147E+01  1.3180E-03
  1.1159E+01  1.4465E-03
  1.1170E+01  1.5988E-03
  1.1182E+01  1.7800E-03
  1.1194E+01  1.9948E-03
  1.1206E+01  2.2476E-03
  1.1218E+01  2.5418E-03
  1.1230E+01  2.8802E-03
  1.1242E+01  3.2639E-03
  1.1254E+01  3.6928E-03
  1.1266E+01  4.1653E-03
  1.1278E+01  4.6780E-03
  1.1290E+01  5.2257E-03
  1.1301E+01  5.8016E-03
  1.1313E+01  6.3973E-03
  1.1325E+01  7.0028E-03
  1.1337E+01  7.6071E-03
  1.1349E+01  8.1983E-03
  1.1361E+01  8.7640E-03
  1.1373E+01  9.2920E-03
  1.1385E+01  9.7703E-03
  1.1397E+01  1.0188E-02
  1.1409E+01  1.0536E-02
  1.1421E+01  1.0806E-02
  1.1432E+01  1.0992E-02
  1.1444E+01  1.1091E-02
  1.1456E+01  1.1100E-02
  1.1468E+01  1.1021E-02
  1.1480E+01  1.0855E-02
  1.1492E+01  1.0607E-02
  1.1504E+01  1.0283E-02
  1.1516E+01  9.8917E-03
  1.1528E+01  9.4406E-03
  1.1540E+01  8.9401E-03
  1.1552E+01  8.4009E-03
  1.1563E+01  7.8339E-03
  1.1575E+01  7.2504E-03
  1.1587E+01  6.6612E-03
  1.1599E+01  6.0768E-03
  1.1611E+01  5.5065E-03
  1.1623E+01  4.9588E-03
  1.1635E+01  4.4408E-03
  1.1647E+01  3.9580E-03
  1.1659E+01  3.5144E-03
  1.1671E+01  3.1124E-03
  1.1683E+01  2.7532E-03
  1.1694E+01  2.4363E-03
  1.1706E+01  2.1603E-03
  1.1718E+01  1.9227E-03
  1.1730E+01  1.7204E-03
  1.1742E+01  1.5497E-03
  1.1754E+01  1.4067E-03
  1.1766E+01  1.2874E-03
  1.1778E+01  1.1879E-03
  1.1790E+01  1.1043E-03
  1.1802E+01  1.0335E-03
  1.1814E+01  9.7258E-04
  1.1825E+01  9.1903E-04
  1.1837E+01  8.7103E-04
  1.1849E+01  8.2718E-04
  1.1861E+01  7.8656E-04
  1.1873E+01  7.4866E-04
  1.1885E+01  7.1328E-04
  1.1897E+01  6.8050E-04
  1.1909E+01  6.5053E-04
  1.1921E+01  6.2370E-04
  1.1933E+01  6.0032E-04
  1.1945E+01  5.8070E-04
  1.1956E+01  5.6500E-04
  1.1968E+01  5.5331E-04
  1.1980E+01  5.4555E-04
  1.1992E+01  5.4152E-04
  1.2004E+01  5.4086E-04
  1.2016E+01  5.4314E-04
  1.2028E+01  5.4784E-04
  1.2040E+01  5.5438E-04
  1.2052E+01  5.6219E-04
  1.2064E+01  5.7072E-04
  1.2076E+01  5.7948E-04
  1.2087E+01  5.8802E-04
  1.2099E+01  5.9602E-04
  1.2111E+01  6.0321E-04
  1.2123E+01  6.0943E-04
  1.2135E+01  6.1455E-04
  1.2147E+01  6.1854E-04
  1.2159E+01  6.2136E-04
  1.2171E+01  6.2299E-04
  1.2183E+01  6.2341E-04
  1.2195E+01  6.2255E-04
  1.2207E+01  6.2034E-04
  1.2218E+01  6.1662E-04
  1.2230E+01  6.1125E-04
  1.2242E+01  6.0402E-04
  1.2254E+01  5.9472E-04
  1.2266E+01  5.8317E-04
  1.2278E+01  5.6920E-04
  1.2290E+01  5.5271E-04
  1.2302E+01  5.3367E-04
  1.2314E+01  5.1215E-04
  1.2326E+01  4.8834E-04
  1.2338E+01  4.6253E-04
  1.2349E+01  4.3515E-04
  1.2361E+01  4.0673E-04
  1.2373E+01  3.7788E-04
  1.2385E+01  3.4931E-04
  1.2397E+01  3.2175E-04
  1.2409E+01  2.9597E-04
  1.2421E+01  2.7268E-04
  1.2433E+01  2.5254E-04
  1.2445E+01  2.3609E-04
  1.2457E+01  2.2373E-04
  1.2469E+01  2.1569E-04
  1.2480E+01  2.1200E-04
  1.2492E+01  2.1248E-04
  1.2504E+01  2.1674E-04
  1.2516E+01  2.2424E-04
  1.2528E+01  2.3423E-04
  1.2540E+01  2.4589E-04
  1.2552E+01  2.5829E-04
  1.2564E+01  2.7049E-04
  1.2576E+01  2.8158E-04
  1.2588E+01  2.9072E-04
  1.2600E+01  2.9722E-04
  1.2611E+01  3.0054E-04
  1.2623E+01  3.0035E-04
  1.2635E+01  2.9656E-04
  1.2647E+01  2.8931E-04
  1.2659E+01  2.7898E-04
  1.2671E+01  2.6617E-04
  1.2683E+01  2.5166E-04
  1.2695E+01  2.3641E-04
  1.2707E+01  2.2146E-04
  1.2719E+01  2.0789E-04
  1.2731E+01  1.9676E-04
  1.2742E+01  1.8908E-04
  1.2754E+01  1.8569E-04
  1.2766E+01  1.8729E-04
  1.2778E+01  1.9436E-04
  1.2790E+01  2.0716E-04
  1.2802E+01  2.2575E-04
  1.2814E+01  2.4992E-04
  1.2826E+01  2.7932E-04
  1.2838E+01  3.1341E-04
  1.2850E+01  3.5153E-04
  1.2862E+01  3.9294E-04
  1.2873E+01  4.3690E-04
  1.2885E+01  4.8268E-04
  1.2897E+01  5.2963E-04
  1.2909E+01  5.7725E-04
  1.2921E+01  6.2517E-04
  1.2933E+01  6.7322E-04
  1.2945E+01  7.2140E-04
  1.2957E+01  7.6988E-04
  1.2969E+01  8.1900E-04
  1.2981E+01  8.6920E-04
  1.2993E+01  9.2096E-04
  1.3004E+01  9.7479E-04
  1.3016E+01  1.0311E-03
  1.3028E+01  1.0902E-03
  1.3040E+01  1.1522E-03
  1.3052E+01  1.2169E-03
  1.3064E+01  1.2840E-03
  1.3076E+01  1.3527E-03
  1.3088E+01  1.4220E-03
  1.3100E+01  1.4907E-03
  1.3112E+01  1.5571E-03
  1.3124E+01  1.6198E-03
  1.3135E+01  1.6769E-03
  1.3147E+01  1.7266E-03
  1.3159E+01  1.7672E-03
  1.3171E+01  1.7973E-03
  1.3183E+01  1.8156E-03
  1.3195E+01  1.8212E-03
  1.3207E+01  1.8135E-03
  1.3219E+01  1.7924E-03
  1.3231E+01  1.7581E-03
  1.3243E+01  1.7114E-03
  1.3255E+01  1.6532E-03
  1.3266E+01  1.5851E-03
  1.3278E+01  1.5086E-03
  1.3290E+01  1.4257E-03
  1.3302E+01  1.3383E-03
  1.3314E+01  1.2488E-03
  1.3326E+01  1.1590E-03
  1.3338E+01  1.0709E-03
  1.3350E+01  9.8633E-04
  1.3362E+01  9.0670E-04
  1.3374E+01  8.3313E-04
  1.3386E+01  7.6638E-04
  1.3397E+01  7.0680E-04
  1.3409E+01  6.5438E-04
  1.3421E+01  6.0873E-04
  1.3433E+01  5.6920E-04
  1.3445E+01  5.3490E-04
  1.3457E+01  5.0478E-04
  1.3469E+01  4.7777E-04
  1.3481E+01  4.5280E-04
  1.3493E+01  4.2891E-04
  1.3505E+01  4.0534E-04
  1.3517E+01  3.8155E-04
  1.3528E+01  3.5727E-04
  1.3540E+01  3.3253E-04
  1.3552E+01  3.0765E-04
  1.3564E+01  2.8319E-04
  1.3576E+01  2.5994E-04
  1.3588E+01  2.3883E-04
  1.3600E+01  2.2087E-04
  1.3612E+01  2.0710E-04
  1.3624E+01  1.9844E-04
  1.3636E+01  1.9572E-04
  1.3647E+01  1.9953E-04
  1.3659E+01  2.1028E-04
  1.3671E+01  2.2810E-04
  1.3683E+01  2.5291E-04
  1.3695E+01  2.8442E-04
  1.3707E+01  3.2220E-04
  1.3719E+01  3.6573E-04
  1.3731E+01  4.1450E-04
  1.3743E+01  4.6812E-04
  1.3755E+01  5.2636E-04
  1.3767E+01  5.8929E-04
  1.3778E+01  6.5735E-04
  1.3790E+01  7.3139E-04
  1.3802E+01  8.1270E-04
  1.3814E+01  9.0302E-04
  1.3826E+01  1.0045E-03
  1.3838E+01  1.1197E-03
  1.3850E+01  1.2512E-03
  1.3862E+01  1.4019E-03
  1.3874E+01  1.5746E-03
  1.3886E+01  1.7718E-03
  1.3898E+01  1.9954E-03
  1.3909E+01  2.2471E-03
  1.3921E+01  2.5272E-03
  1.3933E+01  2.8355E-03
  1.3945E+01  3.1704E-03
  1.3957E+01  3.5290E-03
  1.3969E+01  3.9074E-03
  1.3981E+01  4.3002E-03
  1.3993E+01  4.7010E-03
  1.4005E+01  5.1024E-03
  1.4017E+01  5.4964E-03
  1.4029E+01  5.8745E-03
  1.4040E+01  6.2279E-03
  1.4052E+01  6.5484E-03
  1.4064E+01  6.8280E-03
  1.4076E+01  7.0600E-03
  1.4088E+01  7.2384E-03
  1.4100E+01  7.3589E-03
  1.4112E+01  7.4183E-03
  1.4124E+01  7.4153E-03
  1.4136E+01  7.3501E-03
  1.4148E+01  7.2246E-03
  1.4160E+01  7.0422E-03
  1.4171E+01  6.8076E-03
  1.4183E+01  6.5272E-03
  1.4195E+01  6.2081E-03
  1.4207E+01  5.8583E-03
  1.4219E+01  5.4864E-03
  1.4231E+01  5.1012E-03
  1.4243E+01  4.7111E-03
  1.4255E+01  4.3243E-03
  1.4267E+01  3.9479E-03
  1.4279E+01  3.5881E-03
  1.4291E+01  3.2497E-03
  1.4302E+01  2.9360E-03
  1.4314E+01  2.6491E-03
  1.4326E+01  2.3896E-03
  1.4338E+01  2.1568E-03
  1.4350E+01  1.9491E-03
  1.4362E+01  1.7639E-03
  1.4374E+01  1.5983E-03
  1.4386E+01  1.4489E-03
  1.4398E+01  1.3126E-03
  1.4410E+01  1.1865E-03
  1.4422E+01  1.0681E-03
  1.4433E+01  9.5594E-04
  1.4445E+01  8.4910E-04
  1.4457E+01  7.4768E-04
  1.4469E+01  6.5264E-04
  1.4481E+01  5.6574E-04
  1.4493E+01  4.8941E-04
  1.4505E+01  4.2653E-04
  1.4517E+01  3.8029E-04
  1.4529E+01  3.5389E-04
  1.4541E+01  3.5040E-04
  1.4553E+01  3.7252E-04
  1.4564E+01  4.2242E-04
  1.4576E+01  5.0170E-04
  1.4588E+01  6.1128E-04
  1.4600E+01  7.5147E-04
  1.4612E+01  9.2205E-04
  1.4624E+01  1.1225E-03
  1.4636E+01  1.3521E-03
  1.4648E+01  1.6104E-03
  1.4660E+01  1.8973E-03
  1.4672E+01  2.2138E-03
  1.4684E+01  2.5619E-03
  1.4695E+01  2.9449E-03
  1.4707E+01  3.3681E-03
  1.4719E+01  3.8384E-03
  1.4731E+01  4.3648E-03
  1.4743E+01  4.9579E-03
  1.4755E+01  5.6298E-03
  1.4767E+01  6.3939E-03
  1.4779E+01  7.2642E-03
  1.4791E+01  8.2547E-03
  1.4803E+01  9.3786E-03
  1.4815E+01  1.0647E-02
  1.4826E+01  1.2070E-02
  1.4838E+01  1.3652E-02
  1.4850E+01  1.5394E-02
  1.4862E+01  1.7293E-02
  1.4874E+01  1.9338E-02
  1.4886E+01  2.1514E-02
  1.4898E+01  2.3798E-02
  1.4910E+01  2.6164E-02
  1.4922E+01  2.8576E-02
  1.4934E+01  3.0999E-02
  1.4946E+01  3.3389E-02
  1.4957E+01  3.5703E-02
  1.4969E+01  3.7894E-02
  1.4981E+01  3.9918E-02
  1.4993E+01  4.1728E-02
  1.5005E+01  4.3281E-02
  1.5017E+01  4.4540E-02
  1.5029E+01  4.5468E-02
  1.5041E+01  4.6040E-02
  1.5053E+01  4.6233E-02
  1.5065E+01  4.6036E-02
  1.5077E+01  4.5447E-02
  1.5088E+01  4.4474E-02
  1.5100E+01  4.3133E-02
  1.5112E+01  4.1455E-02
  1.5124E+01  3.9475E-02
  1.5136E+01  3.7242E-02
  1.5148E+01  3.4806E-02
  1.5160E+01  3.2227E-02
  1.5172E+01  2.9564E-02
  1.5184E+01  2.6878E-02
  1.5196E+01  2.4229E-02
  1.5208E+01  2.1671E-02
  1.5219E+01  1.9254E-02
  1.5231E+01  1.7023E-02
  1.5243E+01  1.5011E-02
  1.5255E+01  1.3246E-02
  1.5267E+01  1.1744E-02
  1.5279E+01  1.0512E-02
  1.5291E+01  9.5489E-03
  1.5303E+01  8.8424E-03
  1.5315E+01  8.3734E-03
  1.5327E+01  8.1152E-03
  1.5339E+01  8.0354E-03
  1.5350E+01  8.0975E-03
  1.5362E+01  8.2624E-03
  1.5374E+01  8.4909E-03
  1.5386E+01  8.7446E-03
  1.5398E+01  8.9886E-03
  1.5410E+01  9.1923E-03
  1.5422E+01  9.3308E-03
  1.5434E+01  9.3860E-03
  1.5446E+01  9.3470E-03
  1.5458E+01  9.2105E-03
  1.5470E+01  8.9807E-03
  1.5481E+01  8.6691E-03
  1.5493E+01  8.2934E-03
  1.5505E+01  7.8771E-03
  1.5517E+01  7.4480E-03
  1.5529E+01  7.0369E-03
  1.5541E+01  6.6762E-03
  1.5553E+01  6.3981E-03
  1.5565E+01  6.2333E-03
  1.5577E+01  6.2089E-03
  1.5589E+01  6.3478E-03
  1.5601E+01  6.6670E-03
  1.5612E+01  7.1772E-03
  1.5624E+01  7.8819E-03
  1.5636E+01  8.7775E-03
  1.5648E+01  9.8532E-03
  1.5660E+01  1.1091E-02
  1.5672E+01  1.2468E-02
  1.5684E+01  1.3955E-02
  1.5696E+01  1.5517E-02
  1.5708E+01  1.7118E-02
  1.5720E+01  1.8719E-02
  1.5732E+01  2.0280E-02
  1.5743E+01  2.1762E-02
  1.5755E+01  2.3127E-02
  1.5767E+01  2.4342E-02
  1.5779E+01  2.5377E-02
  1.5791E+01  2.6211E-02
  1.5803E+01  2.6824E-02
  1.5815E+01  2.7207E-02
  1.5827E+01  2.7356E-02
  1.5839E+01  2.7274E-02
  1.5851E+01  2.6970E-02
  1.5863E+01  2.6456E-02
  1.5874E+01  2.5752E-02
  1.5886E+01  2.4879E-02
  1.5898E+01  2.3860E-02
  1.5910E+01  2.2722E-02
  1.5922E+01  2.1489E-02
  1.5934E+01  2.0190E-02
  1.5946E+01  1.8847E-02
  1.5958E+01  1.7486E-02
  1.5970E+01  1.6128E-02
  1.5982E+01  1.4793E-02
  1.5994E+01  1.3498E-02
  1.6005E+01  1.2257E-02
  1.6017E+01  1.1081E-02
  1.6029E+01  9.9770E-03
  1.6041E+01  8.9511E-03
  1.6053E+01  8.0053E-03
  1.6065E+01  7.1395E-03
  1.6077E+01  6.3515E-03
  1.6089E+01  5.6378E-03
  1.6101E+01  4.9936E-03
  1.6113E+01  4.4133E-03
  1.6125E+01  3.8912E-03
  1.6136E+01  3.4216E-03
  1.6148E+01  2.9991E-03
  1.6160E+01  2.6187E-03
  1.6172E+01  2.2761E-03
  1.6184E+01  1.9677E-03
  1.6196E+01  1.6906E-03
  1.6208E+01  1.4424E-03
  1.6220E+01  1.2213E-03
  1.6232E+01  1.0259E-03
  1.6244E+01  8.5490E-04
  1.6256E+01  7.0735E-04
  1.6267E+01  5.8221E-04
  1.6279E+01  4.7837E-04
  1.6291E+01  3.9461E-04
  1.6303E+01  3.2951E-04
  1.6315E+01  2.8149E-04
  1.6327E+01  2.4879E-04
  1.6339E+01  2.2954E-04
  1.6351E+01  2.2182E-04
  1.6363E+01  2.2372E-04
  1.6375E+01  2.3345E-04
  1.6387E+01  2.4935E-04
  1.6398E+01  2.7005E-04
  1.6410E+01  2.9445E-04
  1.6422E+01  3.2183E-04
  1.6434E+01  3.5181E-04
  1.6446E+01  3.8439E-04
  1.6458E+01  4.1987E-04
  1.6470E+01  4.5887E-04
  1.6482E+01  5.0220E-04
  1.6494E+01  5.5079E-04
  1.6506E+01  6.0561E-04
  1.6518E+01  6.6755E-04
  1.6529E+01  7.3732E-04
  1.6541E+01  8.1535E-04
  1.6553E+01  9.0177E-04
  1.6565E+01  9.9625E-04
  1.6577E+01  1.0981E-03
  1.6589E+01  1.2060E-03
  1.6601E+01  1.3184E-03
  1.6613E+01  1.4333E-03
  1.6625E+01  1.5482E-03
  1.6637E+01  1.6605E-03
  1.6649E+01  1.7675E-03
  1.6660E+01  1.8664E-03
  1.6672E+01  1.9546E-03
  1.6684E+01  2.0298E-03
  1.6696E+01  2.0898E-03
  1.6708E+01  2.1330E-03
  1.6720E+01  2.1584E-03
  1.6732E+01  2.1653E-03
  1.6744E+01  2.1537E-03
  1.6756E+01  2.1241E-03
  1.6768E+01  2.0774E-03
  1.6780E+01  2.0150E-03
  1.6791E+01  1.9387E-03
  1.6803E+01  1.8505E-03
  1.6815E+01  1.7527E-03
  1.6827E+01  1.6476E-03
  1.6839E+01  1.5377E-03
  1.6851E+01  1.4254E-03
  1.6863E+01  1.3130E-03
  1.6875E+01  1.2024E-03
  1.6887E+01  1.0955E-03
  1.6899E+01  9.9373E-04
  1.6911E+01  8.9828E-04
  1.6922E+01  8.0989E-04
  1.6934E+01  7.2900E-04
  1.6946E+01  6.5571E-04
  1.6958E+01  5.8983E-04
  1.6970E+01  5.3095E-04
  1.6982E+01  4.7846E-04
  1.6994E+01  4.3165E-04
  1.7006E+01  3.8975E-04
  1.7018E+01  3.5198E-04
  1.7030E+01  3.1762E-04
  1.7042E+01  2.8603E-04
  1.7053E+01  2.5669E-04
  1.7065E+01  2.2920E-04
  1.7077E+01  2.0332E-04
  1.7089E+01  1.7891E-04
  1.7101E+01  1.5597E-04
  1.7113E+01  1.3460E-04
  1.7125E+01  1.1494E-04
  1.7137E+01  9.7180E-05
  1.7149E+01  8.1530E-05
  1.7161E+01  6.8158E-05
  1.7173E+01  5.7194E-05
  1.7184E+01  4.8699E-05
  1.7196E+01  4.2659E-05
  1.7208E+01  3.8971E-05
  1.7220E+01  3.7456E-05
  1.7232E+01  3.7856E-05
  1.7244E+01  3.9852E-05
  1.7256E+01  4.3081E-05
  1.7268E+01  4.7155E-05
  1.7280E+01  5.1687E-05
  1.7292E+01  5.6306E-05
  1.7304E+01  6.0687E-05
  1.7315E+01  6.4563E-05
  1.7327E+01  6.7739E-05
  1.7339E+01  7.0105E-05
  1.7351E+01  7.1636E-05
  1.7363E+01  7.2388E-05
  1.7375E+01  7.2492E-05
  1.7387E+01  7.2141E-05
  1.7399E+01  7.1569E-05
  1.7411E+01  7.1038E-05
  1.7423E+01  7.0815E-05
  1.7435E+01  7.1149E-05
  1.7446E+01  7.2260E-05
  1.7458E+01  7.4317E-05
  1.7470E+01  7.7430E-05
  1.7482E+01  8.1640E-05
  1.7494E+01  8.6917E-05
  1.7506E+01  9.3159E-05
  1.7518E+01  1.0020E-04
  1.7530E+01  1.0783E-04
  1.7542E+01  1.1578E-04
  1.7554E+01  1.2377E-04
  1.7565E+01  1.3151E-04
  1.7577E+01  1.3871E-04
  1.7589E+01  1.4514E-04
  1.7601E+01  1.5058E-04
  1.7613E+01  1.5485E-04
  1.7625E+01  1.5787E-04
  1.7637E+01  1.5959E-04
  1.7649E+01  1.6002E-04
  1.7661E+01  1.5923E-04
  1.7673E+01  1.5734E-04
  1.7685E+01  1.5451E-04
  1.7696E+01  1.5092E-04
  1.7708E+01  1.4677E-04
  1.7720E+01  1.4227E-04
  1.7732E+01  1.3760E-04
  1.7744E+01  1.3294E-04
  1.7756E+01  1.2843E-04
  1.7768E+01  1.2418E-04
  1.7780E+01  1.2026E-04
  1.7792E+01  1.1670E-04
  1.7804E+01  1.1348E-04
  1.7816E+01  1.1055E-04
  1.7827E+01  1.0784E-04
  1.7839E+01  1.0525E-04
  1.7851E+01  1.0268E-04
  1.7863E+01  1.0002E-04
  1.7875E+01  9.7154E-05
  1.7887E+01  9.4010E-05
  1.7899E+01  9.0519E-05
  1.7911E+01  8.6644E-05
  1.7923E+01  8.2377E-05
  1.7935E+01  7.7744E-05
  1.7947E+01  7.2796E-05
  1.7958E+01  6.7613E-05
  1.7970E+01  6.2294E-05
  1.7982E+01  5.6952E-05
  1.7994E+01  5.1709E-05
  1.8006E+01  4.6682E-05
  1.8018E+01  4.1983E-05
  1.8030E+01  3.7709E-05
  1.8042E+01  3.3937E-05
  1.8054E+01  3.0725E-05
  1.8066E+01  2.8106E-05
  1.8078E+01  2.6092E-05
  1.8089E+01  2.4675E-05
  1.8101E+01  2.3831E-05
  1.8113E+01  2.3526E-05
  1.8125E+01  2.3717E-05
  1.8137E+01  2.4359E-05
  1.8149E+01  2.5413E-05
  1.8161E+01  2.6844E-05
  1.8173E+01  2.8627E-05
  1.8185E+01  3.0751E-05
  1.8197E+01  3.3214E-05
  1.8209E+01  3.6029E-05
  1.8220E+01  3.9218E-05
  1.8232E+01  4.2811E-05
  1.8244E+01  4.6841E-05
  1.8256E+01  5.1346E-05
  1.8268E+01  5.6360E-05
  1.8280E+01  6.1916E-05
  1.8292E+01  6.8037E-05
  1.8304E+01  7.4746E-05
  1.8316E+01  8.2057E-05
  1.8328E+01  8.9981E-05
  1.8340E+01  9.8529E-05
  1.8351E+01  1.0772E-04
  1.8363E+01  1.1756E-04
  1.8375E+01  1.2810E-04
  1.8387E+01  1.3939E-04
  1.8399E+01  1.5148E-04
  1.8411E+01  1.6446E-04
  1.8423E+01  1.7845E-04
  1.8435E+01  1.9355E-04
  1.8447E+01  2.0990E-04
  1.8459E+01  2.2764E-04
  1.8471E+01  2.4689E-04
  1.8482E+01  2.6776E-04
  1.8494E+01  2.9032E-04
  1.8506E+01  3.1459E-04
  1.8518E+01  3.4053E-04
  1.8530E+01  3.6802E-04
  1.8542E+01  3.9685E-04
  1.8554E+01  4.2671E-04
  1.8566E+01  4.5719E-04
  1.8578E+01  4.8776E-04
  1.8590E+01  5.1783E-04
  1.8602E+01  5.4670E-04
  1.8613E+01  5.7363E-04
  1.8625E+01  5.9784E-04
  1.8637E+01  6.1857E-04
  1.8649E+01  6.3508E-04
  1.8661E+01  6.4672E-04
  1.8673E+01  6.5294E-04
  1.8685E+01  6.5335E-04
  1.8697E+01  6.4772E-04
  1.8709E+01  6.3599E-04
  1.8721E+01  6.1832E-04
  1.8733E+01  5.9508E-04
  1.8744E+01  5.6681E-04
  1.8756E+01  5.3425E-04
  1.8768E+01  4.9833E-04
  1.8780E+01  4.6008E-04
  1.8792E+01  4.2067E-04
  1.8804E+01  3.8130E-04
  1.8816E+01  3.4322E-04
  1.8828E+01  3.0762E-04
  1.8840E+01  2.7564E-04
  1.8852E+01  2.4827E-04
  1.8864E+01  2.2629E-04
  1.8875E+01  2.1031E-04
  1.8887E+01  2.0066E-04
  1.8899E+01  1.9740E-04
  1.8911E+01  2.0034E-04
  1.8923E+01  2.0900E-04
  1.8935E+01  2.2269E-04
  1.8947E+01  2.4051E-04
  1.8959E+01  2.6140E-04
  1.8971E+01  2.8421E-04
  1.8983E+01  3.0772E-04
  1.8995E+01  3.3078E-04
  1.9006E+01  3.5227E-04
  1.9018E+01  3.7126E-04
  1.9030E+01  3.8700E-04
  1.9042E+01  3.9900E-04
  1.9054E+01  4.0707E-04
  1.9066E+01  4.1133E-04
  1.9078E+01  4.1222E-04
  1.9090E+01  4.1052E-04
  1.9102E+01  4.0728E-04
  1.9114E+01  4.0382E-04
  1.9126E+01  4.0164E-04
  1.9137E+01  4.0238E-04
  1.9149E+01  4.0772E-04
  1.9161E+01  4.1932E-04
  1.9173E+01  4.3872E-04
  1.9185E+01  4.6727E-04
  1.9197E+01  5.0604E-04
  1.9209E+01  5.5579E-04
  1.9221E+01  6.1688E-04
  1.9233E+01  6.8924E-04
  1.9245E+01  7.7238E-04
  1.9257E+01  8.6530E-04
  1.9268E+01  9.6661E-04
  1.9280E+01  1.0745E-03
  1.9292E+01  1.1868E-03
  1.9304E+01  1.3010E-03
  1.9316E+01  1.4147E-03
  1.9328E+01  1.5250E-03
  1.9340E+01  1.6293E-03
  1.9352E+01  1.7250E-03
  1.9364E+01  1.8099E-03
  1.9376E+01  1.8817E-03
  1.9388E+01  1.9390E-03
  1.9399E+01  1.9802E-03
  1.9411E+01  2.0046E-03
  1.9423E+01  2.0116E-03
  1.9435E+01  2.0014E-03
  1.9447E+01  1.9744E-03
  1.9459E+01  1.9315E-03
  1.9471E+01  1.8738E-03
  1.9483E+01  1.8030E-03
  1.9495E+01  1.7210E-03
  1.9507E+01  1.6299E-03
  1.9519E+01  1.5318E-03
  1.9530E+01  1.4289E-03
  1.9542E+01  1.3237E-03
  1.9554E+01  1.2180E-03
  1.9566E+01  1.1140E-03
  1.9578E+01  1.0132E-03
  1.9590E+01  9.1704E-04
  1.9602E+01  8.2671E-04
  1.9614E+01  7.4292E-04
  1.9626E+01  6.6615E-04
  1.9638E+01  5.9657E-04
  1.9650E+01  5.3407E-04
  1.9661E+01  4.7834E-04
  1.9673E+01  4.2890E-04
  1.9685E+01  3.8514E-04
  1.9697E+01  3.4637E-04
  1.9709E+01  3.1188E-04
  1.9721E+01  2.8097E-04
  1.9733E+01  2.5298E-04
  1.9745E+01  2.2735E-04
  1.9757E+01  2.0361E-04
  1.9769E+01  1.8140E-04
  1.9781E+01  1.6049E-04
  1.9792E+01  1.4074E-04
  1.9804E+01  1.2213E-04
  1.9816E+01  1.0470E-04
  1.9828E+01  8.8568E-05
  1.9840E+01  7.3876E-05
  1.9852E+01  6.0784E-05
  1.9864E+01  4.9437E-05
  1.9876E+01  3.9950E-05
  1.9888E+01  3.2391E-05
  1.9900E+01  2.6768E-05
  1.9912E+01  2.3026E-05
  1.9923E+01  2.1043E-05
  1.9935E+01  2.0640E-05
  1.9947E+01  2.1587E-05
  1.9959E+01  2.3620E-05
  1.9971E+01  2.6462E-05
  1.9983E+01  2.9839E-05
  1.9995E+01  3.3500E-05
  2.0007E+01  3.7243E-05
  2.0019E+01  4.0919E-05
  2.0031E+01  4.4457E-05
  2.0043E+01  4.7860E-05
  2.0054E+01  5.1215E-05
  2.0066E+01  5.4680E-05
  2.0078E+01  5.8483E-05
  2.0090E+01  6.2899E-05
  2.0102E+01  6.8237E-05
  2.0114E+01  7.4813E-05
  2.0126E+01  8.2929E-05
  2.0138E+01  9.2845E-05
  2.0150E+01  1.0476E-04
  2.0162E+01  1.1878E-04
  2.0174E+01  1.3492E-04
  2.0185E+01  1.5308E-04
  2.0197E+01  1.7303E-04
  2.0209E+01  1.9446E-04
  2.0221E+01  2.1692E-04
  2.0233E+01  2.3989E-04
  2.0245E+01  2.6277E-04
  2.0257E+01  2.8493E-04
  2.0269E+01  3.0571E-04
  2.0281E+01  3.2448E-04
  2.0293E+01  3.4062E-04
  2.0305E+01  3.5361E-04
  2.0316E+01  3.6299E-04
  2.0328E+01  3.6844E-04
  2.0340E+01  3.6975E-04
  2.0352E+01  3.6685E-04
  2.0364E+01  3.5984E-04
  2.0376E+01  3.4893E-04
  2.0388E+01  3.3448E-04
  2.0400E+01  3.1698E-04
  2.0412E+01  2.9701E-04
  2.0424E+01  2.7520E-04
  2.0436E+01  2.5226E-04
  2.0447E+01  2.2888E-04
  2.0459E+01  2.0571E-04
  2.0471E+01  1.8337E-04
  2.0483E+01  1.6240E-04
  2.0495E+01  1.4321E-04
  2.0507E+01  1.2612E-04
  2.0519E+01  1.1132E-04
  2.0531E+01  9.8876E-05
  2.0543E+01  8.8737E-05
  2.0555E+01  8.0747E-05
  2.0567E+01  7.4666E-05
  2.0578E+01  7.0180E-05
  2.0590E+01  6.6934E-05
  2.0602E+01  6.4553E-05
  2.0614E+01  6.2665E-05
  2.0626E+01  6.0928E-05
  2.0638E+01  5.9046E-05
  2.0650E+01  5.6792E-05
  2.0662E+01  5.4013E-05
  2.0674E+01  5.0643E-05
  2.0686E+01  4.6696E-05
  2.0698E+01  4.2265E-05
  2.0709E+01  3.7513E-05
  2.0721E+01  3.2654E-05
  2.0733E+01  2.7937E-05
  2.0745E+01  2.3629E-05
  2.0757E+01  1.9990E-05
  2.0769E+01  1.7255E-05
  2.0781E+01  1.5619E-05
  2.0793E+01  1.5214E-05
  2.0805E+01  1.6107E-05
  2.0817E+01  1.8286E-05
  2.0829E+01  2.1662E-05
  2.0840E+01  2.6071E-05
  2.0852E+01  3.1286E-05
  2.0864E+01  3.7029E-05
  2.0876E+01  4.2990E-05
  2.0888E+01  4.8846E-05
  2.0900E+01  5.4286E-05
  2.0912E+01  5.9027E-05
  2.0924E+01  6.2839E-05
  2.0936E+01  6.5559E-05
  2.0948E+01  6.7105E-05
  2.0960E+01  6.7483E-05
  2.0971E+01  6.6792E-05
  2.0983E+01  6.5218E-05
  2.0995E+01  6.3029E-05
  2.1007E+01  6.0563E-05
  2.1019E+01  5.8204E-05
  2.1031E+01  5.6367E-05
  2.1043E+01  5.5471E-05
  2.1055E+01  5.5911E-05
  2.1067E+01  5.8036E-05
  2.1079E+01  6.2124E-05
  2.1091E+01  6.8361E-05
  2.1102E+01  7.6828E-05
  2.1114E+01  8.7489E-05
  2.1126E+01  1.0019E-04
  2.1138E+01  1.1466E-04
  2.1150E+01  1.3052E-04
  2.1162E+01  1.4732E-04
  2.1174E+01  1.6450E-04
  2.1186E+01  1.8148E-04
  2.1198E+01  1.9766E-04
  2.1210E+01  2.1244E-04
  2.1222E+01  2.2526E-04
  2.1233E+01  2.3562E-04
  2.1245E+01  2.4311E-04
  2.1257E+01  2.4744E-04
  2.1269E+01  2.4843E-04
  2.1281E+01  2.4606E-04
  2.1293E+01  2.4042E-04
  2.1305E+01  2.3176E-04
  2.1317E+01  2.2044E-04
  2.1329E+01  2.0691E-04
  2.1341E+01  1.9173E-04
  2.1353E+01  1.7547E-04
  2.1364E+01  1.5874E-04
  2.1376E+01  1.4212E-04
  2.1388E+01  1.2617E-04
  2.1400E+01  1.1137E-04
  2.1412E+01  9.8114E-05
  2.1424E+01  8.6690E-05
  2.1436E+01  7.7276E-05
  2.1448E+01  6.9932E-05
  2.1460E+01  6.4604E-05
  2.1472E+01  6.1133E-05
  2.1483E+01  5.9267E-05
  2.1495E+01  5.8684E-05
  2.1507E+01  5.9013E-05
  2.1519E+01  5.9861E-05
  2.1531E+01  6.0837E-05
  2.1543E+01  6.1582E-05
  2.1555E+01  6.1786E-05
  2.1567E+01  6.1213E-05
  2.1579E+01  5.9708E-05
  2.1591E+01  5.7213E-05
  2.1603E+01  5.3762E-05
  2.1614E+01  4.9479E-05
  2.1626E+01  4.4569E-05
  2.1638E+01  3.9303E-05
  2.1650E+01  3.3995E-05
  2.1662E+01  2.8986E-05
  2.1674E+01  2.4617E-05
  2.1686E+01  2.1206E-05
  2.1698E+01  1.9026E-05
  2.1710E+01  1.8286E-05
  2.1722E+01  1.9117E-05
  2.1734E+01  2.1561E-05
  2.1745E+01  2.5570E-05
  2.1757E+01  3.1009E-05
  2.1769E+01  3.7667E-05
  2.1781E+01  4.5273E-05
  2.1793E+01  5.3517E-05
  2.1805E+01  6.2077E-05
  2.1817E+01  7.0643E-05
  2.1829E+01  7.8948E-05
  2.1841E+01  8.6789E-05
  2.1853E+01  9.4053E-05
  2.1865E+01  1.0074E-04
  2.1876E+01  1.0695E-04
  2.1888E+01  1.1295E-04
  2.1900E+01  1.1907E-04
  2.1912E+01  1.2581E-04
  2.1924E+01  1.3371E-04
  2.1936E+01  1.4342E-04
  2.1948E+01  1.5560E-04
  2.1960E+01  1.7089E-04
  2.1972E+01  1.8990E-04
  2.1984E+01  2.1317E-04
  2.1996E+01  2.4107E-04
  2.2007E+01  2.7384E-04
  2.2019E+01  3.1152E-04
  2.2031E+01  3.5394E-04
  2.2043E+01  4.0071E-04
  2.2055E+01  4.5120E-04
  2.2067E+01  5.0456E-04
  2.2079E+01  5.5975E-04
  2.2091E+01  6.1554E-04
  2.2103E+01  6.7058E-04
  2.2115E+01  7.2340E-04
  2.2127E+01  7.7253E-04
  2.2138E+01  8.1649E-04
  2.2150E+01  8.5394E-04
  2.2162E+01  8.8365E-04
  2.2174E+01  9.0462E-04
  2.2186E+01  9.1612E-04
  2.2198E+01  9.1771E-04
  2.2210E+01  9.0927E-04
  2.2222E+01  8.9103E-04
  2.2234E+01  8.6352E-04
  2.2246E+01  8.2761E-04
  2.2258E+01  7.8442E-04
  2.2269E+01  7.3528E-04
  2.2281E+01  6.8174E-04
  2.2293E+01  6.2543E-04
  2.2305E+01  5.6804E-04
  2.2317E+01  5.1126E-04
  2.2329E+01  4.5671E-04
  2.2341E+01  4.0585E-04
  2.2353E+01  3.5999E-04
  2.2365E+01  3.2017E-04
  2.2377E+01  2.8716E-04
  2.2389E+01  2.6145E-04
  2.2400E+01  2.4318E-04
  2.2412E+01  2.3219E-04
  2.2424E+01  2.2804E-04
  2.2436E+01  2.3001E-04
  2.2448E+01  2.3715E-04
  2.2460E+01  2.4836E-04
  2.2472E+01  2.6243E-04
  2.2484E+01  2.7810E-04
  2.2496E+01  2.9413E-04
  2.2508E+01  3.0937E-04
  2.2520E+01  3.2279E-04
  2.2531E+01  3.3358E-04
  2.2543E+01  3.4113E-04
  2.2555E+01  3.4509E-04
  2.2567E+01  3.4541E-04
  2.2579E+01  3.4232E-04
  2.2591E+01  3.3631E-04
  2.2603E+01  3.2814E-04
  2.2615E+01  3.1879E-04
  2.2627E+01  3.0942E-04
  2.2639E+01  3.0131E-04
  2.2651E+01  2.9581E-04
  2.2662E+01  2.9428E-04
  2.2674E+01  2.9801E-04
  2.2686E+01  3.0818E-04
  2.2698E+01  3.2581E-04
  2.2710E+01  3.5168E-04
  2.2722E+01  3.8635E-04
  2.2734E+01  4.3007E-04
  2.2746E+01  4.8282E-04
  2.2758E+01  5.4425E-04
  2.2770E+01  6.1373E-04
  2.2782E+01  6.9034E-04
  2.2793E+01  7.7288E-04
  2.2805E+01  8.5995E-04
  2.2817E+01  9.4997E-04
  2.2829E+01  1.0412E-03
  2.2841E+01  1.1320E-03
  2.2853E+01  1.2205E-03
  2.2865E+01  1.3049E-03
  2.2877E+01  1.3838E-03
  2.2889E+01  1.4556E-03
  2.2901E+01  1.5190E-03
  2.2913E+01  1.5730E-03
  2.2924E+01  1.6167E-03
  2.2936E+01  1.6496E-03
  2.2948E+01  1.6713E-03
  2.2960E+01  1.6816E-03
  2.2972E+01  1.6807E-03
  2.2984E+01  1.6688E-03
  2.2996E+01  1.6465E-03
  2.3008E+01  1.6143E-03
  2.3020E+01  1.5732E-03
  2.3032E+01  1.5240E-03
  2.3044E+01  1.4679E-03
  2.3055E+01  1.4058E-03
  2.3067E+01  1.3391E-03
  2.3079E+01  1.2687E-03
  2.3091E+01  1.1959E-03
  2.3103E+01  1.1218E-03
  2.3115E+01  1.0474E-03
  2.3127E+01  9.7346E-04
  2.3139E+01  9.0094E-04
  2.3151E+01  8.3047E-04
  2.3163E+01  7.6263E-04
  2.3175E+01  6.9785E-04
  2.3186E+01  6.3647E-04
  2.3198E+01  5.7873E-04
  2.3210E+01  5.2475E-04
  2.3222E+01  4.7461E-04
  2.3234E+01  4.2827E-04
  2.3246E+01  3.8568E-04
  2.3258E+01  3.4670E-04
  2.3270E+01  3.1117E-04
  2.3282E+01  2.7890E-04
  2.3294E+01  2.4968E-04
  2.3306E+01  2.2329E-04
  2.3317E+01  1.9951E-04
  2.3329E+01  1.7810E-04
  2.3341E+01  1.5887E-04
  2.3353E+01  1.4162E-04
  2.3365E+01  1.2618E-04
  2.3377E+01  1.1239E-04
  2.3389E+01  1.0015E-04
  2.3401E+01  8.9352E-05
  2.3413E+01  7.9923E-05
  2.3425E+01  7.1816E-05
  2.3437E+01  6.5001E-05
  2.3448E+01  5.9462E-05
  2.3460E+01  5.5194E-05
  2.3472E+01  5.2193E-05
  2.3484E+01  5.0454E-05
  2.3496E+01  4.9964E-05
  2.3508E+01  5.0696E-05
  2.3520E+01  5.2608E-05
  2.3532E+01  5.5635E-05
  2.3544E+01  5.9693E-05
  2.3556E+01  6.4671E-05
  2.3568E+01  7.0440E-05
  2.3579E+01  7.6847E-05
  2.3591E+01  8.3724E-05
  2.3603E+01  9.0890E-05
  2.3615E+01  9.8151E-05
  2.3627E+01  1.0531E-04
  2.3639E+01  1.1219E-04
  2.3651E+01  1.1859E-04
  2.3663E+01  1.2434E-04
  2.3675E+01  1.2931E-04
  2.3687E+01  1.3336E-04
  2.3699E+01  1.3641E-04
  2.3710E+01  1.3839E-04
  2.3722E+01  1.3929E-04
  2.3734E+01  1.3910E-04
  2.3746E+01  1.3788E-04
  2.3758E+01  1.3569E-04
  2.3770E+01  1.3264E-04
  2.3782E+01  1.2884E-04
  2.3794E+01  1.2442E-04
  2.3806E+01  1.1952E-04
  2.3818E+01  1.1426E-04
  2.3830E+01  1.0879E-04
  2.3841E+01  1.0323E-04
  2.3853E+01  9.7677E-05
  2.3865E+01  9.2234E-05
  2.3877E+01  8.6973E-05
  2.3889E+01  8.1953E-05
  2.3901E+01  7.7215E-05
  2.3913E+01  7.2784E-05
  2.3925E+01  6.8673E-05
  2.3937E+01  6.4884E-05
  2.3949E+01  6.1411E-05
  2.3961E+01  5.8247E-05
  2.3972E+01  5.5379E-05
  2.3984E+01  5.2797E-05
  2.3996E+01  5.0496E-05
  2.4008E+01  4.8471E-05
  2.4020E+01  4.6723E-05
  2.4032E+01  4.5258E-05
  2.4044E+01  4.4082E-05
  2.4056E+01  4.3202E-05
  2.4068E+01  4.2624E-05
  2.4080E+01  4.2348E-05
  2.4092E+01  4.2366E-05
  2.4103E+01  4.2663E-05
  2.4115E+01  4.3210E-05
  2.4127E+01  4.3966E-05
  2.4139E+01  4.4878E-05
  2.4151E+01  4.5881E-05
  2.4163E+01  4.6901E-05
  2.4175E+01  4.7858E-05
  2.4187E+01  4.8670E-05
  2.4199E+01  4.9256E-05
  2.4211E+01  4.9543E-05
  2.4223E+01  4.9470E-05
  2.4234E+01  4.8993E-05
  2.4246E+01  4.8088E-05
  2.4258E+01  4.6755E-05
  2.4270E+01  4.5019E-05
  2.4282E+01  4.2931E-05
  2.4294E+01  4.0567E-05
  2.4306E+01  3.8026E-05
  2.4318E+01  3.5425E-05
  2.4330E+01  3.2895E-05
  2.4342E+01  3.0572E-05
  2.4354E+01  2.8593E-05
  2.4365E+01  2.7088E-05
  2.4377E+01  2.6169E-05
  2.4389E+01  2.5926E-05
  2.4401E+01  2.6421E-05
  2.4413E+01  2.7683E-05
  2.4425E+01  2.9705E-05
  2.4437E+01  3.2443E-05
  2.4449E+01  3.5820E-05
  2.4461E+01  3.9728E-05
  2.4473E+01  4.4035E-05
  2.4485E+01  4.8589E-05
  2.4496E+01  5.3228E-05
  2.4508E+01  5.7793E-05
  2.4520E+01  6.2128E-05
  2.4532E+01  6.6100E-05
  2.4544E+01  6.9598E-05
  2.4556E+01  7.2546E-05
  2.4568E+01  7.4907E-05
  2.4580E+01  7.6684E-05
  2.4592E+01  7.7922E-05
  2.4604E+01  7.8707E-05
  2.4616E+01  7.9161E-05
  2.4627E+01  7.9432E-05
  2.4639E+01  7.9691E-05
  2.4651E+01  8.0114E-05
  2.4663E+01  8.0878E-05
  2.4675E+01  8.2142E-05
  2.4687E+01  8.4045E-05
  2.4699E+01  8.6688E-05
  2.4711E+01  9.0131E-05
  2.4723E+01  9.4387E-05
  2.4735E+01  9.9418E-05
  2.4747E+01  1.0513E-04
  2.4758E+01  1.1140E-04
  2.4770E+01  1.1804E-04
  2.4782E+01  1.2483E-04
  2.4794E+01  1.3156E-04
  2.4806E+01  1.3797E-04
  2.4818E+01  1.4382E-04
  2.4830E+01  1.4891E-04
  2.4842E+01  1.5303E-04
  2.4854E+01  1.5603E-04
  2.4866E+01  1.5782E-04
  2.4878E+01  1.5836E-04
  2.4889E+01  1.5765E-04
  2.4901E+01  1.5576E-04
  2.4913E+01  1.5282E-04
  2.4925E+01  1.4899E-04
  2.4937E+01  1.4447E-04
  2.4949E+01  1.3947E-04
  2.4961E+01  1.3423E-04
  2.4973E+01  1.2898E-04
  2.4985E+01  1.2392E-04
  2.4997E+01  1.1924E-04
  2.5009E+01  1.1506E-04
  2.5020E+01  1.1149E-04
  2.5032E+01  1.0856E-04
  2.5044E+01  1.0625E-04
  2.5056E+01  1.0450E-04
  2.5068E+01  1.0319E-04
  2.5080E+01  1.0217E-04
  2.5092E+01  1.0127E-04
  2.5104E+01  1.0029E-04
  2.5116E+01  9.9054E-05
  2.5128E+01  9.7388E-05
  2.5140E+01  9.5159E-05
  2.5151E+01  9.2273E-05
  2.5163E+01  8.8692E-05
  2.5175E+01  8.4435E-05
  2.5187E+01  7.9588E-05
  2.5199E+01  7.4292E-05
  2.5211E+01  6.8749E-05
  2.5223E+01  6.3203E-05
  2.5235E+01  5.7931E-05
  2.5247E+01  5.3225E-05
  2.5259E+01  4.9377E-05
  2.5271E+01  4.6656E-05
  2.5282E+01  4.5291E-05
  2.5294E+01  4.5456E-05
  2.5306E+01  4.7254E-05
  2.5318E+01  5.0709E-05
  2.5330E+01  5.5762E-05
  2.5342E+01  6.2267E-05
  2.5354E+01  7.0002E-05
  2.5366E+01  7.8674E-05
  2.5378E+01  8.7941E-05
  2.5390E+01  9.7425E-05
  2.5401E+01  1.0673E-04
  2.5413E+01  1.1550E-04
  2.5425E+01  1.2337E-04
  2.5437E+01  1.3008E-04
  2.5449E+01  1.3543E-04
  2.5461E+01  1.3933E-04
  2.5473E+01  1.4181E-04
  2.5485E+01  1.4301E-04
  2.5497E+01  1.4319E-04
  2.5509E+01  1.4272E-04
  2.5521E+01  1.4208E-04
  2.5532E+01  1.4181E-04
  2.5544E+01  1.4250E-04
  2.5556E+01  1.4476E-04
  2.5568E+01  1.4915E-04
  2.5580E+01  1.5621E-04
  2.5592E+01  1.6638E-04
  2.5604E+01  1.7996E-04
  2.5616E+01  1.9712E-04
  2.5628E+01  2.1785E-04
  2.5640E+01  2.4197E-04
  2.5652E+01  2.6910E-04
  2.5663E+01  2.9870E-04
  2.5675E+01  3.3003E-04
  2.5687E+01  3.6225E-04
  2.5699E+01  3.9440E-04
  2.5711E+01  4.2544E-04
  2.5723E+01  4.5435E-04
  2.5735E+01  4.8011E-04
  2.5747E+01  5.0179E-04
  2.5759E+01  5.1859E-04
  2.5771E+01  5.2988E-04
  2.5783E+01  5.3522E-04
  2.5794E+01  5.3438E-04
  2.5806E+01  5.2739E-04
  2.5818E+01  5.1449E-04
  2.5830E+01  4.9618E-04
  2.5842E+01  4.7316E-04
  2.5854E+01  4.4632E-04
  2.5866E+01  4.1669E-04
  2.5878E+01  3.8542E-04
  2.5890E+01  3.5372E-04
  2.5902E+01  3.2280E-04
  2.5914E+01  2.9381E-04
  2.5925E+01  2.6780E-04
  2.5937E+01  2.4567E-04
  2.5949E+01  2.2813E-04
  2.5961E+01  2.1564E-04
  2.5973E+01  2.0843E-04
  2.5985E+01  2.0650E-04
  2.5997E+01  2.0956E-04
  2.6009E+01  2.1714E-04
  2.6021E+01  2.2853E-04
  2.6033E+01  2.4291E-04
  2.6045E+01  2.5933E-04
  2.6056E+01  2.7679E-04
  2.6068E+01  2.9429E-04
  2.6080E+01  3.1092E-04
  2.6092E+01  3.2585E-04
  2.6104E+01  3.3847E-04
  2.6116E+01  3.4833E-04
  2.6128E+01  3.5526E-04
  2.6140E+01  3.5935E-04
  2.6152E+01  3.6095E-04
  2.6164E+01  3.6071E-04
  2.6176E+01  3.5949E-04
  2.6187E+01  3.5838E-04
  2.6199E+01  3.5864E-04
  2.6211E+01  3.6162E-04
  2.6223E+01  3.6876E-04
  2.6235E+01  3.8144E-04
  2.6247E+01  4.0101E-04
  2.6259E+01  4.2863E-04
  2.6271E+01  4.6529E-04
  2.6283E+01  5.1172E-04
  2.6295E+01  5.6834E-04
  2.6307E+01  6.3527E-04
  2.6318E+01  7.1224E-04
  2.6330E+01  7.9865E-04
  2.6342E+01  8.9356E-04
  2.6354E+01  9.9569E-04
  2.6366E+01  1.1035E-03
  2.6378E+01  1.2152E-03
  2.6390E+01  1.3287E-03
  2.6402E+01  1.4422E-03
  2.6414E+01  1.5534E-03
  2.6426E+01  1.6602E-03
  2.6438E+01  1.7608E-03
  2.6449E+01  1.8531E-03
  2.6461E+01  1.9356E-03
  2.6473E+01  2.0068E-03
  2.6485E+01  2.0656E-03
  2.6497E+01  2.1110E-03
  2.6509E+01  2.1425E-03
  2.6521E+01  2.1598E-03
  2.6533E+01  2.1629E-03
  2.6545E+01  2.1520E-03
  2.6557E+01  2.1278E-03
  2.6569E+01  2.0911E-03
  2.6580E+01  2.0430E-03
  2.6592E+01  1.9845E-03
  2.6604E+01  1.9171E-03
  2.6616E+01  1.8423E-03
  2.6628E+01  1.7614E-03
  2.6640E+01  1.6759E-03
  2.6652E+01  1.5872E-03
  2.6664E+01  1.4967E-03
  2.6676E+01  1.4056E-03
  2.6688E+01  1.3150E-03
  2.6700E+01  1.2257E-03
  2.6711E+01  1.1387E-03
  2.6723E+01  1.0545E-03
  2.6735E+01  9.7375E-04
  2.6747E+01  8.9676E-04
  2.6759E+01  8.2383E-04
  2.6771E+01  7.5513E-04
  2.6783E+01  6.9075E-04
  2.6795E+01  6.3069E-04
  2.6807E+01  5.7492E-04
  2.6819E+01  5.2331E-04
  2.6831E+01  4.7572E-04
  2.6842E+01  4.3198E-04
  2.6854E+01  3.9189E-04
  2.6866E+01  3.5522E-04
  2.6878E+01  3.2178E-04
  2.6890E+01  2.9132E-04
  2.6902E+01  2.6364E-04
  2.6914E+01  2.3854E-04
  2.6926E+01  2.1583E-04
  2.6938E+01  1.9534E-04
  2.6950E+01  1.7693E-04
  2.6962E+01  1.6046E-04
  2.6973E+01  1.4585E-04
  2.6985E+01  1.3302E-04
  2.6997E+01  1.2192E-04
  2.7009E+01  1.1253E-04
  2.7021E+01  1.0486E-04
  2.7033E+01  9.8928E-05
  2.7045E+01  9.4765E-05
  2.7057E+01  9.2425E-05
  2.7069E+01  9.1963E-05
  2.7081E+01  9.3437E-05
  2.7093E+01  9.6901E-05
  2.7104E+01  1.0240E-04
  2.7116E+01  1.0995E-04
  2.7128E+01  1.1956E-04
  2.7140E+01  1.3120E-04
  2.7152E+01  1.4481E-04
  2.7164E+01  1.6030E-04
  2.7176E+01  1.7753E-04
  2.7188E+01  1.9632E-04
  2.7200E+01  2.1645E-04
  2.7212E+01  2.3768E-04
  2.7224E+01  2.5970E-04
  2.7235E+01  2.8221E-04
  2.7247E+01  3.0488E-04
  2.7259E+01  3.2738E-04
  2.7271E+01  3.4935E-04
  2.7283E+01  3.7047E-04
  2.7295E+01  3.9043E-04
  2.7307E+01  4.0895E-04
  2.7319E+01  4.2577E-04
  2.7331E+01  4.4069E-04
  2.7343E+01  4.5354E-04
  2.7355E+01  4.6418E-04
  2.7366E+01  4.7252E-04
  2.7378E+01  4.7854E-04
  2.7390E+01  4.8221E-04
  2.7402E+01  4.8358E-04
  2.7414E+01  4.8272E-04
  2.7426E+01  4.7972E-04
  2.7438E+01  4.7471E-04
  2.7450E+01  4.6783E-04
  2.7462E+01  4.5926E-04
  2.7474E+01  4.4916E-04
  2.7486E+01  4.3772E-04
  2.7497E+01  4.2513E-04
  2.7509E+01  4.1156E-04
  2.7521E+01  3.9719E-04
  2.7533E+01  3.8219E-04
  2.7545E+01  3.6672E-04
  2.7557E+01  3.5091E-04
  2.7569E+01  3.3491E-04
  2.7581E+01  3.1883E-04
  2.7593E+01  3.0278E-04
  2.7605E+01  2.8687E-04
  2.7617E+01  2.7119E-04
  2.7628E+01  2.5581E-04
  2.7640E+01  2.4082E-04
  2.7652E+01  2.2629E-04
  2.7664E+01  2.1227E-04
  2.7676E+01  1.9882E-04
  2.7688E+01  1.8598E-04
  2.7700E+01  1.7378E-04
  2.7712E+01  1.6225E-04
  2.7724E+01  1.5139E-04
  2.7736E+01  1.4120E-04
  2.7748E+01  1.3165E-04
  2.7759E+01  1.2272E-04
  2.7771E+01  1.1436E-04
  2.7783E+01  1.0653E-04
  2.7795E+01  9.9172E-05
  2.7807E+01  9.2237E-05
  2.7819E+01  8.5676E-05
  2.7831E+01  7.9444E-05
  2.7843E+01  7.3509E-05
  2.7855E+01  6.7852E-05
  2.7867E+01  6.2469E-05
  2.7879E+01  5.7372E-05
  2.7890E+01  5.2592E-05
  2.7902E+01  4.8174E-05
  2.7914E+01  4.4178E-05
  2.7926E+01  4.0676E-05
  2.7938E+01  3.7747E-05
  2.7950E+01  3.5473E-05
  2.7962E+01  3.3935E-05
  2.7974E+01  3.3206E-05
  2.7986E+01  3.3351E-05
  2.7998E+01  3.4418E-05
  2.8010E+01  3.6438E-05
  2.8021E+01  3.9424E-05
  2.8033E+01  4.3366E-05
  2.8045E+01  4.8232E-05
  2.8057E+01  5.3973E-05
  2.8069E+01  6.0522E-05
  2.8081E+01  6.7797E-05
  2.8093E+01  7.5708E-05
  2.8105E+01  8.4159E-05
  2.8117E+01  9.3057E-05
  2.8129E+01  1.0231E-04
  2.8141E+01  1.1185E-04
  2.8152E+01  1.2160E-04
  2.8164E+01  1.3152E-04
  2.8176E+01  1.4157E-04
  2.8188E+01  1.5176E-04
  2.8200E+01  1.6208E-04
  2.8212E+01  1.7255E-04
  2.8224E+01  1.8319E-04
  2.8236E+01  1.9403E-04
  2.8248E+01  2.0508E-04
  2.8260E+01  2.1636E-04
  2.8272E+01  2.2784E-04
  2.8283E+01  2.3951E-04
  2.8295E+01  2.5129E-04
  2.8307E+01  2.6308E-04
  2.8319E+01  2.7476E-04
  2.8331E+01  2.8618E-04
  2.8343E+01  2.9715E-04
  2.8355E+01  3.0747E-04
  2.8367E+01  3.1691E-04
  2.8379E+01  3.2526E-04
  2.8391E+01  3.3230E-04
  2.8403E+01  3.3783E-04
  2.8414E+01  3.4166E-04
  2.8426E+01  3.4366E-04
  2.8438E+01  3.4371E-04
  2.8450E+01  3.4175E-04
  2.8462E+01  3.3779E-04
  2.8474E+01  3.3185E-04
  2.8486E+01  3.2404E-04
  2.8498E+01  3.1450E-04
  2.8510E+01  3.0343E-04
  2.8522E+01  2.9105E-04
  2.8534E+01  2.7762E-04
  2.8545E+01  2.6343E-04
  2.8557E+01  2.4877E-04
  2.8569E+01  2.3392E-04
  2.8581E+01  2.1914E-04
  2.8593E+01  2.0470E-04
  2.8605E+01  1.9078E-04
  2.8617E+01  1.7757E-04
  2.8629E+01  1.6517E-04
  2.8641E+01  1.5366E-04
  2.8653E+01  1.4307E-04
  2.8665E+01  1.3337E-04
  2.8676E+01  1.2451E-04
  2.8688E+01  1.1640E-04
  2.8700E+01  1.0895E-04
  2.8712E+01  1.0205E-04
  2.8724E+01  9.5592E-05
  2.8736E+01  8.9491E-05
  2.8748E+01  8.3681E-05
  2.8760E+01  7.8123E-05
  2.8772E+01  7.2814E-05
  2.8784E+01  6.7785E-05
  2.8796E+01  6.3100E-05
  2.8807E+01  5.8854E-05
  2.8819E+01  5.5162E-05
  2.8831E+01  5.2154E-05
  2.8843E+01  4.9965E-05
  2.8855E+01  4.8719E-05
  2.8867E+01  4.8525E-05
  2.8879E+01  4.9462E-05
  2.8891E+01  5.1571E-05
  2.8903E+01  5.4850E-05
  2.8915E+01  5.9249E-05
  2.8927E+01  6.4671E-05
  2.8938E+01  7.0969E-05
  2.8950E+01  7.7958E-05
  2.8962E+01  8.5421E-05
  2.8974E+01  9.3122E-05
  2.8986E+01  1.0081E-04
  2.8998E+01  1.0827E-04
  2.9010E+01  1.1526E-04
  2.9022E+01  1.2164E-04
  2.9034E+01  1.2727E-04
  2.9046E+01  1.3210E-04
  2.9058E+01  1.3615E-04
  2.9069E+01  1.3950E-04
  2.9081E+01  1.4232E-04
  2.9093E+01  1.4483E-04
  2.9105E+01  1.4731E-04
  2.9117E+01  1.5008E-04
  2.9129E+01  1.5350E-04
  2.9141E+01  1.5790E-04
  2.9153E+01  1.6363E-04
  2.9165E+01  1.7097E-04
  2.9177E+01  1.8015E-04
  2.9188E+01  1.9132E-04
  2.9200E+01  2.0452E-04
  2.9212E+01  2.1970E-04
  2.9224E+01  2.3668E-04
  2.9236E+01  2.5518E-04
  2.9248E+01  2.7480E-04
  2.9260E+01  2.9505E-04
  2.9272E+01  3.1538E-04
  2.9284E+01  3.3515E-04
  2.9296E+01  3.5373E-04
  2.9308E+01  3.7046E-04
  2.9319E+01  3.8475E-04
  2.9331E+01  3.9604E-04
  2.9343E+01  4.0386E-04
  2.9355E+01  4.0787E-04
  2.9367E+01  4.0784E-04
  2.9379E+01  4.0372E-04
  2.9391E+01  3.9557E-04
  2.9403E+01  3.8363E-04
  2.9415E+01  3.6830E-04
  2.9427E+01  3.5009E-04
  2.9439E+01  3.2963E-04
  2.9450E+01  3.0765E-04
  2.9462E+01  2.8492E-04
  2.9474E+01  2.6223E-04
  2.9486E+01  2.4037E-04
  2.9498E+01  2.2006E-04
  2.9510E+01  2.0193E-04
  2.9522E+01  1.8651E-04
  2.9534E+01  1.7419E-04
  2.9546E+01  1.6520E-04
  2.9558E+01  1.5961E-04
  2.9570E+01  1.5733E-04
  2.9581E+01  1.5814E-04
  2.9593E+01  1.6166E-04
  2.9605E+01  1.6741E-04
  2.9617E+01  1.7483E-04
  2.9629E+01  1.8332E-04
  2.9641E+01  1.9227E-04
  2.9653E+01  2.0108E-04
  2.9665E+01  2.0924E-04
  2.9677E+01  2.1634E-04
  2.9689E+01  2.2209E-04
  2.9701E+01  2.2634E-04
  2.9712E+01  2.2914E-04
  2.9724E+01  2.3068E-04
  2.9736E+01  2.3134E-04
  2.9748E+01  2.3165E-04
  2.9760E+01  2.3227E-04
  2.9772E+01  2.3399E-04
  2.9784E+01  2.3764E-04
  2.9796E+01  2.4411E-04
  2.9808E+01  2.5427E-04
  2.9820E+01  2.6894E-04
  2.9832E+01  2.8884E-04
  2.9843E+01  3.1459E-04
  2.9855E+01  3.4659E-04
  2.9867E+01  3.8507E-04
  2.9879E+01  4.3005E-04
  2.9891E+01  4.8131E-04
  2.9903E+01  5.3840E-04
  2.9915E+01  6.0065E-04
  2.9927E+01  6.6719E-04
  2.9939E+01  7.3697E-04
  2.9951E+01  8.0879E-04
  2.9963E+01  8.8137E-04
  2.9974E+01  9.5334E-04
  2.9986E+01  1.0233E-03
  2.9998E+01  1.0899E-03
  3.0010E+01  1.1519E-03
  3.0022E+01  1.2080E-03
  3.0034E+01  1.2573E-03
  3.0046E+01  1.2987E-03
  3.0058E+01  1.3315E-03
  3.0070E+01  1.3554E-03
  3.0082E+01  1.3699E-03
  3.0094E+01  1.3750E-03
  3.0105E+01  1.3709E-03
  3.0117E+01  1.3578E-03
  3.0129E+01  1.3363E-03
  3.0141E+01  1.3071E-03
  3.0153E+01  1.2709E-03
  3.0165E+01  1.2288E-03
  3.0177E+01  1.1815E-03
  3.0189E+01  1.1302E-03
  3.0201E+01  1.0757E-03
  3.0213E+01  1.0191E-03
  3.0225E+01  9.6111E-04
  3.0236E+01  9.0269E-04
  3.0248E+01  8.4451E-04
  3.0260E+01  7.8718E-04
  3.0272E+01  7.3125E-04
  3.0284E+01  6.7712E-04
  3.0296E+01  6.2515E-04
  3.0308E+01  5.7558E-04
  3.0320E+01  5.2857E-04
  3.0332E+01  4.8423E-04
  3.0344E+01  4.4259E-04
  3.0356E+01  4.0366E-04
  3.0367E+01  3.6738E-04
  3.0379E+01  3.3368E-04
  3.0391E+01  3.0247E-04
  3.0403E+01  2.7364E-04
  3.0415E+01  2.4707E-04
  3.0427E+01  2.2265E-04
  3.0439E+01  2.0026E-04
  3.0451E+01  1.7980E-04
  3.0463E+01  1.6114E-04
  3.0475E+01  1.4420E-04
  3.0487E+01  1.2888E-04
  3.0498E+01  1.1508E-04
  3.0510E+01  1.0273E-04
  3.0522E+01  9.1744E-05
  3.0534E+01  8.2044E-05
  3.0546E+01  7.3562E-05
  3.0558E+01  6.6232E-05
  3.0570E+01  5.9996E-05
  3.0582E+01  5.4803E-05
  3.0594E+01  5.0613E-05
  3.0606E+01  4.7392E-05
  3.0618E+01  4.5123E-05
  3.0629E+01  4.3795E-05
  3.0641E+01  4.3415E-05
  3.0653E+01  4.3997E-05
  3.0665E+01  4.5568E-05
  3.0677E+01  4.8163E-05
  3.0689E+01  5.1821E-05
  3.0701E+01  5.6583E-05
  3.0713E+01  6.2490E-05
  3.0725E+01  6.9575E-05
  3.0737E+01  7.7860E-05
  3.0749E+01  8.7354E-05
  3.0760E+01  9.8046E-05
  3.0772E+01  1.0990E-04
  3.0784E+01  1.2287E-04
  3.0796E+01  1.3687E-04
  3.0808E+01  1.5180E-04
  3.0820E+01  1.6753E-04
  3.0832E+01  1.8390E-04
  3.0844E+01  2.0075E-04
  3.0856E+01  2.1790E-04
  3.0868E+01  2.3515E-04
  3.0880E+01  2.5228E-04
  3.0891E+01  2.6910E-04
  3.0903E+01  2.8538E-04
  3.0915E+01  3.0094E-04
  3.0927E+01  3.1556E-04
  3.0939E+01  3.2906E-04
  3.0951E+01  3.4128E-04
  3.0963E+01  3.5206E-04
  3.0975E+01  3.6128E-04
  3.0987E+01  3.6884E-04
  3.0999E+01  3.7464E-04
  3.1011E+01  3.7865E-04
  3.1022E+01  3.8083E-04
  3.1034E+01  3.8118E-04
  3.1046E+01  3.7973E-04
  3.1058E+01  3.7651E-04
  3.1070E+01  3.7159E-04
  3.1082E+01  3.6506E-04
  3.1094E+01  3.5700E-04
  3.1106E+01  3.4753E-04
  3.1118E+01  3.3676E-04
  3.1130E+01  3.2484E-04
  3.1142E+01  3.1189E-04
  3.1153E+01  2.9806E-04
  3.1165E+01  2.8352E-04
  3.1177E+01  2.6841E-04
  3.1189E+01  2.5289E-04
  3.1201E+01  2.3713E-04
  3.1213E+01  2.2129E-04
  3.1225E+01  2.0552E-04
  3.1237E+01  1.8999E-04
  3.1249E+01  1.7482E-04
  3.1261E+01  1.6014E-04
  3.1273E+01  1.4607E-04
  3.1284E+01  1.3271E-04
  3.1296E+01  1.2013E-04
  3.1308E+01  1.0838E-04
  3.1320E+01  9.7507E-05
  3.1332E+01  8.7519E-05
  3.1344E+01  7.8416E-05
  3.1356E+01  7.0177E-05
  3.1368E+01  6.2765E-05
  3.1380E+01  5.6136E-05
  3.1392E+01  5.0231E-05
  3.1404E+01  4.4991E-05
  3.1415E+01  4.0352E-05
  3.1427E+01  3.6251E-05
  3.1439E+01  3.2630E-05
  3.1451E+01  2.9437E-05
  3.1463E+01  2.6631E-05
  3.1475E+01  2.4178E-05
  3.1487E+01  2.2056E-05
  3.1499E+01  2.0256E-05
  3.1511E+01  1.8779E-05
  3.1523E+01  1.7633E-05
  3.1535E+01  1.6839E-05
  3.1546E+01  1.6420E-05
  3.1558E+01  1.6404E-05
  3.1570E+01  1.6823E-05
  3.1582E+01  1.7705E-05
  3.1594E+01  1.9079E-05
  3.1606E+01  2.0969E-05
  3.1618E+01  2.3393E-05
  3.1630E+01  2.6366E-05
  3.1642E+01  2.9894E-05
  3.1654E+01  3.3981E-05
  3.1666E+01  3.8625E-05
  3.1677E+01  4.3820E-05
  3.1689E+01  4.9559E-05
  3.1701E+01  5.5835E-05
  3.1713E+01  6.2641E-05
  3.1725E+01  6.9971E-05
  3.1737E+01  7.7820E-05
  3.1749E+01  8.6187E-05
  3.1761E+01  9.5068E-05
  3.1773E+01  1.0446E-04
  3.1785E+01  1.1435E-04
  3.1797E+01  1.2474E-04
  3.1808E+01  1.3559E-04
  3.1820E+01  1.4687E-04
  3.1832E+01  1.5852E-04
  3.1844E+01  1.7047E-04
  3.1856E+01  1.8263E-04
  3.1868E+01  1.9488E-04
  3.1880E+01  2.0708E-04
  3.1892E+01  2.1908E-04
  3.1904E+01  2.3068E-04
  3.1916E+01  2.4171E-04
  3.1928E+01  2.5194E-04
  3.1939E+01  2.6118E-04
  3.1951E+01  2.6922E-04
  3.1963E+01  2.7585E-04
  3.1975E+01  2.8090E-04
  3.1987E+01  2.8420E-04
  3.1999E+01  2.8563E-04
  3.2011E+01  2.8510E-04
  3.2023E+01  2.8255E-04
  3.2035E+01  2.7799E-04
  3.2047E+01  2.7146E-04
  3.2059E+01  2.6305E-04
  3.2070E+01  2.5292E-04
  3.2082E+01  2.4126E-04
  3.2094E+01  2.2829E-04
  3.2106E+01  2.1427E-04
  3.2118E+01  1.9951E-04
  3.2130E+01  1.8428E-04
  3.2142E+01  1.6890E-04
  3.2154E+01  1.5366E-04
  3.2166E+01  1.3884E-04
  3.2178E+01  1.2467E-04
  3.2190E+01  1.1138E-04
  3.2201E+01  9.9119E-05
  3.2213E+01  8.8014E-05
  3.2225E+01  7.8135E-05
  3.2237E+01  6.9507E-05
  3.2249E+01  6.2109E-05
  3.2261E+01  5.5877E-05
  3.2273E+01  5.0717E-05
  3.2285E+01  4.6505E-05
  3.2297E+01  4.3100E-05
  3.2309E+01  4.0351E-05
  3.2321E+01  3.8107E-05
  3.2332E+01  3.6226E-05
  3.2344E+01  3.4577E-05
  3.2356E+01  3.3055E-05
  3.2368E+01  3.1578E-05
  3.2380E+01  3.0092E-05
  3.2392E+01  2.8572E-05
  3.2404E+01  2.7021E-05
  3.2416E+01  2.5465E-05
  3.2428E+01  2.3952E-05
  3.2440E+01  2.2542E-05
  3.2452E+01  2.1305E-05
  3.2463E+01  2.0315E-05
  3.2475E+01  1.9639E-05
  3.2487E+01  1.9337E-05
  3.2499E+01  1.9455E-05
  3.2511E+01  2.0023E-05
  3.2523E+01  2.1054E-05
  3.2535E+01  2.2543E-05
  3.2547E+01  2.4471E-05
  3.2559E+01  2.6808E-05
  3.2571E+01  2.9515E-05
  3.2583E+01  3.2555E-05
  3.2594E+01  3.5895E-05
  3.2606E+01  3.9515E-05
  3.2618E+01  4.3411E-05
  3.2630E+01  4.7602E-05
  3.2642E+01  5.2129E-05
  3.2654E+01  5.7063E-05
  3.2666E+01  6.2497E-05
  3.2678E+01  6.8545E-05
  3.2690E+01  7.5340E-05
  3.2702E+01  8.3019E-05
  3.2714E+01  9.1722E-05
  3.2725E+01  1.0157E-04
  3.2737E+01  1.1268E-04
  3.2749E+01  1.2510E-04
  3.2761E+01  1.3887E-04
  3.2773E+01  1.5394E-04
  3.2785E+01  1.7023E-04
  3.2797E+01  1.8758E-04
  3.2809E+01  2.0575E-04
  3.2821E+01  2.2444E-04
  3.2833E+01  2.4331E-04
  3.2845E+01  2.6195E-04
  3.2856E+01  2.7991E-04
  3.2868E+01  2.9671E-04
  3.2880E+01  3.1189E-04
  3.2892E+01  3.2498E-04
  3.2904E+01  3.3555E-04
  3.2916E+01  3.4321E-04
  3.2928E+01  3.4766E-04
  3.2940E+01  3.4868E-04
  3.2952E+01  3.4615E-04
  3.2964E+01  3.4006E-04
  3.2976E+01  3.3054E-04
  3.2987E+01  3.1781E-04
  3.2999E+01  3.0222E-04
  3.3011E+01  2.8423E-04
  3.3023E+01  2.6437E-04
  3.3035E+01  2.4325E-04
  3.3047E+01  2.2153E-04
  3.3059E+01  1.9986E-04
  3.3071E+01  1.7891E-04
  3.3083E+01  1.5930E-04
  3.3095E+01  1.4160E-04
  3.3106E+01  1.2628E-04
  3.3118E+01  1.1372E-04
  3.3130E+01  1.0417E-04
  3.3142E+01  9.7746E-05
  3.3154E+01  9.4452E-05
  3.3166E+01  9.4147E-05
  3.3178E+01  9.6568E-05
  3.3190E+01  1.0135E-04
  3.3202E+01  1.0802E-04
  3.3214E+01  1.1607E-04
  3.3226E+01  1.2494E-04
  3.3237E+01  1.3405E-04
  3.3249E+01  1.4286E-04
  3.3261E+01  1.5088E-04
  3.3273E+01  1.5769E-04
  3.3285E+01  1.6300E-04
  3.3297E+01  1.6660E-04
  3.3309E+01  1.6846E-04
  3.3321E+01  1.6866E-04
  3.3333E+01  1.6744E-04
  3.3345E+01  1.6517E-04
  3.3357E+01  1.6234E-04
  3.3368E+01  1.5955E-04
  3.3380E+01  1.5747E-04
  3.3392E+01  1.5682E-04
  3.3404E+01  1.5835E-04
  3.3416E+01  1.6276E-04
  3.3428E+01  1.7073E-04
  3.3440E+01  1.8284E-04
  3.3452E+01  1.9953E-04
  3.3464E+01  2.2114E-04
  3.3476E+01  2.4781E-04
  3.3488E+01  2.7953E-04
  3.3499E+01  3.1609E-04
  3.3511E+01  3.5709E-04
  3.3523E+01  4.0198E-04
  3.3535E+01  4.5002E-04
  3.3547E+01  5.0035E-04
  3.3559E+01  5.5199E-04
  3.3571E+01  6.0387E-04
  3.3583E+01  6.5487E-04
  3.3595E+01  7.0385E-04
  3.3607E+01  7.4972E-04
  3.3619E+01  7.9142E-04
  3.3630E+01  8.2798E-04
  3.3642E+01  8.5859E-04
  3.3654E+01  8.8256E-04
  3.3666E+01  8.9938E-04
  3.3678E+01  9.0874E-04
  3.3690E+01  9.1050E-04
  3.3702E+01  9.0473E-04
  3.3714E+01  8.9167E-04
  3.3726E+01  8.7173E-04
  3.3738E+01  8.4548E-04
  3.3750E+01  8.1361E-04
  3.3761E+01  7.7691E-04
  3.3773E+01  7.3622E-04
  3.3785E+01  6.9244E-04
  3.3797E+01  6.4649E-04
  3.3809E+01  5.9926E-04
  3.3821E+01  5.5161E-04
  3.3833E+01  5.0432E-04
  3.3845E+01  4.5813E-04
  3.3857E+01  4.1365E-04
  3.3869E+01  3.7140E-04
  3.3881E+01  3.3179E-04
  3.3892E+01  2.9512E-04
  3.3904E+01  2.6156E-04
  3.3916E+01  2.3120E-04
  3.3928E+01  2.0402E-04
  3.3940E+01  1.7993E-04
  3.3952E+01  1.5875E-04
  3.3964E+01  1.4027E-04
  3.3976E+01  1.2423E-04
  3.3988E+01  1.1034E-04
  3.4000E+01  9.8326E-05
  3.4012E+01  8.7896E-05
  3.4023E+01  7.8786E-05
  3.4035E+01  7.0754E-05
  3.4047E+01  6.3588E-05
  3.4059E+01  5.7112E-05
  3.4071E+01  5.1185E-05
  3.4083E+01  4.5700E-05
  3.4095E+01  4.0588E-05
  3.4107E+01  3.5804E-05
  3.4119E+01  3.1331E-05
  3.4131E+01  2.7171E-05
  3.4143E+01  2.3337E-05
  3.4154E+01  1.9851E-05
  3.4166E+01  1.6738E-05
  3.4178E+01  1.4017E-05
  3.4190E+01  1.1703E-05
  3.4202E+01  9.8014E-06
  3.4214E+01  8.3064E-06
  3.4226E+01  7.2002E-06
  3.4238E+01  6.4539E-06
  3.4250E+01  6.0282E-06
  3.4262E+01  5.8758E-06
  3.4274E+01  5.9433E-06
  3.4285E+01  6.1740E-06
  3.4297E+01  6.5113E-06
  3.4309E+01  6.9007E-06
  3.4321E+01  7.2928E-06
  3.4333E+01  7.6452E-06
  3.4345E+01  7.9243E-06
  3.4357E+01  8.1060E-06
  3.4369E+01  8.1764E-06
  3.4381E+01  8.1314E-06
  3.4393E+01  7.9757E-06
  3.4405E+01  7.7222E-06
  3.4416E+01  7.3895E-06
  3.4428E+01  7.0009E-06
  3.4440E+01  6.5819E-06
  3.4452E+01  6.1583E-06
  3.4464E+01  5.7548E-06
  3.4476E+01  5.3930E-06
  3.4488E+01  5.0902E-06
  3.4500E+01  4.8589E-06
  3.4512E+01  4.7058E-06
  3.4524E+01  4.6319E-06
  3.4536E+01  4.6331E-06
  3.4547E+01  4.7003E-06
  3.4559E+01  4.8207E-06
  3.4571E+01  4.9790E-06
  3.4583E+01  5.1582E-06
  3.4595E+01  5.3415E-06
  3.4607E+01  5.5127E-06
  3.4619E+01  5.6581E-06
  3.4631E+01  5.7667E-06
  3.4643E+01  5.8312E-06
  3.4655E+01  5.8482E-06
  3.4667E+01  5.8184E-06
  3.4678E+01  5.7459E-06
  3.4690E+01  5.6385E-06
  3.4702E+01  5.5063E-06
  3.4714E+01  5.3612E-06
  3.4726E+01  5.2162E-06
  3.4738E+01  5.0837E-06
  3.4750E+01  4.9756E-06
  3.4762E+01  4.9013E-06
  3.4774E+01  4.8680E-06
  3.4786E+01  4.8797E-06
  3.4798E+01  4.9370E-06
  3.4809E+01  5.0370E-06
  3.4821E+01  5.1735E-06
  3.4833E+01  5.3377E-06
  3.4845E+01  5.5182E-06
  3.4857E+01  5.7025E-06
  3.4869E+01  5.8770E-06
  3.4881E+01  6.0285E-06
  3.4893E+01  6.1449E-06
  3.4905E+01  6.2161E-06
  3.4917E+01  6.2344E-06
  3.4929E+01  6.1957E-06
  3.4940E+01  6.0993E-06
  3.4952E+01  5.9483E-06
  3.4964E+01  5.7497E-06
  3.4976E+01  5.5141E-06
  3.4988E+01  5.2552E-06
  3.5000E+01  4.9891E-06
