 -3.5000E+01  1.9318E-05
 -3.4988E+01  1.8996E-05
 -3.4976E+01  1.8947E-05
 -3.4964E+01  1.9223E-05
 -3.4952E+01  1.9867E-05
 -3.4940E+01  2.0914E-05
 -3.4929E+01  2.2383E-05
 -3.4917E+01  2.4285E-05
 -3.4905E+01  2.6614E-05
 -3.4893E+01  2.9349E-05
 -3.4881E+01  3.2457E-05
 -3.4869E+01  3.5890E-05
 -3.4857E+01  3.9590E-05
 -3.4845E+01  4.3488E-05
 -3.4833E+01  4.7507E-05
 -3.4821E+01  5.1564E-05
 -3.4809E+01  5.5575E-05
 -3.4798E+01  5.9453E-05
 -3.4786E+01  6.3117E-05
 -3.4774E+01  6.6490E-05
 -3.4762E+01  6.9503E-05
 -3.4750E+01  7.2098E-05
 -3.4738E+01  7.4228E-05
 -3.4726E+01  7.5861E-05
 -3.4714E+01  7.6975E-05
 -3.4702E+01  7.7566E-05
 -3.4690E+01  7.7641E-05
 -3.4678E+01  7.7219E-05
 -3.4667E+01  7.6331E-05
 -3.4655E+01  7.5016E-05
 -3.4643E+01  7.3321E-05
 -3.4631E+01  7.1299E-05
 -3.4619E+01  6.9003E-05
 -3.4607E+01  6.6489E-05
 -3.4595E+01  6.3811E-05
 -3.4583E+01  6.1022E-05
 -3.4571E+01  5.8167E-05
 -3.4559E+01  5.5288E-05
 -3.4547E+01  5.2420E-05
 -3.4536E+01  4.9590E-05
 -3.4524E+01  4.6818E-05
 -3.4512E+01  4.4119E-05
 -3.4500E+01  4.1500E-05
 -3.4488E+01  3.8963E-05
 -3.4476E+01  3.6507E-05
 -3.4464E+01  3.4126E-05
 -3.4452E+01  3.1816E-05
 -3.4440E+01  2.9569E-05
 -3.4428E+01  2.7381E-05
 -3.4416E+01  2.5247E-05
 -3.4405E+01  2.3168E-05
 -3.4393E+01  2.1146E-05
 -3.4381E+01  1.9187E-05
 -3.4369E+01  1.7302E-05
 -3.4357E+01  1.5503E-05
 -3.4345E+01  1.3805E-05
 -3.4333E+01  1.2223E-05
 -3.4321E+01  1.0775E-05
 -3.4309E+01  9.4740E-06
 -3.4297E+01  8.3348E-06
 -3.4285E+01  7.3669E-06
 -3.4274E+01  6.5761E-06
 -3.4262E+01  5.9636E-06
 -3.4250E+01  5.5258E-06
 -3.4238E+01  5.2535E-06
 -3.4226E+01  5.1329E-06
 -3.4214E+01  5.1457E-06
 -3.4202E+01  5.2702E-06
 -3.4190E+01  5.4821E-06
 -3.4178E+01  5.7555E-06
 -3.4166E+01  6.0649E-06
 -3.4154E+01  6.3857E-06
 -3.4143E+01  6.6958E-06
 -3.4131E+01  6.9768E-06
 -3.4119E+01  7.2148E-06
 -3.4107E+01  7.4011E-06
 -3.4095E+01  7.5323E-06
 -3.4083E+01  7.6106E-06
 -3.4071E+01  7.6434E-06
 -3.4059E+01  7.6424E-06
 -3.4047E+01  7.6231E-06
 -3.4035E+01  7.6033E-06
 -3.4023E+01  7.6019E-06
 -3.4012E+01  7.6378E-06
 -3.4000E+01  7.7285E-06
 -3.3988E+01  7.8887E-06
 -3.3976E+01  8.1298E-06
 -3.3964E+01  8.4588E-06
 -3.3952E+01  8.8782E-06
 -3.3940E+01  9.3858E-06
 -3.3928E+01  9.9751E-06
 -3.3916E+01  1.0636E-05
 -3.3904E+01  1.1356E-05
 -3.3892E+01  1.2119E-05
 -3.3881E+01  1.2913E-05
 -3.3869E+01  1.3723E-05
 -3.3857E+01  1.4539E-05
 -3.3845E+01  1.5353E-05
 -3.3833E+01  1.6164E-05
 -3.3821E+01  1.6974E-05
 -3.3809E+01  1.7790E-05
 -3.3797E+01  1.8627E-05
 -3.3785E+01  1.9503E-05
 -3.3773E+01  2.0437E-05
 -3.3761E+01  2.1453E-05
 -3.3750E+01  2.2573E-05
 -3.3738E+01  2.3817E-05
 -3.3726E+01  2.5201E-05
 -3.3714E+01  2.6734E-05
 -3.3702E+01  2.8419E-05
 -3.3690E+01  3.0245E-05
 -3.3678E+01  3.2195E-05
 -3.3666E+01  3.4239E-05
 -3.3654E+01  3.6334E-05
 -3.3642E+01  3.8430E-05
 -3.3630E+01  4.0468E-05
 -3.3619E+01  4.2382E-05
 -3.3607E+01  4.4104E-05
 -3.3595E+01  4.5566E-05
 -3.3583E+01  4.6701E-05
 -3.3571E+01  4.7451E-05
 -3.3559E+01  4.7769E-05
 -3.3547E+01  4.7618E-05
 -3.3535E+01  4.6980E-05
 -3.3523E+01  4.5853E-05
 -3.3511E+01  4.4255E-05
 -3.3499E+01  4.2223E-05
 -3.3488E+01  3.9814E-05
 -3.3476E+01  3.7098E-05
 -3.3464E+01  3.4164E-05
 -3.3452E+01  3.1108E-05
 -3.3440E+01  2.8035E-05
 -3.3428E+01  2.5049E-05
 -3.3416E+01  2.2254E-05
 -3.3404E+01  1.9742E-05
 -3.3392E+01  1.7594E-05
 -3.3380E+01  1.5873E-05
 -3.3368E+01  1.4621E-05
 -3.3357E+01  1.3859E-05
 -3.3345E+01  1.3581E-05
 -3.3333E+01  1.3759E-05
 -3.3321E+01  1.4343E-05
 -3.3309E+01  1.5262E-05
 -3.3297E+01  1.6430E-05
 -3.3285E+01  1.7749E-05
 -3.3273E+01  1.9114E-05
 -3.3261E+01  2.0421E-05
 -3.3249E+01  2.1569E-05
 -3.3237E+01  2.2470E-05
 -3.3226E+01  2.3052E-05
 -3.3214E+01  2.3261E-05
 -3.3202E+01  2.3070E-05
 -3.3190E+01  2.2473E-05
 -3.3178E+01  2.1491E-05
 -3.3166E+01  2.0171E-05
 -3.3154E+01  1.8578E-05
 -3.3142E+01  1.6798E-05
 -3.3130E+01  1.4926E-05
 -3.3118E+01  1.3068E-05
 -3.3106E+01  1.1328E-05
 -3.3095E+01  9.8034E-06
 -3.3083E+01  8.5828E-06
 -3.3071E+01  7.7356E-06
 -3.3059E+01  7.3102E-06
 -3.3047E+01  7.3304E-06
 -3.3035E+01  7.7932E-06
 -3.3023E+01  8.6692E-06
 -3.3011E+01  9.9039E-06
 -3.2999E+01  1.1421E-05
 -3.2987E+01  1.3127E-05
 -3.2976E+01  1.4917E-05
 -3.2964E+01  1.6683E-05
 -3.2952E+01  1.8318E-05
 -3.2940E+01  1.9725E-05
 -3.2928E+01  2.0824E-05
 -3.2916E+01  2.1559E-05
 -3.2904E+01  2.1899E-05
 -3.2892E+01  2.1844E-05
 -3.2880E+01  2.1425E-05
 -3.2868E+01  2.0702E-05
 -3.2856E+01  1.9764E-05
 -3.2845E+01  1.8721E-05
 -3.2833E+01  1.7701E-05
 -3.2821E+01  1.6839E-05
 -3.2809E+01  1.6271E-05
 -3.2797E+01  1.6121E-05
 -3.2785E+01  1.6499E-05
 -3.2773E+01  1.7484E-05
 -3.2761E+01  1.9125E-05
 -3.2749E+01  2.1431E-05
 -3.2737E+01  2.4370E-05
 -3.2725E+01  2.7867E-05
 -3.2714E+01  3.1808E-05
 -3.2702E+01  3.6045E-05
 -3.2690E+01  4.0399E-05
 -3.2678E+01  4.4677E-05
 -3.2666E+01  4.8672E-05
 -3.2654E+01  5.2185E-05
 -3.2642E+01  5.5031E-05
 -3.2630E+01  5.7054E-05
 -3.2618E+01  5.8137E-05
 -3.2606E+01  5.8209E-05
 -3.2594E+01  5.7255E-05
 -3.2583E+01  5.5322E-05
 -3.2571E+01  5.2512E-05
 -3.2559E+01  4.8989E-05
 -3.2547E+01  4.4965E-05
 -3.2535E+01  4.0694E-05
 -3.2523E+01  3.6459E-05
 -3.2511E+01  3.2560E-05
 -3.2499E+01  2.9292E-05
 -3.2487E+01  2.6937E-05
 -3.2475E+01  2.5740E-05
 -3.2463E+01  2.5902E-05
 -3.2452E+01  2.7563E-05
 -3.2440E+01  3.0798E-05
 -3.2428E+01  3.5611E-05
 -3.2416E+01  4.1934E-05
 -3.2404E+01  4.9634E-05
 -3.2392E+01  5.8522E-05
 -3.2380E+01  6.8368E-05
 -3.2368E+01  7.8917E-05
 -3.2356E+01  8.9916E-05
 -3.2344E+01  1.0113E-04
 -3.2332E+01  1.1238E-04
 -3.2321E+01  1.2355E-04
 -3.2309E+01  1.3462E-04
 -3.2297E+01  1.4569E-04
 -3.2285E+01  1.5696E-04
 -3.2273E+01  1.6881E-04
 -3.2261E+01  1.8171E-04
 -3.2249E+01  1.9627E-04
 -3.2237E+01  2.1322E-04
 -3.2225E+01  2.3337E-04
 -3.2213E+01  2.5760E-04
 -3.2201E+01  2.8680E-04
 -3.2190E+01  3.2183E-04
 -3.2178E+01  3.6351E-04
 -3.2166E+01  4.1253E-04
 -3.2154E+01  4.6942E-04
 -3.2142E+01  5.3453E-04
 -3.2130E+01  6.0794E-04
 -3.2118E+01  6.8947E-04
 -3.2106E+01  7.7865E-04
 -3.2094E+01  8.7471E-04
 -3.2082E+01  9.7658E-04
 -3.2070E+01  1.0829E-03
 -3.2059E+01  1.1920E-03
 -3.2047E+01  1.3022E-03
 -3.2035E+01  1.4113E-03
 -3.2023E+01  1.5172E-03
 -3.2011E+01  1.6177E-03
 -3.1999E+01  1.7107E-03
 -3.1987E+01  1.7941E-03
 -3.1975E+01  1.8657E-03
 -3.1963E+01  1.9240E-03
 -3.1951E+01  1.9673E-03
 -3.1939E+01  1.9946E-03
 -3.1928E+01  2.0050E-03
 -3.1916E+01  1.9982E-03
 -3.1904E+01  1.9742E-03
 -3.1892E+01  1.9337E-03
 -3.1880E+01  1.8774E-03
 -3.1868E+01  1.8068E-03
 -3.1856E+01  1.7235E-03
 -3.1844E+01  1.6295E-03
 -3.1832E+01  1.5270E-03
 -3.1820E+01  1.4184E-03
 -3.1808E+01  1.3061E-03
 -3.1797E+01  1.1925E-03
 -3.1785E+01  1.0800E-03
 -3.1773E+01  9.7067E-04
 -3.1761E+01  8.6652E-04
 -3.1749E+01  7.6921E-04
 -3.1737E+01  6.8012E-04
 -3.1725E+01  6.0028E-04
 -3.1713E+01  5.3034E-04
 -3.1701E+01  4.7062E-04
 -3.1689E+01  4.2105E-04
 -3.1677E+01  3.8125E-04
 -3.1666E+01  3.5056E-04
 -3.1654E+01  3.2804E-04
 -3.1642E+01  3.1258E-04
 -3.1630E+01  3.0293E-04
 -3.1618E+01  2.9775E-04
 -3.1606E+01  2.9572E-04
 -3.1594E+01  2.9553E-04
 -3.1582E+01  2.9601E-04
 -3.1570E+01  2.9611E-04
 -3.1558E+01  2.9499E-04
 -3.1546E+01  2.9200E-04
 -3.1535E+01  2.8673E-04
 -3.1523E+01  2.7903E-04
 -3.1511E+01  2.6893E-04
 -3.1499E+01  2.5672E-04
 -3.1487E+01  2.4286E-04
 -3.1475E+01  2.2797E-04
 -3.1463E+01  2.1280E-04
 -3.1451E+01  1.9817E-04
 -3.1439E+01  1.8494E-04
 -3.1427E+01  1.7395E-04
 -3.1415E+01  1.6600E-04
 -3.1404E+01  1.6180E-04
 -3.1392E+01  1.6193E-04
 -3.1380E+01  1.6681E-04
 -3.1368E+01  1.7673E-04
 -3.1356E+01  1.9177E-04
 -3.1344E+01  2.1183E-04
 -3.1332E+01  2.3667E-04
 -3.1320E+01  2.6585E-04
 -3.1308E+01  2.9881E-04
 -3.1296E+01  3.3485E-04
 -3.1284E+01  3.7318E-04
 -3.1273E+01  4.1296E-04
 -3.1261E+01  4.5328E-04
 -3.1249E+01  4.9325E-04
 -3.1237E+01  5.3202E-04
 -3.1225E+01  5.6875E-04
 -3.1213E+01  6.0271E-04
 -3.1201E+01  6.3326E-04
 -3.1189E+01  6.5987E-04
 -3.1177E+01  6.8214E-04
 -3.1165E+01  6.9977E-04
 -3.1153E+01  7.1262E-04
 -3.1142E+01  7.2064E-04
 -3.1130E+01  7.2389E-04
 -3.1118E+01  7.2254E-04
 -3.1106E+01  7.1682E-04
 -3.1094E+01  7.0706E-04
 -3.1082E+01  6.9362E-04
 -3.1070E+01  6.7688E-04
 -3.1058E+01  6.5729E-04
 -3.1046E+01  6.3527E-04
 -3.1034E+01  6.1126E-04
 -3.1022E+01  5.8568E-04
 -3.1011E+01  5.5895E-04
 -3.0999E+01  5.3144E-04
 -3.0987E+01  5.0350E-04
 -3.0975E+01  4.7546E-04
 -3.0963E+01  4.4758E-04
 -3.0951E+01  4.2012E-04
 -3.0939E+01  3.9326E-04
 -3.0927E+01  3.6719E-04
 -3.0915E+01  3.4201E-04
 -3.0903E+01  3.1785E-04
 -3.0891E+01  2.9476E-04
 -3.0880E+01  2.7280E-04
 -3.0868E+01  2.5199E-04
 -3.0856E+01  2.3234E-04
 -3.0844E+01  2.1385E-04
 -3.0832E+01  1.9649E-04
 -3.0820E+01  1.8025E-04
 -3.0808E+01  1.6508E-04
 -3.0796E+01  1.5094E-04
 -3.0784E+01  1.3780E-04
 -3.0772E+01  1.2560E-04
 -3.0760E+01  1.1429E-04
 -3.0749E+01  1.0383E-04
 -3.0737E+01  9.4169E-05
 -3.0725E+01  8.5261E-05
 -3.0713E+01  7.7066E-05
 -3.0701E+01  6.9548E-05
 -3.0689E+01  6.2679E-05
 -3.0677E+01  5.6438E-05
 -3.0665E+01  5.0809E-05
 -3.0653E+01  4.5787E-05
 -3.0641E+01  4.1373E-05
 -3.0629E+01  3.7574E-05
 -3.0618E+01  3.4405E-05
 -3.0606E+01  3.1884E-05
 -3.0594E+01  3.0029E-05
 -3.0582E+01  2.8862E-05
 -3.0570E+01  2.8402E-05
 -3.0558E+01  2.8664E-05
 -3.0546E+01  2.9659E-05
 -3.0534E+01  3.1390E-05
 -3.0522E+01  3.3853E-05
 -3.0510E+01  3.7033E-05
 -3.0498E+01  4.0909E-05
 -3.0487E+01  4.5449E-05
 -3.0475E+01  5.0611E-05
 -3.0463E+01  5.6346E-05
 -3.0451E+01  6.2598E-05
 -3.0439E+01  6.9304E-05
 -3.0427E+01  7.6395E-05
 -3.0415E+01  8.3801E-05
 -3.0403E+01  9.1448E-05
 -3.0391E+01  9.9263E-05
 -3.0379E+01  1.0717E-04
 -3.0367E+01  1.1511E-04
 -3.0356E+01  1.2300E-04
 -3.0344E+01  1.3078E-04
 -3.0332E+01  1.3841E-04
 -3.0320E+01  1.4582E-04
 -3.0308E+01  1.5298E-04
 -3.0296E+01  1.5985E-04
 -3.0284E+01  1.6640E-04
 -3.0272E+01  1.7259E-04
 -3.0260E+01  1.7842E-04
 -3.0248E+01  1.8385E-04
 -3.0236E+01  1.8887E-04
 -3.0225E+01  1.9347E-04
 -3.0213E+01  1.9762E-04
 -3.0201E+01  2.0133E-04
 -3.0189E+01  2.0457E-04
 -3.0177E+01  2.0732E-04
 -3.0165E+01  2.0958E-04
 -3.0153E+01  2.1132E-04
 -3.0141E+01  2.1253E-04
 -3.0129E+01  2.1320E-04
 -3.0117E+01  2.1330E-04
 -3.0105E+01  2.1283E-04
 -3.0094E+01  2.1177E-04
 -3.0082E+01  2.1010E-04
 -3.0070E+01  2.0782E-04
 -3.0058E+01  2.0492E-04
 -3.0046E+01  2.0138E-04
 -3.0034E+01  1.9721E-04
 -3.0022E+01  1.9239E-04
 -3.0010E+01  1.8694E-04
 -2.9998E+01  1.8086E-04
 -2.9986E+01  1.7418E-04
 -2.9974E+01  1.6692E-04
 -2.9963E+01  1.5911E-04
 -2.9951E+01  1.5082E-04
 -2.9939E+01  1.4210E-04
 -2.9927E+01  1.3304E-04
 -2.9915E+01  1.2374E-04
 -2.9903E+01  1.1429E-04
 -2.9891E+01  1.0482E-04
 -2.9879E+01  9.5460E-05
 -2.9867E+01  8.6334E-05
 -2.9855E+01  7.7579E-05
 -2.9843E+01  6.9326E-05
 -2.9832E+01  6.1700E-05
 -2.9820E+01  5.4811E-05
 -2.9808E+01  4.8756E-05
 -2.9796E+01  4.3611E-05
 -2.9784E+01  3.9430E-05
 -2.9772E+01  3.6237E-05
 -2.9760E+01  3.4033E-05
 -2.9748E+01  3.2787E-05
 -2.9736E+01  3.2440E-05
 -2.9724E+01  3.2908E-05
 -2.9712E+01  3.4079E-05
 -2.9701E+01  3.5826E-05
 -2.9689E+01  3.8002E-05
 -2.9677E+01  4.0454E-05
 -2.9665E+01  4.3025E-05
 -2.9653E+01  4.5562E-05
 -2.9641E+01  4.7923E-05
 -2.9629E+01  4.9982E-05
 -2.9617E+01  5.1639E-05
 -2.9605E+01  5.2815E-05
 -2.9593E+01  5.3466E-05
 -2.9581E+01  5.3575E-05
 -2.9570E+01  5.3159E-05
 -2.9558E+01  5.2261E-05
 -2.9546E+01  5.0953E-05
 -2.9534E+01  4.9327E-05
 -2.9522E+01  4.7493E-05
 -2.9510E+01  4.5569E-05
 -2.9498E+01  4.3676E-05
 -2.9486E+01  4.1935E-05
 -2.9474E+01  4.0452E-05
 -2.9462E+01  3.9322E-05
 -2.9450E+01  3.8615E-05
 -2.9439E+01  3.8380E-05
 -2.9427E+01  3.8640E-05
 -2.9415E+01  3.9391E-05
 -2.9403E+01  4.0608E-05
 -2.9391E+01  4.2242E-05
 -2.9379E+01  4.4231E-05
 -2.9367E+01  4.6503E-05
 -2.9355E+01  4.8980E-05
 -2.9343E+01  5.1588E-05
 -2.9331E+01  5.4262E-05
 -2.9319E+01  5.6950E-05
 -2.9308E+01  5.9621E-05
 -2.9296E+01  6.2263E-05
 -2.9284E+01  6.4885E-05
 -2.9272E+01  6.7521E-05
 -2.9260E+01  7.0221E-05
 -2.9248E+01  7.3050E-05
 -2.9236E+01  7.6078E-05
 -2.9224E+01  7.9379E-05
 -2.9212E+01  8.3015E-05
 -2.9200E+01  8.7036E-05
 -2.9188E+01  9.1464E-05
 -2.9177E+01  9.6290E-05
 -2.9165E+01  1.0147E-04
 -2.9153E+01  1.0693E-04
 -2.9141E+01  1.1253E-04
 -2.9129E+01  1.1812E-04
 -2.9117E+01  1.2351E-04
 -2.9105E+01  1.2847E-04
 -2.9093E+01  1.3278E-04
 -2.9081E+01  1.3620E-04
 -2.9069E+01  1.3851E-04
 -2.9058E+01  1.3951E-04
 -2.9046E+01  1.3906E-04
 -2.9034E+01  1.3704E-04
 -2.9022E+01  1.3343E-04
 -2.9010E+01  1.2826E-04
 -2.8998E+01  1.2166E-04
 -2.8986E+01  1.1382E-04
 -2.8974E+01  1.0500E-04
 -2.8962E+01  9.5546E-05
 -2.8950E+01  8.5832E-05
 -2.8938E+01  7.6276E-05
 -2.8927E+01  6.7311E-05
 -2.8915E+01  5.9362E-05
 -2.8903E+01  5.2829E-05
 -2.8891E+01  4.8061E-05
 -2.8879E+01  4.5341E-05
 -2.8867E+01  4.4869E-05
 -2.8855E+01  4.6750E-05
 -2.8843E+01  5.0986E-05
 -2.8831E+01  5.7477E-05
 -2.8819E+01  6.6028E-05
 -2.8807E+01  7.6358E-05
 -2.8796E+01  8.8123E-05
 -2.8784E+01  1.0094E-04
 -2.8772E+01  1.1441E-04
 -2.8760E+01  1.2817E-04
 -2.8748E+01  1.4190E-04
 -2.8736E+01  1.5538E-04
 -2.8724E+01  1.6848E-04
 -2.8712E+01  1.8126E-04
 -2.8700E+01  1.9390E-04
 -2.8688E+01  2.0679E-04
 -2.8676E+01  2.2047E-04
 -2.8665E+01  2.3566E-04
 -2.8653E+01  2.5322E-04
 -2.8641E+01  2.7413E-04
 -2.8629E+01  2.9947E-04
 -2.8617E+01  3.3031E-04
 -2.8605E+01  3.6774E-04
 -2.8593E+01  4.1273E-04
 -2.8581E+01  4.6614E-04
 -2.8569E+01  5.2860E-04
 -2.8557E+01  6.0051E-04
 -2.8545E+01  6.8194E-04
 -2.8534E+01  7.7265E-04
 -2.8522E+01  8.7202E-04
 -2.8510E+01  9.7906E-04
 -2.8498E+01  1.0924E-03
 -2.8486E+01  1.2104E-03
 -2.8474E+01  1.3310E-03
 -2.8462E+01  1.4519E-03
 -2.8450E+01  1.5707E-03
 -2.8438E+01  1.6847E-03
 -2.8426E+01  1.7912E-03
 -2.8414E+01  1.8877E-03
 -2.8403E+01  1.9717E-03
 -2.8391E+01  2.0408E-03
 -2.8379E+01  2.0933E-03
 -2.8367E+01  2.1275E-03
 -2.8355E+01  2.1425E-03
 -2.8343E+01  2.1378E-03
 -2.8331E+01  2.1133E-03
 -2.8319E+01  2.0697E-03
 -2.8307E+01  2.0082E-03
 -2.8295E+01  1.9304E-03
 -2.8283E+01  1.8384E-03
 -2.8272E+01  1.7346E-03
 -2.8260E+01  1.6218E-03
 -2.8248E+01  1.5028E-03
 -2.8236E+01  1.3806E-03
 -2.8224E+01  1.2582E-03
 -2.8212E+01  1.1383E-03
 -2.8200E+01  1.0236E-03
 -2.8188E+01  9.1645E-04
 -2.8176E+01  8.1871E-04
 -2.8164E+01  7.3191E-04
 -2.8152E+01  6.5709E-04
 -2.8141E+01  5.9479E-04
 -2.8129E+01  5.4508E-04
 -2.8117E+01  5.0753E-04
 -2.8105E+01  4.8132E-04
 -2.8093E+01  4.6523E-04
 -2.8081E+01  4.5773E-04
 -2.8069E+01  4.5711E-04
 -2.8057E+01  4.6150E-04
 -2.8045E+01  4.6902E-04
 -2.8033E+01  4.7784E-04
 -2.8021E+01  4.8626E-04
 -2.8010E+01  4.9281E-04
 -2.7998E+01  4.9629E-04
 -2.7986E+01  4.9583E-04
 -2.7974E+01  4.9091E-04
 -2.7962E+01  4.8140E-04
 -2.7950E+01  4.6751E-04
 -2.7938E+01  4.4984E-04
 -2.7926E+01  4.2929E-04
 -2.7914E+01  4.0701E-04
 -2.7902E+01  3.8439E-04
 -2.7890E+01  3.6292E-04
 -2.7879E+01  3.4417E-04
 -2.7867E+01  3.2968E-04
 -2.7855E+01  3.2092E-04
 -2.7843E+01  3.1918E-04
 -2.7831E+01  3.2553E-04
 -2.7819E+01  3.4081E-04
 -2.7807E+01  3.6551E-04
 -2.7795E+01  3.9983E-04
 -2.7783E+01  4.4364E-04
 -2.7771E+01  4.9646E-04
 -2.7759E+01  5.5752E-04
 -2.7748E+01  6.2575E-04
 -2.7736E+01  6.9986E-04
 -2.7724E+01  7.7833E-04
 -2.7712E+01  8.5954E-04
 -2.7700E+01  9.4176E-04
 -2.7688E+01  1.0233E-03
 -2.7676E+01  1.1023E-03
 -2.7664E+01  1.1774E-03
 -2.7652E+01  1.2470E-03
 -2.7640E+01  1.3099E-03
 -2.7628E+01  1.3649E-03
 -2.7617E+01  1.4113E-03
 -2.7605E+01  1.4485E-03
 -2.7593E+01  1.4761E-03
 -2.7581E+01  1.4940E-03
 -2.7569E+01  1.5022E-03
 -2.7557E+01  1.5010E-03
 -2.7545E+01  1.4909E-03
 -2.7533E+01  1.4724E-03
 -2.7521E+01  1.4462E-03
 -2.7509E+01  1.4131E-03
 -2.7497E+01  1.3739E-03
 -2.7486E+01  1.3295E-03
 -2.7474E+01  1.2808E-03
 -2.7462E+01  1.2286E-03
 -2.7450E+01  1.1738E-03
 -2.7438E+01  1.1172E-03
 -2.7426E+01  1.0595E-03
 -2.7414E+01  1.0014E-03
 -2.7402E+01  9.4344E-04
 -2.7390E+01  8.8617E-04
 -2.7378E+01  8.3002E-04
 -2.7366E+01  7.7532E-04
 -2.7355E+01  7.2236E-04
 -2.7343E+01  6.7137E-04
 -2.7331E+01  6.2252E-04
 -2.7319E+01  5.7593E-04
 -2.7307E+01  5.3169E-04
 -2.7295E+01  4.8986E-04
 -2.7283E+01  4.5046E-04
 -2.7271E+01  4.1349E-04
 -2.7259E+01  3.7893E-04
 -2.7247E+01  3.4674E-04
 -2.7235E+01  3.1686E-04
 -2.7224E+01  2.8921E-04
 -2.7212E+01  2.6370E-04
 -2.7200E+01  2.4021E-04
 -2.7188E+01  2.1865E-04
 -2.7176E+01  1.9887E-04
 -2.7164E+01  1.8077E-04
 -2.7152E+01  1.6422E-04
 -2.7140E+01  1.4912E-04
 -2.7128E+01  1.3535E-04
 -2.7116E+01  1.2285E-04
 -2.7104E+01  1.1154E-04
 -2.7093E+01  1.0140E-04
 -2.7081E+01  9.2395E-05
 -2.7069E+01  8.4545E-05
 -2.7057E+01  7.7876E-05
 -2.7045E+01  7.2438E-05
 -2.7033E+01  6.8295E-05
 -2.7021E+01  6.5520E-05
 -2.7009E+01  6.4193E-05
 -2.6997E+01  6.4391E-05
 -2.6985E+01  6.6182E-05
 -2.6973E+01  6.9622E-05
 -2.6962E+01  7.4746E-05
 -2.6950E+01  8.1564E-05
 -2.6938E+01  9.0059E-05
 -2.6926E+01  1.0018E-04
 -2.6914E+01  1.1185E-04
 -2.6902E+01  1.2496E-04
 -2.6890E+01  1.3934E-04
 -2.6878E+01  1.5484E-04
 -2.6866E+01  1.7124E-04
 -2.6854E+01  1.8833E-04
 -2.6842E+01  2.0585E-04
 -2.6831E+01  2.2357E-04
 -2.6819E+01  2.4123E-04
 -2.6807E+01  2.5860E-04
 -2.6795E+01  2.7543E-04
 -2.6783E+01  2.9152E-04
 -2.6771E+01  3.0668E-04
 -2.6759E+01  3.2075E-04
 -2.6747E+01  3.3361E-04
 -2.6735E+01  3.4514E-04
 -2.6723E+01  3.5528E-04
 -2.6711E+01  3.6399E-04
 -2.6700E+01  3.7126E-04
 -2.6688E+01  3.7708E-04
 -2.6676E+01  3.8148E-04
 -2.6664E+01  3.8451E-04
 -2.6652E+01  3.8621E-04
 -2.6640E+01  3.8665E-04
 -2.6628E+01  3.8590E-04
 -2.6616E+01  3.8404E-04
 -2.6604E+01  3.8113E-04
 -2.6592E+01  3.7726E-04
 -2.6580E+01  3.7250E-04
 -2.6569E+01  3.6694E-04
 -2.6557E+01  3.6063E-04
 -2.6545E+01  3.5365E-04
 -2.6533E+01  3.4605E-04
 -2.6521E+01  3.3788E-04
 -2.6509E+01  3.2919E-04
 -2.6497E+01  3.2001E-04
 -2.6485E+01  3.1037E-04
 -2.6473E+01  3.0029E-04
 -2.6461E+01  2.8981E-04
 -2.6449E+01  2.7892E-04
 -2.6438E+01  2.6765E-04
 -2.6426E+01  2.5603E-04
 -2.6414E+01  2.4407E-04
 -2.6402E+01  2.3180E-04
 -2.6390E+01  2.1928E-04
 -2.6378E+01  2.0655E-04
 -2.6366E+01  1.9368E-04
 -2.6354E+01  1.8073E-04
 -2.6342E+01  1.6780E-04
 -2.6330E+01  1.5498E-04
 -2.6318E+01  1.4237E-04
 -2.6307E+01  1.3009E-04
 -2.6295E+01  1.1827E-04
 -2.6283E+01  1.0701E-04
 -2.6271E+01  9.6445E-05
 -2.6259E+01  8.6692E-05
 -2.6247E+01  7.7863E-05
 -2.6235E+01  7.0063E-05
 -2.6223E+01  6.3383E-05
 -2.6211E+01  5.7897E-05
 -2.6199E+01  5.3659E-05
 -2.6187E+01  5.0701E-05
 -2.6176E+01  4.9031E-05
 -2.6164E+01  4.8628E-05
 -2.6152E+01  4.9447E-05
 -2.6140E+01  5.1417E-05
 -2.6128E+01  5.4445E-05
 -2.6116E+01  5.8415E-05
 -2.6104E+01  6.3199E-05
 -2.6092E+01  6.8660E-05
 -2.6080E+01  7.4653E-05
 -2.6068E+01  8.1038E-05
 -2.6056E+01  8.7683E-05
 -2.6045E+01  9.4467E-05
 -2.6033E+01  1.0129E-04
 -2.6021E+01  1.0807E-04
 -2.6009E+01  1.1475E-04
 -2.5997E+01  1.2129E-04
 -2.5985E+01  1.2770E-04
 -2.5973E+01  1.3398E-04
 -2.5961E+01  1.4018E-04
 -2.5949E+01  1.4634E-04
 -2.5937E+01  1.5252E-04
 -2.5925E+01  1.5880E-04
 -2.5914E+01  1.6523E-04
 -2.5902E+01  1.7187E-04
 -2.5890E+01  1.7876E-04
 -2.5878E+01  1.8592E-04
 -2.5866E+01  1.9335E-04
 -2.5854E+01  2.0101E-04
 -2.5842E+01  2.0884E-04
 -2.5830E+01  2.1676E-04
 -2.5818E+01  2.2465E-04
 -2.5806E+01  2.3238E-04
 -2.5794E+01  2.3979E-04
 -2.5783E+01  2.4674E-04
 -2.5771E+01  2.5306E-04
 -2.5759E+01  2.5861E-04
 -2.5747E+01  2.6327E-04
 -2.5735E+01  2.6694E-04
 -2.5723E+01  2.6954E-04
 -2.5711E+01  2.7106E-04
 -2.5699E+01  2.7150E-04
 -2.5687E+01  2.7091E-04
 -2.5675E+01  2.6939E-04
 -2.5663E+01  2.6706E-04
 -2.5652E+01  2.6405E-04
 -2.5640E+01  2.6053E-04
 -2.5628E+01  2.5666E-04
 -2.5616E+01  2.5259E-04
 -2.5604E+01  2.4845E-04
 -2.5592E+01  2.4435E-04
 -2.5580E+01  2.4035E-04
 -2.5568E+01  2.3649E-04
 -2.5556E+01  2.3274E-04
 -2.5544E+01  2.2904E-04
 -2.5532E+01  2.2530E-04
 -2.5521E+01  2.2136E-04
 -2.5509E+01  2.1708E-04
 -2.5497E+01  2.1228E-04
 -2.5485E+01  2.0680E-04
 -2.5473E+01  2.0048E-04
 -2.5461E+01  1.9320E-04
 -2.5449E+01  1.8489E-04
 -2.5437E+01  1.7552E-04
 -2.5425E+01  1.6514E-04
 -2.5413E+01  1.5385E-04
 -2.5401E+01  1.4183E-04
 -2.5390E+01  1.2934E-04
 -2.5378E+01  1.1667E-04
 -2.5366E+01  1.0419E-04
 -2.5354E+01  9.2279E-05
 -2.5342E+01  8.1346E-05
 -2.5330E+01  7.1791E-05
 -2.5318E+01  6.3994E-05
 -2.5306E+01  5.8286E-05
 -2.5294E+01  5.4938E-05
 -2.5282E+01  5.4140E-05
 -2.5271E+01  5.5990E-05
 -2.5259E+01  6.0489E-05
 -2.5247E+01  6.7539E-05
 -2.5235E+01  7.6955E-05
 -2.5223E+01  8.8472E-05
 -2.5211E+01  1.0177E-04
 -2.5199E+01  1.1650E-04
 -2.5187E+01  1.3230E-04
 -2.5175E+01  1.4885E-04
 -2.5163E+01  1.6589E-04
 -2.5151E+01  1.8325E-04
 -2.5140E+01  2.0089E-04
 -2.5128E+01  2.1890E-04
 -2.5116E+01  2.3755E-04
 -2.5104E+01  2.5725E-04
 -2.5092E+01  2.7861E-04
 -2.5080E+01  3.0238E-04
 -2.5068E+01  3.2943E-04
 -2.5056E+01  3.6074E-04
 -2.5044E+01  3.9735E-04
 -2.5032E+01  4.4029E-04
 -2.5020E+01  4.9053E-04
 -2.5009E+01  5.4894E-04
 -2.4997E+01  6.1622E-04
 -2.4985E+01  6.9283E-04
 -2.4973E+01  7.7894E-04
 -2.4961E+01  8.7440E-04
 -2.4949E+01  9.7872E-04
 -2.4937E+01  1.0910E-03
 -2.4925E+01  1.2100E-03
 -2.4913E+01  1.3339E-03
 -2.4901E+01  1.4609E-03
 -2.4889E+01  1.5886E-03
 -2.4878E+01  1.7143E-03
 -2.4866E+01  1.8354E-03
 -2.4854E+01  1.9490E-03
 -2.4842E+01  2.0524E-03
 -2.4830E+01  2.1427E-03
 -2.4818E+01  2.2176E-03
 -2.4806E+01  2.2751E-03
 -2.4794E+01  2.3134E-03
 -2.4782E+01  2.3314E-03
 -2.4770E+01  2.3285E-03
 -2.4758E+01  2.3046E-03
 -2.4747E+01  2.2603E-03
 -2.4735E+01  2.1967E-03
 -2.4723E+01  2.1155E-03
 -2.4711E+01  2.0187E-03
 -2.4699E+01  1.9088E-03
 -2.4687E+01  1.7888E-03
 -2.4675E+01  1.6616E-03
 -2.4663E+01  1.5304E-03
 -2.4651E+01  1.3985E-03
 -2.4639E+01  1.2690E-03
 -2.4627E+01  1.1448E-03
 -2.4616E+01  1.0284E-03
 -2.4604E+01  9.2222E-04
 -2.4592E+01  8.2789E-04
 -2.4580E+01  7.4666E-04
 -2.4568E+01  6.7923E-04
 -2.4556E+01  6.2571E-04
 -2.4544E+01  5.8568E-04
 -2.4532E+01  5.5824E-04
 -2.4520E+01  5.4204E-04
 -2.4508E+01  5.3539E-04
 -2.4496E+01  5.3636E-04
 -2.4485E+01  5.4285E-04
 -2.4473E+01  5.5270E-04
 -2.4461E+01  5.6383E-04
 -2.4449E+01  5.7430E-04
 -2.4437E+01  5.8241E-04
 -2.4425E+01  5.8678E-04
 -2.4413E+01  5.8643E-04
 -2.4401E+01  5.8076E-04
 -2.4389E+01  5.6966E-04
 -2.4377E+01  5.5342E-04
 -2.4365E+01  5.3278E-04
 -2.4354E+01  5.0885E-04
 -2.4342E+01  4.8303E-04
 -2.4330E+01  4.5700E-04
 -2.4318E+01  4.3256E-04
 -2.4306E+01  4.1158E-04
 -2.4294E+01  3.9591E-04
 -2.4282E+01  3.8726E-04
 -2.4270E+01  3.8717E-04
 -2.4258E+01  3.9688E-04
 -2.4246E+01  4.1731E-04
 -2.4234E+01  4.4900E-04
 -2.4223E+01  4.9209E-04
 -2.4211E+01  5.4628E-04
 -2.4199E+01  6.1086E-04
 -2.4187E+01  6.8475E-04
 -2.4175E+01  7.6650E-04
 -2.4163E+01  8.5437E-04
 -2.4151E+01  9.4638E-04
 -2.4139E+01  1.0404E-03
 -2.4127E+01  1.1343E-03
 -2.4115E+01  1.2259E-03
 -2.4103E+01  1.3131E-03
 -2.4092E+01  1.3939E-03
 -2.4080E+01  1.4667E-03
 -2.4068E+01  1.5299E-03
 -2.4056E+01  1.5823E-03
 -2.4044E+01  1.6232E-03
 -2.4032E+01  1.6518E-03
 -2.4020E+01  1.6680E-03
 -2.4008E+01  1.6718E-03
 -2.3996E+01  1.6635E-03
 -2.3984E+01  1.6436E-03
 -2.3972E+01  1.6132E-03
 -2.3961E+01  1.5730E-03
 -2.3949E+01  1.5243E-03
 -2.3937E+01  1.4684E-03
 -2.3925E+01  1.4066E-03
 -2.3913E+01  1.3402E-03
 -2.3901E+01  1.2705E-03
 -2.3889E+01  1.1987E-03
 -2.3877E+01  1.1260E-03
 -2.3865E+01  1.0533E-03
 -2.3853E+01  9.8163E-04
 -2.3841E+01  9.1156E-04
 -2.3830E+01  8.4372E-04
 -2.3818E+01  7.7854E-04
 -2.3806E+01  7.1634E-04
 -2.3794E+01  6.5733E-04
 -2.3782E+01  6.0165E-04
 -2.3770E+01  5.4935E-04
 -2.3758E+01  5.0042E-04
 -2.3746E+01  4.5483E-04
 -2.3734E+01  4.1250E-04
 -2.3722E+01  3.7335E-04
 -2.3710E+01  3.3727E-04
 -2.3699E+01  3.0415E-04
 -2.3687E+01  2.7385E-04
 -2.3675E+01  2.4627E-04
 -2.3663E+01  2.2127E-04
 -2.3651E+01  1.9871E-04
 -2.3639E+01  1.7845E-04
 -2.3627E+01  1.6035E-04
 -2.3615E+01  1.4426E-04
 -2.3603E+01  1.3003E-04
 -2.3591E+01  1.1751E-04
 -2.3579E+01  1.0653E-04
 -2.3568E+01  9.6964E-05
 -2.3556E+01  8.8667E-05
 -2.3544E+01  8.1516E-05
 -2.3532E+01  7.5406E-05
 -2.3520E+01  7.0255E-05
 -2.3508E+01  6.6005E-05
 -2.3496E+01  6.2627E-05
 -2.3484E+01  6.0123E-05
 -2.3472E+01  5.8522E-05
 -2.3460E+01  5.7883E-05
 -2.3448E+01  5.8286E-05
 -2.3437E+01  5.9833E-05
 -2.3425E+01  6.2638E-05
 -2.3413E+01  6.6819E-05
 -2.3401E+01  7.2491E-05
 -2.3389E+01  7.9758E-05
 -2.3377E+01  8.8703E-05
 -2.3365E+01  9.9377E-05
 -2.3353E+01  1.1180E-04
 -2.3341E+01  1.2594E-04
 -2.3329E+01  1.4172E-04
 -2.3317E+01  1.5901E-04
 -2.3306E+01  1.7765E-04
 -2.3294E+01  1.9740E-04
 -2.3282E+01  2.1800E-04
 -2.3270E+01  2.3915E-04
 -2.3258E+01  2.6053E-04
 -2.3246E+01  2.8178E-04
 -2.3234E+01  3.0258E-04
 -2.3222E+01  3.2257E-04
 -2.3210E+01  3.4143E-04
 -2.3198E+01  3.5886E-04
 -2.3186E+01  3.7460E-04
 -2.3175E+01  3.8841E-04
 -2.3163E+01  4.0010E-04
 -2.3151E+01  4.0953E-04
 -2.3139E+01  4.1660E-04
 -2.3127E+01  4.2126E-04
 -2.3115E+01  4.2351E-04
 -2.3103E+01  4.2338E-04
 -2.3091E+01  4.2097E-04
 -2.3079E+01  4.1639E-04
 -2.3067E+01  4.0981E-04
 -2.3055E+01  4.0142E-04
 -2.3044E+01  3.9141E-04
 -2.3032E+01  3.8003E-04
 -2.3020E+01  3.6749E-04
 -2.3008E+01  3.5403E-04
 -2.2996E+01  3.3986E-04
 -2.2984E+01  3.2520E-04
 -2.2972E+01  3.1023E-04
 -2.2960E+01  2.9512E-04
 -2.2948E+01  2.8003E-04
 -2.2936E+01  2.6508E-04
 -2.2924E+01  2.5037E-04
 -2.2913E+01  2.3600E-04
 -2.2901E+01  2.2203E-04
 -2.2889E+01  2.0852E-04
 -2.2877E+01  1.9550E-04
 -2.2865E+01  1.8300E-04
 -2.2853E+01  1.7106E-04
 -2.2841E+01  1.5967E-04
 -2.2829E+01  1.4884E-04
 -2.2817E+01  1.3857E-04
 -2.2805E+01  1.2887E-04
 -2.2793E+01  1.1971E-04
 -2.2782E+01  1.1108E-04
 -2.2770E+01  1.0298E-04
 -2.2758E+01  9.5382E-05
 -2.2746E+01  8.8277E-05
 -2.2734E+01  8.1653E-05
 -2.2722E+01  7.5501E-05
 -2.2710E+01  6.9818E-05
 -2.2698E+01  6.4607E-05
 -2.2686E+01  5.9878E-05
 -2.2674E+01  5.5650E-05
 -2.2662E+01  5.1951E-05
 -2.2651E+01  4.8816E-05
 -2.2639E+01  4.6292E-05
 -2.2627E+01  4.4430E-05
 -2.2615E+01  4.3293E-05
 -2.2603E+01  4.2946E-05
 -2.2591E+01  4.3461E-05
 -2.2579E+01  4.4914E-05
 -2.2567E+01  4.7383E-05
 -2.2555E+01  5.0947E-05
 -2.2543E+01  5.5687E-05
 -2.2531E+01  6.1680E-05
 -2.2520E+01  6.9004E-05
 -2.2508E+01  7.7732E-05
 -2.2496E+01  8.7933E-05
 -2.2484E+01  9.9673E-05
 -2.2472E+01  1.1301E-04
 -2.2460E+01  1.2798E-04
 -2.2448E+01  1.4464E-04
 -2.2436E+01  1.6300E-04
 -2.2424E+01  1.8307E-04
 -2.2412E+01  2.0485E-04
 -2.2400E+01  2.2830E-04
 -2.2389E+01  2.5338E-04
 -2.2377E+01  2.8001E-04
 -2.2365E+01  3.0810E-04
 -2.2353E+01  3.3752E-04
 -2.2341E+01  3.6811E-04
 -2.2329E+01  3.9968E-04
 -2.2317E+01  4.3202E-04
 -2.2305E+01  4.6485E-04
 -2.2293E+01  4.9788E-04
 -2.2281E+01  5.3078E-04
 -2.2269E+01  5.6315E-04
 -2.2258E+01  5.9460E-04
 -2.2246E+01  6.2469E-04
 -2.2234E+01  6.5296E-04
 -2.2222E+01  6.7897E-04
 -2.2210E+01  7.0224E-04
 -2.2198E+01  7.2237E-04
 -2.2186E+01  7.3895E-04
 -2.2174E+01  7.5165E-04
 -2.2162E+01  7.6021E-04
 -2.2150E+01  7.6443E-04
 -2.2138E+01  7.6421E-04
 -2.2127E+01  7.5954E-04
 -2.2115E+01  7.5051E-04
 -2.2103E+01  7.3727E-04
 -2.2091E+01  7.2009E-04
 -2.2079E+01  6.9927E-04
 -2.2067E+01  6.7521E-04
 -2.2055E+01  6.4834E-04
 -2.2043E+01  6.1914E-04
 -2.2031E+01  5.8810E-04
 -2.2019E+01  5.5575E-04
 -2.2007E+01  5.2258E-04
 -2.1996E+01  4.8908E-04
 -2.1984E+01  4.5572E-04
 -2.1972E+01  4.2290E-04
 -2.1960E+01  3.9100E-04
 -2.1948E+01  3.6031E-04
 -2.1936E+01  3.3106E-04
 -2.1924E+01  3.0340E-04
 -2.1912E+01  2.7743E-04
 -2.1900E+01  2.5318E-04
 -2.1888E+01  2.3062E-04
 -2.1876E+01  2.0968E-04
 -2.1865E+01  1.9027E-04
 -2.1853E+01  1.7228E-04
 -2.1841E+01  1.5560E-04
 -2.1829E+01  1.4014E-04
 -2.1817E+01  1.2585E-04
 -2.1805E+01  1.1271E-04
 -2.1793E+01  1.0075E-04
 -2.1781E+01  9.0028E-05
 -2.1769E+01  8.0680E-05
 -2.1757E+01  7.2874E-05
 -2.1745E+01  6.6816E-05
 -2.1734E+01  6.2743E-05
 -2.1722E+01  6.0911E-05
 -2.1710E+01  6.1582E-05
 -2.1698E+01  6.5022E-05
 -2.1686E+01  7.1481E-05
 -2.1674E+01  8.1201E-05
 -2.1662E+01  9.4401E-05
 -2.1650E+01  1.1129E-04
 -2.1638E+01  1.3206E-04
 -2.1626E+01  1.5692E-04
 -2.1614E+01  1.8606E-04
 -2.1603E+01  2.1973E-04
 -2.1591E+01  2.5820E-04
 -2.1579E+01  3.0182E-04
 -2.1567E+01  3.5099E-04
 -2.1555E+01  4.0622E-04
 -2.1543E+01  4.6810E-04
 -2.1531E+01  5.3735E-04
 -2.1519E+01  6.1475E-04
 -2.1507E+01  7.0120E-04
 -2.1495E+01  7.9765E-04
 -2.1483E+01  9.0512E-04
 -2.1472E+01  1.0246E-03
 -2.1460E+01  1.1571E-03
 -2.1448E+01  1.3034E-03
 -2.1436E+01  1.4643E-03
 -2.1424E+01  1.6402E-03
 -2.1412E+01  1.8315E-03
 -2.1400E+01  2.0379E-03
 -2.1388E+01  2.2588E-03
 -2.1376E+01  2.4932E-03
 -2.1364E+01  2.7394E-03
 -2.1353E+01  2.9953E-03
 -2.1341E+01  3.2582E-03
 -2.1329E+01  3.5247E-03
 -2.1317E+01  3.7912E-03
 -2.1305E+01  4.0535E-03
 -2.1293E+01  4.3071E-03
 -2.1281E+01  4.5474E-03
 -2.1269E+01  4.7697E-03
 -2.1257E+01  4.9696E-03
 -2.1245E+01  5.1427E-03
 -2.1233E+01  5.2851E-03
 -2.1222E+01  5.3933E-03
 -2.1210E+01  5.4644E-03
 -2.1198E+01  5.4965E-03
 -2.1186E+01  5.4879E-03
 -2.1174E+01  5.4383E-03
 -2.1162E+01  5.3479E-03
 -2.1150E+01  5.2179E-03
 -2.1138E+01  5.0505E-03
 -2.1126E+01  4.8487E-03
 -2.1114E+01  4.6165E-03
 -2.1102E+01  4.3584E-03
 -2.1091E+01  4.0798E-03
 -2.1079E+01  3.7864E-03
 -2.1067E+01  3.4844E-03
 -2.1055E+01  3.1799E-03
 -2.1043E+01  2.8790E-03
 -2.1031E+01  2.5876E-03
 -2.1019E+01  2.3108E-03
 -2.1007E+01  2.0533E-03
 -2.0995E+01  1.8189E-03
 -2.0983E+01  1.6103E-03
 -2.0971E+01  1.4296E-03
 -2.0960E+01  1.2776E-03
 -2.0948E+01  1.1543E-03
 -2.0936E+01  1.0588E-03
 -2.0924E+01  9.8914E-04
 -2.0912E+01  9.4288E-04
 -2.0900E+01  9.1684E-04
 -2.0888E+01  9.0745E-04
 -2.0876E+01  9.1082E-04
 -2.0864E+01  9.2296E-04
 -2.0852E+01  9.3998E-04
 -2.0840E+01  9.5822E-04
 -2.0829E+01  9.7444E-04
 -2.0817E+01  9.8594E-04
 -2.0805E+01  9.9068E-04
 -2.0793E+01  9.8735E-04
 -2.0781E+01  9.7538E-04
 -2.0769E+01  9.5502E-04
 -2.0757E+01  9.2719E-04
 -2.0745E+01  8.9353E-04
 -2.0733E+01  8.5623E-04
 -2.0721E+01  8.1794E-04
 -2.0709E+01  7.8163E-04
 -2.0698E+01  7.5047E-04
 -2.0686E+01  7.2762E-04
 -2.0674E+01  7.1611E-04
 -2.0662E+01  7.1869E-04
 -2.0650E+01  7.3767E-04
 -2.0638E+01  7.7480E-04
 -2.0626E+01  8.3119E-04
 -2.0614E+01  9.0723E-04
 -2.0602E+01  1.0026E-03
 -2.0590E+01  1.1161E-03
 -2.0578E+01  1.2461E-03
 -2.0567E+01  1.3901E-03
 -2.0555E+01  1.5450E-03
 -2.0543E+01  1.7075E-03
 -2.0531E+01  1.8738E-03
 -2.0519E+01  2.0399E-03
 -2.0507E+01  2.2018E-03
 -2.0495E+01  2.3554E-03
 -2.0483E+01  2.4971E-03
 -2.0471E+01  2.6233E-03
 -2.0459E+01  2.7310E-03
 -2.0447E+01  2.8177E-03
 -2.0436E+01  2.8814E-03
 -2.0424E+01  2.9211E-03
 -2.0412E+01  2.9360E-03
 -2.0400E+01  2.9265E-03
 -2.0388E+01  2.8933E-03
 -2.0376E+01  2.8379E-03
 -2.0364E+01  2.7623E-03
 -2.0352E+01  2.6688E-03
 -2.0340E+01  2.5600E-03
 -2.0328E+01  2.4389E-03
 -2.0316E+01  2.3082E-03
 -2.0305E+01  2.1709E-03
 -2.0293E+01  2.0297E-03
 -2.0281E+01  1.8872E-03
 -2.0269E+01  1.7455E-03
 -2.0257E+01  1.6068E-03
 -2.0245E+01  1.4726E-03
 -2.0233E+01  1.3444E-03
 -2.0221E+01  1.2230E-03
 -2.0209E+01  1.1092E-03
 -2.0197E+01  1.0034E-03
 -2.0185E+01  9.0570E-04
 -2.0174E+01  8.1594E-04
 -2.0162E+01  7.3383E-04
 -2.0150E+01  6.5892E-04
 -2.0138E+01  5.9067E-04
 -2.0126E+01  5.2847E-04
 -2.0114E+01  4.7173E-04
 -2.0102E+01  4.1988E-04
 -2.0090E+01  3.7240E-04
 -2.0078E+01  3.2886E-04
 -2.0066E+01  2.8890E-04
 -2.0054E+01  2.5229E-04
 -2.0043E+01  2.1885E-04
 -2.0031E+01  1.8849E-04
 -2.0019E+01  1.6120E-04
 -2.0007E+01  1.3697E-04
 -1.9995E+01  1.1583E-04
 -1.9983E+01  9.7808E-05
 -1.9971E+01  8.2888E-05
 -1.9959E+01  7.1024E-05
 -1.9947E+01  6.2115E-05
 -1.9935E+01  5.5998E-05
 -1.9923E+01  5.2447E-05
 -1.9912E+01  5.1181E-05
 -1.9900E+01  5.1868E-05
 -1.9888E+01  5.4140E-05
 -1.9876E+01  5.7606E-05
 -1.9864E+01  6.1872E-05
 -1.9852E+01  6.6552E-05
 -1.9840E+01  7.1293E-05
 -1.9828E+01  7.5778E-05
 -1.9816E+01  7.9750E-05
 -1.9804E+01  8.3013E-05
 -1.9792E+01  8.5440E-05
 -1.9781E+01  8.6977E-05
 -1.9769E+01  8.7638E-05
 -1.9757E+01  8.7499E-05
 -1.9745E+01  8.6692E-05
 -1.9733E+01  8.5387E-05
 -1.9721E+01  8.3782E-05
 -1.9709E+01  8.2086E-05
 -1.9697E+01  8.0505E-05
 -1.9685E+01  7.9225E-05
 -1.9673E+01  7.8404E-05
 -1.9661E+01  7.8162E-05
 -1.9650E+01  7.8571E-05
 -1.9638E+01  7.9658E-05
 -1.9626E+01  8.1403E-05
 -1.9614E+01  8.3742E-05
 -1.9602E+01  8.6577E-05
 -1.9590E+01  8.9784E-05
 -1.9578E+01  9.3220E-05
 -1.9566E+01  9.6743E-05
 -1.9554E+01  1.0022E-04
 -1.9542E+01  1.0353E-04
 -1.9530E+01  1.0658E-04
 -1.9519E+01  1.0933E-04
 -1.9507E+01  1.1177E-04
 -1.9495E+01  1.1393E-04
 -1.9483E+01  1.1589E-04
 -1.9471E+01  1.1774E-04
 -1.9459E+01  1.1962E-04
 -1.9447E+01  1.2170E-04
 -1.9435E+01  1.2411E-04
 -1.9423E+01  1.2701E-04
 -1.9411E+01  1.3052E-04
 -1.9399E+01  1.3475E-04
 -1.9388E+01  1.3975E-04
 -1.9376E+01  1.4552E-04
 -1.9364E+01  1.5200E-04
 -1.9352E+01  1.5910E-04
 -1.9340E+01  1.6665E-04
 -1.9328E+01  1.7444E-04
 -1.9316E+01  1.8222E-04
 -1.9304E+01  1.8971E-04
 -1.9292E+01  1.9661E-04
 -1.9280E+01  2.0263E-04
 -1.9268E+01  2.0748E-04
 -1.9257E+01  2.1093E-04
 -1.9245E+01  2.1276E-04
 -1.9233E+01  2.1281E-04
 -1.9221E+01  2.1099E-04
 -1.9209E+01  2.0728E-04
 -1.9197E+01  2.0171E-04
 -1.9185E+01  1.9441E-04
 -1.9173E+01  1.8555E-04
 -1.9161E+01  1.7538E-04
 -1.9149E+01  1.6417E-04
 -1.9137E+01  1.5225E-04
 -1.9126E+01  1.3999E-04
 -1.9114E+01  1.2775E-04
 -1.9102E+01  1.1589E-04
 -1.9090E+01  1.0475E-04
 -1.9078E+01  9.4631E-05
 -1.9066E+01  8.5802E-05
 -1.9054E+01  7.8461E-05
 -1.9042E+01  7.2747E-05
 -1.9030E+01  6.8733E-05
 -1.9018E+01  6.6423E-05
 -1.9006E+01  6.5760E-05
 -1.8995E+01  6.6630E-05
 -1.8983E+01  6.8871E-05
 -1.8971E+01  7.2283E-05
 -1.8959E+01  7.6639E-05
 -1.8947E+01  8.1698E-05
 -1.8935E+01  8.7215E-05
 -1.8923E+01  9.2951E-05
 -1.8911E+01  9.8684E-05
 -1.8899E+01  1.0422E-04
 -1.8887E+01  1.0939E-04
 -1.8875E+01  1.1407E-04
 -1.8864E+01  1.1817E-04
 -1.8852E+01  1.2164E-04
 -1.8840E+01  1.2446E-04
 -1.8828E+01  1.2667E-04
 -1.8816E+01  1.2829E-04
 -1.8804E+01  1.2941E-04
 -1.8792E+01  1.3010E-04
 -1.8780E+01  1.3046E-04
 -1.8768E+01  1.3058E-04
 -1.8756E+01  1.3055E-04
 -1.8744E+01  1.3044E-04
 -1.8733E+01  1.3034E-04
 -1.8721E+01  1.3030E-04
 -1.8709E+01  1.3037E-04
 -1.8697E+01  1.3061E-04
 -1.8685E+01  1.3103E-04
 -1.8673E+01  1.3169E-04
 -1.8661E+01  1.3260E-04
 -1.8649E+01  1.3380E-04
 -1.8637E+01  1.3532E-04
 -1.8625E+01  1.3720E-04
 -1.8613E+01  1.3949E-04
 -1.8602E+01  1.4223E-04
 -1.8590E+01  1.4545E-04
 -1.8578E+01  1.4920E-04
 -1.8566E+01  1.5351E-04
 -1.8554E+01  1.5839E-04
 -1.8542E+01  1.6386E-04
 -1.8530E+01  1.6988E-04
 -1.8518E+01  1.7640E-04
 -1.8506E+01  1.8335E-04
 -1.8494E+01  1.9063E-04
 -1.8482E+01  1.9808E-04
 -1.8471E+01  2.0553E-04
 -1.8459E+01  2.1280E-04
 -1.8447E+01  2.1967E-04
 -1.8435E+01  2.2592E-04
 -1.8423E+01  2.3131E-04
 -1.8411E+01  2.3564E-04
 -1.8399E+01  2.3870E-04
 -1.8387E+01  2.4033E-04
 -1.8375E+01  2.4039E-04
 -1.8363E+01  2.3879E-04
 -1.8351E+01  2.3548E-04
 -1.8340E+01  2.3048E-04
 -1.8328E+01  2.2383E-04
 -1.8316E+01  2.1566E-04
 -1.8304E+01  2.0612E-04
 -1.8292E+01  1.9541E-04
 -1.8280E+01  1.8379E-04
 -1.8268E+01  1.7152E-04
 -1.8256E+01  1.5892E-04
 -1.8244E+01  1.4629E-04
 -1.8232E+01  1.3396E-04
 -1.8220E+01  1.2224E-04
 -1.8209E+01  1.1142E-04
 -1.8197E+01  1.0179E-04
 -1.8185E+01  9.3559E-05
 -1.8173E+01  8.6943E-05
 -1.8161E+01  8.2092E-05
 -1.8149E+01  7.9121E-05
 -1.8137E+01  7.8103E-05
 -1.8125E+01  7.9076E-05
 -1.8113E+01  8.2049E-05
 -1.8101E+01  8.7010E-05
 -1.8089E+01  9.3929E-05
 -1.8078E+01  1.0277E-04
 -1.8066E+01  1.1351E-04
 -1.8054E+01  1.2611E-04
 -1.8042E+01  1.4056E-04
 -1.8030E+01  1.5685E-04
 -1.8018E+01  1.7502E-04
 -1.8006E+01  1.9511E-04
 -1.7994E+01  2.1717E-04
 -1.7982E+01  2.4130E-04
 -1.7970E+01  2.6760E-04
 -1.7958E+01  2.9620E-04
 -1.7947E+01  3.2725E-04
 -1.7935E+01  3.6089E-04
 -1.7923E+01  3.9730E-04
 -1.7911E+01  4.3664E-04
 -1.7899E+01  4.7908E-04
 -1.7887E+01  5.2480E-04
 -1.7875E+01  5.7395E-04
 -1.7863E+01  6.2666E-04
 -1.7851E+01  6.8307E-04
 -1.7839E+01  7.4324E-04
 -1.7827E+01  8.0724E-04
 -1.7816E+01  8.7508E-04
 -1.7804E+01  9.4669E-04
 -1.7792E+01  1.0220E-03
 -1.7780E+01  1.1008E-03
 -1.7768E+01  1.1828E-03
 -1.7756E+01  1.2678E-03
 -1.7744E+01  1.3553E-03
 -1.7732E+01  1.4447E-03
 -1.7720E+01  1.5356E-03
 -1.7708E+01  1.6271E-03
 -1.7696E+01  1.7183E-03
 -1.7685E+01  1.8084E-03
 -1.7673E+01  1.8961E-03
 -1.7661E+01  1.9803E-03
 -1.7649E+01  2.0595E-03
 -1.7637E+01  2.1323E-03
 -1.7625E+01  2.1971E-03
 -1.7613E+01  2.2523E-03
 -1.7601E+01  2.2963E-03
 -1.7589E+01  2.3277E-03
 -1.7577E+01  2.3451E-03
 -1.7565E+01  2.3475E-03
 -1.7554E+01  2.3339E-03
 -1.7542E+01  2.3038E-03
 -1.7530E+01  2.2573E-03
 -1.7518E+01  2.1947E-03
 -1.7506E+01  2.1166E-03
 -1.7494E+01  2.0243E-03
 -1.7482E+01  1.9194E-03
 -1.7470E+01  1.8039E-03
 -1.7458E+01  1.6801E-03
 -1.7446E+01  1.5506E-03
 -1.7435E+01  1.4180E-03
 -1.7423E+01  1.2853E-03
 -1.7411E+01  1.1553E-03
 -1.7399E+01  1.0309E-03
 -1.7387E+01  9.1476E-04
 -1.7375E+01  8.0926E-04
 -1.7363E+01  7.1652E-04
 -1.7351E+01  6.3818E-04
 -1.7339E+01  5.7538E-04
 -1.7327E+01  5.2873E-04
 -1.7315E+01  4.9823E-04
 -1.7304E+01  4.8330E-04
 -1.7292E+01  4.8280E-04
 -1.7280E+01  4.9509E-04
 -1.7268E+01  5.1808E-04
 -1.7256E+01  5.4937E-04
 -1.7244E+01  5.8635E-04
 -1.7232E+01  6.2634E-04
 -1.7220E+01  6.6667E-04
 -1.7208E+01  7.0490E-04
 -1.7196E+01  7.3888E-04
 -1.7184E+01  7.6686E-04
 -1.7173E+01  7.8766E-04
 -1.7161E+01  8.0066E-04
 -1.7149E+01  8.0593E-04
 -1.7137E+01  8.0420E-04
 -1.7125E+01  7.9688E-04
 -1.7113E+01  7.8598E-04
 -1.7101E+01  7.7408E-04
 -1.7089E+01  7.6418E-04
 -1.7077E+01  7.5955E-04
 -1.7065E+01  7.6362E-04
 -1.7053E+01  7.7977E-04
 -1.7042E+01  8.1117E-04
 -1.7030E+01  8.6062E-04
 -1.7018E+01  9.3039E-04
 -1.7006E+01  1.0221E-03
 -1.6994E+01  1.1366E-03
 -1.6982E+01  1.2738E-03
 -1.6970E+01  1.4328E-03
 -1.6958E+01  1.6118E-03
 -1.6946E+01  1.8079E-03
 -1.6934E+01  2.0175E-03
 -1.6922E+01  2.2364E-03
 -1.6911E+01  2.4595E-03
 -1.6899E+01  2.6814E-03
 -1.6887E+01  2.8968E-03
 -1.6875E+01  3.0999E-03
 -1.6863E+01  3.2855E-03
 -1.6851E+01  3.4488E-03
 -1.6839E+01  3.5856E-03
 -1.6827E+01  3.6924E-03
 -1.6815E+01  3.7665E-03
 -1.6803E+01  3.8065E-03
 -1.6791E+01  3.8116E-03
 -1.6780E+01  3.7821E-03
 -1.6768E+01  3.7192E-03
 -1.6756E+01  3.6251E-03
 -1.6744E+01  3.5026E-03
 -1.6732E+01  3.3551E-03
 -1.6720E+01  3.1867E-03
 -1.6708E+01  3.0017E-03
 -1.6696E+01  2.8048E-03
 -1.6684E+01  2.6007E-03
 -1.6672E+01  2.3939E-03
 -1.6660E+01  2.1887E-03
 -1.6649E+01  1.9889E-03
 -1.6637E+01  1.7978E-03
 -1.6625E+01  1.6182E-03
 -1.6613E+01  1.4520E-03
 -1.6601E+01  1.3004E-03
 -1.6589E+01  1.1641E-03
 -1.6577E+01  1.0429E-03
 -1.6565E+01  9.3635E-04
 -1.6553E+01  8.4333E-04
 -1.6541E+01  7.6249E-04
 -1.6529E+01  6.9224E-04
 -1.6518E+01  6.3091E-04
 -1.6506E+01  5.7686E-04
 -1.6494E+01  5.2853E-04
 -1.6482E+01  4.8459E-04
 -1.6470E+01  4.4392E-04
 -1.6458E+01  4.0571E-04
 -1.6446E+01  3.6944E-04
 -1.6434E+01  3.3487E-04
 -1.6422E+01  3.0202E-04
 -1.6410E+01  2.7112E-04
 -1.6398E+01  2.4256E-04
 -1.6387E+01  2.1682E-04
 -1.6375E+01  1.9442E-04
 -1.6363E+01  1.7581E-04
 -1.6351E+01  1.6137E-04
 -1.6339E+01  1.5134E-04
 -1.6327E+01  1.4577E-04
 -1.6315E+01  1.4455E-04
 -1.6303E+01  1.4736E-04
 -1.6291E+01  1.5372E-04
 -1.6279E+01  1.6302E-04
 -1.6267E+01  1.7452E-04
 -1.6256E+01  1.8746E-04
 -1.6244E+01  2.0107E-04
 -1.6232E+01  2.1466E-04
 -1.6220E+01  2.2766E-04
 -1.6208E+01  2.3964E-04
 -1.6196E+01  2.5039E-04
 -1.6184E+01  2.5992E-04
 -1.6172E+01  2.6844E-04
 -1.6160E+01  2.7637E-04
 -1.6148E+01  2.8431E-04
 -1.6136E+01  2.9296E-04
 -1.6125E+01  3.0312E-04
 -1.6113E+01  3.1556E-04
 -1.6101E+01  3.3101E-04
 -1.6089E+01  3.5003E-04
 -1.6077E+01  3.7302E-04
 -1.6065E+01  4.0012E-04
 -1.6053E+01  4.3116E-04
 -1.6041E+01  4.6568E-04
 -1.6029E+01  5.0293E-04
 -1.6017E+01  5.4185E-04
 -1.6005E+01  5.8114E-04
 -1.5994E+01  6.1932E-04
 -1.5982E+01  6.5483E-04
 -1.5970E+01  6.8607E-04
 -1.5958E+01  7.1152E-04
 -1.5946E+01  7.2985E-04
 -1.5934E+01  7.3994E-04
 -1.5922E+01  7.4102E-04
 -1.5910E+01  7.3269E-04
 -1.5898E+01  7.1495E-04
 -1.5886E+01  6.8824E-04
 -1.5874E+01  6.5340E-04
 -1.5863E+01  6.1171E-04
 -1.5851E+01  5.6473E-04
 -1.5839E+01  5.1435E-04
 -1.5827E+01  4.6261E-04
 -1.5815E+01  4.1164E-04
 -1.5803E+01  3.6354E-04
 -1.5791E+01  3.2025E-04
 -1.5779E+01  2.8345E-04
 -1.5767E+01  2.5448E-04
 -1.5755E+01  2.3422E-04
 -1.5743E+01  2.2309E-04
 -1.5732E+01  2.2097E-04
 -1.5720E+01  2.2727E-04
 -1.5708E+01  2.4092E-04
 -1.5696E+01  2.6046E-04
 -1.5684E+01  2.8411E-04
 -1.5672E+01  3.0988E-04
 -1.5660E+01  3.3570E-04
 -1.5648E+01  3.5952E-04
 -1.5636E+01  3.7945E-04
 -1.5624E+01  3.9386E-04
 -1.5612E+01  4.0148E-04
 -1.5601E+01  4.0149E-04
 -1.5589E+01  3.9358E-04
 -1.5577E+01  3.7794E-04
 -1.5565E+01  3.5531E-04
 -1.5553E+01  3.2687E-04
 -1.5541E+01  2.9422E-04
 -1.5529E+01  2.5925E-04
 -1.5517E+01  2.2404E-04
 -1.5505E+01  1.9072E-04
 -1.5493E+01  1.6135E-04
 -1.5481E+01  1.3777E-04
 -1.5470E+01  1.2151E-04
 -1.5458E+01  1.1371E-04
 -1.5446E+01  1.1503E-04
 -1.5434E+01  1.2564E-04
 -1.5422E+01  1.4519E-04
 -1.5410E+01  1.7288E-04
 -1.5398E+01  2.0750E-04
 -1.5386E+01  2.4755E-04
 -1.5374E+01  2.9132E-04
 -1.5362E+01  3.3707E-04
 -1.5350E+01  3.8316E-04
 -1.5339E+01  4.2821E-04
 -1.5327E+01  4.7122E-04
 -1.5315E+01  5.1170E-04
 -1.5303E+01  5.4978E-04
 -1.5291E+01  5.8620E-04
 -1.5279E+01  6.2237E-04
 -1.5267E+01  6.6030E-04
 -1.5255E+01  7.0251E-04
 -1.5243E+01  7.5196E-04
 -1.5231E+01  8.1180E-04
 -1.5219E+01  8.8526E-04
 -1.5208E+01  9.7539E-04
 -1.5196E+01  1.0849E-03
 -1.5184E+01  1.2157E-03
 -1.5172E+01  1.3693E-03
 -1.5160E+01  1.5458E-03
 -1.5148E+01  1.7445E-03
 -1.5136E+01  1.9633E-03
 -1.5124E+01  2.1992E-03
 -1.5112E+01  2.4478E-03
 -1.5100E+01  2.7040E-03
 -1.5088E+01  2.9617E-03
 -1.5077E+01  3.2142E-03
 -1.5065E+01  3.4548E-03
 -1.5053E+01  3.6763E-03
 -1.5041E+01  3.8722E-03
 -1.5029E+01  4.0362E-03
 -1.5017E+01  4.1631E-03
 -1.5005E+01  4.2485E-03
 -1.4993E+01  4.2892E-03
 -1.4981E+01  4.2837E-03
 -1.4969E+01  4.2316E-03
 -1.4957E+01  4.1344E-03
 -1.4946E+01  3.9948E-03
 -1.4934E+01  3.8174E-03
 -1.4922E+01  3.6075E-03
 -1.4910E+01  3.3719E-03
 -1.4898E+01  3.1179E-03
 -1.4886E+01  2.8534E-03
 -1.4874E+01  2.5861E-03
 -1.4862E+01  2.3234E-03
 -1.4850E+01  2.0723E-03
 -1.4838E+01  1.8384E-03
 -1.4826E+01  1.6265E-03
 -1.4815E+01  1.4397E-03
 -1.4803E+01  1.2800E-03
 -1.4791E+01  1.1477E-03
 -1.4779E+01  1.0419E-03
 -1.4767E+01  9.6038E-04
 -1.4755E+01  9.0007E-04
 -1.4743E+01  8.5698E-04
 -1.4731E+01  8.2671E-04
 -1.4719E+01  8.0465E-04
 -1.4707E+01  7.8632E-04
 -1.4695E+01  7.6765E-04
 -1.4684E+01  7.4520E-04
 -1.4672E+01  7.1645E-04
 -1.4660E+01  6.7987E-04
 -1.4648E+01  6.3504E-04
 -1.4636E+01  5.8266E-04
 -1.4624E+01  5.2446E-04
 -1.4612E+01  4.6310E-04
 -1.4600E+01  4.0196E-04
 -1.4588E+01  3.4493E-04
 -1.4576E+01  2.9614E-04
 -1.4564E+01  2.5972E-04
 -1.4553E+01  2.3956E-04
 -1.4541E+01  2.3907E-04
 -1.4529E+01  2.6100E-04
 -1.4517E+01  3.0733E-04
 -1.4505E+01  3.7922E-04
 -1.4493E+01  4.7699E-04
 -1.4481E+01  6.0025E-04
 -1.4469E+01  7.4805E-04
 -1.4457E+01  9.1911E-04
 -1.4445E+01  1.1121E-03
 -1.4433E+01  1.3261E-03
 -1.4422E+01  1.5606E-03
 -1.4410E+01  1.8163E-03
 -1.4398E+01  2.0948E-03
 -1.4386E+01  2.3993E-03
 -1.4374E+01  2.7346E-03
 -1.4362E+01  3.1069E-03
 -1.4350E+01  3.5238E-03
 -1.4338E+01  3.9942E-03
 -1.4326E+01  4.5280E-03
 -1.4314E+01  5.1350E-03
 -1.4302E+01  5.8252E-03
 -1.4291E+01  6.6075E-03
 -1.4279E+01  7.4892E-03
 -1.4267E+01  8.4755E-03
 -1.4255E+01  9.5686E-03
 -1.4243E+01  1.0767E-02
 -1.4231E+01  1.2066E-02
 -1.4219E+01  1.3455E-02
 -1.4207E+01  1.4922E-02
 -1.4195E+01  1.6448E-02
 -1.4183E+01  1.8012E-02
 -1.4171E+01  1.9587E-02
 -1.4160E+01  2.1146E-02
 -1.4148E+01  2.2657E-02
 -1.4136E+01  2.4088E-02
 -1.4124E+01  2.5405E-02
 -1.4112E+01  2.6576E-02
 -1.4100E+01  2.7568E-02
 -1.4088E+01  2.8352E-02
 -1.4076E+01  2.8905E-02
 -1.4064E+01  2.9205E-02
 -1.4052E+01  2.9240E-02
 -1.4040E+01  2.9004E-02
 -1.4029E+01  2.8497E-02
 -1.4017E+01  2.7730E-02
 -1.4005E+01  2.6720E-02
 -1.3993E+01  2.5493E-02
 -1.3981E+01  2.4079E-02
 -1.3969E+01  2.2517E-02
 -1.3957E+01  2.0847E-02
 -1.3945E+01  1.9112E-02
 -1.3933E+01  1.7358E-02
 -1.3921E+01  1.5627E-02
 -1.3909E+01  1.3962E-02
 -1.3898E+01  1.2400E-02
 -1.3886E+01  1.0975E-02
 -1.3874E+01  9.7150E-03
 -1.3862E+01  8.6400E-03
 -1.3850E+01  7.7640E-03
 -1.3838E+01  7.0929E-03
 -1.3826E+01  6.6248E-03
 -1.3814E+01  6.3501E-03
 -1.3802E+01  6.2525E-03
 -1.3790E+01  6.3094E-03
 -1.3778E+01  6.4932E-03
 -1.3767E+01  6.7731E-03
 -1.3755E+01  7.1161E-03
 -1.3743E+01  7.4889E-03
 -1.3731E+01  7.8598E-03
 -1.3719E+01  8.1996E-03
 -1.3707E+01  8.4834E-03
 -1.3695E+01  8.6918E-03
 -1.3683E+01  8.8112E-03
 -1.3671E+01  8.8354E-03
 -1.3659E+01  8.7648E-03
 -1.3647E+01  8.6074E-03
 -1.3636E+01  8.3780E-03
 -1.3624E+01  8.0977E-03
 -1.3612E+01  7.7931E-03
 -1.3600E+01  7.4951E-03
 -1.3588E+01  7.2372E-03
 -1.3576E+01  7.0547E-03
 -1.3564E+01  6.9820E-03
 -1.3552E+01  7.0520E-03
 -1.3540E+01  7.2938E-03
 -1.3528E+01  7.7317E-03
 -1.3517E+01  8.3840E-03
 -1.3505E+01  9.2620E-03
 -1.3493E+01  1.0370E-02
 -1.3481E+01  1.1703E-02
 -1.3469E+01  1.3249E-02
 -1.3457E+01  1.4989E-02
 -1.3445E+01  1.6896E-02
 -1.3433E+01  1.8935E-02
 -1.3421E+01  2.1068E-02
 -1.3409E+01  2.3252E-02
 -1.3397E+01  2.5438E-02
 -1.3386E+01  2.7580E-02
 -1.3374E+01  2.9629E-02
 -1.3362E+01  3.1541E-02
 -1.3350E+01  3.3273E-02
 -1.3338E+01  3.4789E-02
 -1.3326E+01  3.6057E-02
 -1.3314E+01  3.7054E-02
 -1.3302E+01  3.7764E-02
 -1.3290E+01  3.8177E-02
 -1.3278E+01  3.8292E-02
 -1.3266E+01  3.8113E-02
 -1.3255E+01  3.7652E-02
 -1.3243E+01  3.6925E-02
 -1.3231E+01  3.5953E-02
 -1.3219E+01  3.4761E-02
 -1.3207E+01  3.3377E-02
 -1.3195E+01  3.1832E-02
 -1.3183E+01  3.0156E-02
 -1.3171E+01  2.8383E-02
 -1.3159E+01  2.6544E-02
 -1.3147E+01  2.4671E-02
 -1.3135E+01  2.2792E-02
 -1.3124E+01  2.0935E-02
 -1.3112E+01  1.9123E-02
 -1.3100E+01  1.7377E-02
 -1.3088E+01  1.5711E-02
 -1.3076E+01  1.4138E-02
 -1.3064E+01  1.2667E-02
 -1.3052E+01  1.1303E-02
 -1.3040E+01  1.0046E-02
 -1.3028E+01  8.8968E-03
 -1.3016E+01  7.8515E-03
 -1.3004E+01  6.9056E-03
 -1.2993E+01  6.0532E-03
 -1.2981E+01  5.2880E-03
 -1.2969E+01  4.6031E-03
 -1.2957E+01  3.9919E-03
 -1.2945E+01  3.4477E-03
 -1.2933E+01  2.9644E-03
 -1.2921E+01  2.5362E-03
 -1.2909E+01  2.1580E-03
 -1.2897E+01  1.8251E-03
 -1.2885E+01  1.5333E-03
 -1.2873E+01  1.2790E-03
 -1.2862E+01  1.0589E-03
 -1.2850E+01  8.6986E-04
 -1.2838E+01  7.0927E-04
 -1.2826E+01  5.7457E-04
 -1.2814E+01  4.6333E-04
 -1.2802E+01  3.7322E-04
 -1.2790E+01  3.0197E-04
 -1.2778E+01  2.4735E-04
 -1.2766E+01  2.0719E-04
 -1.2754E+01  1.7939E-04
 -1.2742E+01  1.6194E-04
 -1.2731E+01  1.5300E-04
 -1.2719E+01  1.5089E-04
 -1.2707E+01  1.5417E-04
 -1.2695E+01  1.6168E-04
 -1.2683E+01  1.7250E-04
 -1.2671E+01  1.8606E-04
 -1.2659E+01  2.0203E-04
 -1.2647E+01  2.2038E-04
 -1.2635E+01  2.4128E-04
 -1.2623E+01  2.6509E-04
 -1.2611E+01  2.9228E-04
 -1.2600E+01  3.2336E-04
 -1.2588E+01  3.5881E-04
 -1.2576E+01  3.9903E-04
 -1.2564E+01  4.4424E-04
 -1.2552E+01  4.9445E-04
 -1.2540E+01  5.4945E-04
 -1.2528E+01  6.0871E-04
 -1.2516E+01  6.7145E-04
 -1.2504E+01  7.3664E-04
 -1.2492E+01  8.0300E-04
 -1.2480E+01  8.6909E-04
 -1.2469E+01  9.3334E-04
 -1.2457E+01  9.9417E-04
 -1.2445E+01  1.0500E-03
 -1.2433E+01  1.0993E-03
 -1.2421E+01  1.1409E-03
 -1.2409E+01  1.1736E-03
 -1.2397E+01  1.1965E-03
 -1.2385E+01  1.2092E-03
 -1.2373E+01  1.2114E-03
 -1.2361E+01  1.2031E-03
 -1.2349E+01  1.1846E-03
 -1.2338E+01  1.1565E-03
 -1.2326E+01  1.1198E-03
 -1.2314E+01  1.0753E-03
 -1.2302E+01  1.0244E-03
 -1.2290E+01  9.6840E-04
 -1.2278E+01  9.0863E-04
 -1.2266E+01  8.4651E-04
 -1.2254E+01  7.8339E-04
 -1.2242E+01  7.2051E-04
 -1.2230E+01  6.5898E-04
 -1.2218E+01  5.9973E-04
 -1.2207E+01  5.4352E-04
 -1.2195E+01  4.9090E-04
 -1.2183E+01  4.4221E-04
 -1.2171E+01  3.9763E-04
 -1.2159E+01  3.5718E-04
 -1.2147E+01  3.2074E-04
 -1.2135E+01  2.8810E-04
 -1.2123E+01  2.5896E-04
 -1.2111E+01  2.3301E-04
 -1.2099E+01  2.0990E-04
 -1.2087E+01  1.8931E-04
 -1.2076E+01  1.7093E-04
 -1.2064E+01  1.5449E-04
 -1.2052E+01  1.3976E-04
 -1.2040E+01  1.2655E-04
 -1.2028E+01  1.1473E-04
 -1.2016E+01  1.0418E-04
 -1.2004E+01  9.4831E-05
 -1.1992E+01  8.6630E-05
 -1.1980E+01  7.9538E-05
 -1.1968E+01  7.3525E-05
 -1.1956E+01  6.8567E-05
 -1.1945E+01  6.4640E-05
 -1.1933E+01  6.1721E-05
 -1.1921E+01  5.9792E-05
 -1.1909E+01  5.8840E-05
 -1.1897E+01  5.8864E-05
 -1.1885E+01  5.9882E-05
 -1.1873E+01  6.1935E-05
 -1.1861E+01  6.5091E-05
 -1.1849E+01  6.9451E-05
 -1.1837E+01  7.5150E-05
 -1.1825E+01  8.2357E-05
 -1.1814E+01  9.1268E-05
 -1.1802E+01  1.0211E-04
 -1.1790E+01  1.1511E-04
 -1.1778E+01  1.3052E-04
 -1.1766E+01  1.4858E-04
 -1.1754E+01  1.6951E-04
 -1.1742E+01  1.9352E-04
 -1.1730E+01  2.2076E-04
 -1.1718E+01  2.5135E-04
 -1.1706E+01  2.8534E-04
 -1.1694E+01  3.2272E-04
 -1.1683E+01  3.6343E-04
 -1.1671E+01  4.0732E-04
 -1.1659E+01  4.5419E-04
 -1.1647E+01  5.0375E-04
 -1.1635E+01  5.5569E-04
 -1.1623E+01  6.0963E-04
 -1.1611E+01  6.6515E-04
 -1.1599E+01  7.2184E-04
 -1.1587E+01  7.7924E-04
 -1.1575E+01  8.3690E-04
 -1.1563E+01  8.9438E-04
 -1.1552E+01  9.5124E-04
 -1.1540E+01  1.0070E-03
 -1.1528E+01  1.0613E-03
 -1.1516E+01  1.1136E-03
 -1.1504E+01  1.1634E-03
 -1.1492E+01  1.2103E-03
 -1.1480E+01  1.2536E-03
 -1.1468E+01  1.2928E-03
 -1.1456E+01  1.3272E-03
 -1.1444E+01  1.3562E-03
 -1.1432E+01  1.3792E-03
 -1.1421E+01  1.3954E-03
 -1.1409E+01  1.4044E-03
 -1.1397E+01  1.4055E-03
 -1.1385E+01  1.3985E-03
 -1.1373E+01  1.3831E-03
 -1.1361E+01  1.3592E-03
 -1.1349E+01  1.3270E-03
 -1.1337E+01  1.2867E-03
 -1.1325E+01  1.2389E-03
 -1.1313E+01  1.1843E-03
 -1.1301E+01  1.1237E-03
 -1.1290E+01  1.0582E-03
 -1.1278E+01  9.8893E-04
 -1.1266E+01  9.1705E-04
 -1.1254E+01  8.4388E-04
 -1.1242E+01  7.7073E-04
 -1.1230E+01  6.9886E-04
 -1.1218E+01  6.2949E-04
 -1.1206E+01  5.6370E-04
 -1.1194E+01  5.0244E-04
 -1.1182E+01  4.4646E-04
 -1.1170E+01  3.9630E-04
 -1.1159E+01  3.5227E-04
 -1.1147E+01  3.1443E-04
 -1.1135E+01  2.8262E-04
 -1.1123E+01  2.5647E-04
 -1.1111E+01  2.3544E-04
 -1.1099E+01  2.1887E-04
 -1.1087E+01  2.0604E-04
 -1.1075E+01  1.9620E-04
 -1.1063E+01  1.8865E-04
 -1.1051E+01  1.8282E-04
 -1.1039E+01  1.7827E-04
 -1.1028E+01  1.7478E-04
 -1.1016E+01  1.7232E-04
 -1.1004E+01  1.7115E-04
 -1.0992E+01  1.7174E-04
 -1.0980E+01  1.7483E-04
 -1.0968E+01  1.8135E-04
 -1.0956E+01  1.9242E-04
 -1.0944E+01  2.0931E-04
 -1.0932E+01  2.3338E-04
 -1.0920E+01  2.6601E-04
 -1.0908E+01  3.0862E-04
 -1.0897E+01  3.6258E-04
 -1.0885E+01  4.2921E-04
 -1.0873E+01  5.0977E-04
 -1.0861E+01  6.0546E-04
 -1.0849E+01  7.1744E-04
 -1.0837E+01  8.4687E-04
 -1.0825E+01  9.9494E-04
 -1.0813E+01  1.1629E-03
 -1.0801E+01  1.3522E-03
 -1.0789E+01  1.5644E-03
 -1.0777E+01  1.8013E-03
 -1.0766E+01  2.0647E-03
 -1.0754E+01  2.3568E-03
 -1.0742E+01  2.6800E-03
 -1.0730E+01  3.0367E-03
 -1.0718E+01  3.4294E-03
 -1.0706E+01  3.8604E-03
 -1.0694E+01  4.3318E-03
 -1.0682E+01  4.8455E-03
 -1.0670E+01  5.4026E-03
 -1.0658E+01  6.0034E-03
 -1.0646E+01  6.6473E-03
 -1.0635E+01  7.3325E-03
 -1.0623E+01  8.0553E-03
 -1.0611E+01  8.8109E-03
 -1.0599E+01  9.5921E-03
 -1.0587E+01  1.0390E-02
 -1.0575E+01  1.1194E-02
 -1.0563E+01  1.1992E-02
 -1.0551E+01  1.2768E-02
 -1.0539E+01  1.3508E-02
 -1.0527E+01  1.4195E-02
 -1.0515E+01  1.4813E-02
 -1.0504E+01  1.5345E-02
 -1.0492E+01  1.5777E-02
 -1.0480E+01  1.6094E-02
 -1.0468E+01  1.6287E-02
 -1.0456E+01  1.6346E-02
 -1.0444E+01  1.6266E-02
 -1.0432E+01  1.6046E-02
 -1.0420E+01  1.5689E-02
 -1.0408E+01  1.5198E-02
 -1.0396E+01  1.4585E-02
 -1.0384E+01  1.3863E-02
 -1.0373E+01  1.3048E-02
 -1.0361E+01  1.2159E-02
 -1.0349E+01  1.1220E-02
 -1.0337E+01  1.0254E-02
 -1.0325E+01  9.2871E-03
 -1.0313E+01  8.3445E-03
 -1.0301E+01  7.4517E-03
 -1.0289E+01  6.6322E-03
 -1.0277E+01  5.9070E-03
 -1.0265E+01  5.2938E-03
 -1.0253E+01  4.8057E-03
 -1.0242E+01  4.4514E-03
 -1.0230E+01  4.2342E-03
 -1.0218E+01  4.1522E-03
 -1.0206E+01  4.1984E-03
 -1.0194E+01  4.3610E-03
 -1.0182E+01  4.6243E-03
 -1.0170E+01  4.9688E-03
 -1.0158E+01  5.3730E-03
 -1.0146E+01  5.8139E-03
 -1.0134E+01  6.2681E-03
 -1.0122E+01  6.7137E-03
 -1.0111E+01  7.1306E-03
 -1.0099E+01  7.5027E-03
 -1.0087E+01  7.8181E-03
 -1.0075E+01  8.0708E-03
 -1.0063E+01  8.2608E-03
 -1.0051E+01  8.3949E-03
 -1.0039E+01  8.4868E-03
 -1.0027E+01  8.5564E-03
 -1.0015E+01  8.6300E-03
 -1.0003E+01  8.7387E-03
 -9.9915E+00  8.9176E-03
 -9.9796E+00  9.2047E-03
 -9.9677E+00  9.6387E-03
 -9.9558E+00  1.0258E-02
 -9.9439E+00  1.1099E-02
 -9.9319E+00  1.2194E-02
 -9.9200E+00  1.3569E-02
 -9.9081E+00  1.5243E-02
 -9.8962E+00  1.7228E-02
 -9.8843E+00  1.9524E-02
 -9.8724E+00  2.2122E-02
 -9.8605E+00  2.5002E-02
 -9.8486E+00  2.8132E-02
 -9.8367E+00  3.1472E-02
 -9.8248E+00  3.4972E-02
 -9.8129E+00  3.8575E-02
 -9.8010E+00  4.2219E-02
 -9.7890E+00  4.5836E-02
 -9.7771E+00  4.9357E-02
 -9.7652E+00  5.2715E-02
 -9.7533E+00  5.5841E-02
 -9.7414E+00  5.8672E-02
 -9.7295E+00  6.1150E-02
 -9.7176E+00  6.3222E-02
 -9.7057E+00  6.4843E-02
 -9.6938E+00  6.5981E-02
 -9.6819E+00  6.6609E-02
 -9.6700E+00  6.6715E-02
 -9.6580E+00  6.6299E-02
 -9.6461E+00  6.5371E-02
 -9.6342E+00  6.3955E-02
 -9.6223E+00  6.2087E-02
 -9.6104E+00  5.9810E-02
 -9.5985E+00  5.7179E-02
 -9.5866E+00  5.4253E-02
 -9.5747E+00  5.1094E-02
 -9.5628E+00  4.7768E-02
 -9.5509E+00  4.4339E-02
 -9.5390E+00  4.0868E-02
 -9.5271E+00  3.7412E-02
 -9.5151E+00  3.4022E-02
 -9.5032E+00  3.0744E-02
 -9.4913E+00  2.7614E-02
 -9.4794E+00  2.4664E-02
 -9.4675E+00  2.1915E-02
 -9.4556E+00  1.9382E-02
 -9.4437E+00  1.7075E-02
 -9.4318E+00  1.4995E-02
 -9.4199E+00  1.3137E-02
 -9.4080E+00  1.1494E-02
 -9.3961E+00  1.0052E-02
 -9.3841E+00  8.7934E-03
 -9.3722E+00  7.7013E-03
 -9.3603E+00  6.7556E-03
 -9.3484E+00  5.9364E-03
 -9.3365E+00  5.2248E-03
 -9.3246E+00  4.6031E-03
 -9.3127E+00  4.0556E-03
 -9.3008E+00  3.5689E-03
 -9.2889E+00  3.1323E-03
 -9.2770E+00  2.7374E-03
 -9.2651E+00  2.3782E-03
 -9.2531E+00  2.0510E-03
 -9.2412E+00  1.7537E-03
 -9.2293E+00  1.4854E-03
 -9.2174E+00  1.2464E-03
 -9.2055E+00  1.0371E-03
 -9.1936E+00  8.5812E-04
 -9.1817E+00  7.0987E-04
 -9.1698E+00  5.9207E-04
 -9.1579E+00  5.0377E-04
 -9.1460E+00  4.4321E-04
 -9.1341E+00  4.0786E-04
 -9.1222E+00  3.9455E-04
 -9.1102E+00  3.9958E-04
 -9.0983E+00  4.1902E-04
 -9.0864E+00  4.4894E-04
 -9.0745E+00  4.8566E-04
 -9.0626E+00  5.2601E-04
 -9.0507E+00  5.6757E-04
 -9.0388E+00  6.0879E-04
 -9.0269E+00  6.4915E-04
 -9.0150E+00  6.8913E-04
 -9.0031E+00  7.3023E-04
 -8.9912E+00  7.7480E-04
 -8.9792E+00  8.2589E-04
 -8.9673E+00  8.8697E-04
 -8.9554E+00  9.6165E-04
 -8.9435E+00  1.0534E-03
 -8.9316E+00  1.1651E-03
 -8.9197E+00  1.2991E-03
 -8.9078E+00  1.4564E-03
 -8.8959E+00  1.6370E-03
 -8.8840E+00  1.8395E-03
 -8.8721E+00  2.0610E-03
 -8.8602E+00  2.2973E-03
 -8.8482E+00  2.5430E-03
 -8.8363E+00  2.7915E-03
 -8.8244E+00  3.0352E-03
 -8.8125E+00  3.2664E-03
 -8.8006E+00  3.4770E-03
 -8.7887E+00  3.6592E-03
 -8.7768E+00  3.8060E-03
 -8.7649E+00  3.9116E-03
 -8.7530E+00  3.9714E-03
 -8.7411E+00  3.9829E-03
 -8.7292E+00  3.9452E-03
 -8.7173E+00  3.8596E-03
 -8.7053E+00  3.7293E-03
 -8.6934E+00  3.5592E-03
 -8.6815E+00  3.3558E-03
 -8.6696E+00  3.1268E-03
 -8.6577E+00  2.8808E-03
 -8.6458E+00  2.6265E-03
 -8.6339E+00  2.3729E-03
 -8.6220E+00  2.1284E-03
 -8.6101E+00  1.9005E-03
 -8.5982E+00  1.6958E-03
 -8.5863E+00  1.5191E-03
 -8.5743E+00  1.3740E-03
 -8.5624E+00  1.2619E-03
 -8.5505E+00  1.1828E-03
 -8.5386E+00  1.1347E-03
 -8.5267E+00  1.1142E-03
 -8.5148E+00  1.1165E-03
 -8.5029E+00  1.1359E-03
 -8.4910E+00  1.1662E-03
 -8.4791E+00  1.2007E-03
 -8.4672E+00  1.2331E-03
 -8.4553E+00  1.2576E-03
 -8.4433E+00  1.2695E-03
 -8.4314E+00  1.2649E-03
 -8.4195E+00  1.2415E-03
 -8.4076E+00  1.1983E-03
 -8.3957E+00  1.1359E-03
 -8.3838E+00  1.0561E-03
 -8.3719E+00  9.6211E-04
 -8.3600E+00  8.5803E-04
 -8.3481E+00  7.4873E-04
 -8.3362E+00  6.3949E-04
 -8.3243E+00  5.3565E-04
 -8.3124E+00  4.4225E-04
 -8.3004E+00  3.6369E-04
 -8.2885E+00  3.0351E-04
 -8.2766E+00  2.6410E-04
 -8.2647E+00  2.4665E-04
 -8.2528E+00  2.5102E-04
 -8.2409E+00  2.7587E-04
 -8.2290E+00  3.1879E-04
 -8.2171E+00  3.7648E-04
 -8.2052E+00  4.4505E-04
 -8.1933E+00  5.2036E-04
 -8.1814E+00  5.9833E-04
 -8.1694E+00  6.7532E-04
 -8.1575E+00  7.4841E-04
 -8.1456E+00  8.1572E-04
 -8.1337E+00  8.7661E-04
 -8.1218E+00  9.3182E-04
 -8.1099E+00  9.8350E-04
 -8.0980E+00  1.0352E-03
 -8.0861E+00  1.0916E-03
 -8.0742E+00  1.1584E-03
 -8.0623E+00  1.2418E-03
 -8.0504E+00  1.3483E-03
 -8.0384E+00  1.4841E-03
 -8.0265E+00  1.6547E-03
 -8.0146E+00  1.8644E-03
 -8.0027E+00  2.1160E-03
 -7.9908E+00  2.4104E-03
 -7.9789E+00  2.7462E-03
 -7.9670E+00  3.1200E-03
 -7.9551E+00  3.5258E-03
 -7.9432E+00  3.9553E-03
 -7.9313E+00  4.3984E-03
 -7.9194E+00  4.8431E-03
 -7.9075E+00  5.2763E-03
 -7.8955E+00  5.6843E-03
 -7.8836E+00  6.0533E-03
 -7.8717E+00  6.3704E-03
 -7.8598E+00  6.6240E-03
 -7.8479E+00  6.8046E-03
 -7.8360E+00  6.9049E-03
 -7.8241E+00  6.9210E-03
 -7.8122E+00  6.8516E-03
 -7.8003E+00  6.6988E-03
 -7.7884E+00  6.4676E-03
 -7.7765E+00  6.1661E-03
 -7.7645E+00  5.8044E-03
 -7.7526E+00  5.3950E-03
 -7.7407E+00  4.9517E-03
 -7.7288E+00  4.4893E-03
 -7.7169E+00  4.0226E-03
 -7.7050E+00  3.5664E-03
 -7.6931E+00  3.1341E-03
 -7.6812E+00  2.7378E-03
 -7.6693E+00  2.3871E-03
 -7.6574E+00  2.0893E-03
 -7.6455E+00  1.8487E-03
 -7.6335E+00  1.6665E-03
 -7.6216E+00  1.5412E-03
 -7.6097E+00  1.4682E-03
 -7.5978E+00  1.4407E-03
 -7.5859E+00  1.4500E-03
 -7.5740E+00  1.4860E-03
 -7.5621E+00  1.5381E-03
 -7.5502E+00  1.5953E-03
 -7.5383E+00  1.6476E-03
 -7.5264E+00  1.6859E-03
 -7.5145E+00  1.7029E-03
 -7.5026E+00  1.6933E-03
 -7.4906E+00  1.6541E-03
 -7.4787E+00  1.5848E-03
 -7.4668E+00  1.4874E-03
 -7.4549E+00  1.3659E-03
 -7.4430E+00  1.2266E-03
 -7.4311E+00  1.0770E-03
 -7.4192E+00  9.2567E-04
 -7.4073E+00  7.8171E-04
 -7.3954E+00  6.5389E-04
 -7.3835E+00  5.5026E-04
 -7.3716E+00  4.7761E-04
 -7.3596E+00  4.4110E-04
 -7.3477E+00  4.4398E-04
 -7.3358E+00  4.8749E-04
 -7.3239E+00  5.7090E-04
 -7.3120E+00  6.9169E-04
 -7.3001E+00  8.4586E-04
 -7.2882E+00  1.0284E-03
 -7.2763E+00  1.2336E-03
 -7.2644E+00  1.4561E-03
 -7.2525E+00  1.6909E-03
 -7.2406E+00  1.9345E-03
 -7.2286E+00  2.1847E-03
 -7.2167E+00  2.4420E-03
 -7.2048E+00  2.7089E-03
 -7.1929E+00  2.9906E-03
 -7.1810E+00  3.2948E-03
 -7.1691E+00  3.6310E-03
 -7.1572E+00  4.0107E-03
 -7.1453E+00  4.4464E-03
 -7.1334E+00  4.9505E-03
 -7.1215E+00  5.5350E-03
 -7.1096E+00  6.2102E-03
 -7.0977E+00  6.9839E-03
 -7.0857E+00  7.8603E-03
 -7.0738E+00  8.8392E-03
 -7.0619E+00  9.9155E-03
 -7.0500E+00  1.1079E-02
 -7.0381E+00  1.2313E-02
 -7.0262E+00  1.3597E-02
 -7.0143E+00  1.4903E-02
 -7.0024E+00  1.6203E-02
 -6.9905E+00  1.7462E-02
 -6.9786E+00  1.8646E-02
 -6.9667E+00  1.9719E-02
 -6.9547E+00  2.0650E-02
 -6.9428E+00  2.1406E-02
 -6.9309E+00  2.1961E-02
 -6.9190E+00  2.2295E-02
 -6.9071E+00  2.2392E-02
 -6.8952E+00  2.2246E-02
 -6.8833E+00  2.1857E-02
 -6.8714E+00  2.1233E-02
 -6.8595E+00  2.0389E-02
 -6.8476E+00  1.9352E-02
 -6.8357E+00  1.8151E-02
 -6.8237E+00  1.6824E-02
 -6.8118E+00  1.5415E-02
 -6.7999E+00  1.3969E-02
 -6.7880E+00  1.2533E-02
 -6.7761E+00  1.1155E-02
 -6.7642E+00  9.8779E-03
 -6.7523E+00  8.7414E-03
 -6.7404E+00  7.7780E-03
 -6.7285E+00  7.0125E-03
 -6.7166E+00  6.4602E-03
 -6.7047E+00  6.1273E-03
 -6.6928E+00  6.0098E-03
 -6.6808E+00  6.0949E-03
 -6.6689E+00  6.3609E-03
 -6.6570E+00  6.7789E-03
 -6.6451E+00  7.3143E-03
 -6.6332E+00  7.9282E-03
 -6.6213E+00  8.5797E-03
 -6.6094E+00  9.2277E-03
 -6.5975E+00  9.8335E-03
 -6.5856E+00  1.0363E-02
 -6.5737E+00  1.0787E-02
 -6.5618E+00  1.1086E-02
 -6.5498E+00  1.1249E-02
 -6.5379E+00  1.1276E-02
 -6.5260E+00  1.1175E-02
 -6.5141E+00  1.0966E-02
 -6.5022E+00  1.0678E-02
 -6.4903E+00  1.0348E-02
 -6.4784E+00  1.0018E-02
 -6.4665E+00  9.7369E-03
 -6.4546E+00  9.5536E-03
 -6.4427E+00  9.5185E-03
 -6.4308E+00  9.6794E-03
 -6.4188E+00  1.0080E-02
 -6.4069E+00  1.0757E-02
 -6.3950E+00  1.1740E-02
 -6.3831E+00  1.3048E-02
 -6.3712E+00  1.4687E-02
 -6.3593E+00  1.6655E-02
 -6.3474E+00  1.8936E-02
 -6.3355E+00  2.1501E-02
 -6.3236E+00  2.4312E-02
 -6.3117E+00  2.7322E-02
 -6.2998E+00  3.0478E-02
 -6.2879E+00  3.3718E-02
 -6.2759E+00  3.6979E-02
 -6.2640E+00  4.0197E-02
 -6.2521E+00  4.3308E-02
 -6.2402E+00  4.6250E-02
 -6.2283E+00  4.8964E-02
 -6.2164E+00  5.1397E-02
 -6.2045E+00  5.3503E-02
 -6.1926E+00  5.5242E-02
 -6.1807E+00  5.6585E-02
 -6.1688E+00  5.7511E-02
 -6.1569E+00  5.8009E-02
 -6.1449E+00  5.8079E-02
 -6.1330E+00  5.7732E-02
 -6.1211E+00  5.6990E-02
 -6.1092E+00  5.5879E-02
 -6.0973E+00  5.4438E-02
 -6.0854E+00  5.2706E-02
 -6.0735E+00  5.0728E-02
 -6.0616E+00  4.8550E-02
 -6.0497E+00  4.6216E-02
 -6.0378E+00  4.3770E-02
 -6.0259E+00  4.1251E-02
 -6.0140E+00  3.8695E-02
 -6.0020E+00  3.6133E-02
 -5.9901E+00  3.3592E-02
 -5.9782E+00  3.1095E-02
 -5.9663E+00  2.8660E-02
 -5.9544E+00  2.6305E-02
 -5.9425E+00  2.4041E-02
 -5.9306E+00  2.1878E-02
 -5.9187E+00  1.9823E-02
 -5.9068E+00  1.7883E-02
 -5.8949E+00  1.6061E-02
 -5.8830E+00  1.4358E-02
 -5.8710E+00  1.2776E-02
 -5.8591E+00  1.1313E-02
 -5.8472E+00  9.9685E-03
 -5.8353E+00  8.7390E-03
 -5.8234E+00  7.6217E-03
 -5.8115E+00  6.6129E-03
 -5.7996E+00  5.7087E-03
 -5.7877E+00  4.9046E-03
 -5.7758E+00  4.1961E-03
 -5.7639E+00  3.5780E-03
 -5.7520E+00  3.0448E-03
 -5.7400E+00  2.5906E-03
 -5.7281E+00  2.2088E-03
 -5.7162E+00  1.8927E-03
 -5.7043E+00  1.6347E-03
 -5.6924E+00  1.4273E-03
 -5.6805E+00  1.2628E-03
 -5.6686E+00  1.1335E-03
 -5.6567E+00  1.0322E-03
 -5.6448E+00  9.5209E-04
 -5.6329E+00  8.8724E-04
 -5.6210E+00  8.3259E-04
 -5.6091E+00  7.8413E-04
 -5.5971E+00  7.3898E-04
 -5.5852E+00  6.9531E-04
 -5.5733E+00  6.5239E-04
 -5.5614E+00  6.1038E-04
 -5.5495E+00  5.7027E-04
 -5.5376E+00  5.3363E-04
 -5.5257E+00  5.0244E-04
 -5.5138E+00  4.7884E-04
 -5.5019E+00  4.6493E-04
 -5.4900E+00  4.6252E-04
 -5.4781E+00  4.7298E-04
 -5.4661E+00  4.9710E-04
 -5.4542E+00  5.3498E-04
 -5.4423E+00  5.8599E-04
 -5.4304E+00  6.4882E-04
 -5.4185E+00  7.2151E-04
 -5.4066E+00  8.0157E-04
 -5.3947E+00  8.8612E-04
 -5.3828E+00  9.7207E-04
 -5.3709E+00  1.0562E-03
 -5.3590E+00  1.1355E-03
 -5.3471E+00  1.2072E-03
 -5.3351E+00  1.2687E-03
 -5.3232E+00  1.3182E-03
 -5.3113E+00  1.3544E-03
 -5.2994E+00  1.3765E-03
 -5.2875E+00  1.3845E-03
 -5.2756E+00  1.3791E-03
 -5.2637E+00  1.3613E-03
 -5.2518E+00  1.3327E-03
 -5.2399E+00  1.2953E-03
 -5.2280E+00  1.2510E-03
 -5.2161E+00  1.2020E-03
 -5.2042E+00  1.1502E-03
 -5.1922E+00  1.0974E-03
 -5.1803E+00  1.0448E-03
 -5.1684E+00  9.9358E-04
 -5.1565E+00  9.4441E-04
 -5.1446E+00  8.9765E-04
 -5.1327E+00  8.5340E-04
 -5.1208E+00  8.1158E-04
 -5.1089E+00  7.7199E-04
 -5.0970E+00  7.3448E-04
 -5.0851E+00  6.9893E-04
 -5.0732E+00  6.6540E-04
 -5.0612E+00  6.3413E-04
 -5.0493E+00  6.0556E-04
 -5.0374E+00  5.8033E-04
 -5.0255E+00  5.5920E-04
 -5.0136E+00  5.4299E-04
 -5.0017E+00  5.3251E-04
 -4.9898E+00  5.2842E-04
 -4.9779E+00  5.3119E-04
 -4.9660E+00  5.4094E-04
 -4.9541E+00  5.5742E-04
 -4.9422E+00  5.7991E-04
 -4.9302E+00  6.0726E-04
 -4.9183E+00  6.3784E-04
 -4.9064E+00  6.6964E-04
 -4.8945E+00  7.0033E-04
 -4.8826E+00  7.2743E-04
 -4.8707E+00  7.4844E-04
 -4.8588E+00  7.6106E-04
 -4.8469E+00  7.6335E-04
 -4.8350E+00  7.5397E-04
 -4.8231E+00  7.3229E-04
 -4.8112E+00  6.9852E-04
 -4.7993E+00  6.5378E-04
 -4.7873E+00  6.0007E-04
 -4.7754E+00  5.4024E-04
 -4.7635E+00  4.7785E-04
 -4.7516E+00  4.1700E-04
 -4.7397E+00  3.6212E-04
 -4.7278E+00  3.1776E-04
 -4.7159E+00  2.8829E-04
 -4.7040E+00  2.7774E-04
 -4.6921E+00  2.8948E-04
 -4.6802E+00  3.2608E-04
 -4.6683E+00  3.8912E-04
 -4.6563E+00  4.7913E-04
 -4.6444E+00  5.9562E-04
 -4.6325E+00  7.3711E-04
 -4.6206E+00  9.0142E-04
 -4.6087E+00  1.0859E-03
 -4.5968E+00  1.2879E-03
 -4.5849E+00  1.5051E-03
 -4.5730E+00  1.7359E-03
 -4.5611E+00  1.9799E-03
 -4.5492E+00  2.2384E-03
 -4.5373E+00  2.5142E-03
 -4.5253E+00  2.8122E-03
 -4.5134E+00  3.1391E-03
 -4.5015E+00  3.5034E-03
 -4.4896E+00  3.9147E-03
 -4.4777E+00  4.3837E-03
 -4.4658E+00  4.9212E-03
 -4.4539E+00  5.5373E-03
 -4.4420E+00  6.2408E-03
 -4.4301E+00  7.0384E-03
 -4.4182E+00  7.9334E-03
 -4.4063E+00  8.9257E-03
 -4.3944E+00  1.0011E-02
 -4.3824E+00  1.1180E-02
 -4.3705E+00  1.2419E-02
 -4.3586E+00  1.3710E-02
 -4.3467E+00  1.5031E-02
 -4.3348E+00  1.6355E-02
 -4.3229E+00  1.7653E-02
 -4.3110E+00  1.8893E-02
 -4.2991E+00  2.0041E-02
 -4.2872E+00  2.1062E-02
 -4.2753E+00  2.1922E-02
 -4.2634E+00  2.2591E-02
 -4.2514E+00  2.3041E-02
 -4.2395E+00  2.3249E-02
 -4.2276E+00  2.3201E-02
 -4.2157E+00  2.2892E-02
 -4.2038E+00  2.2326E-02
 -4.1919E+00  2.1516E-02
 -4.1800E+00  2.0487E-02
 -4.1681E+00  1.9272E-02
 -4.1562E+00  1.7908E-02
 -4.1443E+00  1.6442E-02
 -4.1324E+00  1.4919E-02
 -4.1204E+00  1.3389E-02
 -4.1085E+00  1.1897E-02
 -4.0966E+00  1.0486E-02
 -4.0847E+00  9.1945E-03
 -4.0728E+00  8.0536E-03
 -4.0609E+00  7.0874E-03
 -4.0490E+00  6.3114E-03
 -4.0371E+00  5.7321E-03
 -4.0252E+00  5.3468E-03
 -4.0133E+00  5.1434E-03
 -4.0014E+00  5.1012E-03
 -3.9895E+00  5.1923E-03
 -3.9775E+00  5.3828E-03
 -3.9656E+00  5.6351E-03
 -3.9537E+00  5.9105E-03
 -3.9418E+00  6.1712E-03
 -3.9299E+00  6.3829E-03
 -3.9180E+00  6.5171E-03
 -3.9061E+00  6.5518E-03
 -3.8942E+00  6.4738E-03
 -3.8823E+00  6.2785E-03
 -3.8704E+00  5.9705E-03
 -3.8585E+00  5.5631E-03
 -3.8465E+00  5.0777E-03
 -3.8346E+00  4.5428E-03
 -3.8227E+00  3.9921E-03
 -3.8108E+00  3.4629E-03
 -3.7989E+00  2.9937E-03
 -3.7870E+00  2.6217E-03
 -3.7751E+00  2.3809E-03
 -3.7632E+00  2.2998E-03
 -3.7513E+00  2.4000E-03
 -3.7394E+00  2.6951E-03
 -3.7275E+00  3.1908E-03
 -3.7155E+00  3.8857E-03
 -3.7036E+00  4.7720E-03
 -3.6917E+00  5.8378E-03
 -3.6798E+00  7.0686E-03
 -3.6679E+00  8.4505E-03
 -3.6560E+00  9.9714E-03
 -3.6441E+00  1.1624E-02
 -3.6322E+00  1.3408E-02
 -3.6203E+00  1.5331E-02
 -3.6084E+00  1.7411E-02
 -3.5965E+00  1.9674E-02
 -3.5846E+00  2.2159E-02
 -3.5726E+00  2.4913E-02
 -3.5607E+00  2.7990E-02
 -3.5488E+00  3.1451E-02
 -3.5369E+00  3.5358E-02
 -3.5250E+00  3.9772E-02
 -3.5131E+00  4.4748E-02
 -3.5012E+00  5.0328E-02
 -3.4893E+00  5.6542E-02
 -3.4774E+00  6.3394E-02
 -3.4655E+00  7.0864E-02
 -3.4536E+00  7.8900E-02
 -3.4416E+00  8.7410E-02
 -3.4297E+00  9.6269E-02
 -3.4178E+00  1.0531E-01
 -3.4059E+00  1.1433E-01
 -3.3940E+00  1.2310E-01
 -3.3821E+00  1.3137E-01
 -3.3702E+00  1.3889E-01
 -3.3583E+00  1.4542E-01
 -3.3464E+00  1.5074E-01
 -3.3345E+00  1.5466E-01
 -3.3226E+00  1.5703E-01
 -3.3106E+00  1.5778E-01
 -3.2987E+00  1.5685E-01
 -3.2868E+00  1.5426E-01
 -3.2749E+00  1.5007E-01
 -3.2630E+00  1.4437E-01
 -3.2511E+00  1.3732E-01
 -3.2392E+00  1.2912E-01
 -3.2273E+00  1.2000E-01
 -3.2154E+00  1.1025E-01
 -3.2035E+00  1.0020E-01
 -3.1916E+00  9.0203E-02
 -3.1797E+00  8.0617E-02
 -3.1677E+00  7.1815E-02
 -3.1558E+00  6.4139E-02
 -3.1439E+00  5.7890E-02
 -3.1320E+00  5.3302E-02
 -3.1201E+00  5.0539E-02
 -3.1082E+00  4.9678E-02
 -3.0963E+00  5.0713E-02
 -3.0844E+00  5.3555E-02
 -3.0725E+00  5.8043E-02
 -3.0606E+00  6.3952E-02
 -3.0487E+00  7.1002E-02
 -3.0367E+00  7.8870E-02
 -3.0248E+00  8.7206E-02
 -3.0129E+00  9.5645E-02
 -3.0010E+00  1.0383E-01
 -2.9891E+00  1.1144E-01
 -2.9772E+00  1.1819E-01
 -2.9653E+00  1.2389E-01
 -2.9534E+00  1.2846E-01
 -2.9415E+00  1.3192E-01
 -2.9296E+00  1.3442E-01
 -2.9177E+00  1.3623E-01
 -2.9058E+00  1.3775E-01
 -2.8938E+00  1.3948E-01
 -2.8819E+00  1.4198E-01
 -2.8700E+00  1.4591E-01
 -2.8581E+00  1.5194E-01
 -2.8462E+00  1.6079E-01
 -2.8343E+00  1.7315E-01
 -2.8224E+00  1.8970E-01
 -2.8105E+00  2.1101E-01
 -2.7986E+00  2.3760E-01
 -2.7867E+00  2.6980E-01
 -2.7748E+00  3.0780E-01
 -2.7628E+00  3.5161E-01
 -2.7509E+00  4.0105E-01
 -2.7390E+00  4.5579E-01
 -2.7271E+00  5.1536E-01
 -2.7152E+00  5.7917E-01
 -2.7033E+00  6.4658E-01
 -2.6914E+00  7.1682E-01
 -2.6795E+00  7.8908E-01
 -2.6676E+00  8.6237E-01
 -2.6557E+00  9.3561E-01
 -2.6438E+00  1.0075E+00
 -2.6318E+00  1.0765E+00
 -2.6199E+00  1.1409E+00
 -2.6080E+00  1.1991E+00
 -2.5961E+00  1.2492E+00
 -2.5842E+00  1.2897E+00
 -2.5723E+00  1.3192E+00
 -2.5604E+00  1.3369E+00
 -2.5485E+00  1.3430E+00
 -2.5366E+00  1.3379E+00
 -2.5247E+00  1.3225E+00
 -2.5128E+00  1.2980E+00
 -2.5009E+00  1.2653E+00
 -2.4889E+00  1.2255E+00
 -2.4770E+00  1.1795E+00
 -2.4651E+00  1.1278E+00
 -2.4532E+00  1.0710E+00
 -2.4413E+00  1.0097E+00
 -2.4294E+00  9.4430E-01
 -2.4175E+00  8.7576E-01
 -2.4056E+00  8.0507E-01
 -2.3937E+00  7.3365E-01
 -2.3818E+00  6.6313E-01
 -2.3699E+00  5.9500E-01
 -2.3579E+00  5.3051E-01
 -2.3460E+00  4.7061E-01
 -2.3341E+00  4.1582E-01
 -2.3222E+00  3.6635E-01
 -2.3103E+00  3.2206E-01
 -2.2984E+00  2.8265E-01
 -2.2865E+00  2.4770E-01
 -2.2746E+00  2.1678E-01
 -2.2627E+00  1.8952E-01
 -2.2508E+00  1.6561E-01
 -2.2389E+00  1.4477E-01
 -2.2269E+00  1.2678E-01
 -2.2150E+00  1.1137E-01
 -2.2031E+00  9.8248E-02
 -2.1912E+00  8.7096E-02
 -2.1793E+00  7.7559E-02
 -2.1674E+00  6.9294E-02
 -2.1555E+00  6.1988E-02
 -2.1436E+00  5.5427E-02
 -2.1317E+00  4.9478E-02
 -2.1198E+00  4.4023E-02
 -2.1079E+00  3.8978E-02
 -2.0960E+00  3.4302E-02
 -2.0840E+00  2.9974E-02
 -2.0721E+00  2.5990E-02
 -2.0602E+00  2.2345E-02
 -2.0483E+00  1.9035E-02
 -2.0364E+00  1.6063E-02
 -2.0245E+00  1.3440E-02
 -2.0126E+00  1.1195E-02
 -2.0007E+00  9.3633E-03
 -1.9888E+00  7.9727E-03
 -1.9769E+00  7.0231E-03
 -1.9650E+00  6.4829E-03
 -1.9530E+00  6.2426E-03
 -1.9411E+00  6.1543E-03
 -1.9292E+00  6.1050E-03
 -1.9173E+00  6.0376E-03
 -1.9054E+00  6.0033E-03
 -1.8935E+00  6.0838E-03
 -1.8816E+00  6.3043E-03
 -1.8697E+00  6.5709E-03
 -1.8578E+00  6.5639E-03
 -1.8459E+00  5.6492E-03
 -1.8340E+00  4.5307E-03
 -1.8220E+00  5.5413E-03
 -1.8101E+00  1.8764E-02
 -1.7982E+00  6.9963E-03
 -1.7863E+00  3.3321E-03
 -1.7744E+00  4.1003E-03
 -1.7625E+00  1.6181E-02
 -1.7506E+00  7.0256E-03
 -1.7387E+00  1.1101E-02
 -1.7268E+00  1.0961E-02
 -1.7149E+00  3.6091E-03
 -1.7030E+00  4.7734E-03
 -1.6911E+00  2.0729E-02
 -1.6791E+00  6.0454E-02
 -1.6672E+00  1.5536E-02
 -1.6553E+00  9.1076E-03
 -1.6434E+00  1.1367E-02
 -1.6315E+00  8.6114E-03
 -1.6196E+00  5.4175E-03
 -1.6077E+00  4.2064E-03
 -1.5958E+00  4.8354E-03
 -1.5839E+00  6.8976E-03
 -1.5720E+00  1.1220E-02
 -1.5601E+00  2.1637E-02
 -1.5481E+00  6.3045E-02
 -1.5362E+00  3.5305E-01
 -1.5243E+00  7.3076E-02
 -1.5124E+00  1.6254E-02
 -1.5005E+00  6.9384E-03
 -1.4886E+00  3.3960E-03
 -1.4767E+00  3.8435E-03
 -1.4648E+00  7.9625E-03
 -1.4529E+00  1.5976E-03
 -1.4410E+00  8.3881E-04
 -1.4291E+00  5.3146E-04
 -1.4171E+00  3.8043E-04
 -1.4052E+00  2.8986E-04
 -1.3933E+00  2.3061E-04
 -1.3814E+00  1.9076E-04
 -1.3695E+00  1.6375E-04
 -1.3576E+00  1.4558E-04
 -1.3457E+00  1.3356E-04
 -1.3338E+00  1.2585E-04
 -1.3219E+00  1.2115E-04
 -1.3100E+00  1.1854E-04
 -1.2981E+00  1.1737E-04
 -1.2862E+00  1.1719E-04
 -1.2742E+00  1.1777E-04
 -1.2623E+00  1.1895E-04
 -1.2504E+00  1.2080E-04
 -1.2385E+00  1.2353E-04
 -1.2266E+00  1.2764E-04
 -1.2147E+00  1.3475E-04
 -1.2028E+00  1.4070E-04
 -1.1909E+00  1.5196E-04
 -1.1790E+00  1.7321E-04
 -1.1671E+00  2.2252E-04
 -1.1552E+00  5.1768E-04
 -1.1432E+00  2.4303E-03
 -1.1313E+00  4.1169E-03
 -1.1194E+00  3.6933E-03
 -1.1075E+00  1.4588E-03
 -1.0956E+00  5.4394E-03
 -1.0837E+00  5.0143E-02
 -1.0718E+00  2.9217E-02
 -1.0599E+00  1.5746E-02
 -1.0480E+00  1.1706E-02
 -1.0361E+00  2.1817E-02
 -1.0242E+00  1.7056E-03
 -1.0122E+00  3.5486E-04
 -1.0003E+00  2.9236E-04
 -9.8843E-01  4.2124E-04
 -9.7652E-01  1.8193E-04
 -9.6461E-01  1.8626E-04
 -9.5271E-01  4.6732E-04
 -9.4080E-01  1.0146E-04
 -9.2889E-01  8.1807E-05
 -9.1698E-01  8.2980E-05
 -9.0507E-01  8.0871E-05
 -8.9316E-01  7.6819E-05
 -8.8125E-01  7.4932E-05
 -8.6934E-01  1.0274E-04
 -8.5743E-01  1.8906E-04
 -8.4553E-01  1.0810E-04
 -8.3362E-01  1.0515E-04
 -8.2171E-01  1.1238E-04
 -8.0980E-01  1.3179E-04
 -7.9789E-01  1.2882E-04
 -7.8598E-01  1.3083E-04
 -7.7407E-01  1.4144E-04
 -7.6216E-01  4.5891E-04
 -7.5026E-01  1.5800E-04
 -7.3835E-01  1.7170E-04
 -7.2644E-01  1.9542E-04
 -7.1453E-01  1.6377E-04
 -7.0262E-01  2.1463E-04
 -6.9071E-01  1.5990E-04
 -6.7880E-01  1.6865E-04
 -6.6689E-01  1.6482E-04
 -6.5498E-01  1.7893E-04
 -6.4308E-01  1.7498E-04
 -6.3117E-01  1.9727E-04
 -6.1926E-01  1.5806E-04
 -6.0735E-01  2.5237E-04
 -5.9544E-01  1.2002E-04
 -5.8353E-01  1.0524E-03
 -5.7162E-01  8.8086E-05
 -5.5971E-01  1.3504E-04
 -5.4781E-01  6.7490E-05
 -5.3590E-01  5.5213E-05
 -5.2399E-01  2.0721E-04
 -5.1208E-01  4.5252E-05
 -5.0017E-01  7.1163E-05
 -4.8826E-01  1.3815E-04
 -4.7635E-01  4.6459E-05
 -4.6444E-01  9.6469E-05
 -4.5253E-01  2.5567E-04
 -4.4063E-01  4.8060E-05
 -4.2872E-01  6.0426E-05
 -4.1681E-01  5.6456E-03
 -4.0490E-01  5.2215E-05
 -3.9299E-01  3.8181E-05
 -3.8108E-01  5.1808E-05
 -3.6917E-01  2.5338E-04
 -3.5726E-01  3.4897E-05
 -3.4536E-01  3.0713E-05
 -3.3345E-01  3.1544E-05
 -3.2154E-01  1.6272E-04
 -3.0963E-01  3.4947E-05
 -2.9772E-01  2.4915E-05
 -2.8581E-01  2.1839E-05
 -2.7390E-01  2.1013E-05
 -2.6199E-01  3.9129E-05
 -2.5009E-01  5.0958E-05
 -2.3818E-01  1.5240E-05
 -2.2627E-01  1.1783E-05
 -2.1436E-01  1.0743E-05
 -2.0245E-01  1.0906E-05
 -1.9054E-01  1.2531E-05
 -1.7863E-01  1.9798E-05
 -1.6672E-01  4.1879E-04
 -1.5481E-01  3.0048E-05
 -1.4291E-01  2.5064E-05
 -1.3100E-01  2.7055E-05
 -1.1909E-01  3.0501E-05
 -1.0718E-01  3.4587E-05
 -9.5271E-02  3.9066E-05
 -8.3362E-02  4.3850E-05
 -7.1453E-02  4.8931E-05
 -5.9544E-02  5.4362E-05
 -4.7635E-02  6.0237E-05
 -3.5726E-02  6.6668E-05
 -2.3818E-02  7.3743E-05
 -1.1909E-02  8.1496E-05
  0.0000E+00  8.9904E-05
  1.1909E-02  9.8951E-05
  2.3818E-02  1.0870E-04
  3.5726E-02  1.1932E-04
  4.7635E-02  1.3109E-04
  5.9544E-02  1.4426E-04
  7.1453E-02  1.5902E-04
  8.3362E-02  1.7543E-04
  9.5271E-02  1.9343E-04
  1.0718E-01  2.1282E-04
  1.1909E-01  2.3328E-04
  1.3100E-01  2.5439E-04
  1.4291E-01  2.7562E-04
  1.5481E-01  2.9642E-04
  1.6672E-01  3.8615E-04
  1.7863E-01  3.4301E-04
  1.9054E-01  3.5731E-04
  2.0245E-01  3.7149E-04
  2.1436E-01  3.8399E-04
  2.2627E-01  3.9649E-04
  2.3818E-01  4.2269E-04
  2.5009E-01  8.0036E-04
  2.6199E-01  7.1633E-04
  2.7390E-01  4.3813E-04
  2.8581E-01  4.0293E-04
  2.9772E-01  4.0190E-04
  3.0963E-01  5.6160E-04
  3.2154E-01  4.2620E-03
  3.3345E-01  4.4015E-04
  3.4536E-01  3.3807E-04
  3.5726E-01  3.6656E-04
  3.6917E-01  3.8921E-03
  3.8108E-01  4.9878E-04
  3.9299E-01  2.6530E-04
  4.0490E-01  3.0103E-04
  4.1681E-01  2.6494E-02
  4.2872E-01  2.7378E-04
  4.4063E-01  1.9472E-04
  4.5253E-01  6.4172E-04
  4.6444E-01  2.7807E-04
  4.7635E-01  1.6968E-04
  4.8826E-01  3.0376E-04
  5.0017E-01  2.1289E-04
  5.1208E-01  1.8279E-04
  5.2399E-01  5.1929E-04
  5.3590E-01  2.1050E-04
  5.4781E-01  2.2782E-04
  5.5971E-01  3.0676E-04
  5.7162E-01  2.4227E-04
  5.8353E-01  6.2103E-04
  5.9544E-01  2.5283E-04
  6.0735E-01  2.6153E-04
  6.1926E-01  2.5087E-04
  6.3117E-01  2.5360E-04
  6.4308E-01  2.5376E-04
  6.5498E-01  2.9361E-04
  6.6689E-01  2.8435E-04
  6.7880E-01  4.9262E-04
  6.9071E-01  3.1373E-04
  7.0262E-01  3.6700E-03
  7.1453E-01  3.3993E-04
  7.2644E-01  1.0872E-03
  7.3835E-01  4.6014E-04
  7.5026E-01  4.0255E-04
  7.6216E-01  4.0398E-03
  7.7407E-01  4.6993E-04
  7.8598E-01  5.1896E-04
  7.9789E-01  9.8752E-04
  8.0980E-01  1.0816E-03
  8.2171E-01  8.5519E-04
  8.3362E-01  9.5914E-04
  8.4553E-01  1.1589E-03
  8.5743E-01  1.6590E-03
  8.6934E-01  1.5397E-03
  8.8125E-01  1.8267E-03
  8.9316E-01  2.2391E-03
  9.0507E-01  2.7273E-03
  9.1698E-01  3.2881E-03
  9.2889E-01  4.0306E-03
  9.4080E-01  6.2291E-03
  9.5271E-01  1.0568E-02
  9.6461E-01  4.2760E-03
  9.7652E-01  5.2352E-03
  9.8843E-01  1.8362E-02
  1.0003E+00  2.3133E-02
  1.0122E+00  1.3172E-02
  1.0242E+00  1.4673E-02
  1.0361E+00  8.8673E-03
  1.0480E+00  8.9362E-03
  1.0599E+00  1.7903E-02
  1.0718E+00  3.3581E-02
  1.0837E+00  3.2751E-02
  1.0956E+00  2.4188E-02
  1.1075E+00  1.6535E-01
  1.1194E+00  7.3828E-02
  1.1313E+00  4.2357E-01
  1.1432E+00  3.9074E-01
  1.1552E+00  1.0917E-02
  1.1671E+00  2.6524E-03
  1.1790E+00  1.4923E-03
  1.1909E+00  1.1349E-03
  1.2028E+00  9.8390E-04
  1.2147E+00  9.0394E-04
  1.2266E+00  8.5319E-04
  1.2385E+00  8.1636E-04
  1.2504E+00  7.8769E-04
  1.2623E+00  7.6523E-04
  1.2742E+00  7.4461E-04
  1.2862E+00  7.2801E-04
  1.2981E+00  7.1576E-04
  1.3100E+00  7.0755E-04
  1.3219E+00  7.0345E-04
  1.3338E+00  7.0403E-04
  1.3457E+00  7.0988E-04
  1.3576E+00  7.2213E-04
  1.3695E+00  7.4250E-04
  1.3814E+00  7.7387E-04
  1.3933E+00  8.2142E-04
  1.4052E+00  8.9582E-04
  1.4171E+00  1.0250E-03
  1.4291E+00  1.3289E-03
  1.4410E+00  3.4616E-03
  1.4529E+00  3.3573E-03
  1.4648E+00  2.5814E-03
  1.4767E+00  3.7733E-03
  1.4886E+00  1.0231E-02
  1.5005E+00  6.3449E-02
  1.5124E+00  1.5295E-02
  1.5243E+00  5.9687E-03
  1.5362E+00  8.1700E-03
  1.5481E+00  6.7423E-03
  1.5601E+00  1.1854E-02
  1.5720E+00  5.0439E-02
  1.5839E+00  2.7371E-02
  1.5958E+00  5.0761E-03
  1.6077E+00  7.5530E-03
  1.6196E+00  8.3424E-03
  1.6315E+00  2.4317E-03
  1.6434E+00  1.9397E-03
  1.6553E+00  5.8221E-03
  1.6672E+00  3.4685E-03
  1.6791E+00  1.8752E-03
  1.6911E+00  2.3579E-03
  1.7030E+00  7.3055E-03
  1.7149E+00  2.4351E-02
  1.7268E+00  5.3553E-03
  1.7387E+00  5.2305E-03
  1.7506E+00  1.0235E-02
  1.7625E+00  3.9589E-03
  1.7744E+00  5.4909E-03
  1.7863E+00  1.0335E-02
  1.7982E+00  2.3742E-02
  1.8101E+00  1.8767E-02
  1.8220E+00  3.9426E-02
  1.8340E+00  1.3374E-02
  1.8459E+00  1.9024E-02
  1.8578E+00  2.3927E-02
  1.8697E+00  2.8402E-02
  1.8816E+00  3.2000E-02
  1.8935E+00  3.4216E-02
  1.9054E+00  3.5190E-02
  1.9173E+00  3.5416E-02
  1.9292E+00  3.5345E-02
  1.9411E+00  3.5222E-02
  1.9530E+00  3.5107E-02
  1.9650E+00  3.4944E-02
  1.9769E+00  3.4621E-02
  1.9888E+00  3.4020E-02
  2.0007E+00  3.3061E-02
  2.0126E+00  3.1716E-02
  2.0245E+00  3.0017E-02
  2.0364E+00  2.8034E-02
  2.0483E+00  2.5860E-02
  2.0602E+00  2.3592E-02
  2.0721E+00  2.1319E-02
  2.0840E+00  1.9119E-02
  2.0960E+00  1.7051E-02
  2.1079E+00  1.5160E-02
  2.1198E+00  1.3479E-02
  2.1317E+00  1.2024E-02
  2.1436E+00  1.0804E-02
  2.1555E+00  9.8181E-03
  2.1674E+00  9.0568E-03
  2.1793E+00  8.5041E-03
  2.1912E+00  8.1377E-03
  2.2031E+00  7.9290E-03
  2.2150E+00  7.8456E-03
  2.2269E+00  7.8531E-03
  2.2389E+00  7.9171E-03
  2.2508E+00  8.0057E-03
  2.2627E+00  8.0909E-03
  2.2746E+00  8.1487E-03
  2.2865E+00  8.1597E-03
  2.2984E+00  8.1080E-03
  2.3103E+00  7.9819E-03
  2.3222E+00  7.7729E-03
  2.3341E+00  7.4769E-03
  2.3460E+00  7.0951E-03
  2.3579E+00  6.6343E-03
  2.3699E+00  6.1077E-03
  2.3818E+00  5.5347E-03
  2.3937E+00  4.9398E-03
  2.4056E+00  4.3505E-03
  2.4175E+00  3.7946E-03
  2.4294E+00  3.2976E-03
  2.4413E+00  2.8807E-03
  2.4532E+00  2.5590E-03
  2.4651E+00  2.3419E-03
  2.4770E+00  2.2328E-03
  2.4889E+00  2.2298E-03
  2.5009E+00  2.3264E-03
  2.5128E+00  2.5124E-03
  2.5247E+00  2.7744E-03
  2.5366E+00  3.0970E-03
  2.5485E+00  3.4640E-03
  2.5604E+00  3.8595E-03
  2.5723E+00  4.2697E-03
  2.5842E+00  4.6852E-03
  2.5961E+00  5.1017E-03
  2.6080E+00  5.5213E-03
  2.6199E+00  5.9523E-03
  2.6318E+00  6.4101E-03
  2.6438E+00  6.9161E-03
  2.6557E+00  7.4970E-03
  2.6676E+00  8.1833E-03
  2.6795E+00  9.0072E-03
  2.6914E+00  1.0000E-02
  2.7033E+00  1.1191E-02
  2.7152E+00  1.2601E-02
  2.7271E+00  1.4242E-02
  2.7390E+00  1.6116E-02
  2.7509E+00  1.8209E-02
  2.7628E+00  2.0498E-02
  2.7748E+00  2.2942E-02
  2.7867E+00  2.5497E-02
  2.7986E+00  2.8107E-02
  2.8105E+00  3.0714E-02
  2.8224E+00  3.3259E-02
  2.8343E+00  3.5682E-02
  2.8462E+00  3.7924E-02
  2.8581E+00  3.9926E-02
  2.8700E+00  4.1633E-02
  2.8819E+00  4.2990E-02
  2.8938E+00  4.3945E-02
  2.9058E+00  4.4457E-02
  2.9177E+00  4.4489E-02
  2.9296E+00  4.4021E-02
  2.9415E+00  4.3051E-02
  2.9534E+00  4.1597E-02
  2.9653E+00  3.9695E-02
  2.9772E+00  3.7406E-02
  2.9891E+00  3.4805E-02
  3.0010E+00  3.1982E-02
  3.0129E+00  2.9031E-02
  3.0248E+00  2.6049E-02
  3.0367E+00  2.3129E-02
  3.0487E+00  2.0354E-02
  3.0606E+00  1.7797E-02
  3.0725E+00  1.5518E-02
  3.0844E+00  1.3560E-02
  3.0963E+00  1.1951E-02
  3.1082E+00  1.0704E-02
  3.1201E+00  9.8157E-03
  3.1320E+00  9.2659E-03
  3.1439E+00  9.0206E-03
  3.1558E+00  9.0329E-03
  3.1677E+00  9.2461E-03
  3.1797E+00  9.5971E-03
  3.1916E+00  1.0021E-02
  3.2035E+00  1.0453E-02
  3.2154E+00  1.0836E-02
  3.2273E+00  1.1121E-02
  3.2392E+00  1.1268E-02
  3.2511E+00  1.1252E-02
  3.2630E+00  1.1058E-02
  3.2749E+00  1.0685E-02
  3.2868E+00  1.0143E-02
  3.2987E+00  9.4551E-03
  3.3106E+00  8.6523E-03
  3.3226E+00  7.7741E-03
  3.3345E+00  6.8658E-03
  3.3464E+00  5.9752E-03
  3.3583E+00  5.1501E-03
  3.3702E+00  4.4348E-03
  3.3821E+00  3.8672E-03
  3.3940E+00  3.4765E-03
  3.4059E+00  3.2814E-03
  3.4178E+00  3.2893E-03
  3.4297E+00  3.4963E-03
  3.4416E+00  3.8885E-03
  3.4536E+00  4.4436E-03
  3.4655E+00  5.1328E-03
  3.4774E+00  5.9234E-03
  3.4893E+00  6.7813E-03
  3.5012E+00  7.6736E-03
  3.5131E+00  8.5713E-03
  3.5250E+00  9.4512E-03
  3.5369E+00  1.0298E-02
  3.5488E+00  1.1108E-02
  3.5607E+00  1.1885E-02
  3.5726E+00  1.2646E-02
  3.5846E+00  1.3418E-02
  3.5965E+00  1.4238E-02
  3.6084E+00  1.5148E-02
  3.6203E+00  1.6197E-02
  3.6322E+00  1.7431E-02
  3.6441E+00  1.8898E-02
  3.6560E+00  2.0636E-02
  3.6679E+00  2.2676E-02
  3.6798E+00  2.5033E-02
  3.6917E+00  2.7708E-02
  3.7036E+00  3.0681E-02
  3.7155E+00  3.3912E-02
  3.7275E+00  3.7340E-02
  3.7394E+00  4.0882E-02
  3.7513E+00  4.4438E-02
  3.7632E+00  4.7896E-02
  3.7751E+00  5.1133E-02
  3.7870E+00  5.4028E-02
  3.7989E+00  5.6465E-02
  3.8108E+00  5.8343E-02
  3.8227E+00  5.9578E-02
  3.8346E+00  6.0111E-02
  3.8465E+00  5.9910E-02
  3.8585E+00  5.8971E-02
  3.8704E+00  5.7317E-02
  3.8823E+00  5.5002E-02
  3.8942E+00  5.2101E-02
  3.9061E+00  4.8716E-02
  3.9180E+00  4.4969E-02
  3.9299E+00  4.0999E-02
  3.9418E+00  3.6956E-02
  3.9537E+00  3.2999E-02
  3.9656E+00  2.9283E-02
  3.9775E+00  2.5959E-02
  3.9895E+00  2.3160E-02
  4.0014E+00  2.0995E-02
  4.0133E+00  1.9548E-02
  4.0252E+00  1.8866E-02
  4.0371E+00  1.8962E-02
  4.0490E+00  1.9814E-02
  4.0609E+00  2.1365E-02
  4.0728E+00  2.3529E-02
  4.0847E+00  2.6196E-02
  4.0966E+00  2.9234E-02
  4.1085E+00  3.2502E-02
  4.1204E+00  3.5852E-02
  4.1324E+00  3.9142E-02
  4.1443E+00  4.2238E-02
  4.1562E+00  4.5031E-02
  4.1681E+00  4.7437E-02
  4.1800E+00  4.9409E-02
  4.1919E+00  5.0943E-02
  4.2038E+00  5.2080E-02
  4.2157E+00  5.2908E-02
  4.2276E+00  5.3560E-02
  4.2395E+00  5.4212E-02
  4.2514E+00  5.5075E-02
  4.2634E+00  5.6387E-02
  4.2753E+00  5.8405E-02
  4.2872E+00  6.1394E-02
  4.2991E+00  6.5618E-02
  4.3110E+00  7.1324E-02
  4.3229E+00  7.8735E-02
  4.3348E+00  8.8036E-02
  4.3467E+00  9.9362E-02
  4.3586E+00  1.1279E-01
  4.3705E+00  1.2831E-01
  4.3824E+00  1.4587E-01
  4.3944E+00  1.6529E-01
  4.4063E+00  1.8636E-01
  4.4182E+00  2.0877E-01
  4.4301E+00  2.3214E-01
  4.4420E+00  2.5608E-01
  4.4539E+00  2.8014E-01
  4.4658E+00  3.0387E-01
  4.4777E+00  3.2680E-01
  4.4896E+00  3.4849E-01
  4.5015E+00  3.6851E-01
  4.5134E+00  3.8648E-01
  4.5253E+00  4.0203E-01
  4.5373E+00  4.1485E-01
  4.5492E+00  4.2466E-01
  4.5611E+00  4.3126E-01
  4.5730E+00  4.3448E-01
  4.5849E+00  4.3426E-01
  4.5968E+00  4.3060E-01
  4.6087E+00  4.2357E-01
  4.6206E+00  4.1335E-01
  4.6325E+00  4.0018E-01
  4.6444E+00  3.8440E-01
  4.6563E+00  3.6637E-01
  4.6683E+00  3.4652E-01
  4.6802E+00  3.2529E-01
  4.6921E+00  3.0313E-01
  4.7040E+00  2.8046E-01
  4.7159E+00  2.5770E-01
  4.7278E+00  2.3520E-01
  4.7397E+00  2.1329E-01
  4.7516E+00  1.9223E-01
  4.7635E+00  1.7225E-01
  4.7754E+00  1.5351E-01
  4.7873E+00  1.3615E-01
  4.7993E+00  1.2024E-01
  4.8112E+00  1.0583E-01
  4.8231E+00  9.2906E-02
  4.8350E+00  8.1444E-02
  4.8469E+00  7.1378E-02
  4.8588E+00  6.2621E-02
  4.8707E+00  5.5064E-02
  4.8826E+00  4.8588E-02
  4.8945E+00  4.3062E-02
  4.9064E+00  3.8356E-02
  4.9183E+00  3.4340E-02
  4.9302E+00  3.0895E-02
  4.9422E+00  2.7910E-02
  4.9541E+00  2.5289E-02
  4.9660E+00  2.2949E-02
  4.9779E+00  2.0825E-02
  4.9898E+00  1.8867E-02
  5.0017E+00  1.7037E-02
  5.0136E+00  1.5313E-02
  5.0255E+00  1.3683E-02
  5.0374E+00  1.2145E-02
  5.0493E+00  1.0703E-02
  5.0612E+00  9.3657E-03
  5.0732E+00  8.1441E-03
  5.0851E+00  7.0488E-03
  5.0970E+00  6.0888E-03
  5.1089E+00  5.2699E-03
  5.1208E+00  4.5941E-03
  5.1327E+00  4.0591E-03
  5.1446E+00  3.6581E-03
  5.1565E+00  3.3803E-03
  5.1684E+00  3.2116E-03
  5.1803E+00  3.1353E-03
  5.1922E+00  3.1327E-03
  5.2042E+00  3.1844E-03
  5.2161E+00  3.2712E-03
  5.2280E+00  3.3745E-03
  5.2399E+00  3.4779E-03
  5.2518E+00  3.5670E-03
  5.2637E+00  3.6304E-03
  5.2756E+00  3.6599E-03
  5.2875E+00  3.6505E-03
  5.2994E+00  3.6004E-03
  5.3113E+00  3.5106E-03
  5.3232E+00  3.3844E-03
  5.3351E+00  3.2270E-03
  5.3471E+00  3.0451E-03
  5.3590E+00  2.8457E-03
  5.3709E+00  2.6360E-03
  5.3828E+00  2.4231E-03
  5.3947E+00  2.2131E-03
  5.4066E+00  2.0113E-03
  5.4185E+00  1.8219E-03
  5.4304E+00  1.6477E-03
  5.4423E+00  1.4906E-03
  5.4542E+00  1.3511E-03
  5.4661E+00  1.2289E-03
  5.4781E+00  1.1231E-03
  5.4900E+00  1.0319E-03
  5.5019E+00  9.5351E-04
  5.5138E+00  8.8591E-04
  5.5257E+00  8.2720E-04
  5.5376E+00  7.7575E-04
  5.5495E+00  7.3027E-04
  5.5614E+00  6.8991E-04
  5.5733E+00  6.5427E-04
  5.5852E+00  6.2333E-04
  5.5971E+00  5.9740E-04
  5.6091E+00  5.7700E-04
  5.6210E+00  5.6278E-04
  5.6329E+00  5.5533E-04
  5.6448E+00  5.5514E-04
  5.6567E+00  5.6240E-04
  5.6686E+00  5.7701E-04
  5.6805E+00  5.9844E-04
  5.6924E+00  6.2581E-04
  5.7043E+00  6.5782E-04
  5.7162E+00  6.9287E-04
  5.7281E+00  7.2911E-04
  5.7400E+00  7.6457E-04
  5.7520E+00  7.9726E-04
  5.7639E+00  8.2529E-04
  5.7758E+00  8.4697E-04
  5.7877E+00  8.6093E-04
  5.7996E+00  8.6615E-04
  5.8115E+00  8.6205E-04
  5.8234E+00  8.4848E-04
  5.8353E+00  8.2577E-04
  5.8472E+00  7.9464E-04
  5.8591E+00  7.5621E-04
  5.8710E+00  7.1194E-04
  5.8830E+00  6.6349E-04
  5.8949E+00  6.1269E-04
  5.9068E+00  5.6140E-04
  5.9187E+00  5.1145E-04
  5.9306E+00  4.6450E-04
  5.9425E+00  4.2199E-04
  5.9544E+00  3.8506E-04
  5.9663E+00  3.5457E-04
  5.9782E+00  3.3100E-04
  5.9901E+00  3.1456E-04
  6.0020E+00  3.0515E-04
  6.0140E+00  3.0245E-04
  6.0259E+00  3.0596E-04
  6.0378E+00  3.1509E-04
  6.0497E+00  3.2916E-04
  6.0616E+00  3.4755E-04
  6.0735E+00  3.6965E-04
  6.0854E+00  3.9498E-04
  6.0973E+00  4.2316E-04
  6.1092E+00  4.5396E-04
  6.1211E+00  4.8730E-04
  6.1330E+00  5.2321E-04
  6.1449E+00  5.6184E-04
  6.1569E+00  6.0344E-04
  6.1688E+00  6.4831E-04
  6.1807E+00  6.9679E-04
  6.1926E+00  7.4919E-04
  6.2045E+00  8.0584E-04
  6.2164E+00  8.6697E-04
  6.2283E+00  9.3276E-04
  6.2402E+00  1.0033E-03
  6.2521E+00  1.0786E-03
  6.2640E+00  1.1586E-03
  6.2759E+00  1.2430E-03
  6.2879E+00  1.3315E-03
  6.2998E+00  1.4237E-03
  6.3117E+00  1.5191E-03
  6.3236E+00  1.6169E-03
  6.3355E+00  1.7164E-03
  6.3474E+00  1.8168E-03
  6.3593E+00  1.9170E-03
  6.3712E+00  2.0161E-03
  6.3831E+00  2.1128E-03
  6.3950E+00  2.2058E-03
  6.4069E+00  2.2937E-03
  6.4188E+00  2.3750E-03
  6.4308E+00  2.4479E-03
  6.4427E+00  2.5107E-03
  6.4546E+00  2.5617E-03
  6.4665E+00  2.5988E-03
  6.4784E+00  2.6204E-03
  6.4903E+00  2.6248E-03
  6.5022E+00  2.6105E-03
  6.5141E+00  2.5765E-03
  6.5260E+00  2.5222E-03
  6.5379E+00  2.4476E-03
  6.5498E+00  2.3534E-03
  6.5618E+00  2.2410E-03
  6.5737E+00  2.1125E-03
  6.5856E+00  1.9708E-03
  6.5975E+00  1.8193E-03
  6.6094E+00  1.6620E-03
  6.6213E+00  1.5031E-03
  6.6332E+00  1.3470E-03
  6.6451E+00  1.1983E-03
  6.6570E+00  1.0610E-03
  6.6689E+00  9.3889E-04
  6.6808E+00  8.3516E-04
  6.6928E+00  7.5221E-04
  6.7047E+00  6.9156E-04
  6.7166E+00  6.5378E-04
  6.7285E+00  6.3842E-04
  6.7404E+00  6.4400E-04
  6.7523E+00  6.6810E-04
  6.7642E+00  7.0744E-04
  6.7761E+00  7.5805E-04
  6.7880E+00  8.1549E-04
  6.7999E+00  8.7512E-04
  6.8118E+00  9.3230E-04
  6.8237E+00  9.8274E-04
  6.8357E+00  1.0227E-03
  6.8476E+00  1.0493E-03
  6.8595E+00  1.0604E-03
  6.8714E+00  1.0552E-03
  6.8833E+00  1.0340E-03
  6.8952E+00  9.9801E-04
  6.9071E+00  9.4973E-04
  6.9190E+00  8.9252E-04
  6.9309E+00  8.3048E-04
  6.9428E+00  7.6825E-04
  6.9547E+00  7.1069E-04
  6.9667E+00  6.6264E-04
  6.9786E+00  6.2857E-04
  6.9905E+00  6.1232E-04
  7.0024E+00  6.1683E-04
  7.0143E+00  6.4395E-04
  7.0262E+00  6.9430E-04
  7.0381E+00  7.6722E-04
  7.0500E+00  8.6082E-04
  7.0619E+00  9.7209E-04
  7.0738E+00  1.0971E-03
  7.0857E+00  1.2313E-03
  7.0977E+00  1.3697E-03
  7.1096E+00  1.5075E-03
  7.1215E+00  1.6400E-03
  7.1334E+00  1.7633E-03
  7.1453E+00  1.8745E-03
  7.1572E+00  1.9719E-03
  7.1691E+00  2.0552E-03
  7.1810E+00  2.1257E-03
  7.1929E+00  2.1862E-03
  7.2048E+00  2.2407E-03
  7.2167E+00  2.2946E-03
  7.2286E+00  2.3540E-03
  7.2406E+00  2.4256E-03
  7.2525E+00  2.5158E-03
  7.2644E+00  2.6307E-03
  7.2763E+00  2.7752E-03
  7.2882E+00  2.9526E-03
  7.3001E+00  3.1646E-03
  7.3120E+00  3.4103E-03
  7.3239E+00  3.6865E-03
  7.3358E+00  3.9876E-03
  7.3477E+00  4.3055E-03
  7.3596E+00  4.6300E-03
  7.3716E+00  4.9491E-03
  7.3835E+00  5.2496E-03
  7.3954E+00  5.5179E-03
  7.4073E+00  5.7408E-03
  7.4192E+00  5.9059E-03
  7.4311E+00  6.0031E-03
  7.4430E+00  6.0251E-03
  7.4549E+00  5.9678E-03
  7.4668E+00  5.8314E-03
  7.4787E+00  5.6198E-03
  7.4906E+00  5.3415E-03
  7.5026E+00  5.0089E-03
  7.5145E+00  4.6381E-03
  7.5264E+00  4.2480E-03
  7.5383E+00  3.8599E-03
  7.5502E+00  3.4963E-03
  7.5621E+00  3.1800E-03
  7.5740E+00  2.9327E-03
  7.5859E+00  2.7745E-03
  7.5978E+00  2.7220E-03
  7.6097E+00  2.7881E-03
  7.6216E+00  2.9808E-03
  7.6335E+00  3.3028E-03
  7.6455E+00  3.7512E-03
  7.6574E+00  4.3174E-03
  7.6693E+00  4.9884E-03
  7.6812E+00  5.7465E-03
  7.6931E+00  6.5717E-03
  7.7050E+00  7.4423E-03
  7.7169E+00  8.3369E-03
  7.7288E+00  9.2363E-03
  7.7407E+00  1.0125E-02
  7.7526E+00  1.0994E-02
  7.7645E+00  1.1841E-02
  7.7765E+00  1.2672E-02
  7.7884E+00  1.3504E-02
  7.8003E+00  1.4365E-02
  7.8122E+00  1.5291E-02
  7.8241E+00  1.6332E-02
  7.8360E+00  1.7547E-02
  7.8479E+00  1.9000E-02
  7.8598E+00  2.0764E-02
  7.8717E+00  2.2916E-02
  7.8836E+00  2.5530E-02
  7.8955E+00  2.8680E-02
  7.9075E+00  3.2431E-02
  7.9194E+00  3.6842E-02
  7.9313E+00  4.1956E-02
  7.9432E+00  4.7801E-02
  7.9551E+00  5.4387E-02
  7.9670E+00  6.1703E-02
  7.9789E+00  6.9715E-02
  7.9908E+00  7.8366E-02
  8.0027E+00  8.7574E-02
  8.0146E+00  9.7232E-02
  8.0265E+00  1.0721E-01
  8.0384E+00  1.1736E-01
  8.0504E+00  1.2751E-01
  8.0623E+00  1.3747E-01
  8.0742E+00  1.4707E-01
  8.0861E+00  1.5611E-01
  8.0980E+00  1.6441E-01
  8.1099E+00  1.7179E-01
  8.1218E+00  1.7810E-01
  8.1337E+00  1.8321E-01
  8.1456E+00  1.8701E-01
  8.1575E+00  1.8943E-01
  8.1694E+00  1.9042E-01
  8.1814E+00  1.8998E-01
  8.1933E+00  1.8810E-01
  8.2052E+00  1.8485E-01
  8.2171E+00  1.8028E-01
  8.2290E+00  1.7449E-01
  8.2409E+00  1.6761E-01
  8.2528E+00  1.5977E-01
  8.2647E+00  1.5113E-01
  8.2766E+00  1.4185E-01
  8.2885E+00  1.3211E-01
  8.3004E+00  1.2210E-01
  8.3124E+00  1.1198E-01
  8.3243E+00  1.0194E-01
  8.3362E+00  9.2134E-02
  8.3481E+00  8.2702E-02
  8.3600E+00  7.3768E-02
  8.3719E+00  6.5432E-02
  8.3838E+00  5.7767E-02
  8.3957E+00  5.0824E-02
  8.4076E+00  4.4626E-02
  8.4195E+00  3.9175E-02
  8.4314E+00  3.4451E-02
  8.4433E+00  3.0418E-02
  8.4553E+00  2.7024E-02
  8.4672E+00  2.4205E-02
  8.4791E+00  2.1891E-02
  8.4910E+00  2.0005E-02
  8.5029E+00  1.8472E-02
  8.5148E+00  1.7216E-02
  8.5267E+00  1.6166E-02
  8.5386E+00  1.5259E-02
  8.5505E+00  1.4440E-02
  8.5624E+00  1.3664E-02
  8.5743E+00  1.2896E-02
  8.5863E+00  1.2113E-02
  8.5982E+00  1.1302E-02
  8.6101E+00  1.0459E-02
  8.6220E+00  9.5889E-03
  8.6339E+00  8.7023E-03
  8.6458E+00  7.8157E-03
  8.6577E+00  6.9488E-03
  8.6696E+00  6.1227E-03
  8.6815E+00  5.3583E-03
  8.6934E+00  4.6752E-03
  8.7053E+00  4.0899E-03
  8.7173E+00  3.6149E-03
  8.7292E+00  3.2582E-03
  8.7411E+00  3.0224E-03
  8.7530E+00  2.9050E-03
  8.7649E+00  2.8985E-03
  8.7768E+00  2.9910E-03
  8.7887E+00  3.1668E-03
  8.8006E+00  3.4075E-03
  8.8125E+00  3.6931E-03
  8.8244E+00  4.0028E-03
  8.8363E+00  4.3165E-03
  8.8482E+00  4.6156E-03
  8.8602E+00  4.8833E-03
  8.8721E+00  5.1060E-03
  8.8840E+00  5.2734E-03
  8.8959E+00  5.3785E-03
  8.9078E+00  5.4183E-03
  8.9197E+00  5.3930E-03
  8.9316E+00  5.3064E-03
  8.9435E+00  5.1647E-03
  8.9554E+00  4.9767E-03
  8.9673E+00  4.7527E-03
  8.9792E+00  4.5039E-03
  8.9912E+00  4.2415E-03
  9.0031E+00  3.9764E-03
  9.0150E+00  3.7182E-03
  9.0269E+00  3.4750E-03
  9.0388E+00  3.2528E-03
  9.0507E+00  3.0557E-03
  9.0626E+00  2.8853E-03
  9.0745E+00  2.7413E-03
  9.0864E+00  2.6214E-03
  9.0983E+00  2.5220E-03
  9.1102E+00  2.4381E-03
  9.1222E+00  2.3643E-03
  9.1341E+00  2.2947E-03
  9.1460E+00  2.2239E-03
  9.1579E+00  2.1470E-03
  9.1698E+00  2.0604E-03
  9.1817E+00  1.9614E-03
  9.1936E+00  1.8491E-03
  9.2055E+00  1.7240E-03
  9.2174E+00  1.5881E-03
  9.2293E+00  1.4447E-03
  9.2412E+00  1.2980E-03
  9.2531E+00  1.1531E-03
  9.2651E+00  1.0155E-03
  9.2770E+00  8.9057E-04
  9.2889E+00  7.8346E-04
  9.3008E+00  6.9852E-04
  9.3127E+00  6.3912E-04
  9.3246E+00  6.0741E-04
  9.3365E+00  6.0417E-04
  9.3484E+00  6.2868E-04
  9.3603E+00  6.7876E-04
  9.3722E+00  7.5091E-04
  9.3841E+00  8.4041E-04
  9.3961E+00  9.4165E-04
  9.4080E+00  1.0484E-03
  9.4199E+00  1.1543E-03
  9.4318E+00  1.2529E-03
  9.4437E+00  1.3385E-03
  9.4556E+00  1.4060E-03
  9.4675E+00  1.4516E-03
  9.4794E+00  1.4726E-03
  9.4913E+00  1.4677E-03
  9.5032E+00  1.4371E-03
  9.5151E+00  1.3823E-03
  9.5271E+00  1.3061E-03
  9.5390E+00  1.2124E-03
  9.5509E+00  1.1059E-03
  9.5628E+00  9.9183E-04
  9.5747E+00  8.7568E-04
  9.5866E+00  7.6294E-04
  9.5985E+00  6.5869E-04
  9.6104E+00  5.6737E-04
  9.6223E+00  4.9251E-04
  9.6342E+00  4.3657E-04
  9.6461E+00  4.0080E-04
  9.6580E+00  3.8522E-04
  9.6700E+00  3.8866E-04
  9.6819E+00  4.0887E-04
  9.6938E+00  4.4270E-04
  9.7057E+00  4.8632E-04
  9.7176E+00  5.3551E-04
  9.7295E+00  5.8590E-04
  9.7414E+00  6.3327E-04
  9.7533E+00  6.7380E-04
  9.7652E+00  7.0430E-04
  9.7771E+00  7.2244E-04
  9.7890E+00  7.2682E-04
  9.8010E+00  7.1714E-04
  9.8129E+00  6.9415E-04
  9.8248E+00  6.5961E-04
  9.8367E+00  6.1622E-04
  9.8486E+00  5.6741E-04
  9.8605E+00  5.1709E-04
  9.8724E+00  4.6947E-04
  9.8843E+00  4.2871E-04
  9.8962E+00  3.9871E-04
  9.9081E+00  3.8282E-04
  9.9200E+00  3.8366E-04
  9.9319E+00  4.0291E-04
  9.9439E+00  4.4123E-04
  9.9558E+00  4.9821E-04
  9.9677E+00  5.7232E-04
  9.9796E+00  6.6103E-04
  9.9915E+00  7.6091E-04
  1.0003E+01  8.6779E-04
  1.0015E+01  9.7699E-04
  1.0027E+01  1.0836E-03
  1.0039E+01  1.1826E-03
  1.0051E+01  1.2694E-03
  1.0063E+01  1.3400E-03
  1.0075E+01  1.3909E-03
  1.0087E+01  1.4199E-03
  1.0099E+01  1.4256E-03
  1.0111E+01  1.4079E-03
  1.0122E+01  1.3679E-03
  1.0134E+01  1.3075E-03
  1.0146E+01  1.2299E-03
  1.0158E+01  1.1388E-03
  1.0170E+01  1.0384E-03
  1.0182E+01  9.3331E-04
  1.0194E+01  8.2824E-04
  1.0206E+01  7.2766E-04
  1.0218E+01  6.3562E-04
  1.0230E+01  5.5561E-04
  1.0242E+01  4.9030E-04
  1.0253E+01  4.4149E-04
  1.0265E+01  4.0997E-04
  1.0277E+01  3.9556E-04
  1.0289E+01  3.9710E-04
  1.0301E+01  4.1258E-04
  1.0313E+01  4.3929E-04
  1.0325E+01  4.7397E-04
  1.0337E+01  5.1307E-04
  1.0349E+01  5.5293E-04
  1.0361E+01  5.9002E-04
  1.0373E+01  6.2116E-04
  1.0384E+01  6.4367E-04
  1.0396E+01  6.5551E-04
  1.0408E+01  6.5540E-04
  1.0420E+01  6.4289E-04
  1.0432E+01  6.1830E-04
  1.0444E+01  5.8277E-04
  1.0456E+01  5.3811E-04
  1.0468E+01  4.8672E-04
  1.0480E+01  4.3140E-04
  1.0492E+01  3.7518E-04
  1.0504E+01  3.2114E-04
  1.0515E+01  2.7217E-04
  1.0527E+01  2.3084E-04
  1.0539E+01  1.9921E-04
  1.0551E+01  1.7872E-04
  1.0563E+01  1.7009E-04
  1.0575E+01  1.7333E-04
  1.0587E+01  1.8772E-04
  1.0599E+01  2.1188E-04
  1.0611E+01  2.4389E-04
  1.0623E+01  2.8138E-04
  1.0635E+01  3.2175E-04
  1.0646E+01  3.6229E-04
  1.0658E+01  4.0037E-04
  1.0670E+01  4.3364E-04
  1.0682E+01  4.6015E-04
  1.0694E+01  4.7854E-04
  1.0706E+01  4.8807E-04
  1.0718E+01  4.8875E-04
  1.0730E+01  4.8131E-04
  1.0742E+01  4.6717E-04
  1.0754E+01  4.4833E-04
  1.0766E+01  4.2731E-04
  1.0777E+01  4.0691E-04
  1.0789E+01  3.9007E-04
  1.0801E+01  3.7969E-04
  1.0813E+01  3.7838E-04
  1.0825E+01  3.8836E-04
  1.0837E+01  4.1123E-04
  1.0849E+01  4.4789E-04
  1.0861E+01  4.9842E-04
  1.0873E+01  5.6207E-04
  1.0885E+01  6.3724E-04
  1.0897E+01  7.2152E-04
  1.0908E+01  8.1184E-04
  1.0920E+01  9.0460E-04
  1.0932E+01  9.9585E-04
  1.0944E+01  1.0815E-03
  1.0956E+01  1.1576E-03
  1.0968E+01  1.2206E-03
  1.0980E+01  1.2673E-03
  1.0992E+01  1.2954E-03
  1.1004E+01  1.3034E-03
  1.1016E+01  1.2909E-03
  1.1028E+01  1.2583E-03
  1.1039E+01  1.2069E-03
  1.1051E+01  1.1393E-03
  1.1063E+01  1.0586E-03
  1.1075E+01  9.6865E-04
  1.1087E+01  8.7367E-04
  1.1099E+01  7.7825E-04
  1.1111E+01  6.8699E-04
  1.1123E+01  6.0425E-04
  1.1135E+01  5.3396E-04
  1.1147E+01  4.7940E-04
  1.1159E+01  4.4302E-04
  1.1170E+01  4.2628E-04
  1.1182E+01  4.2964E-04
  1.1194E+01  4.5246E-04
  1.1206E+01  4.9312E-04
  1.1218E+01  5.4909E-04
  1.1230E+01  6.1708E-04
  1.1242E+01  6.9327E-04
  1.1254E+01  7.7353E-04
  1.1266E+01  8.5365E-04
  1.1278E+01  9.2962E-04
  1.1290E+01  9.9788E-04
  1.1301E+01  1.0555E-03
  1.1313E+01  1.1005E-03
  1.1325E+01  1.1318E-03
  1.1337E+01  1.1495E-03
  1.1349E+01  1.1551E-03
  1.1361E+01  1.1510E-03
  1.1373E+01  1.1409E-03
  1.1385E+01  1.1293E-03
  1.1397E+01  1.1215E-03
  1.1409E+01  1.1235E-03
  1.1421E+01  1.1412E-03
  1.1432E+01  1.1807E-03
  1.1444E+01  1.2474E-03
  1.1456E+01  1.3463E-03
  1.1468E+01  1.4812E-03
  1.1480E+01  1.6550E-03
  1.1492E+01  1.8689E-03
  1.1504E+01  2.1228E-03
  1.1516E+01  2.4151E-03
  1.1528E+01  2.7424E-03
  1.1540E+01  3.0999E-03
  1.1552E+01  3.4813E-03
  1.1563E+01  3.8790E-03
  1.1575E+01  4.2848E-03
  1.1587E+01  4.6894E-03
  1.1599E+01  5.0835E-03
  1.1611E+01  5.4578E-03
  1.1623E+01  5.8036E-03
  1.1635E+01  6.1126E-03
  1.1647E+01  6.3780E-03
  1.1659E+01  6.5940E-03
  1.1671E+01  6.7564E-03
  1.1683E+01  6.8623E-03
  1.1694E+01  6.9106E-03
  1.1706E+01  6.9015E-03
  1.1718E+01  6.8365E-03
  1.1730E+01  6.7187E-03
  1.1742E+01  6.5519E-03
  1.1754E+01  6.3414E-03
  1.1766E+01  6.0927E-03
  1.1778E+01  5.8123E-03
  1.1790E+01  5.5068E-03
  1.1802E+01  5.1833E-03
  1.1814E+01  4.8485E-03
  1.1825E+01  4.5089E-03
  1.1837E+01  4.1706E-03
  1.1849E+01  3.8391E-03
  1.1861E+01  3.5190E-03
  1.1873E+01  3.2141E-03
  1.1885E+01  2.9272E-03
  1.1897E+01  2.6604E-03
  1.1909E+01  2.4148E-03
  1.1921E+01  2.1908E-03
  1.1933E+01  1.9881E-03
  1.1945E+01  1.8059E-03
  1.1956E+01  1.6431E-03
  1.1968E+01  1.4980E-03
  1.1980E+01  1.3692E-03
  1.1992E+01  1.2549E-03
  1.2004E+01  1.1534E-03
  1.2016E+01  1.0632E-03
  1.2028E+01  9.8279E-04
  1.2040E+01  9.1102E-04
  1.2052E+01  8.4681E-04
  1.2064E+01  7.8927E-04
  1.2076E+01  7.3768E-04
  1.2087E+01  6.9148E-04
  1.2099E+01  6.5021E-04
  1.2111E+01  6.1350E-04
  1.2123E+01  5.8104E-04
  1.2135E+01  5.5254E-04
  1.2147E+01  5.2773E-04
  1.2159E+01  5.0637E-04
  1.2171E+01  4.8817E-04
  1.2183E+01  4.7291E-04
  1.2195E+01  4.6033E-04
  1.2207E+01  4.5026E-04
  1.2218E+01  4.4254E-04
  1.2230E+01  4.3709E-04
  1.2242E+01  4.3394E-04
  1.2254E+01  4.3318E-04
  1.2266E+01  4.3501E-04
  1.2278E+01  4.3973E-04
  1.2290E+01  4.4772E-04
  1.2302E+01  4.5941E-04
  1.2314E+01  4.7528E-04
  1.2326E+01  4.9580E-04
  1.2338E+01  5.2141E-04
  1.2349E+01  5.5249E-04
  1.2361E+01  5.8928E-04
  1.2373E+01  6.3190E-04
  1.2385E+01  6.8028E-04
  1.2397E+01  7.3414E-04
  1.2409E+01  7.9300E-04
  1.2421E+01  8.5615E-04
  1.2433E+01  9.2267E-04
  1.2445E+01  9.9147E-04
  1.2457E+01  1.0613E-03
  1.2469E+01  1.1308E-03
  1.2480E+01  1.1986E-03
  1.2492E+01  1.2633E-03
  1.2504E+01  1.3236E-03
  1.2516E+01  1.3784E-03
  1.2528E+01  1.4265E-03
  1.2540E+01  1.4672E-03
  1.2552E+01  1.5000E-03
  1.2564E+01  1.5245E-03
  1.2576E+01  1.5405E-03
  1.2588E+01  1.5482E-03
  1.2600E+01  1.5478E-03
  1.2611E+01  1.5399E-03
  1.2623E+01  1.5251E-03
  1.2635E+01  1.5039E-03
  1.2647E+01  1.4772E-03
  1.2659E+01  1.4457E-03
  1.2671E+01  1.4102E-03
  1.2683E+01  1.3713E-03
  1.2695E+01  1.3298E-03
  1.2707E+01  1.2861E-03
  1.2719E+01  1.2407E-03
  1.2731E+01  1.1939E-03
  1.2742E+01  1.1460E-03
  1.2754E+01  1.0971E-03
  1.2766E+01  1.0473E-03
  1.2778E+01  9.9648E-04
  1.2790E+01  9.4474E-04
  1.2802E+01  8.9206E-04
  1.2814E+01  8.3848E-04
  1.2826E+01  7.8409E-04
  1.2838E+01  7.2911E-04
  1.2850E+01  6.7383E-04
  1.2862E+01  6.1866E-04
  1.2873E+01  5.6412E-04
  1.2885E+01  5.1082E-04
  1.2897E+01  4.5942E-04
  1.2909E+01  4.1064E-04
  1.2921E+01  3.6516E-04
  1.2933E+01  3.2362E-04
  1.2945E+01  2.8658E-04
  1.2957E+01  2.5446E-04
  1.2969E+01  2.2753E-04
  1.2981E+01  2.0587E-04
  1.2993E+01  1.8939E-04
  1.3004E+01  1.7780E-04
  1.3016E+01  1.7064E-04
  1.3028E+01  1.6733E-04
  1.3040E+01  1.6714E-04
  1.3052E+01  1.6927E-04
  1.3064E+01  1.7290E-04
  1.3076E+01  1.7720E-04
  1.3088E+01  1.8140E-04
  1.3100E+01  1.8481E-04
  1.3112E+01  1.8690E-04
  1.3124E+01  1.8728E-04
  1.3135E+01  1.8572E-04
  1.3147E+01  1.8219E-04
  1.3159E+01  1.7683E-04
  1.3171E+01  1.6995E-04
  1.3183E+01  1.6197E-04
  1.3195E+01  1.5344E-04
  1.3207E+01  1.4493E-04
  1.3219E+01  1.3706E-04
  1.3231E+01  1.3042E-04
  1.3243E+01  1.2553E-04
  1.3255E+01  1.2284E-04
  1.3266E+01  1.2268E-04
  1.3278E+01  1.2529E-04
  1.3290E+01  1.3077E-04
  1.3302E+01  1.3913E-04
  1.3314E+01  1.5029E-04
  1.3326E+01  1.6410E-04
  1.3338E+01  1.8041E-04
  1.3350E+01  1.9906E-04
  1.3362E+01  2.1996E-04
  1.3374E+01  2.4309E-04
  1.3386E+01  2.6853E-04
  1.3397E+01  2.9652E-04
  1.3409E+01  3.2741E-04
  1.3421E+01  3.6166E-04
  1.3433E+01  3.9984E-04
  1.3445E+01  4.4261E-04
  1.3457E+01  4.9058E-04
  1.3469E+01  5.4436E-04
  1.3481E+01  6.0441E-04
  1.3493E+01  6.7101E-04
  1.3505E+01  7.4418E-04
  1.3517E+01  8.2360E-04
  1.3528E+01  9.0861E-04
  1.3540E+01  9.9812E-04
  1.3552E+01  1.0907E-03
  1.3564E+01  1.1844E-03
  1.3576E+01  1.2771E-03
  1.3588E+01  1.3664E-03
  1.3600E+01  1.4496E-03
  1.3612E+01  1.5241E-03
  1.3624E+01  1.5873E-03
  1.3636E+01  1.6369E-03
  1.3647E+01  1.6707E-03
  1.3659E+01  1.6873E-03
  1.3671E+01  1.6853E-03
  1.3683E+01  1.6644E-03
  1.3695E+01  1.6248E-03
  1.3707E+01  1.5672E-03
  1.3719E+01  1.4932E-03
  1.3731E+01  1.4051E-03
  1.3743E+01  1.3056E-03
  1.3755E+01  1.1981E-03
  1.3767E+01  1.0862E-03
  1.3778E+01  9.7380E-04
  1.3790E+01  8.6496E-04
  1.3802E+01  7.6341E-04
  1.3814E+01  6.7261E-04
  1.3826E+01  5.9552E-04
  1.3838E+01  5.3441E-04
  1.3850E+01  4.9075E-04
  1.3862E+01  4.6520E-04
  1.3874E+01  4.5749E-04
  1.3886E+01  4.6651E-04
  1.3898E+01  4.9032E-04
  1.3909E+01  5.2631E-04
  1.3921E+01  5.7131E-04
  1.3933E+01  6.2174E-04
  1.3945E+01  6.7386E-04
  1.3957E+01  7.2391E-04
  1.3969E+01  7.6837E-04
  1.3981E+01  8.0415E-04
  1.3993E+01  8.2874E-04
  1.4005E+01  8.4042E-04
  1.4017E+01  8.3834E-04
  1.4029E+01  8.2255E-04
  1.4040E+01  7.9408E-04
  1.4052E+01  7.5480E-04
  1.4064E+01  7.0738E-04
  1.4076E+01  6.5510E-04
  1.4088E+01  6.0168E-04
  1.4100E+01  5.5101E-04
  1.4112E+01  5.0698E-04
  1.4124E+01  4.7324E-04
  1.4136E+01  4.5294E-04
  1.4148E+01  4.4857E-04
  1.4160E+01  4.6180E-04
  1.4171E+01  4.9333E-04
  1.4183E+01  5.4288E-04
  1.4195E+01  6.0911E-04
  1.4207E+01  6.8971E-04
  1.4219E+01  7.8153E-04
  1.4231E+01  8.8069E-04
  1.4243E+01  9.8285E-04
  1.4255E+01  1.0834E-03
  1.4267E+01  1.1779E-03
  1.4279E+01  1.2621E-03
  1.4291E+01  1.3324E-03
  1.4302E+01  1.3859E-03
  1.4314E+01  1.4208E-03
  1.4326E+01  1.4362E-03
  1.4338E+01  1.4325E-03
  1.4350E+01  1.4112E-03
  1.4362E+01  1.3748E-03
  1.4374E+01  1.3267E-03
  1.4386E+01  1.2711E-03
  1.4398E+01  1.2126E-03
  1.4410E+01  1.1560E-03
  1.4422E+01  1.1060E-03
  1.4433E+01  1.0671E-03
  1.4445E+01  1.0429E-03
  1.4457E+01  1.0361E-03
  1.4469E+01  1.0483E-03
  1.4481E+01  1.0798E-03
  1.4493E+01  1.1296E-03
  1.4505E+01  1.1955E-03
  1.4517E+01  1.2738E-03
  1.4529E+01  1.3600E-03
  1.4541E+01  1.4490E-03
  1.4553E+01  1.5350E-03
  1.4564E+01  1.6123E-03
  1.4576E+01  1.6752E-03
  1.4588E+01  1.7190E-03
  1.4600E+01  1.7397E-03
  1.4612E+01  1.7347E-03
  1.4624E+01  1.7029E-03
  1.4636E+01  1.6449E-03
  1.4648E+01  1.5631E-03
  1.4660E+01  1.4615E-03
  1.4672E+01  1.3459E-03
  1.4684E+01  1.2233E-03
  1.4695E+01  1.1016E-03
  1.4707E+01  9.8960E-04
  1.4719E+01  8.9586E-04
  1.4731E+01  8.2876E-04
  1.4743E+01  7.9579E-04
  1.4755E+01  8.0315E-04
  1.4767E+01  8.5543E-04
  1.4779E+01  9.5533E-04
  1.4791E+01  1.1035E-03
  1.4803E+01  1.2985E-03
  1.4815E+01  1.5369E-03
  1.4826E+01  1.8137E-03
  1.4838E+01  2.1224E-03
  1.4850E+01  2.4556E-03
  1.4862E+01  2.8059E-03
  1.4874E+01  3.1662E-03
  1.4886E+01  3.5309E-03
  1.4898E+01  3.8962E-03
  1.4910E+01  4.2610E-03
  1.4922E+01  4.6277E-03
  1.4934E+01  5.0025E-03
  1.4946E+01  5.3957E-03
  1.4957E+01  5.8218E-03
  1.4969E+01  6.2995E-03
  1.4981E+01  6.8513E-03
  1.4993E+01  7.5028E-03
  1.5005E+01  8.2820E-03
  1.5017E+01  9.2182E-03
  1.5029E+01  1.0341E-02
  1.5041E+01  1.1678E-02
  1.5053E+01  1.3256E-02
  1.5065E+01  1.5095E-02
  1.5077E+01  1.7211E-02
  1.5088E+01  1.9611E-02
  1.5100E+01  2.2297E-02
  1.5112E+01  2.5259E-02
  1.5124E+01  2.8477E-02
  1.5136E+01  3.1925E-02
  1.5148E+01  3.5563E-02
  1.5160E+01  3.9347E-02
  1.5172E+01  4.3222E-02
  1.5184E+01  4.7127E-02
  1.5196E+01  5.0998E-02
  1.5208E+01  5.4766E-02
  1.5219E+01  5.8361E-02
  1.5231E+01  6.1712E-02
  1.5243E+01  6.4749E-02
  1.5255E+01  6.7409E-02
  1.5267E+01  6.9631E-02
  1.5279E+01  7.1363E-02
  1.5291E+01  7.2563E-02
  1.5303E+01  7.3198E-02
  1.5315E+01  7.3251E-02
  1.5327E+01  7.2718E-02
  1.5339E+01  7.1606E-02
  1.5350E+01  6.9942E-02
  1.5362E+01  6.7762E-02
  1.5374E+01  6.5116E-02
  1.5386E+01  6.2064E-02
  1.5398E+01  5.8675E-02
  1.5410E+01  5.5021E-02
  1.5422E+01  5.1179E-02
  1.5434E+01  4.7226E-02
  1.5446E+01  4.3237E-02
  1.5458E+01  3.9283E-02
  1.5470E+01  3.5430E-02
  1.5481E+01  3.1736E-02
  1.5493E+01  2.8251E-02
  1.5505E+01  2.5017E-02
  1.5517E+01  2.2066E-02
  1.5529E+01  1.9418E-02
  1.5541E+01  1.7086E-02
  1.5553E+01  1.5070E-02
  1.5565E+01  1.3362E-02
  1.5577E+01  1.1947E-02
  1.5589E+01  1.0801E-02
  1.5601E+01  9.8936E-03
  1.5612E+01  9.1927E-03
  1.5624E+01  8.6621E-03
  1.5636E+01  8.2652E-03
  1.5648E+01  7.9660E-03
  1.5660E+01  7.7308E-03
  1.5672E+01  7.5293E-03
  1.5684E+01  7.3355E-03
  1.5696E+01  7.1286E-03
  1.5708E+01  6.8930E-03
  1.5720E+01  6.6189E-03
  1.5732E+01  6.3023E-03
  1.5743E+01  5.9441E-03
  1.5755E+01  5.5503E-03
  1.5767E+01  5.1307E-03
  1.5779E+01  4.6983E-03
  1.5791E+01  4.2682E-03
  1.5803E+01  3.8566E-03
  1.5815E+01  3.4799E-03
  1.5827E+01  3.1533E-03
  1.5839E+01  2.8905E-03
  1.5851E+01  2.7027E-03
  1.5863E+01  2.5978E-03
  1.5874E+01  2.5806E-03
  1.5886E+01  2.6523E-03
  1.5898E+01  2.8107E-03
  1.5910E+01  3.0499E-03
  1.5922E+01  3.3613E-03
  1.5934E+01  3.7334E-03
  1.5946E+01  4.1527E-03
  1.5958E+01  4.6041E-03
  1.5970E+01  5.0717E-03
  1.5982E+01  5.5393E-03
  1.5994E+01  5.9912E-03
  1.6005E+01  6.4130E-03
  1.6017E+01  6.7915E-03
  1.6029E+01  7.1161E-03
  1.6041E+01  7.3782E-03
  1.6053E+01  7.5721E-03
  1.6065E+01  7.6945E-03
  1.6077E+01  7.7446E-03
  1.6089E+01  7.7239E-03
  1.6101E+01  7.6361E-03
  1.6113E+01  7.4864E-03
  1.6125E+01  7.2814E-03
  1.6136E+01  7.0286E-03
  1.6148E+01  6.7360E-03
  1.6160E+01  6.4120E-03
  1.6172E+01  6.0651E-03
  1.6184E+01  5.7030E-03
  1.6196E+01  5.3335E-03
  1.6208E+01  4.9630E-03
  1.6220E+01  4.5976E-03
  1.6232E+01  4.2421E-03
  1.6244E+01  3.9003E-03
  1.6256E+01  3.5751E-03
  1.6267E+01  3.2685E-03
  1.6279E+01  2.9814E-03
  1.6291E+01  2.7142E-03
  1.6303E+01  2.4666E-03
  1.6315E+01  2.2380E-03
  1.6327E+01  2.0273E-03
  1.6339E+01  1.8336E-03
  1.6351E+01  1.6555E-03
  1.6363E+01  1.4923E-03
  1.6375E+01  1.3429E-03
  1.6387E+01  1.2067E-03
  1.6398E+01  1.0832E-03
  1.6410E+01  9.7192E-04
  1.6422E+01  8.7272E-04
  1.6434E+01  7.8537E-04
  1.6446E+01  7.0966E-04
  1.6458E+01  6.4532E-04
  1.6470E+01  5.9194E-04
  1.6482E+01  5.4894E-04
  1.6494E+01  5.1558E-04
  1.6506E+01  4.9087E-04
  1.6518E+01  4.7366E-04
  1.6529E+01  4.6264E-04
  1.6541E+01  4.5638E-04
  1.6553E+01  4.5340E-04
  1.6565E+01  4.5221E-04
  1.6577E+01  4.5141E-04
  1.6589E+01  4.4977E-04
  1.6601E+01  4.4624E-04
  1.6613E+01  4.4006E-04
  1.6625E+01  4.3080E-04
  1.6637E+01  4.1834E-04
  1.6649E+01  4.0295E-04
  1.6660E+01  3.8522E-04
  1.6672E+01  3.6605E-04
  1.6684E+01  3.4660E-04
  1.6696E+01  3.2822E-04
  1.6708E+01  3.1237E-04
  1.6720E+01  3.0052E-04
  1.6732E+01  2.9409E-04
  1.6744E+01  2.9435E-04
  1.6756E+01  3.0237E-04
  1.6768E+01  3.1890E-04
  1.6780E+01  3.4439E-04
  1.6791E+01  3.7890E-04
  1.6803E+01  4.2211E-04
  1.6815E+01  4.7334E-04
  1.6827E+01  5.3152E-04
  1.6839E+01  5.9525E-04
  1.6851E+01  6.6289E-04
  1.6863E+01  7.3258E-04
  1.6875E+01  8.0235E-04
  1.6887E+01  8.7019E-04
  1.6899E+01  9.3416E-04
  1.6911E+01  9.9245E-04
  1.6922E+01  1.0435E-03
  1.6934E+01  1.0859E-03
  1.6946E+01  1.1187E-03
  1.6958E+01  1.1413E-03
  1.6970E+01  1.1532E-03
  1.6982E+01  1.1545E-03
  1.6994E+01  1.1456E-03
  1.7006E+01  1.1270E-03
  1.7018E+01  1.0995E-03
  1.7030E+01  1.0642E-03
  1.7042E+01  1.0223E-03
  1.7053E+01  9.7500E-04
  1.7065E+01  9.2361E-04
  1.7077E+01  8.6944E-04
  1.7089E+01  8.1373E-04
  1.7101E+01  7.5765E-04
  1.7113E+01  7.0220E-04
  1.7125E+01  6.4826E-04
  1.7137E+01  5.9652E-04
  1.7149E+01  5.4749E-04
  1.7161E+01  5.0152E-04
  1.7173E+01  4.5877E-04
  1.7184E+01  4.1929E-04
  1.7196E+01  3.8299E-04
  1.7208E+01  3.4970E-04
  1.7220E+01  3.1918E-04
  1.7232E+01  2.9118E-04
  1.7244E+01  2.6542E-04
  1.7256E+01  2.4165E-04
  1.7268E+01  2.1965E-04
  1.7280E+01  1.9925E-04
  1.7292E+01  1.8029E-04
  1.7304E+01  1.6270E-04
  1.7315E+01  1.4644E-04
  1.7327E+01  1.3148E-04
  1.7339E+01  1.1784E-04
  1.7351E+01  1.0553E-04
  1.7363E+01  9.4582E-05
  1.7375E+01  8.4994E-05
  1.7387E+01  7.6755E-05
  1.7399E+01  6.9827E-05
  1.7411E+01  6.4145E-05
  1.7423E+01  5.9615E-05
  1.7435E+01  5.6122E-05
  1.7446E+01  5.3534E-05
  1.7458E+01  5.1710E-05
  1.7470E+01  5.0508E-05
  1.7482E+01  4.9800E-05
  1.7494E+01  4.9475E-05
  1.7506E+01  4.9450E-05
  1.7518E+01  4.9679E-05
  1.7530E+01  5.0154E-05
  1.7542E+01  5.0906E-05
  1.7554E+01  5.2007E-05
  1.7565E+01  5.3562E-05
  1.7577E+01  5.5701E-05
  1.7589E+01  5.8574E-05
  1.7601E+01  6.2335E-05
  1.7613E+01  6.7134E-05
  1.7625E+01  7.3101E-05
  1.7637E+01  8.0340E-05
  1.7649E+01  8.8914E-05
  1.7661E+01  9.8839E-05
  1.7673E+01  1.1008E-04
  1.7685E+01  1.2254E-04
  1.7696E+01  1.3608E-04
  1.7708E+01  1.5050E-04
  1.7720E+01  1.6555E-04
  1.7732E+01  1.8095E-04
  1.7744E+01  1.9639E-04
  1.7756E+01  2.1156E-04
  1.7768E+01  2.2615E-04
  1.7780E+01  2.3986E-04
  1.7792E+01  2.5242E-04
  1.7804E+01  2.6362E-04
  1.7816E+01  2.7328E-04
  1.7827E+01  2.8127E-04
  1.7839E+01  2.8754E-04
  1.7851E+01  2.9207E-04
  1.7863E+01  2.9491E-04
  1.7875E+01  2.9612E-04
  1.7887E+01  2.9583E-04
  1.7899E+01  2.9417E-04
  1.7911E+01  2.9132E-04
  1.7923E+01  2.8743E-04
  1.7935E+01  2.8267E-04
  1.7947E+01  2.7721E-04
  1.7958E+01  2.7121E-04
  1.7970E+01  2.6479E-04
  1.7982E+01  2.5807E-04
  1.7994E+01  2.5115E-04
  1.8006E+01  2.4409E-04
  1.8018E+01  2.3695E-04
  1.8030E+01  2.2976E-04
  1.8042E+01  2.2252E-04
  1.8054E+01  2.1525E-04
  1.8066E+01  2.0792E-04
  1.8078E+01  2.0054E-04
  1.8089E+01  1.9308E-04
  1.8101E+01  1.8553E-04
  1.8113E+01  1.7790E-04
  1.8125E+01  1.7016E-04
  1.8137E+01  1.6234E-04
  1.8149E+01  1.5445E-04
  1.8161E+01  1.4651E-04
  1.8173E+01  1.3854E-04
  1.8185E+01  1.3059E-04
  1.8197E+01  1.2268E-04
  1.8209E+01  1.1485E-04
  1.8220E+01  1.0713E-04
  1.8232E+01  9.9557E-05
  1.8244E+01  9.2151E-05
  1.8256E+01  8.4939E-05
  1.8268E+01  7.7947E-05
  1.8280E+01  7.1198E-05
  1.8292E+01  6.4722E-05
  1.8304E+01  5.8554E-05
  1.8316E+01  5.2737E-05
  1.8328E+01  4.7325E-05
  1.8340E+01  4.2384E-05
  1.8351E+01  3.7992E-05
  1.8363E+01  3.4239E-05
  1.8375E+01  3.1224E-05
  1.8387E+01  2.9049E-05
  1.8399E+01  2.7820E-05
  1.8411E+01  2.7636E-05
  1.8423E+01  2.8591E-05
  1.8435E+01  3.0761E-05
  1.8447E+01  3.4207E-05
  1.8459E+01  3.8973E-05
  1.8471E+01  4.5081E-05
  1.8482E+01  5.2538E-05
  1.8494E+01  6.1338E-05
  1.8506E+01  7.1468E-05
  1.8518E+01  8.2919E-05
  1.8530E+01  9.5696E-05
  1.8542E+01  1.0983E-04
  1.8554E+01  1.2537E-04
  1.8566E+01  1.4244E-04
  1.8578E+01  1.6119E-04
  1.8590E+01  1.8185E-04
  1.8602E+01  2.0470E-04
  1.8613E+01  2.3011E-04
  1.8625E+01  2.5847E-04
  1.8637E+01  2.9026E-04
  1.8649E+01  3.2596E-04
  1.8661E+01  3.6608E-04
  1.8673E+01  4.1112E-04
  1.8685E+01  4.6153E-04
  1.8697E+01  5.1771E-04
  1.8709E+01  5.7993E-04
  1.8721E+01  6.4834E-04
  1.8733E+01  7.2293E-04
  1.8744E+01  8.0348E-04
  1.8756E+01  8.8955E-04
  1.8768E+01  9.8045E-04
  1.8780E+01  1.0752E-03
  1.8792E+01  1.1727E-03
  1.8804E+01  1.2715E-03
  1.8816E+01  1.3698E-03
  1.8828E+01  1.4660E-03
  1.8840E+01  1.5579E-03
  1.8852E+01  1.6435E-03
  1.8864E+01  1.7210E-03
  1.8875E+01  1.7882E-03
  1.8887E+01  1.8436E-03
  1.8899E+01  1.8855E-03
  1.8911E+01  1.9128E-03
  1.8923E+01  1.9245E-03
  1.8935E+01  1.9203E-03
  1.8947E+01  1.9000E-03
  1.8959E+01  1.8640E-03
  1.8971E+01  1.8130E-03
  1.8983E+01  1.7482E-03
  1.8995E+01  1.6710E-03
  1.9006E+01  1.5833E-03
  1.9018E+01  1.4871E-03
  1.9030E+01  1.3849E-03
  1.9042E+01  1.2790E-03
  1.9054E+01  1.1719E-03
  1.9066E+01  1.0662E-03
  1.9078E+01  9.6412E-04
  1.9090E+01  8.6795E-04
  1.9102E+01  7.7951E-04
  1.9114E+01  7.0035E-04
  1.9126E+01  6.3158E-04
  1.9137E+01  5.7388E-04
  1.9149E+01  5.2749E-04
  1.9161E+01  4.9220E-04
  1.9173E+01  4.6737E-04
  1.9185E+01  4.5201E-04
  1.9197E+01  4.4482E-04
  1.9209E+01  4.4426E-04
  1.9221E+01  4.4865E-04
  1.9233E+01  4.5623E-04
  1.9245E+01  4.6526E-04
  1.9257E+01  4.7411E-04
  1.9268E+01  4.8133E-04
  1.9280E+01  4.8574E-04
  1.9292E+01  4.8645E-04
  1.9304E+01  4.8296E-04
  1.9316E+01  4.7511E-04
  1.9328E+01  4.6316E-04
  1.9340E+01  4.4771E-04
  1.9352E+01  4.2970E-04
  1.9364E+01  4.1033E-04
  1.9376E+01  3.9104E-04
  1.9388E+01  3.7338E-04
  1.9399E+01  3.5895E-04
  1.9411E+01  3.4935E-04
  1.9423E+01  3.4602E-04
  1.9435E+01  3.5026E-04
  1.9447E+01  3.6310E-04
  1.9459E+01  3.8524E-04
  1.9471E+01  4.1705E-04
  1.9483E+01  4.5849E-04
  1.9495E+01  5.0916E-04
  1.9507E+01  5.6823E-04
  1.9519E+01  6.3454E-04
  1.9530E+01  7.0662E-04
  1.9542E+01  7.8271E-04
  1.9554E+01  8.6090E-04
  1.9566E+01  9.3916E-04
  1.9578E+01  1.0155E-03
  1.9590E+01  1.0878E-03
  1.9602E+01  1.1543E-03
  1.9614E+01  1.2132E-03
  1.9626E+01  1.2633E-03
  1.9638E+01  1.3032E-03
  1.9650E+01  1.3321E-03
  1.9661E+01  1.3496E-03
  1.9673E+01  1.3554E-03
  1.9685E+01  1.3497E-03
  1.9697E+01  1.3329E-03
  1.9709E+01  1.3057E-03
  1.9721E+01  1.2691E-03
  1.9733E+01  1.2243E-03
  1.9745E+01  1.1725E-03
  1.9757E+01  1.1153E-03
  1.9769E+01  1.0541E-03
  1.9781E+01  9.9019E-04
  1.9792E+01  9.2502E-04
  1.9804E+01  8.5979E-04
  1.9816E+01  7.9554E-04
  1.9828E+01  7.3317E-04
  1.9840E+01  6.7334E-04
  1.9852E+01  6.1657E-04
  1.9864E+01  5.6314E-04
  1.9876E+01  5.1323E-04
  1.9888E+01  4.6684E-04
  1.9900E+01  4.2388E-04
  1.9912E+01  3.8417E-04
  1.9923E+01  3.4752E-04
  1.9935E+01  3.1367E-04
  1.9947E+01  2.8241E-04
  1.9959E+01  2.5354E-04
  1.9971E+01  2.2688E-04
  1.9983E+01  2.0233E-04
  1.9995E+01  1.7981E-04
  2.0007E+01  1.5930E-04
  2.0019E+01  1.4082E-04
  2.0031E+01  1.2439E-04
  2.0043E+01  1.1007E-04
  2.0054E+01  9.7908E-05
  2.0066E+01  8.7922E-05
  2.0078E+01  8.0104E-05
  2.0090E+01  7.4406E-05
  2.0102E+01  7.0721E-05
  2.0114E+01  6.8891E-05
  2.0126E+01  6.8702E-05
  2.0138E+01  6.9886E-05
  2.0150E+01  7.2138E-05
  2.0162E+01  7.5124E-05
  2.0174E+01  7.8499E-05
  2.0185E+01  8.1926E-05
  2.0197E+01  8.5097E-05
  2.0209E+01  8.7748E-05
  2.0221E+01  8.9679E-05
  2.0233E+01  9.0764E-05
  2.0245E+01  9.0965E-05
  2.0257E+01  9.0328E-05
  2.0269E+01  8.8990E-05
  2.0281E+01  8.7163E-05
  2.0293E+01  8.5129E-05
  2.0305E+01  8.3222E-05
  2.0316E+01  8.1805E-05
  2.0328E+01  8.1252E-05
  2.0340E+01  8.1924E-05
  2.0352E+01  8.4140E-05
  2.0364E+01  8.8160E-05
  2.0376E+01  9.4166E-05
  2.0388E+01  1.0224E-04
  2.0400E+01  1.1236E-04
  2.0412E+01  1.2439E-04
  2.0424E+01  1.3810E-04
  2.0436E+01  1.5313E-04
  2.0447E+01  1.6906E-04
  2.0459E+01  1.8539E-04
  2.0471E+01  2.0160E-04
  2.0483E+01  2.1713E-04
  2.0495E+01  2.3143E-04
  2.0507E+01  2.4399E-04
  2.0519E+01  2.5438E-04
  2.0531E+01  2.6222E-04
  2.0543E+01  2.6724E-04
  2.0555E+01  2.6930E-04
  2.0567E+01  2.6837E-04
  2.0578E+01  2.6452E-04
  2.0590E+01  2.5798E-04
  2.0602E+01  2.4905E-04
  2.0614E+01  2.3817E-04
  2.0626E+01  2.2579E-04
  2.0638E+01  2.1247E-04
  2.0650E+01  1.9874E-04
  2.0662E+01  1.8514E-04
  2.0674E+01  1.7216E-04
  2.0686E+01  1.6024E-04
  2.0698E+01  1.4972E-04
  2.0709E+01  1.4085E-04
  2.0721E+01  1.3377E-04
  2.0733E+01  1.2849E-04
  2.0745E+01  1.2493E-04
  2.0757E+01  1.2291E-04
  2.0769E+01  1.2216E-04
  2.0781E+01  1.2234E-04
  2.0793E+01  1.2308E-04
  2.0805E+01  1.2398E-04
  2.0817E+01  1.2466E-04
  2.0829E+01  1.2477E-04
  2.0840E+01  1.2401E-04
  2.0852E+01  1.2214E-04
  2.0864E+01  1.1904E-04
  2.0876E+01  1.1466E-04
  2.0888E+01  1.0905E-04
  2.0900E+01  1.0234E-04
  2.0912E+01  9.4778E-05
  2.0924E+01  8.6635E-05
  2.0936E+01  7.8252E-05
  2.0948E+01  6.9987E-05
  2.0960E+01  6.2205E-05
  2.0971E+01  5.5245E-05
  2.0983E+01  4.9409E-05
  2.0995E+01  4.4938E-05
  2.1007E+01  4.1997E-05
  2.1019E+01  4.0668E-05
  2.1031E+01  4.0941E-05
  2.1043E+01  4.2719E-05
  2.1055E+01  4.5820E-05
  2.1067E+01  4.9992E-05
  2.1079E+01  5.4929E-05
  2.1091E+01  6.0292E-05
  2.1102E+01  6.5729E-05
  2.1114E+01  7.0903E-05
  2.1126E+01  7.5512E-05
  2.1138E+01  7.9310E-05
  2.1150E+01  8.2124E-05
  2.1162E+01  8.3868E-05
  2.1174E+01  8.4549E-05
  2.1186E+01  8.4268E-05
  2.1198E+01  8.3215E-05
  2.1210E+01  8.1662E-05
  2.1222E+01  7.9942E-05
  2.1233E+01  7.8435E-05
  2.1245E+01  7.7542E-05
  2.1257E+01  7.7658E-05
  2.1269E+01  7.9146E-05
  2.1281E+01  8.2314E-05
  2.1293E+01  8.7391E-05
  2.1305E+01  9.4504E-05
  2.1317E+01  1.0367E-04
  2.1329E+01  1.1480E-04
  2.1341E+01  1.2765E-04
  2.1353E+01  1.4192E-04
  2.1364E+01  1.5715E-04
  2.1376E+01  1.7286E-04
  2.1388E+01  1.8846E-04
  2.1400E+01  2.0338E-04
  2.1412E+01  2.1700E-04
  2.1424E+01  2.2878E-04
  2.1436E+01  2.3819E-04
  2.1448E+01  2.4482E-04
  2.1460E+01  2.4835E-04
  2.1472E+01  2.4861E-04
  2.1483E+01  2.4554E-04
  2.1495E+01  2.3925E-04
  2.1507E+01  2.2998E-04
  2.1519E+01  2.1810E-04
  2.1531E+01  2.0409E-04
  2.1543E+01  1.8853E-04
  2.1555E+01  1.7204E-04
  2.1567E+01  1.5526E-04
  2.1579E+01  1.3885E-04
  2.1591E+01  1.2338E-04
  2.1603E+01  1.0939E-04
  2.1614E+01  9.7287E-05
  2.1626E+01  8.7389E-05
  2.1638E+01  7.9867E-05
  2.1650E+01  7.4764E-05
  2.1662E+01  7.1986E-05
  2.1674E+01  7.1319E-05
  2.1686E+01  7.2439E-05
  2.1698E+01  7.4936E-05
  2.1710E+01  7.8341E-05
  2.1722E+01  8.2158E-05
  2.1734E+01  8.5891E-05
  2.1745E+01  8.9079E-05
  2.1757E+01  9.1324E-05
  2.1769E+01  9.2317E-05
  2.1781E+01  9.1855E-05
  2.1793E+01  8.9852E-05
  2.1805E+01  8.6349E-05
  2.1817E+01  8.1502E-05
  2.1829E+01  7.5580E-05
  2.1841E+01  6.8943E-05
  2.1853E+01  6.2019E-05
  2.1865E+01  5.5281E-05
  2.1876E+01  4.9215E-05
  2.1888E+01  4.4289E-05
  2.1900E+01  4.0925E-05
  2.1912E+01  3.9472E-05
  2.1924E+01  4.0183E-05
  2.1936E+01  4.3201E-05
  2.1948E+01  4.8545E-05
  2.1960E+01  5.6117E-05
  2.1972E+01  6.5705E-05
  2.1984E+01  7.7002E-05
  2.1996E+01  8.9630E-05
  2.2007E+01  1.0317E-04
  2.2019E+01  1.1720E-04
  2.2031E+01  1.3133E-04
  2.2043E+01  1.4524E-04
  2.2055E+01  1.5870E-04
  2.2067E+01  1.7162E-04
  2.2079E+01  1.8408E-04
  2.2091E+01  1.9630E-04
  2.2103E+01  2.0872E-04
  2.2115E+01  2.2193E-04
  2.2127E+01  2.3667E-04
  2.2138E+01  2.5383E-04
  2.2150E+01  2.7438E-04
  2.2162E+01  2.9936E-04
  2.2174E+01  3.2979E-04
  2.2186E+01  3.6663E-04
  2.2198E+01  4.1074E-04
  2.2210E+01  4.6279E-04
  2.2222E+01  5.2322E-04
  2.2234E+01  5.9224E-04
  2.2246E+01  6.6973E-04
  2.2258E+01  7.5523E-04
  2.2269E+01  8.4799E-04
  2.2281E+01  9.4686E-04
  2.2293E+01  1.0504E-03
  2.2305E+01  1.1569E-03
  2.2317E+01  1.2644E-03
  2.2329E+01  1.3705E-03
  2.2341E+01  1.4731E-03
  2.2353E+01  1.5697E-03
  2.2365E+01  1.6580E-03
  2.2377E+01  1.7356E-03
  2.2389E+01  1.8007E-03
  2.2400E+01  1.8514E-03
  2.2412E+01  1.8865E-03
  2.2424E+01  1.9048E-03
  2.2436E+01  1.9060E-03
  2.2448E+01  1.8899E-03
  2.2460E+01  1.8570E-03
  2.2472E+01  1.8082E-03
  2.2484E+01  1.7448E-03
  2.2496E+01  1.6682E-03
  2.2508E+01  1.5805E-03
  2.2520E+01  1.4838E-03
  2.2531E+01  1.3804E-03
  2.2543E+01  1.2727E-03
  2.2555E+01  1.1630E-03
  2.2567E+01  1.0538E-03
  2.2579E+01  9.4718E-04
  2.2591E+01  8.4518E-04
  2.2603E+01  7.4955E-04
  2.2615E+01  6.6172E-04
  2.2627E+01  5.8279E-04
  2.2639E+01  5.1349E-04
  2.2651E+01  4.5417E-04
  2.2662E+01  4.0483E-04
  2.2674E+01  3.6512E-04
  2.2686E+01  3.3440E-04
  2.2698E+01  3.1178E-04
  2.2710E+01  2.9618E-04
  2.2722E+01  2.8638E-04
  2.2734E+01  2.8109E-04
  2.2746E+01  2.7901E-04
  2.2758E+01  2.7890E-04
  2.2770E+01  2.7959E-04
  2.2782E+01  2.8008E-04
  2.2793E+01  2.7952E-04
  2.2805E+01  2.7729E-04
  2.2817E+01  2.7297E-04
  2.2829E+01  2.6638E-04
  2.2841E+01  2.5756E-04
  2.2853E+01  2.4675E-04
  2.2865E+01  2.3439E-04
  2.2877E+01  2.2104E-04
  2.2889E+01  2.0740E-04
  2.2901E+01  1.9426E-04
  2.2913E+01  1.8242E-04
  2.2924E+01  1.7269E-04
  2.2936E+01  1.6584E-04
  2.2948E+01  1.6256E-04
  2.2960E+01  1.6345E-04
  2.2972E+01  1.6899E-04
  2.2984E+01  1.7951E-04
  2.2996E+01  1.9519E-04
  2.3008E+01  2.1605E-04
  2.3020E+01  2.4195E-04
  2.3032E+01  2.7263E-04
  2.3044E+01  3.0764E-04
  2.3055E+01  3.4645E-04
  2.3067E+01  3.8841E-04
  2.3079E+01  4.3281E-04
  2.3091E+01  4.7888E-04
  2.3103E+01  5.2582E-04
  2.3115E+01  5.7283E-04
  2.3127E+01  6.1914E-04
  2.3139E+01  6.6401E-04
  2.3151E+01  7.0674E-04
  2.3163E+01  7.4671E-04
  2.3175E+01  7.8336E-04
  2.3186E+01  8.1620E-04
  2.3198E+01  8.4483E-04
  2.3210E+01  8.6892E-04
  2.3222E+01  8.8824E-04
  2.3234E+01  9.0263E-04
  2.3246E+01  9.1202E-04
  2.3258E+01  9.1643E-04
  2.3270E+01  9.1594E-04
  2.3282E+01  9.1073E-04
  2.3294E+01  9.0103E-04
  2.3306E+01  8.8714E-04
  2.3317E+01  8.6940E-04
  2.3329E+01  8.4819E-04
  2.3341E+01  8.2390E-04
  2.3353E+01  7.9695E-04
  2.3365E+01  7.6777E-04
  2.3377E+01  7.3674E-04
  2.3389E+01  7.0428E-04
  2.3401E+01  6.7074E-04
  2.3413E+01  6.3649E-04
  2.3425E+01  6.0183E-04
  2.3437E+01  5.6708E-04
  2.3448E+01  5.3249E-04
  2.3460E+01  4.9831E-04
  2.3472E+01  4.6475E-04
  2.3484E+01  4.3200E-04
  2.3496E+01  4.0021E-04
  2.3508E+01  3.6951E-04
  2.3520E+01  3.4002E-04
  2.3532E+01  3.1182E-04
  2.3544E+01  2.8497E-04
  2.3556E+01  2.5951E-04
  2.3568E+01  2.3546E-04
  2.3579E+01  2.1284E-04
  2.3591E+01  1.9165E-04
  2.3603E+01  1.7189E-04
  2.3615E+01  1.5354E-04
  2.3627E+01  1.3660E-04
  2.3639E+01  1.2106E-04
  2.3651E+01  1.0690E-04
  2.3663E+01  9.4114E-05
  2.3675E+01  8.2700E-05
  2.3687E+01  7.2644E-05
  2.3699E+01  6.3931E-05
  2.3710E+01  5.6540E-05
  2.3722E+01  5.0442E-05
  2.3734E+01  4.5599E-05
  2.3746E+01  4.1960E-05
  2.3758E+01  3.9463E-05
  2.3770E+01  3.8035E-05
  2.3782E+01  3.7590E-05
  2.3794E+01  3.8035E-05
  2.3806E+01  3.9268E-05
  2.3818E+01  4.1182E-05
  2.3830E+01  4.3669E-05
  2.3841E+01  4.6622E-05
  2.3853E+01  4.9937E-05
  2.3865E+01  5.3517E-05
  2.3877E+01  5.7276E-05
  2.3889E+01  6.1137E-05
  2.3901E+01  6.5037E-05
  2.3913E+01  6.8929E-05
  2.3925E+01  7.2780E-05
  2.3937E+01  7.6571E-05
  2.3949E+01  8.0298E-05
  2.3961E+01  8.3966E-05
  2.3972E+01  8.7595E-05
  2.3984E+01  9.1209E-05
  2.3996E+01  9.4836E-05
  2.4008E+01  9.8510E-05
  2.4020E+01  1.0226E-04
  2.4032E+01  1.0611E-04
  2.4044E+01  1.1010E-04
  2.4056E+01  1.1422E-04
  2.4068E+01  1.1851E-04
  2.4080E+01  1.2295E-04
  2.4092E+01  1.2755E-04
  2.4103E+01  1.3230E-04
  2.4115E+01  1.3719E-04
  2.4127E+01  1.4220E-04
  2.4139E+01  1.4733E-04
  2.4151E+01  1.5255E-04
  2.4163E+01  1.5787E-04
  2.4175E+01  1.6325E-04
  2.4187E+01  1.6870E-04
  2.4199E+01  1.7421E-04
  2.4211E+01  1.7976E-04
  2.4223E+01  1.8534E-04
  2.4234E+01  1.9092E-04
  2.4246E+01  1.9647E-04
  2.4258E+01  2.0194E-04
  2.4270E+01  2.0726E-04
  2.4282E+01  2.1236E-04
  2.4294E+01  2.1713E-04
  2.4306E+01  2.2146E-04
  2.4318E+01  2.2523E-04
  2.4330E+01  2.2828E-04
  2.4342E+01  2.3046E-04
  2.4354E+01  2.3165E-04
  2.4365E+01  2.3169E-04
  2.4377E+01  2.3047E-04
  2.4389E+01  2.2788E-04
  2.4401E+01  2.2386E-04
  2.4413E+01  2.1839E-04
  2.4425E+01  2.1148E-04
  2.4437E+01  2.0318E-04
  2.4449E+01  1.9361E-04
  2.4461E+01  1.8292E-04
  2.4473E+01  1.7129E-04
  2.4485E+01  1.5898E-04
  2.4496E+01  1.4623E-04
  2.4508E+01  1.3334E-04
  2.4520E+01  1.2061E-04
  2.4532E+01  1.0834E-04
  2.4544E+01  9.6823E-05
  2.4556E+01  8.6325E-05
  2.4568E+01  7.7081E-05
  2.4580E+01  6.9279E-05
  2.4592E+01  6.3051E-05
  2.4604E+01  5.8468E-05
  2.4616E+01  5.5533E-05
  2.4627E+01  5.4183E-05
  2.4639E+01  5.4289E-05
  2.4651E+01  5.5666E-05
  2.4663E+01  5.8078E-05
  2.4675E+01  6.1249E-05
  2.4687E+01  6.4881E-05
  2.4699E+01  6.8665E-05
  2.4711E+01  7.2297E-05
  2.4723E+01  7.5491E-05
  2.4735E+01  7.7996E-05
  2.4747E+01  7.9607E-05
  2.4758E+01  8.0172E-05
  2.4770E+01  7.9601E-05
  2.4782E+01  7.7873E-05
  2.4794E+01  7.5030E-05
  2.4806E+01  7.1177E-05
  2.4818E+01  6.6475E-05
  2.4830E+01  6.1131E-05
  2.4842E+01  5.5383E-05
  2.4854E+01  4.9487E-05
  2.4866E+01  4.3700E-05
  2.4878E+01  3.8267E-05
  2.4889E+01  3.3407E-05
  2.4901E+01  2.9295E-05
  2.4913E+01  2.6059E-05
  2.4925E+01  2.3772E-05
  2.4937E+01  2.2446E-05
  2.4949E+01  2.2037E-05
  2.4961E+01  2.2446E-05
  2.4973E+01  2.3528E-05
  2.4985E+01  2.5105E-05
  2.4997E+01  2.6974E-05
  2.5009E+01  2.8927E-05
  2.5020E+01  3.0762E-05
  2.5032E+01  3.2300E-05
  2.5044E+01  3.3397E-05
  2.5056E+01  3.3957E-05
  2.5068E+01  3.3940E-05
  2.5080E+01  3.3363E-05
  2.5092E+01  3.2305E-05
  2.5104E+01  3.0901E-05
  2.5116E+01  2.9333E-05
  2.5128E+01  2.7819E-05
  2.5140E+01  2.6603E-05
  2.5151E+01  2.5933E-05
  2.5163E+01  2.6045E-05
  2.5175E+01  2.7151E-05
  2.5187E+01  2.9413E-05
  2.5199E+01  3.2940E-05
  2.5211E+01  3.7765E-05
  2.5223E+01  4.3849E-05
  2.5235E+01  5.1068E-05
  2.5247E+01  5.9223E-05
  2.5259E+01  6.8044E-05
  2.5271E+01  7.7203E-05
  2.5282E+01  8.6329E-05
  2.5294E+01  9.5030E-05
  2.5306E+01  1.0291E-04
  2.5318E+01  1.0961E-04
  2.5330E+01  1.1480E-04
  2.5342E+01  1.1821E-04
  2.5354E+01  1.1967E-04
  2.5366E+01  1.1909E-04
  2.5378E+01  1.1649E-04
  2.5390E+01  1.1198E-04
  2.5401E+01  1.0579E-04
  2.5413E+01  9.8245E-05
  2.5425E+01  8.9726E-05
  2.5437E+01  8.0691E-05
  2.5449E+01  7.1630E-05
  2.5461E+01  6.3042E-05
  2.5473E+01  5.5411E-05
  2.5485E+01  4.9174E-05
  2.5497E+01  4.4698E-05
  2.5509E+01  4.2260E-05
  2.5521E+01  4.2026E-05
  2.5532E+01  4.4048E-05
  2.5544E+01  4.8257E-05
  2.5556E+01  5.4469E-05
  2.5568E+01  6.2396E-05
  2.5580E+01  7.1668E-05
  2.5592E+01  8.1857E-05
  2.5604E+01  9.2502E-05
  2.5616E+01  1.0315E-04
  2.5628E+01  1.1338E-04
  2.5640E+01  1.2284E-04
  2.5652E+01  1.3129E-04
  2.5663E+01  1.3860E-04
  2.5675E+01  1.4480E-04
  2.5687E+01  1.5008E-04
  2.5699E+01  1.5478E-04
  2.5711E+01  1.5940E-04
  2.5723E+01  1.6458E-04
  2.5735E+01  1.7109E-04
  2.5747E+01  1.7974E-04
  2.5759E+01  1.9139E-04
  2.5771E+01  2.0691E-04
  2.5783E+01  2.2708E-04
  2.5794E+01  2.5259E-04
  2.5806E+01  2.8396E-04
  2.5818E+01  3.2151E-04
  2.5830E+01  3.6535E-04
  2.5842E+01  4.1529E-04
  2.5854E+01  4.7089E-04
  2.5866E+01  5.3142E-04
  2.5878E+01  5.9586E-04
  2.5890E+01  6.6297E-04
  2.5902E+01  7.3127E-04
  2.5914E+01  7.9914E-04
  2.5925E+01  8.6485E-04
  2.5937E+01  9.2662E-04
  2.5949E+01  9.8272E-04
  2.5961E+01  1.0315E-03
  2.5973E+01  1.0716E-03
  2.5985E+01  1.1017E-03
  2.5997E+01  1.1210E-03
  2.6009E+01  1.1287E-03
  2.6021E+01  1.1246E-03
  2.6033E+01  1.1089E-03
  2.6045E+01  1.0818E-03
  2.6056E+01  1.0444E-03
  2.6068E+01  9.9757E-04
  2.6080E+01  9.4278E-04
  2.6092E+01  8.8165E-04
  2.6104E+01  8.1596E-04
  2.6116E+01  7.4760E-04
  2.6128E+01  6.7848E-04
  2.6140E+01  6.1050E-04
  2.6152E+01  5.4541E-04
  2.6164E+01  4.8480E-04
  2.6176E+01  4.3001E-04
  2.6187E+01  3.8209E-04
  2.6199E+01  3.4178E-04
  2.6211E+01  3.0948E-04
  2.6223E+01  2.8525E-04
  2.6235E+01  2.6883E-04
  2.6247E+01  2.5964E-04
  2.6259E+01  2.5689E-04
  2.6271E+01  2.5953E-04
  2.6283E+01  2.6638E-04
  2.6295E+01  2.7619E-04
  2.6307E+01  2.8764E-04
  2.6318E+01  2.9947E-04
  2.6330E+01  3.1050E-04
  2.6342E+01  3.1973E-04
  2.6354E+01  3.2630E-04
  2.6366E+01  3.2962E-04
  2.6378E+01  3.2935E-04
  2.6390E+01  3.2539E-04
  2.6402E+01  3.1792E-04
  2.6414E+01  3.0738E-04
  2.6426E+01  2.9439E-04
  2.6438E+01  2.7980E-04
  2.6449E+01  2.6458E-04
  2.6461E+01  2.4980E-04
  2.6473E+01  2.3658E-04
  2.6485E+01  2.2602E-04
  2.6497E+01  2.1919E-04
  2.6509E+01  2.1704E-04
  2.6521E+01  2.2040E-04
  2.6533E+01  2.2992E-04
  2.6545E+01  2.4605E-04
  2.6557E+01  2.6902E-04
  2.6569E+01  2.9885E-04
  2.6580E+01  3.3533E-04
  2.6592E+01  3.7805E-04
  2.6604E+01  4.2638E-04
  2.6616E+01  4.7957E-04
  2.6628E+01  5.3671E-04
  2.6640E+01  5.9679E-04
  2.6652E+01  6.5875E-04
  2.6664E+01  7.2150E-04
  2.6676E+01  7.8395E-04
  2.6688E+01  8.4506E-04
  2.6700E+01  9.0384E-04
  2.6711E+01  9.5938E-04
  2.6723E+01  1.0109E-03
  2.6735E+01  1.0576E-03
  2.6747E+01  1.0990E-03
  2.6759E+01  1.1347E-03
  2.6771E+01  1.1643E-03
  2.6783E+01  1.1875E-03
  2.6795E+01  1.2044E-03
  2.6807E+01  1.2150E-03
  2.6819E+01  1.2193E-03
  2.6831E+01  1.2177E-03
  2.6842E+01  1.2105E-03
  2.6854E+01  1.1979E-03
  2.6866E+01  1.1804E-03
  2.6878E+01  1.1584E-03
  2.6890E+01  1.1324E-03
  2.6902E+01  1.1028E-03
  2.6914E+01  1.0701E-03
  2.6926E+01  1.0346E-03
  2.6938E+01  9.9681E-04
  2.6950E+01  9.5708E-04
  2.6962E+01  9.1579E-04
  2.6973E+01  8.7332E-04
  2.6985E+01  8.3001E-04
  2.6997E+01  7.8620E-04
  2.7009E+01  7.4219E-04
  2.7021E+01  6.9831E-04
  2.7033E+01  6.5485E-04
  2.7045E+01  6.1207E-04
  2.7057E+01  5.7022E-04
  2.7069E+01  5.2954E-04
  2.7081E+01  4.9020E-04
  2.7093E+01  4.5239E-04
  2.7104E+01  4.1624E-04
  2.7116E+01  3.8184E-04
  2.7128E+01  3.4927E-04
  2.7140E+01  3.1857E-04
  2.7152E+01  2.8976E-04
  2.7164E+01  2.6283E-04
  2.7176E+01  2.3776E-04
  2.7188E+01  2.1451E-04
  2.7200E+01  1.9305E-04
  2.7212E+01  1.7332E-04
  2.7224E+01  1.5528E-04
  2.7235E+01  1.3887E-04
  2.7247E+01  1.2405E-04
  2.7259E+01  1.1077E-04
  2.7271E+01  9.9014E-05
  2.7283E+01  8.8735E-05
  2.7295E+01  7.9912E-05
  2.7307E+01  7.2522E-05
  2.7319E+01  6.6545E-05
  2.7331E+01  6.1956E-05
  2.7343E+01  5.8731E-05
  2.7355E+01  5.6840E-05
  2.7366E+01  5.6242E-05
  2.7378E+01  5.6889E-05
  2.7390E+01  5.8722E-05
  2.7402E+01  6.1666E-05
  2.7414E+01  6.5638E-05
  2.7426E+01  7.0537E-05
  2.7438E+01  7.6253E-05
  2.7450E+01  8.2667E-05
  2.7462E+01  8.9649E-05
  2.7474E+01  9.7069E-05
  2.7486E+01  1.0479E-04
  2.7497E+01  1.1269E-04
  2.7509E+01  1.2063E-04
  2.7521E+01  1.2851E-04
  2.7533E+01  1.3622E-04
  2.7545E+01  1.4367E-04
  2.7557E+01  1.5078E-04
  2.7569E+01  1.5749E-04
  2.7581E+01  1.6377E-04
  2.7593E+01  1.6957E-04
  2.7605E+01  1.7489E-04
  2.7617E+01  1.7973E-04
  2.7628E+01  1.8409E-04
  2.7640E+01  1.8798E-04
  2.7652E+01  1.9145E-04
  2.7664E+01  1.9453E-04
  2.7676E+01  1.9725E-04
  2.7688E+01  1.9965E-04
  2.7700E+01  2.0179E-04
  2.7712E+01  2.0370E-04
  2.7724E+01  2.0543E-04
  2.7736E+01  2.0701E-04
  2.7748E+01  2.0849E-04
  2.7759E+01  2.0989E-04
  2.7771E+01  2.1122E-04
  2.7783E+01  2.1250E-04
  2.7795E+01  2.1374E-04
  2.7807E+01  2.1491E-04
  2.7819E+01  2.1601E-04
  2.7831E+01  2.1699E-04
  2.7843E+01  2.1780E-04
  2.7855E+01  2.1840E-04
  2.7867E+01  2.1872E-04
  2.7879E+01  2.1868E-04
  2.7890E+01  2.1820E-04
  2.7902E+01  2.1719E-04
  2.7914E+01  2.1558E-04
  2.7926E+01  2.1328E-04
  2.7938E+01  2.1023E-04
  2.7950E+01  2.0635E-04
  2.7962E+01  2.0161E-04
  2.7974E+01  1.9597E-04
  2.7986E+01  1.8942E-04
  2.7998E+01  1.8199E-04
  2.8010E+01  1.7372E-04
  2.8021E+01  1.6467E-04
  2.8033E+01  1.5496E-04
  2.8045E+01  1.4470E-04
  2.8057E+01  1.3405E-04
  2.8069E+01  1.2319E-04
  2.8081E+01  1.1231E-04
  2.8093E+01  1.0161E-04
  2.8105E+01  9.1310E-05
  2.8117E+01  8.1615E-05
  2.8129E+01  7.2721E-05
  2.8141E+01  6.4807E-05
  2.8152E+01  5.8022E-05
  2.8164E+01  5.2480E-05
  2.8176E+01  4.8255E-05
  2.8188E+01  4.5378E-05
  2.8200E+01  4.3833E-05
  2.8212E+01  4.3555E-05
  2.8224E+01  4.4440E-05
  2.8236E+01  4.6341E-05
  2.8248E+01  4.9078E-05
  2.8260E+01  5.2446E-05
  2.8272E+01  5.6222E-05
  2.8283E+01  6.0178E-05
  2.8295E+01  6.4089E-05
  2.8307E+01  6.7743E-05
  2.8319E+01  7.0953E-05
  2.8331E+01  7.3564E-05
  2.8343E+01  7.5462E-05
  2.8355E+01  7.6575E-05
  2.8367E+01  7.6880E-05
  2.8379E+01  7.6401E-05
  2.8391E+01  7.5208E-05
  2.8403E+01  7.3408E-05
  2.8414E+01  7.1141E-05
  2.8426E+01  6.8574E-05
  2.8438E+01  6.5883E-05
  2.8450E+01  6.3249E-05
  2.8462E+01  6.0845E-05
  2.8474E+01  5.8827E-05
  2.8486E+01  5.7322E-05
  2.8498E+01  5.6427E-05
  2.8510E+01  5.6196E-05
  2.8522E+01  5.6643E-05
  2.8534E+01  5.7743E-05
  2.8545E+01  5.9426E-05
  2.8557E+01  6.1593E-05
  2.8569E+01  6.4112E-05
  2.8581E+01  6.6837E-05
  2.8593E+01  6.9609E-05
  2.8605E+01  7.2274E-05
  2.8617E+01  7.4687E-05
  2.8629E+01  7.6727E-05
  2.8641E+01  7.8302E-05
  2.8653E+01  7.9353E-05
  2.8665E+01  7.9864E-05
  2.8676E+01  7.9858E-05
  2.8688E+01  7.9396E-05
  2.8700E+01  7.8575E-05
  2.8712E+01  7.7520E-05
  2.8724E+01  7.6377E-05
  2.8736E+01  7.5298E-05
  2.8748E+01  7.4437E-05
  2.8760E+01  7.3935E-05
  2.8772E+01  7.3908E-05
  2.8784E+01  7.4441E-05
  2.8796E+01  7.5577E-05
  2.8807E+01  7.7313E-05
  2.8819E+01  7.9599E-05
  2.8831E+01  8.2338E-05
  2.8843E+01  8.5389E-05
  2.8855E+01  8.8575E-05
  2.8867E+01  9.1692E-05
  2.8879E+01  9.4521E-05
  2.8891E+01  9.6841E-05
  2.8903E+01  9.8443E-05
  2.8915E+01  9.9143E-05
  2.8927E+01  9.8795E-05
  2.8938E+01  9.7303E-05
  2.8950E+01  9.4627E-05
  2.8962E+01  9.0791E-05
  2.8974E+01  8.5884E-05
  2.8986E+01  8.0059E-05
  2.8998E+01  7.3524E-05
  2.9010E+01  6.6536E-05
  2.9022E+01  5.9388E-05
  2.9034E+01  5.2390E-05
  2.9046E+01  4.5857E-05
  2.9058E+01  4.0085E-05
  2.9069E+01  3.5341E-05
  2.9081E+01  3.1842E-05
  2.9093E+01  2.9746E-05
  2.9105E+01  2.9140E-05
  2.9117E+01  3.0034E-05
  2.9129E+01  3.2363E-05
  2.9141E+01  3.5990E-05
  2.9153E+01  4.0711E-05
  2.9165E+01  4.6272E-05
  2.9177E+01  5.2383E-05
  2.9188E+01  5.8736E-05
  2.9200E+01  6.5031E-05
  2.9212E+01  7.0991E-05
  2.9224E+01  7.6390E-05
  2.9236E+01  8.1067E-05
  2.9248E+01  8.4945E-05
  2.9260E+01  8.8042E-05
  2.9272E+01  9.0478E-05
  2.9284E+01  9.2474E-05
  2.9296E+01  9.4345E-05
  2.9308E+01  9.6490E-05
  2.9319E+01  9.9376E-05
  2.9331E+01  1.0351E-04
  2.9343E+01  1.0941E-04
  2.9355E+01  1.1760E-04
  2.9367E+01  1.2854E-04
  2.9379E+01  1.4261E-04
  2.9391E+01  1.6011E-04
  2.9403E+01  1.8119E-04
  2.9415E+01  2.0587E-04
  2.9427E+01  2.3398E-04
  2.9439E+01  2.6521E-04
  2.9450E+01  2.9906E-04
  2.9462E+01  3.3489E-04
  2.9474E+01  3.7192E-04
  2.9486E+01  4.0924E-04
  2.9498E+01  4.4590E-04
  2.9510E+01  4.8088E-04
  2.9522E+01  5.1318E-04
  2.9534E+01  5.4182E-04
  2.9546E+01  5.6592E-04
  2.9558E+01  5.8472E-04
  2.9570E+01  5.9760E-04
  2.9581E+01  6.0413E-04
  2.9593E+01  6.0407E-04
  2.9605E+01  5.9741E-04
  2.9617E+01  5.8435E-04
  2.9629E+01  5.6529E-04
  2.9641E+01  5.4088E-04
  2.9653E+01  5.1189E-04
  2.9665E+01  4.7928E-04
  2.9677E+01  4.4409E-04
  2.9689E+01  4.0746E-04
  2.9701E+01  3.7053E-04
  2.9712E+01  3.3439E-04
  2.9724E+01  3.0011E-04
  2.9736E+01  2.6859E-04
  2.9748E+01  2.4061E-04
  2.9760E+01  2.1677E-04
  2.9772E+01  1.9747E-04
  2.9784E+01  1.8288E-04
  2.9796E+01  1.7299E-04
  2.9808E+01  1.6757E-04
  2.9820E+01  1.6623E-04
  2.9832E+01  1.6840E-04
  2.9843E+01  1.7339E-04
  2.9855E+01  1.8044E-04
  2.9867E+01  1.8872E-04
  2.9879E+01  1.9741E-04
  2.9891E+01  2.0571E-04
  2.9903E+01  2.1291E-04
  2.9915E+01  2.1840E-04
  2.9927E+01  2.2171E-04
  2.9939E+01  2.2254E-04
  2.9951E+01  2.2075E-04
  2.9963E+01  2.1637E-04
  2.9974E+01  2.0961E-04
  2.9986E+01  2.0084E-04
  2.9998E+01  1.9056E-04
  3.0010E+01  1.7938E-04
  3.0022E+01  1.6800E-04
  3.0034E+01  1.5716E-04
  3.0046E+01  1.4761E-04
  3.0058E+01  1.4008E-04
  3.0070E+01  1.3525E-04
  3.0082E+01  1.3368E-04
  3.0094E+01  1.3586E-04
  3.0105E+01  1.4210E-04
  3.0117E+01  1.5258E-04
  3.0129E+01  1.6733E-04
  3.0141E+01  1.8620E-04
  3.0153E+01  2.0889E-04
  3.0165E+01  2.3498E-04
  3.0177E+01  2.6392E-04
  3.0189E+01  2.9507E-04
  3.0201E+01  3.2769E-04
  3.0213E+01  3.6105E-04
  3.0225E+01  3.9436E-04
  3.0236E+01  4.2685E-04
  3.0248E+01  4.5781E-04
  3.0260E+01  4.8657E-04
  3.0272E+01  5.1255E-04
  3.0284E+01  5.3524E-04
  3.0296E+01  5.5427E-04
  3.0308E+01  5.6935E-04
  3.0320E+01  5.8034E-04
  3.0332E+01  5.8718E-04
  3.0344E+01  5.8993E-04
  3.0356E+01  5.8875E-04
  3.0367E+01  5.8388E-04
  3.0379E+01  5.7563E-04
  3.0391E+01  5.6434E-04
  3.0403E+01  5.5042E-04
  3.0415E+01  5.3425E-04
  3.0427E+01  5.1625E-04
  3.0439E+01  4.9681E-04
  3.0451E+01  4.7628E-04
  3.0463E+01  4.5500E-04
  3.0475E+01  4.3328E-04
  3.0487E+01  4.1135E-04
  3.0498E+01  3.8944E-04
  3.0510E+01  3.6773E-04
  3.0522E+01  3.4637E-04
  3.0534E+01  3.2545E-04
  3.0546E+01  3.0507E-04
  3.0558E+01  2.8530E-04
  3.0570E+01  2.6619E-04
  3.0582E+01  2.4777E-04
  3.0594E+01  2.3008E-04
  3.0606E+01  2.1313E-04
  3.0618E+01  1.9695E-04
  3.0629E+01  1.8155E-04
  3.0641E+01  1.6696E-04
  3.0653E+01  1.5318E-04
  3.0665E+01  1.4023E-04
  3.0677E+01  1.2810E-04
  3.0689E+01  1.1681E-04
  3.0701E+01  1.0635E-04
  3.0713E+01  9.6713E-05
  3.0725E+01  8.7874E-05
  3.0737E+01  7.9811E-05
  3.0749E+01  7.2493E-05
  3.0760E+01  6.5879E-05
  3.0772E+01  5.9927E-05
  3.0784E+01  5.4588E-05
  3.0796E+01  4.9815E-05
  3.0808E+01  4.5559E-05
  3.0820E+01  4.1776E-05
  3.0832E+01  3.8427E-05
  3.0844E+01  3.5479E-05
  3.0856E+01  3.2909E-05
  3.0868E+01  3.0704E-05
  3.0880E+01  2.8862E-05
  3.0891E+01  2.7390E-05
  3.0903E+01  2.6304E-05
  3.0915E+01  2.5630E-05
  3.0927E+01  2.5398E-05
  3.0939E+01  2.5643E-05
  3.0951E+01  2.6400E-05
  3.0963E+01  2.7701E-05
  3.0975E+01  2.9574E-05
  3.0987E+01  3.2040E-05
  3.0999E+01  3.5108E-05
  3.1011E+01  3.8774E-05
  3.1022E+01  4.3024E-05
  3.1034E+01  4.7825E-05
  3.1046E+01  5.3132E-05
  3.1058E+01  5.8885E-05
  3.1070E+01  6.5011E-05
  3.1082E+01  7.1423E-05
  3.1094E+01  7.8027E-05
  3.1106E+01  8.4720E-05
  3.1118E+01  9.1393E-05
  3.1130E+01  9.7936E-05
  3.1142E+01  1.0424E-04
  3.1153E+01  1.1019E-04
  3.1165E+01  1.1569E-04
  3.1177E+01  1.2064E-04
  3.1189E+01  1.2497E-04
  3.1201E+01  1.2860E-04
  3.1213E+01  1.3147E-04
  3.1225E+01  1.3355E-04
  3.1237E+01  1.3481E-04
  3.1249E+01  1.3524E-04
  3.1261E+01  1.3487E-04
  3.1273E+01  1.3371E-04
  3.1284E+01  1.3181E-04
  3.1296E+01  1.2922E-04
  3.1308E+01  1.2601E-04
  3.1320E+01  1.2227E-04
  3.1332E+01  1.1806E-04
  3.1344E+01  1.1347E-04
  3.1356E+01  1.0861E-04
  3.1368E+01  1.0356E-04
  3.1380E+01  9.8404E-05
  3.1392E+01  9.3229E-05
  3.1404E+01  8.8112E-05
  3.1415E+01  8.3122E-05
  3.1427E+01  7.8317E-05
  3.1439E+01  7.3745E-05
  3.1451E+01  6.9441E-05
  3.1463E+01  6.5425E-05
  3.1475E+01  6.1708E-05
  3.1487E+01  5.8284E-05
  3.1499E+01  5.5139E-05
  3.1511E+01  5.2247E-05
  3.1523E+01  4.9574E-05
  3.1535E+01  4.7082E-05
  3.1546E+01  4.4727E-05
  3.1558E+01  4.2467E-05
  3.1570E+01  4.0261E-05
  3.1582E+01  3.8073E-05
  3.1594E+01  3.5874E-05
  3.1606E+01  3.3645E-05
  3.1618E+01  3.1376E-05
  3.1630E+01  2.9070E-05
  3.1642E+01  2.6741E-05
  3.1654E+01  2.4415E-05
  3.1666E+01  2.2126E-05
  3.1677E+01  1.9918E-05
  3.1689E+01  1.7840E-05
  3.1701E+01  1.5946E-05
  3.1713E+01  1.4287E-05
  3.1725E+01  1.2916E-05
  3.1737E+01  1.1876E-05
  3.1749E+01  1.1206E-05
  3.1761E+01  1.0933E-05
  3.1773E+01  1.1074E-05
  3.1785E+01  1.1634E-05
  3.1797E+01  1.2607E-05
  3.1808E+01  1.3973E-05
  3.1820E+01  1.5708E-05
  3.1832E+01  1.7776E-05
  3.1844E+01  2.0141E-05
  3.1856E+01  2.2762E-05
  3.1868E+01  2.5606E-05
  3.1880E+01  2.8640E-05
  3.1892E+01  3.1845E-05
  3.1904E+01  3.5211E-05
  3.1916E+01  3.8742E-05
  3.1928E+01  4.2459E-05
  3.1939E+01  4.6394E-05
  3.1951E+01  5.0595E-05
  3.1963E+01  5.5119E-05
  3.1975E+01  6.0033E-05
  3.1987E+01  6.5405E-05
  3.1999E+01  7.1303E-05
  3.2011E+01  7.7786E-05
  3.2023E+01  8.4902E-05
  3.2035E+01  9.2677E-05
  3.2047E+01  1.0112E-04
  3.2059E+01  1.1019E-04
  3.2070E+01  1.1986E-04
  3.2082E+01  1.3001E-04
  3.2094E+01  1.4055E-04
  3.2106E+01  1.5130E-04
  3.2118E+01  1.6210E-04
  3.2130E+01  1.7273E-04
  3.2142E+01  1.8298E-04
  3.2154E+01  1.9263E-04
  3.2166E+01  2.0143E-04
  3.2178E+01  2.0918E-04
  3.2190E+01  2.1567E-04
  3.2201E+01  2.2072E-04
  3.2213E+01  2.2419E-04
  3.2225E+01  2.2597E-04
  3.2237E+01  2.2599E-04
  3.2249E+01  2.2425E-04
  3.2261E+01  2.2077E-04
  3.2273E+01  2.1563E-04
  3.2285E+01  2.0896E-04
  3.2297E+01  2.0093E-04
  3.2309E+01  1.9173E-04
  3.2321E+01  1.8160E-04
  3.2332E+01  1.7078E-04
  3.2344E+01  1.5952E-04
  3.2356E+01  1.4807E-04
  3.2368E+01  1.3667E-04
  3.2380E+01  1.2552E-04
  3.2392E+01  1.1483E-04
  3.2404E+01  1.0473E-04
  3.2416E+01  9.5333E-05
  3.2428E+01  8.6717E-05
  3.2440E+01  7.8907E-05
  3.2452E+01  7.1897E-05
  3.2463E+01  6.5647E-05
  3.2475E+01  6.0089E-05
  3.2487E+01  5.5137E-05
  3.2499E+01  5.0691E-05
  3.2511E+01  4.6648E-05
  3.2523E+01  4.2911E-05
  3.2535E+01  3.9392E-05
  3.2547E+01  3.6020E-05
  3.2559E+01  3.2748E-05
  3.2571E+01  2.9552E-05
  3.2583E+01  2.6435E-05
  3.2594E+01  2.3427E-05
  3.2606E+01  2.0578E-05
  3.2618E+01  1.7958E-05
  3.2630E+01  1.5652E-05
  3.2642E+01  1.3750E-05
  3.2654E+01  1.2347E-05
  3.2666E+01  1.1529E-05
  3.2678E+01  1.1375E-05
  3.2690E+01  1.1948E-05
  3.2702E+01  1.3292E-05
  3.2714E+01  1.5433E-05
  3.2725E+01  1.8374E-05
  3.2737E+01  2.2107E-05
  3.2749E+01  2.6605E-05
  3.2761E+01  3.1838E-05
  3.2773E+01  3.7776E-05
  3.2785E+01  4.4395E-05
  3.2797E+01  5.1690E-05
  3.2809E+01  5.9679E-05
  3.2821E+01  6.8413E-05
  3.2833E+01  7.7978E-05
  3.2845E+01  8.8502E-05
  3.2856E+01  1.0015E-04
  3.2868E+01  1.1313E-04
  3.2880E+01  1.2768E-04
  3.2892E+01  1.4407E-04
  3.2904E+01  1.6255E-04
  3.2916E+01  1.8342E-04
  3.2928E+01  2.0691E-04
  3.2940E+01  2.3324E-04
  3.2952E+01  2.6256E-04
  3.2964E+01  2.9497E-04
  3.2976E+01  3.3046E-04
  3.2987E+01  3.6892E-04
  3.2999E+01  4.1012E-04
  3.3011E+01  4.5372E-04
  3.3023E+01  4.9926E-04
  3.3035E+01  5.4616E-04
  3.3047E+01  5.9374E-04
  3.3059E+01  6.4120E-04
  3.3071E+01  6.8770E-04
  3.3083E+01  7.3231E-04
  3.3095E+01  7.7412E-04
  3.3106E+01  8.1216E-04
  3.3118E+01  8.4555E-04
  3.3130E+01  8.7344E-04
  3.3142E+01  8.9509E-04
  3.3154E+01  9.0987E-04
  3.3166E+01  9.1732E-04
  3.3178E+01  9.1713E-04
  3.3190E+01  9.0920E-04
  3.3202E+01  8.9362E-04
  3.3214E+01  8.7068E-04
  3.3226E+01  8.4088E-04
  3.3237E+01  8.0489E-04
  3.3249E+01  7.6354E-04
  3.3261E+01  7.1780E-04
  3.3273E+01  6.6875E-04
  3.3285E+01  6.1751E-04
  3.3297E+01  5.6526E-04
  3.3309E+01  5.1313E-04
  3.3321E+01  4.6224E-04
  3.3333E+01  4.1360E-04
  3.3345E+01  3.6810E-04
  3.3357E+01  3.2650E-04
  3.3368E+01  2.8939E-04
  3.3380E+01  2.5717E-04
  3.3392E+01  2.3009E-04
  3.3404E+01  2.0816E-04
  3.3416E+01  1.9126E-04
  3.3428E+01  1.7906E-04
  3.3440E+01  1.7112E-04
  3.3452E+01  1.6686E-04
  3.3464E+01  1.6562E-04
  3.3476E+01  1.6666E-04
  3.3488E+01  1.6926E-04
  3.3499E+01  1.7268E-04
  3.3511E+01  1.7623E-04
  3.3523E+01  1.7931E-04
  3.3535E+01  1.8141E-04
  3.3547E+01  1.8213E-04
  3.3559E+01  1.8123E-04
  3.3571E+01  1.7859E-04
  3.3583E+01  1.7423E-04
  3.3595E+01  1.6834E-04
  3.3607E+01  1.6120E-04
  3.3619E+01  1.5322E-04
  3.3630E+01  1.4489E-04
  3.3642E+01  1.3677E-04
  3.3654E+01  1.2943E-04
  3.3666E+01  1.2348E-04
  3.3678E+01  1.1948E-04
  3.3690E+01  1.1795E-04
  3.3702E+01  1.1932E-04
  3.3714E+01  1.2393E-04
  3.3726E+01  1.3202E-04
  3.3738E+01  1.4367E-04
  3.3750E+01  1.5885E-04
  3.3761E+01  1.7741E-04
  3.3773E+01  1.9904E-04
  3.3785E+01  2.2335E-04
  3.3797E+01  2.4981E-04
  3.3809E+01  2.7782E-04
  3.3821E+01  3.0674E-04
  3.3833E+01  3.3585E-04
  3.3845E+01  3.6444E-04
  3.3857E+01  3.9181E-04
  3.3869E+01  4.1729E-04
  3.3881E+01  4.4026E-04
  3.3892E+01  4.6018E-04
  3.3904E+01  4.7661E-04
  3.3916E+01  4.8920E-04
  3.3928E+01  4.9773E-04
  3.3940E+01  5.0208E-04
  3.3952E+01  5.0223E-04
  3.3964E+01  4.9829E-04
  3.3976E+01  4.9045E-04
  3.3988E+01  4.7900E-04
  3.4000E+01  4.6427E-04
  3.4012E+01  4.4668E-04
  3.4023E+01  4.2668E-04
  3.4035E+01  4.0473E-04
  3.4047E+01  3.8131E-04
  3.4059E+01  3.5688E-04
  3.4071E+01  3.3192E-04
  3.4083E+01  3.0682E-04
  3.4095E+01  2.8198E-04
  3.4107E+01  2.5772E-04
  3.4119E+01  2.3434E-04
  3.4131E+01  2.1204E-04
  3.4143E+01  1.9101E-04
  3.4154E+01  1.7135E-04
  3.4166E+01  1.5314E-04
  3.4178E+01  1.3639E-04
  3.4190E+01  1.2110E-04
  3.4202E+01  1.0721E-04
  3.4214E+01  9.4648E-05
  3.4226E+01  8.3337E-05
  3.4238E+01  7.3176E-05
  3.4250E+01  6.4065E-05
  3.4262E+01  5.5905E-05
  3.4274E+01  4.8602E-05
  3.4285E+01  4.2070E-05
  3.4297E+01  3.6233E-05
  3.4309E+01  3.1024E-05
  3.4321E+01  2.6388E-05
  3.4333E+01  2.2278E-05
  3.4345E+01  1.8656E-05
  3.4357E+01  1.5491E-05
  3.4369E+01  1.2755E-05
  3.4381E+01  1.0425E-05
  3.4393E+01  8.4754E-06
  3.4405E+01  6.8845E-06
  3.4416E+01  5.6267E-06
  3.4428E+01  4.6753E-06
  3.4440E+01  4.0008E-06
  3.4452E+01  3.5720E-06
  3.4464E+01  3.3560E-06
  3.4476E+01  3.3189E-06
  3.4488E+01  3.4271E-06
  3.4500E+01  3.6485E-06
  3.4512E+01  3.9532E-06
  3.4524E+01  4.3147E-06
  3.4536E+01  4.7110E-06
  3.4547E+01  5.1251E-06
  3.4559E+01  5.5453E-06
  3.4571E+01  5.9653E-06
  3.4583E+01  6.3839E-06
  3.4595E+01  6.8044E-06
  3.4607E+01  7.2338E-06
  3.4619E+01  7.6819E-06
  3.4631E+01  8.1597E-06
  3.4643E+01  8.6785E-06
  3.4655E+01  9.2487E-06
  3.4667E+01  9.8782E-06
  3.4678E+01  1.0572E-05
  3.4690E+01  1.1332E-05
  3.4702E+01  1.2154E-05
  3.4714E+01  1.3030E-05
  3.4726E+01  1.3950E-05
  3.4738E+01  1.4896E-05
  3.4750E+01  1.5850E-05
  3.4762E+01  1.6790E-05
  3.4774E+01  1.7694E-05
  3.4786E+01  1.8538E-05
  3.4798E+01  1.9301E-05
  3.4809E+01  1.9962E-05
  3.4821E+01  2.0507E-05
  3.4833E+01  2.0921E-05
  3.4845E+01  2.1198E-05
  3.4857E+01  2.1333E-05
  3.4869E+01  2.1330E-05
  3.4881E+01  2.1195E-05
  3.4893E+01  2.0938E-05
  3.4905E+01  2.0575E-05
  3.4917E+01  2.0124E-05
  3.4929E+01  1.9604E-05
  3.4940E+01  1.9037E-05
  3.4952E+01  1.8442E-05
  3.4964E+01  1.7841E-05
  3.4976E+01  1.7250E-05
  3.4988E+01  1.6684E-05
  3.5000E+01  1.6156E-05
