  -17.50000      1.2247637E-03
  -17.49000      1.2374353E-03
  -17.48000      1.2362950E-03
  -17.47000      1.2517850E-03
  -17.46000      1.2508925E-03
  -17.45000      1.2578556E-03
  -17.44000      1.2529859E-03
  -17.43000      1.2434217E-03
  -17.42000      1.2353936E-03
  -17.41000      1.2298798E-03
  -17.40000      1.1910083E-03
  -17.39000      1.1868536E-03
  -17.38000      1.2014401E-03
  -17.37000      1.2163849E-03
  -17.36000      1.2325702E-03
  -17.35000      1.2322101E-03
  -17.34000      1.2533102E-03
  -17.33000      1.2874021E-03
  -17.32000      1.3450307E-03
  -17.31000      1.3955670E-03
  -17.30000      1.4659376E-03
  -17.29000      1.5457852E-03
  -17.28000      1.6364763E-03
  -17.27000      1.8157435E-03
  -17.26000      2.0957338E-03
  -17.25000      2.2740171E-03
  -17.24000      2.2641195E-03
  -17.23000      2.3898918E-03
  -17.22000      2.6927646E-03
  -17.21000      2.9714650E-03
  -17.20000      3.1730775E-03
  -17.19000      3.3699824E-03
  -17.18000      3.5503784E-03
  -17.17000      3.6980431E-03
  -17.16000      3.8315353E-03
  -17.15000      3.9177332E-03
  -17.14000      3.9718654E-03
  -17.13000      4.0089809E-03
  -17.12000      3.9973925E-03
  -17.11000      3.9502010E-03
  -17.10000      3.8887390E-03
  -17.09000      3.7778816E-03
  -17.08000      3.6460361E-03
  -17.07000      3.5427974E-03
  -17.06000      3.3911152E-03
  -17.05000      3.1548855E-03
  -17.04000      2.8751637E-03
  -17.03000      2.6011448E-03
  -17.02000      2.3383347E-03
  -17.01000      2.0794787E-03
  -17.00000      1.8303439E-03
  -16.99000      1.5920970E-03
  -16.98000      1.3657287E-03
  -16.97000      1.1555527E-03
  -16.96000      9.6372131E-04
  -16.95000      7.9222751E-04
  -16.94000      6.4245757E-04
  -16.93000      5.1528460E-04
  -16.92000      4.1038549E-04
  -16.91000      3.2743279E-04
  -16.90000      2.6501305E-04
  -16.89000      2.2162999E-04
  -16.88000      1.9518480E-04
  -16.87000      1.8326499E-04
  -16.86000      1.8324640E-04
  -16.85000      1.9232146E-04
  -16.84000      2.0789362E-04
  -16.83000      2.2732928E-04
  -16.82000      2.4824904E-04
  -16.81000      2.6841130E-04
  -16.80000      2.8599263E-04
  -16.79000      2.9954716E-04
  -16.78000      3.0792845E-04
  -16.77000      3.1050085E-04
  -16.76000      3.0694489E-04
  -16.75000      2.9734999E-04
  -16.74000      2.8212342E-04
  -16.73000      2.6201564E-04
  -16.72000      2.3797948E-04
  -16.71000      2.1111532E-04
  -16.70000      1.8276239E-04
  -16.69000      1.5407972E-04
  -16.68000      1.2644791E-04
  -16.67000      1.0090846E-04
  -16.66000      7.8474659E-05
  -16.65000      5.9931524E-05
  -16.64000      4.5896901E-05
  -16.63000      3.6677109E-05
  -16.62000      3.2408465E-05
  -16.61000      3.2943575E-05
  -16.60000      3.7956059E-05
  -16.59000      4.6908735E-05
  -16.58000      5.9167469E-05
  -16.57000      7.3927287E-05
  -16.56000      9.0467758E-05
  -16.55000      1.0793444E-04
  -16.54000      1.2567542E-04
  -16.53000      1.4309230E-04
  -16.52000      1.5976142E-04
  -16.51000      1.7546782E-04
  -16.50000      1.9017833E-04
  -16.49000      2.0410704E-04
  -16.48000      2.1773993E-04
  -16.47000      2.3170117E-04
  -16.46000      2.4687202E-04
  -16.45000      2.6425457E-04
  -16.44000      2.8492181E-04
  -16.43000      3.1009165E-04
  -16.42000      3.4085350E-04
  -16.41000      3.7824980E-04
  -16.40000      4.2320692E-04
  -16.39000      4.7634955E-04
  -16.38000      5.3825148E-04
  -16.37000      6.0895347E-04
  -16.36000      6.8826211E-04
  -16.35000      7.7559572E-04
  -16.34000      8.7005139E-04
  -16.33000      9.7020430E-04
  -16.32000      1.0746379E-03
  -16.31000      1.1808582E-03
  -16.30000      1.2870221E-03
  -16.29000      1.3903721E-03
  -16.28000      1.4884844E-03
  -16.27000      1.5789105E-03
  -16.26000      1.6587578E-03
  -16.25000      1.7261010E-03
  -16.24000      1.7785713E-03
  -16.23000      1.8146168E-03
  -16.22000      1.8330648E-03
  -16.21000      1.8327140E-03
  -16.20000      1.8134014E-03
  -16.19000      1.7751754E-03
  -16.18000      1.7189096E-03
  -16.17000      1.6456078E-03
  -16.16000      1.5573767E-03
  -16.15000      1.4559662E-03
  -16.14000      1.3441731E-03
  -16.13000      1.2245598E-03
  -16.12000      1.1003377E-03
  -16.11000      9.7418396E-04
  -16.10000      8.4966113E-04
  -16.09000      7.2909635E-04
  -16.08000      6.1595085E-04
  -16.07000      5.1230914E-04
  -16.06000      4.2036793E-04
  -16.05000      3.4193450E-04
  -16.04000      2.7787610E-04
  -16.03000      2.2914857E-04
  -16.02000      1.9553832E-04
  -16.01000      1.7667205E-04
  -16.00000      1.7148496E-04
  -15.99000      1.7852645E-04
  -15.98000      1.9599918E-04
  -15.97000      2.2166500E-04
  -15.96000      2.5331450E-04
  -15.95000      2.8835540E-04
  -15.94000      3.2439758E-04
  -15.93000      3.5900957E-04
  -15.92000      3.8996173E-04
  -15.91000      4.1542485E-04
  -15.90000      4.3374384E-04
  -15.89000      4.4379823E-04
  -15.88000      4.4488086E-04
  -15.87000      4.3676348E-04
  -15.86000      4.1965529E-04
  -15.85000      3.9424672E-04
  -15.84000      3.6162647E-04
  -15.83000      3.2320965E-04
  -15.82000      2.8072181E-04
  -15.81000      2.3606159E-04
  -15.80000      1.9120240E-04
  -15.79000      1.4826942E-04
  -15.78000      1.0903266E-04
  -15.77000      7.5318858E-05
  -15.76000      4.8485334E-05
  -15.75000      2.9602330E-05
  -15.74000      1.9374620E-05
  -15.73000      1.7992341E-05
  -15.72000      2.5260657E-05
  -15.71000      4.0569113E-05
  -15.70000      6.2889805E-05
  -15.69000      9.0885405E-05
  -15.68000      1.2290853E-04
  -15.67000      1.5728723E-04
  -15.66000      1.9199445E-04
  -15.65000      2.2535694E-04
  -15.64000      2.5553379E-04
  -15.63000      2.8120319E-04
  -15.62000      3.0134138E-04
  -15.61000      3.1528744E-04
  -15.60000      3.2308316E-04
  -15.59000      3.2522186E-04
  -15.58000      3.2289242E-04
  -15.57000      3.1788077E-04
  -15.56000      3.1253355E-04
  -15.55000      3.0974403E-04
  -15.54000      3.1285142E-04
  -15.53000      3.2550021E-04
  -15.52000      3.5161572E-04
  -15.51000      3.9505865E-04
  -15.50000      4.5954669E-04
  -15.49000      5.4875028E-04
  -15.48000      6.6528429E-04
  -15.47000      8.1218581E-04
  -15.46000      9.9044538E-04
  -15.45000      1.2010641E-03
  -15.44000      1.4429394E-03
  -15.43000      1.7164438E-03
  -15.42000      2.0189786E-03
  -15.41000      2.3467233E-03
  -15.40000      2.6944487E-03
  -15.39000      3.0577513E-03
  -15.38000      3.4289311E-03
  -15.37000      3.8016804E-03
  -15.36000      4.1677114E-03
  -15.35000      4.5193774E-03
  -15.34000      4.8490223E-03
  -15.33000      5.1491060E-03
  -15.32000      5.4118396E-03
  -15.31000      5.6314748E-03
  -15.30000      5.8017587E-03
  -15.29000      5.9186225E-03
  -15.28000      5.9786895E-03
  -15.27000      5.9797489E-03
  -15.26000      5.9212605E-03
  -15.25000      5.8044535E-03
  -15.24000      5.6314250E-03
  -15.23000      5.4059937E-03
  -15.22000      5.1335483E-03
  -15.21000      4.8197699E-03
  -15.20000      4.4722226E-03
  -15.19000      4.0984536E-03
  -15.18000      3.7065959E-03
  -15.17000      3.3058512E-03
  -15.16000      2.9045844E-03
  -15.15000      2.5104687E-03
  -15.14000      2.1327378E-03
  -15.13000      1.7772169E-03
  -15.12000      1.4517204E-03
  -15.11000      1.1602999E-03
  -15.10000      9.0675574E-04
  -15.09000      6.9421344E-04
  -15.08000      5.2285427E-04
  -15.07000      3.9312534E-04
  -15.06000      3.0281939E-04
  -15.05000      2.4925146E-04
  -15.04000      2.2864211E-04
  -15.03000      2.3638386E-04
  -15.02000      2.6743126E-04
  -15.01000      3.1597703E-04
  -15.00000      3.7661183E-04
  -14.99000      4.4340434E-04
  -14.98000      5.1107281E-04
  -14.97000      5.7482190E-04
  -14.96000      6.3023373E-04
  -14.95000      6.7418325E-04
  -14.94000      7.0395297E-04
  -14.93000      7.1819045E-04
  -14.92000      7.1631192E-04
  -14.91000      6.9871749E-04
  -14.90000      6.6665490E-04
  -14.89000      6.2206888E-04
  -14.88000      5.6763657E-04
  -14.87000      5.0617359E-04
  -14.86000      4.4105161E-04
  -14.85000      3.7541744E-04
  -14.84000      3.1234644E-04
  -14.83000      2.5470287E-04
  -14.82000      2.0442628E-04
  -14.81000      1.6330669E-04
  -14.80000      1.3204763E-04
  -14.79000      1.1084270E-04
  -14.78000      9.9017117E-05
  -14.77000      9.5279094E-05
  -14.76000      9.7775839E-05
  -14.75000      1.0421780E-04
  -14.74000      1.1211373E-04
  -14.73000      1.1894350E-04
  -14.72000      1.2245029E-04
  -14.71000      1.2088408E-04
  -14.70000      1.1326110E-04
  -14.69000      9.9635174E-05
  -14.68000      8.1315367E-05
  -14.67000      6.1012106E-05
  -14.66000      4.2954915E-05
  -14.65000      3.3061337E-05
  -14.64000      3.8725888E-05
  -14.63000      6.8812646E-05
  -14.62000      1.3373124E-04
  -14.61000      2.4529305E-04
  -14.60000      4.1552779E-04
  -14.59000      6.5720378E-04
  -14.58000      9.8395429E-04
  -14.57000      1.4062555E-03
  -14.56000      1.9377959E-03
  -14.55000      2.5859072E-03
  -14.54000      3.3603825E-03
  -14.53000      4.2657689E-03
  -14.52000      5.3055543E-03
  -14.51000      6.4756530E-03
  -14.50000      7.7772620E-03
  -14.49000      9.1947298E-03
  -14.48000      1.0723866E-02
  -14.47000      1.2339618E-02
  -14.46000      1.4025192E-02
  -14.45000      1.5757414E-02
  -14.44000      1.7503928E-02
  -14.43000      1.9243261E-02
  -14.42000      2.0935023E-02
  -14.41000      2.2552693E-02
  -14.40000      2.4061188E-02
  -14.39000      2.5431976E-02
  -14.38000      2.6632236E-02
  -14.37000      2.7636854E-02
  -14.36000      2.8416334E-02
  -14.35000      2.8954223E-02
  -14.34000      2.9231690E-02
  -14.33000      2.9236220E-02
  -14.32000      2.8961906E-02
  -14.31000      2.8410854E-02
  -14.30000      2.7586190E-02
  -14.29000      2.6504826E-02
  -14.28000      2.5180912E-02
  -14.27000      2.3645299E-02
  -14.26000      2.1924617E-02
  -14.25000      2.0056374E-02
  -14.24000      1.8076722E-02
  -14.23000      1.6029947E-02
  -14.22000      1.3955667E-02
  -14.21000      1.1901808E-02
  -14.20000      9.9098319E-03
  -14.19000      8.0203498E-03
  -14.18000      6.2769507E-03
  -14.17000      4.7085066E-03
  -14.16000      3.3486804E-03
  -14.15000      2.2182299E-03
  -14.14000      1.3337380E-03
  -14.13000      7.0703641E-04
  -14.12000      3.3731162E-04
  -14.11000      2.2149105E-04
  -14.10000      3.4753926E-04
  -14.09000      6.9712935E-04
  -14.08000      1.2460678E-03
  -14.07000      1.9632331E-03
  -14.06000      2.8170568E-03
  -14.05000      3.7652091E-03
  -14.04000      4.7709406E-03
  -14.03000      5.7886690E-03
  -14.02000      6.7783510E-03
  -14.01000      7.7026584E-03
  -14.00000      8.5204821E-03
  -13.99000      9.2043420E-03
  -13.98000      9.7229239E-03
  -13.97000      1.0058577E-02
  -13.96000      1.0196516E-02
  -13.95000      1.0129954E-02
  -13.94000      9.8604215E-03
  -13.93000      9.3955770E-03
  -13.92000      8.7540327E-03
  -13.91000      7.9561621E-03
  -13.90000      7.0350487E-03
  -13.89000      6.0265935E-03
  -13.88000      4.9700881E-03
  -13.87000      3.9142794E-03
  -13.86000      2.9003264E-03
  -13.85000      1.9822198E-03
  -13.84000      1.2042302E-03
  -13.83000      6.1452860E-04
  -13.82000      2.5489216E-04
  -13.81000      1.6506626E-04
  -13.80000      3.7898618E-04
  -13.79000      9.2269620E-04
  -13.78000      1.8174784E-03
  -13.77000      3.0731389E-03
  -13.76000      4.6897717E-03
  -13.75000      6.6607120E-03
  -13.74000      8.9728413E-03
  -13.73000      1.1600719E-02
  -13.72000      1.4518195E-02
  -13.71000      1.7677320E-02
  -13.70000      2.1044349E-02
  -13.69000      2.4562702E-02
  -13.68000      2.8181652E-02
  -13.67000      3.1848799E-02
  -13.66000      3.5491161E-02
  -13.65000      3.9061524E-02
  -13.64000      4.2494539E-02
  -13.63000      4.5733310E-02
  -13.62000      4.8729911E-02
  -13.61000      5.1425502E-02
  -13.60000      5.3785209E-02
  -13.59000      5.5772439E-02
  -13.58000      5.7353511E-02
  -13.57000      5.8516283E-02
  -13.56000      5.9237938E-02
  -13.55000      5.9519961E-02
  -13.54000      5.9366196E-02
  -13.53000      5.8785696E-02
  -13.52000      5.7797465E-02
  -13.51000      5.6427702E-02
  -13.50000      5.4709598E-02
  -13.49000      5.2675158E-02
  -13.48000      5.0371453E-02
  -13.47000      4.7831606E-02
  -13.46000      4.5108832E-02
  -13.45000      4.2241931E-02
  -13.44000      3.9275706E-02
  -13.43000      3.6252458E-02
  -13.42000      3.3213362E-02
  -13.41000      3.0191114E-02
  -13.40000      2.7231777E-02
  -13.39000      2.4353711E-02
  -13.38000      2.1598240E-02
  -13.37000      1.8983722E-02
  -13.36000      1.6527971E-02
  -13.35000      1.4253674E-02
  -13.34000      1.2160084E-02
  -13.33000      1.0263843E-02
  -13.32000      8.5591124E-03
  -13.31000      7.0480271E-03
  -13.30000      5.7219495E-03
  -13.29000      4.5751464E-03
  -13.28000      3.5952304E-03
  -13.27000      2.7729860E-03
  -13.26000      2.0912844E-03
  -13.25000      1.5382795E-03
  -13.24000      1.0979702E-03
  -13.23000      7.5575785E-04
  -13.22000      4.9787184E-04
  -13.21000      3.0926475E-04
  -13.20000      1.7802991E-04
  -13.19000      9.1938360E-05
  -13.18000      4.0900435E-05
  -13.17000      1.5684134E-05
  -13.16000      8.6681066E-06
  -13.15000      1.3501472E-05
  -13.14000      2.5114909E-05
  -13.13000      3.9615821E-05
  -13.12000      5.4148801E-05
  -13.11000      6.6797824E-05
  -13.10000      7.6451914E-05
  -13.09000      8.2562932E-05
  -13.08000      8.5169348E-05
  -13.07000      8.4599735E-05
  -13.06000      8.1452221E-05
  -13.05000      7.6403157E-05
  -13.04000      7.0208909E-05
  -13.03000      6.3537402E-05
  -13.02000      5.7021134E-05
  -13.01000      5.1143834E-05
  -13.00000      4.6253990E-05
  -12.99000      4.2639946E-05
  -12.98000      4.0431678E-05
  -12.97000      3.9697170E-05
  -12.96000      4.0438197E-05
  -12.95000      4.2645384E-05
  -12.94000      4.6304671E-05
  -12.93000      5.1451651E-05
  -12.92000      5.8176065E-05
  -12.91000      6.6659799E-05
  -12.90000      7.7129749E-05
  -12.89000      8.9981913E-05
  -12.88000      1.0556816E-04
  -12.87000      1.2446614E-04
  -12.86000      1.4711596E-04
  -12.85000      1.7405816E-04
  -12.84000      2.0585177E-04
  -12.83000      2.4282184E-04
  -12.82000      2.8550494E-04
  -12.81000      3.3393488E-04
  -12.80000      3.8831070E-04
  -12.79000      4.4844262E-04
  -12.78000      5.1420007E-04
  -12.77000      5.8492552E-04
  -12.76000      6.6016108E-04
  -12.75000      7.3867774E-04
  -12.74000      8.1981299E-04
  -12.73000      9.0204587E-04
  -12.72000      9.8410994E-04
  -12.71000      1.0645984E-03
  -12.70000      1.1417500E-03
  -12.69000      1.2143385E-03
  -12.68000      1.2807793E-03
  -12.67000      1.3397201E-03
  -12.66000      1.3899734E-03
  -12.65000      1.4305416E-03
  -12.64000      1.4605264E-03
  -12.63000      1.4795203E-03
  -12.62000      1.4870384E-03
  -12.61000      1.4830576E-03
  -12.60000      1.4676823E-03
  -12.59000      1.4413941E-03
  -12.58000      1.4046887E-03
  -12.57000      1.3584966E-03
  -12.56000      1.3037378E-03
  -12.55000      1.2416675E-03
  -12.54000      1.1734659E-03
  -12.53000      1.1003533E-03
  -12.52000      1.0239449E-03
  -12.51000      9.4519393E-04
  -12.50000      8.6569000E-04
  -12.49000      7.8648760E-04
  -12.48000      7.0871913E-04
  -12.47000      6.3356420E-04
  -12.46000      5.6182180E-04
  -12.45000      4.9413403E-04
  -12.44000      4.3130430E-04
  -12.43000      3.7357153E-04
  -12.42000      3.2137390E-04
  -12.41000      2.7474671E-04
  -12.40000      2.3357925E-04
  -12.39000      1.9786702E-04
  -12.38000      1.6717904E-04
  -12.37000      1.4132218E-04
  -12.36000      1.1977796E-04
  -12.35000      1.0214299E-04
  -12.34000      8.7922075E-05
  -12.33000      7.6664684E-05
  -12.32000      6.7879519E-05
  -12.31000      6.1147824E-05
  -12.30000      5.6024179E-05
  -12.29000      5.2157342E-05
  -12.28000      4.9207643E-05
  -12.27000      4.6890498E-05
  -12.26000      4.4974688E-05
  -12.25000      4.3257238E-05
  -12.24000      4.1603249E-05
  -12.23000      3.9896975E-05
  -12.22000      3.8072747E-05
  -12.21000      3.6083198E-05
  -12.20000      3.3918222E-05
  -12.19000      3.1573622E-05
  -12.18000      2.9082683E-05
  -12.17000      2.6473530E-05
  -12.16000      2.3802835E-05
  -12.15000      2.1132066E-05
  -12.14000      1.8529840E-05
  -12.13000      1.6065842E-05
  -12.12000      1.3833582E-05
  -12.11000      1.1923622E-05
  -12.10000      1.0450792E-05
  -12.09000      9.5264977E-06
  -12.08000      9.2837336E-06
  -12.07000      9.8571345E-06
  -12.06000      1.1402073E-05
  -12.05000      1.4069066E-05
  -12.04000      1.8024868E-05
  -12.03000      2.3431630E-05
  -12.02000      3.0450141E-05
  -12.01000      3.9263876E-05
  -12.00000      4.9999569E-05
  -11.99000      6.2821411E-05
  -11.98000      7.7875906E-05
  -11.97000      9.5268588E-05
  -11.96000      1.1515510E-04
  -11.95000      1.3758698E-04
  -11.94000      1.6264078E-04
  -11.93000      1.9046493E-04
  -11.92000      2.2098277E-04
  -11.91000      2.5433867E-04
  -11.90000      2.9042008E-04
  -11.89000      3.2924840E-04
  -11.88000      3.7086557E-04
  -11.87000      4.1507545E-04
  -11.86000      4.6195841E-04
  -11.85000      5.1125040E-04
  -11.84000      5.6294072E-04
  -11.83000      6.1683985E-04
  -11.82000      6.7280052E-04
  -11.81000      7.3047919E-04
  -11.80000      7.8987022E-04
  -11.79000      8.5031148E-04
  -11.78000      9.1174169E-04
  -11.77000      9.7357575E-04
  -11.76000      1.0352635E-03
  -11.75000      1.0964760E-03
  -11.74000      1.1563796E-03
  -11.73000      1.2146484E-03
  -11.72000      1.2703548E-03
  -11.71000      1.3228467E-03
  -11.70000      1.3714875E-03
  -11.69000      1.4155088E-03
  -11.68000      1.4540376E-03
  -11.67000      1.4864187E-03
  -11.66000      1.5117130E-03
  -11.65000      1.5293829E-03
  -11.64000      1.5387415E-03
  -11.63000      1.5391578E-03
  -11.62000      1.5302477E-03
  -11.61000      1.5118236E-03
  -11.60000      1.4836038E-03
  -11.59000      1.4458206E-03
  -11.58000      1.3985953E-03
  -11.57000      1.3424845E-03
  -11.56000      1.2781194E-03
  -11.55000      1.2062587E-03
  -11.54000      1.1279200E-03
  -11.53000      1.0443642E-03
  -11.52000      9.5676497E-04
  -11.51000      8.6664769E-04
  -11.50000      7.7543524E-04
  -11.49000      6.8445026E-04
  -11.48000      5.9552508E-04
  -11.47000      5.0975103E-04
  -11.46000      4.2865091E-04
  -11.45000      3.5333188E-04
  -11.44000      2.8464565E-04
  -11.43000      2.2364395E-04
  -11.42000      1.7074627E-04
  -11.41000      1.2641438E-04
  -11.40000      9.0795831E-05
  -11.39000      6.3775507E-05
  -11.38000      4.5134482E-05
  -11.37000      3.4308006E-05
  -11.36000      3.0615585E-05
  -11.35000      3.3185650E-05
  -11.34000      4.1021249E-05
  -11.33000      5.2974159E-05
  -11.32000      6.7987370E-05
  -11.31000      8.4915358E-05
  -11.30000      1.0268404E-04
  -11.29000      1.2024045E-04
  -11.28000      1.3675960E-04
  -11.27000      1.5140786E-04
  -11.26000      1.6366462E-04
  -11.25000      1.7304864E-04
  -11.24000      1.7933000E-04
  -11.23000      1.8245433E-04
  -11.22000      1.8251651E-04
  -11.21000      1.7974064E-04
  -11.20000      1.7450497E-04
  -11.19000      1.6723930E-04
  -11.18000      1.5845749E-04
  -11.17000      1.4866282E-04
  -11.16000      1.3837843E-04
  -11.15000      1.2805765E-04
  -11.14000      1.1817109E-04
  -11.13000      1.0901032E-04
  -11.12000      1.0088975E-04
  -11.11000      9.3988834E-05
  -11.10000      8.8455243E-05
  -11.09000      8.4412670E-05
  -11.08000      8.1956852E-05
  -11.07000      8.1287231E-05
  -11.06000      8.2666171E-05
  -11.05000      8.6560169E-05
  -11.04000      9.3656534E-05
  -11.03000      1.0491822E-04
  -11.02000      1.2174294E-04
  -11.01000      1.4577786E-04
  -11.00000      1.7927868E-04
  -10.99000      2.2485615E-04
  -10.98000      2.8553425E-04
  -10.97000      3.6504466E-04
  -10.96000      4.6694803E-04
  -10.95000      5.9567933E-04
  -10.94000      7.5548358E-04
  -10.93000      9.5059746E-04
  -10.92000      1.1859518E-03
  -10.91000      1.4646569E-03
  -10.90000      1.7915134E-03
  -10.89000      2.1689062E-03
  -10.88000      2.5994421E-03
  -10.87000      3.0846652E-03
  -10.86000      3.6240979E-03
  -10.85000      4.2161453E-03
  -10.84000      4.8601092E-03
  -10.83000      5.5489088E-03
  -10.82000      6.2791468E-03
  -10.81000      7.0412653E-03
  -10.80000      7.8258151E-03
  -10.79000      8.6254636E-03
  -10.78000      9.4240559E-03
  -10.77000      1.0212533E-02
  -10.76000      1.0973546E-02
  -10.75000      1.1695035E-02
  -10.74000      1.2360799E-02
  -10.73000      1.2956760E-02
  -10.72000      1.3467093E-02
  -10.71000      1.3879629E-02
  -10.70000      1.4180293E-02
  -10.69000      1.4360057E-02
  -10.68000      1.4409946E-02
  -10.67000      1.4324939E-02
  -10.66000      1.4102177E-02
  -10.65000      1.3743951E-02
  -10.64000      1.3251256E-02
  -10.63000      1.2634948E-02
  -10.62000      1.1902926E-02
  -10.61000      1.1070362E-02
  -10.60000      1.0152190E-02
  -10.59000      9.1691883E-03
  -10.58000      8.1374347E-03
  -10.57000      7.0848367E-03
  -10.56000      6.0312534E-03
  -10.55000      5.0024153E-03
  -10.54000      4.0230304E-03
  -10.53000      3.1153804E-03
  -10.52000      2.2974713E-03
  -10.51000      1.5906686E-03
  -10.50000      1.0084993E-03
  -10.49000      5.6702556E-04
  -10.48000      2.7250382E-04
  -10.47000      1.3140807E-04
  -10.46000      1.4282520E-04
  -10.45000      3.0345537E-04
  -10.44000      6.0332404E-04
  -10.43000      1.0293965E-03
  -10.42000      1.5633589E-03
  -10.41000      2.1837791E-03
  -10.40000      2.8676405E-03
  -10.39000      3.5866539E-03
  -10.38000      4.3134880E-03
  -10.37000      5.0211060E-03
  -10.36000      5.6796004E-03
  -10.35000      6.2651099E-03
  -10.34000      6.7507406E-03
  -10.33000      7.1166358E-03
  -10.32000      7.3459274E-03
  -10.31000      7.4254125E-03
  -10.30000      7.3489486E-03
  -10.29000      7.1154814E-03
  -10.28000      6.7320070E-03
  -10.27000      6.2095975E-03
  -10.26000      5.5691428E-03
  -10.25000      4.8342785E-03
  -10.24000      4.0383930E-03
  -10.23000      3.2173155E-03
  -10.22000      2.4118985E-03
  -10.21000      1.6670298E-03
  -10.20000      1.0304553E-03
  -10.19000      5.4912356E-04
  -10.18000      2.7299015E-04
  -10.17000      2.4698055E-04
  -10.16000      5.1597663E-04
  -10.15000      1.1168993E-03
  -10.14000      2.0859530E-03
  -10.13000      3.4441424E-03
  -10.12000      5.2177622E-03
  -10.11000      7.4100089E-03
  -10.10000      1.0023943E-02
  -10.09000      1.3052854E-02
  -10.08000      1.6484259E-02
  -10.07000      2.0281631E-02
  -10.06000      2.4420777E-02
  -10.05000      2.8836194E-02
  -10.04000      3.3490378E-02
  -10.03000      3.8313545E-02
  -10.02000      4.3231301E-02
  -10.01000      4.8180871E-02
  -10.00000      5.3055748E-02
  -9.990000      5.7824731E-02
  -9.980000      6.2387634E-02
  -9.970000      6.6671051E-02
  -9.960000      7.0607252E-02
  -9.950000      7.4132033E-02
  -9.940000      7.7185556E-02
  -9.930000      7.9725944E-02
  -9.920000      8.1705309E-02
  -9.910000      8.3098054E-02
  -9.900000      8.3886258E-02
  -9.890000      8.4057257E-02
  -9.880000      8.3614610E-02
  -9.870000      8.2567535E-02
  -9.860000      8.0940709E-02
  -9.850000      7.8765266E-02
  -9.840000      7.6079100E-02
  -9.830000      7.2932228E-02
  -9.820000      6.9376409E-02
  -9.810000      6.5479048E-02
  -9.800000      6.1300572E-02
  -9.790000      5.6908656E-02
  -9.780000      5.2373495E-02
  -9.770000      4.7765769E-02
  -9.760000      4.3150704E-02
  -9.750000      3.8594276E-02
  -9.740000      3.4155756E-02
  -9.730000      2.9889435E-02
  -9.720000      2.5840348E-02
  -9.710000      2.2049656E-02
  -9.700000      1.8548064E-02
  -9.690000      1.5359920E-02
  -9.680000      1.2498577E-02
  -9.670000      9.9719660E-03
  -9.660000      7.7801887E-03
  -9.650000      5.9169889E-03
  -9.640000      4.3675792E-03
  -9.630000      3.1148551E-03
  -9.620000      2.1353676E-03
  -9.610000      1.4032838E-03
  -9.600000      8.8963605E-04
  -9.590000      5.6421384E-04
  -9.580000      3.9603226E-04
  -9.570000      3.5440369E-04
  -9.560000      4.0960824E-04
  -9.550000      5.3391320E-04
  -9.540000      7.0178037E-04
  -9.530000      8.9078298E-04
  -9.520000      1.0816166E-03
  -9.510000      1.2586890E-03
  -9.500000      1.4096649E-03
  -9.490000      1.5260705E-03
  -9.480000      1.6025909E-03
  -9.470000      1.6369342E-03
  -9.460000      1.6297135E-03
  -9.450000      1.5835061E-03
  -9.440000      1.5030487E-03
  -9.430000      1.3941983E-03
  -9.420000      1.2638662E-03
  -9.410000      1.1191489E-03
  -9.400000      9.6735009E-04
  -9.390000      8.1527012E-04
  -9.380000      6.6906371E-04
  -9.370000      5.3387095E-04
  -9.360000      4.1377565E-04
  -9.350000      3.1154384E-04
  -9.340000      2.2868488E-04
  -9.330000      1.6551225E-04
  -9.320000      1.2119167E-04
  -9.310000      9.3882198E-05
  -9.300000      8.1052320E-05
  -9.290000      7.9615071E-05
  -9.280000      8.6238600E-05
  -9.270000      9.7596698E-05
  -9.260000      1.1060116E-04
  -9.250000      1.2264798E-04
  -9.240000      1.3178408E-04
  -9.230000      1.3688770E-04
  -9.220000      1.3771302E-04
  -9.210000      1.3498550E-04
  -9.200000      1.3036863E-04
  -9.190000      1.2639252E-04
  -9.180000      1.2634936E-04
  -9.170000      1.3412976E-04
  -9.160000      1.5402179E-04
  -9.150000      1.9048099E-04
  -9.140000      2.4788757E-04
  -9.130000      3.3026599E-04
  -9.120000      4.4108764E-04
  -9.110000      5.8297964E-04
  -9.100000      7.5757038E-04
  -9.090000      9.6522225E-04
  -9.080000      1.2051702E-03
  -9.070000      1.4751273E-03
  -9.060000      1.7716041E-03
  -9.050000      2.0897042E-03
  -9.040000      2.4235114E-03
  -9.030000      2.7658504E-03
  -9.020000      3.1091331E-03
  -9.010000      3.4446833E-03
  -9.000000      3.7642720E-03
  -8.990000      4.0590623E-03
  -8.980000      4.3206080E-03
  -8.970000      4.5412793E-03
  -8.960000      4.7141896E-03
  -8.950000      4.8338817E-03
  -8.940000      4.8958543E-03
  -8.930000      4.8972899E-03
  -8.920000      4.8374315E-03
  -8.910000      4.7169896E-03
  -8.900000      4.5386981E-03
  -8.890000      4.3068212E-03
  -8.880000      4.0274570E-03
  -8.870000      3.7079437E-03
  -8.860000      3.3570086E-03
  -8.850000      2.9840458E-03
  -8.840000      2.5992864E-03
  -8.830000      2.2127321E-03
  -8.820000      1.8345333E-03
  -8.810000      1.4742645E-03
  -8.800000      1.1406647E-03
  -8.790000      8.4156380E-04
  -8.780000      5.8329984E-04
  -8.770000      3.7069040E-04
  -8.760000      2.0703611E-04
  -8.750000      9.3803494E-05
  -8.740000      3.0851024E-05
  -8.730000      1.6254218E-05
  -8.720000      4.6547932E-05
  -8.710000      1.1684984E-04
  -8.700000      2.2110848E-04
  -8.690000      3.5219736E-04
  -8.680000      5.0237408E-04
  -8.670000      6.6366344E-04
  -8.660000      8.2784565E-04
  -8.650000      9.8715303E-04
  -8.640000      1.1342482E-03
  -8.630000      1.2627586E-03
  -8.620000      1.3672847E-03
  -8.610000      1.4437502E-03
  -8.600000      1.4894550E-03
  -8.590000      1.5029823E-03
  -8.580000      1.4845059E-03
  -8.570000      1.4354778E-03
  -8.560000      1.3585585E-03
  -8.550000      1.2576213E-03
  -8.540000      1.1372259E-03
  -8.530000      1.0028628E-03
  -8.520000      8.6015044E-04
  -8.510000      7.1494997E-04
  -8.500000      5.7310215E-04
  -8.490000      4.4001450E-04
  -8.480000      3.2041033E-04
  -8.470000      2.1827751E-04
  -8.460000      1.3660328E-04
  -8.450000      7.7268982E-05
  -8.440000      4.0972453E-05
  -8.430000      2.7237964E-05
  -8.420000      3.4446777E-05
  -8.410000      5.9996932E-05
  -8.400000      1.0036134E-04
  -8.390000      1.5136958E-04
  -8.380000      2.0843447E-04
  -8.370000      2.6677703E-04
  -8.360000      3.2165903E-04
  -8.350000      3.6875045E-04
  -8.340000      4.0431754E-04
  -8.330000      4.2538447E-04
  -8.320000      4.3007694E-04
  -8.310000      4.1757146E-04
  -8.300000      3.8839047E-04
  -8.290000      3.4434491E-04
  -8.280000      2.8850278E-04
  -8.270000      2.2516675E-04
  -8.260000      1.5969668E-04
  -8.250000      9.8350603E-05
  -8.240000      4.8005815E-05
  -8.230000      1.5880303E-05
  -8.220000      9.2021810E-06
  -8.210000      3.4908589E-05
  -8.200000      9.9248609E-05
  -8.190000      2.0754281E-04
  -8.180000      3.6388414E-04
  -8.170000      5.7077321E-04
  -8.160000      8.2907552E-04
  -8.150000      1.1378395E-03
  -8.140000      1.4940680E-03
  -8.130000      1.8932103E-03
  -8.120000      2.3283558E-03
  -8.110000      2.7915579E-03
  -8.100000      3.2727460E-03
  -8.090000      3.7612400E-03
  -8.080000      4.2450204E-03
  -8.070000      4.7117043E-03
  -8.060000      5.1489528E-03
  -8.050000      5.5444338E-03
  -8.040000      5.8868355E-03
  -8.030000      6.1660004E-03
  -8.020000      6.3729673E-03
  -8.010000      6.5011051E-03
  -8.000000      6.5459609E-03
  -7.990000      6.5051890E-03
  -7.980000      6.3791871E-03
  -7.970000      6.1710426E-03
  -7.960000      5.8859563E-03
  -7.950000      5.5318237E-03
  -7.940000      5.1182401E-03
  -7.930000      4.6568746E-03
  -7.920000      4.1602780E-03
  -7.910000      3.6423856E-03
  -7.900000      3.1173418E-03
  -7.890000      2.5990973E-03
  -7.880000      2.1014593E-03
  -7.870000      1.6373746E-03
  -7.860000      1.2179394E-03
  -7.850000      8.5303100E-04
  -7.840000      5.5040076E-04
  -7.830000      3.1554408E-04
  -7.820000      1.5162744E-04
  -7.810000      5.9259059E-05
  -7.800000      3.6562000E-05
  -7.790000      7.9369340E-05
  -7.780000      1.8124176E-04
  -7.770000      3.3380673E-04
  -7.760000      5.2727439E-04
  -7.750000      7.5057213E-04
  -7.740000      9.9202024E-04
  -7.730000      1.2397468E-03
  -7.720000      1.4820169E-03
  -7.710000      1.7078449E-03
  -7.700000      1.9074887E-03
  -7.690000      2.0724710E-03
  -7.680000      2.1962230E-03
  -7.670000      2.2740022E-03
  -7.660000      2.3031714E-03
  -7.650000      2.2832940E-03
  -7.640000      2.2160325E-03
  -7.630000      2.1048682E-03
  -7.620000      1.9553218E-03
  -7.610000      1.7740967E-03
  -7.600000      1.5693108E-03
  -7.590000      1.3497388E-03
  -7.580000      1.1246728E-03
  -7.570000      9.0314500E-04
  -7.560000      6.9390476E-04
  -7.550000      5.0466746E-04
  -7.540000      3.4189314E-04
  -7.530000      2.1070406E-04
  -7.520000      1.1433501E-04
  -7.510000      5.4137610E-05
  -7.500000      2.9635121E-05
  -7.490000      3.8495327E-05
  -7.480000      7.6718345E-05
  -7.470000      1.3892661E-04
  -7.460000      2.1861446E-04
  -7.450000      3.0863090E-04
  -7.440000      4.0147282E-04
  -7.430000      4.8991415E-04
  -7.420000      5.6723371E-04
  -7.410000      6.2795164E-04
  -7.400000      6.6795258E-04
  -7.390000      6.8504777E-04
  -7.380000      6.7919085E-04
  -7.370000      6.5262389E-04
  -7.360000      6.1009784E-04
  -7.350000      5.5866229E-04
  -7.340000      5.0775148E-04
  -7.330000      4.6866946E-04
  -7.320000      4.5442471E-04
  -7.310000      4.7903287E-04
  -7.300000      5.5716606E-04
  -7.290000      7.0336607E-04
  -7.280000      9.3145424E-04
  -7.270000      1.2538297E-03
  -7.260000      1.6809031E-03
  -7.250000      2.2202150E-03
  -7.240000      2.8765390E-03
  -7.230000      3.6501298E-03
  -7.220000      4.5383498E-03
  -7.210000      5.5335816E-03
  -7.200000      6.6242027E-03
  -7.190000      7.7939988E-03
  -7.180000      9.0230014E-03
  -7.170000      1.0287045E-02
  -7.160000      1.1559611E-02
  -7.150000      1.2811465E-02
  -7.140000      1.4011819E-02
  -7.130000      1.5128844E-02
  -7.120000      1.6132224E-02
  -7.110000      1.6992703E-02
  -7.100000      1.7683862E-02
  -7.090000      1.8182272E-02
  -7.080000      1.8470641E-02
  -7.070000      1.8535504E-02
  -7.060000      1.8370776E-02
  -7.050000      1.7975310E-02
  -7.040000      1.7355664E-02
  -7.030000      1.6524427E-02
  -7.020000      1.5500358E-02
  -7.010000      1.4308279E-02
  -7.000000      1.2977927E-02
  -6.990000      1.1544865E-02
  -6.980000      1.0046561E-02
  -6.970000      8.5241217E-03
  -6.960000      7.0196260E-03
  -6.950000      5.5750716E-03
  -6.940000      4.2317482E-03
  -6.930000      3.0276680E-03
  -6.920000      1.9974969E-03
  -6.910000      1.1701301E-03
  -6.900000      5.6915131E-04
  -6.890000      2.0975321E-04
  -6.880000      1.0003981E-04
  -6.870000      2.3963139E-04
  -6.860000      6.1969832E-04
  -6.850000      1.2236983E-03
  -6.840000      2.0266029E-03
  -6.830000      2.9974170E-03
  -6.820000      4.0982799E-03
  -6.810000      5.2877292E-03
  -6.800000      6.5201102E-03
  -6.790000      7.7487784E-03
  -6.780000      8.9260330E-03
  -6.770000      1.0006378E-02
  -6.760000      1.0947290E-02
  -6.750000      1.1709601E-02
  -6.740000      1.2261472E-02
  -6.730000      1.2578875E-02
  -6.720000      1.2644022E-02
  -6.710000      1.2451219E-02
  -6.700000      1.2002572E-02
  -6.690000      1.1311965E-02
  -6.680000      1.0403371E-02
  -6.670000      9.3099838E-03
  -6.660000      8.0751022E-03
  -6.650000      6.7491927E-03
  -6.640000      5.3899158E-03
  -6.630000      4.0597734E-03
  -6.620000      2.8240681E-03
  -6.610000      1.7499794E-03
  -6.600000      9.0320263E-04
  -6.590000      3.4740730E-04
  -6.580000      1.4101222E-04
  -6.570000      3.3701811E-04
  -6.560000      9.7989093E-04
  -6.550000      2.1045979E-03
  -6.540000      3.7368983E-03
  -6.530000      5.8892653E-03
  -6.520000      8.5641900E-03
  -6.510000      1.1748473E-02
  -6.500000      1.5419316E-02
  -6.490000      1.9538527E-02
  -6.480000      2.4059514E-02
  -6.470000      2.8921438E-02
  -6.460000      3.4055788E-02
  -6.450000      3.9387383E-02
  -6.440000      4.4832487E-02
  -6.430000      5.0306525E-02
  -6.420000      5.5720620E-02
  -6.410000      6.0988933E-02
  -6.400000      6.6028491E-02
  -6.390000      7.0759907E-02
  -6.380000      7.5112291E-02
  -6.370000      7.9015620E-02
  -6.360000      8.2419910E-02
  -6.350000      8.5274279E-02
  -6.340000      8.7543778E-02
  -6.330000      8.9200854E-02
  -6.320000      9.0232544E-02
  -6.310000      9.0633057E-02
  -6.300000      9.0407170E-02
  -6.290000      8.9575566E-02
  -6.280000      8.8157356E-02
  -6.270000      8.6191304E-02
  -6.260000      8.3722286E-02
  -6.250000      8.0797009E-02
  -6.240000      7.7475309E-02
  -6.230000      7.3812947E-02
  -6.220000      6.9876350E-02
  -6.210000      6.5730326E-02
  -6.200000      6.1439760E-02
  -6.190000      5.7065010E-02
  -6.180000      5.2667599E-02
  -6.170000      4.8302475E-02
  -6.160000      4.4020846E-02
  -6.150000      3.9863508E-02
  -6.140000      3.5869267E-02
  -6.130000      3.2069791E-02
  -6.120000      2.8488424E-02
  -6.110000      2.5142856E-02
  -6.100000      2.2045247E-02
  -6.090000      1.9199813E-02
  -6.080000      1.6608788E-02
  -6.070000      1.4269261E-02
  -6.060000      1.2174089E-02
  -6.050000      1.0311929E-02
  -6.040000      8.6710928E-03
  -6.030000      7.2366595E-03
  -6.020000      5.9928475E-03
  -6.010000      4.9233530E-03
  -6.000000      4.0109842E-03
  -5.990000      3.2391555E-03
  -5.980000      2.5913497E-03
  -5.970000      2.0524266E-03
  -5.960000      1.6077388E-03
  -5.950000      1.2441282E-03
  -5.940000      9.4965508E-04
  -5.930000      7.1377383E-04
  -5.920000      5.2701263E-04
  -5.910000      3.8138559E-04
  -5.900000      2.6989318E-04
  -5.890000      1.8664700E-04
  -5.880000      1.2662330E-04
  -5.870000      8.5562882E-05
  -5.860000      5.9825354E-05
  -5.850000      4.6308003E-05
  -5.840000      4.2312684E-05
  -5.830000      4.5488279E-05
  -5.820000      5.3769934E-05
  -5.810000      6.5345594E-05
  -5.800000      7.8631718E-05
  -5.790000      9.2283648E-05
  -5.780000      1.0518920E-04
  -5.770000      1.1649758E-04
  -5.760000      1.2563150E-04
  -5.750000      1.3231367E-04
  -5.740000      1.3655768E-04
  -5.730000      1.3867485E-04
  -5.720000      1.3926203E-04
  -5.710000      1.3918191E-04
  -5.700000      1.3952506E-04
  -5.690000      1.4155878E-04
  -5.680000      1.4667319E-04
  -5.670000      1.5631835E-04
  -5.660000      1.7194041E-04
  -5.650000      1.9490092E-04
  -5.640000      2.2639330E-04
  -5.630000      2.6743175E-04
  -5.620000      3.1869937E-04
  -5.610000      3.8062848E-04
  -5.600000      4.5325057E-04
  -5.590000      5.3622457E-04
  -5.580000      6.2880607E-04
  -5.570000      7.3000533E-04
  -5.560000      8.3842431E-04
  -5.550000      9.5245574E-04
  -5.540000      1.0702680E-03
  -5.530000      1.1899365E-03
  -5.520000      1.3093889E-03
  -5.510000      1.4267305E-03
  -5.500000      1.5400889E-03
  -5.490000      1.6476903E-03
  -5.480000      1.7479967E-03
  -5.470000      1.8397580E-03
  -5.460000      1.9218994E-03
  -5.450000      1.9936599E-03
  -5.440000      2.0544585E-03
  -5.430000      2.1040987E-03
  -5.420000      2.1424207E-03
  -5.410000      2.1696088E-03
  -5.400000      2.1859256E-03
  -5.390000      2.1916709E-03
  -5.380000      2.1873848E-03
  -5.370000      2.1734003E-03
  -5.360000      2.1502671E-03
  -5.350000      2.1183970E-03
  -5.340000      2.0781152E-03
  -5.330000      2.0297174E-03
  -5.320000      1.9733084E-03
  -5.310000      1.9092127E-03
  -5.300000      1.8374047E-03
  -5.290000      1.7580155E-03
  -5.280000      1.6711856E-03
  -5.270000      1.5771622E-03
  -5.260000      1.4762417E-03
  -5.250000      1.3689896E-03
  -5.240000      1.2561784E-03
  -5.230000      1.1388501E-03
  -5.220000      1.0183116E-03
  -5.210000      8.9621812E-04
  -5.200000      7.7444199E-04
  -5.190000      6.5518048E-04
  -5.180000      5.4073136E-04
  -5.170000      4.3363776E-04
  -5.160000      3.3635792E-04
  -5.150000      2.5137170E-04
  -5.140000      1.8089358E-04
  -5.130000      1.2686622E-04
  -5.120000      9.0767331E-05
  -5.110000      7.3611955E-05
  -5.100000      7.5772296E-05
  -5.090000      9.6986223E-05
  -5.080000      1.3629378E-04
  -5.070000      1.9205229E-04
  -5.060000      2.6198424E-04
  -5.050000      3.4320951E-04
  -5.040000      4.3233958E-04
  -5.030000      5.2566675E-04
  -5.020000      6.1914569E-04
  -5.010000      7.0871046E-04
  -5.000000      7.9032098E-04
  -4.990000      8.6025381E-04
  -4.980000      9.1513817E-04
  -4.970000      9.5221505E-04
  -4.960000      9.6952252E-04
  -4.950000      9.6585846E-04
  -4.940000      9.4108842E-04
  -4.930000      8.9600560E-04
  -4.920000      8.3244557E-04
  -4.910000      7.5316994E-04
  -4.900000      6.6182081E-04
  -4.890000      5.6270265E-04
  -4.880000      4.6063156E-04
  -4.870000      3.6068173E-04
  -4.860000      2.6799963E-04
  -4.850000      1.8743456E-04
  -4.840000      1.2342574E-04
  -4.830000      7.9666817E-05
  -4.820000      5.8962079E-05
  -4.810000      6.3020649E-05
  -4.800000      9.2360453E-05
  -4.790000      1.4619404E-04
  -4.780000      2.2246031E-04
  -4.770000      3.1793371E-04
  -4.760000      4.2810090E-04
  -4.750000      5.4762623E-04
  -4.740000      6.7047263E-04
  -4.730000      7.9025445E-04
  -4.720000      9.0049754E-04
  -4.710000      9.9524204E-04
  -4.700000      1.0692744E-03
  -4.690000      1.1185802E-03
  -4.680000      1.1408644E-03
  -4.670000      1.1354939E-03
  -4.660000      1.1041960E-03
  -4.650000      1.0509329E-03
  -4.640000      9.8192028E-04
  -4.630000      9.0573914E-04
  -4.620000      8.3303463E-04
  -4.610000      7.7643932E-04
  -4.600000      7.4989937E-04
  -4.590000      7.6850271E-04
  -4.580000      8.4783975E-04
  -4.570000      1.0032732E-03
  -4.560000      1.2494874E-03
  -4.550000      1.5994000E-03
  -4.540000      2.0640057E-03
  -4.530000      2.6509429E-03
  -4.520000      3.3645441E-03
  -4.510000      4.2047482E-03
  -4.500000      5.1668710E-03
  -4.490000      6.2422389E-03
  -4.480000      7.4159759E-03
  -4.470000      8.6700423E-03
  -4.460000      9.9811405E-03
  -4.450000      1.1323321E-02
  -4.440000      1.2667765E-02
  -4.430000      1.3982100E-02
  -4.420000      1.5235076E-02
  -4.410000      1.6393395E-02
  -4.400000      1.7426105E-02
  -4.390000      1.8303109E-02
  -4.380000      1.8997373E-02
  -4.370000      1.9486068E-02
  -4.360000      1.9750414E-02
  -4.350000      1.9776925E-02
  -4.340000      1.9558540E-02
  -4.330000      1.9095398E-02
  -4.320000      1.8393589E-02
  -4.310000      1.7467381E-02
  -4.300000      1.6338132E-02
  -4.290000      1.5033499E-02
  -4.280000      1.3587372E-02
  -4.270000      1.2038939E-02
  -4.260000      1.0432109E-02
  -4.250000      8.8103116E-03
  -4.240000      7.2207227E-03
  -4.230000      5.7070856E-03
  -4.220000      4.3120733E-03
  -4.210000      3.0728793E-03
  -4.200000      2.0225137E-03
  -4.190000      1.1863387E-03
  -4.180000      5.8321457E-04
  -4.170000      2.2353059E-04
  -4.160000      1.0969725E-04
  -4.150000      2.3591919E-04
  -4.140000      5.8799755E-04
  -4.130000      1.1438645E-03
  -4.120000      1.8749960E-03
  -4.110000      2.7466051E-03
  -4.100000      3.7187650E-03
  -4.090000      4.7484334E-03
  -4.080000      5.7904064E-03
  -4.070000      6.7997328E-03
  -4.060000      7.7334833E-03
  -4.050000      8.5520474E-03
  -4.040000      9.2217699E-03
  -4.030000      9.7154332E-03
  -4.020000      1.0013485E-02
  -4.010000      1.0105509E-02
  -4.000000      9.9894358E-03
  -3.990000      9.6719526E-03
  -3.980000      9.1688223E-03
  -3.970000      8.5018473E-03
  -3.960000      7.6995357E-03
  -3.950000      6.7961165E-03
  -3.940000      5.8286325E-03
  -3.930000      4.8363381E-03
  -3.920000      3.8581521E-03
  -3.910000      2.9328419E-03
  -3.900000      2.0944711E-03
  -3.890000      1.3735762E-03
  -3.880000      7.9349329E-04
  -3.870000      3.7084703E-04
  -3.860000      1.1362629E-04
  -3.850000      2.1071577E-05
  -3.840000      8.3708408E-05
  -3.830000      2.8404355E-04
  -3.820000      5.9733266E-04
  -3.810000      9.9332666E-04
  -3.800000      1.4382123E-03
  -3.790000      1.8962632E-03
  -3.780000      2.3325367E-03
  -3.770000      2.7151674E-03
  -3.760000      3.0173883E-03
  -3.750000      3.2199414E-03
  -3.740000      3.3126671E-03
  -3.730000      3.2959864E-03
  -3.720000      3.1827756E-03
  -3.710000      2.9981444E-03
  -3.700000      2.7807129E-03
  -3.690000      2.5812872E-03
  -3.680000      2.4624581E-03
  -3.670000      2.4968269E-03
  -3.660000      2.7642015E-03
  -3.650000      3.3487997E-03
  -3.640000      4.3353238E-03
  -3.630000      5.8070268E-03
  -3.620000      7.8372983E-03
  -3.610000      1.0491296E-02
  -3.600000      1.3817140E-02
  -3.590000      1.7846990E-02
  -3.580000      2.2591034E-02
  -3.570000      2.8038092E-02
  -3.560000      3.4151033E-02
  -3.550000      4.0869858E-02
  -3.540000      4.8108030E-02
  -3.530000      5.5753775E-02
  -3.520000      6.3672259E-02
  -3.510000      7.1704581E-02
  -3.500000      7.9671308E-02
  -3.490000      8.7378718E-02
  -3.480000      9.4622679E-02
  -3.470000      0.1012001    
  -3.460000      0.1068995    
  -3.450000      0.1115272    
  -3.440000      0.1149158    
  -3.430000      0.1169201    
  -3.420000      0.1174333    
  -3.410000      0.1163934    
  -3.400000      0.1137882    
  -3.390000      0.1096499    
  -3.380000      0.1040637    
  -3.370000      9.7162858E-02
  -3.360000      8.9118421E-02
  -3.350000      8.0153309E-02
  -3.340000      7.0505425E-02
  -3.330000      6.0455821E-02
  -3.320000      5.0290108E-02
  -3.310000      4.0318225E-02
  -3.300000      3.0851133E-02
  -3.290000      2.2197522E-02
  -3.280000      1.4646097E-02
  -3.270000      8.4694019E-03
  -3.260000      3.9010446E-03
  -3.250000      1.1318894E-03
  -3.240000      2.9386798E-04
  -3.230000      1.4561394E-03
  -3.220000      4.6161441E-03
  -3.210000      9.6997684E-03
  -3.200000      1.6554441E-02
  -3.190000      2.4963368E-02
  -3.180000      3.4647487E-02
  -3.170000      4.5273297E-02
  -3.160000      5.6461077E-02
  -3.150000      6.7814022E-02
  -3.140000      7.8915201E-02
  -3.130000      8.9342825E-02
  -3.120000      9.8692939E-02
  -3.110000      0.1065684    
  -3.100000      0.1126234    
  -3.090000      0.1165652    
  -3.080000      0.1181523    
  -3.070000      0.1172366    
  -3.060000      0.1137541    
  -3.050000      0.1077588    
  -3.040000      9.9416986E-02
  -3.030000      8.9010999E-02
  -3.020000      7.6954134E-02
  -3.010000      6.3766308E-02
  -3.000000      5.0084945E-02
  -2.990000      3.6613710E-02
  -2.980000      2.4141833E-02
  -2.970000      1.3497417E-02
  -2.960000      5.5371877E-03
  -2.950000      1.1187020E-03
  -2.940000      1.0888027E-03
  -2.930000      6.2655155E-03
  -2.920000      1.7407844E-02
  -2.910000      3.5212539E-02
  -2.900000      6.0286671E-02
  -2.890000      9.3114287E-02
  -2.880000      0.1340677    
  -2.870000      0.1833082    
  -2.860000      0.2408510    
  -2.850000      0.3064626    
  -2.840000      0.3797381    
  -2.830000      0.4600558    
  -2.820000      0.5465124    
  -2.810000      0.6381047    
  -2.800000      0.7336509    
  -2.790000      0.8319040    
  -2.780000      0.9315305    
  -2.770000       1.031182    
  -2.760000       1.129578    
  -2.750000       1.225358    
  -2.740000       1.317363    
  -2.730000       1.404297    
  -2.720000       1.485054    
  -2.710000       1.558401    
  -2.700000       1.623269    
  -2.690000       1.678501    
  -2.680000       1.723069    
  -2.670000       1.755970    
  -2.660000       1.776430    
  -2.650000       1.783873    
  -2.640000       1.777757    
  -2.630000       1.758190    
  -2.620000       1.725564    
  -2.610000       1.680488    
  -2.600000       1.623975    
  -2.590000       1.557290    
  -2.580000       1.482019    
  -2.570000       1.399672    
  -2.560000       1.311863    
  -2.550000       1.220097    
  -2.540000       1.125808    
  -2.530000       1.030315    
  -2.520000      0.9348473    
  -2.510000      0.8404499    
  -2.500000      0.7480965    
  -2.490000      0.6587732    
  -2.480000      0.5732971    
  -2.470000      0.4924240    
  -2.460000      0.4168532    
  -2.450000      0.3471763    
  -2.440000      0.2838918    
  -2.430000      0.2273176    
  -2.420000      0.1776634    
  -2.410000      0.1349276    
  -2.400000      9.8981984E-02
  -2.390000      6.9521911E-02
  -2.380000      4.6137281E-02
  -2.370000      2.8298799E-02
  -2.360000      1.5426462E-02
  -2.350000      6.8923794E-03
  -2.340000      2.0593957E-03
  -2.330000      3.0313843E-04
  -2.320000      1.0141456E-03
  -2.310000      3.6137470E-03
  -2.300000      7.5578433E-03
  -2.290000      1.2346002E-02
  -2.280000      1.7530546E-02
  -2.270000      2.2725942E-02
  -2.260000      2.7584381E-02
  -2.250000      3.1809870E-02
  -2.240000      3.5225913E-02
  -2.230000      3.7736200E-02
  -2.220000      3.9292511E-02
  -2.210000      3.9912172E-02
  -2.200000      3.9619252E-02
  -2.190000      3.8445763E-02
  -2.180000      3.6512274E-02
  -2.170000      3.3995740E-02
  -2.160000      3.0947538E-02
  -2.150000      2.7487610E-02
  -2.140000      2.3888005E-02
  -2.130000      2.0284638E-02
  -2.120000      1.6805826E-02
  -2.110000      1.3568444E-02
  -2.100000      1.0618350E-02
  -2.090000      7.9797935E-03
  -2.080000      5.6709247E-03
  -2.070000      3.7375982E-03
  -2.060000      2.2398229E-03
  -2.050000      1.2114149E-03
  -2.040000      6.0177094E-04
  -2.030000      3.0460508E-04
  -2.020000      2.7490256E-04
  -2.010000      4.6925657E-04
  -2.000000      7.9721020E-04
  -1.990000      1.1518162E-03
  -1.980000      1.5544819E-03
  -1.970000      2.0403815E-03
  -1.960000      2.5078934E-03
  -1.950000      2.9403400E-03
  -1.940000      3.2641876E-03
  -1.930000      3.2972223E-03
  -1.920000      3.2323282E-03
  -1.910000      3.2203444E-03
  -1.900000      3.1733178E-03
  -1.890000      3.1893104E-03
  -1.880000      3.8375689E-03
  -1.870000      5.5553624E-03
  -1.860000      6.8661394E-03
  -1.850000      6.3376739E-03
  -1.840000      7.2394595E-03
  -1.830000      7.7836560E-03
  -1.820000      5.9098797E-03
  -1.810000      7.6786908E-03
  -1.800000      1.4521510E-02
  -1.790000      2.2020431E-02
  -1.780000      2.1401484E-02
  -1.770000      1.3423911E-02
  -1.760000      8.6698867E-03
  -1.750000      8.5983509E-03
  -1.740000      1.1066966E-02
  -1.730000      1.8092234E-02
  -1.720000      2.5348205E-02
  -1.710000      3.6636230E-02
  -1.700000      4.5712169E-02
  -1.690000      3.5874344E-02
  -1.680000      1.6124258E-02
  -1.670000      9.0775834E-03
  -1.660000      1.0417967E-02
  -1.650000      1.4084493E-02
  -1.640000      1.2135068E-02
  -1.630000      9.3709519E-03
  -1.620000      8.8307448E-03
  -1.610000      9.8751700E-03
  -1.600000      8.2126996E-03
  -1.590000      1.1483816E-02
  -1.580000      2.4234744E-02
  -1.570000      5.8616634E-02
  -1.560000      7.1574360E-02
  -1.550000      3.1884484E-02
  -1.540000      1.0882257E-02
  -1.530000      4.3492662E-03
  -1.520000      1.6180378E-03
  -1.510000      1.0230016E-03
  -1.500000      5.3632661E-04
  -1.490000      4.3016751E-04
  -1.480000      4.4750536E-04
  -1.470000      5.1631808E-04
  -1.460000      5.5533327E-04
  -1.450000      5.9152982E-04
  -1.440000      4.9041247E-04
  -1.430000      3.8541236E-04
  -1.420000      3.5898548E-04
  -1.410000      3.3957517E-04
  -1.400000      3.9367168E-04
  -1.390000      5.6399760E-04
  -1.380000      6.1611150E-04
  -1.370000      5.6440389E-04
  -1.360000      7.0052332E-04
  -1.350000      1.0337370E-03
  -1.340000      1.4255036E-03
  -1.330000      1.6873262E-03
  -1.320000      2.7040800E-03
  -1.310000      3.8050932E-03
  -1.300000      6.3673598E-03
  -1.290000      9.8968977E-03
  -1.280000      7.7290302E-03
  -1.270000      2.4889605E-03
  -1.260000      7.5095118E-04
  -1.250000      4.4230811E-04
  -1.240000      4.2475000E-04
  -1.230000      3.9618459E-04
  -1.220000      3.2002857E-04
  -1.210000      2.6040847E-04
  -1.200000      2.2560667E-04
  -1.190000      2.1321033E-04
  -1.180000      2.1256602E-04
  -1.170000      2.1944115E-04
  -1.160000      2.3155627E-04
  -1.150000      2.2138251E-04
  -1.140000      2.2642300E-04
  -1.130000      1.3860135E-04
  -1.120000     -3.7812066E-04
  -1.110000     -3.6819260E-05
  -1.100000      2.1760600E-02
  -1.090000      8.9620598E-02
  -1.080000      8.1444390E-02
  -1.070000      5.3502575E-02
  -1.060000      1.9478939E-02
  -1.050000      1.0810371E-03
  -1.040000      5.2298332E-04
  -1.030000      6.6552777E-04
  -1.020000      1.4402339E-03
  -1.010000      1.6682869E-03
  -1.000000      1.2142434E-03
 -0.9900000      2.7057726E-04
 -0.9800000      7.6562515E-05
 -0.9700000      3.4797151E-04
 -0.9600000      2.1943767E-03
 -0.9500000      3.5789590E-03
 -0.9400000      1.2368833E-03
 -0.9300000      2.8403581E-04
 -0.9200000      1.9042134E-04
 -0.9100000      2.9685284E-04
 -0.9000000      3.7150356E-04
 -0.8900000      2.0838798E-04
 -0.8800000      4.0596729E-04
 -0.8700000      5.8490579E-04
 -0.8600000      2.1762280E-04
 -0.8500000      1.8643470E-04
 -0.8400000      1.9032090E-04
 -0.8300000      1.8517701E-04
 -0.8200000      1.8537945E-04
 -0.8100000      1.6523997E-04
 -0.8000000      1.7252135E-04
 -0.7900000      1.8439244E-04
 -0.7800000      2.0377741E-04
 -0.7700000      2.1385295E-04
 -0.7600000      2.3573055E-04
 -0.7500000      3.0248464E-04
 -0.7400000      4.2909701E-04
 -0.7300000      5.2939431E-04
 -0.7200000      6.0163822E-04
 -0.7100000      2.0743054E-04
 -0.7000000      1.1397652E-04
 -0.6900000      8.8660308E-05
 -0.6800000      8.5501320E-05
 -0.6700000      1.0447809E-04
 -0.6600000      6.9051246E-05
 -0.6500000      6.0196227E-05
 -0.6400000      6.8467954E-05
 -0.6300000      4.6807490E-05
 -0.6200000      3.6839207E-05
 -0.6100000      5.3508211E-05
 -0.6000000      3.3640310E-05
 -0.5900000      1.3608898E-05
 -0.5800000      2.2817469E-04
 -0.5700000      3.1821305E-04
 -0.5600000      3.7689879E-05
 -0.5500000     -1.6928381E-06
 -0.5400000      2.5395881E-05
 -0.5300000      8.1828257E-05
 -0.5200000      3.6844998E-05
 -0.5100000      2.0491158E-05
 -0.5000000      4.8230628E-05
 -0.4900000      2.2688268E-04
 -0.4800000      1.9993840E-04
 -0.4700000      6.0103786E-05
 -0.4600000      4.4320768E-05
 -0.4500000      4.7117122E-05
 -0.4400000      5.4880788E-05
 -0.4300000      6.9486487E-05
 -0.4200000      7.3191390E-05
 -0.4100000      5.6516714E-05
 -0.4000000      4.5558874E-05
 -0.3900000      4.2109594E-05
 -0.3800000      3.8426573E-05
 -0.3700000      3.2581866E-05
 -0.3600000      3.0401878E-05
 -0.3500000      1.1845700E-04
 -0.3400000      3.2348151E-04
 -0.3300000      1.1090610E-04
 -0.3200000      1.5171321E-05
 -0.3100000      8.2467413E-06
 -0.3000000      6.8129921E-06
 -0.2900000      4.6762793E-06
 -0.2800000      2.8943034E-06
 -0.2700000      2.1725721E-06
 -0.2600000      2.3114458E-06
 -0.2500000      3.4183120E-06
 -0.2400000      5.5213545E-06
 -0.2300000      8.6232403E-06
 -0.2200000      1.2589838E-05
 -0.2100000      1.7241431E-05
 -0.2000000      2.2510063E-05
 -0.1900000      2.7888133E-05
 -0.1800000      3.2894004E-05
 -0.1700000      3.7470498E-05
 -0.1600000      4.1272851E-05
 -0.1500000      4.4175686E-05
 -0.1400000      4.6435242E-05
 -0.1300000      4.7961614E-05
 -0.1200000      4.8808612E-05
 -0.1100000      4.9237846E-05
 -0.1000000      4.9326227E-05
 -9.0000004E-02  4.9179594E-05
 -7.9999998E-02  4.8934300E-05
 -7.0000000E-02  4.8192062E-05
 -5.9999999E-02  4.7801408E-05
 -5.0000001E-02  4.5803186E-05
 -3.9999999E-02  3.8951417E-05
 -2.9999999E-02  5.5612469E-05
 -2.0000000E-02  4.6168413E-04
 -9.9999998E-03  9.6057344E-04
  0.0000000E+00  2.6809750E-04
  9.9999998E-03  6.8898706E-05
  2.0000000E-02  7.0554066E-05
  2.9999999E-02  8.3106162E-05
  3.9999999E-02  9.2648435E-05
  5.0000001E-02  1.0582707E-04
  5.9999999E-02  1.5729231E-04
  7.0000000E-02  4.1285856E-04
  7.9999998E-02  5.0654763E-04
  9.0000004E-02  3.6164912E-04
  0.1000000      2.1264204E-04
  0.1100000      1.9246855E-04
  0.1200000      1.9643371E-04
  0.1300000      3.1213800E-04
  0.1400000      1.3200711E-03
  0.1500000      1.9448961E-03
  0.1600000      4.9319828E-04
  0.1700000      2.3272527E-04
  0.1800000      2.7540312E-04
  0.1900000      9.3415898E-04
  0.2000000      1.3935943E-03
  0.2100000      4.3082004E-04
  0.2200000      1.6024143E-04
  0.2300000      2.7232693E-04
  0.2400000      3.2872604E-03
  0.2500000      5.4481849E-03
  0.2600000      7.4116891E-04
  0.2700000      6.0360406E-05
  0.2800000      1.1956075E-04
  0.2900000      1.4994795E-04
  0.3000000      9.5788462E-05
  0.3100000      6.5202388E-05
  0.3200000      6.4437118E-05
  0.3300000      5.0255996E-05
  0.3400000      2.6318954E-05
  0.3500000      3.3112603E-05
  0.3600000      1.5256090E-04
  0.3700000      8.9028843E-05
  0.3800000      1.6906375E-05
  0.3900000      2.9287687E-05
  0.4000000      6.7325811E-05
  0.4100000      5.4753575E-05
  0.4200000      8.0094454E-05
  0.4300000      1.1334085E-04
  0.4400000      9.8787670E-05
  0.4500000      1.1877379E-04
  0.4600000      1.4105863E-04
  0.4700000      1.6691115E-04
  0.4800000      2.0862755E-04
  0.4900000      2.2358888E-04
  0.5000000      2.5631854E-04
  0.5100000      2.9018029E-04
  0.5200000      2.8516032E-04
  0.5300000      3.5771576E-04
  0.5400000      3.3176542E-04
  0.5500000      5.3655682E-04
  0.5600000      1.3130840E-03
  0.5700000      5.1006832E-04
  0.5800000      2.2170763E-04
  0.5900000      2.1174614E-04
  0.6000000      1.3104601E-04
  0.6100000      1.0459667E-04
  0.6200000      3.2559643E-04
  0.6300000      5.7996070E-04
  0.6400000      1.6799377E-04
  0.6500000      7.2040282E-05
  0.6600000      2.2361777E-04
  0.6700000      5.6680565E-04
  0.6800000      4.2846784E-04
  0.6900000      2.9940324E-04
  0.7000000      1.3477051E-04
  0.7100000      1.3835724E-04
  0.7200000      1.6622063E-04
  0.7300000      4.8735613E-04
  0.7400000      1.5905186E-03
  0.7500000      3.5243642E-03
  0.7600000      4.2822808E-03
  0.7700000      3.0358918E-03
  0.7800000      2.8540825E-03
  0.7900000      2.9966799E-03
  0.8000000      3.3861124E-03
  0.8100000      3.5838869E-03
  0.8200000      3.7656156E-03
  0.8300000      4.3649850E-03
  0.8400000      5.0072363E-03
  0.8500000      6.2512737E-03
  0.8600000      9.0935668E-03
  0.8700000      5.5709537E-03
  0.8800000      4.7052968E-03
  0.8900000      6.0527823E-03
  0.9000000      1.3633649E-02
  0.9100000      2.2652119E-02
  0.9200000      2.6430767E-02
  0.9300000      1.7933454E-02
  0.9400000      1.3734668E-02
  0.9500000      1.3991169E-02
  0.9600000      1.2870327E-02
  0.9700000      1.0624447E-02
  0.9800000      8.8756038E-03
  0.9900000      8.7158643E-03
   1.000000      1.0104483E-02
   1.010000      1.4966487E-02
   1.020000      1.6798953E-02
   1.030000      2.0658478E-02
   1.040000      1.7577136E-02
   1.050000      1.6588785E-02
   1.060000      1.2889793E-02
   1.070000      1.6216800E-02
   1.080000      2.5856148E-02
   1.090000      3.8769558E-02
   1.100000      1.1692439E-02
   1.110000      8.6671198E-03
   1.120000      1.7887201E-02
   1.130000      0.1732206    
   1.140000      0.2481716    
   1.150000      5.8641177E-02
   1.160000      6.6904783E-02
   1.170000      0.1405829    
   1.180000      3.9502341E-02
   1.190000      1.3496852E-03
   1.200000      1.1062042E-03
   1.210000      2.0827712E-03
   1.220000      1.8890828E-03
   1.230000      2.5799347E-03
   1.240000      6.8018129E-03
   1.250000      8.4026987E-03
   1.260000      4.4925679E-03
   1.270000      3.1271374E-03
   1.280000      3.2969362E-03
   1.290000      5.9587643E-03
   1.300000      1.0757431E-02
   1.310000      2.7013985E-02
   1.320000      5.2875545E-02
   1.330000      6.6418462E-02
   1.340000      4.0020533E-02
   1.350000      1.0371056E-02
   1.360000      3.8721480E-03
   1.370000      3.7669030E-03
   1.380000      6.6275424E-03
   1.390000      2.1371363E-02
   1.400000      4.9787898E-02
   1.410000      4.9157783E-02
   1.420000      2.0172834E-02
   1.430000      7.1504172E-03
   1.440000      5.4583065E-03
   1.450000      4.9965447E-03
   1.460000      5.1536271E-03
   1.470000      4.1282931E-03
   1.480000      3.2579696E-03
   1.490000      3.4413387E-03
   1.500000      5.6254356E-03
   1.510000      1.4050841E-02
   1.520000      2.8877985E-02
   1.530000      2.5938734E-02
   1.540000      8.6119482E-03
   1.550000      1.3026668E-03
   1.560000      1.8927758E-04
   1.570000      1.3571452E-04
   1.580000      1.8505304E-04
   1.590000      2.3841839E-04
   1.600000      4.0029030E-04
   1.610000      5.8953121E-04
   1.620000      6.1788934E-04
   1.630000      5.5583980E-04
   1.640000      8.1347593E-04
   1.650000      1.9373223E-03
   1.660000      4.0830942E-03
   1.670000      7.1935896E-03
   1.680000      1.1300826E-02
   1.690000      1.2646141E-02
   1.700000      7.9155955E-03
   1.710000      3.7604626E-03
   1.720000      2.7516200E-03
   1.730000      2.6672820E-03
   1.740000      3.0552074E-03
   1.750000      4.6667242E-03
   1.760000      1.0913853E-02
   1.770000      1.9073475E-02
   1.780000      1.9831857E-02
   1.790000      1.2992642E-02
   1.800000      7.9937195E-03
   1.810000      7.8936173E-03
   1.820000      1.1652525E-02
   1.830000      2.1801883E-02
   1.840000      3.3790708E-02
   1.850000      3.6359176E-02
   1.860000      2.9145606E-02
   1.870000      2.2047874E-02
   1.880000      2.1919081E-02
   1.890000      2.5072444E-02
   1.900000      2.8545223E-02
   1.910000      3.2220129E-02
   1.920000      3.7202902E-02
   1.930000      4.2642500E-02
   1.940000      4.2189326E-02
   1.950000      3.6830045E-02
   1.960000      3.2596476E-02
   1.970000      3.0835070E-02
   1.980000      2.9960148E-02
   1.990000      2.9206255E-02
   2.000000      2.9515212E-02
   2.010000      3.1010665E-02
   2.020000      2.9921295E-02
   2.030000      2.5397237E-02
   2.040000      2.0823916E-02
   2.050000      1.7819945E-02
   2.060000      1.5722264E-02
   2.070000      1.3675273E-02
   2.080000      1.1383952E-02
   2.090000      9.0094190E-03
   2.100000      6.8274150E-03
   2.110000      4.9360273E-03
   2.120000      3.3489009E-03
   2.130000      2.0885859E-03
   2.140000      1.1693825E-03
   2.150000      5.8771158E-04
   2.160000      3.3388840E-04
   2.170000      3.9222624E-04
   2.180000      7.3982630E-04
   2.190000      1.3456022E-03
   2.200000      2.1694219E-03
   2.210000      3.1666348E-03
   2.220000      4.2901821E-03
   2.230000      5.4906649E-03
   2.240000      6.7147990E-03
   2.250000      7.9078777E-03
   2.260000      9.0100253E-03
   2.270000      9.9692186E-03
   2.280000      1.0752739E-02
   2.290000      1.1336692E-02
   2.300000      1.1701756E-02
   2.310000      1.1838928E-02
   2.320000      1.1750886E-02
   2.330000      1.1447698E-02
   2.340000      1.0946331E-02
   2.350000      1.0269484E-02
   2.360000      9.4443588E-03
   2.370000      8.5016126E-03
   2.380000      7.4745365E-03
   2.390000      6.4003947E-03
   2.400000      5.3164498E-03
   2.410000      4.2622192E-03
   2.420000      3.2747779E-03
   2.430000      2.3893225E-03
   2.440000      1.6349340E-03
   2.450000      1.0345508E-03
   2.460000      6.0226431E-04
   2.470000      3.4380928E-04
   2.480000      2.5577488E-04
   2.490000      3.2646584E-04
   2.500000      5.3723570E-04
   2.510000      8.6378527E-04
   2.520000      1.2771297E-03
   2.530000      1.7458224E-03
   2.540000      2.2369646E-03
   2.550000      2.7169918E-03
   2.560000      3.1539055E-03
   2.570000      3.5180131E-03
   2.580000      3.7838824E-03
   2.590000      3.9315829E-03
   2.600000      3.9486787E-03
   2.610000      3.8302522E-03
   2.620000      3.5815893E-03
   2.630000      3.2167670E-03
   2.640000      2.7590566E-03
   2.650000      2.2389926E-03
   2.660000      1.6937347E-03
   2.670000      1.1642459E-03
   2.680000      6.9431297E-04
   2.690000      3.2792479E-04
   2.700000      1.0813588E-04
   2.710000      7.5422977E-05
   2.720000      2.6536972E-04
   2.730000      7.0799008E-04
   2.740000      1.4257875E-03
   2.750000      2.4326425E-03
   2.760000      3.7318135E-03
   2.770000      5.3160726E-03
   2.780000      7.1649221E-03
   2.790000      9.2474595E-03
   2.800000      1.1519937E-02
   2.810000      1.3928270E-02
   2.820000      1.6410386E-02
   2.830000      1.8900411E-02
   2.840000      2.1327129E-02
   2.850000      2.3619510E-02
   2.860000      2.5713207E-02
   2.870000      2.7546193E-02
   2.880000      2.9065987E-02
   2.890000      3.0227371E-02
   2.900000      3.0995388E-02
   2.910000      3.1346157E-02
   2.920000      3.1265877E-02
   2.930000      3.0753767E-02
   2.940000      2.9817024E-02
   2.950000      2.8480066E-02
   2.960000      2.6774051E-02
   2.970000      2.4745598E-02
   2.980000      2.2450533E-02
   2.990000      1.9956196E-02
   3.000000      1.7335666E-02
   3.010000      1.4670254E-02
   3.020000      1.2040641E-02
   3.030000      9.5279478E-03
   3.040000      7.2082873E-03
   3.050000      5.1504727E-03
   3.060000      3.4113475E-03
   3.070000      2.0361287E-03
   3.080000      1.0550775E-03
   3.090000      4.8442106E-04
   3.100000      3.2483847E-04
   3.110000      5.6305970E-04
   3.120000      1.1720652E-03
   3.130000      2.1134096E-03
   3.140000      3.3362319E-03
   3.150000      4.7814767E-03
   3.160000      6.3822004E-03
   3.170000      8.0666821E-03
   3.180000      9.7616166E-03
   3.190000      1.1391588E-02
   3.200000      1.2886026E-02
   3.210000      1.4180861E-02
   3.220000      1.5221066E-02
   3.230000      1.5963044E-02
   3.240000      1.6377462E-02
   3.250000      1.6449966E-02
   3.260000      1.6180877E-02
   3.270000      1.5585909E-02
   3.280000      1.4694318E-02
   3.290000      1.3546544E-02
   3.300000      1.2195530E-02
   3.310000      1.0697554E-02
   3.320000      9.1172410E-03
   3.330000      7.5208936E-03
   3.340000      5.9754406E-03
   3.350000      4.5437911E-03
   3.360000      3.2861202E-03
   3.370000      2.2544621E-03
   3.380000      1.4927636E-03
   3.390000      1.0333786E-03
   3.400000      8.9632336E-04
   3.410000      1.0881069E-03
   3.420000      1.6012458E-03
   3.430000      2.4142384E-03
   3.440000      3.4929677E-03
   3.450000      4.7921720E-03
   3.460000      6.2579666E-03
   3.470000      7.8294994E-03
   3.480000      9.4434209E-03
   3.490000      1.1035017E-02
   3.500000      1.2542635E-02
   3.510000      1.3910185E-02
   3.520000      1.5086485E-02
   3.530000      1.6032903E-02
   3.540000      1.6718766E-02
   3.550000      1.7126642E-02
   3.560000      1.7252656E-02
   3.570000      1.7104678E-02
   3.580000      1.6706081E-02
   3.590000      1.6091555E-02
   3.600000      1.5307884E-02
   3.610000      1.4412757E-02
   3.620000      1.3470561E-02
   3.630000      1.2551934E-02
   3.640000      1.1727775E-02
   3.650000      1.1069488E-02
   3.660000      1.0641347E-02
   3.670000      1.0500375E-02
   3.680000      1.0692867E-02
   3.690000      1.1250700E-02
   3.700000      1.2191460E-02
   3.710000      1.3514780E-02
   3.720000      1.5205367E-02
   3.730000      1.7228827E-02
   3.740000      1.9536838E-02
   3.750000      2.2063928E-02
   3.760000      2.4732856E-02
   3.770000      2.7456429E-02
   3.780000      3.0136481E-02
   3.790000      3.2672647E-02
   3.800000      3.4963503E-02
   3.810000      3.6913428E-02
   3.820000      3.8429301E-02
   3.830000      3.9434753E-02
   3.840000      3.9871622E-02
   3.850000      3.9697245E-02
   3.860000      3.8894244E-02
   3.870000      3.7468974E-02
   3.880000      3.5453297E-02
   3.890000      3.2901116E-02
   3.900000      2.9891012E-02
   3.910000      2.6518939E-02
   3.920000      2.2897981E-02
   3.930000      1.9152302E-02
   3.940000      1.5415979E-02
   3.950000      1.1823829E-02
   3.960000      8.5112182E-03
   3.970000      5.6058825E-03
   3.980000      3.2265172E-03
   3.990000      1.4736365E-03
   4.000000      4.2993703E-04
   4.010000      1.5334882E-04
   4.020000      6.7428290E-04
   4.030000      1.9938834E-03
   4.040000      4.0807882E-03
   4.050000      6.8731410E-03
   4.060000      1.0277043E-02
   4.070000      1.4173928E-02
   4.080000      1.8418482E-02
   4.090000      2.2849197E-02
   4.100000      2.7292917E-02
   4.110000      3.1568959E-02
   4.120000      3.5501439E-02
   4.130000      3.8920388E-02
   4.140000      4.1672379E-02
   4.150000      4.3627799E-02
   4.160000      4.4682801E-02
   4.170000      4.4761974E-02
   4.180000      4.3834653E-02
   4.190000      4.1908421E-02
   4.200000      3.9033283E-02
   4.210000      3.5309065E-02
   4.220000      3.0876016E-02
   4.230000      2.5928523E-02
   4.240000      2.0696029E-02
   4.250000      1.5452199E-02
   4.260000      1.0497441E-02
   4.270000      6.1618411E-03
   4.280000      2.7852529E-03
   4.290000      7.1516354E-04
   4.300000      2.9254387E-04
   4.310000      1.8422675E-03
   4.320000      5.6629414E-03
   4.330000      1.2015596E-02
   4.340000      2.1124098E-02
   4.350000      3.3154365E-02
   4.360000      4.8220675E-02
   4.370000      6.6368565E-02
   4.380000      8.7590821E-02
   4.390000      0.1117947    
   4.400000      0.1388347    
   4.410000      0.1684726    
   4.420000      0.2004156    
   4.430000      0.2342972    
   4.440000      0.2696848    
   4.450000      0.3060990    
   4.460000      0.3429835    
   4.470000      0.3798089    
   4.480000      0.4159796    
   4.490000      0.4509074    
   4.500000      0.4840240    
   4.510000      0.5147960    
   4.520000      0.5426967    
   4.530000      0.5672954    
   4.540000      0.5882087    
   4.550000      0.6051150    
   4.560000      0.6177777    
   4.570000      0.6260350    
   4.580000      0.6298012    
   4.590000      0.6290466    
   4.600000      0.6238469    
   4.610000      0.6142998    
   4.620000      0.6006023    
   4.630000      0.5830184    
   4.640000      0.5618070    
   4.650000      0.5373663    
   4.660000      0.5100881    
   4.670000      0.4804173    
   4.680000      0.4488370    
   4.690000      0.4158081    
   4.700000      0.3818946    
   4.710000      0.3475578    
   4.720000      0.3133071    
   4.730000      0.2796107    
   4.740000      0.2468872    
   4.750000      0.2155312    
   4.760000      0.1858687    
   4.770000      0.1581692    
   4.780000      0.1326406    
   4.790000      0.1094560    
   4.800000      8.8693105E-02
   4.810000      7.0391096E-02
   4.820000      5.4540843E-02
   4.830000      4.1079693E-02
   4.840000      2.9915135E-02
   4.850000      2.0909626E-02
   4.860000      1.3901804E-02
   4.870000      8.7053841E-03
   4.880000      5.1173358E-03
   4.890000      2.9252910E-03
   4.900000      1.9089951E-03
   4.910000      1.8507754E-03
   4.920000      2.5378999E-03
   4.930000      3.7684424E-03
   4.940000      5.3554596E-03
   4.950000      7.1300156E-03
   4.960000      8.9464206E-03
   4.970000      1.0679442E-02
   4.980000      1.2230854E-02
   4.990000      1.3523387E-02
   5.000000      1.4505019E-02
   5.010000      1.5144807E-02
   5.020000      1.5432013E-02
   5.030000      1.5372674E-02
   5.040000      1.4988318E-02
   5.050000      1.4313232E-02
   5.060000      1.3389409E-02
   5.070000      1.2267279E-02
   5.080000      1.1000042E-02
   5.090000      9.6431784E-03
   5.100000      8.2517331E-03
   5.110000      6.8766321E-03
   5.120000      5.5646189E-03
   5.130000      4.3569733E-03
   5.140000      3.2878742E-03
   5.150000      2.3823306E-03
   5.160000      1.6576074E-03
   5.170000      1.1229586E-03
   5.180000      7.7929761E-04
   5.190000      6.2027876E-04
   5.200000      6.3320098E-04
   5.210000      8.0028275E-04
   5.220000      1.0992030E-03
   5.230000      1.5051326E-03
   5.240000      1.9912100E-03
   5.250000      2.5302905E-03
   5.260000      3.0955991E-03
   5.270000      3.6615939E-03
   5.280000      4.2049331E-03
   5.290000      4.7054002E-03
   5.300000      5.1456299E-03
   5.310000      5.5120741E-03
   5.320000      5.7947556E-03
   5.330000      5.9882030E-03
   5.340000      6.0896017E-03
   5.350000      6.1005666E-03
   5.360000      6.0253209E-03
   5.370000      5.8711031E-03
   5.380000      5.6472118E-03
   5.390000      5.3641219E-03
   5.400000      5.0339196E-03
   5.410000      4.6685818E-03
   5.420000      4.2802449E-03
   5.430000      3.8806023E-03
   5.440000      3.4799410E-03
   5.450000      3.0877667E-03
   5.460000      2.7119340E-03
   5.470000      2.3588424E-03
   5.480000      2.0333936E-03
   5.490000      1.7389172E-03
   5.500000      1.4772490E-03
   5.510000      1.2489852E-03
   5.520000      1.0535771E-03
   5.530000      8.8951987E-04
   5.540000      7.5448095E-04
   5.550000      6.4576016E-04
   5.560000      5.6017167E-04
   5.570000      4.9445970E-04
   5.580000      4.4536300E-04
   5.590000      4.0980880E-04
   5.600000      3.8496897E-04
   5.610000      3.6844463E-04
   5.620000      3.5821425E-04
   5.630000      3.5270024E-04
   5.640000      3.5075113E-04
   5.650000      3.5159072E-04
   5.660000      3.5479339E-04
   5.670000      3.6018935E-04
   5.680000      3.6782440E-04
   5.690000      3.7782040E-04
   5.700000      3.9036761E-04
   5.710000      4.0562529E-04
   5.720000      4.2365058E-04
   5.730000      4.4439553E-04
   5.740000      4.6763589E-04
   5.750000      4.9298862E-04
   5.760000      5.1986828E-04
   5.770000      5.4759084E-04
   5.780000      5.7527836E-04
   5.790000      6.0201698E-04
   5.800000      6.2686106E-04
   5.810000      6.4879982E-04
   5.820000      6.6695089E-04
   5.830000      6.8049680E-04
   5.840000      6.8880181E-04
   5.850000      6.9135922E-04
   5.860000      6.8784878E-04
   5.870000      6.7824300E-04
   5.880000      6.6261465E-04
   5.890000      6.4131606E-04
   5.900000      6.1483629E-04
   5.910000      5.8383617E-04
   5.920000      5.4913689E-04
   5.930000      5.1159662E-04
   5.940000      4.7218712E-04
   5.950000      4.3186723E-04
   5.960000      3.9162906E-04
   5.970000      3.5236918E-04
   5.980000      3.1493459E-04
   5.990000      2.8003968E-04
   6.000000      2.4831222E-04
   6.010000      2.2019152E-04
   6.020000      1.9599558E-04
   6.030000      1.7588701E-04
   6.040000      1.5986928E-04
   6.050000      1.4783739E-04
   6.060000      1.3955959E-04
   6.070000      1.3472070E-04
   6.080000      1.3293113E-04
   6.090000      1.3375848E-04
   6.100000      1.3675253E-04
   6.110000      1.4145787E-04
   6.120000      1.4744808E-04
   6.130000      1.5432139E-04
   6.140000      1.6172466E-04
   6.150000      1.6936756E-04
   6.160000      1.7701043E-04
   6.170000      1.8448144E-04
   6.180000      1.9168724E-04
   6.190000      1.9859013E-04
   6.200000      2.0521642E-04
   6.210000      2.1165748E-04
   6.220000      2.1806419E-04
   6.230000      2.2464080E-04
   6.240000      2.3164386E-04
   6.250000      2.3937182E-04
   6.260000      2.4818484E-04
   6.270000      2.5845945E-04
   6.280000      2.7063326E-04
   6.290000      2.8515470E-04
   6.300000      3.0249980E-04
   6.310000      3.2316608E-04
   6.320000      3.4763908E-04
   6.330000      3.7640252E-04
   6.340000      4.0990338E-04
   6.350000      4.4853933E-04
   6.360000      4.9261923E-04
   6.370000      5.4235070E-04
   6.380000      5.9783697E-04
   6.390000      6.5897754E-04
   6.400000      7.2549860E-04
   6.410000      7.9695164E-04
   6.420000      8.7262178E-04
   6.430000      9.5160439E-04
   6.440000      1.0327427E-03
   6.450000      1.1146368E-03
   6.460000      1.1956764E-03
   6.470000      1.2742031E-03
   6.480000      1.3482248E-03
   6.490000      1.4158275E-03
   6.500000      1.4750585E-03
   6.510000      1.5239138E-03
   6.520000      1.5606405E-03
   6.530000      1.5835596E-03
   6.540000      1.5913175E-03
   6.550000      1.5828428E-03
   6.560000      1.5574544E-03
   6.570000      1.5149541E-03
   6.580000      1.4555198E-03
   6.590000      1.3800082E-03
   6.600000      1.2897096E-03
   6.610000      1.1864513E-03
   6.620000      1.0726211E-03
   6.630000      9.5103082E-04
   6.640000      8.2494225E-04
   6.650000      6.9788599E-04
   6.660000      5.7365233E-04
   6.670000      4.5601942E-04
   6.680000      3.4875164E-04
   6.690000      2.5537985E-04
   6.700000      1.7907018E-04
   6.710000      1.2251419E-04
   6.720000      8.7766144E-05
   6.730000      7.6186952E-05
   6.740000      8.8327848E-05
   6.750000      1.2389757E-04
   6.760000      1.8179268E-04
   6.770000      2.6006185E-04
   6.780000      3.5593292E-04
   6.790000      4.6592153E-04
   6.800000      5.8599800E-04
   6.810000      7.1155454E-04
   6.820000      8.3778566E-04
   6.830000      9.5963210E-04
   6.840000      1.0722169E-03
   6.850000      1.1708612E-03
   6.860000      1.2513616E-03
   6.870000      1.3101792E-03
   6.880000      1.3446533E-03
   6.890000      1.3531051E-03
   6.900000      1.3349218E-03
   6.910000      1.2907238E-03
   6.920000      1.2222447E-03
   6.930000      1.1324581E-03
   6.940000      1.0254288E-03
   6.950000      9.0605766E-04
   6.960000      7.8013190E-04
   6.970000      6.5404619E-04
   6.980000      5.3448521E-04
   6.990000      4.2827229E-04
   7.000000      3.4204620E-04
   7.010000      2.8207514E-04
   7.020000      2.5389701E-04
   7.030000      2.6217551E-04
   7.040000      3.1036168E-04
   7.050000      4.0071769E-04
   7.060000      5.3397455E-04
   7.070000      7.0924923E-04
   7.080000      9.2408375E-04
   7.090000      1.1746372E-03
   7.100000      1.4555033E-03
   7.110000      1.7600150E-03
   7.120000      2.0803129E-03
   7.130000      2.4080020E-03
   7.140000      2.7339517E-03
   7.150000      3.0492547E-03
   7.160000      3.3446758E-03
   7.170000      3.6122897E-03
   7.180000      3.8443557E-03
   7.190000      4.0346468E-03
   7.200000      4.1785291E-03
   7.210000      4.2724679E-03
   7.220000      4.3153604E-03
   7.230000      4.3074330E-03
   7.240000      4.2508971E-03
   7.250000      4.1497671E-03
   7.260000      4.0097144E-03
   7.270000      3.8378222E-03
   7.280000      3.6422818E-03
   7.290000      3.4322254E-03
   7.300000      3.2172622E-03
   7.310000      3.0070324E-03
   7.320000      2.8109259E-03
   7.330000      2.6375232E-03
   7.340000      2.4941312E-03
   7.350000      2.3866990E-03
   7.360000      2.3193888E-03
   7.370000      2.2941695E-03
   7.380000      2.3109622E-03
   7.390000      2.3674967E-03
   7.400000      2.4594136E-03
   7.410000      2.5803258E-03
   7.420000      2.7220808E-03
   7.430000      2.8753795E-03
   7.440000      3.0296908E-03
   7.450000      3.1742407E-03
   7.460000      3.2980195E-03
   7.470000      3.3905697E-03
   7.480000      3.4427505E-03
   7.490000      3.4466386E-03
   7.500000      3.3966377E-03
   7.510000      3.2894302E-03
   7.520000      3.1244666E-03
   7.530000      2.9042587E-03
   7.540000      2.6341085E-03
   7.550000      2.3225725E-03
   7.560000      1.9808842E-03
   7.570000      1.6227149E-03
   7.580000      1.2633849E-03
   7.590000      9.1993774E-04
   7.600000      6.0969830E-04
   7.610000      3.5022784E-04
   7.620000      1.5786751E-04
   7.630000      4.7493148E-05
   7.640000      3.1291085E-05
   7.650000      1.1850012E-04
   7.660000      3.1441433E-04
   7.670000      6.2020158E-04
   7.680000      1.0322174E-03
   7.690000      1.5422232E-03
   7.700000      2.1366973E-03
   7.710000      2.7981466E-03
   7.720000      3.5040330E-03
   7.730000      4.2289337E-03
   7.740000      4.9444274E-03
   7.750000      5.6201033E-03
   7.760000      6.2252777E-03
   7.770000      6.7302999E-03
   7.780000      7.1075032E-03
   7.790000      7.3335385E-03
   7.800000      7.3903971E-03
   7.810000      7.2659669E-03
   7.820000      6.9572506E-03
   7.830000      6.4697773E-03
   7.840000      5.8188788E-03
   7.850000      5.0309137E-03
   7.860000      4.1422192E-03
   7.870000      3.2005538E-03
   7.880000      2.2639174E-03
   7.890000      1.3994632E-03
   7.900000      6.8379118E-04
   7.910000      2.0070373E-04
   7.920000      3.9110120E-05
   7.930000      2.9148976E-04
   7.940000      1.0517694E-03
   7.950000      2.4117923E-03
   7.960000      4.4603758E-03
   7.970000      7.2769118E-03
   7.980000      1.0932559E-02
   7.990000      1.5485005E-02
   8.000000      2.0977288E-02
   8.010000      2.7431874E-02
   8.020000      3.4857575E-02
   8.030000      4.3240070E-02
   8.040000      5.2542780E-02
   8.050000      6.2702663E-02
   8.060000      7.3648930E-02
   8.070000      8.5277379E-02
   8.080000      9.7475395E-02
   8.090000      0.1100997    
   8.100000      0.1230016    
   8.110000      0.1360142    
   8.120000      0.1489607    
   8.130000      0.1616538    
   8.140000      0.1739071    
   8.150000      0.1855347    
   8.160000      0.1963459    
   8.170000      0.2061601    
   8.180000      0.2148175    
   8.190000      0.2221589    
   8.200000      0.2280633    
   8.210000      0.2324195    
   8.220000      0.2351525    
   8.230000      0.2362027    
   8.240000      0.2355559    
   8.250000      0.2332203    
   8.260000      0.2292324    
   8.270000      0.2236712    
   8.280000      0.2166177    
   8.290000      0.2082048    
   8.300000      0.1985647    
   8.310000      0.1878637    
   8.320000      0.1762725    
   8.330000      0.1639649    
   8.340000      0.1511495    
   8.350000      0.1380005    
   8.360000      0.1247195    
   8.370000      0.1114898    
   8.380000      9.8482825E-02
   8.390000      8.5877053E-02
   8.400000      7.3825352E-02
   8.410000      6.2458768E-02
   8.420000      5.1898334E-02
   8.430000      4.2240344E-02
   8.440000      3.3559054E-02
   8.450000      2.5900390E-02
   8.460000      1.9294068E-02
   8.470000      1.3739644E-02
   8.480000      9.2200385E-03
   8.490000      5.6926520E-03
   8.500000      3.1004802E-03
   8.510000      1.3673968E-03
   8.520000      4.0674102E-04
   8.530000      1.2118055E-04
   8.540000      4.0669169E-04
   8.550000      1.1556876E-03
   8.560000      2.2600964E-03
   8.570000      3.6141749E-03
   8.580000      5.1159584E-03
   8.590000      6.6714482E-03
   8.600000      8.1955120E-03
   8.610000      9.6127363E-03
   8.620000      1.0861146E-02
   8.630000      1.1890223E-02
   8.640000      1.2663443E-02
   8.650000      1.3157829E-02
   8.660000      1.3363437E-02
   8.670000      1.3282465E-02
   8.680000      1.2928836E-02
   8.690000      1.2327033E-02
   8.700000      1.1508462E-02
   8.710000      1.0512434E-02
   8.720000      9.3826307E-03
   8.730000      8.1658568E-03
   8.740000      6.9090687E-03
   8.750000      5.6592147E-03
   8.760000      4.4599855E-03
   8.770000      3.3524141E-03
   8.780000      2.3712919E-03
   8.790000      1.5463418E-03
   8.800000      8.9992210E-04
   8.810000      4.4782285E-04
   8.820000      1.9833827E-04
   8.830000      1.5245283E-04
   8.840000      3.0419679E-04
   8.850000      6.4137124E-04
   8.860000      1.1460254E-03
   8.870000      1.7950566E-03
   8.880000      2.5617788E-03
   8.890000      3.4165359E-03
   8.900000      4.3288195E-03
   8.910000      5.2666073E-03
   8.920000      6.1993753E-03
   8.930000      7.0981351E-03
   8.940000      7.9363771E-03
   8.950000      8.6910585E-03
   8.960000      9.3429266E-03
   8.970000      9.8777348E-03
   8.980000      1.0284377E-02
   8.990000      1.0557664E-02
   9.000000      1.0696008E-02
   9.010000      1.0702441E-02
   9.020000      1.0583845E-02
   9.030000      1.0349569E-02
   9.040000      1.0012999E-02
   9.050000      9.5884018E-03
   9.060000      9.0928813E-03
   9.070000      8.5433535E-03
   9.080000      7.9571698E-03
   9.090000      7.3516793E-03
   9.100000      6.7428765E-03
   9.110000      6.1451462E-03
   9.120000      5.5712657E-03
   9.130000      5.0317026E-03
   9.140000      4.5343125E-03
   9.150000      4.0845620E-03
   9.160000      3.6854313E-03
   9.170000      3.3374699E-03
   9.180000      3.0391093E-03
   9.190000      2.7867756E-03
   9.200000      2.5757384E-03
   9.210000      2.3998856E-03
   9.220000      2.2525247E-03
   9.230000      2.1264416E-03
   9.240000      2.0147020E-03
   9.250000      1.9108646E-03
   9.260000      1.8090263E-03
   9.270000      1.7044413E-03
   9.280000      1.5935176E-03
   9.290000      1.4740304E-03
   9.300000      1.3450934E-03
   9.310000      1.2072715E-03
   9.320000      1.0623172E-03
   9.330000      9.1321126E-04
   9.340000      7.6374010E-04
   9.350000      6.1842345E-04
   9.360000      4.8226758E-04
   9.370000      3.6032681E-04
   9.380000      2.5742111E-04
   9.390000      1.7803343E-04
   9.400000      1.2584949E-04
   9.410000      1.0369789E-04
   9.420000      1.1334682E-04
   9.430000      1.5529383E-04
   9.440000      2.2886558E-04
   9.450000      3.3208934E-04
   9.460000      4.6179502E-04
   9.470000      6.1370688E-04
   9.480000      7.8263122E-04
   9.490000      9.6256821E-04
   9.500000      1.1468887E-03
   9.510000      1.3288998E-03
   9.520000      1.5017834E-03
   9.530000      1.6589810E-03
   9.540000      1.7945318E-03
   9.550000      1.9031302E-03
   9.560000      1.9806486E-03
   9.570000      2.0240194E-03
   9.580000      2.0315424E-03
   9.590000      2.0028048E-03
   9.600000      1.9389127E-03
   9.610000      1.8421105E-03
   9.620000      1.7160379E-03
   9.630000      1.5653388E-03
   9.640000      1.3956177E-03
   9.650000      1.2129777E-03
   9.660000      1.0241920E-03
   9.670000      8.3602453E-04
   9.680000      6.5517524E-04
   9.690000      4.8817822E-04
   9.700000      3.4087469E-04
   9.710000      2.1827326E-04
   9.720000      1.2450844E-04
   9.730000      6.2539577E-05
   9.740000      3.4129516E-05
   9.750000      3.9705112E-05
   9.760000      7.8452751E-05
   9.770000      1.4823476E-04
   9.780000      2.4579221E-04
   9.790000      3.6682384E-04
   9.800000      5.0619920E-04
   9.810000      6.5815303E-04
   9.820000      8.1652368E-04
   9.830000      9.7514421E-04
   9.840000      1.1276711E-03
   9.850000      1.2682846E-03
   9.860000      1.3916558E-03
   9.870000      1.4932547E-03
   9.880000      1.5693603E-03
   9.890000      1.6172588E-03
   9.900000      1.6354279E-03
   9.910000      1.6233795E-03
   9.920000      1.5818680E-03
   9.930000      1.5126627E-03
   9.940000      1.4184470E-03
   9.950000      1.3031024E-03
   9.960000      1.1708754E-03
   9.970000      1.0267927E-03
   9.980000      8.7617099E-04
   9.990000      7.2445284E-04
   10.00000      5.7694461E-04
   10.01000      4.3944962E-04
   10.02000      3.1519012E-04
   10.03000      2.0902444E-04
   10.04000      1.2381433E-04
   10.05000      6.1943661E-05
   10.06000      2.4611458E-05
   10.07000      1.2001296E-05
   10.08000      2.3391474E-05
   10.09000      5.7109261E-05
   10.10000      1.1055023E-04
   10.11000      1.8055996E-04
   10.12000      2.6337639E-04
   10.13000      3.5499272E-04
   10.14000      4.5054330E-04
   10.15000      5.4606900E-04
   10.16000      6.3677807E-04
   10.17000      7.1886252E-04
   10.18000      7.8865647E-04
   10.19000      8.4299722E-04
   10.20000      8.7984483E-04
   10.21000      8.9761760E-04
   10.22000      8.9578540E-04
   10.23000      8.7459292E-04
   10.24000      8.3520036E-04
   10.25000      7.7942008E-04
   10.26000      7.0971804E-04
   10.27000      6.2935043E-04
   10.28000      5.4159737E-04
   10.29000      4.5046236E-04
   10.30000      3.5965955E-04
   10.31000      2.7291203E-04
   10.32000      1.9405977E-04
   10.33000      1.2597455E-04
   10.34000      7.1608301E-05
   10.35000      3.2770986E-05
   10.36000      1.0916460E-05
   10.37000      6.6067319E-06
   10.38000      1.9740830E-05
   10.39000      4.9366143E-05
   10.40000      9.3948518E-05
   10.41000      1.5131509E-04
   10.42000      2.1862847E-04
   10.43000      2.9272499E-04
   10.44000      3.7030430E-04
   10.45000      4.4754308E-04
   10.46000      5.2121899E-04
   10.47000      5.8765017E-04
   10.48000      6.4399588E-04
   10.49000      6.8777089E-04
   10.50000      7.1697467E-04
   10.51000      7.3034858E-04
   10.52000      7.2730618E-04
   10.53000      7.0800295E-04
   10.54000      6.7335309E-04
   10.55000      6.2476343E-04
   10.56000      5.6433468E-04
   10.57000      4.9481133E-04
   10.58000      4.1946216E-04
   10.59000      3.4139783E-04
   10.60000      2.6462076E-04
   10.61000      1.9227999E-04
   10.62000      1.2805562E-04
   10.63000      7.4923744E-05
   10.64000      3.5666995E-05
   10.65000      1.2456780E-05
   10.66000      6.9003959E-06
   10.67000      1.9856947E-05
   10.68000      5.1458926E-05
   10.69000      1.0110842E-04
   10.70000      1.6752770E-04
   10.71000      2.4842386E-04
   10.72000      3.4151156E-04
   10.73000      4.4332619E-04
   10.74000      5.5071071E-04
   10.75000      6.5968896E-04
   10.76000      7.6665042E-04
   10.77000      8.6779724E-04
   10.78000      9.5991098E-04
   10.79000      1.0394428E-03
   10.80000      1.1040560E-03
   10.81000      1.1513400E-03
   10.82000      1.1799776E-03
   10.83000      1.1890419E-03
   10.84000      1.1786006E-03
   10.85000      1.1492044E-03
   10.86000      1.1024714E-03
   10.87000      1.0403841E-03
   10.88000      9.6553488E-04
   10.89000      8.8117603E-04
   10.90000      7.9071120E-04
   10.91000      6.9767248E-04
   10.92000      6.0593092E-04
   10.93000      5.1864423E-04
   10.94000      4.3944901E-04
   10.95000      3.7102986E-04
   10.96000      3.1586085E-04
   10.97000      2.7577774E-04
   10.98000      2.5180267E-04
   10.99000      2.4448195E-04
   11.00000      2.5335146E-04
   11.01000      2.7752062E-04
   11.02000      3.1515298E-04
   11.03000      3.6423278E-04
   11.04000      4.2180225E-04
   11.05000      4.8493256E-04
   11.06000      5.5024202E-04
   11.07000      6.1438757E-04
   11.08000      6.7387876E-04
   11.09000      7.2574423E-04
   11.10000      7.6696189E-04
   11.11000      7.9535937E-04
   11.12000      8.0910075E-04
   11.13000      8.0712471E-04
   11.14000      7.8907481E-04
   11.15000      7.5546466E-04
   11.16000      7.0720090E-04
   11.17000      6.4632337E-04
   11.18000      5.7501235E-04
   11.19000      4.9638929E-04
   11.20000      4.1351211E-04
   11.21000      3.3008511E-04
   11.22000      2.4953129E-04
   11.23000      1.7580730E-04
   11.24000      1.1196583E-04
   11.25000      6.1304418E-05
   11.26000      2.6250431E-05
   11.27000      8.7718236E-06
   11.28000      1.0092499E-05
   11.29000      3.0584790E-05
   11.30000      6.9790891E-05
   11.31000      1.2651259E-04
   11.32000      1.9866452E-04
   11.33000      2.8339820E-04
   11.34000      3.7711047E-04
   11.35000      4.7663259E-04
   11.36000      5.7706953E-04
   11.37000      6.7427556E-04
   11.38000      7.6347817E-04
   11.39000      8.4063644E-04
   11.40000      9.0194470E-04
   11.41000      9.4424008E-04
   11.42000      9.6505723E-04
   11.43000      9.6290809E-04
   11.44000      9.3732250E-04
   11.45000      8.8870153E-04
   11.46000      8.1889780E-04
   11.47000      7.3070225E-04
   11.48000      6.2795891E-04
   11.49000      5.1598222E-04
   11.50000      4.0027060E-04
   11.51000      2.8821154E-04
   11.52000      1.8678066E-04
   11.53000      1.0384379E-04
   11.54000      4.7249072E-05
   11.55000      2.4706966E-05
   11.56000      4.3501510E-05
   11.57000      1.1030160E-04
   11.58000      2.3083077E-04
   11.59000      4.1000688E-04
   11.60000      6.5083761E-04
   11.61000      9.5605891E-04
   11.62000      1.3246484E-03
   11.63000      1.7574832E-03
   11.64000      2.2498663E-03
   11.65000      2.7977400E-03
   11.66000      3.3953337E-03
   11.67000      4.0332791E-03
   11.68000      4.7055846E-03
   11.69000      5.3994418E-03
   11.70000      6.1057303E-03
   11.71000      6.8113781E-03
   11.72000      7.5060101E-03
   11.73000      8.1768446E-03
   11.74000      8.8139046E-03
   11.75000      9.4024306E-03
   11.76000      9.9352384E-03
   11.77000      1.0400298E-02
   11.78000      1.0790343E-02
   11.79000      1.1099305E-02
   11.80000      1.1320869E-02
   11.81000      1.1452721E-02
   11.82000      1.1493978E-02
   11.83000      1.1444622E-02
   11.84000      1.1307436E-02
   11.85000      1.1086384E-02
   11.86000      1.0786967E-02
   11.87000      1.0415117E-02
   11.88000      9.9797165E-03
   11.89000      9.4880601E-03
   11.90000      8.9509590E-03
   11.91000      8.3776778E-03
   11.92000      7.7769537E-03
   11.93000      7.1611726E-03
   11.94000      6.5377108E-03
   11.95000      5.9185117E-03
   11.96000      5.3103408E-03
   11.97000      4.7207056E-03
   11.98000      4.1583190E-03
   11.99000      3.6274169E-03
   12.00000      3.1337996E-03
   12.01000      2.6808321E-03
   12.02000      2.2704022E-03
   12.03000      1.9053814E-03
   12.04000      1.5853099E-03
   12.05000      1.3096593E-03
   12.06000      1.0773400E-03
   12.07000      8.8546332E-04
   12.08000      7.3180062E-04
   12.09000      6.1247399E-04
   12.10000      5.2374671E-04
   12.11000      4.6158736E-04
   12.12000      4.2182510E-04
   12.13000      4.0050285E-04
   12.14000      3.9368807E-04
   12.15000      3.9767189E-04
   12.16000      4.0915678E-04
   12.17000      4.2512984E-04
   12.18000      4.4299266E-04
   12.19000      4.6049902E-04
   12.20000      4.7594428E-04
   12.21000      4.8793960E-04
   12.22000      4.9560796E-04
   12.23000      4.9839163E-04
   12.24000      4.9610360E-04
   12.25000      4.8878585E-04
   12.26000      4.7679097E-04
   12.27000      4.6064612E-04
   12.28000      4.4095155E-04
   12.29000      4.1854239E-04
   12.30000      3.9416848E-04
   12.31000      3.6865345E-04
   12.32000      3.4289798E-04
   12.33000      3.1757104E-04
   12.34000      2.9348675E-04
   12.35000      2.7119627E-04
   12.36000      2.5133629E-04
   12.37000      2.3435314E-04
   12.38000      2.2068692E-04
   12.39000      2.1062922E-04
   12.40000      2.0451595E-04
   12.41000      2.0251439E-04
   12.42000      2.0483517E-04
   12.43000      2.1155884E-04
   12.44000      2.2280085E-04
   12.45000      2.3855128E-04
   12.46000      2.5883681E-04
   12.47000      2.8354663E-04
   12.48000      3.1258794E-04
   12.49000      3.4587923E-04
   12.50000      3.8313991E-04
   12.51000      4.2413117E-04
   12.52000      4.6862438E-04
   12.53000      5.1611185E-04
   12.54000      5.6638871E-04
   12.55000      6.1880279E-04
   12.56000      6.7285111E-04
   12.57000      7.2800234E-04
   12.58000      7.8346889E-04
   12.59000      8.3871640E-04
   12.60000      8.9285476E-04
   12.61000      9.4526494E-04
   12.62000      9.9526381E-04
   12.63000      1.0420779E-03
   12.64000      1.0852058E-03
   12.65000      1.1240240E-03
   12.66000      1.1581103E-03
   12.67000      1.1870648E-03
   12.68000      1.2107199E-03
   12.69000      1.2287792E-03
   12.70000      1.2413926E-03
   12.71000      1.2485279E-03
   12.72000      1.2504586E-03
   12.73000      1.2474995E-03
   12.74000      1.2399957E-03
   12.75000      1.2284255E-03
   12.76000      1.2133154E-03
   12.77000      1.1951067E-03
   12.78000      1.1743532E-03
   12.79000      1.1514223E-03
   12.80000      1.1268667E-03
   12.81000      1.1009633E-03
   12.82000      1.0740031E-03
   12.83000      1.0461399E-03
   12.84000      1.0176298E-03
   12.85000      9.8838052E-04
   12.86000      9.5845369E-04
   12.87000      9.2769996E-04
   12.88000      8.9591386E-04
   12.89000      8.6311094E-04
   12.90000      8.2884927E-04
   12.91000      7.9315045E-04
   12.92000      7.5566157E-04
   12.93000      7.1636040E-04
   12.94000      6.7515566E-04
   12.95000      6.3207827E-04
   12.96000      5.8716966E-04
   12.97000      5.4077676E-04
   12.98000      4.9296627E-04
   12.99000      4.4438991E-04
   13.00000      3.9548179E-04
   13.01000      3.4672511E-04
   13.02000      2.9905851E-04
   13.03000      2.5294672E-04
   13.04000      2.0902118E-04
   13.05000      1.6814790E-04
   13.06000      1.3081200E-04
   13.07000      9.7816177E-05
   13.08000      6.9553251E-05
   13.09000      4.6470243E-05
   13.10000      2.8863662E-05
   13.11000      1.6811589E-05
   13.12000      1.0331236E-05
   13.13000      9.1595275E-06
   13.14000      1.2953948E-05
   13.15000      2.1157877E-05
   13.16000      3.3152199E-05
   13.17000      4.8135073E-05
   13.18000      6.5273860E-05
   13.19000      8.3692510E-05
   13.20000      1.0248920E-04
   13.21000      1.2076251E-04
   13.22000      1.3771829E-04
   13.23000      1.5254939E-04
   13.24000      1.6470054E-04
   13.25000      1.7361857E-04
   13.26000      1.7899007E-04
   13.27000      1.8064617E-04
   13.28000      1.7860520E-04
   13.29000      1.7302693E-04
   13.30000      1.6426171E-04
   13.31000      1.5278596E-04
   13.32000      1.3919541E-04
   13.33000      1.2415129E-04
   13.34000      1.0840265E-04
   13.35000      9.2653747E-05
   13.36000      7.7694858E-05
   13.37000      6.4125292E-05
   13.38000      5.2583564E-05
   13.39000      4.3494831E-05
   13.40000      3.7184269E-05
   13.41000      3.3821620E-05
   13.42000      3.3378543E-05
   13.43000      3.5695550E-05
   13.44000      4.0439918E-05
   13.45000      4.7170543E-05
   13.46000      5.5321128E-05
   13.47000      6.4256012E-05
   13.48000      7.3323521E-05
   13.49000      8.1819220E-05
   13.50000      8.9145484E-05
   13.51000      9.4732168E-05
   13.52000      9.8175718E-05
   13.53000      9.9203862E-05
   13.54000      9.7752200E-05
   13.55000      9.3942021E-05
   13.56000      8.8136730E-05
   13.57000      8.0888480E-05
   13.58000      7.2933610E-05
   13.59000      6.5227759E-05
   13.60000      5.8816575E-05
   13.61000      5.4867138E-05
   13.62000      5.4584678E-05
   13.63000      5.9168164E-05
   13.64000      6.9748108E-05
   13.65000      8.7278371E-05
   13.66000      1.1263273E-04
   13.67000      1.4625245E-04
   13.68000      1.8853438E-04
   13.69000      2.3928867E-04
   13.70000      2.9805981E-04
   13.71000      3.6420251E-04
   13.72000      4.3635751E-04
   13.73000      5.1332766E-04
   13.74000      5.9306255E-04
   13.75000      6.7367277E-04
   13.76000      7.5278798E-04
   13.77000      8.2823017E-04
   13.78000      8.9755910E-04
   13.79000      9.5842819E-04
   13.80000      1.0085023E-03
   13.81000      1.0460676E-03
   13.82000      1.0694313E-03
   13.83000      1.0775401E-03
   13.84000      1.0697618E-03
   13.85000      1.0459305E-03
   13.86000      1.0064279E-03
   13.87000      9.5208874E-04
   13.88000      8.8463665E-04
   13.89000      8.0572924E-04
   13.90000      7.1802828E-04
   13.91000      6.2424724E-04
   13.92000      5.2729476E-04
   13.93000      4.3085698E-04
   13.94000      3.3779262E-04
   13.95000      2.5168899E-04
   13.96000      1.7532479E-04
   13.97000      1.1160677E-04
   13.98000      6.2780804E-05
   13.99000      3.0685766E-05
   14.00000      1.6457114E-05
   14.01000      2.0701378E-05
   14.02000      4.3271019E-05
   14.03000      8.3252977E-05
   14.04000      1.3906420E-04
   14.05000      2.0866627E-04
   14.06000      2.8898616E-04
   14.07000      3.7705677E-04
   14.08000      4.6897418E-04
   14.09000      5.6114659E-04
   14.10000      6.4979837E-04
   14.11000      7.3115824E-04
   14.12000      8.0173486E-04
   14.13000      8.5868721E-04
   14.14000      8.9931028E-04
   14.15000      9.2193927E-04
   14.16000      9.2536636E-04
   14.17000      9.0945204E-04
   14.18000      8.7465631E-04
   14.19000      8.2268741E-04
   14.20000      7.5570605E-04
   14.21000      6.7713810E-04
   14.22000      5.9084658E-04
   14.23000      5.0120085E-04
   14.24000      4.1323926E-04
   14.25000      3.3189368E-04
   14.26000      2.6247455E-04
   14.27000      2.0981346E-04
   14.28000      1.7858292E-04
   14.29000      1.7296280E-04
   14.30000      1.9622223E-04
   14.31000      2.5104120E-04
   14.32000      3.3864417E-04
   14.33000      4.5974675E-04
   14.34000      6.1349210E-04
   14.35000      7.9765578E-04
   14.36000      1.0098770E-03
   14.37000      1.2449565E-03
   14.38000      1.4993050E-03
   14.39000      1.7660516E-03
   14.40000      2.0394081E-03
   14.41000      2.3121594E-03
   14.42000      2.5778126E-03
   14.43000      2.8288383E-03
   14.44000      3.0593670E-03
   14.45000      3.2620875E-03
   14.46000      3.4324788E-03
   14.47000      3.5655086E-03
   14.48000      3.6582362E-03
   14.49000      3.7083733E-03
   14.50000      3.7153321E-03
   14.51000      3.6796522E-03
   14.52000      3.6035962E-03
   14.53000      3.4898033E-03
   14.54000      3.3428492E-03
   14.55000      3.1677471E-03
   14.56000      2.9705253E-03
   14.57000      2.7568815E-03
   14.58000      2.5343806E-03
   14.59000      2.3085824E-03
   14.60000      2.0870133E-03
   14.61000      1.8753422E-03
   14.62000      1.6784060E-03
   14.63000      1.5018884E-03
   14.64000      1.3482530E-03
   14.65000      1.2194400E-03
   14.66000      1.1171728E-03
   14.67000      1.0408171E-03
   14.68000      9.8954141E-04
   14.69000      9.6062745E-04
   14.70000      9.5084216E-04
   14.71000      9.5598132E-04
   14.72000      9.7132823E-04
   14.73000      9.9187717E-04
   14.74000      1.0124679E-03
   14.75000      1.0282671E-03
   14.76000      1.0349294E-03
   14.77000      1.0286734E-03
   14.78000      1.0068084E-03
   14.79000      9.6756371E-04
   14.80000      9.1037009E-04
   14.81000      8.3585037E-04
   14.82000      7.4594002E-04
   14.83000      6.4361835E-04
   14.84000      5.3337443E-04
   14.85000      4.1980983E-04
   14.86000      3.0897406E-04
   14.87000      2.0697860E-04
   14.88000      1.1997169E-04
   14.89000      5.4086595E-05
   14.90000      1.4494546E-05
   14.91000      5.7777270E-06
   14.92000      3.1198724E-05
   14.93000      9.2475530E-05
   14.94000      1.8999996E-04
   14.95000      3.2184398E-04
   14.96000      4.8531187E-04
   14.97000      6.7424157E-04
   14.98000      8.8259752E-04
   14.99000      1.1014391E-03
   15.00000      1.3213000E-03
   15.01000      1.5322648E-03
   15.02000      1.7227159E-03
   15.03000      1.8832308E-03
   15.04000      2.0033619E-03
   15.05000      2.0751562E-03
   15.06000      2.0917749E-03
   15.07000      2.0492654E-03
   15.08000      1.9466269E-03
   15.09000      1.7855171E-03
   15.10000      1.5728431E-03
   15.11000      1.3181104E-03
   15.12000      1.0367756E-03
   15.13000      7.4754108E-04
   15.14000      4.7275418E-04
   15.15000      2.4059518E-04
   15.16000      7.9981990E-05
   15.17000      2.4776760E-05
   15.18000      1.0841624E-04
   15.19000      3.6797646E-04
   15.20000      8.3773694E-04
   15.21000      1.5536663E-03
   15.22000      2.5488401E-03
   15.23000      3.8521844E-03
   15.24000      5.4926877E-03
   15.25000      7.4885963E-03
   15.26000      9.8523609E-03
   15.27000      1.2596201E-02
   15.28000      1.5710432E-02
   15.29000      1.9195249E-02
   15.30000      2.3024263E-02
   15.31000      2.7166447E-02
   15.32000      3.1593446E-02
   15.33000      3.6248758E-02
   15.34000      4.1093253E-02
   15.35000      4.6053655E-02
   15.36000      5.1070027E-02
   15.37000      5.6067530E-02
   15.38000      6.0978394E-02
   15.39000      6.5716073E-02
   15.40000      7.0216939E-02
   15.41000      7.4388579E-02
   15.42000      7.8174956E-02
   15.43000      8.1508055E-02
   15.44000      8.4320836E-02
   15.45000      8.6561710E-02
   15.46000      8.8211089E-02
   15.47000      8.9219615E-02
   15.48000      8.9571260E-02
   15.49000      8.9250632E-02
   15.50000      8.8261120E-02
   15.51000      8.6613566E-02
   15.52000      8.4335350E-02
   15.53000      8.1453808E-02
   15.54000      7.8033119E-02
   15.55000      7.4112915E-02
   15.56000      6.9774903E-02
   15.57000      6.5078437E-02
   15.58000      6.0109340E-02
   15.59000      5.4946601E-02
   15.60000      4.9683321E-02
   15.61000      4.4375058E-02
   15.62000      3.9137371E-02
   15.63000      3.4017336E-02
   15.64000      2.9112423E-02
   15.65000      2.4475552E-02
   15.66000      2.0156704E-02
   15.67000      1.6220525E-02
   15.68000      1.2686045E-02
   15.69000      9.5962919E-03
   15.70000      6.9544413E-03
   15.71000      4.7681355E-03
   15.72000      3.0312769E-03
   15.73000      1.7310216E-03
   15.74000      8.4049208E-04
   15.75000      3.3144216E-04
   15.76000      1.6347863E-04
   15.77000      2.9552775E-04
   15.78000      6.7831011E-04
   15.79000      1.2632821E-03
   15.80000      1.9965484E-03
   15.81000      2.8289745E-03
   15.82000      3.7089535E-03
   15.83000      4.5900187E-03
   15.84000      5.4303762E-03
   15.85000      6.1923536E-03
   15.86000      6.8454356E-03
   15.87000      7.3647150E-03
   15.88000      7.7318316E-03
   15.89000      7.9367841E-03
   15.90000      7.9752877E-03
   15.91000      7.8494670E-03
   15.92000      7.5677545E-03
   15.93000      7.1454155E-03
   15.94000      6.6008312E-03
   15.95000      5.9570968E-03
   15.96000      5.2419798E-03
   15.97000      4.4815233E-03
   15.98000      3.7088089E-03
   15.99000      2.9491929E-03
   16.00000      2.2338137E-03
   16.01000      1.5883358E-03
   16.02000      1.0376091E-03
   16.03000      6.0190837E-04
   16.04000      2.9884611E-04
   16.05000      1.4074199E-04
   16.06000      1.3638259E-04
   16.07000      2.8860607E-04
   16.08000      5.9635332E-04
   16.09000      1.0525598E-03
   16.10000      1.6495347E-03
   16.11000      2.3693414E-03
   16.12000      3.1987505E-03
   16.13000      4.1147643E-03
   16.14000      5.0986717E-03
   16.15000      6.1259177E-03
   16.16000      7.1743228E-03
   16.17000      8.2176859E-03
   16.18000      9.2378613E-03
   16.19000      1.0207596E-02
   16.20000      1.1110690E-02
   16.21000      1.1926108E-02
   16.22000      1.2639339E-02
   16.23000      1.3239002E-02
   16.24000      1.3712929E-02
   16.25000      1.4058035E-02
   16.26000      1.4272342E-02
   16.27000      1.4354742E-02
   16.28000      1.4308590E-02
   16.29000      1.4140386E-02
   16.30000      1.3858622E-02
   16.31000      1.3472783E-02
   16.32000      1.2996479E-02
   16.33000      1.2440211E-02
   16.34000      1.1821188E-02
   16.35000      1.1151307E-02
   16.36000      1.0445216E-02
   16.37000      9.7162304E-03
   16.38000      8.9764558E-03
   16.39000      8.2378918E-03
   16.40000      7.5114979E-03
   16.41000      6.8049971E-03
   16.42000      6.1267018E-03
   16.43000      5.4829321E-03
   16.44000      4.8781978E-03
   16.45000      4.3175807E-03
   16.46000      3.8012268E-03
   16.47000      3.3311353E-03
   16.48000      2.9073467E-03
   16.49000      2.5281464E-03
   16.50000      2.1924514E-03
   16.51000      1.8968262E-03
   16.52000      1.6385829E-03
   16.53000      1.4146500E-03
   16.54000      1.2214374E-03
   16.55000      1.0557084E-03
   16.56000      9.1432250E-04
   16.57000      7.9398730E-04
   16.58000      6.9253286E-04
   16.59000      6.0710718E-04
   16.60000      5.3595443E-04
   16.61000      4.7718672E-04
   16.62000      4.2927690E-04
   16.63000      3.9123252E-04
   16.64000      3.6181475E-04
   16.65000      3.4037646E-04
   16.66000      3.2607399E-04
   16.67000      3.1830210E-04
   16.68000      3.1639542E-04
   16.69000      3.1964594E-04
   16.70000      3.2735290E-04
   16.71000      3.3864300E-04
   16.72000      3.5263164E-04
   16.73000      3.6828619E-04
   16.74000      3.8452962E-04
   16.75000      4.0028925E-04
   16.76000      4.1441305E-04
   16.77000      4.2585700E-04
   16.78000      4.3360904E-04
   16.79000      4.3684669E-04
   16.80000      4.3483349E-04
   16.81000      4.2713276E-04
   16.82000      4.1345021E-04
   16.83000      3.9380169E-04
   16.84000      3.6856625E-04
   16.85000      3.3830601E-04
   16.86000      3.0386320E-04
   16.87000      2.6629874E-04
   16.88000      2.2703160E-04
   16.89000      1.8782371E-04
   16.90000      1.5018650E-04
   16.91000      1.1602089E-04
   16.92000      8.7093555E-05
   16.93000      6.5142296E-05
   16.94000      5.1809737E-05
   16.95000      4.8600679E-05
   16.96000      5.6738492E-05
   16.97000      7.7192621E-05
   16.98000      1.1056831E-04
   16.99000      1.5735428E-04
   17.00000      2.1719065E-04
   17.01000      2.8999386E-04
   17.02000      3.7798096E-04
   17.03000      4.7935446E-04
   17.04000      5.9279241E-04
   17.05000      7.1312196E-04
   17.06000      8.2926819E-04
   17.07000      9.3388959E-04
   17.08000      1.0305699E-03
   17.09000      1.1381360E-03
   17.10000      1.2435876E-03
   17.11000      1.3383052E-03
   17.12000      1.4299492E-03
   17.13000      1.5119608E-03
   17.14000      1.5791879E-03
   17.15000      1.6393046E-03
   17.16000      1.6850890E-03
   17.17000      1.7142078E-03
   17.18000      1.7370032E-03
   17.19000      1.7381487E-03
   17.20000      1.7280575E-03
   17.21000      1.7158053E-03
   17.22000      1.6691715E-03
   17.23000      1.6068013E-03
   17.24000      1.6500227E-03
   17.25000      1.7573643E-03
   17.26000      1.7136293E-03
   17.27000      1.4917506E-03
   17.28000      1.3848639E-03
   17.29000      1.3555931E-03
   17.30000      1.3263637E-03
   17.31000      1.2889900E-03
   17.32000      1.2705723E-03
   17.33000      1.2361123E-03
   17.34000      1.2191165E-03
   17.35000      1.2061701E-03
   17.36000      1.2013448E-03
   17.37000      1.1853926E-03
   17.38000      1.1626628E-03
   17.39000      1.1443390E-03
   17.40000      1.1423266E-03
   17.41000      1.1625059E-03
   17.42000      1.1635855E-03
   17.43000      1.1584666E-03
   17.44000      1.1606948E-03
   17.45000      1.1589816E-03
   17.46000      1.1541054E-03
   17.47000      1.1576846E-03
   17.48000      1.1438279E-03
   17.49000      1.1474296E-03
   17.50000      1.1290807E-03
