-26.1218468120 -0.5723014049 0.5046300000
-26.1218468120 -0.4087867178 0.5140000000
-26.1218468120 -0.2452720307 0.5225700000
-26.1218468120 -0.0817573436 0.5303100000
-26.1218468120 0.0817573436 0.5372000000
-26.1218468120 0.2452720307 0.5432200000
-26.1218468120 0.4087867178 0.5483400000
-26.1218468120 0.5723014049 0.5525500000
-26.1218468120 0.7358160920 0.5558200000
-26.1218468120 0.8993307791 0.5581300000
-26.1218468120 1.0628454663 0.5594500000
-26.1218468120 1.2263601534 0.5597600000
-26.1218468120 1.3898748405 0.5590200000
-26.1218468120 1.5533895276 0.5572200000
-26.1218468120 1.7169042147 0.5543200000
-26.1218468120 1.8804189018 0.5503000000
-26.1218468120 2.0439335890 0.5451400000
-26.1218468120 2.2074482761 0.5388300000
-26.1218468120 2.3709629632 0.5313500000
-26.1218468120 2.5344776503 0.5227000000
-26.1218468120 2.6979923374 0.5129000000
-26.1218468120 2.8615070245 0.5019700000
-25.9216794035 -1.8804189018 0.5132900000
-25.9216794035 -1.7169042147 0.5313200000
-25.9216794035 -1.5533895276 0.5488700000
-25.9216794035 -1.3898748405 0.5658700000
-25.9216794035 -1.2263601534 0.5822400000
-25.9216794035 -1.0628454663 0.5979000000
-25.9216794035 -0.8993307791 0.6127800000
-25.9216794035 -0.7358160920 0.6268200000
-25.9216794035 -0.5723014049 0.6399500000
-25.9216794035 -0.4087867178 0.6521200000
-25.9216794035 -0.2452720307 0.6632600000
-25.9216794035 -0.0817573436 0.6733300000
-25.9216794035 0.0817573436 0.6822800000
-25.9216794035 0.2452720307 0.6900600000
-25.9216794035 0.4087867178 0.6966100000
-25.9216794035 0.5723014049 0.7019000000
-25.9216794035 0.7358160920 0.7058700000
-25.9216794035 0.8993307791 0.7084900000
-25.9216794035 1.0628454663 0.7097200000
-25.9216794035 1.2263601534 0.7095000000
-25.9216794035 1.3898748405 0.7078300000
-25.9216794035 1.5533895276 0.7046600000
-25.9216794035 1.7169042147 0.6999700000
-25.9216794035 1.8804189018 0.6937500000
-25.9216794035 2.0439335890 0.6860000000
-25.9216794035 2.2074482761 0.6767200000
-25.9216794035 2.3709629632 0.6659300000
-25.9216794035 2.5344776503 0.6536600000
-25.9216794035 2.6979923374 0.6399600000
-25.9216794035 2.8615070245 0.6248700000
-25.9216794035 3.0250217117 0.6084800000
-25.9216794035 3.1885363988 0.5908600000
-25.9216794035 3.3520510859 0.5721100000
-25.9216794035 3.5155657730 0.5523300000
-25.9216794035 3.6790804601 0.5316400000
-25.9216794035 3.8425951472 0.5101700000
-25.7215119950 -2.6979923374 0.5112900000
-25.7215119950 -2.5344776503 0.5342800000
-25.7215119950 -2.3709629632 0.5572900000
-25.7215119950 -2.2074482761 0.5802300000
-25.7215119950 -2.0439335890 0.6029800000
-25.7215119950 -1.8804189018 0.6254400000
-25.7215119950 -1.7169042147 0.6475100000
-25.7215119950 -1.5533895276 0.6690900000
-25.7215119950 -1.3898748405 0.6900700000
-25.7215119950 -1.2263601534 0.7103600000
-25.7215119950 -1.0628454663 0.7298600000
-25.7215119950 -0.8993307791 0.7484700000
-25.7215119950 -0.7358160920 0.7661000000
-25.7215119950 -0.5723014049 0.7826500000
-25.7215119950 -0.4087867178 0.7980300000
-25.7215119950 -0.2452720307 0.8121600000
-25.7215119950 -0.0817573436 0.8249300000
-25.7215119950 0.0817573436 0.8362700000
-25.7215119950 0.2452720307 0.8460800000
-25.7215119950 0.4087867178 0.8542900000
-25.7215119950 0.5723014049 0.8608100000
-25.7215119950 0.7358160920 0.8655800000
-25.7215119950 0.8993307791 0.8685300000
-25.7215119950 1.0628454663 0.8695900000
-25.7215119950 1.2263601534 0.8687300000
-25.7215119950 1.3898748405 0.8659000000
-25.7215119950 1.5533895276 0.8610700000
-25.7215119950 1.7169042147 0.8542400000
-25.7215119950 1.8804189018 0.8454100000
-25.7215119950 2.0439335890 0.8345900000
-25.7215119950 2.2074482761 0.8218300000
-25.7215119950 2.3709629632 0.8071800000
-25.7215119950 2.5344776503 0.7907000000
-25.7215119950 2.6979923374 0.7724800000
-25.7215119950 2.8615070245 0.7526300000
-25.7215119950 3.0250217117 0.7312600000
-25.7215119950 3.1885363988 0.7085000000
-25.7215119950 3.3520510859 0.6845000000
-25.7215119950 3.5155657730 0.6594000000
-25.7215119950 3.6790804601 0.6333600000
-25.7215119950 3.8425951472 0.6065500000
-25.7215119950 4.0061098344 0.5791100000
-25.7215119950 4.1696245215 0.5512200000
-25.7215119950 4.3331392086 0.5230400000
-25.5213445865 -3.1885363988 0.5210600000
-25.5213445865 -3.0250217117 0.5471200000
-25.5213445865 -2.8615070245 0.5735400000
-25.5213445865 -2.6979923374 0.6002400000
-25.5213445865 -2.5344776503 0.6271000000
-25.5213445865 -2.3709629632 0.6540300000
-25.5213445865 -2.2074482761 0.6809400000
-25.5213445865 -2.0439335890 0.7076900000
-25.5213445865 -1.8804189018 0.7342000000
-25.5213445865 -1.7169042147 0.7603300000
-25.5213445865 -1.5533895276 0.7859800000
-25.5213445865 -1.3898748405 0.8110300000
-25.5213445865 -1.2263601534 0.8353500000
-25.5213445865 -1.0628454663 0.8588100000
-25.5213445865 -0.8993307791 0.8813000000
-25.5213445865 -0.7358160920 0.9026800000
-25.5213445865 -0.5723014049 0.9228300000
-25.5213445865 -0.4087867178 0.9416000000
-25.5213445865 -0.2452720307 0.9588600000
-25.5213445865 -0.0817573436 0.9744900000
-25.5213445865 0.0817573436 0.9883400000
-25.5213445865 0.2452720307 1.0003000000
-25.5213445865 0.4087867178 1.0102400000
-25.5213445865 0.5723014049 1.0180500000
-25.5213445865 0.7358160920 1.0236300000
-25.5213445865 0.8993307791 1.0268700000
-25.5213445865 1.0628454663 1.0277100000
-25.5213445865 1.2263601534 1.0260900000
-25.5213445865 1.3898748405 1.0219600000
-25.5213445865 1.5533895276 1.0153000000
-25.5213445865 1.7169042147 1.0061200000
-25.5213445865 1.8804189018 0.9944400000
-25.5213445865 2.0439335890 0.9803000000
-25.5213445865 2.2074482761 0.9637800000
-25.5213445865 2.3709629632 0.9449700000
-25.5213445865 2.5344776503 0.9239900000
-25.5213445865 2.6979923374 0.9009700000
-25.5213445865 2.8615070245 0.8760800000
-25.5213445865 3.0250217117 0.8494700000
-25.5213445865 3.1885363988 0.8213300000
-25.5213445865 3.3520510859 0.7918500000
-25.5213445865 3.5155657730 0.7612300000
-25.5213445865 3.6790804601 0.7296600000
-25.5213445865 3.8425951472 0.6973600000
-25.5213445865 4.0061098344 0.6645100000
-25.5213445865 4.1696245215 0.6313100000
-25.5213445865 4.3331392086 0.5979400000
-25.5213445865 4.4966538957 0.5645700000
-25.5213445865 4.6601685828 0.5313800000
-25.3211771779 -3.6790804601 0.5052200000
-25.3211771779 -3.5155657730 0.5328000000
-25.3211771779 -3.3520510859 0.5610400000
-25.3211771779 -3.1885363988 0.5898500000
-25.3211771779 -3.0250217117 0.6191700000
-25.3211771779 -2.8615070245 0.6489100000
-25.3211771779 -2.6979923374 0.6789800000
-25.3211771779 -2.5344776503 0.7092800000
-25.3211771779 -2.3709629632 0.7397200000
-25.3211771779 -2.2074482761 0.7701900000
-25.3211771779 -2.0439335890 0.8005800000
-25.3211771779 -1.8804189018 0.8307600000
-25.3211771779 -1.7169042147 0.8606200000
-25.3211771779 -1.5533895276 0.8900300000
-25.3211771779 -1.3898748405 0.9188400000
-25.3211771779 -1.2263601534 0.9469200000
-25.3211771779 -1.0628454663 0.9741000000
-25.3211771779 -0.8993307791 1.0002300000
-25.3211771779 -0.7358160920 1.0251500000
-25.3211771779 -0.5723014049 1.0486800000
-25.3211771779 -0.4087867178 1.0706500000
-25.3211771779 -0.2452720307 1.0908800000
-25.3211771779 -0.0817573436 1.1092000000
-25.3211771779 0.0817573436 1.1254200000
-25.3211771779 0.2452720307 1.1393900000
-25.3211771779 0.4087867178 1.1509400000
-25.3211771779 0.5723014049 1.1599100000
-25.3211771779 0.7358160920 1.1661900000
-25.3211771779 0.8993307791 1.1696400000
-25.3211771779 1.0628454663 1.1701900000
-25.3211771779 1.2263601534 1.1677500000
-25.3211771779 1.3898748405 1.1622800000
-25.3211771779 1.5533895276 1.1537800000
-25.3211771779 1.7169042147 1.1422500000
-25.3211771779 1.8804189018 1.1277500000
-25.3211771779 2.0439335890 1.1103500000
-25.3211771779 2.2074482761 1.0901600000
-25.3211771779 2.3709629632 1.0673200000
-25.3211771779 2.5344776503 1.0419900000
-25.3211771779 2.6979923374 1.0143500000
-25.3211771779 2.8615070245 0.9846100000
-25.3211771779 3.0250217117 0.9529900000
-25.3211771779 3.1885363988 0.9197200000
-25.3211771779 3.3520510859 0.8850500000
-25.3211771779 3.5155657730 0.8492100000
-25.3211771779 3.6790804601 0.8124600000
-25.3211771779 3.8425951472 0.7750200000
-25.3211771779 4.0061098344 0.7371200000
-25.3211771779 4.1696245215 0.6990000000
-25.3211771779 4.3331392086 0.6608600000
-25.3211771779 4.4966538957 0.6228900000
-25.3211771779 4.6601685828 0.5852700000
-25.3211771779 4.8236832699 0.5481700000
-25.3211771779 4.9871979571 0.5117400000
-25.1210097694 -3.8425951472 0.5222000000
-25.1210097694 -3.6790804601 0.5514100000
-25.1210097694 -3.5155657730 0.5813800000
-25.1210097694 -3.3520510859 0.6120400000
-25.1210097694 -3.1885363988 0.6433300000
-25.1210097694 -3.0250217117 0.6751800000
-25.1210097694 -2.8615070245 0.7074900000
-25.1210097694 -2.6979923374 0.7402000000
-25.1210097694 -2.5344776503 0.7732000000
-25.1210097694 -2.3709629632 0.8064000000
-25.1210097694 -2.2074482761 0.8397000000
-25.1210097694 -2.0439335890 0.8729700000
-25.1210097694 -1.8804189018 0.9061100000
-25.1210097694 -1.7169042147 0.9389700000
-25.1210097694 -1.5533895276 0.9714100000
-25.1210097694 -1.3898748405 1.0032700000
-25.1210097694 -1.2263601534 1.0344000000
-25.1210097694 -1.0628454663 1.0646000000
-25.1210097694 -0.8993307791 1.0937000000
-25.1210097694 -0.7358160920 1.1215000000
-25.1210097694 -0.5723014049 1.1477900000
-25.1210097694 -0.4087867178 1.1723500000
-25.1210097694 -0.2452720307 1.1949800000
-25.1210097694 -0.0817573436 1.2154600000
-25.1210097694 0.0817573436 1.2335700000
-25.1210097694 0.2452720307 1.2491100000
-25.1210097694 0.4087867178 1.2618900000
-25.1210097694 0.5723014049 1.2717300000
-25.1210097694 0.7358160920 1.2784800000
-25.1210097694 0.8993307791 1.2819900000
-25.1210097694 1.0628454663 1.2821600000
-25.1210097694 1.2263601534 1.2789200000
-25.1210097694 1.3898748405 1.2722200000
-25.1210097694 1.5533895276 1.2620600000
-25.1210097694 1.7169042147 1.2484700000
-25.1210097694 1.8804189018 1.2315200000
-25.1210097694 2.0439335890 1.2113100000
-25.1210097694 2.2074482761 1.1879900000
-25.1210097694 2.3709629632 1.1617200000
-25.1210097694 2.5344776503 1.1327100000
-25.1210097694 2.6979923374 1.1011700000
-25.1210097694 2.8615070245 1.0673800000
-25.1210097694 3.0250217117 1.0315700000
-25.1210097694 3.1885363988 0.9940400000
-25.1210097694 3.3520510859 0.9550600000
-25.1210097694 3.5155657730 0.9149100000
-25.1210097694 3.6790804601 0.8738700000
-25.1210097694 3.8425951472 0.8322200000
-25.1210097694 4.0061098344 0.7902000000
-25.1210097694 4.1696245215 0.7480800000
-25.1210097694 4.3331392086 0.7060700000
-25.1210097694 4.4966538957 0.6643800000
-25.1210097694 4.6601685828 0.6232200000
-25.1210097694 4.8236832699 0.5827600000
-25.1210097694 4.9871979571 0.5431600000
-25.1210097694 5.1507126442 0.5045400000
-24.9208423609 -4.0061098344 0.5188800000
-24.9208423609 -3.8425951472 0.5486800000
-24.9208423609 -3.6790804601 0.5793200000
-24.9208423609 -3.5155657730 0.6107400000
-24.9208423609 -3.3520510859 0.6428800000
-24.9208423609 -3.1885363988 0.6756900000
-24.9208423609 -3.0250217117 0.7090700000
-24.9208423609 -2.8615070245 0.7429800000
-24.9208423609 -2.6979923374 0.7773100000
-24.9208423609 -2.5344776503 0.8119800000
-24.9208423609 -2.3709629632 0.8469000000
-24.9208423609 -2.2074482761 0.8819700000
-24.9208423609 -2.0439335890 0.9170600000
-24.9208423609 -1.8804189018 0.9520500000
-24.9208423609 -1.7169042147 0.9868000000
-24.9208423609 -1.5533895276 1.0211600000
-24.9208423609 -1.3898748405 1.0549600000
-24.9208423609 -1.2263601534 1.0880100000
-24.9208423609 -1.0628454663 1.1201300000
-24.9208423609 -0.8993307791 1.1510900000
-24.9208423609 -0.7358160920 1.1806800000
-24.9208423609 -0.5723014049 1.2086800000
-24.9208423609 -0.4087867178 1.2348300000
-24.9208423609 -0.2452720307 1.2589000000
-24.9208423609 -0.0817573436 1.2806600000
-24.9208423609 0.0817573436 1.2998500000
-24.9208423609 0.2452720307 1.3162700000
-24.9208423609 0.4087867178 1.3296900000
-24.9208423609 0.5723014049 1.3399200000
-24.9208423609 0.7358160920 1.3467900000
-24.9208423609 0.8993307791 1.3501500000
-24.9208423609 1.0628454663 1.3499000000
-24.9208423609 1.2263601534 1.3459500000
-24.9208423609 1.3898748405 1.3382800000
-24.9208423609 1.5533895276 1.3268800000
-24.9208423609 1.7169042147 1.3118000000
-24.9208423609 1.8804189018 1.2931200000
-24.9208423609 2.0439335890 1.2709600000
-24.9208423609 2.2074482761 1.2454800000
-24.9208423609 2.3709629632 1.2168800000
-24.9208423609 2.5344776503 1.1854000000
-24.9208423609 2.6979923374 1.1512700000
-24.9208423609 2.8615070245 1.1147800000
-24.9208423609 3.0250217117 1.0762200000
-24.9208423609 3.1885363988 1.0358800000
-24.9208423609 3.3520510859 0.9940800000
-24.9208423609 3.5155657730 0.9511200000
-24.9208423609 3.6790804601 0.9072900000
-24.9208423609 3.8425951472 0.8629000000
-24.9208423609 4.0061098344 0.8182200000
-24.9208423609 4.1696245215 0.7735100000
-24.9208423609 4.3331392086 0.7290200000
-24.9208423609 4.4966538957 0.6849600000
-24.9208423609 4.6601685828 0.6415600000
-24.9208423609 4.8236832699 0.5989800000
-24.9208423609 4.9871979571 0.5574100000
-24.9208423609 5.1507126442 0.5169700000
-24.7206749524 -4.0061098344 0.5239100000
-24.7206749524 -3.8425951472 0.5540600000
-24.7206749524 -3.6790804601 0.5850600000
-24.7206749524 -3.5155657730 0.6168400000
-24.7206749524 -3.3520510859 0.6493500000
-24.7206749524 -3.1885363988 0.6825300000
-24.7206749524 -3.0250217117 0.7163100000
-24.7206749524 -2.8615070245 0.7506000000
-24.7206749524 -2.6979923374 0.7853500000
-24.7206749524 -2.5344776503 0.8204500000
-24.7206749524 -2.3709629632 0.8558200000
-24.7206749524 -2.2074482761 0.8913500000
-24.7206749524 -2.0439335890 0.9269100000
-24.7206749524 -1.8804189018 0.9624000000
-24.7206749524 -1.7169042147 0.9976400000
-24.7206749524 -1.5533895276 1.0325000000
-24.7206749524 -1.3898748405 1.0667900000
-24.7206749524 -1.2263601534 1.1003200000
-24.7206749524 -1.0628454663 1.1328900000
-24.7206749524 -0.8993307791 1.1642800000
-24.7206749524 -0.7358160920 1.1942600000
-24.7206749524 -0.5723014049 1.2225800000
-24.7206749524 -0.4087867178 1.2490100000
-24.7206749524 -0.2452720307 1.2732900000
-24.7206749524 -0.0817573436 1.2951800000
-24.7206749524 0.0817573436 1.3144300000
-24.7206749524 0.2452720307 1.3308200000
-24.7206749524 0.4087867178 1.3441300000
-24.7206749524 0.5723014049 1.3541700000
-24.7206749524 0.7358160920 1.3607600000
-24.7206749524 0.8993307791 1.3637700000
-24.7206749524 1.0628454663 1.3630900000
-24.7206749524 1.2263601534 1.3586400000
-24.7206749524 1.3898748405 1.3504000000
-24.7206749524 1.5533895276 1.3383800000
-24.7206749524 1.7169042147 1.3226200000
-24.7206749524 1.8804189018 1.3032200000
-24.7206749524 2.0439335890 1.2803000000
-24.7206749524 2.2074482761 1.2540400000
-24.7206749524 2.3709629632 1.2246400000
-24.7206749524 2.5344776503 1.1923300000
-24.7206749524 2.6979923374 1.1573700000
-24.7206749524 2.8615070245 1.1200400000
-24.7206749524 3.0250217117 1.0806200000
-24.7206749524 3.1885363988 1.0394400000
-24.7206749524 3.3520510859 0.9968000000
-24.7206749524 3.5155657730 0.9530000000
-24.7206749524 3.6790804601 0.9083500000
-24.7206749524 3.8425951472 0.8631500000
-24.7206749524 4.0061098344 0.8176900000
-24.7206749524 4.1696245215 0.7722200000
-24.7206749524 4.3331392086 0.7270000000
-24.7206749524 4.4966538957 0.6822700000
-24.7206749524 4.6601685828 0.6382300000
-24.7206749524 4.8236832699 0.5950800000
-24.7206749524 4.9871979571 0.5530000000
-24.7206749524 5.1507126442 0.5121300000
-24.5205075439 -4.0061098344 0.5071300000
-24.5205075439 -3.8425951472 0.5365000000
-24.5205075439 -3.6790804601 0.5667000000
-24.5205075439 -3.5155657730 0.5976700000
-24.5205075439 -3.3520510859 0.6293500000
-24.5205075439 -3.1885363988 0.6616700000
-24.5205075439 -3.0250217117 0.6945800000
-24.5205075439 -2.8615070245 0.7279900000
-24.5205075439 -2.6979923374 0.7618200000
-24.5205075439 -2.5344776503 0.7960000000
-24.5205075439 -2.3709629632 0.8304100000
-24.5205075439 -2.2074482761 0.8649700000
-24.5205075439 -2.0439335890 0.8995300000
-24.5205075439 -1.8804189018 0.9339900000
-24.5205075439 -1.7169042147 0.9681800000
-24.5205075439 -1.5533895276 1.0019600000
-24.5205075439 -1.3898748405 1.0351400000
-24.5205075439 -1.2263601534 1.0675300000
-24.5205075439 -1.0628454663 1.0989500000
-24.5205075439 -0.8993307791 1.1291600000
-24.5205075439 -0.7358160920 1.1579600000
-24.5205075439 -0.5723014049 1.1851000000
-24.5205075439 -0.4087867178 1.2103600000
-24.5205075439 -0.2452720307 1.2335000000
-24.5205075439 -0.0817573436 1.2542800000
-24.5205075439 0.0817573436 1.2724800000
-24.5205075439 0.2452720307 1.2879000000
-24.5205075439 0.4087867178 1.3003200000
-24.5205075439 0.5723014049 1.3095700000
-24.5205075439 0.7358160920 1.3155100000
-24.5205075439 0.8993307791 1.3179900000
-24.5205075439 1.0628454663 1.3169400000
-24.5205075439 1.2263601534 1.3122800000
-24.5205075439 1.3898748405 1.3040000000
-24.5205075439 1.5533895276 1.2921100000
-24.5205075439 1.7169042147 1.2766600000
-24.5205075439 1.8804189018 1.2577400000
-24.5205075439 2.0439335890 1.2354700000
-24.5205075439 2.2074482761 1.2100100000
-24.5205075439 2.3709629632 1.1815600000
-24.5205075439 2.5344776503 1.1503200000
-24.5205075439 2.6979923374 1.1165400000
-24.5205075439 2.8615070245 1.0804700000
-24.5205075439 3.0250217117 1.0423900000
-24.5205075439 3.1885363988 1.0025900000
-24.5205075439 3.3520510859 0.9613400000
-24.5205075439 3.5155657730 0.9189500000
-24.5205075439 3.6790804601 0.8757000000
-24.5205075439 3.8425951472 0.8318700000
-24.5205075439 4.0061098344 0.7877400000
-24.5205075439 4.1696245215 0.7435600000
-24.5205075439 4.3331392086 0.6995900000
-24.5205075439 4.4966538957 0.6560600000
-24.5205075439 4.6601685828 0.6131800000
-24.5205075439 4.8236832699 0.5711400000
-24.5205075439 4.9871979571 0.5301400000
-24.3203401353 -3.6790804601 0.5247200000
-24.3203401353 -3.5155657730 0.5537200000
-24.3203401353 -3.3520510859 0.5833900000
-24.3203401353 -3.1885363988 0.6136500000
-24.3203401353 -3.0250217117 0.6444500000
-24.3203401353 -2.8615070245 0.6757000000
-24.3203401353 -2.6979923374 0.7073200000
-24.3203401353 -2.5344776503 0.7392100000
-24.3203401353 -2.3709629632 0.7713000000
-24.3203401353 -2.2074482761 0.8034500000
-24.3203401353 -2.0439335890 0.8355600000
-24.3203401353 -1.8804189018 0.8675000000
-24.3203401353 -1.7169042147 0.8991100000
-24.3203401353 -1.5533895276 0.9302600000
-24.3203401353 -1.3898748405 0.9607700000
-24.3203401353 -1.2263601534 0.9904800000
-24.3203401353 -1.0628454663 1.0191900000
-24.3203401353 -0.8993307791 1.0467100000
-24.3203401353 -0.7358160920 1.0728400000
-24.3203401353 -0.5723014049 1.0973800000
-24.3203401353 -0.4087867178 1.1201200000
-24.3203401353 -0.2452720307 1.1408700000
-24.3203401353 -0.0817573436 1.1594200000
-24.3203401353 0.0817573436 1.1755800000
-24.3203401353 0.2452720307 1.1891700000
-24.3203401353 0.4087867178 1.2000400000
-24.3203401353 0.5723014049 1.2080300000
-24.3203401353 0.7358160920 1.2130200000
-24.3203401353 0.8993307791 1.2149100000
-24.3203401353 1.0628454663 1.2136200000
-24.3203401353 1.2263601534 1.2091200000
-24.3203401353 1.3898748405 1.2013800000
-24.3203401353 1.5533895276 1.1904200000
-24.3203401353 1.7169042147 1.1762900000
-24.3203401353 1.8804189018 1.1590700000
-24.3203401353 2.0439335890 1.1388500000
-24.3203401353 2.2074482761 1.1157800000
-24.3203401353 2.3709629632 1.0900000000
-24.3203401353 2.5344776503 1.0617100000
-24.3203401353 2.6979923374 1.0310900000
-24.3203401353 2.8615070245 0.9983700000
-24.3203401353 3.0250217117 0.9637700000
-24.3203401353 3.1885363988 0.9275300000
-24.3203401353 3.3520510859 0.8899000000
-24.3203401353 3.5155657730 0.8511200000
-24.3203401353 3.6790804601 0.8114600000
-24.3203401353 3.8425951472 0.7711500000
-24.3203401353 4.0061098344 0.7304500000
-24.3203401353 4.1696245215 0.6896000000
-24.3203401353 4.3331392086 0.6488200000
-24.3203401353 4.4966538957 0.6083400000
-24.3203401353 4.6601685828 0.5683800000
-24.3203401353 4.8236832699 0.5291200000
-24.1201727268 -3.3520510859 0.5148600000
-24.1201727268 -3.1885363988 0.5419900000
-24.1201727268 -3.0250217117 0.5695800000
-24.1201727268 -2.8615070245 0.5975300000
-24.1201727268 -2.6979923374 0.6257800000
-24.1201727268 -2.5344776503 0.6542200000
-24.1201727268 -2.3709629632 0.6827500000
-24.1201727268 -2.2074482761 0.7112800000
-24.1201727268 -2.0439335890 0.7396700000
-24.1201727268 -1.8804189018 0.7678100000
-24.1201727268 -1.7169042147 0.7955600000
-24.1201727268 -1.5533895276 0.8227900000
-24.1201727268 -1.3898748405 0.8493500000
-24.1201727268 -1.2263601534 0.8750900000
-24.1201727268 -1.0628454663 0.8998500000
-24.1201727268 -0.8993307791 0.9234600000
-24.1201727268 -0.7358160920 0.9457700000
-24.1201727268 -0.5723014049 0.9666200000
-24.1201727268 -0.4087867178 0.9858300000
-24.1201727268 -0.2452720307 1.0032700000
-24.1201727268 -0.0817573436 1.0187600000
-24.1201727268 0.0817573436 1.0321800000
-24.1201727268 0.2452720307 1.0433900000
-24.1201727268 0.4087867178 1.0522700000
-24.1201727268 0.5723014049 1.0587100000
-24.1201727268 0.7358160920 1.0626400000
-24.1201727268 0.8993307791 1.0639700000
-24.1201727268 1.0628454663 1.0626700000
-24.1201727268 1.2263601534 1.0587000000
-24.1201727268 1.3898748405 1.0520600000
-24.1201727268 1.5533895276 1.0427600000
-24.1201727268 1.7169042147 1.0308400000
-24.1201727268 1.8804189018 1.0163500000
-24.1201727268 2.0439335890 0.9993700000
-24.1201727268 2.2074482761 0.9800000000
-24.1201727268 2.3709629632 0.9583500000
-24.1201727268 2.5344776503 0.9345500000
-24.1201727268 2.6979923374 0.9087500000
-24.1201727268 2.8615070245 0.8810900000
-24.1201727268 3.0250217117 0.8517400000
-24.1201727268 3.1885363988 0.8208900000
-24.1201727268 3.3520510859 0.7887200000
-24.1201727268 3.5155657730 0.7554200000
-24.1201727268 3.6790804601 0.7212000000
-24.1201727268 3.8425951472 0.6862400000
-24.1201727268 4.0061098344 0.6507600000
-24.1201727268 4.1696245215 0.6149600000
-24.1201727268 4.3331392086 0.5790600000
-24.1201727268 4.4966538957 0.5432500000
-24.1201727268 4.6601685828 0.5077400000
-23.9200053183 -2.8615070245 0.5004200000
-23.9200053183 -2.6979923374 0.5244200000
-23.9200053183 -2.5344776503 0.5485200000
-23.9200053183 -2.3709629632 0.5726200000
-23.9200053183 -2.2074482761 0.5966200000
-23.9200053183 -2.0439335890 0.6204100000
-23.9200053183 -1.8804189018 0.6438800000
-23.9200053183 -1.7169042147 0.6669000000
-23.9200053183 -1.5533895276 0.6893700000
-23.9200053183 -1.3898748405 0.7111600000
-23.9200053183 -1.2263601534 0.7321500000
-23.9200053183 -1.0628454663 0.7522100000
-23.9200053183 -0.8993307791 0.7712300000
-23.9200053183 -0.7358160920 0.7890800000
-23.9200053183 -0.5723014049 0.8056600000
-23.9200053183 -0.4087867178 0.8208400000
-23.9200053183 -0.2452720307 0.8345200000
-23.9200053183 -0.0817573436 0.8466000000
-23.9200053183 0.0817573436 0.8570000000
-23.9200053183 0.2452720307 0.8656300000
-23.9200053183 0.4087867178 0.8724100000
-23.9200053183 0.5723014049 0.8773000000
-23.9200053183 0.7358160920 0.8802300000
-23.9200053183 0.8993307791 0.8811700000
-23.9200053183 1.0628454663 0.8801100000
-23.9200053183 1.2263601534 0.8770100000
-23.9200053183 1.3898748405 0.8719000000
-23.9200053183 1.5533895276 0.8647700000
-23.9200053183 1.7169042147 0.8556500000
-23.9200053183 1.8804189018 0.8445800000
-23.9200053183 2.0439335890 0.8316100000
-23.9200053183 2.2074482761 0.8167800000
-23.9200053183 2.3709629632 0.8001600000
-23.9200053183 2.5344776503 0.7818300000
-23.9200053183 2.6979923374 0.7618600000
-23.9200053183 2.8615070245 0.7403500000
-23.9200053183 3.0250217117 0.7173900000
-23.9200053183 3.1885363988 0.6931000000
-23.9200053183 3.3520510859 0.6675800000
-23.9200053183 3.5155657730 0.6409700000
-23.9200053183 3.6790804601 0.6134100000
-23.9200053183 3.8425951472 0.5850400000
-23.9200053183 4.0061098344 0.5560100000
-23.9200053183 4.1696245215 0.5264900000
-23.7198379098 -1.8804189018 0.5079400000
-23.7198379098 -1.7169042147 0.5259200000
-23.7198379098 -1.5533895276 0.5433600000
-23.7198379098 -1.3898748405 0.5601600000
-23.7198379098 -1.2263601534 0.5762300000
-23.7198379098 -1.0628454663 0.5914800000
-23.7198379098 -0.8993307791 0.6058300000
-23.7198379098 -0.7358160920 0.6192100000
-23.7198379098 -0.5723014049 0.6315400000
-23.7198379098 -0.4087867178 0.6427600000
-23.7198379098 -0.2452720307 0.6528100000
-23.7198379098 -0.0817573436 0.6616300000
-23.7198379098 0.0817573436 0.6691900000
-23.7198379098 0.2452720307 0.6754400000
-23.7198379098 0.4087867178 0.6803600000
-23.7198379098 0.5723014049 0.6839100000
-23.7198379098 0.7358160920 0.6860900000
-23.7198379098 0.8993307791 0.6868900000
-23.7198379098 1.0628454663 0.6862900000
-23.7198379098 1.2263601534 0.6843000000
-23.7198379098 1.3898748405 0.6809400000
-23.7198379098 1.5533895276 0.6761900000
-23.7198379098 1.7169042147 0.6700900000
-23.7198379098 1.8804189018 0.6626400000
-23.7198379098 2.0439335890 0.6538600000
-23.7198379098 2.2074482761 0.6437800000
-23.7198379098 2.3709629632 0.6324000000
-23.7198379098 2.5344776503 0.6197500000
-23.7198379098 2.6979923374 0.6058600000
-23.7198379098 2.8615070245 0.5907600000
-23.7198379098 3.0250217117 0.5744800000
-23.7198379098 3.1885363988 0.5570600000
-23.7198379098 3.3520510859 0.5385600000
-23.7198379098 3.5155657730 0.5190300000
-23.5196705013 0.5723014049 0.5002000000
-23.5196705013 0.7358160920 0.5019600000
-23.5196705013 0.8993307791 0.5028500000
-23.5196705013 1.0628454663 0.5028800000
-23.5196705013 1.2263601534 0.5020600000
-23.5196705013 1.3898748405 0.5003900000
-11.3094585815 -2.2074482761 0.5111000000
-11.3094585815 -2.0439335890 0.5234700000
-11.3094585815 -1.8804189018 0.5337500000
-11.3094585815 -1.7169042147 0.5418900000
-11.3094585815 -1.5533895276 0.5478900000
-11.3094585815 -1.3898748405 0.5517500000
-11.3094585815 -1.2263601534 0.5535100000
-11.3094585815 -1.0628454663 0.5532100000
-11.3094585815 -0.8993307791 0.5509300000
-11.3094585815 -0.7358160920 0.5467600000
-11.3094585815 -0.5723014049 0.5407700000
-11.3094585815 -0.4087867178 0.5330700000
-11.3094585815 -0.2452720307 0.5237700000
-11.3094585815 -0.0817573436 0.5129800000
-11.3094585815 0.0817573436 0.5008100000
-11.1092911729 -2.6979923374 0.5070300000
-11.1092911729 -2.5344776503 0.5239200000
-11.1092911729 -2.3709629632 0.5387400000
-11.1092911729 -2.2074482761 0.5514000000
-11.1092911729 -2.0439335890 0.5618500000
-11.1092911729 -1.8804189018 0.5700700000
-11.1092911729 -1.7169042147 0.5760800000
-11.1092911729 -1.5533895276 0.5799300000
-11.1092911729 -1.3898748405 0.5816600000
-11.1092911729 -1.2263601534 0.5813800000
-11.1092911729 -1.0628454663 0.5791600000
-11.1092911729 -0.8993307791 0.5751200000
-11.1092911729 -0.7358160920 0.5693500000
-11.1092911729 -0.5723014049 0.5619800000
-11.1092911729 -0.4087867178 0.5531100000
-11.1092911729 -0.2452720307 0.5428500000
-11.1092911729 -0.0817573436 0.5313100000
-11.1092911729 0.0817573436 0.5185900000
-11.1092911729 0.2452720307 0.5047800000
-10.9091237644 -2.8615070245 0.5035000000
-10.9091237644 -2.6979923374 0.5204300000
-10.9091237644 -2.5344776503 0.5352000000
-10.9091237644 -2.3709629632 0.5477300000
-10.9091237644 -2.2074482761 0.5579900000
-10.9091237644 -2.0439335890 0.5659600000
-10.9091237644 -1.8804189018 0.5716900000
-10.9091237644 -1.7169042147 0.5752400000
-10.9091237644 -1.5533895276 0.5766800000
-10.9091237644 -1.3898748405 0.5761400000
-10.9091237644 -1.2263601534 0.5737200000
-10.9091237644 -1.0628454663 0.5695600000
-10.9091237644 -0.8993307791 0.5637800000
-10.9091237644 -0.7358160920 0.5565300000
-10.9091237644 -0.5723014049 0.5479200000
-10.9091237644 -0.4087867178 0.5380800000
-10.9091237644 -0.2452720307 0.5271300000
-10.9091237644 -0.0817573436 0.5151600000
-10.9091237644 0.0817573436 0.5022700000
-10.7089563559 -2.6979923374 0.5053300000
-10.7089563559 -2.5344776503 0.5176600000
-10.7089563559 -2.3709629632 0.5277300000
-10.7089563559 -2.2074482761 0.5355300000
-10.7089563559 -2.0439335890 0.5410900000
-10.7089563559 -1.8804189018 0.5444600000
-10.7089563559 -1.7169042147 0.5457300000
-10.7089563559 -1.5533895276 0.5450100000
-10.7089563559 -1.3898748405 0.5424400000
-10.7089563559 -1.2263601534 0.5381400000
-10.7089563559 -1.0628454663 0.5322800000
-10.7089563559 -0.8993307791 0.5249900000
-10.7089563559 -0.7358160920 0.5164300000
-10.7089563559 -0.5723014049 0.5067400000
-10.5087889474 -1.8804189018 0.5004300000
-10.5087889474 -1.7169042147 0.5000900000
-9.3077844962 -1.8804189018 0.5032800000
-9.3077844962 -1.7169042147 0.5072100000
-9.3077844962 -1.5533895276 0.5089300000
-9.3077844962 -1.3898748405 0.5082900000
-9.3077844962 -1.2263601534 0.5051500000
-9.1076170877 -2.3709629632 0.5077600000
-9.1076170877 -2.2074482761 0.5167100000
-9.1076170877 -2.0439335890 0.5240800000
-9.1076170877 -1.8804189018 0.5296500000
-9.1076170877 -1.7169042147 0.5332400000
-9.1076170877 -1.5533895276 0.5346700000
-9.1076170877 -1.3898748405 0.5338000000
-9.1076170877 -1.2263601534 0.5305000000
-9.1076170877 -1.0628454663 0.5246800000
-9.1076170877 -0.8993307791 0.5163200000
-9.1076170877 -0.7358160920 0.5054100000
-8.9074496792 -2.3709629632 0.5077200000
-8.9074496792 -2.2074482761 0.5150200000
-8.9074496792 -2.0439335890 0.5207800000
-8.9074496792 -1.8804189018 0.5248600000
-8.9074496792 -1.7169042147 0.5271100000
-8.9074496792 -1.5533895276 0.5274000000
-8.9074496792 -1.3898748405 0.5256000000
-8.9074496792 -1.2263601534 0.5216400000
-8.9074496792 -1.0628454663 0.5154300000
-8.9074496792 -0.8993307791 0.5069500000
-7.1059430025 -3.0250217117 0.5230100000
-7.1059430025 -2.8615070245 0.5612900000
-7.1059430025 -2.6979923374 0.5981500000
-7.1059430025 -2.5344776503 0.6328300000
-7.1059430025 -2.3709629632 0.6645500000
-7.1059430025 -2.2074482761 0.6926000000
-7.1059430025 -2.0439335890 0.7163200000
-7.1059430025 -1.8804189018 0.7351600000
-7.1059430025 -1.7169042147 0.7486600000
-7.1059430025 -1.5533895276 0.7565300000
-7.1059430025 -1.3898748405 0.7586000000
-7.1059430025 -1.2263601534 0.7548700000
-7.1059430025 -1.0628454663 0.7454500000
-7.1059430025 -0.8993307791 0.7306300000
-7.1059430025 -0.7358160920 0.7108100000
-7.1059430025 -0.5723014049 0.6864800000
-7.1059430025 -0.4087867178 0.6582200000
-7.1059430025 -0.2452720307 0.6266800000
-7.1059430025 -0.0817573436 0.5925200000
-7.1059430025 0.0817573436 0.5564400000
-7.1059430025 0.2452720307 0.5191000000
-6.9057755940 -3.6790804601 0.5505600000
-6.9057755940 -3.5155657730 0.6069400000
-6.9057755940 -3.3520510859 0.6649000000
-6.9057755940 -3.1885363988 0.7235500000
-6.9057755940 -3.0250217117 0.7819000000
-6.9057755940 -2.8615070245 0.8388600000
-6.9057755940 -2.6979923374 0.8933200000
-6.9057755940 -2.5344776503 0.9441300000
-6.9057755940 -2.3709629632 0.9901900000
-6.9057755940 -2.2074482761 1.0304700000
-6.9057755940 -2.0439335890 1.0640500000
-6.9057755940 -1.8804189018 1.0901400000
-6.9057755940 -1.7169042147 1.1081500000
-6.9057755940 -1.5533895276 1.1176800000
-6.9057755940 -1.3898748405 1.1185600000
-6.9057755940 -1.2263601534 1.1108000000
-6.9057755940 -1.0628454663 1.0946600000
-6.9057755940 -0.8993307791 1.0705900000
-6.9057755940 -0.7358160920 1.0392000000
-6.9057755940 -0.5723014049 1.0012800000
-6.9057755940 -0.4087867178 0.9577000000
-6.9057755940 -0.2452720307 0.9094500000
-6.9057755940 -0.0817573436 0.8575200000
-6.9057755940 0.0817573436 0.8029600000
-6.9057755940 0.2452720307 0.7467500000
-6.9057755940 0.4087867178 0.6898400000
-6.9057755940 0.5723014049 0.6331000000
-6.9057755940 0.7358160920 0.5773000000
-6.9057755940 0.8993307791 0.5231100000
-6.7056081855 -4.1696245215 0.5140300000
-6.7056081855 -4.0061098344 0.5782500000
-6.7056081855 -3.8425951472 0.6468700000
-6.7056081855 -3.6790804601 0.7192400000
-6.7056081855 -3.5155657730 0.7944600000
-6.7056081855 -3.3520510859 0.8715000000
-6.7056081855 -3.1885363988 0.9491400000
-6.7056081855 -3.0250217117 1.0260400000
-6.7056081855 -2.8615070245 1.1007600000
-6.7056081855 -2.6979923374 1.1717900000
-6.7056081855 -2.5344776503 1.2376600000
-6.7056081855 -2.3709629632 1.2969200000
-6.7056081855 -2.2074482761 1.3482200000
-6.7056081855 -2.0439335890 1.3904000000
-6.7056081855 -1.8804189018 1.4224600000
-6.7056081855 -1.7169042147 1.4436800000
-6.7056081855 -1.5533895276 1.4535800000
-6.7056081855 -1.3898748405 1.4519900000
-6.7056081855 -1.2263601534 1.4389900000
-6.7056081855 -1.0628454663 1.4149800000
-6.7056081855 -0.8993307791 1.3806000000
-6.7056081855 -0.7358160920 1.3367200000
-6.7056081855 -0.5723014049 1.2844200000
-6.7056081855 -0.4087867178 1.2249000000
-6.7056081855 -0.2452720307 1.1594900000
-6.7056081855 -0.0817573436 1.0895500000
-6.7056081855 0.0817573436 1.0164600000
-6.7056081855 0.2452720307 0.9415500000
-6.7056081855 0.4087867178 0.8660700000
-6.7056081855 0.5723014049 0.7911800000
-6.7056081855 0.7358160920 0.7178900000
-6.7056081855 0.8993307791 0.6470700000
-6.7056081855 1.0628454663 0.5794200000
-6.7056081855 1.2263601534 0.5155000000
-6.5054407769 -4.3331392086 0.5181800000
-6.5054407769 -4.1696245215 0.5889800000
-6.5054407769 -4.0061098344 0.6656200000
-6.5054407769 -3.8425951472 0.7474800000
-6.5054407769 -3.6790804601 0.8337100000
-6.5054407769 -3.5155657730 0.9232400000
-6.5054407769 -3.3520510859 1.0147900000
-6.5054407769 -3.1885363988 1.1068800000
-6.5054407769 -3.0250217117 1.1978700000
-6.5054407769 -2.8615070245 1.2860200000
-6.5054407769 -2.6979923374 1.3695300000
-6.5054407769 -2.5344776503 1.4466200000
-6.5054407769 -2.3709629632 1.5155700000
-6.5054407769 -2.2074482761 1.5747800000
-6.5054407769 -2.0439335890 1.6228800000
-6.5054407769 -1.8804189018 1.6587300000
-6.5054407769 -1.7169042147 1.6814900000
-6.5054407769 -1.5533895276 1.6906300000
-6.5054407769 -1.3898748405 1.6860000000
-6.5054407769 -1.2263601534 1.6677600000
-6.5054407769 -1.0628454663 1.6364400000
-6.5054407769 -0.8993307791 1.5928500000
-6.5054407769 -0.7358160920 1.5381100000
-6.5054407769 -0.5723014049 1.4735500000
-6.5054407769 -0.4087867178 1.4006700000
-6.5054407769 -0.2452720307 1.3210900000
-6.5054407769 -0.0817573436 1.2364800000
-6.5054407769 0.0817573436 1.1485300000
-6.5054407769 0.2452720307 1.0588400000
-6.5054407769 0.4087867178 0.9689200000
-6.5054407769 0.5723014049 0.8801600000
-6.5054407769 0.7358160920 0.7937700000
-6.5054407769 0.8993307791 0.7107500000
-6.5054407769 1.0628454663 0.6319300000
-6.5054407769 1.2263601534 0.5579500000
-6.3052733684 -4.3331392086 0.5228100000
-6.3052733684 -4.1696245215 0.5981100000
-6.3052733684 -4.0061098344 0.6797800000
-6.3052733684 -3.8425951472 0.7671700000
-6.3052733684 -3.6790804601 0.8593400000
-6.3052733684 -3.5155657730 0.9551100000
-6.3052733684 -3.3520510859 1.0530800000
-6.3052733684 -3.1885363988 1.1516200000
-6.3052733684 -3.0250217117 1.2489300000
-6.3052733684 -2.8615070245 1.3431100000
-6.3052733684 -2.6979923374 1.4321800000
-6.3052733684 -2.5344776503 1.5142000000
-6.3052733684 -2.3709629632 1.5872700000
-6.3052733684 -2.2074482761 1.6496800000
-6.3052733684 -2.0439335890 1.6999300000
-6.3052733684 -1.8804189018 1.7367900000
-6.3052733684 -1.7169042147 1.7593700000
-6.3052733684 -1.5533895276 1.7671200000
-6.3052733684 -1.3898748405 1.7599100000
-6.3052733684 -1.2263601534 1.7379700000
-6.3052733684 -1.0628454663 1.7019000000
-6.3052733684 -0.8993307791 1.6526600000
-6.3052733684 -0.7358160920 1.5915100000
-6.3052733684 -0.5723014049 1.5199300000
-6.3052733684 -0.4087867178 1.4396300000
-6.3052733684 -0.2452720307 1.3524000000
-6.3052733684 -0.0817573436 1.2601200000
-6.3052733684 0.0817573436 1.1646400000
-6.3052733684 0.2452720307 1.0677400000
-6.3052733684 0.4087867178 0.9710900000
-6.3052733684 0.5723014049 0.8761800000
-6.3052733684 0.7358160920 0.7843200000
-6.3052733684 0.8993307791 0.6965900000
-6.3052733684 1.0628454663 0.6138700000
-6.3052733684 1.2263601534 0.5367900000
-6.1051059599 -4.1696245215 0.5312500000
-6.1051059599 -4.0061098344 0.6086900000
-6.1051059599 -3.8425951472 0.6918800000
-6.1051059599 -3.6790804601 0.7799200000
-6.1051059599 -3.5155657730 0.8716800000
-6.1051059599 -3.3520510859 0.9657700000
-6.1051059599 -3.1885363988 1.0605900000
-6.1051059599 -3.0250217117 1.1543700000
-6.1051059599 -2.8615070245 1.2452100000
-6.1051059599 -2.6979923374 1.3311500000
-6.1051059599 -2.5344776503 1.4102600000
-6.1051059599 -2.3709629632 1.4806700000
-6.1051059599 -2.2074482761 1.5406600000
-6.1051059599 -2.0439335890 1.5887300000
-6.1051059599 -1.8804189018 1.6236700000
-6.1051059599 -1.7169042147 1.6446000000
-6.1051059599 -1.5533895276 1.6509900000
-6.1051059599 -1.3898748405 1.6427100000
-6.1051059599 -1.2263601534 1.6200200000
-6.1051059599 -1.0628454663 1.5835400000
-6.1051059599 -0.8993307791 1.5342400000
-6.1051059599 -0.7358160920 1.4734100000
-6.1051059599 -0.5723014049 1.4025500000
-6.1051059599 -0.4087867178 1.3233900000
-6.1051059599 -0.2452720307 1.2377500000
-6.1051059599 -0.0817573436 1.1474900000
-6.1051059599 0.0817573436 1.0544800000
-6.1051059599 0.2452720307 0.9605100000
-6.1051059599 0.4087867178 0.8672200000
-6.1051059599 0.5723014049 0.7761000000
-6.1051059599 0.7358160920 0.6884300000
-6.1051059599 0.8993307791 0.6052500000
-6.1051059599 1.0628454663 0.5273900000
-5.9049385514 -3.8425951472 0.5310400000
-5.9049385514 -3.6790804601 0.6049800000
-5.9049385514 -3.5155657730 0.6824700000
-5.9049385514 -3.3520510859 0.7623300000
-5.9049385514 -3.1885363988 0.8431700000
-5.9049385514 -3.0250217117 0.9234400000
-5.9049385514 -2.8615070245 1.0014700000
-5.9049385514 -2.6979923374 1.0755200000
-5.9049385514 -2.5344776503 1.1438600000
-5.9049385514 -2.3709629632 1.2048200000
-5.9049385514 -2.2074482761 1.2568700000
-5.9049385514 -2.0439335890 1.2986500000
-5.9049385514 -1.8804189018 1.3290800000
-5.9049385514 -1.7169042147 1.3473400000
-5.9049385514 -1.5533895276 1.3529500000
-5.9049385514 -1.3898748405 1.3458000000
-5.9049385514 -1.2263601534 1.3261000000
-5.9049385514 -1.0628454663 1.2944000000
-5.9049385514 -0.8993307791 1.2515700000
-5.9049385514 -0.7358160920 1.1987600000
-5.9049385514 -0.5723014049 1.1373400000
-5.9049385514 -0.4087867178 1.0688200000
-5.9049385514 -0.2452720307 0.9948600000
-5.9049385514 -0.0817573436 0.9171200000
-5.9049385514 0.0817573436 0.8372600000
-5.9049385514 0.2452720307 0.7568700000
-5.9049385514 0.4087867178 0.6774200000
-5.9049385514 0.5723014049 0.6002100000
-5.9049385514 0.7358160920 0.5263600000
-5.7047711429 -3.1885363988 0.5436800000
-5.7047711429 -3.0250217117 0.6027900000
-5.7047711429 -2.8615070245 0.6606800000
-5.7047711429 -2.6979923374 0.7160300000
-5.7047711429 -2.5344776503 0.7675000000
-5.7047711429 -2.3709629632 0.8137800000
-5.7047711429 -2.2074482761 0.8536700000
-5.7047711429 -2.0439335890 0.8860900000
-5.7047711429 -1.8804189018 0.9101700000
-5.7047711429 -1.7169042147 0.9252600000
-5.7047711429 -1.5533895276 0.9309400000
-5.7047711429 -1.3898748405 0.9270800000
-5.7047711429 -1.2263601534 0.9138300000
-5.7047711429 -1.0628454663 0.8915900000
-5.7047711429 -0.8993307791 0.8610000000
-5.7047711429 -0.7358160920 0.8229400000
-5.7047711429 -0.5723014049 0.7784300000
-5.7047711429 -0.4087867178 0.7286600000
-5.7047711429 -0.2452720307 0.6748600000
-5.7047711429 -0.0817573436 0.6183400000
-5.7047711429 0.0817573436 0.5603500000
-5.7047711429 0.2452720307 0.5021100000
-4.7039341003 -3.1885363988 0.5213500000
-4.7039341003 -3.0250217117 0.5532200000
-4.7039341003 -2.8615070245 0.5825200000
-4.7039341003 -2.6979923374 0.6088700000
-4.7039341003 -2.5344776503 0.6319600000
-4.7039341003 -2.3709629632 0.6515600000
-4.7039341003 -2.2074482761 0.6675100000
-4.7039341003 -2.0439335890 0.6797100000
-4.7039341003 -1.8804189018 0.6881600000
-4.7039341003 -1.7169042147 0.6928900000
-4.7039341003 -1.5533895276 0.6940100000
-4.7039341003 -1.3898748405 0.6916300000
-4.7039341003 -1.2263601534 0.6859300000
-4.7039341003 -1.0628454663 0.6770800000
-4.7039341003 -0.8993307791 0.6652800000
-4.7039341003 -0.7358160920 0.6507200000
-4.7039341003 -0.5723014049 0.6335900000
-4.7039341003 -0.4087867178 0.6140800000
-4.7039341003 -0.2452720307 0.5923800000
-4.7039341003 -0.0817573436 0.5686500000
-4.7039341003 0.0817573436 0.5430900000
-4.7039341003 0.2452720307 0.5158700000
-4.5037666917 -4.4966538957 0.5193300000
-4.5037666917 -4.3331392086 0.5910200000
-4.5037666917 -4.1696245215 0.6669100000
-4.5037666917 -4.0061098344 0.7461500000
-4.5037666917 -3.8425951472 0.8277200000
-4.5037666917 -3.6790804601 0.9104700000
-4.5037666917 -3.5155657730 0.9931400000
-4.5037666917 -3.3520510859 1.0744100000
-4.5037666917 -3.1885363988 1.1529100000
-4.5037666917 -3.0250217117 1.2273000000
-4.5037666917 -2.8615070245 1.2962700000
-4.5037666917 -2.6979923374 1.3586200000
-4.5037666917 -2.5344776503 1.4132400000
-4.5037666917 -2.3709629632 1.4591900000
-4.5037666917 -2.2074482761 1.4957100000
-4.5037666917 -2.0439335890 1.5222300000
-4.5037666917 -1.8804189018 1.5384000000
-4.5037666917 -1.7169042147 1.5440400000
-4.5037666917 -1.5533895276 1.5392300000
-4.5037666917 -1.3898748405 1.5242300000
-4.5037666917 -1.2263601534 1.4994600000
-4.5037666917 -1.0628454663 1.4655400000
-4.5037666917 -0.8993307791 1.4232000000
-4.5037666917 -0.7358160920 1.3733100000
-4.5037666917 -0.5723014049 1.3168100000
-4.5037666917 -0.4087867178 1.2547000000
-4.5037666917 -0.2452720307 1.1880100000
-4.5037666917 -0.0817573436 1.1177700000
-4.5037666917 0.0817573436 1.0450000000
-4.5037666917 0.2452720307 0.9707000000
-4.5037666917 0.4087867178 0.8957800000
-4.5037666917 0.5723014049 0.8211300000
-4.5037666917 0.7358160920 0.7475300000
-4.5037666917 0.8993307791 0.6757100000
-4.5037666917 1.0628454663 0.6062900000
-4.5037666917 1.2263601534 0.5398400000
-4.3035992832 -4.9871979571 0.5538200000
-4.3035992832 -4.8236832699 0.6437800000
-4.3035992832 -4.6601685828 0.7435200000
-4.3035992832 -4.4966538957 0.8527700000
-4.3035992832 -4.3331392086 0.9709600000
-4.3035992832 -4.1696245215 1.0971500000
-4.3035992832 -4.0061098344 1.2301000000
-4.3035992832 -3.8425951472 1.3682100000
-4.3035992832 -3.6790804601 1.5096200000
-4.3035992832 -3.5155657730 1.6522000000
-4.3035992832 -3.3520510859 1.7936300000
-4.3035992832 -3.1885363988 1.9314300000
-4.3035992832 -3.0250217117 2.0631000000
-4.3035992832 -2.8615070245 2.1861000000
-4.3035992832 -2.6979923374 2.2980000000
-4.3035992832 -2.5344776503 2.3965500000
-4.3035992832 -2.3709629632 2.4797200000
-4.3035992832 -2.2074482761 2.5457800000
-4.3035992832 -2.0439335890 2.5933600000
-4.3035992832 -1.8804189018 2.6215100000
-4.3035992832 -1.7169042147 2.6296900000
-4.3035992832 -1.5533895276 2.6178100000
-4.3035992832 -1.3898748405 2.5862300000
-4.3035992832 -1.2263601534 2.5357200000
-4.3035992832 -1.0628454663 2.4674600000
-4.3035992832 -0.8993307791 2.3829800000
-4.3035992832 -0.7358160920 2.2841000000
-4.3035992832 -0.5723014049 2.1728700000
-4.3035992832 -0.4087867178 2.0515300000
-4.3035992832 -0.2452720307 1.9223900000
-4.3035992832 -0.0817573436 1.7877900000
-4.3035992832 0.0817573436 1.6500500000
-4.3035992832 0.2452720307 1.5113700000
-4.3035992832 0.4087867178 1.3738200000
-4.3035992832 0.5723014049 1.2392300000
-4.3035992832 0.7358160920 1.1092600000
-4.3035992832 0.8993307791 0.9852800000
-4.3035992832 1.0628454663 0.8684000000
-4.3035992832 1.2263601534 0.7594700000
-4.3035992832 1.3898748405 0.6590700000
-4.3035992832 1.5533895276 0.5675400000
-4.1034318747 -5.3142273313 0.5655300000
-4.1034318747 -5.1507126442 0.6625200000
-4.1034318747 -4.9871979571 0.7729600000
-4.1034318747 -4.8236832699 0.8974800000
-4.1034318747 -4.6601685828 1.0363600000
-4.1034318747 -4.4966538957 1.1894800000
-4.1034318747 -4.3331392086 1.3562400000
-4.1034318747 -4.1696245215 1.5355400000
-4.1034318747 -4.0061098344 1.7257900000
-4.1034318747 -3.8425951472 1.9248600000
-4.1034318747 -3.6790804601 2.1301500000
-4.1034318747 -3.5155657730 2.3386100000
-4.1034318747 -3.3520510859 2.5468300000
-4.1034318747 -3.1885363988 2.7511000000
-4.1034318747 -3.0250217117 2.9475400000
-4.1034318747 -2.8615070245 3.1322100000
-4.1034318747 -2.6979923374 3.3012200000
-4.1034318747 -2.5344776503 3.4508800000
-4.1034318747 -2.3709629632 3.5778300000
-4.1034318747 -2.2074482761 3.6791000000
-4.1034318747 -2.0439335890 3.7523200000
-4.1034318747 -1.8804189018 3.7956900000
-4.1034318747 -1.7169042147 3.8081300000
-4.1034318747 -1.5533895276 3.7892900000
-4.1034318747 -1.3898748405 3.7395600000
-4.1034318747 -1.2263601534 3.6600600000
-4.1034318747 -1.0628454663 3.5526100000
-4.1034318747 -0.8993307791 3.4196500000
-4.1034318747 -0.7358160920 3.2641500000
-4.1034318747 -0.5723014049 3.0895300000
-4.1034318747 -0.4087867178 2.8995100000
-4.1034318747 -0.2452720307 2.6980200000
-4.1034318747 -0.0817573436 2.4890300000
-4.1034318747 0.0817573436 2.2764500000
-4.1034318747 0.2452720307 2.0640300000
-4.1034318747 0.4087867178 1.8552300000
-4.1034318747 0.5723014049 1.6531400000
-4.1034318747 0.7358160920 1.4604000000
-4.1034318747 0.8993307791 1.2792000000
-4.1034318747 1.0628454663 1.1112000000
-4.1034318747 1.2263601534 0.9575500000
-4.1034318747 1.3898748405 0.8189300000
-4.1034318747 1.5533895276 0.6955100000
-4.1034318747 1.7169042147 0.5871000000
-3.9032644662 -5.6412567055 0.5156100000
-3.9032644662 -5.4777420184 0.6048100000
-3.9032644662 -5.3142273313 0.7082000000
-3.9032644662 -5.1507126442 0.8273300000
-3.9032644662 -4.9871979571 0.9635300000
-3.9032644662 -4.8236832699 1.1178200000
-3.9032644662 -4.6601685828 1.2908100000
-3.9032644662 -4.4966538957 1.4825900000
-3.9032644662 -4.3331392086 1.6926800000
-3.9032644662 -4.1696245215 1.9199300000
-3.9032644662 -4.0061098344 2.1625100000
-3.9032644662 -3.8425951472 2.4178800000
-3.9032644662 -3.6790804601 2.6828300000
-3.9032644662 -3.5155657730 2.9534600000
-3.9032644662 -3.3520510859 3.2253700000
-3.9032644662 -3.1885363988 3.4936400000
-3.9032644662 -3.0250217117 3.7530800000
-3.9032644662 -2.8615070245 3.9983100000
-3.9032644662 -2.6979923374 4.2239500000
-3.9032644662 -2.5344776503 4.4248300000
-3.9032644662 -2.3709629632 4.5961500000
-3.9032644662 -2.2074482761 4.7336400000
-3.9032644662 -2.0439335890 4.8337600000
-3.9032644662 -1.8804189018 4.8937900000
-3.9032644662 -1.7169042147 4.9120000000
-3.9032644662 -1.5533895276 4.8876500000
-3.9032644662 -1.3898748405 4.8211100000
-3.9032644662 -1.2263601534 4.7137600000
-3.9032644662 -1.0628454663 4.5680400000
-3.9032644662 -0.8993307791 4.3873000000
-3.9032644662 -0.7358160920 4.1756800000
-3.9032644662 -0.5723014049 3.9380200000
-3.9032644662 -0.4087867178 3.6796100000
-3.9032644662 -0.2452720307 3.4060800000
-3.9032644662 -0.0817573436 3.1231500000
-3.9032644662 0.0817573436 2.8364600000
-3.9032644662 0.2452720307 2.5513900000
-3.9032644662 0.4087867178 2.2729100000
-3.9032644662 0.5723014049 2.0054200000
-3.9032644662 0.7358160920 1.7526800000
-3.9032644662 0.8993307791 1.5176700000
-3.9032644662 1.0628454663 1.3026100000
-3.9032644662 1.2263601534 1.1089600000
-3.9032644662 1.3898748405 0.9373600000
-3.9032644662 1.5533895276 0.7877900000
-3.9032644662 1.7169042147 0.6595800000
-3.9032644662 1.8804189018 0.5515200000
-3.7030970576 -5.8047713926 0.5120300000
-3.7030970576 -5.6412567055 0.5979900000
-3.7030970576 -5.4777420184 0.6979900000
-3.7030970576 -5.3142273313 0.8140500000
-3.7030970576 -5.1507126442 0.9480900000
-3.7030970576 -4.9871979571 1.1018500000
-3.7030970576 -4.8236832699 1.2767300000
-3.7030970576 -4.6601685828 1.4736900000
-3.7030970576 -4.4966538957 1.6931200000
-3.7030970576 -4.3331392086 1.9347400000
-3.7030970576 -4.1696245215 2.1974700000
-3.7030970576 -4.0061098344 2.4794300000
-3.7030970576 -3.8425951472 2.7778500000
-3.7030970576 -3.6790804601 3.0890800000
-3.7030970576 -3.5155657730 3.4086700000
-3.7030970576 -3.3520510859 3.7314100000
-3.7030970576 -3.1885363988 4.0514600000
-3.7030970576 -3.0250217117 4.3625000000
-3.7030970576 -2.8615070245 4.6579600000
-3.7030970576 -2.6979923374 4.9311800000
-3.7030970576 -2.5344776503 5.1756400000
-3.7030970576 -2.3709629632 5.3852600000
-3.7030970576 -2.2074482761 5.5545600000
-3.7030970576 -2.0439335890 5.6788900000
-3.7030970576 -1.8804189018 5.7546400000
-3.7030970576 -1.7169042147 5.7793800000
-3.7030970576 -1.5533895276 5.7519800000
-3.7030970576 -1.3898748405 5.6726500000
-3.7030970576 -1.2263601534 5.5429700000
-3.7030970576 -1.0628454663 5.3658400000
-3.7030970576 -0.8993307791 5.1453700000
-3.7030970576 -0.7358160920 4.8867400000
-3.7030970576 -0.5723014049 4.5960300000
-3.7030970576 -0.4087867178 4.2799600000
-3.7030970576 -0.2452720307 3.9456900000
-3.7030970576 -0.0817573436 3.6005400000
-3.7030970576 0.0817573436 3.2517600000
-3.7030970576 0.2452720307 2.9062300000
-3.7030970576 0.4087867178 2.5703200000
-3.7030970576 0.5723014049 2.2496500000
-3.7030970576 0.7358160920 1.9489400000
-3.7030970576 0.8993307791 1.6719500000
-3.7030970576 1.0628454663 1.4213700000
-3.7030970576 1.2263601534 1.1988300000
-3.7030970576 1.3898748405 1.0049400000
-3.7030970576 1.5533895276 0.8393600000
-3.7030970576 1.7169042147 0.7009100000
-3.7030970576 1.8804189018 0.5877000000
-3.5029296491 -5.8047713926 0.5579400000
-3.5029296491 -5.6412567055 0.6476600000
-3.5029296491 -5.4777420184 0.7518800000
-3.5029296491 -5.3142273313 0.8728500000
-3.5029296491 -5.1507126442 1.0127500000
-3.5029296491 -4.9871979571 1.1736300000
-3.5029296491 -4.8236832699 1.3572000000
-3.5029296491 -4.6601685828 1.5647400000
-3.5029296491 -4.4966538957 1.7969500000
-3.5029296491 -4.3331392086 2.0537900000
-3.5029296491 -4.1696245215 2.3343800000
-3.5029296491 -4.0061098344 2.6369300000
-3.5029296491 -3.8425951472 2.9586700000
-3.5029296491 -3.6790804601 3.2958200000
-3.5029296491 -3.5155657730 3.6436400000
-3.5029296491 -3.3520510859 3.9965000000
-3.5029296491 -3.1885363988 4.3480000000
-3.5029296491 -3.0250217117 4.6911500000
-3.5029296491 -2.8615070245 5.0185600000
-3.5029296491 -2.6979923374 5.3226900000
-3.5029296491 -2.5344776503 5.5961000000
-3.5029296491 -2.3709629632 5.8317400000
-3.5029296491 -2.2074482761 6.0232100000
-3.5029296491 -2.0439335890 6.1650300000
-3.5029296491 -1.8804189018 6.2528500000
-3.5029296491 -1.7169042147 6.2836500000
-3.5029296491 -1.5533895276 6.2559200000
-3.5029296491 -1.3898748405 6.1696700000
-3.5029296491 -1.2263601534 6.0265300000
-3.5029296491 -1.0628454663 5.8296700000
-3.5029296491 -0.8993307791 5.5837100000
-3.5029296491 -0.7358160920 5.2945300000
-3.5029296491 -0.5723014049 4.9691000000
-3.5029296491 -0.4087867178 4.6152000000
-3.5029296491 -0.2452720307 4.2411300000
-3.5029296491 -0.0817573436 3.8554000000
-3.5029296491 0.0817573436 3.4664400000
-3.5029296491 0.2452720307 3.0823200000
-3.5029296491 0.4087867178 2.7104400000
-3.5029296491 0.5723014049 2.3573500000
-3.5029296491 0.7358160920 2.0285000000
-3.5029296491 0.8993307791 1.7281900000
-3.5029296491 1.0628454663 1.4594100000
-3.5029296491 1.2263601534 1.2238900000
-3.5029296491 1.3898748405 1.0221100000
-3.5029296491 1.5533895276 0.8533900000
-3.5029296491 1.7169042147 0.7160400000
-3.5029296491 1.8804189018 0.6075200000
-3.5029296491 2.0439335890 0.5246400000
-3.3027622406 -5.8047713926 0.5742400000
-3.3027622406 -5.6412567055 0.6621600000
-3.3027622406 -5.4777420184 0.7639800000
-3.3027622406 -5.3142273313 0.8820000000
-3.3027622406 -5.1507126442 1.0185000000
-3.3027622406 -4.9871979571 1.1756800000
-3.3027622406 -4.8236832699 1.3554400000
-3.3027622406 -4.6601685828 1.5592900000
-3.3027622406 -4.4966538957 1.7881600000
-3.3027622406 -4.3331392086 2.0422700000
-3.3027622406 -4.1696245215 2.3210000000
-3.3027622406 -4.0061098344 2.6227800000
-3.3027622406 -3.8425951472 2.9450200000
-3.3027622406 -3.6790804601 3.2841000000
-3.3027622406 -3.5155657730 3.6353400000
-3.3027622406 -3.3520510859 3.9931000000
-3.3027622406 -3.1885363988 4.3509000000
-3.3027622406 -3.0250217117 4.7015600000
-3.3027622406 -2.8615070245 5.0374400000
-3.3027622406 -2.6979923374 5.3506500000
-3.3027622406 -2.5344776503 5.6333800000
-3.3027622406 -2.3709629632 5.8781400000
-3.3027622406 -2.2074482761 6.0780800000
-3.3027622406 -2.0439335890 6.2272600000
-3.3027622406 -1.8804189018 6.3209300000
-3.3027622406 -1.7169042147 6.3557100000
-3.3027622406 -1.5533895276 6.3297900000
-3.3027622406 -1.3898748405 6.2430100000
-3.3027622406 -1.2263601534 6.0969300000
-3.3027622406 -1.0628454663 5.8947500000
-3.3027622406 -0.8993307791 5.6412600000
-3.3027622406 -0.7358160920 5.3426600000
-3.3027622406 -0.5723014049 5.0062900000
-3.3027622406 -0.4087867178 4.6404200000
-3.3027622406 -0.2452720307 4.2539100000
-3.3027622406 -0.0817573436 3.8558600000
-3.3027622406 0.0817573436 3.4553100000
-3.3027622406 0.2452720307 3.0609000000
-3.3027622406 0.4087867178 2.6805800000
-3.3027622406 0.5723014049 2.3213200000
-3.3027622406 0.7358160920 1.9889500000
-3.3027622406 0.8993307791 1.6879700000
-3.3027622406 1.0628454663 1.4214700000
-3.3027622406 1.2263601534 1.1911300000
-3.3027622406 1.3898748405 0.9972400000
-3.3027622406 1.5533895276 0.8388200000
-3.3027622406 1.7169042147 0.7137400000
-3.3027622406 1.8804189018 0.6189600000
-3.3027622406 2.0439335890 0.5507200000
-3.3027622406 2.2074482761 0.5047800000
-3.1025948321 -5.8047713926 0.5624800000
-3.1025948321 -5.6412567055 0.6438600000
-3.1025948321 -5.4777420184 0.7376300000
-3.1025948321 -5.3142273313 0.8459700000
-3.1025948321 -5.1507126442 0.9710900000
-3.1025948321 -4.9871979571 1.1151400000
-3.1025948321 -4.8236832699 1.2800500000
-3.1025948321 -4.6601685828 1.4674100000
-3.1025948321 -4.4966538957 1.6782800000
-3.1025948321 -4.3331392086 1.9130700000
-3.1025948321 -4.1696245215 2.1714200000
-3.1025948321 -4.0061098344 2.4520500000
-3.1025948321 -3.8425951472 2.7527000000
-3.1025948321 -3.6790804601 3.0701000000
-3.1025948321 -3.5155657730 3.3999600000
-3.1025948321 -3.3520510859 3.7370200000
-3.1025948321 -3.1885363988 4.0751700000
-3.1025948321 -3.0250217117 4.4075800000
-3.1025948321 -2.8615070245 4.7269300000
-3.1025948321 -2.6979923374 5.0256200000
-3.1025948321 -2.5344776503 5.2960400000
-3.1025948321 -2.3709629632 5.5308900000
-3.1025948321 -2.2074482761 5.7234300000
-3.1025948321 -2.0439335890 5.8677800000
-3.1025948321 -1.8804189018 5.9591900000
-3.1025948321 -1.7169042147 5.9942500000
-3.1025948321 -1.5533895276 5.9710500000
-3.1025948321 -1.3898748405 5.8893300000
-3.1025948321 -1.2263601534 5.7504800000
-3.1025948321 -1.0628454663 5.5575600000
-3.1025948321 -0.8993307791 5.3152100000
-3.1025948321 -0.7358160920 5.0294300000
-3.1025948321 -0.5723014049 4.7074300000
-3.1025948321 -0.4087867178 4.3573200000
-3.1025948321 -0.2452720307 3.9878200000
-3.1025948321 -0.0817573436 3.6079200000
-3.1025948321 0.0817573436 3.2265400000
-3.1025948321 0.2452720307 2.8522100000
-3.1025948321 0.4087867178 2.4927600000
-3.1025948321 0.5723014049 2.1550600000
-3.1025948321 0.7358160920 1.8447900000
-3.1025948321 0.8993307791 1.5663100000
-3.1025948321 1.0628454663 1.3225400000
-3.1025948321 1.2263601534 1.1149600000
-3.1025948321 1.3898748405 0.9436400000
-3.1025948321 1.5533895276 0.8073500000
-3.1025948321 1.7169042147 0.7036900000
-3.1025948321 1.8804189018 0.6293400000
-3.1025948321 2.0439335890 0.5802500000
-3.1025948321 2.2074482761 0.5519100000
-3.1025948321 2.3709629632 0.5395900000
-3.1025948321 2.5344776503 0.5385800000
-3.1025948321 2.6979923374 0.5444500000
-3.1025948321 2.8615070245 0.5532000000
-3.1025948321 3.0250217117 0.5614200000
-3.1025948321 3.1885363988 0.5664000000
-3.1025948321 3.3520510859 0.5662000000
-3.1025948321 3.5155657730 0.5596500000
-3.1025948321 3.6790804601 0.5463000000
-3.1025948321 3.8425951472 0.5263600000
-3.1025948321 4.0061098344 0.5005900000
-2.9024274236 -5.8047713926 0.5272300000
-2.9024274236 -5.6412567055 0.5987100000
-2.9024274236 -5.4777420184 0.6804500000
-2.9024274236 -5.3142273313 0.7743800000
-2.9024274236 -5.1507126442 0.8824700000
-2.9024274236 -4.9871979571 1.0066500000
-2.9024274236 -4.8236832699 1.1487100000
-2.9024274236 -4.6601685828 1.3101300000
-2.9024274236 -4.4966538957 1.4919700000
-2.9024274236 -4.3331392086 1.6947300000
-2.9024274236 -4.1696245215 1.9182100000
-2.9024274236 -4.0061098344 2.1614100000
-2.9024274236 -3.8425951472 2.4224800000
-2.9024274236 -3.6790804601 2.6986500000
-2.9024274236 -3.5155657730 2.9862000000
-2.9024274236 -3.3520510859 3.2805800000
-2.9024274236 -3.1885363988 3.5764200000
-2.9024274236 -3.0250217117 3.8677100000
-2.9024274236 -2.8615070245 4.1479600000
-2.9024274236 -2.6979923374 4.4104100000
-2.9024274236 -2.5344776503 4.6482800000
-2.9024274236 -2.3709629632 4.8550300000
-2.9024274236 -2.2074482761 5.0246200000
-2.9024274236 -2.0439335890 5.1517600000
-2.9024274236 -1.8804189018 5.2321500000
-2.9024274236 -1.7169042147 5.2627000000
-2.9024274236 -1.5533895276 5.2417000000
-2.9024274236 -1.3898748405 5.1688600000
-2.9024274236 -1.2263601534 5.0454500000
-2.9024274236 -1.0628454663 4.8742100000
-2.9024274236 -0.8993307791 4.6593300000
-2.9024274236 -0.7358160920 4.4062400000
-2.9024274236 -0.5723014049 4.1214700000
-2.9024274236 -0.4087867178 3.8123700000
-2.9024274236 -0.2452720307 3.4868300000
-2.9024274236 -0.0817573436 3.1530100000
-2.9024274236 0.0817573436 2.8189800000
-2.9024274236 0.2452720307 2.4924500000
-2.9024274236 0.4087867178 2.1804900000
-2.9024274236 0.5723014049 1.8892500000
-2.9024274236 0.7358160920 1.6238000000
-2.9024274236 0.8993307791 1.3879700000
-2.9024274236 1.0628454663 1.1842400000
-2.9024274236 1.2263601534 1.0137600000
-2.9024274236 1.3898748405 0.8763400000
-2.9024274236 1.5533895276 0.7706200000
-2.9024274236 1.7169042147 0.6941300000
-2.9024274236 1.8804189018 0.6435400000
-2.9024274236 2.0439335890 0.6148700000
-2.9024274236 2.2074482761 0.6037100000
-2.9024274236 2.3709629632 0.6054800000
-2.9024274236 2.5344776503 0.6156600000
-2.9024274236 2.6979923374 0.6300000000
-2.9024274236 2.8615070245 0.6447300000
-2.9024274236 3.0250217117 0.6566500000
-2.9024274236 3.1885363988 0.6633000000
-2.9024274236 3.3520510859 0.6629600000
-2.9024274236 3.5155657730 0.6547000000
-2.9024274236 3.6790804601 0.6383100000
-2.9024274236 3.8425951472 0.6142400000
-2.9024274236 4.0061098344 0.5835000000
-2.9024274236 4.1696245215 0.5475000000
-2.9024274236 4.3331392086 0.5079300000
-2.7022600150 -5.6412567055 0.5346200000
-2.7022600150 -5.4777420184 0.6023200000
-2.7022600150 -5.3142273313 0.6794700000
-2.7022600150 -5.1507126442 0.7677000000
-2.7022600150 -4.9871979571 0.8685900000
-2.7022600150 -4.8236832699 0.9836000000
-2.7022600150 -4.6601685828 1.1139900000
-2.7022600150 -4.4966538957 1.2606300000
-2.7022600150 -4.3331392086 1.4239600000
-2.7022600150 -4.1696245215 1.6038600000
-2.7022600150 -4.0061098344 1.7995400000
-2.7022600150 -3.8425951472 2.0095200000
-2.7022600150 -3.6790804601 2.2315500000
-2.7022600150 -3.5155657730 2.4626400000
-2.7022600150 -3.3520510859 2.6990700000
-2.7022600150 -3.1885363988 2.9365100000
-2.7022600150 -3.0250217117 3.1700600000
-2.7022600150 -2.8615070245 3.3944600000
-2.7022600150 -2.6979923374 3.6042300000
-2.7022600150 -2.5344776503 3.7939000000
-2.7022600150 -2.3709629632 3.9581600000
-2.7022600150 -2.2074482761 4.0921700000
-2.7022600150 -2.0439335890 4.1916800000
-2.7022600150 -1.8804189018 4.2532800000
-2.7022600150 -1.7169042147 4.2745600000
-2.7022600150 -1.5533895276 4.2542200000
-2.7022600150 -1.3898748405 4.1921500000
-2.7022600150 -1.2263601534 4.0895000000
-2.7022600150 -1.0628454663 3.9486500000
-2.7022600150 -0.8993307791 3.7731100000
-2.7022600150 -0.7358160920 3.5674500000
-2.7022600150 -0.5723014049 3.3370900000
-2.7022600150 -0.4087867178 3.0881100000
-2.7022600150 -0.2452720307 2.8270400000
-2.7022600150 -0.0817573436 2.5605700000
-2.7022600150 0.0817573436 2.2953200000
-2.7022600150 0.2452720307 2.0375500000
-2.7022600150 0.4087867178 1.7930000000
-2.7022600150 0.5723014049 1.5666200000
-2.7022600150 0.7358160920 1.3624100000
-2.7022600150 0.8993307791 1.1833400000
-2.7022600150 1.0628454663 1.0312500000
-2.7022600150 1.2263601534 0.9068400000
-2.7022600150 1.3898748405 0.8097100000
-2.7022600150 1.5533895276 0.7384400000
-2.7022600150 1.7169042147 0.6907100000
-2.7022600150 1.8804189018 0.6634800000
-2.7022600150 2.0439335890 0.6531900000
-2.7022600150 2.2074482761 0.6559300000
-2.7022600150 2.3709629632 0.6676600000
-2.7022600150 2.5344776503 0.6844500000
-2.7022600150 2.6979923374 0.7026300000
-2.7022600150 2.8615070245 0.7189400000
-2.7022600150 3.0250217117 0.7307000000
-2.7022600150 3.1885363988 0.7358800000
-2.7022600150 3.3520510859 0.7331200000
-2.7022600150 3.5155657730 0.7217900000
-2.7022600150 3.6790804601 0.7019200000
-2.7022600150 3.8425951472 0.6741300000
-2.7022600150 4.0061098344 0.6395300000
-2.7022600150 4.1696245215 0.5996300000
-2.7022600150 4.3331392086 0.5561700000
-2.7022600150 4.4966538957 0.5109900000
-2.5020926065 -5.4777420184 0.5133900000
-2.5020926065 -5.3142273313 0.5736400000
-2.5020926065 -5.1507126442 0.6418700000
-2.5020926065 -4.9871979571 0.7192400000
-2.5020926065 -4.8236832699 0.8068000000
-2.5020926065 -4.6601685828 0.9054000000
-2.5020926065 -4.4966538957 1.0156500000
-2.5020926065 -4.3331392086 1.1377900000
-2.5020926065 -4.1696245215 1.2716300000
-2.5020926065 -4.0061098344 1.4165100000
-2.5020926065 -3.8425951472 1.5712300000
-2.5020926065 -3.6790804601 1.7340300000
-2.5020926065 -3.5155657730 1.9026400000
-2.5020926065 -3.3520510859 2.0742500000
-2.5020926065 -3.1885363988 2.2456400000
-2.5020926065 -3.0250217117 2.4132100000
-2.5020926065 -2.8615070245 2.5731300000
-2.5020926065 -2.6979923374 2.7214600000
-2.5020926065 -2.5344776503 2.8542800000
-2.5020926065 -2.3709629632 2.9679000000
-2.5020926065 -2.2074482761 3.0589400000
-2.5020926065 -2.0439335890 3.1245400000
-2.5020926065 -1.8804189018 3.1624500000
-2.5020926065 -1.7169042147 3.1711900000
-2.5020926065 -1.5533895276 3.1500800000
-2.5020926065 -1.3898748405 3.0993200000
-2.5020926065 -1.2263601534 3.0200200000
-2.5020926065 -1.0628454663 2.9141200000
-2.5020926065 -0.8993307791 2.7844000000
-2.5020926065 -0.7358160920 2.6343500000
-2.5020926065 -0.5723014049 2.4680400000
-2.5020926065 -0.4087867178 2.2899600000
-2.5020926065 -0.2452720307 2.1048800000
-2.5020926065 -0.0817573436 1.9176300000
-2.5020926065 0.0817573436 1.7329500000
-2.5020926065 0.2452720307 1.5552700000
-2.5020926065 0.4087867178 1.3885900000
-2.5020926065 0.5723014049 1.2363000000
-2.5020926065 0.7358160920 1.1010800000
-2.5020926065 0.8993307791 0.9848400000
-2.5020926065 1.0628454663 0.8886200000
-2.5020926065 1.2263601534 0.8126500000
-2.5020926065 1.3898748405 0.7563400000
-2.5020926065 1.5533895276 0.7183500000
-2.5020926065 1.7169042147 0.6967200000
-2.5020926065 1.8804189018 0.6889600000
-2.5020926065 2.0439335890 0.6922100000
-2.5020926065 2.2074482761 0.7033800000
-2.5020926065 2.3709629632 0.7193600000
-2.5020926065 2.5344776503 0.7370900000
-2.5020926065 2.6979923374 0.7537800000
-2.5020926065 2.8615070245 0.7669800000
-2.5020926065 3.0250217117 0.7747000000
-2.5020926065 3.1885363988 0.7754900000
-2.5020926065 3.3520510859 0.7684400000
-2.5020926065 3.5155657730 0.7532200000
-2.5020926065 3.6790804601 0.7300300000
-2.5020926065 3.8425951472 0.6995700000
-2.5020926065 4.0061098344 0.6629300000
-2.5020926065 4.1696245215 0.6215100000
-2.5020926065 4.3331392086 0.5769000000
-2.5020926065 4.4966538957 0.5307900000
-2.3019251980 -5.1507126442 0.5178600000
-2.3019251980 -4.9871979571 0.5740100000
-2.3019251980 -4.8236832699 0.6367000000
-2.3019251980 -4.6601685828 0.7063300000
-2.3019251980 -4.4966538957 0.7831300000
-2.3019251980 -4.3331392086 0.8670700000
-2.3019251980 -4.1696245215 0.9578100000
-2.3019251980 -4.0061098344 1.0547000000
-2.3019251980 -3.8425951472 1.1567300000
-2.3019251980 -3.6790804601 1.2625900000
-2.3019251980 -3.5155657730 1.3706400000
-2.3019251980 -3.3520510859 1.4789500000
-2.3019251980 -3.1885363988 1.5853900000
-2.3019251980 -3.0250217117 1.6876700000
-2.3019251980 -2.8615070245 1.7834200000
-2.3019251980 -2.6979923374 1.8702800000
-2.3019251980 -2.5344776503 1.9460100000
-2.3019251980 -2.3709629632 2.0085500000
-2.3019251980 -2.2074482761 2.0561300000
-2.3019251980 -2.0439335890 2.0873700000
-2.3019251980 -1.8804189018 2.1012800000
-2.3019251980 -1.7169042147 2.0973900000
-2.3019251980 -1.5533895276 2.0757000000
-2.3019251980 -1.3898748405 2.0367900000
-2.3019251980 -1.2263601534 1.9817000000
-2.3019251980 -1.0628454663 1.9119900000
-2.3019251980 -0.8993307791 1.8296200000
-2.3019251980 -0.7358160920 1.7369500000
-2.3019251980 -0.5723014049 1.6365700000
-2.3019251980 -0.4087867178 1.5312800000
-2.3019251980 -0.2452720307 1.4239500000
-2.3019251980 -0.0817573436 1.3174000000
-2.3019251980 0.0817573436 1.2143300000
-2.3019251980 0.2452720307 1.1172000000
-2.3019251980 0.4087867178 1.0281400000
-2.3019251980 0.5723014049 0.9488900000
-2.3019251980 0.7358160920 0.8807200000
-2.3019251980 0.8993307791 0.8244400000
-2.3019251980 1.0628454663 0.7803100000
-2.3019251980 1.2263601534 0.7481400000
-2.3019251980 1.3898748405 0.7272400000
-2.3019251980 1.5533895276 0.7165000000
-2.3019251980 1.7169042147 0.7144500000
-2.3019251980 1.8804189018 0.7193600000
-2.3019251980 2.0439335890 0.7292900000
-2.3019251980 2.2074482761 0.7422000000
-2.3019251980 2.3709629632 0.7560700000
-2.3019251980 2.5344776503 0.7689600000
-2.3019251980 2.6979923374 0.7791100000
-2.3019251980 2.8615070245 0.7850300000
-2.3019251980 3.0250217117 0.7855100000
-2.3019251980 3.1885363988 0.7797400000
-2.3019251980 3.3520510859 0.7672500000
-2.3019251980 3.5155657730 0.7479800000
-2.3019251980 3.6790804601 0.7222300000
-2.3019251980 3.8425951472 0.6906300000
-2.3019251980 4.0061098344 0.6540800000
-2.3019251980 4.1696245215 0.6137200000
-2.3019251980 4.3331392086 0.5708200000
-2.3019251980 4.4966538957 0.5267200000
-2.1017577895 -4.6601685828 0.5320300000
-2.1017577895 -4.4966538957 0.5809800000
-2.1017577895 -4.3331392086 0.6328600000
-2.1017577895 -4.1696245215 0.6871600000
-2.1017577895 -4.0061098344 0.7431800000
-2.1017577895 -3.8425951472 0.8001100000
-2.1017577895 -3.6790804601 0.8569600000
-2.1017577895 -3.5155657730 0.9126900000
-2.1017577895 -3.3520510859 0.9661700000
-2.1017577895 -3.1885363988 1.0162900000
-2.1017577895 -3.0250217117 1.0619400000
-2.1017577895 -2.8615070245 1.1021200000
-2.1017577895 -2.6979923374 1.1359400000
-2.1017577895 -2.5344776503 1.1626800000
-2.1017577895 -2.3709629632 1.1818200000
-2.1017577895 -2.2074482761 1.1930400000
-2.1017577895 -2.0439335890 1.1962700000
-2.1017577895 -1.8804189018 1.1916800000
-2.1017577895 -1.7169042147 1.1796600000
-2.1017577895 -1.5533895276 1.1608100000
-2.1017577895 -1.3898748405 1.1359200000
-2.1017577895 -1.2263601534 1.1059500000
-2.1017577895 -1.0628454663 1.0719700000
-2.1017577895 -0.8993307791 1.0351400000
-2.1017577895 -0.7358160920 0.9966400000
-2.1017577895 -0.5723014049 0.9576500000
-2.1017577895 -0.4087867178 0.9193200000
-2.1017577895 -0.2452720307 0.8827100000
-2.1017577895 -0.0817573436 0.8487400000
-2.1017577895 0.0817573436 0.8182000000
-2.1017577895 0.2452720307 0.7917300000
-2.1017577895 0.4087867178 0.7697500000
-2.1017577895 0.5723014049 0.7525200000
-2.1017577895 0.7358160920 0.7400900000
-2.1017577895 0.8993307791 0.7323300000
-2.1017577895 1.0628454663 0.7289000000
-2.1017577895 1.2263601534 0.7293500000
-2.1017577895 1.3898748405 0.7330500000
-2.1017577895 1.5533895276 0.7392500000
-2.1017577895 1.7169042147 0.7471300000
-2.1017577895 1.8804189018 0.7558000000
-2.1017577895 2.0439335890 0.7643500000
-2.1017577895 2.2074482761 0.7718800000
-2.1017577895 2.3709629632 0.7775000000
-2.1017577895 2.5344776503 0.7804200000
-2.1017577895 2.6979923374 0.7799500000
-2.1017577895 2.8615070245 0.7755100000
-2.1017577895 3.0250217117 0.7666700000
-2.1017577895 3.1885363988 0.7531800000
-2.1017577895 3.3520510859 0.7349500000
-2.1017577895 3.5155657730 0.7120900000
-2.1017577895 3.6790804601 0.6848600000
-2.1017577895 3.8425951472 0.6537200000
-2.1017577895 4.0061098344 0.6192500000
-2.1017577895 4.1696245215 0.5821900000
-2.1017577895 4.3331392086 0.5433400000
-2.1017577895 4.4966538957 0.5035800000
-1.9015903810 -3.8425951472 0.5181900000
-1.9015903810 -3.6790804601 0.5371700000
-1.9015903810 -3.5155657730 0.5526800000
-1.9015903810 -3.3520510859 0.5643600000
-1.9015903810 -3.1885363988 0.5719900000
-1.9015903810 -3.0250217117 0.5755500000
-1.9015903810 -2.8615070245 0.5752000000
-1.9015903810 -2.6979923374 0.5712800000
-1.9015903810 -2.5344776503 0.5643200000
-1.9015903810 -2.3709629632 0.5549900000
-1.9015903810 -2.2074482761 0.5440900000
-1.9015903810 -2.0439335890 0.5325100000
-1.9015903810 -1.8804189018 0.5211500000
-1.9015903810 -1.7169042147 0.5109400000
-1.9015903810 -1.5533895276 0.5027100000
-1.9015903810 -0.8993307791 0.5025200000
-1.9015903810 -0.7358160920 0.5123700000
-1.9015903810 -0.5723014049 0.5261900000
-1.9015903810 -0.4087867178 0.5436600000
-1.9015903810 -0.2452720307 0.5642900000
-1.9015903810 -0.0817573436 0.5874500000
-1.9015903810 0.0817573436 0.6124100000
-1.9015903810 0.2452720307 0.6383700000
-1.9015903810 0.4087867178 0.6645200000
-1.9015903810 0.5723014049 0.6900600000
-1.9015903810 0.7358160920 0.7142400000
-1.9015903810 0.8993307791 0.7363800000
-1.9015903810 1.0628454663 0.7559100000
-1.9015903810 1.2263601534 0.7723900000
-1.9015903810 1.3898748405 0.7854800000
-1.9015903810 1.5533895276 0.7949800000
-1.9015903810 1.7169042147 0.8008000000
-1.9015903810 1.8804189018 0.8029500000
-1.9015903810 2.0439335890 0.8015100000
-1.9015903810 2.2074482761 0.7966500000
-1.9015903810 2.3709629632 0.7885500000
-1.9015903810 2.5344776503 0.7774000000
-1.9015903810 2.6979923374 0.7634300000
-1.9015903810 2.8615070245 0.7468100000
-1.9015903810 3.0250217117 0.7277200000
-1.9015903810 3.1885363988 0.7063000000
-1.9015903810 3.3520510859 0.6826900000
-1.9015903810 3.5155657730 0.6570000000
-1.9015903810 3.6790804601 0.6293700000
-1.9015903810 3.8425951472 0.5999600000
-1.9015903810 4.0061098344 0.5689300000
-1.9015903810 4.1696245215 0.5365400000
-1.9015903810 4.3331392086 0.5030700000
-1.7014229724 -0.2452720307 0.5291200000
-1.7014229724 -0.0817573436 0.5898200000
-1.7014229724 0.0817573436 0.6484300000
-1.7014229724 0.2452720307 0.7033500000
-1.7014229724 0.4087867178 0.7531900000
-1.7014229724 0.5723014049 0.7967500000
-1.7014229724 0.7358160920 0.8330900000
-1.7014229724 0.8993307791 0.8616000000
-1.7014229724 1.0628454663 0.8819400000
-1.7014229724 1.2263601534 0.8941200000
-1.7014229724 1.3898748405 0.8983900000
-1.7014229724 1.5533895276 0.8952800000
-1.7014229724 1.7169042147 0.8855400000
-1.7014229724 1.8804189018 0.8700600000
-1.7014229724 2.0439335890 0.8498300000
-1.7014229724 2.2074482761 0.8258800000
-1.7014229724 2.3709629632 0.7992200000
-1.7014229724 2.5344776503 0.7707900000
-1.7014229724 2.6979923374 0.7414000000
-1.7014229724 2.8615070245 0.7117100000
-1.7014229724 3.0250217117 0.6822000000
-1.7014229724 3.1885363988 0.6531800000
-1.7014229724 3.3520510859 0.6247700000
-1.7014229724 3.5155657730 0.5969400000
-1.7014229724 3.6790804601 0.5695500000
-1.7014229724 3.8425951472 0.5423800000
-1.7014229724 4.0061098344 0.5151400000
-1.5012555639 -0.7358160920 0.5448200000
-1.5012555639 -0.5723014049 0.6361200000
-1.5012555639 -0.4087867178 0.7253700000
-1.5012555639 -0.2452720307 0.8101000000
-1.5012555639 -0.0817573436 0.8880600000
-1.5012555639 0.0817573436 0.9572400000
-1.5012555639 0.2452720307 1.0160000000
-1.5012555639 0.4087867178 1.0631000000
-1.5012555639 0.5723014049 1.0977500000
-1.5012555639 0.7358160920 1.1196100000
-1.5012555639 0.8993307791 1.1287900000
-1.5012555639 1.0628454663 1.1258300000
-1.5012555639 1.2263601534 1.1116400000
-1.5012555639 1.3898748405 1.0874700000
-1.5012555639 1.5533895276 1.0548000000
-1.5012555639 1.7169042147 1.0153000000
-1.5012555639 1.8804189018 0.9707100000
-1.5012555639 2.0439335890 0.9227800000
-1.5012555639 2.2074482761 0.8731900000
-1.5012555639 2.3709629632 0.8234400000
-1.5012555639 2.5344776503 0.7748600000
-1.5012555639 2.6979923374 0.7284800000
-1.5012555639 2.8615070245 0.6850600000
-1.5012555639 3.0250217117 0.6450600000
-1.5012555639 3.1885363988 0.6086200000
-1.5012555639 3.3520510859 0.5756400000
-1.5012555639 3.5155657730 0.5457400000
-1.5012555639 3.6790804601 0.5184100000
-1.3010881554 -1.3898748405 0.5601900000
-1.3010881554 -1.2263601534 0.6911000000
-1.3010881554 -1.0628454663 0.8250500000
-1.3010881554 -0.8993307791 0.9582100000
-1.3010881554 -0.7358160920 1.0867500000
-1.3010881554 -0.5723014049 1.2070200000
-1.3010881554 -0.4087867178 1.3156700000
-1.3010881554 -0.2452720307 1.4098000000
-1.3010881554 -0.0817573436 1.4870900000
-1.3010881554 0.0817573436 1.5458800000
-1.3010881554 0.2452720307 1.5851700000
-1.3010881554 0.4087867178 1.6047000000
-1.3010881554 0.5723014049 1.6048500000
-1.3010881554 0.7358160920 1.5866500000
-1.3010881554 0.8993307791 1.5516800000
-1.3010881554 1.0628454663 1.5019800000
-1.3010881554 1.2263601534 1.4399100000
-1.3010881554 1.3898748405 1.3680800000
-1.3010881554 1.5533895276 1.2891800000
-1.3010881554 1.7169042147 1.2059100000
-1.3010881554 1.8804189018 1.1208300000
-1.3010881554 2.0439335890 1.0363100000
-1.3010881554 2.2074482761 0.9544200000
-1.3010881554 2.3709629632 0.8768500000
-1.3010881554 2.5344776503 0.8049200000
-1.3010881554 2.6979923374 0.7395400000
-1.3010881554 2.8615070245 0.6811600000
-1.3010881554 3.0250217117 0.6298800000
-1.3010881554 3.1885363988 0.5854100000
-1.3010881554 3.3520510859 0.5471400000
-1.3010881554 3.5155657730 0.5142300000
-1.1009207469 -1.8804189018 0.6156000000
-1.1009207469 -1.7169042147 0.7960000000
-1.1009207469 -1.5533895276 0.9885300000
-1.1009207469 -1.3898748405 1.1878500000
-1.1009207469 -1.2263601534 1.3881900000
-1.1009207469 -1.0628454663 1.5836100000
-1.1009207469 -0.8993307791 1.7682200000
-1.1009207469 -0.7358160920 1.9365200000
-1.1009207469 -0.5723014049 2.0836400000
-1.1009207469 -0.4087867178 2.2055100000
-1.1009207469 -0.2452720307 2.2990500000
-1.1009207469 -0.0817573436 2.3623000000
-1.1009207469 0.0817573436 2.3944100000
-1.1009207469 0.2452720307 2.3956600000
-1.1009207469 0.4087867178 2.3674100000
-1.1009207469 0.5723014049 2.3119300000
-1.1009207469 0.7358160920 2.2323000000
-1.1009207469 0.8993307791 2.1322000000
-1.1009207469 1.0628454663 2.0157200000
-1.1009207469 1.2263601534 1.8871400000
-1.1009207469 1.3898748405 1.7508000000
-1.1009207469 1.5533895276 1.6108400000
-1.1009207469 1.7169042147 1.4710800000
-1.1009207469 1.8804189018 1.3349200000
-1.1009207469 2.0439335890 1.2052300000
-1.1009207469 2.2074482761 1.0842500000
-1.1009207469 2.3709629632 0.9736300000
-1.1009207469 2.5344776503 0.8744000000
-1.1009207469 2.6979923374 0.7869600000
-1.1009207469 2.8615070245 0.7112300000
-1.1009207469 3.0250217117 0.6466100000
-1.1009207469 3.1885363988 0.5921600000
-1.1009207469 3.3520510859 0.5466100000
-1.1009207469 3.5155657730 0.5085200000
-0.9007533383 -2.2074482761 0.6798100000
-0.9007533383 -2.0439335890 0.9132200000
-0.9007533383 -1.8804189018 1.1710300000
-0.9007533383 -1.7169042147 1.4467700000
-0.9007533383 -1.5533895276 1.7328600000
-0.9007533383 -1.3898748405 2.0209600000
-0.9007533383 -1.2263601534 2.3023500000
-0.9007533383 -1.0628454663 2.5683600000
-0.9007533383 -0.8993307791 2.8107900000
-0.9007533383 -0.7358160920 3.0222700000
-0.9007533383 -0.5723014049 3.1966400000
-0.9007533383 -0.4087867178 3.3291700000
-0.9007533383 -0.2452720307 3.4167600000
-0.9007533383 -0.0817573436 3.4580200000
-0.9007533383 0.0817573436 3.4533100000
-0.9007533383 0.2452720307 3.4045700000
-0.9007533383 0.4087867178 3.3152200000
-0.9007533383 0.5723014049 3.1899200000
-0.9007533383 0.7358160920 3.0342500000
-0.9007533383 0.8993307791 2.8544100000
-0.9007533383 1.0628454663 2.6569700000
-0.9007533383 1.2263601534 2.4484500000
-0.9007533383 1.3898748405 2.2351500000
-0.9007533383 1.5533895276 2.0228400000
-0.9007533383 1.7169042147 1.8165800000
-0.9007533383 1.8804189018 1.6206000000
-0.9007533383 2.0439335890 1.4382000000
-0.9007533383 2.2074482761 1.2717300000
-0.9007533383 2.3709629632 1.1226000000
-0.9007533383 2.5344776503 0.9913700000
-0.9007533383 2.6979923374 0.8778000000
-0.9007533383 2.8615070245 0.7810300000
-0.9007533383 3.0250217117 0.6996700000
-0.9007533383 3.1885363988 0.6319500000
-0.9007533383 3.3520510859 0.5758900000
-0.9007533383 3.5155657730 0.5293900000
-0.7005859298 -2.5344776503 0.5751800000
-0.7005859298 -2.3709629632 0.8307200000
-0.7005859298 -2.2074482761 1.1279400000
-0.7005859298 -2.0439335890 1.4611100000
-0.7005859298 -1.8804189018 1.8224700000
-0.7005859298 -1.7169042147 2.2025100000
-0.7005859298 -1.5533895276 2.5904400000
-0.7005859298 -1.3898748405 2.9746600000
-0.7005859298 -1.2263601534 3.3433400000
-0.7005859298 -1.0628454663 3.6849600000
-0.7005859298 -0.8993307791 3.9888800000
-0.7005859298 -0.7358160920 4.2458400000
-0.7005859298 -0.5723014049 4.4483700000
-0.7005859298 -0.4087867178 4.5911300000
-0.7005859298 -0.2452720307 4.6710700000
-0.7005859298 -0.0817573436 4.6875300000
-0.7005859298 0.0817573436 4.6421700000
-0.7005859298 0.2452720307 4.5387800000
-0.7005859298 0.4087867178 4.3830400000
-0.7005859298 0.5723014049 4.1821100000
-0.7005859298 0.7358160920 3.9442500000
-0.7005859298 0.8993307791 3.6783900000
-0.7005859298 1.0628454663 3.3936300000
-0.7005859298 1.2263601534 3.0989000000
-0.7005859298 1.3898748405 2.8025200000
-0.7005859298 1.5533895276 2.5119500000
-0.7005859298 1.7169042147 2.2335200000
-0.7005859298 1.8804189018 1.9723100000
-0.7005859298 2.0439335890 1.7320400000
-0.7005859298 2.2074482761 1.5151400000
-0.7005859298 2.3709629632 1.3227600000
-0.7005859298 2.5344776503 1.1549700000
-0.7005859298 2.6979923374 1.0108400000
-0.7005859298 2.8615070245 0.8887400000
-0.7005859298 3.0250217117 0.7864600000
-0.7005859298 3.1885363988 0.7014400000
-0.7005859298 3.3520510859 0.6309900000
-0.7005859298 3.5155657730 0.5724000000
-0.7005859298 3.6790804601 0.5231300000
-0.5004185213 -2.6979923374 0.5916900000
-0.5004185213 -2.5344776503 0.8781400000
-0.5004185213 -2.3709629632 1.2195900000
-0.5004185213 -2.2074482761 1.6107600000
-0.5004185213 -2.0439335890 2.0436200000
-0.5004185213 -1.8804189018 2.5077200000
-0.5004185213 -1.7169042147 2.9906200000
-0.5004185213 -1.5533895276 3.4784400000
-0.5004185213 -1.3898748405 3.9565000000
-0.5004185213 -1.2263601534 4.4100200000
-0.5004185213 -1.0628454663 4.8248400000
-0.5004185213 -0.8993307791 5.1880800000
-0.5004185213 -0.7358160920 5.4887400000
-0.5004185213 -0.5723014049 5.7182100000
-0.5004185213 -0.4087867178 5.8706400000
-0.5004185213 -0.2452720307 5.9430800000
-0.5004185213 -0.0817573436 5.9356100000
-0.5004185213 0.0817573436 5.8511500000
-0.5004185213 0.2452720307 5.6952500000
-0.5004185213 0.4087867178 5.4757000000
-0.5004185213 0.5723014049 5.2020400000
-0.5004185213 0.7358160920 4.8850200000
-0.5004185213 0.8993307791 4.5360800000
-0.5004185213 1.0628454663 4.1667400000
-0.5004185213 1.2263601534 3.7881000000
-0.5004185213 1.3898748405 3.4104200000
-0.5004185213 1.5533895276 3.0427100000
-0.5004185213 1.7169042147 2.6925200000
-0.5004185213 1.8804189018 2.3657100000
-0.5004185213 2.0439335890 2.0664800000
-0.5004185213 2.2074482761 1.7973500000
-0.5004185213 2.3709629632 1.5593200000
-0.5004185213 2.5344776503 1.3520400000
-0.5004185213 2.6979923374 1.1740700000
-0.5004185213 2.8615070245 1.0230900000
-0.5004185213 3.0250217117 0.8962500000
-0.5004185213 3.1885363988 0.7903500000
-0.5004185213 3.3520510859 0.7021000000
-0.5004185213 3.5155657730 0.6283100000
-0.5004185213 3.6790804601 0.5660500000
-0.5004185213 3.8425951472 0.5127400000
-0.3002511128 -2.8615070245 0.5482800000
-0.3002511128 -2.6979923374 0.8395200000
-0.3002511128 -2.5344776503 1.1971700000
-0.3002511128 -2.3709629632 1.6174500000
-0.3002511128 -2.2074482761 2.0933500000
-0.3002511128 -2.0439335890 2.6147800000
-0.3002511128 -1.8804189018 3.1689600000
-0.3002511128 -1.7169042147 3.7409700000
-0.3002511128 -1.5533895276 4.3143600000
-0.3002511128 -1.3898748405 4.8719600000
-0.3002511128 -1.2263601534 5.3966600000
-0.3002511128 -1.0628454663 5.8722400000
-0.3002511128 -0.8993307791 6.2841100000
-0.3002511128 -0.7358160920 6.6200200000
-0.3002511128 -0.5723014049 6.8705400000
-0.3002511128 -0.4087867178 7.0295200000
-0.3002511128 -0.2452720307 7.0942100000
-0.3002511128 -0.0817573436 7.0653500000
-0.3002511128 0.0817573436 6.9469500000
-0.3002511128 0.2452720307 6.7460000000
-0.3002511128 0.4087867178 6.4720000000
-0.3002511128 0.5723014049 6.1364000000
-0.3002511128 0.7358160920 5.7519400000
-0.3002511128 0.8993307791 5.3320400000
-0.3002511128 1.0628454663 4.8901300000
-0.3002511128 1.2263601534 4.4390500000
-0.3002511128 1.3898748405 3.9905900000
-0.3002511128 1.5533895276 3.5550300000
-0.3002511128 1.7169042147 3.1409100000
-0.3002511128 1.8804189018 2.7548000000
-0.3002511128 2.0439335890 2.4013200000
-0.3002511128 2.2074482761 2.0831700000
-0.3002511128 2.3709629632 1.8013300000
-0.3002511128 2.5344776503 1.5552500000
-0.3002511128 2.6979923374 1.3431600000
-0.3002511128 2.8615070245 1.1623900000
-0.3002511128 3.0250217117 1.0096400000
-0.3002511128 3.1885363988 0.8813200000
-0.3002511128 3.3520510859 0.7737700000
-0.3002511128 3.5155657730 0.6835000000
-0.3002511128 3.6790804601 0.6073300000
-0.3002511128 3.8425951472 0.5424900000
-0.1000837043 -2.8615070245 0.7595500000
-0.1000837043 -2.6979923374 1.1050200000
-0.1000837043 -2.5344776503 1.5219500000
-0.1000837043 -2.3709629632 2.0053000000
-0.1000837043 -2.2074482761 2.5465700000
-0.1000837043 -2.0439335890 3.1340800000
-0.1000837043 -1.8804189018 3.7533900000
-0.1000837043 -1.7169042147 4.3878600000
-0.1000837043 -1.5533895276 5.0194500000
-0.1000837043 -1.3898748405 5.6294700000
-0.1000837043 -1.2263601534 6.1995100000
-0.1000837043 -1.0628454663 6.7122400000
-0.1000837043 -0.8993307791 7.1522600000
-0.1000837043 -0.7358160920 7.5067600000
-0.1000837043 -0.5723014049 7.7661000000
-0.1000837043 -0.4087867178 7.9241500000
-0.1000837043 -0.2452720307 7.9785000000
-0.1000837043 -0.0817573436 7.9304800000
-0.1000837043 0.0817573436 7.7848900000
-0.1000837043 0.2452720307 7.5497000000
-0.1000837043 0.4087867178 7.2355200000
-0.1000837043 0.5723014049 6.8549600000
-0.1000837043 0.7358160920 6.4219800000
-0.1000837043 0.8993307791 5.9511800000
-0.1000837043 1.0628454663 5.4571100000
-0.1000837043 1.2263601534 4.9536800000
-0.1000837043 1.3898748405 4.4535700000
-0.1000837043 1.5533895276 3.9678600000
-0.1000837043 1.7169042147 3.5056800000
-0.1000837043 1.8804189018 3.0741300000
-0.1000837043 2.0439335890 2.6781500000
-0.1000837043 2.2074482761 2.3206700000
-0.1000837043 2.3709629632 2.0027700000
-0.1000837043 2.5344776503 1.7239200000
-0.1000837043 2.6979923374 1.4823400000
-0.1000837043 2.8615070245 1.2752400000
-0.1000837043 3.0250217117 1.0992400000
-0.1000837043 3.1885363988 0.9506200000
-0.1000837043 3.3520510859 0.8256200000
-0.1000837043 3.5155657730 0.7206500000
-0.1000837043 3.6790804601 0.6324000000
-0.1000837043 3.8425951472 0.5580500000
0.1000837043 -5.4777420184 0.5160600000
0.1000837043 -5.3142273313 0.5212300000
0.1000837043 -5.1507126442 0.5116600000
0.1000837043 -3.0250217117 0.6881100000
0.1000837043 -2.8615070245 1.0004500000
0.1000837043 -2.6979923374 1.3866600000
0.1000837043 -2.5344776503 1.8440200000
0.1000837043 -2.3709629632 2.3663500000
0.1000837043 -2.2074482761 2.9441200000
0.1000837043 -2.0439335890 3.5647100000
0.1000837043 -1.8804189018 4.2129200000
0.1000837043 -1.7169042147 4.8715700000
0.1000837043 -1.5533895276 5.5222000000
0.1000837043 -1.3898748405 6.1459800000
0.1000837043 -1.2263601534 6.7244900000
0.1000837043 -1.0628454663 7.2405700000
0.1000837043 -0.8993307791 7.6791300000
0.1000837043 -0.7358160920 8.0277600000
0.1000837043 -0.5723014049 8.2773000000
0.1000837043 -0.4087867178 8.4221300000
0.1000837043 -0.2452720307 8.4603700000
0.1000837043 -0.0817573436 8.3938300000
0.1000837043 0.0817573436 8.2277800000
0.1000837043 0.2452720307 7.9706100000
0.1000837043 0.4087867178 7.6332600000
0.1000837043 0.5723014049 7.2286700000
0.1000837043 0.7358160920 6.7710300000
0.1000837043 0.8993307791 6.2751600000
0.1000837043 1.0628454663 5.7558000000
0.1000837043 1.2263601534 5.2269700000
0.1000837043 1.3898748405 4.7015300000
0.1000837043 1.5533895276 4.1906800000
0.1000837043 1.7169042147 3.7037200000
0.1000837043 1.8804189018 3.2478700000
0.1000837043 2.0439335890 2.8282700000
0.1000837043 2.2074482761 2.4480400000
0.1000837043 2.3709629632 2.1084300000
0.1000837043 2.5344776503 1.8091500000
0.1000837043 2.6979923374 1.5485700000
0.1000837043 2.8615070245 1.3241500000
0.1000837043 3.0250217117 1.1326600000
0.1000837043 3.1885363988 0.9705600000
0.1000837043 3.3520510859 0.8342100000
0.1000837043 3.5155657730 0.7201000000
0.1000837043 3.6790804601 0.6249900000
0.1000837043 3.8425951472 0.5460300000
0.3002511128 -5.8047713926 0.5107400000
0.3002511128 -5.6412567055 0.5284700000
0.3002511128 -5.4777420184 0.5363900000
0.3002511128 -5.3142273313 0.5321400000
0.3002511128 -5.1507126442 0.5143000000
0.3002511128 -3.1885363988 0.6621200000
0.3002511128 -3.0250217117 0.9323300000
0.3002511128 -2.8615070245 1.2717900000
0.3002511128 -2.6979923374 1.6796900000
0.3002511128 -2.5344776503 2.1521400000
0.3002511128 -2.3709629632 2.6821300000
0.3002511128 -2.2074482761 3.2596500000
0.3002511128 -2.0439335890 3.8720700000
0.3002511128 -1.8804189018 4.5045400000
0.3002511128 -1.7169042147 5.1405900000
0.3002511128 -1.5533895276 5.7628800000
0.3002511128 -1.3898748405 6.3538500000
0.3002511128 -1.2263601534 6.8965900000
0.3002511128 -1.0628454663 7.3755100000
0.3002511128 -0.8993307791 7.7770400000
0.3002511128 -0.7358160920 8.0902200000
0.3002511128 -0.5723014049 8.3071100000
0.3002511128 -0.4087867178 8.4230900000
0.3002511128 -0.2452720307 8.4369900000
0.3002511128 -0.0817573436 8.3510100000
0.3002511128 0.0817573436 8.1705300000
0.3002511128 0.2452720307 7.9037300000
0.3002511128 0.4087867178 7.5611500000
0.3002511128 0.5723014049 7.1550600000
0.3002511128 0.7358160920 6.6989300000
0.3002511128 0.8993307791 6.2067400000
0.3002511128 1.0628454663 5.6923900000
0.3002511128 1.2263601534 5.1691300000
0.3002511128 1.3898748405 4.6491100000
0.3002511128 1.5533895276 4.1429900000
0.3002511128 1.7169042147 3.6596500000
0.3002511128 1.8804189018 3.2061000000
0.3002511128 2.0439335890 2.7873800000
0.3002511128 2.2074482761 2.4066800000
0.3002511128 2.3709629632 2.0654600000
0.3002511128 2.5344776503 1.7637200000
0.3002511128 2.6979923374 1.5002000000
0.3002511128 2.8615070245 1.2727400000
0.3002511128 3.0250217117 1.0785200000
0.3002511128 3.1885363988 0.9143500000
0.3002511128 3.3520510859 0.7769000000
0.3002511128 3.5155657730 0.6629200000
0.3002511128 3.6790804601 0.5693100000
0.5004185213 -5.9682860798 0.5073000000
0.5004185213 -5.8047713926 0.5205800000
0.5004185213 -5.6412567055 0.5263400000
0.5004185213 -5.4777420184 0.5228400000
0.5004185213 -5.3142273313 0.5090800000
0.5004185213 -3.5155657730 0.5220900000
0.5004185213 -3.3520510859 0.6968500000
0.5004185213 -3.1885363988 0.9279800000
0.5004185213 -3.0250217117 1.2178500000
0.5004185213 -2.8615070245 1.5665900000
0.5004185213 -2.6979923374 1.9718200000
0.5004185213 -2.5344776503 2.4286700000
0.5004185213 -2.3709629632 2.9297700000
0.5004185213 -2.2074482761 3.4654300000
0.5004185213 -2.0439335890 4.0239900000
0.5004185213 -1.8804189018 4.5921900000
0.5004185213 -1.7169042147 5.1557100000
0.5004185213 -1.5533895276 5.6997000000
0.5004185213 -1.3898748405 6.2094400000
0.5004185213 -1.2263601534 6.6709000000
0.5004185213 -1.0628454663 7.0713800000
0.5004185213 -0.8993307791 7.3999600000
0.5004185213 -0.7358160920 7.6480200000
0.5004185213 -0.5723014049 7.8095100000
0.5004185213 -0.4087867178 7.8811800000
0.5004185213 -0.2452720307 7.8626600000
0.5004185213 -0.0817573436 7.7563800000
0.5004185213 0.0817573436 7.5674200000
0.5004185213 0.2452720307 7.3031700000
0.5004185213 0.4087867178 6.9729500000
0.5004185213 0.5723014049 6.5875600000
0.5004185213 0.7358160920 6.1587600000
0.5004185213 0.8993307791 5.6987500000
0.5004185213 1.0628454663 5.2196700000
0.5004185213 1.2263601534 4.7331400000
0.5004185213 1.3898748405 4.2498700000
0.5004185213 1.5533895276 3.7793100000
0.5004185213 1.7169042147 3.3294400000
0.5004185213 1.8804189018 2.9066100000
0.5004185213 2.0439335890 2.5155400000
0.5004185213 2.2074482761 2.1593300000
0.5004185213 2.3709629632 1.8395600000
0.5004185213 2.5344776503 1.5565400000
0.5004185213 2.6979923374 1.3094200000
0.5004185213 2.8615070245 1.0965200000
0.5004185213 3.0250217117 0.9155200000
0.5004185213 3.1885363988 0.7637100000
0.5004185213 3.3520510859 0.6381600000
0.5004185213 3.5155657730 0.5359300000
0.7005859298 -5.9682860798 0.5002600000
0.7005859298 -3.8425951472 0.5071300000
0.7005859298 -3.6790804601 0.6267700000
0.7005859298 -3.5155657730 0.7870200000
0.7005859298 -3.3520510859 0.9906300000
0.7005859298 -3.1885363988 1.2389100000
0.7005859298 -3.0250217117 1.5316300000
0.7005859298 -2.8615070245 1.8668300000
0.7005859298 -2.6979923374 2.2408000000
0.7005859298 -2.5344776503 2.6481400000
0.7005859298 -2.3709629632 3.0818300000
0.7005859298 -2.2074482761 3.5334300000
0.7005859298 -2.0439335890 3.9933500000
0.7005859298 -1.8804189018 4.4511600000
0.7005859298 -1.7169042147 4.8959500000
0.7005859298 -1.5533895276 5.3167100000
0.7005859298 -1.3898748405 5.7027500000
0.7005859298 -1.2263601534 6.0441200000
0.7005859298 -1.0628454663 6.3319300000
0.7005859298 -0.8993307791 6.5587400000
0.7005859298 -0.7358160920 6.7188400000
0.7005859298 -0.5723014049 6.8083900000
0.7005859298 -0.4087867178 6.8256500000
0.7005859298 -0.2452720307 6.7709300000
0.7005859298 -0.0817573436 6.6466100000
0.7005859298 0.0817573436 6.4569700000
0.7005859298 0.2452720307 6.2080000000
0.7005859298 0.4087867178 5.9071500000
0.7005859298 0.5723014049 5.5629500000
0.7005859298 0.7358160920 5.1847100000
0.7005859298 0.8993307791 4.7821100000
0.7005859298 1.0628454663 4.3648500000
0.7005859298 1.2263601534 3.9422700000
0.7005859298 1.3898748405 3.5230900000
0.7005859298 1.5533895276 3.1151000000
0.7005859298 1.7169042147 2.7249900000
0.7005859298 1.8804189018 2.3582300000
0.7005859298 2.0439335890 2.0189800000
0.7005859298 2.2074482761 1.7101100000
0.7005859298 2.3709629632 1.4332800000
0.7005859298 2.5344776503 1.1890200000
0.7005859298 2.6979923374 0.9769100000
0.7005859298 2.8615070245 0.7957300000
0.7005859298 3.0250217117 0.6436800000
0.7005859298 3.1885363988 0.5185000000
0.9007533383 -4.1696245215 0.5226000000
0.9007533383 -4.0061098344 0.6236700000
0.9007533383 -3.8425951472 0.7538300000
0.9007533383 -3.6790804601 0.9142300000
0.9007533383 -3.5155657730 1.1050700000
0.9007533383 -3.3520510859 1.3255900000
0.9007533383 -3.1885363988 1.5740000000
0.9007533383 -3.0250217117 1.8475800000
0.9007533383 -2.8615070245 2.1426800000
0.9007533383 -2.6979923374 2.4548500000
0.9007533383 -2.5344776503 2.7789400000
0.9007533383 -2.3709629632 3.1092000000
0.9007533383 -2.2074482761 3.4395000000
0.9007533383 -2.0439335890 3.7634000000
0.9007533383 -1.8804189018 4.0744000000
0.9007533383 -1.7169042147 4.3660200000
0.9007533383 -1.5533895276 4.6320400000
0.9007533383 -1.3898748405 4.8666200000
0.9007533383 -1.2263601534 5.0644800000
0.9007533383 -1.0628454663 5.2210400000
0.9007533383 -0.8993307791 5.3325500000
0.9007533383 -0.7358160920 5.3962500000
0.9007533383 -0.5723014049 5.4104200000
0.9007533383 -0.4087867178 5.3744800000
0.9007533383 -0.2452720307 5.2890400000
0.9007533383 -0.0817573436 5.1558900000
0.9007533383 0.0817573436 4.9779400000
0.9007533383 0.2452720307 4.7591900000
0.9007533383 0.4087867178 4.5045700000
0.9007533383 0.5723014049 4.2198100000
0.9007533383 0.7358160920 3.9112300000
0.9007533383 0.8993307791 3.5855400000
0.9007533383 1.0628454663 3.2496100000
0.9007533383 1.2263601534 2.9102400000
0.9007533383 1.3898748405 2.5739100000
0.9007533383 1.5533895276 2.2466300000
0.9007533383 1.7169042147 1.9337000000
0.9007533383 1.8804189018 1.6396400000
0.9007533383 2.0439335890 1.3680500000
0.9007533383 2.2074482761 1.1215600000
0.9007533383 2.3709629632 0.9018700000
0.9007533383 2.5344776503 0.7097700000
0.9007533383 2.6979923374 0.5452200000
1.1009207469 -4.4966538957 0.5061800000
1.1009207469 -4.3331392086 0.6074800000
1.1009207469 -4.1696245215 0.7334900000
1.1009207469 -4.0061098344 0.8833900000
1.1009207469 -3.8425951472 1.0553300000
1.1009207469 -3.6790804601 1.2465800000
1.1009207469 -3.5155657730 1.4536600000
1.1009207469 -3.3520510859 1.6725000000
1.1009207469 -3.1885363988 1.8987000000
1.1009207469 -3.0250217117 2.1277300000
1.1009207469 -2.8615070245 2.3551200000
1.1009207469 -2.6979923374 2.5766500000
1.1009207469 -2.5344776503 2.7884800000
1.1009207469 -2.3709629632 2.9872700000
1.1009207469 -2.2074482761 3.1702200000
1.1009207469 -2.0439335890 3.3350300000
1.1009207469 -1.8804189018 3.4799100000
1.1009207469 -1.7169042147 3.6035000000
1.1009207469 -1.5533895276 3.7047600000
1.1009207469 -1.3898748405 3.7828800000
1.1009207469 -1.2263601534 3.8372400000
1.1009207469 -1.0628454663 3.8672900000
1.1009207469 -0.8993307791 3.8725400000
1.1009207469 -0.7358160920 3.8525800000
1.1009207469 -0.5723014049 3.8070800000
1.1009207469 -0.4087867178 3.7358600000
1.1009207469 -0.2452720307 3.6389900000
1.1009207469 -0.0817573436 3.5168800000
1.1009207469 0.0817573436 3.3703700000
1.1009207469 0.2452720307 3.2008000000
1.1009207469 0.4087867178 3.0100900000
1.1009207469 0.5723014049 2.8007700000
1.1009207469 0.7358160920 2.5759400000
1.1009207469 0.8993307791 2.3392200000
1.1009207469 1.0628454663 2.0946700000
1.1009207469 1.2263601534 1.8466200000
1.1009207469 1.3898748405 1.5995500000
1.1009207469 1.5533895276 1.3578900000
1.1009207469 1.7169042147 1.1258400000
1.1009207469 1.8804189018 0.9072200000
1.1009207469 2.0439335890 0.7053300000
1.1009207469 2.2074482761 0.5227700000
1.3010881554 -4.6601685828 0.5452000000
1.3010881554 -4.4966538957 0.6732000000
1.3010881554 -4.3331392086 0.8255100000
1.3010881554 -4.1696245215 0.9987600000
1.3010881554 -4.0061098344 1.1883500000
1.3010881554 -3.8425951472 1.3886200000
1.3010881554 -3.6790804601 1.5932700000
1.3010881554 -3.5155657730 1.7956800000
1.3010881554 -3.3520510859 1.9893300000
1.3010881554 -3.1885363988 2.1682200000
1.3010881554 -3.0250217117 2.3271900000
1.3010881554 -2.8615070245 2.4622400000
1.3010881554 -2.6979923374 2.5706900000
1.3010881554 -2.5344776503 2.6513100000
1.3010881554 -2.3709629632 2.7042600000
1.3010881554 -2.2074482761 2.7310400000
1.3010881554 -2.0439335890 2.7341900000
1.3010881554 -1.8804189018 2.7170800000
1.3010881554 -1.7169042147 2.6835400000
1.3010881554 -1.5533895276 2.6375200000
1.3010881554 -1.3898748405 2.5827500000
1.3010881554 -1.2263601534 2.5224700000
1.3010881554 -1.0628454663 2.4591600000
1.3010881554 -0.8993307791 2.3944200000
1.3010881554 -0.7358160920 2.3289100000
1.3010881554 -0.5723014049 2.2623600000
1.3010881554 -0.4087867178 2.1936900000
1.3010881554 -0.2452720307 2.1212600000
1.3010881554 -0.0817573436 2.0430100000
1.3010881554 0.0817573436 1.9568200000
1.3010881554 0.2452720307 1.8607300000
1.3010881554 0.4087867178 1.7532300000
1.3010881554 0.5723014049 1.6334300000
1.3010881554 0.7358160920 1.5012200000
1.3010881554 0.8993307791 1.3573700000
1.3010881554 1.0628454663 1.2034900000
1.3010881554 1.2263601534 1.0419800000
1.3010881554 1.3898748405 0.8759200000
1.3010881554 1.5533895276 0.7088000000
1.3010881554 1.7169042147 0.5443900000
1.5012555639 -4.8236832699 0.5660600000
1.5012555639 -4.6601685828 0.7163400000
1.5012555639 -4.4966538957 0.8917100000
1.5012555639 -4.3331392086 1.0868300000
1.5012555639 -4.1696245215 1.2947400000
1.5012555639 -4.0061098344 1.5072900000
1.5012555639 -3.8425951472 1.7155700000
1.5012555639 -3.6790804601 1.9105400000
1.5012555639 -3.5155657730 2.0835600000
1.5012555639 -3.3520510859 2.2270100000
1.5012555639 -3.1885363988 2.3347600000
1.5012555639 -3.0250217117 2.4026200000
1.5012555639 -2.8615070245 2.4285900000
1.5012555639 -2.6979923374 2.4130300000
1.5012555639 -2.5344776503 2.3585700000
1.5012555639 -2.3709629632 2.2699300000
1.5012555639 -2.2074482761 2.1535700000
1.5012555639 -2.0439335890 2.0172000000
1.5012555639 -1.8804189018 1.8692800000
1.5012555639 -1.7169042147 1.7183600000
1.5012555639 -1.5533895276 1.5725200000
1.5012555639 -1.3898748405 1.4388500000
1.5012555639 -1.2263601534 1.3229600000
1.5012555639 -1.0628454663 1.2286900000
1.5012555639 -0.8993307791 1.1578900000
1.5012555639 -0.7358160920 1.1104200000
1.5012555639 -0.5723014049 1.0842400000
1.5012555639 -0.4087867178 1.0757100000
1.5012555639 -0.2452720307 1.0798900000
1.5012555639 -0.0817573436 1.0910500000
1.5012555639 0.0817573436 1.1030900000
1.5012555639 0.2452720307 1.1101100000
1.5012555639 0.4087867178 1.1067800000
1.5012555639 0.5723014049 1.0887800000
1.5012555639 0.7358160920 1.0530400000
1.5012555639 0.8993307791 0.9979600000
1.5012555639 1.0628454663 0.9234300000
1.5012555639 1.2263601534 0.8307900000
1.5012555639 1.3898748405 0.7226300000
1.5012555639 1.5533895276 0.6025800000
1.7014229724 -4.9871979571 0.5680500000
1.7014229724 -4.8236832699 0.7335500000
1.7014229724 -4.6601685828 0.9254800000
1.7014229724 -4.4966538957 1.1370600000
1.7014229724 -4.3331392086 1.3596000000
1.7014229724 -4.1696245215 1.5829400000
1.7014229724 -4.0061098344 1.7961100000
1.7014229724 -3.8425951472 1.9879900000
1.7014229724 -3.6790804601 2.1481200000
1.7014229724 -3.5155657730 2.2674000000
1.7014229724 -3.3520510859 2.3387700000
1.7014229724 -3.1885363988 2.3577400000
1.7014229724 -3.0250217117 2.3228300000
1.7014229724 -2.8615070245 2.2356600000
1.7014229724 -2.6979923374 2.1009900000
1.7014229724 -2.5344776503 1.9264100000
1.7014229724 -2.3709629632 1.7219000000
1.7014229724 -2.2074482761 1.4992000000
1.7014229724 -2.0439335890 1.2710600000
1.7014229724 -1.8804189018 1.0503800000
1.7014229724 -1.7169042147 0.8494100000
1.7014229724 -1.5533895276 0.6789500000
1.7014229724 -1.3898748405 0.5476400000
1.7014229724 -0.5723014049 0.5819400000
1.7014229724 -0.4087867178 0.7064000000
1.7014229724 -0.2452720307 0.8517700000
1.7014229724 -0.0817573436 1.0072400000
1.7014229724 0.0817573436 1.1618100000
1.7014229724 0.2452720307 1.3049700000
1.7014229724 0.4087867178 1.4273500000
1.7014229724 0.5723014049 1.5212900000
1.7014229724 0.7358160920 1.5812000000
1.7014229724 0.8993307791 1.6037900000
1.7014229724 1.0628454663 1.5881600000
1.7014229724 1.2263601534 1.5356500000
1.7014229724 1.3898748405 1.4496400000
1.7014229724 1.5533895276 1.3351100000
1.7014229724 1.7169042147 1.1982700000
1.7014229724 1.8804189018 1.0459800000
1.7014229724 2.0439335890 0.8853200000
1.7014229724 2.2074482761 0.7231300000
1.7014229724 2.3709629632 0.5655500000
1.9015903810 -5.1507126442 0.5494800000
1.9015903810 -4.9871979571 0.7215300000
1.9015903810 -4.8236832699 0.9213400000
1.9015903810 -4.6601685828 1.1413300000
1.9015903810 -4.4966538957 1.3716700000
1.9015903810 -4.3331392086 1.6008700000
1.9015903810 -4.1696245215 1.8164300000
1.9015903810 -4.0061098344 2.0057100000
1.9015903810 -3.8425951472 2.1568300000
1.9015903810 -3.6790804601 2.2595000000
1.9015903810 -3.5155657730 2.3059300000
1.9015903810 -3.3520510859 2.2914100000
1.9015903810 -3.1885363988 2.2148800000
1.9015903810 -3.0250217117 2.0791300000
1.9015903810 -2.8615070245 1.8908200000
1.9015903810 -2.6979923374 1.6601500000
1.9015903810 -2.5344776503 1.4003700000
1.9015903810 -2.3709629632 1.1269700000
1.9015903810 -2.2074482761 0.8567900000
1.9015903810 -2.0439335890 0.6069000000
1.9015903810 -0.7358160920 0.7121600000
1.9015903810 -0.5723014049 1.0140800000
1.9015903810 -0.4087867178 1.3511200000
1.9015903810 -0.2452720307 1.7069800000
1.9015903810 -0.0817573436 2.0645900000
1.9015903810 0.0817573436 2.4071600000
1.9015903810 0.2452720307 2.7191200000
1.9015903810 0.4087867178 2.9869400000
1.9015903810 0.5723014049 3.1998300000
1.9015903810 0.7358160920 3.3502000000
1.9015903810 0.8993307791 3.4339100000
1.9015903810 1.0628454663 3.4502400000
1.9015903810 1.2263601534 3.4017400000
1.9015903810 1.3898748405 3.2938000000
1.9015903810 1.5533895276 3.1341400000
1.9015903810 1.7169042147 2.9321500000
1.9015903810 1.8804189018 2.6981900000
1.9015903810 2.0439335890 2.4429700000
1.9015903810 2.2074482761 2.1768400000
1.9015903810 2.3709629632 1.9093300000
1.9015903810 2.5344776503 1.6486400000
1.9015903810 2.6979923374 1.4014500000
1.9015903810 2.8615070245 1.1727100000
1.9015903810 3.0250217117 0.9656700000
1.9015903810 3.1885363988 0.7819800000
1.9015903810 3.3520510859 0.6218800000
2.1017577895 -5.3142273313 0.5097000000
2.1017577895 -5.1507126442 0.6787900000
2.1017577895 -4.9871979571 0.8765900000
2.1017577895 -4.8236832699 1.0953100000
2.1017577895 -4.6601685828 1.3246700000
2.1017577895 -4.4966538957 1.5524900000
2.1017577895 -4.3331392086 1.7654000000
2.1017577895 -4.1696245215 1.9498200000
2.1017577895 -4.0061098344 2.0928900000
2.1017577895 -3.8425951472 2.1835300000
2.1017577895 -3.6790804601 2.2133800000
2.1017577895 -3.5155657730 2.1776200000
2.1017577895 -3.3520510859 2.0755400000
2.1017577895 -3.1885363988 1.9109500000
2.1017577895 -3.0250217117 1.6921500000
2.1017577895 -2.8615070245 1.4317000000
2.1017577895 -2.6979923374 1.1458000000
2.1017577895 -2.5344776503 0.8534600000
2.1017577895 -2.3709629632 0.5753800000
2.1017577895 -1.2263601534 0.5466800000
2.1017577895 -1.0628454663 0.9293400000
2.1017577895 -0.8993307791 1.3997100000
2.1017577895 -0.7358160920 1.9419900000
2.1017577895 -0.5723014049 2.5365100000
2.1017577895 -0.4087867178 3.1608300000
2.1017577895 -0.2452720307 3.7909500000
2.1017577895 -0.0817573436 4.4026800000
2.1017577895 0.0817573436 4.9728700000
2.1017577895 0.2452720307 5.4806500000
2.1017577895 0.4087867178 5.9084000000
2.1017577895 0.5723014049 6.2425700000
2.1017577895 0.7358160920 6.4741500000
2.1017577895 0.8993307791 6.5988900000
2.1017577895 1.0628454663 6.6172500000
2.1017577895 1.2263601534 6.5340400000
2.1017577895 1.3898748405 6.3578400000
2.1017577895 1.5533895276 6.1002900000
2.1017577895 1.7169042147 5.7751800000
2.1017577895 1.8804189018 5.3976000000
2.1017577895 2.0439335890 4.9829900000
2.1017577895 2.2074482761 4.5463800000
2.1017577895 2.3709629632 4.1016300000
2.1017577895 2.5344776503 3.6609500000
2.1017577895 2.6979923374 3.2344500000
2.1017577895 2.8615070245 2.8300200000
2.1017577895 3.0250217117 2.4532700000
2.1017577895 3.1885363988 2.1076800000
2.1017577895 3.3520510859 1.7948200000
2.1017577895 3.5155657730 1.5147300000
2.1017577895 3.6790804601 1.2662400000
2.1017577895 3.8425951472 1.0474000000
2.1017577895 4.0061098344 0.8558100000
2.1017577895 4.1696245215 0.6889800000
2.1017577895 4.3331392086 0.5444800000
2.3019251980 -5.3142273313 0.6078100000
2.3019251980 -5.1507126442 0.7934900000
2.3019251980 -4.9871979571 1.0006800000
2.3019251980 -4.8236832699 1.2193300000
2.3019251980 -4.6601685828 1.4372500000
2.3019251980 -4.4966538957 1.6409200000
2.3019251980 -4.3331392086 1.8164000000
2.3019251980 -4.1696245215 1.9504000000
2.3019251980 -4.0061098344 2.0313900000
2.3019251980 -3.8425951472 2.0506700000
2.3019251980 -3.6790804601 2.0032900000
2.3019251980 -3.5155657730 1.8887900000
2.3019251980 -3.3520510859 1.7116600000
2.3019251980 -3.1885363988 1.4814700000
2.3019251980 -3.0250217117 1.2126200000
2.3019251980 -2.8615070245 0.9237900000
2.3019251980 -2.6979923374 0.6370500000
2.3019251980 -1.5533895276 0.6343700000
2.3019251980 -1.3898748405 1.1181100000
2.3019251980 -1.2263601534 1.7331300000
2.3019251980 -1.0628454663 2.4665300000
2.3019251980 -0.8993307791 3.2991400000
2.3019251980 -0.7358160920 4.2065300000
2.3019251980 -0.5723014049 5.1601300000
2.3019251980 -0.4087867178 6.1287400000
2.3019251980 -0.2452720307 7.0801200000
2.3019251980 -0.0817573436 7.9825600000
2.3019251980 0.0817573436 8.8064700000
2.3019251980 0.2452720307 9.5257700000
2.3019251980 0.4087867178 10.1190700000
2.3019251980 0.5723014049 10.5704700000
2.3019251980 0.7358160920 10.8701400000
2.3019251980 0.8993307791 11.0144400000
2.3019251980 1.0628454663 11.0057500000
2.3019251980 1.2263601534 10.8519700000
2.3019251980 1.3898748405 10.5657200000
2.3019251980 1.5533895276 10.1634100000
2.3019251980 1.7169042147 9.6641400000
2.3019251980 1.8804189018 9.0885400000
2.3019251980 2.0439335890 8.4576800000
2.3019251980 2.2074482761 7.7920400000
2.3019251980 2.3709629632 7.1106400000
2.3019251980 2.5344776503 6.4303600000
2.3019251980 2.6979923374 5.7655000000
2.3019251980 2.8615070245 5.1275000000
2.3019251980 3.0250217117 4.5249100000
2.3019251980 3.1885363988 3.9635500000
2.3019251980 3.3520510859 3.4467600000
2.3019251980 3.5155657730 2.9758000000
2.3019251980 3.6790804601 2.5503000000
2.3019251980 3.8425951472 2.1687400000
2.3019251980 4.0061098344 1.8288200000
2.3019251980 4.1696245215 1.5279000000
2.3019251980 4.3331392086 1.2632600000
2.3019251980 4.4966538957 1.0323200000
2.3019251980 4.6601685828 0.8327200000
2.3019251980 4.8236832699 0.6623900000
2.3019251980 4.9871979571 0.5195000000
2.5020926065 -5.4777420184 0.5157500000
2.5020926065 -5.3142273313 0.6802800000
2.5020926065 -5.1507126442 0.8663400000
2.5020926065 -4.9871979571 1.0647300000
2.5020926065 -4.8236832699 1.2640000000
2.5020926065 -4.6601685828 1.4511500000
2.5020926065 -4.4966538957 1.6125800000
2.5020926065 -4.3331392086 1.7351300000
2.5020926065 -4.1696245215 1.8072200000
2.5020926065 -4.0061098344 1.8200400000
2.5020926065 -3.8425951472 1.7685100000
2.5020926065 -3.6790804601 1.6521800000
2.5020926065 -3.5155657730 1.4758200000
2.5020926065 -3.3520510859 1.2496000000
2.5020926065 -3.1885363988 0.9890700000
2.5020926065 -3.0250217117 0.7145600000
2.5020926065 -1.8804189018 0.5933000000
2.5020926065 -1.7169042147 1.1141600000
2.5020926065 -1.5533895276 1.8063900000
2.5020926065 -1.3898748405 2.6646700000
2.5020926065 -1.2263601534 3.6756000000
2.5020926065 -1.0628454663 4.8180800000
2.5020926065 -0.8993307791 6.0641500000
2.5020926065 -0.7358160920 7.3802200000
2.5020926065 -0.5723014049 8.7286400000
2.5020926065 -0.4087867178 10.0694500000
2.5020926065 -0.2452720307 11.3622800000
2.5020926065 -0.0817573436 12.5682700000
2.5020926065 0.0817573436 13.6518100000
2.5020926065 0.2452720307 14.5821300000
2.5020926065 0.4087867178 15.3345800000
2.5020926065 0.5723014049 15.8915200000
2.5020926065 0.7358160920 16.2428200000
2.5020926065 0.8993307791 16.3859700000
2.5020926065 1.0628454663 16.3257600000
2.5020926065 1.2263601534 16.0736000000
2.5020926065 1.3898748405 15.6465700000
2.5020926065 1.5533895276 15.0662400000
2.5020926065 1.7169042147 14.3573500000
2.5020926065 1.8804189018 13.5464400000
2.5020926065 2.0439335890 12.6605200000
2.5020926065 2.2074482761 11.7258800000
2.5020926065 2.3709629632 10.7670400000
2.5020926065 2.5344776503 9.8059700000
2.5020926065 2.6979923374 8.8615100000
2.5020926065 2.8615070245 7.9490400000
2.5020926065 3.0250217117 7.0804500000
2.5020926065 3.1885363988 6.2642600000
2.5020926065 3.3520510859 5.5059200000
2.5020926065 3.5155657730 4.8082500000
2.5020926065 3.6790804601 4.1719400000
2.5020926065 3.8425951472 3.5960800000
2.5020926065 4.0061098344 3.0786300000
2.5020926065 4.1696245215 2.6169000000
2.5020926065 4.3331392086 2.2078300000
2.5020926065 4.4966538957 1.8483300000
2.5020926065 4.6601685828 1.5353700000
2.5020926065 4.8236832699 1.2660500000
2.5020926065 4.9871979571 1.0376100000
2.5020926065 5.1507126442 0.8473400000
2.5020926065 5.3142273313 0.6924800000
2.5020926065 5.4777420184 0.5701300000
2.7022600150 -5.4777420184 0.5498500000
2.7022600150 -5.3142273313 0.7072900000
2.7022600150 -5.1507126442 0.8775100000
2.7022600150 -4.9871979571 1.0503800000
2.7022600150 -4.8236832699 1.2141500000
2.7022600150 -4.6601685828 1.3562100000
2.7022600150 -4.4966538957 1.4641400000
2.7022600150 -4.3331392086 1.5268200000
2.7022600150 -4.1696245215 1.5355800000
2.7022600150 -4.0061098344 1.4853000000
2.7022600150 -3.8425951472 1.3753400000
2.7022600150 -3.6790804601 1.2102200000
2.7022600150 -3.5155657730 1.0000600000
2.7022600150 -3.3520510859 0.7605500000
2.7022600150 -3.1885363988 0.5126200000
2.7022600150 -2.0439335890 0.8956600000
2.7022600150 -1.8804189018 1.5711400000
2.7022600150 -1.7169042147 2.4488600000
2.7022600150 -1.5533895276 3.5259200000
2.7022600150 -1.3898748405 4.7903200000
2.7022600150 -1.2263601534 6.2210800000
2.7022600150 -1.0628454663 7.7889300000
2.7022600150 -0.8993307791 9.4573800000
2.7022600150 -0.7358160920 11.1842700000
2.7022600150 -0.5723014049 12.9236000000
2.7022600150 -0.4087867178 14.6275600000
2.7022600150 -0.2452720307 16.2487000000
2.7022600150 -0.0817573436 17.7419900000
2.7022600150 0.0817573436 19.0668200000
2.7022600150 0.2452720307 20.1886400000
2.7022600150 0.4087867178 21.0803400000
2.7022600150 0.5723014049 21.7231600000
2.7022600150 0.7358160920 22.1071800000
2.7022600150 0.8993307791 22.2313000000
2.7022600150 1.0628454663 22.1028600000
2.7022600150 1.2263601534 21.7368000000
2.7022600150 1.3898748405 21.1545300000
2.7022600150 1.5533895276 20.3825700000
2.7022600150 1.7169042147 19.4510400000
2.7022600150 1.8804189018 18.3920900000
2.7022600150 2.0439335890 17.2384000000
2.7022600150 2.2074482761 16.0218500000
2.7022600150 2.3709629632 14.7722600000
2.7022600150 2.5344776503 13.5165600000
2.7022600150 2.6979923374 12.2780700000
2.7022600150 2.8615070245 11.0761600000
2.7022600150 3.0250217117 9.9261300000
2.7022600150 3.1885363988 8.8393500000
2.7022600150 3.3520510859 7.8235500000
2.7022600150 3.5155657730 6.8833200000
2.7022600150 3.6790804601 6.0205900000
2.7022600150 3.8425951472 5.2352500000
2.7022600150 4.0061098344 4.5256900000
2.7022600150 4.1696245215 3.8892500000
2.7022600150 4.3331392086 3.3226500000
2.7022600150 4.4966538957 2.8222900000
2.7022600150 4.6601685828 2.3844500000
2.7022600150 4.8236832699 2.0053600000
2.7022600150 4.9871979571 1.6812400000
2.7022600150 5.1507126442 1.4082700000
2.7022600150 5.3142273313 1.1825100000
2.7022600150 5.4777420184 0.9998200000
2.7022600150 5.6412567055 0.8558500000
2.7022600150 5.8047713926 0.7459800000
2.7022600150 5.9682860798 0.6654000000
2.7022600150 6.1318007669 0.6091600000
2.7022600150 6.2953154540 0.5723100000
2.7022600150 6.4588301411 0.5500800000
2.7022600150 6.6223448282 0.5380400000
2.7022600150 6.7858595153 0.5322600000
2.7022600150 6.9493742025 0.5294900000
2.7022600150 7.1128888896 0.5272600000
2.7022600150 7.2764035767 0.5239400000
2.7022600150 7.4399182638 0.5187200000
2.7022600150 7.6034329509 0.5115500000
2.7022600150 7.7669476380 0.5030100000
2.7022600150 9.0750651350 0.5085700000
2.7022600150 9.2385798221 0.5232500000
2.7022600150 9.4020945092 0.5378000000
2.7022600150 9.5656091963 0.5501500000
2.7022600150 9.7291238834 0.5582500000
2.7022600150 9.8926385706 0.5601800000
2.7022600150 10.0561532577 0.5544000000
2.7022600150 10.2196679448 0.5398900000
2.7022600150 10.3831826319 0.5162900000
2.9024274236 -5.4777420184 0.5413400000
2.9024274236 -5.3142273313 0.6784900000
2.9024274236 -5.1507126442 0.8196700000
2.9024274236 -4.9871979571 0.9548700000
2.9024274236 -4.8236832699 1.0731100000
2.9024274236 -4.6601685828 1.1632900000
2.9024274236 -4.4966538957 1.2152500000
2.9024274236 -4.3331392086 1.2208800000
2.9024274236 -4.1696245215 1.1751600000
2.9024274236 -4.0061098344 1.0771600000
2.9024274236 -3.8425951472 0.9308300000
2.9024274236 -3.6790804601 0.7455000000
2.9024274236 -3.5155657730 0.5361000000
2.9024274236 -2.3709629632 0.5562400000
2.9024274236 -2.2074482761 1.1277900000
2.9024274236 -2.0439335890 1.9150500000
2.9024274236 -1.8804189018 2.9278000000
2.9024274236 -1.7169042147 4.1669100000
2.9024274236 -1.5533895276 5.6236400000
2.9024274236 -1.3898748405 7.2794800000
2.9024274236 -1.2263601534 9.1065000000
2.9024274236 -1.0628454663 11.0682100000
2.9024274236 -0.8993307791 13.1209300000
2.9024274236 -0.7358160920 15.2154400000
2.9024274236 -0.5723014049 17.2990900000
2.9024274236 -0.4087867178 19.3180200000
2.9024274236 -0.2452720307 21.2194200000
2.9024274236 -0.0817573436 22.9538000000
2.9024274236 0.0817573436 24.4769900000
2.9024274236 0.2452720307 25.7519600000
2.9024274236 0.4087867178 26.7501300000
2.9024274236 0.5723014049 27.4523100000
2.9024274236 0.7358160920 27.8491400000
2.9024274236 0.8993307791 27.9410400000
2.9024274236 1.0628454663 27.7376700000
2.9024274236 1.2263601534 27.2570700000
2.9024274236 1.3898748405 26.5243200000
2.9024274236 1.5533895276 25.5701000000
2.9024274236 1.7169042147 24.4290100000
2.9024274236 1.8804189018 23.1379100000
2.9024274236 2.0439335890 21.7342500000
2.9024274236 2.2074482761 20.2545800000
2.9024274236 2.3709629632 18.7332900000
2.9024274236 2.5344776503 17.2016000000
2.9024274236 2.6979923374 15.6867800000
2.9024274236 2.8615070245 14.2117800000
2.9024274236 3.0250217117 12.7950300000
2.9024274236 3.1885363988 11.4505800000
2.9024274236 3.3520510859 10.1884100000
2.9024274236 3.5155657730 9.0148700000
2.9024274236 3.6790804601 7.9332300000
2.9024274236 3.8425951472 6.9443100000
2.9024274236 4.0061098344 6.0470300000
2.9024274236 4.1696245215 5.2389200000
2.9024274236 4.3331392086 4.5166100000
2.9024274236 4.4966538957 3.8761100000
2.9024274236 4.6601685828 3.3130900000
2.9024274236 4.8236832699 2.8229900000
2.9024274236 4.9871979571 2.4010800000
2.9024274236 5.1507126442 2.0424900000
2.9024274236 5.3142273313 1.7421400000
2.9024274236 5.4777420184 1.4947300000
2.9024274236 5.6412567055 1.2947200000
2.9024274236 5.8047713926 1.1363700000
2.9024274236 5.9682860798 1.0137700000
2.9024274236 6.1318007669 0.9209700000
2.9024274236 6.2953154540 0.8521400000
2.9024274236 6.4588301411 0.8017500000
2.9024274236 6.6223448282 0.7647200000
2.9024274236 6.7858595153 0.7366400000
2.9024274236 6.9493742025 0.7139000000
2.9024274236 7.1128888896 0.6937800000
2.9024274236 7.2764035767 0.6745100000
2.9024274236 7.4399182638 0.6551900000
2.9024274236 7.6034329509 0.6357400000
2.9024274236 7.7669476380 0.6167300000
2.9024274236 7.9304623252 0.5991400000
2.9024274236 8.0939770123 0.5841900000
2.9024274236 8.2574916994 0.5730300000
2.9024274236 8.4210063865 0.5666000000
2.9024274236 8.5845210736 0.5653700000
2.9024274236 8.7480357607 0.5692800000
2.9024274236 8.9115504479 0.5776500000
2.9024274236 9.0750651350 0.5892200000
2.9024274236 9.2385798221 0.6021900000
2.9024274236 9.4020945092 0.6144300000
2.9024274236 9.5656091963 0.6236200000
2.9024274236 9.7291238834 0.6275100000
2.9024274236 9.8926385706 0.6241100000
2.9024274236 10.0561532577 0.6119000000
2.9024274236 10.2196679448 0.5900000000
2.9024274236 10.3831826319 0.5582500000
2.9024274236 10.5466973190 0.5172800000
3.1025948321 -5.3142273313 0.5956400000
3.1025948321 -5.1507126442 0.7000000000
3.1025948321 -4.9871979571 0.7920000000
3.1025948321 -4.8236832699 0.8623600000
3.1025948321 -4.6601685828 0.9023600000
3.1025948321 -4.4966538957 0.9048100000
3.1025948321 -4.3331392086 0.8650800000
3.1025948321 -4.1696245215 0.7820500000
3.1025948321 -4.0061098344 0.6588900000
3.1025948321 -3.8425951472 0.5037100000
3.1025948321 -2.5344776503 0.6403100000
3.1025948321 -2.3709629632 1.2596800000
3.1025948321 -2.2074482761 2.1024700000
3.1025948321 -2.0439335890 3.1824900000
3.1025948321 -1.8804189018 4.5050900000
3.1025948321 -1.7169042147 6.0661600000
3.1025948321 -1.5533895276 7.8516600000
3.1025948321 -1.3898748405 9.8375900000
3.1025948321 -1.2263601534 11.9905300000
3.1025948321 -1.0628454663 14.2686300000
3.1025948321 -0.8993307791 16.6231000000
3.1025948321 -0.7358160920 19.0000400000
3.1025948321 -0.5723014049 21.3425900000
3.1025948321 -0.4087867178 23.5932500000
3.1025948321 -0.2452720307 25.6961800000
3.1025948321 -0.0817573436 27.5995400000
3.1025948321 0.0817573436 29.2574900000
3.1025948321 0.2452720307 30.6319600000
3.1025948321 0.4087867178 31.6939900000
3.1025948321 0.5723014049 32.4246600000
3.1025948321 0.7358160920 32.8154200000
3.1025948321 0.8993307791 32.8680400000
3.1025948321 1.0628454663 32.5940400000
3.1025948321 1.2263601534 32.0136700000
3.1025948321 1.3898748405 31.1546100000
3.1025948321 1.5533895276 30.0504000000
3.1025948321 1.7169042147 28.7387300000
3.1025948321 1.8804189018 27.2596700000
3.1025948321 2.0439335890 25.6539500000
3.1025948321 2.2074482761 23.9614400000
3.1025948321 2.3709629632 22.2197800000
3.1025948321 2.5344776503 20.4632900000
3.1025948321 2.6979923374 18.7222400000
3.1025948321 2.8615070245 17.0223000000
3.1025948321 3.0250217117 15.3844300000
3.1025948321 3.1885363988 13.8248900000
3.1025948321 3.3520510859 12.3555700000
3.1025948321 3.5155657730 10.9844000000
3.1025948321 3.6790804601 9.7159400000
3.1025948321 3.8425951472 8.5519300000
3.1025948321 4.0061098344 7.4919200000
3.1025948321 4.1696245215 6.5337900000
3.1025948321 4.3331392086 5.6741900000
3.1025948321 4.4966538957 4.9089500000
3.1025948321 4.6601685828 4.2333100000
3.1025948321 4.8236832699 3.6421300000
3.1025948321 4.9871979571 3.1299300000
3.1025948321 5.1507126442 2.6910000000
3.1025948321 5.3142273313 2.3193400000
3.1025948321 5.4777420184 2.0087300000
3.1025948321 5.6412567055 1.7526800000
3.1025948321 5.8047713926 1.5445600000
3.1025948321 5.9682860798 1.3776400000
3.1025948321 6.1318007669 1.2452300000
3.1025948321 6.2953154540 1.1408900000
3.1025948321 6.4588301411 1.0585300000
3.1025948321 6.6223448282 0.9926900000
3.1025948321 6.7858595153 0.9386500000
3.1025948321 6.9493742025 0.8925900000
3.1025948321 7.1128888896 0.8516400000
3.1025948321 7.2764035767 0.8139300000
3.1025948321 7.4399182638 0.7785100000
3.1025948321 7.6034329509 0.7452400000
3.1025948321 7.7669476380 0.7145700000
3.1025948321 7.9304623252 0.6873900000
3.1025948321 8.0939770123 0.6647200000
3.1025948321 8.2574916994 0.6474900000
3.1025948321 8.4210063865 0.6363400000
3.1025948321 8.5845210736 0.6314400000
3.1025948321 8.7480357607 0.6323500000
3.1025948321 8.9115504479 0.6380500000
3.1025948321 9.0750651350 0.6469100000
3.1025948321 9.2385798221 0.6568500000
3.1025948321 9.4020945092 0.6655000000
3.1025948321 9.5656091963 0.6703900000
3.1025948321 9.7291238834 0.6691900000
3.1025948321 9.8926385706 0.6599500000
3.1025948321 10.0561532577 0.6412600000
3.1025948321 10.2196679448 0.6124500000
3.1025948321 10.3831826319 0.5736100000
3.1025948321 10.5466973190 0.5256700000
3.3027622406 -5.1507126442 0.5386200000
3.3027622406 -4.9871979571 0.5891400000
3.3027622406 -4.8236832699 0.6169100000
3.3027622406 -4.6601685828 0.6160100000
3.3027622406 -4.4966538957 0.5825100000
3.3027622406 -4.3331392086 0.5152600000
3.3027622406 -2.6979923374 0.6696400000
3.3027622406 -2.5344776503 1.2907700000
3.3027622406 -2.3709629632 2.1301700000
3.3027622406 -2.2074482761 3.2049900000
3.3027622406 -2.0439335890 4.5248800000
3.3027622406 -1.8804189018 6.0908900000
3.3027622406 -1.7169042147 7.8946300000
3.3027622406 -1.5533895276 9.9179600000
3.3027622406 -1.3898748405 12.1330700000
3.3027622406 -1.2263601534 14.5031400000
3.3027622406 -1.0628454663 16.9833900000
3.3027622406 -0.8993307791 19.5226200000
3.3027622406 -0.7358160920 22.0650800000
3.3027622406 -0.5723014049 24.5525600000
3.3027622406 -0.4087867178 26.9266800000
3.3027622406 -0.2452720307 29.1312300000
3.3027622406 -0.0817573436 31.1142800000
3.3027622406 0.0817573436 32.8302800000
3.3027622406 0.2452720307 34.2416700000
3.3027622406 0.4087867178 35.3202300000
3.3027622406 0.5723014049 36.0478400000
3.3027622406 0.7358160920 36.4169300000
3.3027622406 0.8993307791 36.4302900000
3.3027622406 1.0628454663 36.1005000000
3.3027622406 1.2263601534 35.4489500000
3.3027622406 1.3898748405 34.5045000000
3.3027622406 1.5533895276 33.3019400000
3.3027622406 1.7169042147 31.8802600000
3.3027622406 1.8804189018 30.2808900000
3.3027622406 2.0439335890 28.5460400000
3.3027622406 2.2074482761 26.7170700000
3.3027622406 2.3709629632 24.8331900000
3.3027622406 2.5344776503 22.9303600000
3.3027622406 2.6979923374 21.0404600000
3.3027622406 2.8615070245 19.1908000000
3.3027622406 3.0250217117 17.4038700000
3.3027622406 3.1885363988 15.6974500000
3.3027622406 3.3520510859 14.0847800000
3.3027622406 3.5155657730 12.5750100000
3.3027622406 3.6790804601 11.1737600000
3.3027622406 3.8425951472 9.8836000000
3.3027622406 4.0061098344 8.7047300000
3.3027622406 4.1696245215 7.6354400000
3.3027622406 4.3331392086 6.6726000000
3.3027622406 4.4966538957 5.8120500000
3.3027622406 4.6601685828 5.0488900000
3.3027622406 4.8236832699 4.3776400000
3.3027622406 4.9871979571 3.7924200000
3.3027622406 5.1507126442 3.2869800000
3.3027622406 5.3142273313 2.8547800000
3.3027622406 5.4777420184 2.4890100000
3.3027622406 5.6412567055 2.1826300000
3.3027622406 5.8047713926 1.9285000000
3.3027622406 5.9682860798 1.7194200000
3.3027622406 6.1318007669 1.5483400000
3.3027622406 6.2953154540 1.4085000000
3.3027622406 6.4588301411 1.2936300000
3.3027622406 6.6223448282 1.1981000000
3.3027622406 6.7858595153 1.1171100000
3.3027622406 6.9493742025 1.0467900000
3.3027622406 7.1128888896 0.9842400000
3.3027622406 7.2764035767 0.9275600000
3.3027622406 7.4399182638 0.8757400000
3.3027622406 7.6034329509 0.8285300000
3.3027622406 7.7669476380 0.7862500000
3.3027622406 7.9304623252 0.7495600000
3.3027622406 8.0939770123 0.7192300000
3.3027622406 8.2574916994 0.6958800000
3.3027622406 8.4210063865 0.6798000000
3.3027622406 8.5845210736 0.6707900000
3.3027622406 8.7480357607 0.6680800000
3.3027622406 8.9115504479 0.6703200000
3.3027622406 9.0750651350 0.6756000000
3.3027622406 9.2385798221 0.6816600000
3.3027622406 9.4020945092 0.6859900000
3.3027622406 9.5656091963 0.6860800000
3.3027622406 9.7291238834 0.6796700000
3.3027622406 9.8926385706 0.6649200000
3.3027622406 10.0561532577 0.6406300000
3.3027622406 10.2196679448 0.6063400000
3.3027622406 10.3831826319 0.5624100000
3.3027622406 10.5466973190 0.5099800000
3.5029296491 -2.8615070245 0.6561100000
3.5029296491 -2.6979923374 1.2385000000
3.5029296491 -2.5344776503 2.0221000000
3.5029296491 -2.3709629632 3.0260000000
3.5029296491 -2.2074482761 4.2632300000
3.5029296491 -2.0439335890 5.7395300000
3.5029296491 -1.8804189018 7.4523700000
3.5029296491 -1.7169042147 9.3903000000
3.5029296491 -1.5533895276 11.5327100000
3.5029296491 -1.3898748405 13.8500900000
3.5029296491 -1.2263601534 16.3046300000
3.5029296491 -1.0628454663 18.8513500000
3.5029296491 -0.8993307791 21.4394900000
3.5029296491 -0.7358160920 24.0143700000
3.5029296491 -0.5723014049 26.5193600000
3.5029296491 -0.4087867178 28.8979900000
3.5029296491 -0.2452720307 31.0961500000
3.5029296491 -0.0817573436 33.0641300000
3.5029296491 0.0817573436 34.7584800000
3.5029296491 0.2452720307 36.1435600000
3.5029296491 0.4087867178 37.1927700000
3.5029296491 0.5723014049 37.8893300000
3.5029296491 0.7358160920 38.2265700000
3.5029296491 0.8993307791 38.2078200000
3.5029296491 1.0628454663 37.8458600000
3.5029296491 1.2263601534 37.1619700000
3.5029296491 1.3898748405 36.1846600000
3.5029296491 1.5533895276 34.9482000000
3.5029296491 1.7169042147 33.4909900000
3.5029296491 1.8804189018 31.8538700000
3.5029296491 2.0439335890 30.0785000000
3.5029296491 2.2074482761 28.2058400000
3.5029296491 2.3709629632 26.2748500000
3.5029296491 2.5344776503 24.3214300000
3.5029296491 2.6979923374 22.3775800000
3.5029296491 2.8615070245 20.4709300000
3.5029296491 3.0250217117 18.6244600000
3.5029296491 3.1885363988 16.8565100000
3.5029296491 3.3520510859 15.1810200000
3.5029296491 3.5155657730 13.6078500000
3.5029296491 3.6790804601 12.1432900000
3.5029296491 3.8425951472 10.7906100000
3.5029296491 4.0061098344 9.5505400000
3.5029296491 4.1696245215 8.4218400000
3.5029296491 4.3331392086 7.4017500000
3.5029296491 4.4966538957 6.4863100000
3.5029296491 4.6601685828 5.6707300000
3.5029296491 4.8236832699 4.9495500000
3.5029296491 4.9871979571 4.3168300000
3.5029296491 5.1507126442 3.7662000000
3.5029296491 5.3142273313 3.2909800000
3.5029296491 5.4777420184 2.8842200000
3.5029296491 5.6412567055 2.5387800000
3.5029296491 5.8047713926 2.2474300000
3.5029296491 5.9682860798 2.0029600000
3.5029296491 6.1318007669 1.7983600000
3.5029296491 6.2953154540 1.6269400000
3.5029296491 6.4588301411 1.4825300000
3.5029296491 6.6223448282 1.3596600000
3.5029296491 6.7858595153 1.2536600000
3.5029296491 6.9493742025 1.1607700000
3.5029296491 7.1128888896 1.0781900000
3.5029296491 7.2764035767 1.0040200000
3.5029296491 7.4399182638 0.9372200000
3.5029296491 7.6034329509 0.8774100000
3.5029296491 7.7669476380 0.8247300000
3.5029296491 7.9304623252 0.7795600000
3.5029296491 8.0939770123 0.7423600000
3.5029296491 8.2574916994 0.7134200000
3.5029296491 8.4210063865 0.6926600000
3.5029296491 8.5845210736 0.6795400000
3.5029296491 8.7480357607 0.6729900000
3.5029296491 8.9115504479 0.6714100000
3.5029296491 9.0750651350 0.6727400000
3.5029296491 9.2385798221 0.6746000000
3.5029296491 9.4020945092 0.6745100000
3.5029296491 9.5656091963 0.6700300000
3.5029296491 9.7291238834 0.6590500000
3.5029296491 9.8926385706 0.6399400000
3.5029296491 10.0561532577 0.6117100000
3.5029296491 10.2196679448 0.5741300000
3.5029296491 10.3831826319 0.5277400000
3.7030970576 -3.0250217117 0.6151000000
3.7030970576 -2.8615070245 1.1280300000
3.7030970576 -2.6979923374 1.8158900000
3.7030970576 -2.5344776503 2.6980400000
3.7030970576 -2.3709629632 3.7894000000
3.7030970576 -2.2074482761 5.0992300000
3.7030970576 -2.0439335890 6.6300600000
3.7030970576 -1.8804189018 8.3768800000
3.7030970576 -1.7169042147 10.3267100000
3.7030970576 -1.5533895276 12.4583900000
3.7030970576 -1.3898748405 14.7428500000
3.7030970576 -1.2263601534 17.1437500000
3.7030970576 -1.0628454663 19.6184300000
3.7030970576 -0.8993307791 22.1193100000
3.7030970576 -0.7358160920 24.5954300000
3.7030970576 -0.5723014049 26.9942900000
3.7030970576 -0.4087867178 29.2637800000
3.7030970576 -0.2452720307 31.3540500000
3.7030970576 -0.0817573436 33.2194400000
3.7030970576 0.0817573436 34.8201100000
3.7030970576 0.2452720307 36.1234400000
3.7030970576 0.4087867178 37.1051600000
3.7030970576 0.5723014049 37.7500200000
3.7030970576 0.7358160920 38.0521100000
3.7030970576 0.8993307791 38.0147600000
3.7030970576 1.0628454663 37.6500200000
3.7030970576 1.2263601534 36.9778400000
3.7030970576 1.3898748405 36.0249200000
3.7030970576 1.5533895276 34.8233600000
3.7030970576 1.7169042147 33.4091600000
3.7030970576 1.8804189018 31.8207300000
3.7030970576 2.0439335890 30.0973300000
3.7030970576 2.2074482761 28.2776800000
3.7030970576 2.3709629632 26.3987900000
3.7030970576 2.5344776503 24.4948700000
3.7030970576 2.6979923374 22.5966100000
3.7030970576 2.8615070245 20.7306800000
3.7030970576 3.0250217117 18.9194300000
3.7030970576 3.1885363988 17.1808800000
3.7030970576 3.3520510859 15.5289100000
3.7030970576 3.5155657730 13.9735200000
3.7030970576 3.6790804601 12.5213200000
3.7030970576 3.8425951472 11.1759200000
3.7030970576 4.0061098344 9.9385200000
3.7030970576 4.1696245215 8.8083300000
3.7030970576 4.3331392086 7.7829800000
3.7030970576 4.4966538957 6.8589400000
3.7030970576 4.6601685828 6.0317500000
3.7030970576 4.8236832699 5.2962700000
3.7030970576 4.9871979571 4.6468400000
3.7030970576 5.1507126442 4.0773800000
3.7030970576 5.3142273313 3.5814900000
3.7030970576 5.4777420184 3.1525300000
3.7030970576 5.6412567055 2.7836900000
3.7030970576 5.8047713926 2.4681200000
3.7030970576 5.9682860798 2.1990200000
3.7030970576 6.1318007669 1.9697900000
3.7030970576 6.2953154540 1.7741900000
3.7030970576 6.4588301411 1.6065000000
3.7030970576 6.6223448282 1.4616300000
3.7030970576 6.7858595153 1.3352600000
3.7030970576 6.9493742025 1.2239100000
3.7030970576 7.1128888896 1.1249600000
3.7030970576 7.2764035767 1.0366000000
3.7030970576 7.4399182638 0.9577400000
3.7030970576 7.6034329509 0.8879100000
3.7030970576 7.7669476380 0.8270100000
3.7030970576 7.9304623252 0.7751800000
3.7030970576 8.0939770123 0.7325300000
3.7030970576 8.2574916994 0.6990300000
3.7030970576 8.4210063865 0.6742700000
3.7030970576 8.5845210736 0.6574400000
3.7030970576 8.7480357607 0.6472500000
3.7030970576 8.9115504479 0.6419500000
3.7030970576 9.0750651350 0.6394400000
3.7030970576 9.2385798221 0.6373800000
3.7030970576 9.4020945092 0.6333800000
3.7030970576 9.5656091963 0.6252200000
3.7030970576 9.7291238834 0.6109700000
3.7030970576 9.8926385706 0.5892400000
3.7030970576 10.0561532577 0.5592700000
3.7030970576 10.2196679448 0.5209900000
3.9032644662 -3.1885363988 0.5612400000
3.9032644662 -3.0250217117 0.9854000000
3.9032644662 -2.8615070245 1.5526100000
3.9032644662 -2.6979923374 2.2809800000
3.9032644662 -2.5344776503 3.1857000000
3.9032644662 -2.3709629632 4.2779600000
3.9032644662 -2.2074482761 5.5639500000
3.9032644662 -2.0439335890 7.0440600000
3.9032644662 -1.8804189018 8.7121800000
3.9032644662 -1.7169042147 10.5553500000
3.9032644662 -1.5533895276 12.5536700000
3.9032644662 -1.3898748405 14.6805200000
3.9032644662 -1.2263601534 16.9030800000
3.9032644662 -1.0628454663 19.1832100000
3.9032644662 -0.8993307791 21.4786000000
3.9032644662 -0.7358160920 23.7441000000
3.9032644662 -0.5723014049 25.9333100000
3.9032644662 -0.4087867178 28.0002000000
3.9032644662 -0.2452720307 29.9007600000
3.9032644662 -0.0817573436 31.5946600000
3.9032644662 0.0817573436 33.0466200000
3.9032644662 0.2452720307 34.2277400000
3.9032644662 0.4087867178 35.1164000000
3.9032644662 0.5723014049 35.6989200000
3.9032644662 0.7358160920 35.9698700000
3.9032644662 0.8993307791 35.9319900000
3.9032644662 1.0628454663 35.5957800000
3.9032644662 1.2263601534 34.9788100000
3.9032644662 1.3898748405 34.1047200000
3.9032644662 1.5533895276 33.0020700000
3.9032644662 1.7169042147 31.7030500000
3.9032644662 1.8804189018 30.2420900000
3.9032644662 2.0439335890 28.6545500000
3.9032644662 2.2074482761 26.9754800000
3.9032644662 2.3709629632 25.2384800000
3.9032644662 2.5344776503 23.4748000000
3.9032644662 2.6979923374 21.7126200000
3.9032644662 2.8615070245 19.9765500000
3.9032644662 3.0250217117 18.2874000000
3.9032644662 3.1885363988 16.6620800000
3.9032644662 3.3520510859 15.1137300000
3.9032644662 3.5155657730 13.6520000000
3.9032644662 3.6790804601 12.2833600000
3.9032644662 3.8425951472 11.0115700000
3.9032644662 4.0061098344 9.8380700000
3.9032644662 4.1696245215 8.7624400000
3.9032644662 4.3331392086 7.7827800000
3.9032644662 4.4966538957 6.8960300000
3.9032644662 4.6601685828 6.0982600000
3.9032644662 4.8236832699 5.3848800000
3.9032644662 4.9871979571 4.7507900000
3.9032644662 5.1507126442 4.1905100000
3.9032644662 5.3142273313 3.6983000000
3.9032644662 5.4777420184 3.2681700000
3.9032644662 5.6412567055 2.8940600000
3.9032644662 5.8047713926 2.5698400000
3.9032644662 5.9682860798 2.2894800000
3.9032644662 6.1318007669 2.0471600000
3.9032644662 6.2953154540 1.8373700000
3.9032644662 6.4588301411 1.6550800000
3.9032644662 6.6223448282 1.4958300000
3.9032644662 6.7858595153 1.3558000000
3.9032644662 6.9493742025 1.2319400000
3.9032644662 7.1128888896 1.1218600000
3.9032644662 7.2764035767 1.0239200000
3.9032644662 7.4399182638 0.9370300000
3.9032644662 7.6034329509 0.8606100000
3.9032644662 7.7669476380 0.7943800000
3.9032644662 7.9304623252 0.7382200000
3.9032644662 8.0939770123 0.6919700000
3.9032644662 8.2574916994 0.6553000000
3.9032644662 8.4210063865 0.6275700000
3.9032644662 8.5845210736 0.6077800000
3.9032644662 8.7480357607 0.5945200000
3.9032644662 8.9115504479 0.5860300000
3.9032644662 9.0750651350 0.5802600000
3.9032644662 9.2385798221 0.5750200000
3.9032644662 9.4020945092 0.5681500000
3.9032644662 9.5656091963 0.5576300000
3.9032644662 9.7291238834 0.5418100000
3.9032644662 9.8926385706 0.5195200000
4.1034318747 -3.3520510859 0.5068600000
4.1034318747 -3.1885363988 0.8340400000
4.1034318747 -3.0250217117 1.2705800000
4.1034318747 -2.8615070245 1.8321800000
4.1034318747 -2.6979923374 2.5329100000
4.1034318747 -2.5344776503 3.3843600000
4.1034318747 -2.3709629632 4.3948200000
4.1034318747 -2.2074482761 5.5684500000
4.1034318747 -2.0439335890 6.9046600000
4.1034318747 -1.8804189018 8.3975700000
4.1034318747 -1.7169042147 10.0356900000
4.1034318747 -1.5533895276 11.8018700000
4.1034318747 -1.3898748405 13.6734400000
4.1034318747 -1.2263601534 15.6226300000
4.1034318747 -1.0628454663 17.6172700000
4.1034318747 -0.8993307791 19.6216900000
4.1034318747 -0.7358160920 21.5978200000
4.1034318747 -0.5723014049 23.5064700000
4.1034318747 -0.4087867178 25.3086500000
4.1034318747 -0.2452720307 26.9669700000
4.1034318747 -0.0817573436 28.4470000000
4.1034318747 0.0817573436 29.7184600000
4.1034318747 0.2452720307 30.7563000000
4.1034318747 0.4087867178 31.5415600000
4.1034318747 0.5723014049 32.0619500000
4.1034318747 0.7358160920 32.3121400000
4.1034318747 0.8993307791 32.2937600000
4.1034318747 1.0628454663 32.0150800000
4.1034318747 1.2263601534 31.4905400000
4.1034318747 1.3898748405 30.7398500000
4.1034318747 1.5533895276 29.7871200000
4.1034318747 1.7169042147 28.6597000000
4.1034318747 1.8804189018 27.3871200000
4.1034318747 2.0439335890 25.9998500000
4.1034318747 2.2074482761 24.5282700000
4.1034318747 2.3709629632 23.0017100000
4.1034318747 2.5344776503 21.4475900000
4.1034318747 2.6979923374 19.8907800000
4.1034318747 2.8615070245 18.3531400000
4.1034318747 3.0250217117 16.8532800000
4.1034318747 3.1885363988 15.4064500000
4.1034318747 3.3520510859 14.0245900000
4.1034318747 3.5155657730 12.7165700000
4.1034318747 3.6790804601 11.4884600000
4.1034318747 3.8425951472 10.3438700000
4.1034318747 4.0061098344 9.2843600000
4.1034318747 4.1696245215 8.3097800000
4.1034318747 4.3331392086 7.4186200000
4.1034318747 4.4966538957 6.6083500000
4.1034318747 4.6601685828 5.8756400000
4.1034318747 4.8236832699 5.2165500000
4.1034318747 4.9871979571 4.6267500000
4.1034318747 5.1507126442 4.1015500000
4.1034318747 5.3142273313 3.6360700000
4.1034318747 5.4777420184 3.2252600000
4.1034318747 5.6412567055 2.8640100000
4.1034318747 5.8047713926 2.5472000000
4.1034318747 5.9682860798 2.2698100000
4.1034318747 6.1318007669 2.0270000000
4.1034318747 6.2953154540 1.8142000000
4.1034318747 6.4588301411 1.6272600000
4.1034318747 6.6223448282 1.4624600000
4.1034318747 6.7858595153 1.3166300000
4.1034318747 6.9493742025 1.1871800000
4.1034318747 7.1128888896 1.0720900000
4.1034318747 7.2764035767 0.9698800000
4.1034318747 7.4399182638 0.8795300000
4.1034318747 7.6034329509 0.8003800000
4.1034318747 7.7669476380 0.7320200000
4.1034318747 7.9304623252 0.6741200000
4.1034318747 8.0939770123 0.6263200000
4.1034318747 8.2574916994 0.5880800000
4.1034318747 8.4210063865 0.5586200000
4.1034318747 8.5845210736 0.5368600000
4.1034318747 8.7480357607 0.5213900000
4.1034318747 8.9115504479 0.5105400000
4.1034318747 9.0750651350 0.5024200000
4.3035992832 -3.3520510859 0.6932400000
4.3035992832 -3.1885363988 1.0021000000
4.3035992832 -3.0250217117 1.4006800000
4.3035992832 -2.8615070245 1.9010400000
4.3035992832 -2.6979923374 2.5139900000
4.3035992832 -2.5344776503 3.2484600000
4.3035992832 -2.3709629632 4.1108300000
4.3035992832 -2.2074482761 5.1043200000
4.3035992832 -2.0439335890 6.2285000000
4.3035992832 -1.8804189018 7.4788000000
4.3035992832 -1.7169042147 8.8463000000
4.3035992832 -1.5533895276 10.3175700000
4.3035992832 -1.3898748405 11.8747900000
4.3035992832 -1.2263601534 13.4960200000
4.3035992832 -1.0628454663 15.1557200000
4.3035992832 -0.8993307791 16.8253400000
4.3035992832 -0.7358160920 18.4742900000
4.3035992832 -0.5723014049 20.0708100000
4.3035992832 -0.4087867178 21.5830700000
4.3035992832 -0.2452720307 22.9803100000
4.3035992832 -0.0817573436 24.2338800000
4.3035992832 0.0817573436 25.3182800000
4.3035992832 0.2452720307 26.2120900000
4.3035992832 0.4087867178 26.8986900000
4.3035992832 0.5723014049 27.3668000000
4.3035992832 0.7358160920 27.6107800000
4.3035992832 0.8993307791 27.6307400000
4.3035992832 1.0628454663 27.4323300000
4.3035992832 1.2263601534 27.0263800000
4.3035992832 1.3898748405 26.4282800000
4.3035992832 1.5533895276 25.6572500000
4.3035992832 1.7169042147 24.7354400000
4.3035992832 1.8804189018 23.6870400000
4.3035992832 2.0439335890 22.5372700000
4.3035992832 2.2074482761 21.3115300000
4.3035992832 2.3709629632 20.0345000000
4.3035992832 2.5344776503 18.7294600000
4.3035992832 2.6979923374 17.4176800000
4.3035992832 2.8615070245 16.1179900000
4.3035992832 3.0250217117 14.8465500000
4.3035992832 3.1885363988 13.6166700000
4.3035992832 3.3520510859 12.4389100000
4.3035992832 3.5155657730 11.3211600000
4.3035992832 3.6790804601 10.2688800000
4.3035992832 3.8425951472 9.2854000000
4.3035992832 4.0061098344 8.3722500000
4.3035992832 4.1696245215 7.5294400000
4.3035992832 4.3331392086 6.7558100000
4.3035992832 4.4966538957 6.0492800000
4.3035992832 4.6601685828 5.4071100000
4.3035992832 4.8236832699 4.8260400000
4.3035992832 4.9871979571 4.3025000000
4.3035992832 5.1507126442 3.8326800000
4.3035992832 5.3142273313 3.4126100000
4.3035992832 5.4777420184 3.0382700000
4.3035992832 5.6412567055 2.7056000000
4.3035992832 5.8047713926 2.4105800000
4.3035992832 5.9682860798 2.1492800000
4.3035992832 6.1318007669 1.9179300000
4.3035992832 6.2953154540 1.7129900000
4.3035992832 6.4588301411 1.5312200000
4.3035992832 6.6223448282 1.3697300000
4.3035992832 6.7858595153 1.2260100000
4.3035992832 6.9493742025 1.0980000000
4.3035992832 7.1128888896 0.9840500000
4.3035992832 7.2764035767 0.8829000000
4.3035992832 7.4399182638 0.7936300000
4.3035992832 7.6034329509 0.7155700000
4.3035992832 7.7669476380 0.6482200000
4.3035992832 7.9304623252 0.5911300000
4.3035992832 8.0939770123 0.5438100000
4.3035992832 8.2574916994 0.5056200000
4.5037666917 -3.5155657730 0.5771800000
4.5037666917 -3.3520510859 0.7716400000
4.5037666917 -3.1885363988 1.0241000000
4.5037666917 -3.0250217117 1.3442100000
4.5037666917 -2.8615070245 1.7413000000
4.5037666917 -2.6979923374 2.2239100000
4.5037666917 -2.5344776503 2.7993100000
4.5037666917 -2.3709629632 3.4730200000
4.5037666917 -2.2074482761 4.2482800000
4.5037666917 -2.0439335890 5.1256800000
4.5037666917 -1.8804189018 6.1027400000
4.5037666917 -1.7169042147 7.1736300000
4.5037666917 -1.5533895276 8.3290900000
4.5037666917 -1.3898748405 9.5563500000
4.5037666917 -1.2263601534 10.8393300000
4.5037666917 -1.0628454663 12.1589100000
4.5037666917 -0.8993307791 13.4934200000
4.5037666917 -0.7358160920 14.8192400000
4.5037666917 -0.5723014049 16.1114900000
4.5037666917 -0.4087867178 17.3448700000
4.5037666917 -0.2452720307 18.4945400000
4.5037666917 -0.0817573436 19.5369600000
4.5037666917 0.0817573436 20.4507700000
4.5037666917 0.2452720307 21.2175300000
4.5037666917 0.4087867178 21.8224100000
4.5037666917 0.5723014049 22.2546800000
4.5037666917 0.7358160920 22.5080700000
4.5037666917 0.8993307791 22.5808800000
4.5037666917 1.0628454663 22.4760000000
4.5037666917 1.2263601534 22.2005800000
4.5037666917 1.3898748405 21.7657100000
4.5037666917 1.5533895276 21.1858200000
4.5037666917 1.7169042147 20.4780100000
4.5037666917 1.8804189018 19.6613300000
4.5037666917 2.0439335890 18.7559800000
4.5037666917 2.2074482761 17.7825800000
4.5037666917 2.3709629632 16.7614200000
4.5037666917 2.5344776503 15.7118400000
4.5037666917 2.6979923374 14.6516900000
4.5037666917 2.8615070245 13.5969500000
4.5037666917 3.0250217117 12.5614200000
4.5037666917 3.1885363988 11.5566100000
4.5037666917 3.3520510859 10.5916900000
4.5037666917 3.5155657730 9.6735900000
4.5037666917 3.6790804601 8.8071600000
4.5037666917 3.8425951472 7.9954000000
4.5037666917 4.0061098344 7.2397400000
4.5037666917 4.1696245215 6.5402800000
4.5037666917 4.3331392086 5.8960900000
4.5037666917 4.4966538957 5.3054700000
4.5037666917 4.6601685828 4.7661500000
4.5037666917 4.8236832699 4.2754500000
4.5037666917 4.9871979571 3.8304900000
4.5037666917 5.1507126442 3.4282000000
4.5037666917 5.3142273313 3.0655000000
4.5037666917 5.4777420184 2.7392700000
4.5037666917 5.6412567055 2.4464400000
4.5037666917 5.8047713926 2.1840200000
4.5037666917 5.9682860798 1.9491100000
4.5037666917 6.1318007669 1.7389600000
4.5037666917 6.2953154540 1.5509800000
4.5037666917 6.4588301411 1.3828200000
4.5037666917 6.6223448282 1.2323500000
4.5037666917 6.7858595153 1.0977300000
4.5037666917 6.9493742025 0.9773900000
4.5037666917 7.1128888896 0.8700400000
4.5037666917 7.2764035767 0.7746800000
4.5037666917 7.4399182638 0.6904900000
4.5037666917 7.6034329509 0.6168700000
4.5037666917 7.7669476380 0.5532700000
4.7039341003 -3.5155657730 0.5945400000
4.7039341003 -3.3520510859 0.7267700000
4.7039341003 -3.1885363988 0.8979800000
4.7039341003 -3.0250217117 1.1157500000
4.7039341003 -2.8615070245 1.3876600000
4.7039341003 -2.6979923374 1.7209900000
4.7039341003 -2.5344776503 2.1223100000
4.7039341003 -2.3709629632 2.5971000000
4.7039341003 -2.2074482761 3.1493500000
4.7039341003 -2.0439335890 3.7811500000
4.7039341003 -1.8804189018 4.4923800000
4.7039341003 -1.7169042147 5.2804200000
4.7039341003 -1.5533895276 6.1399500000
4.7039341003 -1.3898748405 7.0628400000
4.7039341003 -1.2263601534 8.0382100000
4.7039341003 -1.0628454663 9.0525700000
4.7039341003 -0.8993307791 10.0900900000
4.7039341003 -0.7358160920 11.1330000000
4.7039341003 -0.5723014049 12.1621600000
4.7039341003 -0.4087867178 13.1575900000
4.7039341003 -0.2452720307 14.0992000000
4.7039341003 -0.0817573436 14.9674800000
4.7039341003 0.0817573436 15.7442200000
4.7039341003 0.2452720307 16.4131600000
4.7039341003 0.4087867178 16.9606200000
4.7039341003 0.5723014049 17.3759600000
4.7039341003 0.7358160920 17.6520100000
4.7039341003 0.8993307791 17.7852100000
4.7039341003 1.0628454663 17.7757600000
4.7039341003 1.2263601534 17.6274600000
4.7039341003 1.3898748405 17.3475000000
4.7039341003 1.5533895276 16.9460600000
4.7039341003 1.7169042147 16.4358200000
4.7039341003 1.8804189018 15.8313700000
4.7039341003 2.0439335890 15.1486000000
4.7039341003 2.2074482761 14.4040600000
4.7039341003 2.3709629632 13.6143200000
4.7039341003 2.5344776503 12.7954600000
4.7039341003 2.6979923374 11.9624900000
4.7039341003 2.8615070245 11.1290400000
4.7039341003 3.0250217117 10.3070200000
4.7039341003 3.1885363988 9.5064700000
4.7039341003 3.3520510859 8.7354800000
4.7039341003 3.5155657730 8.0002100000
4.7039341003 3.6790804601 7.3050500000
4.7039341003 3.8425951472 6.6527200000
4.7039341003 4.0061098344 6.0445500000
4.7039341003 4.1696245215 5.4806900000
4.7039341003 4.3331392086 4.9603700000
4.7039341003 4.4966538957 4.4821200000
4.7039341003 4.6601685828 4.0439900000
4.7039341003 4.8236832699 3.6437200000
4.7039341003 4.9871979571 3.2789000000
4.7039341003 5.1507126442 2.9470500000
4.7039341003 5.3142273313 2.6456900000
4.7039341003 5.4777420184 2.3724400000
4.7039341003 5.6412567055 2.1250000000
4.7039341003 5.8047713926 1.9011800000
4.7039341003 5.9682860798 1.6989400000
4.7039341003 6.1318007669 1.5163400000
4.7039341003 6.2953154540 1.3515900000
4.7039341003 6.4588301411 1.2030800000
4.7039341003 6.6223448282 1.0693300000
4.7039341003 6.7858595153 0.9490400000
4.7039341003 6.9493742025 0.8410900000
4.7039341003 7.1128888896 0.7445300000
4.7039341003 7.2764035767 0.6585700000
4.7039341003 7.4399182638 0.5825400000
4.7039341003 7.6034329509 0.5159000000
4.9041015088 -3.5155657730 0.5188100000
4.9041015088 -3.3520510859 0.5783800000
4.9041015088 -3.1885363988 0.6607100000
4.9041015088 -3.0250217117 0.7722700000
4.9041015088 -2.8615070245 0.9198300000
4.9041015088 -2.6979923374 1.1102200000
4.9041015088 -2.5344776503 1.3500200000
4.9041015088 -2.3709629632 1.6452400000
4.9041015088 -2.2074482761 2.0009100000
4.9041015088 -2.0439335890 2.4207700000
4.9041015088 -1.8804189018 2.9069100000
4.9041015088 -1.7169042147 3.4594600000
4.9041015088 -1.5533895276 4.0763800000
4.9041015088 -1.3898748405 4.7532700000
4.9041015088 -1.2263601534 5.4833100000
4.9041015088 -1.0628454663 6.2573200000
4.9041015088 -0.8993307791 7.0638600000
4.9041015088 -0.7358160920 7.8895400000
4.9041015088 -0.5723014049 8.7193800000
4.9041015088 -0.4087867178 9.5372400000
4.9041015088 -0.2452720307 10.3264000000
4.9041015088 -0.0817573436 11.0701000000
4.9041015088 0.0817573436 11.7522200000
4.9041015088 0.2452720307 12.3578100000
4.9041015088 0.4087867178 12.8737200000
4.9041015088 0.5723014049 13.2890600000
4.9041015088 0.7358160920 13.5956100000
4.9041015088 0.8993307791 13.7881100000
4.9041015088 1.0628454663 13.8644400000
4.9041015088 1.2263601534 13.8255800000
4.9041015088 1.3898748405 13.6755700000
4.9041015088 1.5533895276 13.4211900000
4.9041015088 1.7169042147 13.0716300000
4.9041015088 1.8804189018 12.6380700000
4.9041015088 2.0439335890 12.1330900000
4.9041015088 2.2074482761 11.5702200000
4.9041015088 2.3709629632 10.9633100000
4.9041015088 2.5344776503 10.3260500000
4.9041015088 2.6979923374 9.6714900000
4.9041015088 2.8615070245 9.0116500000
4.9041015088 3.0250217117 8.3572100000
4.9041015088 3.1885363988 7.7172600000
4.9041015088 3.3520510859 7.0992700000
4.9041015088 3.5155657730 6.5089800000
4.9041015088 3.6790804601 5.9505200000
4.9041015088 3.8425951472 5.4265100000
4.9041015088 4.0061098344 4.9382500000
4.9041015088 4.1696245215 4.4859300000
4.9041015088 4.3331392086 4.0688700000
4.9041015088 4.4966538957 3.6857200000
4.9041015088 4.6601685828 3.3346800000
4.9041015088 4.8236832699 3.0137000000
4.9041015088 4.9871979571 2.7205700000
4.9041015088 5.1507126442 2.4531300000
4.9041015088 5.3142273313 2.2092600000
4.9041015088 5.4777420184 1.9869700000
4.9041015088 5.6412567055 1.7844400000
4.9041015088 5.8047713926 1.6000100000
4.9041015088 5.9682860798 1.4321600000
4.9041015088 6.1318007669 1.2795200000
4.9041015088 6.2953154540 1.1408700000
4.9041015088 6.4588301411 1.0151000000
4.9041015088 6.6223448282 0.9011900000
4.9041015088 6.7858595153 0.7982600000
4.9041015088 6.9493742025 0.7055300000
4.9041015088 7.1128888896 0.6222800000
4.9041015088 7.2764035767 0.5479200000
5.1042689173 -2.6979923374 0.5206900000
5.1042689173 -2.5344776503 0.6349100000
5.1042689173 -2.3709629632 0.7938800000
5.1042689173 -2.2074482761 1.0036700000
5.1042689173 -2.0439335890 1.2693900000
5.1042689173 -1.8804189018 1.5947900000
5.1042689173 -1.7169042147 1.9820000000
5.1042689173 -1.5533895276 2.4312500000
5.1042689173 -1.3898748405 2.9406300000
5.1042689173 -1.2263601534 3.5059900000
5.1042689173 -1.0628454663 4.1209100000
5.1042689173 -0.8993307791 4.7767400000
5.1042689173 -0.7358160920 5.4628200000
5.1042689173 -0.5723014049 6.1667100000
5.1042689173 -0.4087867178 6.8745900000
5.1042689173 -0.2452720307 7.5716900000
5.1042689173 -0.0817573436 8.2428400000
5.1042689173 0.0817573436 8.8729900000
5.1042689173 0.2452720307 9.4477800000
5.1042689173 0.4087867178 9.9541100000
5.1042689173 0.5723014049 10.3806200000
5.1042689173 0.7358160920 10.7181500000
5.1042689173 0.8993307791 10.9600300000
5.1042689173 1.0628454663 11.1023700000
5.1042689173 1.2263601534 11.1440900000
5.1042689173 1.3898748405 11.0869700000
5.1042689173 1.5533895276 10.9354100000
5.1042689173 1.7169042147 10.6962800000
5.1042689173 1.8804189018 10.3784300000
5.1042689173 2.0439335890 9.9923600000
5.1042689173 2.2074482761 9.5496700000
5.1042689173 2.3709629632 9.0626000000
5.1042689173 2.5344776503 8.5434700000
5.1042689173 2.6979923374 8.0042900000
5.1042689173 2.8615070245 7.4562900000
5.1042689173 3.0250217117 6.9096000000
5.1042689173 3.1885363988 6.3730300000
5.1042689173 3.3520510859 5.8538600000
5.1042689173 3.5155657730 5.3578100000
5.1042689173 3.6790804601 4.8890600000
5.1042689173 3.8425951472 4.4503100000
5.1042689173 4.0061098344 4.0429500000
5.1042689173 4.1696245215 3.6672600000
5.1042689173 4.3331392086 3.3225800000
5.1042689173 4.4966538957 3.0076000000
5.1042689173 4.6601685828 2.7205300000
5.1042689173 4.8236832699 2.4592800000
5.1042689173 4.9871979571 2.2216700000
5.1042689173 5.1507126442 2.0055200000
5.1042689173 5.3142273313 1.8087700000
5.1042689173 5.4777420184 1.6295300000
5.1042689173 5.6412567055 1.4661200000
5.1042689173 5.8047713926 1.3170400000
5.1042689173 5.9682860798 1.1810000000
5.1042689173 6.1318007669 1.0569100000
5.1042689173 6.2953154540 0.9437900000
5.1042689173 6.4588301411 0.8408000000
5.1042689173 6.6223448282 0.7472000000
5.1042689173 6.7858595153 0.6623200000
5.1042689173 6.9493742025 0.5855600000
5.1042689173 7.1128888896 0.5164000000
5.3044363258 -2.0439335890 0.5092300000
5.3044363258 -1.8804189018 0.7494600000
5.3044363258 -1.7169042147 1.0510200000
5.3044363258 -1.5533895276 1.4152400000
5.3044363258 -1.3898748405 1.8414000000
5.3044363258 -1.2263601534 2.3265700000
5.3044363258 -1.0628454663 2.8655900000
5.3044363258 -0.8993307791 3.4510600000
5.3044363258 -0.7358160920 4.0735100000
5.3044363258 -0.5723014049 4.7216100000
5.3044363258 -0.4087867178 5.3825100000
5.3044363258 -0.2452720307 6.0422300000
5.3044363258 -0.0817573436 6.6862000000
5.3044363258 0.0817573436 7.2996900000
5.3044363258 0.2452720307 7.8684300000
5.3044363258 0.4087867178 8.3791300000
5.3044363258 0.5723014049 8.8199600000
5.3044363258 0.7358160920 9.1810400000
5.3044363258 0.8993307791 9.4548000000
5.3044363258 1.0628454663 9.6362100000
5.3044363258 1.2263601534 9.7229700000
5.3044363258 1.3898748405 9.7155500000
5.3044363258 1.5533895276 9.6170700000
5.3044363258 1.7169042147 9.4331000000
5.3044363258 1.8804189018 9.1713500000
5.3044363258 2.0439335890 8.8413100000
5.3044363258 2.2074482761 8.4537600000
5.3044363258 2.3709629632 8.0202700000
5.3044363258 2.5344776503 7.5527800000
5.3044363258 2.6979923374 7.0630400000
5.3044363258 2.8615070245 6.5622400000
5.3044363258 3.0250217117 6.0606200000
5.3044363258 3.1885363988 5.5672000000
5.3044363258 3.3520510859 5.0895400000
5.3044363258 3.5155657730 4.6337100000
5.3044363258 3.6790804601 4.2041700000
5.3044363258 3.8425951472 3.8039100000
5.3044363258 4.0061098344 3.4345300000
5.3044363258 4.1696245215 3.0964300000
5.3044363258 4.3331392086 2.7890200000
5.3044363258 4.4966538957 2.5109500000
5.3044363258 4.6601685828 2.2602900000
5.3044363258 4.8236832699 2.0348200000
5.3044363258 4.9871979571 1.8321400000
5.3044363258 5.1507126442 1.6498500000
5.3044363258 5.3142273313 1.4856800000
5.3044363258 5.4777420184 1.3375400000
5.3044363258 5.6412567055 1.2035700000
5.3044363258 5.8047713926 1.0821700000
5.3044363258 5.9682860798 0.9719800000
5.3044363258 6.1318007669 0.8718300000
5.3044363258 6.2953154540 0.7807800000
5.3044363258 6.4588301411 0.6979900000
5.3044363258 6.6223448282 0.6227700000
5.3044363258 6.7858595153 0.5544900000
5.5046037343 -1.7169042147 0.7682900000
5.5046037343 -1.5533895276 1.1243800000
5.5046037343 -1.3898748405 1.5439500000
5.5046037343 -1.2263601534 2.0240400000
5.5046037343 -1.0628454663 2.5594600000
5.5046037343 -0.8993307791 3.1427900000
5.5046037343 -0.7358160920 3.7645400000
5.5046037343 -0.5723014049 4.4133800000
5.5046037343 -0.4087867178 5.0764500000
5.5046037343 -0.2452720307 5.7397500000
5.5046037343 -0.0817573436 6.3886400000
5.5046037343 0.0817573436 7.0083400000
5.5046037343 0.2452720307 7.5844100000
5.5046037343 0.4087867178 8.1033800000
5.5046037343 0.5723014049 8.5531700000
5.5046037343 0.7358160920 8.9235700000
5.5046037343 0.8993307791 9.2066200000
5.5046037343 1.0628454663 9.3969200000
5.5046037343 1.2263601534 9.4917500000
5.5046037343 1.3898748405 9.4911500000
5.5046037343 1.5533895276 9.3978700000
5.5046037343 1.7169042147 9.2171700000
5.5046037343 1.8804189018 8.9565600000
5.5046037343 2.0439335890 8.6254000000
5.5046037343 2.2074482761 8.2344700000
5.5046037343 2.3709629632 7.7955100000
5.5046037343 2.5344776503 7.3206900000
5.5046037343 2.6979923374 6.8221800000
5.5046037343 2.8615070245 6.3116200000
5.5046037343 3.0250217117 5.7998100000
5.5046037343 3.1885363988 5.2963500000
5.5046037343 3.3520510859 4.8093900000
5.5046037343 3.5155657730 4.3455600000
5.5046037343 3.6790804601 3.9098300000
5.5046037343 3.8425951472 3.5056000000
5.5046037343 4.0061098344 3.1347900000
5.5046037343 4.1696245215 2.7979700000
5.5046037343 4.3331392086 2.4946400000
5.5046037343 4.4966538957 2.2233800000
5.5046037343 4.6601685828 1.9821200000
5.5046037343 4.8236832699 1.7683700000
5.5046037343 4.9871979571 1.5794100000
5.5046037343 5.1507126442 1.4124900000
5.5046037343 5.3142273313 1.2649200000
5.5046037343 5.4777420184 1.1342100000
5.5046037343 5.6412567055 1.0181400000
5.5046037343 5.8047713926 0.9147400000
5.5046037343 5.9682860798 0.8223400000
5.5046037343 6.1318007669 0.7395000000
5.5046037343 6.2953154540 0.6650500000
5.5046037343 6.4588301411 0.5979800000
5.5046037343 6.6223448282 0.5374400000
5.7047711429 -1.8804189018 0.7779700000
5.7047711429 -1.7169042147 1.1213100000
5.7047711429 -1.5533895276 1.5296300000
5.7047711429 -1.3898748405 2.0011800000
5.7047711429 -1.2263601534 2.5320300000
5.7047711429 -1.0628454663 3.1160200000
5.7047711429 -0.8993307791 3.7448600000
5.7047711429 -0.7358160920 4.4082500000
5.7047711429 -0.5723014049 5.0941700000
5.7047711429 -0.4087867178 5.7892000000
5.7047711429 -0.2452720307 6.4789200000
5.7047711429 -0.0817573436 7.1483900000
5.7047711429 0.0817573436 7.7826300000
5.7047711429 0.2452720307 8.3671700000
5.7047711429 0.4087867178 8.8885200000
5.7047711429 0.5723014049 9.3347400000
5.7047711429 0.7358160920 9.6957700000
5.7047711429 0.8993307791 9.9639000000
5.7047711429 1.0628454663 10.1339400000
5.7047711429 1.2263601534 10.2034900000
5.7047711429 1.3898748405 10.1729000000
5.7047711429 1.5533895276 10.0452800000
5.7047711429 1.7169042147 9.8262800000
5.7047711429 1.8804189018 9.5238500000
5.7047711429 2.0439335890 9.1478200000
5.7047711429 2.2074482761 8.7095200000
5.7047711429 2.3709629632 8.2212800000
5.7047711429 2.5344776503 7.6959200000
5.7047711429 2.6979923374 7.1462900000
5.7047711429 2.8615070245 6.5847500000
5.7047711429 3.0250217117 6.0228500000
5.7047711429 3.1885363988 5.4709000000
5.7047711429 3.3520510859 4.9377900000
5.7047711429 3.5155657730 4.4307500000
5.7047711429 3.6790804601 3.9553600000
5.7047711429 3.8425951472 3.5154700000
5.7047711429 4.0061098344 3.1133600000
5.7047711429 4.1696245215 2.7498500000
5.7047711429 4.3331392086 2.4245300000
5.7047711429 4.4966538957 2.1359500000
5.7047711429 4.6601685828 1.8818900000
5.7047711429 4.8236832699 1.6596100000
5.7047711429 4.9871979571 1.4660500000
5.7047711429 5.1507126442 1.2980200000
5.7047711429 5.3142273313 1.1523800000
5.7047711429 5.4777420184 1.0261500000
5.7047711429 5.6412567055 0.9166100000
5.7047711429 5.8047713926 0.8213200000
5.7047711429 5.9682860798 0.7381300000
5.7047711429 6.1318007669 0.6652300000
5.7047711429 6.2953154540 0.6010500000
5.7047711429 6.4588301411 0.5442800000
5.9049385514 -2.3709629632 0.6400200000
5.9049385514 -2.2074482761 0.8836400000
5.9049385514 -2.0439335890 1.1887300000
5.9049385514 -1.8804189018 1.5578700000
5.9049385514 -1.7169042147 1.9918500000
5.9049385514 -1.5533895276 2.4894600000
5.9049385514 -1.3898748405 3.0474000000
5.9049385514 -1.2263601534 3.6601700000
5.9049385514 -1.0628454663 4.3201600000
5.9049385514 -0.8993307791 5.0177700000
5.9049385514 -0.7358160920 5.7415600000
5.9049385514 -0.5723014049 6.4785800000
5.9049385514 -0.4087867178 7.2147100000
5.9049385514 -0.2452720307 7.9350900000
5.9049385514 -0.0817573436 8.6245500000
5.9049385514 0.0817573436 9.2681400000
5.9049385514 0.2452720307 9.8516100000
5.9049385514 0.4087867178 10.3619100000
5.9049385514 0.5723014049 10.7876300000
5.9049385514 0.7358160920 11.1194000000
5.9049385514 0.8993307791 11.3502600000
5.9049385514 1.0628454663 11.4758500000
5.9049385514 1.2263601534 11.4945700000
5.9049385514 1.3898748405 11.4076400000
5.9049385514 1.5533895276 11.2189700000
5.9049385514 1.7169042147 10.9350100000
5.9049385514 1.8804189018 10.5644700000
5.9049385514 2.0439335890 10.1179300000
5.9049385514 2.2074482761 9.6074500000
5.9049385514 2.3709629632 9.0460600000
5.9049385514 2.5344776503 8.4472700000
5.9049385514 2.6979923374 7.8246100000
5.9049385514 2.8615070245 7.1911300000
5.9049385514 3.0250217117 6.5590300000
5.9049385514 3.1885363988 5.9392600000
5.9049385514 3.3520510859 5.3413300000
5.9049385514 3.5155657730 4.7730400000
5.9049385514 3.6790804601 4.2404600000
5.9049385514 3.8425951472 3.7478900000
5.9049385514 4.0061098344 3.2979600000
5.9049385514 4.1696245215 2.8917200000
5.9049385514 4.3331392086 2.5289000000
5.9049385514 4.4966538957 2.2080700000
5.9049385514 4.6601685828 1.9269300000
5.9049385514 4.8236832699 1.6825400000
5.9049385514 4.9871979571 1.4715500000
5.9049385514 5.1507126442 1.2904200000
5.9049385514 5.3142273313 1.1355800000
5.9049385514 5.4777420184 1.0035900000
5.9049385514 5.6412567055 0.8912300000
5.9049385514 5.8047713926 0.7955600000
5.9049385514 5.9682860798 0.7139800000
5.9049385514 6.1318007669 0.6442000000
5.9049385514 6.2953154540 0.5842400000
5.9049385514 6.4588301411 0.5324000000
6.1051059599 -3.0250217117 0.5677100000
6.1051059599 -2.8615070245 0.7034100000
6.1051059599 -2.6979923374 0.8845700000
6.1051059599 -2.5344776503 1.1171200000
6.1051059599 -2.3709629632 1.4061600000
6.1051059599 -2.2074482761 1.7556300000
6.1051059599 -2.0439335890 2.1680500000
6.1051059599 -1.8804189018 2.6442600000
6.1051059599 -1.7169042147 3.1832000000
6.1051059599 -1.5533895276 3.7818200000
6.1051059599 -1.3898748405 4.4350000000
6.1051059599 -1.2263601534 5.1355500000
6.1051059599 -1.0628454663 5.8742900000
6.1051059599 -0.8993307791 6.6402900000
6.1051059599 -0.7358160920 7.4210200000
6.1051059599 -0.5723014049 8.2027400000
6.1051059599 -0.4087867178 8.9708600000
6.1051059599 -0.2452720307 9.7103100000
6.1051059599 -0.0817573436 10.4060900000
6.1051059599 0.0817573436 11.0436300000
6.1051059599 0.2452720307 11.6093600000
6.1051059599 0.4087867178 12.0910800000
6.1051059599 0.5723014049 12.4784100000
6.1051059599 0.7358160920 12.7631400000
6.1051059599 0.8993307791 12.9394800000
6.1051059599 1.0628454663 13.0042800000
6.1051059599 1.2263601534 12.9571100000
6.1051059599 1.3898748405 12.8002900000
6.1051059599 1.5533895276 12.5387500000
6.1051059599 1.7169042147 12.1798500000
6.1051059599 1.8804189018 11.7330900000
6.1051059599 2.0439335890 11.2097700000
6.1051059599 2.2074482761 10.6225300000
6.1051059599 2.3709629632 9.9849100000
6.1051059599 2.5344776503 9.3108900000
6.1051059599 2.6979923374 8.6143900000
6.1051059599 2.8615070245 7.9088600000
6.1051059599 3.0250217117 7.2068500000
6.1051059599 3.1885363988 6.5196700000
6.1051059599 3.3520510859 5.8571700000
6.1051059599 3.5155657730 5.2275100000
6.1051059599 3.6790804601 4.6370700000
6.1051059599 3.8425951472 4.0904600000
6.1051059599 4.0061098344 3.5905700000
6.1051059599 4.1696245215 3.1386900000
6.1051059599 4.3331392086 2.7346800000
6.1051059599 4.4966538957 2.3772200000
6.1051059599 4.6601685828 2.0640000000
6.1051059599 4.8236832699 1.7920000000
6.1051059599 4.9871979571 1.5577300000
6.1051059599 5.1507126442 1.3574100000
6.1051059599 5.3142273313 1.1871800000
6.1051059599 5.4777420184 1.0432600000
6.1051059599 5.6412567055 0.9220400000
6.1051059599 5.8047713926 0.8202000000
6.1051059599 5.9682860798 0.7346900000
6.1051059599 6.1318007669 0.6628500000
6.1051059599 6.2953154540 0.6022900000
6.1051059599 6.4588301411 0.5509800000
6.1051059599 6.6223448282 0.5071400000
6.3052733684 -3.6790804601 0.5316300000
6.3052733684 -3.5155657730 0.6130600000
6.3052733684 -3.3520510859 0.7221600000
6.3052733684 -3.1885363988 0.8647800000
6.3052733684 -3.0250217117 1.0469100000
6.3052733684 -2.8615070245 1.2743800000
6.3052733684 -2.6979923374 1.5525600000
6.3052733684 -2.5344776503 1.8861100000
6.3052733684 -2.3709629632 2.2786300000
6.3052733684 -2.2074482761 2.7324200000
6.3052733684 -2.0439335890 3.2482300000
6.3052733684 -1.8804189018 3.8250500000
6.3052733684 -1.7169042147 4.4599800000
6.3052733684 -1.5533895276 5.1481600000
6.3052733684 -1.3898748405 5.8827600000
6.3052733684 -1.2263601534 6.6550500000
6.3052733684 -1.0628454663 7.4545700000
6.3052733684 -0.8993307791 8.2693200000
6.3052733684 -0.7358160920 9.0860700000
6.3052733684 -0.5723014049 9.8906700000
6.3052733684 -0.4087867178 10.6684700000
6.3052733684 -0.2452720307 11.4047000000
6.3052733684 -0.0817573436 12.0849300000
6.3052733684 0.0817573436 12.6955200000
6.3052733684 0.2452720307 13.2239800000
6.3052733684 0.4087867178 13.6594500000
6.3052733684 0.5723014049 13.9929500000
6.3052733684 0.7358160920 14.2177600000
6.3052733684 0.8993307791 14.3295500000
6.3052733684 1.0628454663 14.3266000000
6.3052733684 1.2263601534 14.2097900000
6.3052733684 1.3898748405 13.9825600000
6.3052733684 1.5533895276 13.6508200000
6.3052733684 1.7169042147 13.2227200000
6.3052733684 1.8804189018 12.7083400000
6.3052733684 2.0439335890 12.1193700000
6.3052733684 2.2074482761 11.4687200000
6.3052733684 2.3709629632 10.7700300000
6.3052733684 2.5344776503 10.0372900000
6.3052733684 2.6979923374 9.2843900000
6.3052733684 2.8615070245 8.5246700000
6.3052733684 3.0250217117 7.7706000000
6.3052733684 3.1885363988 7.0334500000
6.3052733684 3.3520510859 6.3230100000
6.3052733684 3.5155657730 5.6474700000
6.3052733684 3.6790804601 5.0132900000
6.3052733684 3.8425951472 4.4251800000
6.3052733684 4.0061098344 3.8861600000
6.3052733684 4.1696245215 3.3976900000
6.3052733684 4.3331392086 2.9598000000
6.3052733684 4.4966538957 2.5712800000
6.3052733684 4.6601685828 2.2299500000
6.3052733684 4.8236832699 1.9328700000
6.3052733684 4.9871979571 1.6765400000
6.3052733684 5.1507126442 1.4571400000
6.3052733684 5.3142273313 1.2707100000
6.3052733684 5.4777420184 1.1133000000
6.3052733684 5.6412567055 0.9811200000
6.3052733684 5.8047713926 0.8705800000
6.3052733684 5.9682860798 0.7784000000
6.3052733684 6.1318007669 0.7016200000
6.3052733684 6.2953154540 0.6375800000
6.3052733684 6.4588301411 0.5839700000
6.3052733684 6.6223448282 0.5387600000
6.3052733684 6.7858595153 0.5001900000
6.5054407769 -4.0061098344 0.5343600000
6.5054407769 -3.8425951472 0.6236300000
6.5054407769 -3.6790804601 0.7370500000
6.5054407769 -3.5155657730 0.8794100000
6.5054407769 -3.3520510859 1.0558400000
6.5054407769 -3.1885363988 1.2715700000
6.5054407769 -3.0250217117 1.5317800000
6.5054407769 -2.8615070245 1.8412400000
6.5054407769 -2.6979923374 2.2041200000
6.5054407769 -2.5344776503 2.6236900000
6.5054407769 -2.3709629632 3.1020300000
6.5054407769 -2.2074482761 3.6398300000
6.5054407769 -2.0439335890 4.2361700000
6.5054407769 -1.8804189018 4.8883700000
6.5054407769 -1.7169042147 5.5919300000
6.5054407769 -1.5533895276 6.3405000000
6.5054407769 -1.3898748405 7.1259100000
6.5054407769 -1.2263601534 7.9383500000
6.5054407769 -1.0628454663 8.7664900000
6.5054407769 -0.8993307791 9.5978100000
6.5054407769 -0.7358160920 10.4188700000
6.5054407769 -0.5723014049 11.2156700000
6.5054407769 -0.4087867178 11.9740200000
6.5054407769 -0.2452720307 12.6799500000
6.5054407769 -0.0817573436 13.3201400000
6.5054407769 0.0817573436 13.8822500000
6.5054407769 0.2452720307 14.3553300000
6.5054407769 0.4087867178 14.7301400000
6.5054407769 0.5723014049 14.9994100000
6.5054407769 0.7358160920 15.1580700000
6.5054407769 0.8993307791 15.2034000000
6.5054407769 1.0628454663 15.1351000000
6.5054407769 1.2263601534 14.9552800000
6.5054407769 1.3898748405 14.6684000000
6.5054407769 1.5533895276 14.2811100000
6.5054407769 1.7169042147 13.8020200000
6.5054407769 1.8804189018 13.2414400000
6.5054407769 2.0439335890 12.6110300000
6.5054407769 2.2074482761 11.9234600000
6.5054407769 2.3709629632 11.1919700000
6.5054407769 2.5344776503 10.4300500000
6.5054407769 2.6979923374 9.6509800000
6.5054407769 2.8615070245 8.8675000000
6.5054407769 3.0250217117 8.0914900000
6.5054407769 3.1885363988 7.3336800000
6.5054407769 3.3520510859 6.6034200000
6.5054407769 3.5155657730 5.9085600000
6.5054407769 3.6790804601 5.2553200000
6.5054407769 3.8425951472 4.6483200000
6.5054407769 4.0061098344 4.0905500000
6.5054407769 4.1696245215 3.5835400000
6.5054407769 4.3331392086 3.1274600000
6.5054407769 4.4966538957 2.7213000000
6.5054407769 4.6601685828 2.3630800000
6.5054407769 4.8236832699 2.0500500000
6.5054407769 4.9871979571 1.7789100000
6.5054407769 5.1507126442 1.5459700000
6.5054407769 5.3142273313 1.3473900000
6.5054407769 5.4777420184 1.1792800000
6.5054407769 5.6412567055 1.0378500000
6.5054407769 5.8047713926 0.9194700000
6.5054407769 5.9682860798 0.8207900000
6.5054407769 6.1318007669 0.7387300000
6.5054407769 6.2953154540 0.6705200000
6.5054407769 6.4588301411 0.6136800000
6.5054407769 6.6223448282 0.5660400000
6.5054407769 6.7858595153 0.5257100000
6.7056081855 -4.1696245215 0.5317500000
6.7056081855 -4.0061098344 0.6366900000
6.7056081855 -3.8425951472 0.7665000000
6.7056081855 -3.6790804601 0.9252600000
6.7056081855 -3.5155657730 1.1173400000
6.7056081855 -3.3520510859 1.3472500000
6.7056081855 -3.1885363988 1.6194800000
6.7056081855 -3.0250217117 1.9382200000
6.7056081855 -2.8615070245 2.3071800000
6.7056081855 -2.6979923374 2.7293400000
6.7056081855 -2.5344776503 3.2066300000
6.7056081855 -2.3709629632 3.7398100000
6.7056081855 -2.2074482761 4.3281600000
6.7056081855 -2.0439335890 4.9694200000
6.7056081855 -1.8804189018 5.6596200000
6.7056081855 -1.7169042147 6.3931000000
6.7056081855 -1.5533895276 7.1624900000
6.7056081855 -1.3898748405 7.9588600000
6.7056081855 -1.2263601534 8.7718200000
6.7056081855 -1.0628454663 9.5898200000
6.7056081855 -0.8993307791 10.4003900000
6.7056081855 -0.7358160920 11.1904400000
6.7056081855 -0.5723014049 11.9466600000
6.7056081855 -0.4087867178 12.6558500000
6.7056081855 -0.2452720307 13.3053200000
6.7056081855 -0.0817573436 13.8832000000
6.7056081855 0.0817573436 14.3788500000
6.7056081855 0.2452720307 14.7830900000
6.7056081855 0.4087867178 15.0884900000
6.7056081855 0.5723014049 15.2895800000
6.7056081855 0.7358160920 15.3829800000
6.7056081855 0.8993307791 15.3675000000
6.7056081855 1.0628454663 15.2441200000
6.7056081855 1.2263601534 15.0160000000
6.7056081855 1.3898748405 14.6883100000
6.7056081855 1.5533895276 14.2681100000
6.7056081855 1.7169042147 13.7640800000
6.7056081855 1.8804189018 13.1863200000
6.7056081855 2.0439335890 12.5459800000
6.7056081855 2.2074482761 11.8549900000
6.7056081855 2.3709629632 11.1257000000
6.7056081855 2.5344776503 10.3705400000
6.7056081855 2.6979923374 9.6017000000
6.7056081855 2.8615070245 8.8308000000
6.7056081855 3.0250217117 8.0686800000
6.7056081855 3.1885363988 7.3250900000
6.7056081855 3.3520510859 6.6085500000
6.7056081855 3.5155657730 5.9262300000
6.7056081855 3.6790804601 5.2838600000
6.7056081855 3.8425951472 4.6857000000
6.7056081855 4.0061098344 4.1346000000
6.7056081855 4.1696245215 3.6320500000
6.7056081855 4.3331392086 3.1783300000
6.7056081855 4.4966538957 2.7726300000
6.7056081855 4.6601685828 2.4132500000
6.7056081855 4.8236832699 2.0977600000
6.7056081855 4.9871979571 1.8231700000
6.7056081855 5.1507126442 1.5861400000
6.7056081855 5.3142273313 1.3831100000
6.7056081855 5.4777420184 1.2104600000
6.7056081855 5.6412567055 1.0646000000
6.7056081855 5.8047713926 0.9420700000
6.7056081855 5.9682860798 0.8396400000
6.7056081855 6.1318007669 0.7542800000
6.7056081855 6.2953154540 0.6832600000
6.7056081855 6.4588301411 0.6241200000
6.7056081855 6.6223448282 0.5746500000
6.7056081855 6.7858595153 0.5329200000
6.9057755940 -4.1696245215 0.5838300000
6.9057755940 -4.0061098344 0.7142100000
6.9057755940 -3.8425951472 0.8720100000
6.9057755940 -3.6790804601 1.0608600000
6.9057755940 -3.5155657730 1.2845300000
6.9057755940 -3.3520510859 1.5468300000
6.9057755940 -3.1885363988 1.8513800000
6.9057755940 -3.0250217117 2.2014700000
6.9057755940 -2.8615070245 2.5998100000
6.9057755940 -2.6979923374 3.0483000000
6.9057755940 -2.5344776503 3.5478200000
6.9057755940 -2.3709629632 4.0980600000
6.9057755940 -2.2074482761 4.6973000000
6.9057755940 -2.0439335890 5.3423700000
6.9057755940 -1.8804189018 6.0285100000
6.9057755940 -1.7169042147 6.7494300000
6.9057755940 -1.5533895276 7.4973400000
6.9057755940 -1.3898748405 8.2631100000
6.9057755940 -1.2263601534 9.0364400000
6.9057755940 -1.0628454663 9.8060800000
6.9057755940 -0.8993307791 10.5602000000
6.9057755940 -0.7358160920 11.2865900000
6.9057755940 -0.5723014049 11.9731000000
6.9057755940 -0.4087867178 12.6079400000
6.9057755940 -0.2452720307 13.1799900000
6.9057755940 -0.0817573436 13.6791400000
6.9057755940 0.0817573436 14.0965900000
6.9057755940 0.2452720307 14.4250200000
6.9057755940 0.4087867178 14.6588500000
6.9057755940 0.5723014049 14.7943300000
6.9057755940 0.7358160920 14.8296300000
6.9057755940 0.8993307791 14.7648800000
6.9057755940 1.0628454663 14.6021200000
6.9057755940 1.2263601534 14.3451900000
6.9057755940 1.3898748405 13.9996700000
6.9057755940 1.5533895276 13.5726100000
6.9057755940 1.7169042147 13.0724000000
6.9057755940 1.8804189018 12.5084700000
6.9057755940 2.0439335890 11.8910600000
6.9057755940 2.2074482761 11.2309300000
6.9057755940 2.3709629632 10.5390700000
6.9057755940 2.5344776503 9.8264600000
6.9057755940 2.6979923374 9.1037900000
6.9057755940 2.8615070245 8.3811900000
6.9057755940 3.0250217117 7.6680600000
6.9057755940 3.1885363988 6.9728600000
6.9057755940 3.3520510859 6.3029900000
6.9057755940 3.5155657730 5.6646700000
6.9057755940 3.6790804601 5.0629000000
6.9057755940 3.8425951472 4.5014300000
6.9057755940 4.0061098344 3.9827900000
6.9057755940 4.1696245215 3.5083900000
6.9057755940 4.3331392086 3.0785400000
6.9057755940 4.4966538957 2.6926600000
6.9057755940 4.6601685828 2.3493300000
6.9057755940 4.8236832699 2.0465200000
6.9057755940 4.9871979571 1.7816900000
6.9057755940 5.1507126442 1.5519200000
6.9057755940 5.3142273313 1.3541200000
6.9057755940 5.4777420184 1.1850700000
6.9057755940 5.6412567055 1.0415600000
6.9057755940 5.8047713926 0.9204800000
6.9057755940 5.9682860798 0.8188500000
6.9057755940 6.1318007669 0.7339000000
6.9057755940 6.2953154540 0.6630700000
6.9057755940 6.4588301411 0.6040200000
6.9057755940 6.6223448282 0.5546600000
6.9057755940 6.7858595153 0.5131200000
7.1059430025 -4.1696245215 0.6076800000
7.1059430025 -4.0061098344 0.7504500000
7.1059430025 -3.8425951472 0.9205900000
7.1059430025 -3.6790804601 1.1211500000
7.1059430025 -3.5155657730 1.3552200000
7.1059430025 -3.3520510859 1.6258600000
7.1059430025 -3.1885363988 1.9359200000
7.1059430025 -3.0250217117 2.2878400000
7.1059430025 -2.8615070245 2.6835100000
7.1059430025 -2.6979923374 3.1240100000
7.1059430025 -2.5344776503 3.6094900000
7.1059430025 -2.3709629632 4.1389300000
7.1059430025 -2.2074482761 4.7100700000
7.1059430025 -2.0439335890 5.3193000000
7.1059430025 -1.8804189018 5.9616100000
7.1059430025 -1.7169042147 6.6306300000
7.1059430025 -1.5533895276 7.3187300000
7.1059430025 -1.3898748405 8.0171500000
7.1059430025 -1.2263601534 8.7161800000
7.1059430025 -1.0628454663 9.4054700000
7.1059430025 -0.8993307791 10.0742100000
7.1059430025 -0.7358160920 10.7115500000
7.1059430025 -0.5723014049 11.3068000000
7.1059430025 -0.4087867178 11.8498200000
7.1059430025 -0.2452720307 12.3312700000
7.1059430025 -0.0817573436 12.7428800000
7.1059430025 0.0817573436 13.0776800000
7.1059430025 0.2452720307 13.3301600000
7.1059430025 0.4087867178 13.4964200000
7.1059430025 0.5723014049 13.5742300000
7.1059430025 0.7358160920 13.5630700000
7.1059430025 0.8993307791 13.4640700000
7.1059430025 1.0628454663 13.2799800000
7.1059430025 1.2263601534 13.0150200000
7.1059430025 1.3898748405 12.6747900000
7.1059430025 1.5533895276 12.2660000000
7.1059430025 1.7169042147 11.7963500000
7.1059430025 1.8804189018 11.2743100000
7.1059430025 2.0439335890 10.7088400000
7.1059430025 2.2074482761 10.1092500000
7.1059430025 2.3709629632 9.4849000000
7.1059430025 2.5344776503 8.8450400000
7.1059430025 2.6979923374 8.1985900000
7.1059430025 2.8615070245 7.5539700000
7.1059430025 3.0250217117 6.9189500000
7.1059430025 3.1885363988 6.3004900000
7.1059430025 3.3520510859 5.7046800000
7.1059430025 3.5155657730 5.1366400000
7.1059430025 3.6790804601 4.6005000000
7.1059430025 3.8425951472 4.0993800000
7.1059430025 4.0061098344 3.6354200000
7.1059430025 4.1696245215 3.2098100000
7.1059430025 4.3331392086 2.8229100000
7.1059430025 4.4966538957 2.4743000000
7.1059430025 4.6601685828 2.1628700000
7.1059430025 4.8236832699 1.8870100000
7.1059430025 4.9871979571 1.6446500000
7.1059430025 5.1507126442 1.4334000000
7.1059430025 5.3142273313 1.2506900000
7.1059430025 5.4777420184 1.0938300000
7.1059430025 5.6412567055 0.9600900000
7.1059430025 5.8047713926 0.8468000000
7.1059430025 5.9682860798 0.7513900000
7.1059430025 6.1318007669 0.6714200000
7.1059430025 6.2953154540 0.6046400000
7.1059430025 6.4588301411 0.5489500000
7.1059430025 6.6223448282 0.5024700000
7.3061104110 -4.1696245215 0.5976200000
7.3061104110 -4.0061098344 0.7394300000
7.3061104110 -3.8425951472 0.9062900000
7.3061104110 -3.6790804601 1.1005900000
7.3061104110 -3.5155657730 1.3247600000
7.3061104110 -3.3520510859 1.5811500000
7.3061104110 -3.1885363988 1.8719100000
7.3061104110 -3.0250217117 2.1988300000
7.3061104110 -2.8615070245 2.5631700000
7.3061104110 -2.6979923374 2.9654900000
7.3061104110 -2.5344776503 3.4055100000
7.3061104110 -2.3709629632 3.8819200000
7.3061104110 -2.2074482761 4.3923200000
7.3061104110 -2.0439335890 4.9331200000
7.3061104110 -1.8804189018 5.4995500000
7.3061104110 -1.7169042147 6.0856800000
7.3061104110 -1.5533895276 6.6844800000
7.3061104110 -1.3898748405 7.2880600000
7.3061104110 -1.2263601534 7.8877500000
7.3061104110 -1.0628454663 8.4744200000
7.3061104110 -0.8993307791 9.0387000000
7.3061104110 -0.7358160920 9.5712600000
7.3061104110 -0.5723014049 10.0631200000
7.3061104110 -0.4087867178 10.5058800000
7.3061104110 -0.2452720307 10.8919700000
7.3061104110 -0.0817573436 11.2149100000
7.3061104110 0.0817573436 11.4694200000
7.3061104110 0.2452720307 11.6516000000
7.3061104110 0.4087867178 11.7589700000
7.3061104110 0.5723014049 11.7905100000
7.3061104110 0.7358160920 11.7466600000
7.3061104110 0.8993307791 11.6292300000
7.3061104110 1.0628454663 11.4413400000
7.3061104110 1.2263601534 11.1872400000
7.3061104110 1.3898748405 10.8722000000
7.3061104110 1.5533895276 10.5023400000
7.3061104110 1.7169042147 10.0844200000
7.3061104110 1.8804189018 9.6256900000
7.3061104110 2.0439335890 9.1336900000
7.3061104110 2.2074482761 8.6160800000
7.3061104110 2.3709629632 8.0804900000
7.3061104110 2.5344776503 7.5343500000
7.3061104110 2.6979923374 6.9847300000
7.3061104110 2.8615070245 6.4382800000
7.3061104110 3.0250217117 5.9010700000
7.3061104110 3.1885363988 5.3785200000
7.3061104110 3.3520510859 4.8753800000
7.3061104110 3.5155657730 4.3956000000
7.3061104110 3.6790804601 3.9424000000
7.3061104110 3.8425951472 3.5182200000
7.3061104110 4.0061098344 3.1247300000
7.3061104110 4.1696245215 2.7629200000
7.3061104110 4.3331392086 2.4330800000
7.3061104110 4.4966538957 2.1349500000
7.3061104110 4.6601685828 1.8677000000
7.3061104110 4.8236832699 1.6301100000
7.3061104110 4.9871979571 1.4205800000
7.3061104110 5.1507126442 1.2372700000
7.3061104110 5.3142273313 1.0781500000
7.3061104110 5.4777420184 0.9410500000
7.3061104110 5.6412567055 0.8238100000
7.3061104110 5.8047713926 0.7242500000
7.3061104110 5.9682860798 0.6402500000
7.3061104110 6.1318007669 0.5698000000
7.3061104110 6.2953154540 0.5109900000
7.5062778195 -4.1696245215 0.5569800000
7.5062778195 -4.0061098344 0.6866200000
7.5062778195 -3.8425951472 0.8373300000
7.5062778195 -3.6790804601 1.0108700000
7.5062778195 -3.5155657730 1.2090200000
7.5062778195 -3.3520510859 1.4335100000
7.5062778195 -3.1885363988 1.6859300000
7.5062778195 -3.0250217117 1.9675600000
7.5062778195 -2.8615070245 2.2792600000
7.5062778195 -2.6979923374 2.6213200000
7.5062778195 -2.5344776503 2.9933100000
7.5062778195 -2.3709629632 3.3939600000
7.5062778195 -2.2074482761 3.8210900000
7.5062778195 -2.0439335890 4.2715200000
7.5062778195 -1.8804189018 4.7410700000
7.5062778195 -1.7169042147 5.2246000000
7.5062778195 -1.5533895276 5.7161100000
7.5062778195 -1.3898748405 6.2088400000
7.5062778195 -1.2263601534 6.6954900000
7.5062778195 -1.0628454663 7.1684000000
7.5062778195 -0.8993307791 7.6197700000
7.5062778195 -0.7358160920 8.0419600000
7.5062778195 -0.5723014049 8.4276900000
7.5062778195 -0.4087867178 8.7702500000
7.5062778195 -0.2452720307 9.0637700000
7.5062778195 -0.0817573436 9.3033400000
7.5062778195 0.0817573436 9.4851700000
7.5062778195 0.2452720307 9.6066400000
7.5062778195 0.4087867178 9.6663800000
7.5062778195 0.5723014049 9.6642700000
7.5062778195 0.7358160920 9.6013300000
7.5062778195 0.8993307791 9.4797400000
7.5062778195 1.0628454663 9.3026200000
7.5062778195 1.2263601534 9.0740000000
7.5062778195 1.3898748405 8.7985900000
7.5062778195 1.5533895276 8.4816900000
7.5062778195 1.7169042147 8.1289900000
7.5062778195 1.8804189018 7.7464200000
7.5062778195 2.0439335890 7.3400600000
7.5062778195 2.2074482761 6.9159300000
7.5062778195 2.3709629632 6.4799500000
7.5062778195 2.5344776503 6.0377700000
7.5062778195 2.6979923374 5.5947300000
7.5062778195 2.8615070245 5.1557700000
7.5062778195 3.0250217117 4.7253500000
7.5062778195 3.1885363988 4.3074500000
7.5062778195 3.3520510859 3.9055000000
7.5062778195 3.5155657730 3.5223900000
7.5062778195 3.6790804601 3.1604300000
7.5062778195 3.8425951472 2.8213900000
7.5062778195 4.0061098344 2.5065000000
7.5062778195 4.1696245215 2.2164700000
7.5062778195 4.3331392086 1.9515400000
7.5062778195 4.4966538957 1.7115200000
7.5062778195 4.6601685828 1.4958400000
7.5062778195 4.8236832699 1.3036100000
7.5062778195 4.9871979571 1.1336700000
7.5062778195 5.1507126442 0.9846400000
7.5062778195 5.3142273313 0.8550100000
7.5062778195 5.4777420184 0.7431600000
7.5062778195 5.6412567055 0.6474200000
7.5062778195 5.8047713926 0.5661200000
7.7064452281 -4.0061098344 0.6069600000
7.7064452281 -3.8425951472 0.7332900000
7.7064452281 -3.6790804601 0.8769700000
7.7064452281 -3.5155657730 1.0392300000
7.7064452281 -3.3520510859 1.2212600000
7.7064452281 -3.1885363988 1.4241900000
7.7064452281 -3.0250217117 1.6489400000
7.7064452281 -2.8615070245 1.8961300000
7.7064452281 -2.6979923374 2.1659700000
7.7064452281 -2.5344776503 2.4581100000
7.7064452281 -2.3709629632 2.7715300000
7.7064452281 -2.2074482761 3.1045200000
7.7064452281 -2.0439335890 3.4545200000
7.7064452281 -1.8804189018 3.8182300000
7.7064452281 -1.7169042147 4.1915200000
7.7064452281 -1.5533895276 4.5696000000
7.7064452281 -1.3898748405 4.9470600000
7.7064452281 -1.2263601534 5.3180900000
7.7064452281 -1.0628454663 5.6765700000
7.7064452281 -0.8993307791 6.0163700000
7.7064452281 -0.7358160920 6.3314500000
7.7064452281 -0.5723014049 6.6161800000
7.7064452281 -0.4087867178 6.8654300000
7.7064452281 -0.2452720307 7.0747900000
7.7064452281 -0.0817573436 7.2407000000
7.7064452281 0.0817573436 7.3605500000
7.7064452281 0.2452720307 7.4327300000
7.7064452281 0.4087867178 7.4566300000
7.7064452281 0.5723014049 7.4326800000
7.7064452281 0.7358160920 7.3622000000
7.7064452281 0.8993307791 7.2474000000
7.7064452281 1.0628454663 7.0912100000
7.7064452281 1.2263601534 6.8971800000
7.7064452281 1.3898748405 6.6693400000
7.7064452281 1.5533895276 6.4120500000
7.7064452281 1.7169042147 6.1299000000
7.7064452281 1.8804189018 5.8275500000
7.7064452281 2.0439335890 5.5096600000
7.7064452281 2.2074482761 5.1807400000
7.7064452281 2.3709629632 4.8451500000
7.7064452281 2.5344776503 4.5069500000
7.7064452281 2.6979923374 4.1699200000
7.7064452281 2.8615070245 3.8374900000
7.7064452281 3.0250217117 3.5127400000
7.7064452281 3.1885363988 3.1983400000
7.7064452281 3.3520510859 2.8965900000
7.7064452281 3.5155657730 2.6094000000
7.7064452281 3.6790804601 2.3383100000
7.7064452281 3.8425951472 2.0844700000
7.7064452281 4.0061098344 1.8486700000
7.7064452281 4.1696245215 1.6313900000
7.7064452281 4.3331392086 1.4327600000
7.7064452281 4.4966538957 1.2526500000
7.7064452281 4.6601685828 1.0906600000
7.7064452281 4.8236832699 0.9461800000
7.7064452281 4.9871979571 0.8183800000
7.7064452281 5.1507126442 0.7063200000
7.7064452281 5.3142273313 0.6089000000
7.7064452281 5.4777420184 0.5249700000
7.9066126366 -4.0061098344 0.5207300000
7.9066126366 -3.8425951472 0.6197200000
7.9066126366 -3.6790804601 0.7305300000
7.9066126366 -3.5155657730 0.8538500000
7.9066126366 -3.3520510859 0.9904300000
7.9066126366 -3.1885363988 1.1410300000
7.9066126366 -3.0250217117 1.3063000000
7.9066126366 -2.8615070245 1.4867200000
7.9066126366 -2.6979923374 1.6825300000
7.9066126366 -2.5344776503 1.8935600000
7.9066126366 -2.3709629632 2.1191700000
7.9066126366 -2.2074482761 2.3582000000
7.9066126366 -2.0439335890 2.6088800000
7.9066126366 -1.8804189018 2.8688300000
7.9066126366 -1.7169042147 3.1350600000
7.9066126366 -1.5533895276 3.4040300000
7.9066126366 -1.3898748405 3.6717400000
7.9066126366 -1.2263601534 3.9338400000
7.9066126366 -1.0628454663 4.1857700000
7.9066126366 -0.8993307791 4.4229200000
7.9066126366 -0.7358160920 4.6408300000
7.9066126366 -0.5723014049 4.8353000000
7.9066126366 -0.4087867178 5.0026000000
7.9066126366 -0.2452720307 5.1395500000
7.9066126366 -0.0817573436 5.2437000000
7.9066126366 0.0817573436 5.3133100000
7.9066126366 0.2452720307 5.3475000000
7.9066126366 0.4087867178 5.3461500000
7.9066126366 0.5723014049 5.3099400000
7.9066126366 0.7358160920 5.2402600000
7.9066126366 0.8993307791 5.1391300000
7.9066126366 1.0628454663 5.0091200000
7.9066126366 1.2263601534 4.8531800000
7.9066126366 1.3898748405 4.6745900000
7.9066126366 1.5533895276 4.4767900000
7.9066126366 1.7169042147 4.2633000000
7.9066126366 1.8804189018 4.0376200000
7.9066126366 2.0439335890 3.8031400000
7.9066126366 2.2074482761 3.5630800000
7.9066126366 2.3709629632 3.3204400000
7.9066126366 2.5344776503 3.0779500000
7.9066126366 2.6979923374 2.8381100000
7.9066126366 2.8615070245 2.6030800000
7.9066126366 3.0250217117 2.3747700000
7.9066126366 3.1885363988 2.1548200000
7.9066126366 3.3520510859 1.9445900000
7.9066126366 3.5155657730 1.7451700000
7.9066126366 3.6790804601 1.5574600000
7.9066126366 3.8425951472 1.3820800000
7.9066126366 4.0061098344 1.2194700000
7.9066126366 4.1696245215 1.0698600000
7.9066126366 4.3331392086 0.9332900000
7.9066126366 4.4966538957 0.8096400000
7.9066126366 4.6601685828 0.6986400000
7.9066126366 4.8236832699 0.5998400000
7.9066126366 4.9871979571 0.5127200000
8.1067800451 -3.8425951472 0.5219300000
8.1067800451 -3.6790804601 0.6022600000
8.1067800451 -3.5155657730 0.6896300000
8.1067800451 -3.3520510859 0.7844100000
8.1067800451 -3.1885363988 0.8870000000
8.1067800451 -3.0250217117 0.9978500000
8.1067800451 -2.8615070245 1.1173500000
8.1067800451 -2.6979923374 1.2457500000
8.1067800451 -2.5344776503 1.3831100000
8.1067800451 -2.3709629632 1.5291700000
8.1067800451 -2.2074482761 1.6833500000
8.1067800451 -2.0439335890 1.8446100000
8.1067800451 -1.8804189018 2.0115000000
8.1067800451 -1.7169042147 2.1821100000
8.1067800451 -1.5533895276 2.3541000000
8.1067800451 -1.3898748405 2.5248000000
8.1067800451 -1.2263601534 2.6912300000
8.1067800451 -1.0628454663 2.8502500000
8.1067800451 -0.8993307791 2.9986600000
8.1067800451 -0.7358160920 3.1333500000
8.1067800451 -0.5723014049 3.2514200000
8.1067800451 -0.4087867178 3.3502700000
8.1067800451 -0.2452720307 3.4277800000
8.1067800451 -0.0817573436 3.4823100000
8.1067800451 0.0817573436 3.5128200000
8.1067800451 0.2452720307 3.5188800000
8.1067800451 0.4087867178 3.5006600000
8.1067800451 0.5723014049 3.4589100000
8.1067800451 0.7358160920 3.3948900000
8.1067800451 0.8993307791 3.3103500000
8.1067800451 1.0628454663 3.2073500000
8.1067800451 1.2263601534 3.0882700000
8.1067800451 1.3898748405 2.9556100000
8.1067800451 1.5533895276 2.8119600000
8.1067800451 1.7169042147 2.6598900000
8.1067800451 1.8804189018 2.5019000000
8.1067800451 2.0439335890 2.3403000000
8.1067800451 2.2074482761 2.1772400000
8.1067800451 2.3709629632 2.0146300000
8.1067800451 2.5344776503 1.8541500000
8.1067800451 2.6979923374 1.6972400000
8.1067800451 2.8615070245 1.5451200000
8.1067800451 3.0250217117 1.3987900000
8.1067800451 3.1885363988 1.2590500000
8.1067800451 3.3520510859 1.1265600000
8.1067800451 3.5155657730 1.0017900000
8.1067800451 3.6790804601 0.8851000000
8.1067800451 3.8425951472 0.7767300000
8.1067800451 4.0061098344 0.6768200000
8.1067800451 4.1696245215 0.5854100000
8.1067800451 4.3331392086 0.5024400000
8.3069474536 -3.6790804601 0.5153600000
8.3069474536 -3.5155657730 0.5740100000
8.3069474536 -3.3520510859 0.6352100000
8.3069474536 -3.1885363988 0.6990600000
8.3069474536 -3.0250217117 0.7657800000
8.3069474536 -2.8615070245 0.8356500000
8.3069474536 -2.6979923374 0.9089300000
8.3069474536 -2.5344776503 0.9858200000
8.3069474536 -2.3709629632 1.0664100000
8.3069474536 -2.2074482761 1.1505700000
8.3069474536 -2.0439335890 1.2379300000
8.3069474536 -1.8804189018 1.3278200000
8.3069474536 -1.7169042147 1.4193000000
8.3069474536 -1.5533895276 1.5110800000
8.3069474536 -1.3898748405 1.6016500000
8.3069474536 -1.2263601534 1.6892500000
8.3069474536 -1.0628454663 1.7719600000
8.3069474536 -0.8993307791 1.8478100000
8.3069474536 -0.7358160920 1.9148600000
8.3069474536 -0.5723014049 1.9712700000
8.3069474536 -0.4087867178 2.0154300000
8.3069474536 -0.2452720307 2.0460200000
8.3069474536 -0.0817573436 2.0620800000
8.3069474536 0.0817573436 2.0630600000
8.3069474536 0.2452720307 2.0488300000
8.3069474536 0.4087867178 2.0196900000
8.3069474536 0.5723014049 1.9763700000
8.3069474536 0.7358160920 1.9199200000
8.3069474536 0.8993307791 1.8517400000
8.3069474536 1.0628454663 1.7734200000
8.3069474536 1.2263601534 1.6867300000
8.3069474536 1.3898748405 1.5935000000
8.3069474536 1.5533895276 1.4955600000
8.3069474536 1.7169042147 1.3946900000
8.3069474536 1.8804189018 1.2925100000
8.3069474536 2.0439335890 1.1905000000
8.3069474536 2.2074482761 1.0899400000
8.3069474536 2.3709629632 0.9919000000
8.3069474536 2.5344776503 0.8972500000
8.3069474536 2.6979923374 0.8066400000
8.3069474536 2.8615070245 0.7205700000
8.3069474536 3.0250217117 0.6393800000
8.3069474536 3.1885363988 0.5632800000
8.5071148622 -3.5155657730 0.5202600000
8.5071148622 -3.3520510859 0.5582000000
8.5071148622 -3.1885363988 0.5947800000
8.5071148622 -3.0250217117 0.6299900000
8.5071148622 -2.8615070245 0.6639300000
8.5071148622 -2.6979923374 0.6968200000
8.5071148622 -2.5344776503 0.7289400000
8.5071148622 -2.3709629632 0.7605600000
8.5071148622 -2.2074482761 0.7919200000
8.5071148622 -2.0439335890 0.8231200000
8.5071148622 -1.8804189018 0.8541600000
8.5071148622 -1.7169042147 0.8848200000
8.5071148622 -1.5533895276 0.9147100000
8.5071148622 -1.3898748405 0.9432700000
8.5071148622 -1.2263601534 0.9697300000
8.5071148622 -1.0628454663 0.9932300000
8.5071148622 -0.8993307791 1.0128100000
8.5071148622 -0.7358160920 1.0274800000
8.5071148622 -0.5723014049 1.0363100000
8.5071148622 -0.4087867178 1.0385000000
8.5071148622 -0.2452720307 1.0333700000
8.5071148622 -0.0817573436 1.0204900000
8.5071148622 0.0817573436 0.9997000000
8.5071148622 0.2452720307 0.9710700000
8.5071148622 0.4087867178 0.9349800000
8.5071148622 0.5723014049 0.8920600000
8.5071148622 0.7358160920 0.8431500000
8.5071148622 0.8993307791 0.7892900000
8.5071148622 1.0628454663 0.7316600000
8.5071148622 1.2263601534 0.6714700000
8.5071148622 1.3898748405 0.6099700000
8.5071148622 1.5533895276 0.5483500000
8.7072822707 -3.5155657730 0.5262300000
8.7072822707 -3.3520510859 0.5509000000
8.7072822707 -3.1885363988 0.5713100000
8.7072822707 -3.0250217117 0.5872000000
8.7072822707 -2.8615070245 0.5984900000
8.7072822707 -2.6979923374 0.6052600000
8.7072822707 -2.5344776503 0.6077700000
8.7072822707 -2.3709629632 0.6063800000
8.7072822707 -2.2074482761 0.6015300000
8.7072822707 -2.0439335890 0.5936500000
8.7072822707 -1.8804189018 0.5832000000
8.7072822707 -1.7169042147 0.5705200000
8.7072822707 -1.5533895276 0.5558900000
8.7072822707 -1.3898748405 0.5394800000
8.7072822707 -1.2263601534 0.5213500000
8.7072822707 -1.0628454663 0.5014300000
8.9074496792 -3.8425951472 0.5227100000
8.9074496792 -3.6790804601 0.5519200000
8.9074496792 -3.5155657730 0.5765800000
8.9074496792 -3.3520510859 0.5957700000
8.9074496792 -3.1885363988 0.6087800000
8.9074496792 -3.0250217117 0.6150900000
8.9074496792 -2.8615070245 0.6144100000
8.9074496792 -2.6979923374 0.6066600000
8.9074496792 -2.5344776503 0.5920200000
8.9074496792 -2.3709629632 0.5708300000
8.9074496792 -2.2074482761 0.5436100000
8.9074496792 -2.0439335890 0.5110000000
9.1076170877 -4.1696245215 0.5214900000
9.1076170877 -4.0061098344 0.5585400000
9.1076170877 -3.8425951472 0.5927100000
9.1076170877 -3.6790804601 0.6227500000
9.1076170877 -3.5155657730 0.6474700000
9.1076170877 -3.3520510859 0.6657800000
9.1076170877 -3.1885363988 0.6767400000
9.1076170877 -3.0250217117 0.6796400000
9.1076170877 -2.8615070245 0.6739800000
9.1076170877 -2.6979923374 0.6595400000
9.1076170877 -2.5344776503 0.6363600000
9.1076170877 -2.3709629632 0.6047200000
9.1076170877 -2.2074482761 0.5651400000
9.1076170877 -2.0439335890 0.5183600000
9.3077844962 -4.3331392086 0.5409100000
9.3077844962 -4.1696245215 0.5814400000
9.3077844962 -4.0061098344 0.6201500000
9.3077844962 -3.8425951472 0.6557800000
9.3077844962 -3.6790804601 0.6870200000
9.3077844962 -3.5155657730 0.7125900000
9.3077844962 -3.3520510859 0.7313000000
9.3077844962 -3.1885363988 0.7420800000
9.3077844962 -3.0250217117 0.7440600000
9.3077844962 -2.8615070245 0.7366300000
9.3077844962 -2.6979923374 0.7194300000
9.3077844962 -2.5344776503 0.6923900000
9.3077844962 -2.3709629632 0.6557300000
9.3077844962 -2.2074482761 0.6099500000
9.3077844962 -2.0439335890 0.5558200000
9.5079519048 -4.4966538957 0.5390900000
9.5079519048 -4.3331392086 0.5801900000
9.5079519048 -4.1696245215 0.6204100000
9.5079519048 -4.0061098344 0.6586500000
9.5079519048 -3.8425951472 0.6936700000
9.5079519048 -3.6790804601 0.7242000000
9.5079519048 -3.5155657730 0.7489500000
9.5079519048 -3.3520510859 0.7667000000
9.5079519048 -3.1885363988 0.7763700000
9.5079519048 -3.0250217117 0.7770400000
9.5079519048 -2.8615070245 0.7680200000
9.5079519048 -2.6979923374 0.7488900000
9.5079519048 -2.5344776503 0.7195400000
9.5079519048 -2.3709629632 0.6801600000
9.5079519048 -2.2074482761 0.6312400000
9.5079519048 -2.0439335890 0.5735700000
9.5079519048 -1.8804189018 0.5082000000
9.7081193133 -4.6601685828 0.5148900000
9.7081193133 -4.4966538957 0.5532600000
9.7081193133 -4.3331392086 0.5912800000
9.7081193133 -4.1696245215 0.6280700000
9.7081193133 -4.0061098344 0.6626300000
9.7081193133 -3.8425951472 0.6938100000
9.7081193133 -3.6790804601 0.7204400000
9.7081193133 -3.5155657730 0.7413300000
9.7081193133 -3.3520510859 0.7553300000
9.7081193133 -3.1885363988 0.7614100000
9.7081193133 -3.0250217117 0.7586900000
9.7081193133 -2.8615070245 0.7465300000
9.7081193133 -2.6979923374 0.7245300000
9.7081193133 -2.5344776503 0.6926000000
9.7081193133 -2.3709629632 0.6509500000
9.7081193133 -2.2074482761 0.6001200000
9.7081193133 -2.0439335890 0.5409300000
9.9082867218 -4.6601685828 0.5049900000
9.9082867218 -4.4966538957 0.5377700000
9.9082867218 -4.3331392086 0.5696100000
9.9082867218 -4.1696245215 0.5997500000
9.9082867218 -4.0061098344 0.6273200000
9.9082867218 -3.8425951472 0.6513500000
9.9082867218 -3.6790804601 0.6708200000
9.9082867218 -3.5155657730 0.6846900000
9.9082867218 -3.3520510859 0.6919800000
9.9082867218 -3.1885363988 0.6918000000
9.9082867218 -3.0250217117 0.6834000000
9.9082867218 -2.8615070245 0.6662600000
9.9082867218 -2.6979923374 0.6400900000
9.9082867218 -2.5344776503 0.6048900000
9.9082867218 -2.3709629632 0.5609700000
9.9082867218 -2.2074482761 0.5089300000
10.1084541303 -4.3331392086 0.5159600000
10.1084541303 -4.1696245215 0.5369500000
10.1084541303 -4.0061098344 0.5550500000
10.1084541303 -3.8425951472 0.5695100000
10.1084541303 -3.6790804601 0.5794900000
10.1084541303 -3.5155657730 0.5841800000
10.1084541303 -3.3520510859 0.5828000000
10.1084541303 -3.1885363988 0.5746800000
10.1084541303 -3.0250217117 0.5592600000
10.1084541303 -2.8615070245 0.5362200000
10.1084541303 -2.6979923374 0.5054300000
10.9091237644 2.2074482761 0.5080800000
10.9091237644 2.3709629632 0.5134900000
10.9091237644 2.5344776503 0.5142600000
10.9091237644 2.6979923374 0.5106600000
10.9091237644 2.8615070245 0.5029600000
11.1092911729 1.2263601534 0.5080800000
11.1092911729 1.3898748405 0.5291100000
11.1092911729 1.5533895276 0.5448400000
11.1092911729 1.7169042147 0.5553500000
11.1092911729 1.8804189018 0.5608100000
11.1092911729 2.0439335890 0.5614900000
11.1092911729 2.2074482761 0.5577200000
11.1092911729 2.3709629632 0.5498900000
11.1092911729 2.5344776503 0.5384100000
11.1092911729 2.6979923374 0.5237000000
11.1092911729 2.8615070245 0.5061700000
11.3094585815 0.4087867178 0.5155700000
11.3094585815 0.5723014049 0.5512600000
11.3094585815 0.7358160920 0.5817600000
11.3094585815 0.8993307791 0.6066400000
11.3094585815 1.0628454663 0.6256200000
11.3094585815 1.2263601534 0.6386200000
11.3094585815 1.3898748405 0.6457200000
11.3094585815 1.5533895276 0.6471600000
11.3094585815 1.7169042147 0.6432900000
11.3094585815 1.8804189018 0.6345700000
11.3094585815 2.0439335890 0.6215200000
11.3094585815 2.2074482761 0.6047200000
11.3094585815 2.3709629632 0.5847400000
11.3094585815 2.5344776503 0.5621400000
11.3094585815 2.6979923374 0.5374800000
11.3094585815 2.8615070245 0.5112500000
11.5096259900 -0.2452720307 0.5255300000
11.5096259900 -0.0817573436 0.5717600000
11.5096259900 0.0817573436 0.6142500000
11.5096259900 0.2452720307 0.6521100000
11.5096259900 0.4087867178 0.6846100000
11.5096259900 0.5723014049 0.7111400000
11.5096259900 0.7358160920 0.7313000000
11.5096259900 0.8993307791 0.7448600000
11.5096259900 1.0628454663 0.7517800000
11.5096259900 1.2263601534 0.7522100000
11.5096259900 1.3898748405 0.7464700000
11.5096259900 1.5533895276 0.7350200000
11.5096259900 1.7169042147 0.7184300000
11.5096259900 1.8804189018 0.6973600000
11.5096259900 2.0439335890 0.6725300000
11.5096259900 2.2074482761 0.6446400000
11.5096259900 2.3709629632 0.6144200000
11.5096259900 2.5344776503 0.5825400000
11.5096259900 2.6979923374 0.5496000000
11.5096259900 2.8615070245 0.5161500000
11.7097933985 -0.7358160920 0.5397300000
11.7097933985 -0.5723014049 0.5910000000
11.7097933985 -0.4087867178 0.6399100000
11.7097933985 -0.2452720307 0.6855100000
11.7097933985 -0.0817573436 0.7269000000
11.7097933985 0.0817573436 0.7632600000
11.7097933985 0.2452720307 0.7938400000
11.7097933985 0.4087867178 0.8180800000
11.7097933985 0.5723014049 0.8355500000
11.7097933985 0.7358160920 0.8460100000
11.7097933985 0.8993307791 0.8494100000
11.7097933985 1.0628454663 0.8458900000
11.7097933985 1.2263601534 0.8357500000
11.7097933985 1.3898748405 0.8194800000
11.7097933985 1.5533895276 0.7976700000
11.7097933985 1.7169042147 0.7710300000
11.7097933985 1.8804189018 0.7403400000
11.7097933985 2.0439335890 0.7064100000
11.7097933985 2.2074482761 0.6700400000
11.7097933985 2.3709629632 0.6320200000
11.7097933985 2.5344776503 0.5930800000
11.7097933985 2.6979923374 0.5538600000
11.7097933985 2.8615070245 0.5149300000
11.9099608070 -1.2263601534 0.5066200000
11.9099608070 -1.0628454663 0.5599800000
11.9099608070 -0.8993307791 0.6124100000
11.9099608070 -0.7358160920 0.6630700000
11.9099608070 -0.5723014049 0.7111400000
11.9099608070 -0.4087867178 0.7557600000
11.9099608070 -0.2452720307 0.7961100000
11.9099608070 -0.0817573436 0.8314100000
11.9099608070 0.0817573436 0.8609800000
11.9099608070 0.2452720307 0.8842400000
11.9099608070 0.4087867178 0.9007500000
11.9099608070 0.5723014049 0.9102400000
11.9099608070 0.7358160920 0.9125900000
11.9099608070 0.8993307791 0.9078600000
11.9099608070 1.0628454663 0.8963000000
11.9099608070 1.2263601534 0.8783000000
11.9099608070 1.3898748405 0.8544200000
11.9099608070 1.5533895276 0.8253100000
11.9099608070 1.7169042147 0.7917400000
11.9099608070 1.8804189018 0.7545300000
11.9099608070 2.0439335890 0.7145000000
11.9099608070 2.2074482761 0.6725200000
11.9099608070 2.3709629632 0.6293800000
11.9099608070 2.5344776503 0.5858300000
11.9099608070 2.6979923374 0.5425400000
11.9099608070 2.8615070245 0.5000700000
12.1101282155 -1.3898748405 0.5342100000
12.1101282155 -1.2263601534 0.5859200000
12.1101282155 -1.0628454663 0.6364800000
12.1101282155 -0.8993307791 0.6851700000
12.1101282155 -0.7358160920 0.7312700000
12.1101282155 -0.5723014049 0.7740600000
12.1101282155 -0.4087867178 0.8128200000
12.1101282155 -0.2452720307 0.8468600000
12.1101282155 -0.0817573436 0.8755600000
12.1101282155 0.0817573436 0.8983700000
12.1101282155 0.2452720307 0.9148600000
12.1101282155 0.4087867178 0.9246900000
12.1101282155 0.5723014049 0.9277000000
12.1101282155 0.7358160920 0.9238500000
12.1101282155 0.8993307791 0.9132700000
12.1101282155 1.0628454663 0.8962300000
12.1101282155 1.2263601534 0.8731700000
12.1101282155 1.3898748405 0.8446300000
12.1101282155 1.5533895276 0.8112800000
12.1101282155 1.7169042147 0.7738500000
12.1101282155 1.8804189018 0.7331600000
12.1101282155 2.0439335890 0.6900400000
12.1101282155 2.2074482761 0.6453000000
12.1101282155 2.3709629632 0.5997400000
12.1101282155 2.5344776503 0.5541000000
12.1101282155 2.6979923374 0.5090600000
12.3102956241 -1.5533895276 0.5187600000
12.3102956241 -1.3898748405 0.5670800000
12.3102956241 -1.2263601534 0.6141400000
12.3102956241 -1.0628454663 0.6593600000
12.3102956241 -0.8993307791 0.7021400000
12.3102956241 -0.7358160920 0.7418800000
12.3102956241 -0.5723014049 0.7779900000
12.3102956241 -0.4087867178 0.8099100000
12.3102956241 -0.2452720307 0.8370900000
12.3102956241 -0.0817573436 0.8590700000
12.3102956241 0.0817573436 0.8754200000
12.3102956241 0.2452720307 0.8858200000
12.3102956241 0.4087867178 0.8900500000
12.3102956241 0.5723014049 0.8880100000
12.3102956241 0.7358160920 0.8797000000
12.3102956241 0.8993307791 0.8652700000
12.3102956241 1.0628454663 0.8450100000
12.3102956241 1.2263601534 0.8193100000
12.3102956241 1.3898748405 0.7886800000
12.3102956241 1.5533895276 0.7537400000
12.3102956241 1.7169042147 0.7151900000
12.3102956241 1.8804189018 0.6737700000
12.3102956241 2.0439335890 0.6302500000
12.3102956241 2.2074482761 0.5854100000
12.3102956241 2.3709629632 0.5400200000
12.5104630326 -1.5533895276 0.5131200000
12.5104630326 -1.3898748405 0.5553400000
12.5104630326 -1.2263601534 0.5957800000
12.5104630326 -1.0628454663 0.6339400000
12.5104630326 -0.8993307791 0.6693600000
12.5104630326 -0.7358160920 0.7015600000
12.5104630326 -0.5723014049 0.7301000000
12.5104630326 -0.4087867178 0.7545800000
12.5104630326 -0.2452720307 0.7746000000
12.5104630326 -0.0817573436 0.7898400000
12.5104630326 0.0817573436 0.8000000000
12.5104630326 0.2452720307 0.8048700000
12.5104630326 0.4087867178 0.8043200000
12.5104630326 0.5723014049 0.7982800000
12.5104630326 0.7358160920 0.7868100000
12.5104630326 0.8993307791 0.7700500000
12.5104630326 1.0628454663 0.7482500000
12.5104630326 1.2263601534 0.7217700000
12.5104630326 1.3898748405 0.6910700000
12.5104630326 1.5533895276 0.6566800000
12.5104630326 1.7169042147 0.6192100000
12.5104630326 1.8804189018 0.5793500000
12.5104630326 2.0439335890 0.5377700000
12.7106304411 -1.3898748405 0.5092100000
12.7106304411 -1.2263601534 0.5418400000
12.7106304411 -1.0628454663 0.5719200000
12.7106304411 -0.8993307791 0.5991100000
12.7106304411 -0.7358160920 0.6230700000
12.7106304411 -0.5723014049 0.6435300000
12.7106304411 -0.4087867178 0.6602200000
12.7106304411 -0.2452720307 0.6729100000
12.7106304411 -0.0817573436 0.6814000000
12.7106304411 0.0817573436 0.6855500000
12.7106304411 0.2452720307 0.6852500000
12.7106304411 0.4087867178 0.6804200000
12.7106304411 0.5723014049 0.6710900000
12.7106304411 0.7358160920 0.6573100000
12.7106304411 0.8993307791 0.6392300000
12.7106304411 1.0628454663 0.6170800000
12.7106304411 1.2263601534 0.5911600000
12.7106304411 1.3898748405 0.5618600000
12.7106304411 1.5533895276 0.5296300000
12.9107978496 -0.8993307791 0.5062100000
12.9107978496 -0.7358160920 0.5216700000
12.9107978496 -0.5723014049 0.5338600000
12.9107978496 -0.4087867178 0.5426700000
12.9107978496 -0.2452720307 0.5480400000
12.9107978496 -0.0817573436 0.5499000000
12.9107978496 0.0817573436 0.5482400000
12.9107978496 0.2452720307 0.5430500000
12.9107978496 0.4087867178 0.5343700000
12.9107978496 0.5723014049 0.5222400000
12.9107978496 0.7358160920 0.5067900000
