  Nz=Nparall      Px    
 -3.5000E+01  2.2343E-05
 -3.4988E+01  2.7980E-05
 -3.4976E+01  3.2812E-05
 -3.4964E+01  3.5372E-05
 -3.4952E+01  3.4716E-05
 -3.4940E+01  3.0821E-05
 -3.4929E+01  2.4630E-05
 -3.4917E+01  1.7724E-05
 -3.4905E+01  1.1753E-05
 -3.4893E+01  7.8802E-06
 -3.4881E+01  6.4510E-06
 -3.4869E+01  7.0090E-06
 -3.4857E+01  8.6130E-06
 -3.4845E+01  1.0294E-05
 -3.4833E+01  1.1439E-05
 -3.4821E+01  1.1948E-05
 -3.4809E+01  1.2127E-05
 -3.4798E+01  1.2395E-05
 -3.4786E+01  1.2982E-05
 -3.4774E+01  1.3764E-05
 -3.4762E+01  1.4308E-05
 -3.4750E+01  1.4107E-05
 -3.4738E+01  1.2861E-05
 -3.4726E+01  1.0670E-05
 -3.4714E+01  8.0360E-06
 -3.4702E+01  5.6671E-06
 -3.4690E+01  4.1795E-06
 -3.4678E+01  3.8349E-06
 -3.4667E+01  4.4366E-06
 -3.4655E+01  5.4297E-06
 -3.4643E+01  6.1570E-06
 -3.4631E+01  6.1502E-06
 -3.4619E+01  5.3250E-06
 -3.4607E+01  3.9962E-06
 -3.4595E+01  2.7142E-06
 -3.4583E+01  2.0056E-06
 -3.4571E+01  2.1394E-06
 -3.4559E+01  3.0222E-06
 -3.4547E+01  4.2626E-06
 -3.4536E+01  5.3615E-06
 -3.4524E+01  5.9357E-06
 -3.4512E+01  5.8684E-06
 -3.4500E+01  5.3247E-06
 -3.4488E+01  4.6362E-06
 -3.4476E+01  4.1210E-06
 -3.4464E+01  3.9307E-06
 -3.4452E+01  3.9967E-06
 -3.4440E+01  4.0942E-06
 -3.4428E+01  3.9836E-06
 -3.4416E+01  3.5520E-06
 -3.4405E+01  2.8825E-06
 -3.4393E+01  2.2160E-06
 -3.4381E+01  1.8288E-06
 -3.4369E+01  1.8890E-06
 -3.4357E+01  2.3652E-06
 -3.4345E+01  3.0348E-06
 -3.4333E+01  3.5863E-06
 -3.4321E+01  3.7659E-06
 -3.4309E+01  3.4957E-06
 -3.4297E+01  2.9076E-06
 -3.4285E+01  2.2754E-06
 -3.4274E+01  1.8830E-06
 -3.4262E+01  1.8910E-06
 -3.4250E+01  2.2677E-06
 -3.4238E+01  2.8158E-06
 -3.4226E+01  3.2774E-06
 -3.4214E+01  3.4646E-06
 -3.4202E+01  3.3491E-06
 -3.4190E+01  3.0672E-06
 -3.4178E+01  2.8407E-06
 -3.4166E+01  2.8537E-06
 -3.4154E+01  3.1502E-06
 -3.4143E+01  3.6053E-06
 -3.4131E+01  3.9843E-06
 -3.4119E+01  4.0632E-06
 -3.4107E+01  3.7494E-06
 -3.4095E+01  3.1436E-06
 -3.4083E+01  2.5087E-06
 -3.4071E+01  2.1604E-06
 -3.4059E+01  2.3277E-06
 -3.4047E+01  3.0494E-06
 -3.4035E+01  4.1549E-06
 -3.4023E+01  5.3349E-06
 -3.4012E+01  6.2706E-06
 -3.4000E+01  6.7586E-06
 -3.3988E+01  6.7759E-06
 -3.3976E+01  6.4601E-06
 -3.3964E+01  6.0195E-06
 -3.3952E+01  5.6232E-06
 -3.3940E+01  5.3264E-06
 -3.3928E+01  5.0666E-06
 -3.3916E+01  4.7289E-06
 -3.3904E+01  4.2404E-06
 -3.3892E+01  3.6422E-06
 -3.3881E+01  3.0964E-06
 -3.3869E+01  2.8208E-06
 -3.3857E+01  2.9833E-06
 -3.3845E+01  3.6087E-06
 -3.3833E+01  4.5478E-06
 -3.3821E+01  5.5283E-06
 -3.3809E+01  6.2656E-06
 -3.3797E+01  6.5830E-06
 -3.3785E+01  6.4840E-06
 -3.3773E+01  6.1423E-06
 -3.3761E+01  5.8203E-06
 -3.3750E+01  5.7583E-06
 -3.3738E+01  6.0972E-06
 -3.3726E+01  6.8773E-06
 -3.3714E+01  8.1150E-06
 -3.3702E+01  9.9134E-06
 -3.3690E+01  1.2538E-05
 -3.3678E+01  1.6394E-05
 -3.3666E+01  2.1884E-05
 -3.3654E+01  2.9194E-05
 -3.3642E+01  3.8077E-05
 -3.3630E+01  4.7754E-05
 -3.3619E+01  5.6990E-05
 -3.3607E+01  6.4348E-05
 -3.3595E+01  6.8568E-05
 -3.3583E+01  6.8933E-05
 -3.3571E+01  6.5525E-05
 -3.3559E+01  5.9259E-05
 -3.3547E+01  5.1710E-05
 -3.3535E+01  4.4781E-05
 -3.3523E+01  4.0312E-05
 -3.3511E+01  3.9739E-05
 -3.3499E+01  4.3877E-05
 -3.3488E+01  5.2831E-05
 -3.3476E+01  6.6020E-05
 -3.3464E+01  8.2258E-05
 -3.3452E+01  9.9870E-05
 -3.3440E+01  1.1683E-04
 -3.3428E+01  1.3097E-04
 -3.3416E+01  1.4025E-04
 -3.3404E+01  1.4308E-04
 -3.3392E+01  1.3871E-04
 -3.3380E+01  1.2746E-04
 -3.3368E+01  1.1080E-04
 -3.3357E+01  9.1142E-05
 -3.3345E+01  7.1379E-05
 -3.3333E+01  5.4295E-05
 -3.3321E+01  4.1956E-05
 -3.3309E+01  3.5302E-05
 -3.3297E+01  3.4036E-05
 -3.3285E+01  3.6828E-05
 -3.3273E+01  4.1776E-05
 -3.3261E+01  4.6939E-05
 -3.3249E+01  5.0792E-05
 -3.3237E+01  5.2471E-05
 -3.3226E+01  5.1774E-05
 -3.3214E+01  4.8986E-05
 -3.3202E+01  4.4622E-05
 -3.3190E+01  3.9216E-05
 -3.3178E+01  3.3226E-05
 -3.3166E+01  2.7041E-05
 -3.3154E+01  2.1054E-05
 -3.3142E+01  1.5705E-05
 -3.3130E+01  1.1451E-05
 -3.3118E+01  8.6540E-06
 -3.3106E+01  7.4411E-06
 -3.3095E+01  7.6106E-06
 -3.3083E+01  8.6483E-06
 -3.3071E+01  9.8665E-06
 -3.3059E+01  1.0620E-05
 -3.3047E+01  1.0516E-05
 -3.3035E+01  9.5271E-06
 -3.3023E+01  7.9670E-06
 -3.3011E+01  6.3385E-06
 -3.2999E+01  5.1241E-06
 -3.2987E+01  4.6118E-06
 -3.2976E+01  4.8267E-06
 -3.2964E+01  5.5856E-06
 -3.2952E+01  6.6361E-06
 -3.2940E+01  7.7976E-06
 -3.2928E+01  9.0323E-06
 -3.2916E+01  1.0409E-05
 -3.2904E+01  1.1983E-05
 -3.2892E+01  1.3668E-05
 -3.2880E+01  1.5174E-05
 -3.2868E+01  1.6068E-05
 -3.2856E+01  1.5939E-05
 -3.2845E+01  1.4602E-05
 -3.2833E+01  1.2244E-05
 -3.2821E+01  9.4209E-06
 -3.2809E+01  6.9018E-06
 -3.2797E+01  5.4000E-06
 -3.2785E+01  5.3067E-06
 -3.2773E+01  6.5388E-06
 -3.2761E+01  8.5706E-06
 -3.2749E+01  1.0641E-05
 -3.2737E+01  1.2049E-05
 -3.2725E+01  1.2416E-05
 -3.2714E+01  1.1804E-05
 -3.2702E+01  1.0637E-05
 -3.2690E+01  9.4841E-06
 -3.2678E+01  8.7896E-06
 -3.2666E+01  8.6882E-06
 -3.2654E+01  8.9785E-06
 -3.2642E+01  9.2641E-06
 -3.2630E+01  9.1861E-06
 -3.2618E+01  8.6308E-06
 -3.2606E+01  7.8058E-06
 -3.2594E+01  7.1468E-06
 -3.2583E+01  7.0950E-06
 -3.2571E+01  7.8552E-06
 -3.2559E+01  9.2526E-06
 -3.2547E+01  1.0767E-05
 -3.2535E+01  1.1735E-05
 -3.2523E+01  1.1643E-05
 -3.2511E+01  1.0361E-05
 -3.2499E+01  8.2285E-06
 -3.2487E+01  5.9378E-06
 -3.2475E+01  4.2597E-06
 -3.2463E+01  3.7405E-06
 -3.2452E+01  4.4952E-06
 -3.2440E+01  6.1864E-06
 -3.2428E+01  8.1919E-06
 -3.2416E+01  9.8769E-06
 -3.2404E+01  1.0845E-05
 -3.2392E+01  1.1057E-05
 -3.2380E+01  1.0768E-05
 -3.2368E+01  1.0341E-05
 -3.2356E+01  1.0020E-05
 -3.2344E+01  9.7979E-06
 -3.2332E+01  9.4429E-06
 -3.2321E+01  8.6584E-06
 -3.2309E+01  7.3004E-06
 -3.2297E+01  5.5247E-06
 -3.2285E+01  3.7798E-06
 -3.2273E+01  2.6333E-06
 -3.2261E+01  2.5109E-06
 -3.2249E+01  3.4745E-06
 -3.2237E+01  5.1558E-06
 -3.2225E+01  6.8939E-06
 -3.2213E+01  8.0214E-06
 -3.2201E+01  8.1715E-06
 -3.2190E+01  7.4585E-06
 -3.2178E+01  6.4381E-06
 -3.2166E+01  5.8568E-06
 -3.2154E+01  6.3018E-06
 -3.2142E+01  7.9148E-06
 -3.2130E+01  1.0309E-05
 -3.2118E+01  1.2736E-05
 -3.2106E+01  1.4422E-05
 -3.2094E+01  1.4923E-05
 -3.2082E+01  1.4321E-05
 -3.2070E+01  1.3160E-05
 -3.2059E+01  1.2158E-05
 -3.2047E+01  1.1830E-05
 -3.2035E+01  1.2218E-05
 -3.2023E+01  1.2875E-05
 -3.2011E+01  1.3131E-05
 -3.1999E+01  1.2516E-05
 -3.1987E+01  1.1129E-05
 -3.1975E+01  9.7416E-06
 -3.1963E+01  9.5552E-06
 -3.1951E+01  1.1669E-05
 -3.1939E+01  1.6499E-05
 -3.1928E+01  2.3418E-05
 -3.1916E+01  3.0824E-05
 -3.1904E+01  3.6651E-05
 -3.1892E+01  3.9140E-05
 -3.1880E+01  3.7551E-05
 -3.1868E+01  3.2492E-05
 -3.1856E+01  2.5701E-05
 -3.1844E+01  1.9357E-05
 -3.1832E+01  1.5196E-05
 -3.1820E+01  1.3840E-05
 -3.1808E+01  1.4627E-05
 -3.1797E+01  1.6046E-05
 -3.1785E+01  1.6580E-05
 -3.1773E+01  1.5562E-05
 -3.1761E+01  1.3618E-05
 -3.1749E+01  1.2453E-05
 -3.1737E+01  1.4022E-05
 -3.1725E+01  1.9435E-05
 -3.1713E+01  2.8122E-05
 -3.1701E+01  3.7702E-05
 -3.1689E+01  4.4749E-05
 -3.1677E+01  4.6245E-05
 -3.1666E+01  4.1199E-05
 -3.1654E+01  3.1766E-05
 -3.1642E+01  2.3359E-05
 -3.1630E+01  2.3568E-05
 -3.1618E+01  4.0182E-05
 -3.1606E+01  7.8890E-05
 -3.1594E+01  1.4142E-04
 -3.1582E+01  2.2464E-04
 -3.1570E+01  3.2089E-04
 -3.1558E+01  4.1927E-04
 -3.1546E+01  5.0753E-04
 -3.1535E+01  5.7406E-04
 -3.1523E+01  6.0952E-04
 -3.1511E+01  6.0815E-04
 -3.1499E+01  5.6873E-04
 -3.1487E+01  4.9539E-04
 -3.1475E+01  3.9821E-04
 -3.1463E+01  2.9321E-04
 -3.1451E+01  2.0142E-04
 -3.1439E+01  1.4638E-04
 -3.1427E+01  1.5023E-04
 -3.1415E+01  2.2868E-04
 -3.1404E+01  3.8615E-04
 -3.1392E+01  6.1242E-04
 -3.1380E+01  8.8214E-04
 -3.1368E+01  1.1580E-03
 -3.1356E+01  1.3974E-03
 -3.1344E+01  1.5605E-03
 -3.1332E+01  1.6192E-03
 -3.1320E+01  1.5633E-03
 -3.1308E+01  1.4026E-03
 -3.1296E+01  1.1648E-03
 -3.1284E+01  8.8946E-04
 -3.1273E+01  6.1932E-04
 -3.1261E+01  3.9195E-04
 -3.1249E+01  2.3313E-04
 -3.1237E+01  1.5361E-04
 -3.1225E+01  1.4940E-04
 -3.1213E+01  2.0501E-04
 -3.1201E+01  2.9825E-04
 -3.1189E+01  4.0522E-04
 -3.1177E+01  5.0442E-04
 -3.1165E+01  5.7936E-04
 -3.1153E+01  6.1966E-04
 -3.1142E+01  6.2118E-04
 -3.1130E+01  5.8537E-04
 -3.1118E+01  5.1839E-04
 -3.1106E+01  4.2995E-04
 -3.1094E+01  3.3181E-04
 -3.1082E+01  2.3608E-04
 -3.1070E+01  1.5331E-04
 -3.1058E+01  9.0713E-05
 -3.1046E+01  5.1082E-05
 -3.1034E+01  3.2588E-05
 -3.1022E+01  2.9744E-05
 -3.1011E+01  3.5189E-05
 -3.0999E+01  4.1820E-05
 -3.0987E+01  4.4611E-05
 -3.0975E+01  4.1584E-05
 -3.0963E+01  3.3714E-05
 -3.0951E+01  2.3907E-05
 -3.0939E+01  1.5516E-05
 -3.0927E+01  1.0972E-05
 -3.0915E+01  1.0990E-05
 -3.0903E+01  1.4561E-05
 -3.0891E+01  1.9599E-05
 -3.0880E+01  2.3901E-05
 -3.0868E+01  2.5984E-05
 -3.0856E+01  2.5503E-05
 -3.0844E+01  2.3137E-05
 -3.0832E+01  2.0082E-05
 -3.0820E+01  1.7446E-05
 -3.0808E+01  1.5786E-05
 -3.0796E+01  1.5002E-05
 -3.0784E+01  1.4539E-05
 -3.0772E+01  1.3776E-05
 -3.0760E+01  1.2377E-05
 -3.0749E+01  1.0453E-05
 -3.0737E+01  8.4747E-06
 -3.0725E+01  7.0079E-06
 -3.0713E+01  6.4279E-06
 -3.0701E+01  6.7435E-06
 -3.0689E+01  7.6109E-06
 -3.0677E+01  8.5096E-06
 -3.0665E+01  8.9841E-06
 -3.0653E+01  8.8292E-06
 -3.0641E+01  8.1410E-06
 -3.0629E+01  7.2243E-06
 -3.0618E+01  6.4195E-06
 -3.0606E+01  5.9400E-06
 -3.0594E+01  5.7961E-06
 -3.0582E+01  5.8309E-06
 -3.0570E+01  5.8322E-06
 -3.0558E+01  5.6544E-06
 -3.0546E+01  5.2842E-06
 -3.0534E+01  4.8235E-06
 -3.0522E+01  4.4090E-06
 -3.0510E+01  4.1209E-06
 -3.0498E+01  3.9339E-06
 -3.0487E+01  3.7400E-06
 -3.0475E+01  3.4259E-06
 -3.0463E+01  2.9621E-06
 -3.0451E+01  2.4496E-06
 -3.0439E+01  2.0966E-06
 -3.0427E+01  2.1306E-06
 -3.0415E+01  2.6904E-06
 -3.0403E+01  3.7487E-06
 -3.0391E+01  5.1045E-06
 -3.0379E+01  6.4493E-06
 -3.0367E+01  7.4763E-06
 -3.0356E+01  7.9823E-06
 -3.0344E+01  7.9213E-06
 -3.0332E+01  7.3908E-06
 -3.0320E+01  6.5672E-06
 -3.0308E+01  5.6287E-06
 -3.0296E+01  4.7006E-06
 -3.0284E+01  3.8462E-06
 -3.0272E+01  3.0937E-06
 -3.0260E+01  2.4746E-06
 -3.0248E+01  2.0441E-06
 -3.0236E+01  1.8678E-06
 -3.0225E+01  1.9839E-06
 -3.0213E+01  2.3641E-06
 -3.0201E+01  2.9014E-06
 -3.0189E+01  3.4364E-06
 -3.0177E+01  3.8126E-06
 -3.0165E+01  3.9349E-06
 -3.0153E+01  3.7996E-06
 -3.0141E+01  3.4827E-06
 -3.0129E+01  3.0932E-06
 -3.0117E+01  2.7186E-06
 -3.0105E+01  2.3936E-06
 -3.0094E+01  2.1086E-06
 -3.0082E+01  1.8515E-06
 -3.0070E+01  1.6533E-06
 -3.0058E+01  1.6060E-06
 -3.0046E+01  1.8335E-06
 -3.0034E+01  2.4253E-06
 -3.0022E+01  3.3657E-06
 -3.0010E+01  4.5025E-06
 -2.9998E+01  5.5782E-06
 -2.9986E+01  6.3196E-06
 -2.9974E+01  6.5463E-06
 -2.9963E+01  6.2453E-06
 -2.9951E+01  5.5726E-06
 -2.9939E+01  4.7784E-06
 -2.9927E+01  4.0935E-06
 -2.9915E+01  3.6370E-06
 -2.9903E+01  3.3966E-06
 -2.9891E+01  3.2939E-06
 -2.9879E+01  3.2981E-06
 -2.9867E+01  3.5178E-06
 -2.9855E+01  4.2041E-06
 -2.9843E+01  5.6413E-06
 -2.9832E+01  7.9639E-06
 -2.9820E+01  1.0993E-05
 -2.9808E+01  1.4189E-05
 -2.9796E+01  1.6775E-05
 -2.9784E+01  1.8011E-05
 -2.9772E+01  1.7498E-05
 -2.9760E+01  1.5382E-05
 -2.9748E+01  1.2340E-05
 -2.9736E+01  9.3283E-06
 -2.9724E+01  7.1974E-06
 -2.9712E+01  6.3373E-06
 -2.9701E+01  6.5390E-06
 -2.9689E+01  7.1489E-06
 -2.9677E+01  7.4628E-06
 -2.9665E+01  7.1688E-06
 -2.9653E+01  6.6034E-06
 -2.9641E+01  6.6526E-06
 -2.9629E+01  8.2939E-06
 -2.9617E+01  1.1970E-05
 -2.9605E+01  1.7114E-05
 -2.9593E+01  2.2124E-05
 -2.9581E+01  2.4943E-05
 -2.9570E+01  2.4103E-05
 -2.9558E+01  1.9871E-05
 -2.9546E+01  1.4996E-05
 -2.9534E+01  1.4618E-05
 -2.9522E+01  2.5215E-05
 -2.9510E+01  5.2766E-05
 -2.9498E+01  1.0069E-04
 -2.9486E+01  1.6820E-04
 -2.9474E+01  2.4971E-04
 -2.9462E+01  3.3546E-04
 -2.9450E+01  4.1330E-04
 -2.9439E+01  4.7113E-04
 -2.9427E+01  4.9932E-04
 -2.9415E+01  4.9264E-04
 -2.9403E+01  4.5133E-04
 -2.9391E+01  3.8122E-04
 -2.9379E+01  2.9321E-04
 -2.9367E+01  2.0219E-04
 -2.9355E+01  1.2550E-04
 -2.9343E+01  8.1010E-05
 -2.9331E+01  8.4555E-05
 -2.9319E+01  1.4702E-04
 -2.9308E+01  2.7132E-04
 -2.9296E+01  4.5002E-04
 -2.9284E+01  6.6460E-04
 -2.9272E+01  8.8698E-04
 -2.9260E+01  1.0837E-03
 -2.9248E+01  1.2220E-03
 -2.9236E+01  1.2771E-03
 -2.9224E+01  1.2374E-03
 -2.9212E+01  1.1087E-03
 -2.9200E+01  9.1261E-04
 -2.9188E+01  6.8244E-04
 -2.9177E+01  4.5597E-04
 -2.9165E+01  2.6717E-04
 -2.9153E+01  1.3950E-04
 -2.9141E+01  8.2092E-05
 -2.9129E+01  8.9759E-05
 -2.9117E+01  1.4633E-04
 -2.9105E+01  2.2999E-04
 -2.9093E+01  3.1886E-04
 -2.9081E+01  3.9532E-04
 -2.9069E+01  4.4816E-04
 -2.9058E+01  4.7261E-04
 -2.9046E+01  4.6893E-04
 -2.9034E+01  4.4054E-04
 -2.9022E+01  3.9249E-04
 -2.9010E+01  3.3073E-04
 -2.8998E+01  2.6185E-04
 -2.8986E+01  1.9300E-04
 -2.8974E+01  1.3138E-04
 -2.8962E+01  8.3183E-05
 -2.8950E+01  5.2232E-05
 -2.8938E+01  3.8889E-05
 -2.8927E+01  3.9770E-05
 -2.8915E+01  4.8616E-05
 -2.8903E+01  5.8160E-05
 -2.8891E+01  6.2373E-05
 -2.8879E+01  5.8301E-05
 -2.8867E+01  4.6782E-05
 -2.8855E+01  3.1795E-05
 -2.8843E+01  1.8702E-05
 -2.8831E+01  1.2091E-05
 -2.8819E+01  1.4050E-05
 -2.8807E+01  2.3524E-05
 -2.8796E+01  3.6911E-05
 -2.8784E+01  4.9592E-05
 -2.8772E+01  5.7708E-05
 -2.8760E+01  5.9451E-05
 -2.8748E+01  5.5421E-05
 -2.8736E+01  4.7988E-05
 -2.8724E+01  4.0050E-05
 -2.8712E+01  3.3775E-05
 -2.8700E+01  2.9867E-05
 -2.8688E+01  2.7615E-05
 -2.8676E+01  2.5600E-05
 -2.8665E+01  2.2649E-05
 -2.8653E+01  1.8552E-05
 -2.8641E+01  1.4204E-05
 -2.8629E+01  1.1131E-05
 -2.8617E+01  1.0669E-05
 -2.8605E+01  1.3209E-05
 -2.8593E+01  1.7898E-05
 -2.8581E+01  2.2924E-05
 -2.8569E+01  2.6274E-05
 -2.8557E+01  2.6596E-05
 -2.8545E+01  2.3770E-05
 -2.8534E+01  1.8939E-05
 -2.8522E+01  1.3992E-05
 -2.8510E+01  1.0752E-05
 -2.8498E+01  1.0234E-05
 -2.8486E+01  1.2307E-05
 -2.8474E+01  1.5873E-05
 -2.8462E+01  1.9454E-05
 -2.8450E+01  2.1888E-05
 -2.8438E+01  2.2794E-05
 -2.8426E+01  2.2620E-05
 -2.8414E+01  2.2265E-05
 -2.8403E+01  2.2499E-05
 -2.8391E+01  2.3477E-05
 -2.8379E+01  2.4607E-05
 -2.8367E+01  2.4837E-05
 -2.8355E+01  2.3230E-05
 -2.8343E+01  1.9548E-05
 -2.8331E+01  1.4547E-05
 -2.8319E+01  9.8397E-06
 -2.8307E+01  7.3398E-06
 -2.8295E+01  8.5383E-06
 -2.8283E+01  1.3897E-05
 -2.8272E+01  2.2627E-05
 -2.8260E+01  3.2922E-05
 -2.8248E+01  4.2563E-05
 -2.8236E+01  4.9619E-05
 -2.8224E+01  5.2980E-05
 -2.8212E+01  5.2540E-05
 -2.8200E+01  4.9008E-05
 -2.8188E+01  4.3487E-05
 -2.8176E+01  3.7031E-05
 -2.8164E+01  3.0380E-05
 -2.8152E+01  2.3944E-05
 -2.8141E+01  1.7972E-05
 -2.8129E+01  1.2781E-05
 -2.8117E+01  8.8499E-06
 -2.8105E+01  6.7398E-06
 -2.8093E+01  6.8431E-06
 -2.8081E+01  9.1166E-06
 -2.8069E+01  1.2945E-05
 -2.8057E+01  1.7239E-05
 -2.8045E+01  2.0754E-05
 -2.8033E+01  2.2508E-05
 -2.8021E+01  2.2117E-05
 -2.8010E+01  1.9914E-05
 -2.7998E+01  1.6778E-05
 -2.7986E+01  1.3777E-05
 -2.7974E+01  1.1755E-05
 -2.7962E+01  1.1060E-05
 -2.7950E+01  1.1496E-05
 -2.7938E+01  1.2516E-05
 -2.7926E+01  1.3517E-05
 -2.7914E+01  1.4119E-05
 -2.7902E+01  1.4270E-05
 -2.7890E+01  1.4162E-05
 -2.7879E+01  1.4020E-05
 -2.7867E+01  1.3899E-05
 -2.7855E+01  1.3604E-05
 -2.7843E+01  1.2801E-05
 -2.7831E+01  1.1253E-05
 -2.7819E+01  9.0708E-06
 -2.7807E+01  6.8232E-06
 -2.7795E+01  5.4306E-06
 -2.7783E+01  5.8508E-06
 -2.7771E+01  8.6841E-06
 -2.7759E+01  1.3865E-05
 -2.7748E+01  2.0582E-05
 -2.7736E+01  2.7483E-05
 -2.7724E+01  3.3083E-05
 -2.7712E+01  3.6232E-05
 -2.7700E+01  3.6444E-05
 -2.7688E+01  3.3982E-05
 -2.7676E+01  2.9676E-05
 -2.7664E+01  2.4574E-05
 -2.7652E+01  1.9579E-05
 -2.7640E+01  1.5231E-05
 -2.7628E+01  1.1695E-05
 -2.7617E+01  8.9232E-06
 -2.7605E+01  6.8743E-06
 -2.7593E+01  5.6661E-06
 -2.7581E+01  5.5618E-06
 -2.7569E+01  6.8026E-06
 -2.7557E+01  9.3759E-06
 -2.7545E+01  1.2854E-05
 -2.7533E+01  1.6409E-05
 -2.7521E+01  1.9038E-05
 -2.7509E+01  1.9916E-05
 -2.7497E+01  1.8754E-05
 -2.7486E+01  1.5994E-05
 -2.7474E+01  1.2765E-05
 -2.7462E+01  1.0607E-05
 -2.7450E+01  1.1045E-05
 -2.7438E+01  1.5193E-05
 -2.7426E+01  2.3481E-05
 -2.7414E+01  3.5599E-05
 -2.7402E+01  5.0610E-05
 -2.7390E+01  6.7162E-05
 -2.7378E+01  8.3686E-05
 -2.7366E+01  9.8539E-05
 -2.7355E+01  1.1009E-04
 -2.7343E+01  1.1685E-04
 -2.7331E+01  1.1764E-04
 -2.7319E+01  1.1195E-04
 -2.7307E+01  1.0029E-04
 -2.7295E+01  8.4519E-05
 -2.7283E+01  6.7848E-05
 -2.7271E+01  5.4521E-05
 -2.7259E+01  4.9059E-05
 -2.7247E+01  5.5243E-05
 -2.7235E+01  7.5090E-05
 -2.7224E+01  1.0811E-04
 -2.7212E+01  1.5108E-04
 -2.7200E+01  1.9850E-04
 -2.7188E+01  2.4353E-04
 -2.7176E+01  2.7935E-04
 -2.7164E+01  3.0050E-04
 -2.7152E+01  3.0390E-04
 -2.7140E+01  2.8937E-04
 -2.7128E+01  2.5954E-04
 -2.7116E+01  2.1922E-04
 -2.7104E+01  1.7448E-04
 -2.7093E+01  1.3151E-04
 -2.7081E+01  9.5655E-05
 -2.7069E+01  7.0617E-05
 -2.7057E+01  5.8073E-05
 -2.7045E+01  5.7588E-05
 -2.7033E+01  6.6892E-05
 -2.7021E+01  8.2409E-05
 -2.7009E+01  9.9964E-05
 -2.6997E+01  1.1552E-04
 -2.6985E+01  1.2588E-04
 -2.6973E+01  1.2911E-04
 -2.6962E+01  1.2480E-04
 -2.6950E+01  1.1391E-04
 -2.6938E+01  9.8427E-05
 -2.6926E+01  8.0837E-05
 -2.6914E+01  6.3595E-05
 -2.6902E+01  4.8669E-05
 -2.6890E+01  3.7286E-05
 -2.6878E+01  2.9872E-05
 -2.6866E+01  2.6161E-05
 -2.6854E+01  2.5396E-05
 -2.6842E+01  2.6553E-05
 -2.6831E+01  2.8538E-05
 -2.6819E+01  3.0340E-05
 -2.6807E+01  3.1148E-05
 -2.6795E+01  3.0450E-05
 -2.6783E+01  2.8113E-05
 -2.6771E+01  2.4421E-05
 -2.6759E+01  2.0052E-05
 -2.6747E+01  1.5958E-05
 -2.6735E+01  1.3167E-05
 -2.6723E+01  1.2537E-05
 -2.6711E+01  1.4525E-05
 -2.6700E+01  1.9058E-05
 -2.6688E+01  2.5531E-05
 -2.6676E+01  3.2941E-05
 -2.6664E+01  4.0121E-05
 -2.6652E+01  4.5982E-05
 -2.6640E+01  4.9713E-05
 -2.6628E+01  5.0882E-05
 -2.6616E+01  4.9437E-05
 -2.6604E+01  4.5647E-05
 -2.6592E+01  4.0021E-05
 -2.6580E+01  3.3235E-05
 -2.6569E+01  2.6086E-05
 -2.6557E+01  1.9438E-05
 -2.6545E+01  1.4141E-05
 -2.6533E+01  1.0893E-05
 -2.6521E+01  1.0090E-05
 -2.6509E+01  1.1682E-05
 -2.6497E+01  1.5133E-05
 -2.6485E+01  1.9499E-05
 -2.6473E+01  2.3650E-05
 -2.6461E+01  2.6556E-05
 -2.6449E+01  2.7567E-05
 -2.6438E+01  2.6565E-05
 -2.6426E+01  2.3958E-05
 -2.6414E+01  2.0490E-05
 -2.6402E+01  1.6968E-05
 -2.6390E+01  1.3997E-05
 -2.6378E+01  1.1824E-05
 -2.6366E+01  1.0352E-05
 -2.6354E+01  9.2843E-06
 -2.6342E+01  8.3394E-06
 -2.6330E+01  7.4125E-06
 -2.6318E+01  6.6258E-06
 -2.6307E+01  6.2379E-06
 -2.6295E+01  6.4702E-06
 -2.6283E+01  7.3382E-06
 -2.6271E+01  8.5808E-06
 -2.6259E+01  9.7281E-06
 -2.6247E+01  1.0284E-05
 -2.6235E+01  9.9422E-06
 -2.6223E+01  8.7296E-06
 -2.6211E+01  7.0127E-06
 -2.6199E+01  5.3518E-06
 -2.6187E+01  4.2690E-06
 -2.6176E+01  4.0329E-06
 -2.6164E+01  4.5554E-06
 -2.6152E+01  5.4492E-06
 -2.6140E+01  6.2143E-06
 -2.6128E+01  6.4680E-06
 -2.6116E+01  6.1093E-06
 -2.6104E+01  5.3433E-06
 -2.6092E+01  4.5584E-06
 -2.6080E+01  4.1197E-06
 -2.6068E+01  4.1815E-06
 -2.6056E+01  4.6120E-06
 -2.6045E+01  5.0679E-06
 -2.6033E+01  5.1789E-06
 -2.6021E+01  4.7495E-06
 -2.6009E+01  3.8729E-06
 -2.5997E+01  2.8963E-06
 -2.5985E+01  2.2491E-06
 -2.5973E+01  2.2206E-06
 -2.5961E+01  2.7992E-06
 -2.5949E+01  3.6640E-06
 -2.5937E+01  4.3418E-06
 -2.5925E+01  4.4633E-06
 -2.5914E+01  3.9928E-06
 -2.5902E+01  3.3128E-06
 -2.5890E+01  3.1063E-06
 -2.5878E+01  4.0762E-06
 -2.5866E+01  6.6220E-06
 -2.5854E+01  1.0621E-05
 -2.5842E+01  1.5419E-05
 -2.5830E+01  2.0050E-05
 -2.5818E+01  2.3574E-05
 -2.5806E+01  2.5407E-05
 -2.5794E+01  2.5479E-05
 -2.5783E+01  2.4165E-05
 -2.5771E+01  2.2046E-05
 -2.5759E+01  1.9625E-05
 -2.5747E+01  1.7158E-05
 -2.5735E+01  1.4693E-05
 -2.5723E+01  1.2301E-05
 -2.5711E+01  1.0347E-05
 -2.5699E+01  9.6361E-06
 -2.5687E+01  1.1282E-05
 -2.5675E+01  1.6305E-05
 -2.5663E+01  2.5090E-05
 -2.5652E+01  3.6952E-05
 -2.5640E+01  5.0058E-05
 -2.5628E+01  6.1797E-05
 -2.5616E+01  6.9530E-05
 -2.5604E+01  7.1458E-05
 -2.5592E+01  6.7252E-05
 -2.5580E+01  5.8181E-05
 -2.5568E+01  4.6669E-05
 -2.5556E+01  3.5427E-05
 -2.5544E+01  2.6535E-05
 -2.5532E+01  2.0844E-05
 -2.5521E+01  1.7950E-05
 -2.5509E+01  1.6722E-05
 -2.5497E+01  1.6111E-05
 -2.5485E+01  1.5832E-05
 -2.5473E+01  1.6540E-05
 -2.5461E+01  1.9396E-05
 -2.5449E+01  2.5195E-05
 -2.5437E+01  3.3512E-05
 -2.5425E+01  4.2365E-05
 -2.5413E+01  4.8723E-05
 -2.5401E+01  4.9825E-05
 -2.5390E+01  4.4861E-05
 -2.5378E+01  3.6336E-05
 -2.5366E+01  3.0430E-05
 -2.5354E+01  3.5988E-05
 -2.5342E+01  6.2259E-05
 -2.5330E+01  1.1601E-04
 -2.5318E+01  1.9890E-04
 -2.5306E+01  3.0601E-04
 -2.5294E+01  4.2608E-04
 -2.5282E+01  5.4333E-04
 -2.5271E+01  6.4057E-04
 -2.5259E+01  7.0258E-04
 -2.5247E+01  7.1911E-04
 -2.5235E+01  6.8682E-04
 -2.5223E+01  6.1009E-04
 -2.5211E+01  5.0080E-04
 -2.5199E+01  3.7722E-04
 -2.5187E+01  2.6234E-04
 -2.5175E+01  1.8145E-04
 -2.5163E+01  1.5886E-04
 -2.5151E+01  2.1397E-04
 -2.5140E+01  3.5673E-04
 -2.5128E+01  5.8373E-04
 -2.5116E+01  8.7586E-04
 -2.5104E+01  1.1989E-03
 -2.5092E+01  1.5078E-03
 -2.5080E+01  1.7541E-03
 -2.5068E+01  1.8958E-03
 -2.5056E+01  1.9064E-03
 -2.5044E+01  1.7819E-03
 -2.5032E+01  1.5420E-03
 -2.5020E+01  1.2274E-03
 -2.5009E+01  8.9010E-04
 -2.4997E+01  5.8331E-04
 -2.4985E+01  3.4977E-04
 -2.4973E+01  2.1414E-04
 -2.4961E+01  1.7991E-04
 -2.4949E+01  2.3150E-04
 -2.4937E+01  3.4047E-04
 -2.4925E+01  4.7357E-04
 -2.4913E+01  6.0028E-04
 -2.4901E+01  6.9802E-04
 -2.4889E+01  7.5432E-04
 -2.4878E+01  7.6603E-04
 -2.4866E+01  7.3703E-04
 -2.4854E+01  6.7539E-04
 -2.4842E+01  5.9118E-04
 -2.4830E+01  4.9520E-04
 -2.4818E+01  3.9836E-04
 -2.4806E+01  3.1108E-04
 -2.4794E+01  2.4229E-04
 -2.4782E+01  1.9791E-04
 -2.4770E+01  1.7934E-04
 -2.4758E+01  1.8265E-04
 -2.4747E+01  1.9902E-04
 -2.4735E+01  2.1681E-04
 -2.4723E+01  2.2476E-04
 -2.4711E+01  2.1533E-04
 -2.4699E+01  1.8712E-04
 -2.4687E+01  1.4551E-04
 -2.4675E+01  1.0114E-04
 -2.4663E+01  6.6697E-05
 -2.4651E+01  5.3158E-05
 -2.4639E+01  6.6552E-05
 -2.4627E+01  1.0632E-04
 -2.4616E+01  1.6565E-04
 -2.4604E+01  2.3351E-04
 -2.4592E+01  2.9762E-04
 -2.4580E+01  3.4734E-04
 -2.4568E+01  3.7570E-04
 -2.4556E+01  3.8011E-04
 -2.4544E+01  3.6199E-04
 -2.4532E+01  3.2558E-04
 -2.4520E+01  2.7667E-04
 -2.4508E+01  2.2151E-04
 -2.4496E+01  1.6620E-04
 -2.4485E+01  1.1631E-04
 -2.4473E+01  7.6588E-05
 -2.4461E+01  5.0587E-05
 -2.4449E+01  4.0115E-05
 -2.4437E+01  4.4762E-05
 -2.4425E+01  6.1717E-05
 -2.4413E+01  8.6127E-05
 -2.4401E+01  1.1200E-04
 -2.4389E+01  1.3348E-04
 -2.4377E+01  1.4613E-04
 -2.4365E+01  1.4786E-04
 -2.4354E+01  1.3915E-04
 -2.4342E+01  1.2264E-04
 -2.4330E+01  1.0222E-04
 -2.4318E+01  8.1903E-05
 -2.4306E+01  6.4878E-05
 -2.4294E+01  5.2996E-05
 -2.4282E+01  4.6678E-05
 -2.4270E+01  4.5202E-05
 -2.4258E+01  4.7148E-05
 -2.4246E+01  5.0836E-05
 -2.4234E+01  5.4636E-05
 -2.4223E+01  5.7169E-05
 -2.4211E+01  5.7428E-05
 -2.4199E+01  5.4897E-05
 -2.4187E+01  4.9682E-05
 -2.4175E+01  4.2594E-05
 -2.4163E+01  3.5115E-05
 -2.4151E+01  2.9183E-05
 -2.4139E+01  2.6786E-05
 -2.4127E+01  2.9468E-05
 -2.4115E+01  3.7880E-05
 -2.4103E+01  5.1522E-05
 -2.4092E+01  6.8782E-05
 -2.4080E+01  8.7251E-05
 -2.4068E+01  1.0424E-04
 -2.4056E+01  1.1732E-04
 -2.4044E+01  1.2478E-04
 -2.4032E+01  1.2585E-04
 -2.4020E+01  1.2073E-04
 -2.4008E+01  1.1043E-04
 -2.3996E+01  9.6484E-05
 -2.3984E+01  8.0726E-05
 -2.3972E+01  6.5009E-05
 -2.3961E+01  5.1011E-05
 -2.3949E+01  4.0064E-05
 -2.3937E+01  3.3011E-05
 -2.3925E+01  3.0102E-05
 -2.3913E+01  3.0965E-05
 -2.3901E+01  3.4671E-05
 -2.3889E+01  3.9911E-05
 -2.3877E+01  4.5247E-05
 -2.3865E+01  4.9397E-05
 -2.3853E+01  5.1472E-05
 -2.3841E+01  5.1106E-05
 -2.3830E+01  4.8480E-05
 -2.3818E+01  4.4212E-05
 -2.3806E+01  3.9197E-05
 -2.3794E+01  3.4414E-05
 -2.3782E+01  3.0753E-05
 -2.3770E+01  2.8879E-05
 -2.3758E+01  2.9138E-05
 -2.3746E+01  3.1503E-05
 -2.3734E+01  3.5557E-05
 -2.3722E+01  4.0541E-05
 -2.3710E+01  4.5456E-05
 -2.3699E+01  4.9241E-05
 -2.3687E+01  5.0991E-05
 -2.3675E+01  5.0172E-05
 -2.3663E+01  4.6775E-05
 -2.3651E+01  4.1376E-05
 -2.3639E+01  3.5057E-05
 -2.3627E+01  2.9229E-05
 -2.3615E+01  2.5383E-05
 -2.3603E+01  2.4823E-05
 -2.3591E+01  2.8438E-05
 -2.3579E+01  3.6529E-05
 -2.3568E+01  4.8726E-05
 -2.3556E+01  6.3979E-05
 -2.3544E+01  8.0649E-05
 -2.3532E+01  9.6696E-05
 -2.3520E+01  1.0997E-04
 -2.3508E+01  1.1854E-04
 -2.3496E+01  1.2112E-04
 -2.3484E+01  1.1729E-04
 -2.3472E+01  1.0764E-04
 -2.3460E+01  9.3681E-05
 -2.3448E+01  7.7525E-05
 -2.3437E+01  6.1441E-05
 -2.3425E+01  4.7418E-05
 -2.3413E+01  3.6848E-05
 -2.3401E+01  3.0398E-05
 -2.3389E+01  2.8081E-05
 -2.3377E+01  2.9427E-05
 -2.3365E+01  3.3657E-05
 -2.3353E+01  3.9774E-05
 -2.3341E+01  4.6593E-05
 -2.3329E+01  5.2767E-05
 -2.3317E+01  5.6956E-05
 -2.3306E+01  5.8191E-05
 -2.3294E+01  5.6419E-05
 -2.3282E+01  5.3024E-05
 -2.3270E+01  5.1074E-05
 -2.3258E+01  5.5033E-05
 -2.3246E+01  6.9840E-05
 -2.3234E+01  9.9477E-05
 -2.3222E+01  1.4542E-04
 -2.3210E+01  2.0544E-04
 -2.3198E+01  2.7330E-04
 -2.3186E+01  3.3954E-04
 -2.3175E+01  3.9328E-04
 -2.3163E+01  4.2461E-04
 -2.3151E+01  4.2705E-04
 -2.3139E+01  3.9919E-04
 -2.3127E+01  3.4545E-04
 -2.3115E+01  2.7553E-04
 -2.3103E+01  2.0291E-04
 -2.3091E+01  1.4276E-04
 -2.3079E+01  1.0967E-04
 -2.3067E+01  1.1549E-04
 -2.3055E+01  1.6751E-04
 -2.3044E+01  2.6698E-04
 -2.3032E+01  4.0814E-04
 -2.3020E+01  5.7798E-04
 -2.3008E+01  7.5701E-04
 -2.2996E+01  9.2135E-04
 -2.2984E+01  1.0463E-03
 -2.2972E+01  1.1107E-03
 -2.2960E+01  1.1017E-03
 -2.2948E+01  1.0180E-03
 -2.2936E+01  8.7158E-04
 -2.2924E+01  6.8566E-04
 -2.2913E+01  4.9053E-04
 -2.2901E+01  3.1712E-04
 -2.2889E+01  1.9041E-04
 -2.2877E+01  1.2426E-04
 -2.2865E+01  1.1918E-04
 -2.2853E+01  1.6355E-04
 -2.2841E+01  2.3773E-04
 -2.2829E+01  3.1962E-04
 -2.2817E+01  3.9015E-04
 -2.2805E+01  4.3694E-04
 -2.2793E+01  4.5552E-04
 -2.2782E+01  4.4808E-04
 -2.2770E+01  4.2088E-04
 -2.2758E+01  3.8131E-04
 -2.2746E+01  3.3581E-04
 -2.2734E+01  2.8910E-04
 -2.2722E+01  2.4460E-04
 -2.2710E+01  2.0518E-04
 -2.2698E+01  1.7368E-04
 -2.2686E+01  1.5266E-04
 -2.2674E+01  1.4339E-04
 -2.2662E+01  1.4473E-04
 -2.2651E+01  1.5259E-04
 -2.2639E+01  1.6055E-04
 -2.2627E+01  1.6164E-04
 -2.2615E+01  1.5083E-04
 -2.2603E+01  1.2717E-04
 -2.2591E+01  9.4772E-05
 -2.2579E+01  6.2008E-05
 -2.2567E+01  3.9062E-05
 -2.2555E+01  3.4689E-05
 -2.2543E+01  5.3246E-05
 -2.2531E+01  9.3091E-05
 -2.2520E+01  1.4689E-04
 -2.2508E+01  2.0372E-04
 -2.2496E+01  2.5212E-04
 -2.2484E+01  2.8320E-04
 -2.2472E+01  2.9254E-04
 -2.2460E+01  2.8064E-04
 -2.2448E+01  2.5193E-04
 -2.2436E+01  2.1283E-04
 -2.2424E+01  1.6986E-04
 -2.2412E+01  1.2827E-04
 -2.2400E+01  9.1649E-05
 -2.2389E+01  6.2168E-05
 -2.2377E+01  4.1163E-05
 -2.2365E+01  2.9531E-05
 -2.2353E+01  2.7689E-05
 -2.2341E+01  3.5149E-05
 -2.2329E+01  5.0043E-05
 -2.2317E+01  6.8987E-05
 -2.2305E+01  8.7542E-05
 -2.2293E+01  1.0123E-04
 -2.2281E+01  1.0674E-04
 -2.2269E+01  1.0295E-04
 -2.2258E+01  9.1187E-05
 -2.2246E+01  7.4776E-05
 -2.2234E+01  5.7914E-05
 -2.2222E+01  4.4351E-05
 -2.2210E+01  3.6359E-05
 -2.2198E+01  3.4321E-05
 -2.2186E+01  3.7015E-05
 -2.2174E+01  4.2366E-05
 -2.2162E+01  4.8304E-05
 -2.2150E+01  5.3352E-05
 -2.2138E+01  5.6772E-05
 -2.2127E+01  5.8330E-05
 -2.2115E+01  5.7914E-05
 -2.2103E+01  5.5297E-05
 -2.2091E+01  5.0217E-05
 -2.2079E+01  4.2733E-05
 -2.2067E+01  3.3666E-05
 -2.2055E+01  2.4817E-05
 -2.2043E+01  1.8767E-05
 -2.2031E+01  1.8228E-05
 -2.2019E+01  2.5154E-05
 -2.2007E+01  3.9941E-05
 -2.1996E+01  6.1053E-05
 -2.1984E+01  8.5251E-05
 -2.1972E+01  1.0837E-04
 -2.1960E+01  1.2641E-04
 -2.1948E+01  1.3646E-04
 -2.1936E+01  1.3736E-04
 -2.1924E+01  1.2971E-04
 -2.1912E+01  1.1545E-04
 -2.1900E+01  9.7204E-05
 -2.1888E+01  7.7601E-05
 -2.1876E+01  5.8865E-05
 -2.1865E+01  4.2661E-05
 -2.1853E+01  3.0159E-05
 -2.1841E+01  2.2127E-05
 -2.1829E+01  1.8953E-05
 -2.1817E+01  2.0531E-05
 -2.1805E+01  2.6119E-05
 -2.1793E+01  3.4284E-05
 -2.1781E+01  4.3060E-05
 -2.1769E+01  5.0342E-05
 -2.1757E+01  5.4414E-05
 -2.1745E+01  5.4417E-05
 -2.1734E+01  5.0589E-05
 -2.1722E+01  4.4159E-05
 -2.1710E+01  3.6924E-05
 -2.1698E+01  3.0677E-05
 -2.1686E+01  2.6681E-05
 -2.1674E+01  2.5389E-05
 -2.1662E+01  2.6455E-05
 -2.1650E+01  2.9011E-05
 -2.1638E+01  3.2035E-05
 -2.1626E+01  3.4665E-05
 -2.1614E+01  3.6338E-05
 -2.1603E+01  3.6767E-05
 -2.1591E+01  3.5826E-05
 -2.1579E+01  3.3459E-05
 -2.1567E+01  2.9714E-05
 -2.1555E+01  2.4872E-05
 -2.1543E+01  1.9608E-05
 -2.1531E+01  1.5044E-05
 -2.1519E+01  1.2604E-05
 -2.1507E+01  1.3665E-05
 -2.1495E+01  1.9101E-05
 -2.1483E+01  2.8895E-05
 -2.1472E+01  4.1977E-05
 -2.1460E+01  5.6386E-05
 -2.1448E+01  6.9722E-05
 -2.1436E+01  7.9737E-05
 -2.1424E+01  8.4877E-05
 -2.1412E+01  8.4597E-05
 -2.1400E+01  7.9368E-05
 -2.1388E+01  7.0409E-05
 -2.1376E+01  5.9288E-05
 -2.1364E+01  4.7536E-05
 -2.1353E+01  3.6417E-05
 -2.1341E+01  2.6857E-05
 -2.1329E+01  1.9507E-05
 -2.1317E+01  1.4823E-05
 -2.1305E+01  1.3067E-05
 -2.1293E+01  1.4235E-05
 -2.1281E+01  1.7918E-05
 -2.1269E+01  2.3237E-05
 -2.1257E+01  2.8911E-05
 -2.1245E+01  3.3508E-05
 -2.1233E+01  3.5831E-05
 -2.1222E+01  3.5301E-05
 -2.1210E+01  3.2215E-05
 -2.1198E+01  2.7751E-05
 -2.1186E+01  2.3701E-05
 -2.1174E+01  2.2017E-05
 -2.1162E+01  2.4294E-05
 -2.1150E+01  3.1344E-05
 -2.1138E+01  4.2983E-05
 -2.1126E+01  5.8051E-05
 -2.1114E+01  7.4633E-05
 -2.1102E+01  9.0408E-05
 -2.1091E+01  1.0302E-04
 -2.1079E+01  1.1045E-04
 -2.1067E+01  1.1126E-04
 -2.1055E+01  1.0496E-04
 -2.1043E+01  9.2092E-05
 -2.1031E+01  7.4474E-05
 -2.1019E+01  5.5097E-05
 -2.1007E+01  3.7895E-05
 -2.0995E+01  2.7207E-05
 -2.0983E+01  2.7014E-05
 -2.0971E+01  4.0053E-05
 -2.0960E+01  6.7044E-05
 -2.0948E+01  1.0620E-04
 -2.0936E+01  1.5325E-04
 -2.0924E+01  2.0197E-04
 -2.0912E+01  2.4525E-04
 -2.0900E+01  2.7640E-04
 -2.0888E+01  2.9042E-04
 -2.0876E+01  2.8505E-04
 -2.0864E+01  2.6119E-04
 -2.0852E+01  2.2273E-04
 -2.0840E+01  1.7585E-04
 -2.0829E+01  1.2777E-04
 -2.0817E+01  8.5461E-05
 -2.0805E+01  5.4359E-05
 -2.0793E+01  3.7518E-05
 -2.0781E+01  3.5248E-05
 -2.0769E+01  4.5315E-05
 -2.0757E+01  6.3621E-05
 -2.0745E+01  8.5183E-05
 -2.0733E+01  1.0517E-04
 -2.0721E+01  1.1980E-04
 -2.0709E+01  1.2689E-04
 -2.0698E+01  1.2602E-04
 -2.0686E+01  1.1831E-04
 -2.0674E+01  1.0598E-04
 -2.0662E+01  9.1710E-05
 -2.0650E+01  7.8154E-05
 -2.0638E+01  6.7491E-05
 -2.0626E+01  6.1191E-05
 -2.0614E+01  5.9904E-05
 -2.0602E+01  6.3449E-05
 -2.0590E+01  7.0859E-05
 -2.0578E+01  8.0487E-05
 -2.0567E+01  9.0194E-05
 -2.0555E+01  9.7650E-05
 -2.0543E+01  1.0076E-04
 -2.0531E+01  9.8165E-05
 -2.0519E+01  8.9671E-05
 -2.0507E+01  7.6532E-05
 -2.0495E+01  6.1384E-05
 -2.0483E+01  4.7825E-05
 -2.0471E+01  3.9681E-05
 -2.0459E+01  4.0133E-05
 -2.0447E+01  5.0906E-05
 -2.0436E+01  7.1768E-05
 -2.0424E+01  1.0045E-04
 -2.0412E+01  1.3305E-04
 -2.0400E+01  1.6477E-04
 -2.0388E+01  1.9087E-04
 -2.0376E+01  2.0750E-04
 -2.0364E+01  2.1236E-04
 -2.0352E+01  2.0499E-04
 -2.0340E+01  1.8670E-04
 -2.0328E+01  1.6028E-04
 -2.0316E+01  1.2945E-04
 -2.0305E+01  9.8318E-05
 -2.0293E+01  7.0714E-05
 -2.0281E+01  4.9727E-05
 -2.0269E+01  3.7270E-05
 -2.0257E+01  3.3839E-05
 -2.0245E+01  3.8480E-05
 -2.0233E+01  4.8991E-05
 -2.0221E+01  6.2356E-05
 -2.0209E+01  7.5339E-05
 -2.0197E+01  8.5118E-05
 -2.0185E+01  8.9810E-05
 -2.0174E+01  8.8768E-05
 -2.0162E+01  8.2565E-05
 -2.0150E+01  7.2696E-05
 -2.0138E+01  6.1096E-05
 -2.0126E+01  4.9624E-05
 -2.0114E+01  3.9658E-05
 -2.0102E+01  3.1907E-05
 -2.0090E+01  2.6443E-05
 -2.0078E+01  2.2904E-05
 -2.0066E+01  2.0759E-05
 -2.0054E+01  1.9527E-05
 -2.0043E+01  1.8883E-05
 -2.0031E+01  1.8659E-05
 -2.0019E+01  1.8774E-05
 -2.0007E+01  1.9154E-05
 -1.9995E+01  1.9702E-05
 -1.9983E+01  2.0319E-05
 -1.9971E+01  2.0957E-05
 -1.9959E+01  2.1657E-05
 -1.9947E+01  2.2534E-05
 -1.9935E+01  2.3716E-05
 -1.9923E+01  2.5249E-05
 -1.9912E+01  2.7032E-05
 -1.9900E+01  2.8818E-05
 -1.9888E+01  3.0285E-05
 -1.9876E+01  3.1167E-05
 -1.9864E+01  3.1366E-05
 -1.9852E+01  3.1001E-05
 -1.9840E+01  3.0365E-05
 -1.9828E+01  2.9795E-05
 -1.9816E+01  2.9515E-05
 -1.9804E+01  2.9526E-05
 -1.9792E+01  2.9589E-05
 -1.9781E+01  2.9327E-05
 -1.9769E+01  2.8389E-05
 -1.9757E+01  2.6615E-05
 -1.9745E+01  2.4130E-05
 -1.9733E+01  2.1311E-05
 -1.9721E+01  1.8652E-05
 -1.9709E+01  1.6579E-05
 -1.9697E+01  1.5292E-05
 -1.9685E+01  1.4721E-05
 -1.9673E+01  1.4585E-05
 -1.9661E+01  1.4561E-05
 -1.9650E+01  1.4444E-05
 -1.9638E+01  1.4267E-05
 -1.9626E+01  1.4284E-05
 -1.9614E+01  1.4858E-05
 -1.9602E+01  1.6286E-05
 -1.9590E+01  1.8643E-05
 -1.9578E+01  2.1721E-05
 -1.9566E+01  2.5088E-05
 -1.9554E+01  2.8228E-05
 -1.9542E+01  3.0715E-05
 -1.9530E+01  3.2326E-05
 -1.9519E+01  3.3062E-05
 -1.9507E+01  3.3072E-05
 -1.9495E+01  3.2547E-05
 -1.9483E+01  3.1622E-05
 -1.9471E+01  3.0379E-05
 -1.9459E+01  2.8928E-05
 -1.9447E+01  2.7530E-05
 -1.9435E+01  2.6685E-05
 -1.9423E+01  2.7101E-05
 -1.9411E+01  2.9520E-05
 -1.9399E+01  3.4456E-05
 -1.9388E+01  4.1919E-05
 -1.9376E+01  5.1275E-05
 -1.9364E+01  6.1299E-05
 -1.9352E+01  7.0450E-05
 -1.9340E+01  7.7276E-05
 -1.9328E+01  8.0811E-05
 -1.9316E+01  8.0824E-05
 -1.9304E+01  7.7809E-05
 -1.9292E+01  7.2746E-05
 -1.9280E+01  6.6718E-05
 -1.9268E+01  6.0564E-05
 -1.9257E+01  5.4697E-05
 -1.9245E+01  4.9158E-05
 -1.9233E+01  4.3859E-05
 -1.9221E+01  3.8875E-05
 -1.9209E+01  3.4616E-05
 -1.9197E+01  3.1773E-05
 -1.9185E+01  3.1020E-05
 -1.9173E+01  3.2620E-05
 -1.9161E+01  3.6121E-05
 -1.9149E+01  4.0347E-05
 -1.9137E+01  4.3769E-05
 -1.9126E+01  4.5172E-05
 -1.9114E+01  4.4394E-05
 -1.9102E+01  4.2805E-05
 -1.9090E+01  4.3287E-05
 -1.9078E+01  4.9590E-05
 -1.9066E+01  6.5214E-05
 -1.9054E+01  9.2142E-05
 -1.9042E+01  1.2984E-04
 -1.9030E+01  1.7489E-04
 -1.9018E+01  2.2146E-04
 -1.9006E+01  2.6248E-04
 -1.8995E+01  2.9126E-04
 -1.8983E+01  3.0298E-04
 -1.8971E+01  2.9585E-04
 -1.8959E+01  2.7151E-04
 -1.8947E+01  2.3478E-04
 -1.8935E+01  1.9289E-04
 -1.8923E+01  1.5440E-04
 -1.8911E+01  1.2816E-04
 -1.8899E+01  1.2223E-04
 -1.8887E+01  1.4284E-04
 -1.8875E+01  1.9336E-04
 -1.8864E+01  2.7331E-04
 -1.8852E+01  3.7753E-04
 -1.8840E+01  4.9593E-04
 -1.8828E+01  6.1416E-04
 -1.8816E+01  7.1545E-04
 -1.8804E+01  7.8353E-04
 -1.8792E+01  8.0598E-04
 -1.8780E+01  7.7738E-04
 -1.8768E+01  7.0116E-04
 -1.8756E+01  5.8954E-04
 -1.8744E+01  4.6134E-04
 -1.8733E+01  3.3801E-04
 -1.8721E+01  2.3897E-04
 -1.8709E+01  1.7734E-04
 -1.8697E+01  1.5748E-04
 -1.8685E+01  1.7477E-04
 -1.8673E+01  2.1768E-04
 -1.8661E+01  2.7130E-04
 -1.8649E+01  3.2135E-04
 -1.8637E+01  3.5736E-04
 -1.8625E+01  3.7438E-04
 -1.8613E+01  3.7291E-04
 -1.8602E+01  3.5754E-04
 -1.8590E+01  3.3494E-04
 -1.8578E+01  3.1208E-04
 -1.8566E+01  2.9504E-04
 -1.8554E+01  2.8861E-04
 -1.8542E+01  2.9619E-04
 -1.8530E+01  3.1965E-04
 -1.8518E+01  3.5886E-04
 -1.8506E+01  4.1091E-04
 -1.8494E+01  4.6941E-04
 -1.8482E+01  5.2451E-04
 -1.8471E+01  5.6419E-04
 -1.8459E+01  5.7674E-04
 -1.8447E+01  5.5412E-04
 -1.8435E+01  4.9532E-04
 -1.8423E+01  4.0827E-04
 -1.8411E+01  3.0978E-04
 -1.8399E+01  2.2283E-04
 -1.8387E+01  1.7183E-04
 -1.8375E+01  1.7696E-04
 -1.8363E+01  2.4899E-04
 -1.8351E+01  3.8608E-04
 -1.8340E+01  5.7325E-04
 -1.8328E+01  7.8503E-04
 -1.8316E+01  9.9024E-04
 -1.8304E+01  1.1580E-03
 -1.8292E+01  1.2634E-03
 -1.8280E+01  1.2918E-03
 -1.8268E+01  1.2405E-03
 -1.8256E+01  1.1192E-03
 -1.8244E+01  9.4663E-04
 -1.8232E+01  7.4794E-04
 -1.8220E+01  5.4984E-04
 -1.8209E+01  3.7675E-04
 -1.8197E+01  2.4732E-04
 -1.8185E+01  1.7227E-04
 -1.8173E+01  1.5333E-04
 -1.8161E+01  1.8370E-04
 -1.8149E+01  2.4970E-04
 -1.8137E+01  3.3341E-04
 -1.8125E+01  4.1598E-04
 -1.8113E+01  4.8087E-04
 -1.8101E+01  5.1657E-04
 -1.8089E+01  5.1812E-04
 -1.8078E+01  4.8736E-04
 -1.8066E+01  4.3181E-04
 -1.8054E+01  3.6250E-04
 -1.8042E+01  2.9137E-04
 -1.8030E+01  2.2876E-04
 -1.8018E+01  1.8160E-04
 -1.8006E+01  1.5256E-04
 -1.7994E+01  1.4023E-04
 -1.7982E+01  1.4018E-04
 -1.7970E+01  1.4644E-04
 -1.7958E+01  1.5303E-04
 -1.7947E+01  1.5533E-04
 -1.7935E+01  1.5085E-04
 -1.7923E+01  1.3956E-04
 -1.7911E+01  1.2361E-04
 -1.7899E+01  1.0669E-04
 -1.7887E+01  9.3143E-05
 -1.7875E+01  8.7006E-05
 -1.7863E+01  9.1191E-05
 -1.7851E+01  1.0688E-04
 -1.7839E+01  1.3327E-04
 -1.7827E+01  1.6768E-04
 -1.7816E+01  2.0601E-04
 -1.7804E+01  2.4343E-04
 -1.7792E+01  2.7516E-04
 -1.7780E+01  2.9721E-04
 -1.7768E+01  3.0697E-04
 -1.7756E+01  3.0352E-04
 -1.7744E+01  2.8766E-04
 -1.7732E+01  2.6173E-04
 -1.7720E+01  2.2915E-04
 -1.7708E+01  1.9393E-04
 -1.7696E+01  1.6008E-04
 -1.7685E+01  1.3104E-04
 -1.7673E+01  1.0930E-04
 -1.7661E+01  9.6094E-05
 -1.7649E+01  9.1339E-05
 -1.7637E+01  9.3740E-05
 -1.7625E+01  1.0110E-04
 -1.7613E+01  1.1072E-04
 -1.7601E+01  1.1994E-04
 -1.7589E+01  1.2653E-04
 -1.7577E+01  1.2908E-04
 -1.7565E+01  1.2720E-04
 -1.7554E+01  1.2155E-04
 -1.7542E+01  1.1374E-04
 -1.7530E+01  1.0604E-04
 -1.7518E+01  1.0098E-04
 -1.7506E+01  1.0087E-04
 -1.7494E+01  1.0735E-04
 -1.7482E+01  1.2091E-04
 -1.7470E+01  1.4066E-04
 -1.7458E+01  1.6430E-04
 -1.7446E+01  1.8836E-04
 -1.7435E+01  2.0885E-04
 -1.7423E+01  2.2198E-04
 -1.7411E+01  2.2506E-04
 -1.7399E+01  2.1719E-04
 -1.7387E+01  1.9966E-04
 -1.7375E+01  1.7592E-04
 -1.7363E+01  1.5116E-04
 -1.7351E+01  1.3146E-04
 -1.7339E+01  1.2281E-04
 -1.7327E+01  1.3000E-04
 -1.7315E+01  1.5573E-04
 -1.7304E+01  1.9997E-04
 -1.7292E+01  2.5967E-04
 -1.7280E+01  3.2902E-04
 -1.7268E+01  4.0009E-04
 -1.7256E+01  4.6390E-04
 -1.7244E+01  5.1184E-04
 -1.7232E+01  5.3713E-04
 -1.7220E+01  5.3604E-04
 -1.7208E+01  5.0870E-04
 -1.7196E+01  4.5908E-04
 -1.7184E+01  3.9433E-04
 -1.7173E+01  3.2345E-04
 -1.7161E+01  2.5567E-04
 -1.7149E+01  1.9887E-04
 -1.7137E+01  1.5841E-04
 -1.7125E+01  1.3655E-04
 -1.7113E+01  1.3254E-04
 -1.7101E+01  1.4317E-04
 -1.7089E+01  1.6362E-04
 -1.7077E+01  1.8830E-04
 -1.7065E+01  2.1173E-04
 -1.7053E+01  2.2926E-04
 -1.7042E+01  2.3792E-04
 -1.7030E+01  2.3717E-04
 -1.7018E+01  2.2949E-04
 -1.7006E+01  2.2048E-04
 -1.6994E+01  2.1829E-04
 -1.6982E+01  2.3202E-04
 -1.6970E+01  2.6941E-04
 -1.6958E+01  3.3425E-04
 -1.6946E+01  4.2425E-04
 -1.6934E+01  5.3027E-04
 -1.6922E+01  6.3732E-04
 -1.6911E+01  7.2740E-04
 -1.6899E+01  7.8358E-04
 -1.6887E+01  7.9420E-04
 -1.6875E+01  7.5615E-04
 -1.6863E+01  6.7636E-04
 -1.6851E+01  5.7103E-04
 -1.6839E+01  4.6290E-04
 -1.6827E+01  3.7735E-04
 -1.6815E+01  3.3806E-04
 -1.6803E+01  3.6335E-04
 -1.6791E+01  4.6327E-04
 -1.6780E+01  6.3793E-04
 -1.6768E+01  8.7671E-04
 -1.6756E+01  1.1585E-03
 -1.6744E+01  1.4530E-03
 -1.6732E+01  1.7239E-03
 -1.6720E+01  1.9336E-03
 -1.6708E+01  2.0491E-03
 -1.6696E+01  2.0486E-03
 -1.6684E+01  1.9275E-03
 -1.6672E+01  1.7008E-03
 -1.6660E+01  1.4025E-03
 -1.6649E+01  1.0793E-03
 -1.6637E+01  7.8165E-04
 -1.6625E+01  5.5286E-04
 -1.6613E+01  4.1989E-04
 -1.6601E+01  3.8833E-04
 -1.6589E+01  4.4284E-04
 -1.6577E+01  5.5286E-04
 -1.6565E+01  6.8163E-04
 -1.6553E+01  7.9577E-04
 -1.6541E+01  8.7260E-04
 -1.6529E+01  9.0327E-04
 -1.6518E+01  8.9155E-04
 -1.6506E+01  8.4937E-04
 -1.6494E+01  7.9135E-04
 -1.6482E+01  7.3043E-04
 -1.6470E+01  6.7574E-04
 -1.6458E+01  6.3273E-04
 -1.6446E+01  6.0455E-04
 -1.6434E+01  5.9320E-04
 -1.6422E+01  5.9950E-04
 -1.6410E+01  6.2170E-04
 -1.6398E+01  6.5373E-04
 -1.6387E+01  6.8429E-04
 -1.6375E+01  6.9838E-04
 -1.6363E+01  6.8121E-04
 -1.6351E+01  6.2386E-04
 -1.6339E+01  5.2840E-04
 -1.6327E+01  4.1045E-04
 -1.6315E+01  2.9747E-04
 -1.6303E+01  2.2273E-04
 -1.6291E+01  2.1645E-04
 -1.6279E+01  2.9676E-04
 -1.6267E+01  4.6335E-04
 -1.6256E+01  6.9602E-04
 -1.6244E+01  9.5857E-04
 -1.6232E+01  1.2071E-03
 -1.6220E+01  1.4000E-03
 -1.6208E+01  1.5069E-03
 -1.6196E+01  1.5140E-03
 -1.6184E+01  1.4253E-03
 -1.6172E+01  1.2596E-03
 -1.6160E+01  1.0450E-03
 -1.6148E+01  8.1288E-04
 -1.6136E+01  5.9238E-04
 -1.6125E+01  4.0707E-04
 -1.6113E+01  2.7294E-04
 -1.6101E+01  1.9796E-04
 -1.6089E+01  1.8228E-04
 -1.6077E+01  2.1869E-04
 -1.6065E+01  2.9365E-04
 -1.6053E+01  3.8885E-04
 -1.6041E+01  4.8385E-04
 -1.6029E+01  5.5937E-04
 -1.6017E+01  6.0076E-04
 -1.6005E+01  6.0073E-04
 -1.5994E+01  5.6049E-04
 -1.5982E+01  4.8898E-04
 -1.5970E+01  4.0025E-04
 -1.5958E+01  3.0980E-04
 -1.5946E+01  2.3093E-04
 -1.5934E+01  1.7207E-04
 -1.5922E+01  1.3581E-04
 -1.5910E+01  1.1958E-04
 -1.5898E+01  1.1745E-04
 -1.5886E+01  1.2237E-04
 -1.5874E+01  1.2804E-04
 -1.5863E+01  1.3014E-04
 -1.5851E+01  1.2669E-04
 -1.5839E+01  1.1780E-04
 -1.5827E+01  1.0517E-04
 -1.5815E+01  9.1435E-05
 -1.5803E+01  7.9664E-05
 -1.5791E+01  7.2827E-05
 -1.5779E+01  7.3288E-05
 -1.5767E+01  8.2300E-05
 -1.5755E+01  9.9612E-05
 -1.5743E+01  1.2335E-04
 -1.5732E+01  1.5030E-04
 -1.5720E+01  1.7654E-04
 -1.5708E+01  1.9828E-04
 -1.5696E+01  2.1269E-04
 -1.5684E+01  2.1831E-04
 -1.5672E+01  2.1516E-04
 -1.5660E+01  2.0440E-04
 -1.5648E+01  1.8788E-04
 -1.5636E+01  1.6761E-04
 -1.5624E+01  1.4554E-04
 -1.5612E+01  1.2349E-04
 -1.5601E+01  1.0324E-04
 -1.5589E+01  8.6509E-05
 -1.5577E+01  7.4812E-05
 -1.5565E+01  6.9116E-05
 -1.5553E+01  6.9483E-05
 -1.5541E+01  7.4880E-05
 -1.5529E+01  8.3295E-05
 -1.5517E+01  9.2195E-05
 -1.5505E+01  9.9172E-05
 -1.5493E+01  1.0257E-04
 -1.5481E+01  1.0187E-04
 -1.5470E+01  9.7751E-05
 -1.5458E+01  9.1854E-05
 -1.5446E+01  8.6357E-05
 -1.5434E+01  8.3576E-05
 -1.5422E+01  8.5639E-05
 -1.5410E+01  9.4255E-05
 -1.5398E+01  1.1047E-04
 -1.5386E+01  1.3435E-04
 -1.5374E+01  1.6465E-04
 -1.5362E+01  1.9850E-04
 -1.5350E+01  2.3155E-04
 -1.5339E+01  2.5847E-04
 -1.5327E+01  2.7410E-04
 -1.5315E+01  2.7471E-04
 -1.5303E+01  2.5932E-04
 -1.5291E+01  2.3034E-04
 -1.5279E+01  1.9351E-04
 -1.5267E+01  1.5693E-04
 -1.5255E+01  1.2953E-04
 -1.5243E+01  1.1929E-04
 -1.5231E+01  1.3178E-04
 -1.5219E+01  1.6915E-04
 -1.5208E+01  2.2991E-04
 -1.5196E+01  3.0912E-04
 -1.5184E+01  3.9892E-04
 -1.5172E+01  4.8935E-04
 -1.5160E+01  5.6934E-04
 -1.5148E+01  6.2808E-04
 -1.5136E+01  6.5661E-04
 -1.5124E+01  6.4956E-04
 -1.5112E+01  6.0660E-04
 -1.5100E+01  5.3306E-04
 -1.5088E+01  4.3950E-04
 -1.5077E+01  3.3988E-04
 -1.5065E+01  2.4876E-04
 -1.5053E+01  1.7826E-04
 -1.5041E+01  1.3558E-04
 -1.5029E+01  1.2197E-04
 -1.5017E+01  1.3319E-04
 -1.5005E+01  1.6135E-04
 -1.4993E+01  1.9724E-04
 -1.4981E+01  2.3247E-04
 -1.4969E+01  2.6083E-04
 -1.4957E+01  2.7872E-04
 -1.4946E+01  2.8513E-04
 -1.4934E+01  2.8150E-04
 -1.4922E+01  2.7180E-04
 -1.4910E+01  2.6280E-04
 -1.4898E+01  2.6400E-04
 -1.4886E+01  2.8648E-04
 -1.4874E+01  3.4038E-04
 -1.4862E+01  4.3135E-04
 -1.4850E+01  5.5699E-04
 -1.4838E+01  7.0482E-04
 -1.4826E+01  8.5303E-04
 -1.4815E+01  9.7446E-04
 -1.4803E+01  1.0431E-03
 -1.4791E+01  1.0415E-03
 -1.4779E+01  9.6617E-04
 -1.4767E+01  8.3046E-04
 -1.4755E+01  6.6246E-04
 -1.4743E+01  4.9940E-04
 -1.4731E+01  3.7993E-04
 -1.4719E+01  3.3671E-04
 -1.4707E+01  3.9098E-04
 -1.4695E+01  5.5005E-04
 -1.4684E+01  8.0709E-04
 -1.4672E+01  1.1424E-03
 -1.4660E+01  1.5253E-03
 -1.4648E+01  1.9158E-03
 -1.4636E+01  2.2677E-03
 -1.4624E+01  2.5327E-03
 -1.4612E+01  2.6675E-03
 -1.4600E+01  2.6423E-03
 -1.4588E+01  2.4500E-03
 -1.4576E+01  2.1117E-03
 -1.4564E+01  1.6774E-03
 -1.4553E+01  1.2175E-03
 -1.4541E+01  8.0852E-04
 -1.4529E+01  5.1524E-04
 -1.4517E+01  3.7517E-04
 -1.4505E+01  3.8992E-04
 -1.4493E+01  5.2666E-04
 -1.4481E+01  7.2913E-04
 -1.4469E+01  9.3480E-04
 -1.4457E+01  1.0924E-03
 -1.4445E+01  1.1744E-03
 -1.4433E+01  1.1800E-03
 -1.4422E+01  1.1300E-03
 -1.4410E+01  1.0550E-03
 -1.4398E+01  9.8302E-04
 -1.4386E+01  9.3151E-04
 -1.4374E+01  9.0465E-04
 -1.4362E+01  8.9719E-04
 -1.4350E+01  9.0100E-04
 -1.4338E+01  9.1062E-04
 -1.4326E+01  9.2499E-04
 -1.4314E+01  9.4472E-04
 -1.4302E+01  9.6688E-04
 -1.4291E+01  9.8095E-04
 -1.4279E+01  9.6921E-04
 -1.4267E+01  9.1262E-04
 -1.4255E+01  8.0056E-04
 -1.4243E+01  6.4027E-04
 -1.4231E+01  4.6118E-04
 -1.4219E+01  3.1124E-04
 -1.4207E+01  2.4498E-04
 -1.4195E+01  3.0675E-04
 -1.4183E+01  5.1470E-04
 -1.4171E+01  8.5140E-04
 -1.4160E+01  1.2650E-03
 -1.4148E+01  1.6812E-03
 -1.4136E+01  2.0218E-03
 -1.4124E+01  2.2242E-03
 -1.4112E+01  2.2563E-03
 -1.4100E+01  2.1211E-03
 -1.4088E+01  1.8525E-03
 -1.4076E+01  1.5038E-03
 -1.4064E+01  1.1329E-03
 -1.4052E+01  7.9073E-04
 -1.4040E+01  5.1288E-04
 -1.4029E+01  3.1860E-04
 -1.4017E+01  2.1300E-04
 -1.4005E+01  1.9106E-04
 -1.3993E+01  2.4078E-04
 -1.3981E+01  3.4472E-04
 -1.3969E+01  4.8058E-04
 -1.3957E+01  6.2218E-04
 -1.3945E+01  7.4215E-04
 -1.3933E+01  8.1641E-04
 -1.3921E+01  8.2935E-04
 -1.3909E+01  7.7783E-04
 -1.3898E+01  6.7229E-04
 -1.3886E+01  5.3393E-04
 -1.3874E+01  3.8882E-04
 -1.3862E+01  2.6070E-04
 -1.3850E+01  1.6511E-04
 -1.3838E+01  1.0673E-04
 -1.3826E+01  8.0498E-05
 -1.3814E+01  7.5555E-05
 -1.3802E+01  8.0203E-05
 -1.3790E+01  8.5783E-05
 -1.3778E+01  8.8296E-05
 -1.3767E+01  8.7641E-05
 -1.3755E+01  8.5439E-05
 -1.3743E+01  8.2853E-05
 -1.3731E+01  7.9576E-05
 -1.3719E+01  7.4305E-05
 -1.3707E+01  6.6189E-05
 -1.3695E+01  5.6197E-05
 -1.3683E+01  4.7476E-05
 -1.3671E+01  4.4352E-05
 -1.3659E+01  5.0412E-05
 -1.3647E+01  6.6650E-05
 -1.3636E+01  9.0636E-05
 -1.3624E+01  1.1719E-04
 -1.3612E+01  1.4027E-04
 -1.3600E+01  1.5520E-04
 -1.3588E+01  1.6025E-04
 -1.3576E+01  1.5678E-04
 -1.3564E+01  1.4813E-04
 -1.3552E+01  1.3773E-04
 -1.3540E+01  1.2752E-04
 -1.3528E+01  1.1735E-04
 -1.3517E+01  1.0576E-04
 -1.3505E+01  9.1423E-05
 -1.3493E+01  7.4568E-05
 -1.3481E+01  5.7537E-05
 -1.3469E+01  4.4067E-05
 -1.3457E+01  3.7696E-05
 -1.3445E+01  4.0039E-05
 -1.3433E+01  4.9826E-05
 -1.3421E+01  6.3207E-05
 -1.3409E+01  7.5204E-05
 -1.3397E+01  8.1661E-05
 -1.3386E+01  8.0788E-05
 -1.3374E+01  7.3654E-05
 -1.3362E+01  6.3471E-05
 -1.3350E+01  5.4100E-05
 -1.3338E+01  4.8575E-05
 -1.3326E+01  4.8297E-05
 -1.3314E+01  5.3194E-05
 -1.3302E+01  6.2548E-05
 -1.3290E+01  7.5878E-05
 -1.3278E+01  9.3272E-05
 -1.3266E+01  1.1492E-04
 -1.3255E+01  1.4009E-04
 -1.3243E+01  1.6624E-04
 -1.3231E+01  1.8890E-04
 -1.3219E+01  2.0256E-04
 -1.3207E+01  2.0258E-04
 -1.3195E+01  1.8706E-04
 -1.3183E+01  1.5814E-04
 -1.3171E+01  1.2188E-04
 -1.3159E+01  8.6835E-05
 -1.3147E+01  6.1714E-05
 -1.3135E+01  5.3217E-05
 -1.3124E+01  6.4696E-05
 -1.3112E+01  9.6001E-05
 -1.3100E+01  1.4423E-04
 -1.3088E+01  2.0478E-04
 -1.3076E+01  2.7208E-04
 -1.3064E+01  3.3972E-04
 -1.3052E+01  4.0034E-04
 -1.3040E+01  4.4575E-04
 -1.3028E+01  4.6783E-04
 -1.3016E+01  4.6043E-04
 -1.3004E+01  4.2166E-04
 -1.2993E+01  3.5570E-04
 -1.2981E+01  2.7288E-04
 -1.2969E+01  1.8779E-04
 -1.2957E+01  1.1559E-04
 -1.2945E+01  6.7849E-05
 -1.2933E+01  4.9483E-05
 -1.2921E+01  5.7868E-05
 -1.2909E+01  8.4480E-05
 -1.2897E+01  1.1827E-04
 -1.2885E+01  1.4939E-04
 -1.2873E+01  1.7178E-04
 -1.2862E+01  1.8384E-04
 -1.2850E+01  1.8729E-04
 -1.2838E+01  1.8535E-04
 -1.2826E+01  1.8151E-04
 -1.2814E+01  1.7953E-04
 -1.2802E+01  1.8470E-04
 -1.2790E+01  2.0495E-04
 -1.2778E+01  2.5052E-04
 -1.2766E+01  3.3128E-04
 -1.2754E+01  4.5209E-04
 -1.2742E+01  6.0792E-04
 -1.2731E+01  7.8113E-04
 -1.2719E+01  9.4282E-04
 -1.2707E+01  1.0590E-03
 -1.2695E+01  1.0999E-03
 -1.2683E+01  1.0501E-03
 -1.2671E+01  9.1479E-04
 -1.2659E+01  7.2084E-04
 -1.2647E+01  5.1078E-04
 -1.2635E+01  3.3271E-04
 -1.2623E+01  2.2924E-04
 -1.2611E+01  2.2898E-04
 -1.2600E+01  3.4284E-04
 -1.2588E+01  5.6499E-04
 -1.2576E+01  8.7672E-04
 -1.2564E+01  1.2505E-03
 -1.2552E+01  1.6524E-03
 -1.2540E+01  2.0422E-03
 -1.2528E+01  2.3740E-03
 -1.2516E+01  2.5987E-03
 -1.2504E+01  2.6719E-03
 -1.2492E+01  2.5652E-03
 -1.2480E+01  2.2786E-03
 -1.2469E+01  1.8486E-03
 -1.2457E+01  1.3456E-03
 -1.2445E+01  8.6109E-04
 -1.2433E+01  4.8569E-04
 -1.2421E+01  2.8448E-04
 -1.2409E+01  2.7842E-04
 -1.2397E+01  4.3824E-04
 -1.2385E+01  6.9413E-04
 -1.2373E+01  9.5859E-04
 -1.2361E+01  1.1545E-03
 -1.2349E+01  1.2388E-03
 -1.2338E+01  1.2129E-03
 -1.2326E+01  1.1175E-03
 -1.2314E+01  1.0143E-03
 -1.2302E+01  9.6256E-04
 -1.2290E+01  9.9868E-04
 -1.2278E+01  1.1273E-03
 -1.2266E+01  1.3246E-03
 -1.2254E+01  1.5515E-03
 -1.2242E+01  1.7694E-03
 -1.2230E+01  1.9505E-03
 -1.2218E+01  2.0802E-03
 -1.2207E+01  2.1508E-03
 -1.2195E+01  2.1529E-03
 -1.2183E+01  2.0713E-03
 -1.2171E+01  1.8890E-03
 -1.2159E+01  1.5997E-03
 -1.2147E+01  1.2240E-03
 -1.2135E+01  8.1943E-04
 -1.2123E+01  4.7890E-04
 -1.2111E+01  3.1272E-04
 -1.2099E+01  4.1812E-04
 -1.2087E+01  8.4548E-04
 -1.2076E+01  1.5737E-03
 -1.2064E+01  2.5050E-03
 -1.2052E+01  3.4827E-03
 -1.2040E+01  4.3277E-03
 -1.2028E+01  4.8824E-03
 -1.2016E+01  5.0490E-03
 -1.2004E+01  4.8103E-03
 -1.1992E+01  4.2292E-03
 -1.1980E+01  3.4261E-03
 -1.1968E+01  2.5453E-03
 -1.1956E+01  1.7202E-03
 -1.1945E+01  1.0487E-03
 -1.1933E+01  5.8321E-04
 -1.1921E+01  3.3465E-04
 -1.1909E+01  2.8361E-04
 -1.1897E+01  3.9327E-04
 -1.1885E+01  6.1855E-04
 -1.1873E+01  9.1036E-04
 -1.1861E+01  1.2169E-03
 -1.1849E+01  1.4854E-03
 -1.1837E+01  1.6669E-03
 -1.1825E+01  1.7249E-03
 -1.1814E+01  1.6449E-03
 -1.1802E+01  1.4403E-03
 -1.1790E+01  1.1513E-03
 -1.1778E+01  8.3544E-04
 -1.1766E+01  5.5179E-04
 -1.1754E+01  3.4521E-04
 -1.1742E+01  2.3521E-04
 -1.1730E+01  2.1371E-04
 -1.1718E+01  2.5173E-04
 -1.1706E+01  3.1194E-04
 -1.1694E+01  3.6200E-04
 -1.1683E+01  3.8355E-04
 -1.1671E+01  3.7418E-04
 -1.1659E+01  3.4276E-04
 -1.1647E+01  3.0157E-04
 -1.1635E+01  2.5937E-04
 -1.1623E+01  2.1876E-04
 -1.1611E+01  1.7848E-04
 -1.1599E+01  1.3873E-04
 -1.1587E+01  1.0589E-04
 -1.1575E+01  9.3581E-05
 -1.1563E+01  1.1870E-04
 -1.1552E+01  1.9394E-04
 -1.1540E+01  3.2004E-04
 -1.1528E+01  4.8168E-04
 -1.1516E+01  6.4926E-04
 -1.1504E+01  7.8664E-04
 -1.1492E+01  8.6214E-04
 -1.1480E+01  8.5859E-04
 -1.1468E+01  7.7858E-04
 -1.1456E+01  6.4286E-04
 -1.1444E+01  4.8306E-04
 -1.1432E+01  3.3159E-04
 -1.1421E+01  2.1275E-04
 -1.1409E+01  1.3787E-04
 -1.1397E+01  1.0560E-04
 -1.1385E+01  1.0629E-04
 -1.1373E+01  1.2787E-04
 -1.1361E+01  1.6051E-04
 -1.1349E+01  1.9835E-04
 -1.1337E+01  2.3825E-04
 -1.1325E+01  2.7712E-04
 -1.1313E+01  3.0988E-04
 -1.1301E+01  3.2939E-04
 -1.1290E+01  3.2873E-04
 -1.1278E+01  3.0436E-04
 -1.1266E+01  2.5873E-04
 -1.1254E+01  2.0052E-04
 -1.1242E+01  1.4234E-04
 -1.1230E+01  9.6597E-05
 -1.1218E+01  7.1342E-05
 -1.1206E+01  6.7756E-05
 -1.1194E+01  8.0434E-05
 -1.1182E+01  1.0016E-04
 -1.1170E+01  1.1784E-04
 -1.1159E+01  1.2786E-04
 -1.1147E+01  1.2939E-04
 -1.1135E+01  1.2554E-04
 -1.1123E+01  1.2081E-04
 -1.1111E+01  1.1849E-04
 -1.1099E+01  1.1911E-04
 -1.1087E+01  1.2079E-04
 -1.1075E+01  1.2085E-04
 -1.1063E+01  1.1796E-04
 -1.1051E+01  1.1333E-04
 -1.1039E+01  1.1046E-04
 -1.1028E+01  1.1354E-04
 -1.1016E+01  1.2526E-04
 -1.1004E+01  1.4533E-04
 -1.0992E+01  1.7027E-04
 -1.0980E+01  1.9483E-04
 -1.0968E+01  2.1414E-04
 -1.0956E+01  2.2553E-04
 -1.0944E+01  2.2925E-04
 -1.0932E+01  2.2769E-04
 -1.0920E+01  2.2367E-04
 -1.0908E+01  2.1871E-04
 -1.0897E+01  2.1227E-04
 -1.0885E+01  2.0230E-04
 -1.0873E+01  1.8680E-04
 -1.0861E+01  1.6559E-04
 -1.0849E+01  1.4119E-04
 -1.0837E+01  1.1834E-04
 -1.0825E+01  1.0222E-04
 -1.0813E+01  9.6268E-05
 -1.0801E+01  1.0058E-04
 -1.0789E+01  1.1175E-04
 -1.0777E+01  1.2431E-04
 -1.0766E+01  1.3298E-04
 -1.0754E+01  1.3487E-04
 -1.0742E+01  1.3048E-04
 -1.0730E+01  1.2330E-04
 -1.0718E+01  1.1815E-04
 -1.0706E+01  1.1926E-04
 -1.0694E+01  1.2906E-04
 -1.0682E+01  1.4802E-04
 -1.0670E+01  1.7552E-04
 -1.0658E+01  2.1094E-04
 -1.0646E+01  2.5405E-04
 -1.0635E+01  3.0439E-04
 -1.0623E+01  3.5979E-04
 -1.0611E+01  4.1503E-04
 -1.0599E+01  4.6170E-04
 -1.0587E+01  4.8996E-04
 -1.0575E+01  4.9179E-04
 -1.0563E+01  4.6459E-04
 -1.0551E+01  4.1353E-04
 -1.0539E+01  3.5141E-04
 -1.0527E+01  2.9571E-04
 -1.0515E+01  2.6379E-04
 -1.0504E+01  2.6784E-04
 -1.0492E+01  3.1170E-04
 -1.0480E+01  3.9054E-04
 -1.0468E+01  4.9350E-04
 -1.0456E+01  6.0762E-04
 -1.0444E+01  7.2126E-04
 -1.0432E+01  8.2552E-04
 -1.0420E+01  9.1336E-04
 -1.0408E+01  9.7758E-04
 -1.0396E+01  1.0093E-03
 -1.0384E+01  9.9909E-04
 -1.0373E+01  9.3997E-04
 -1.0361E+01  8.3278E-04
 -1.0349E+01  6.8991E-04
 -1.0337E+01  5.3571E-04
 -1.0325E+01  4.0177E-04
 -1.0313E+01  3.1788E-04
 -1.0301E+01  3.0163E-04
 -1.0289E+01  3.5097E-04
 -1.0277E+01  4.4331E-04
 -1.0265E+01  5.4248E-04
 -1.0253E+01  6.1159E-04
 -1.0242E+01  6.2719E-04
 -1.0230E+01  5.8957E-04
 -1.0218E+01  5.2470E-04
 -1.0206E+01  4.7676E-04
 -1.0194E+01  4.9345E-04
 -1.0182E+01  6.0954E-04
 -1.0170E+01  8.3466E-04
 -1.0158E+01  1.1495E-03
 -1.0146E+01  1.5115E-03
 -1.0134E+01  1.8665E-03
 -1.0122E+01  2.1628E-03
 -1.0111E+01  2.3614E-03
 -1.0099E+01  2.4413E-03
 -1.0087E+01  2.3981E-03
 -1.0075E+01  2.2401E-03
 -1.0063E+01  1.9850E-03
 -1.0051E+01  1.6599E-03
 -1.0039E+01  1.3048E-03
 -1.0027E+01  9.7553E-04
 -1.0015E+01  7.4301E-04
 -1.0003E+01  6.8309E-04
 -9.9915E+00  8.5898E-04
 -9.9796E+00  1.2999E-03
 -9.9677E+00  1.9835E-03
 -9.9558E+00  2.8296E-03
 -9.9439E+00  3.7097E-03
 -9.9319E+00  4.4721E-03
 -9.9200E+00  4.9766E-03
 -9.9081E+00  5.1295E-03
 -9.8962E+00  4.9066E-03
 -9.8843E+00  4.3575E-03
 -9.8724E+00  3.5902E-03
 -9.8605E+00  2.7416E-03
 -9.8486E+00  1.9442E-03
 -9.8367E+00  1.2990E-03
 -9.8248E+00  8.6093E-04
 -9.8129E+00  6.3820E-04
 -9.8010E+00  6.0349E-04
 -9.7890E+00  7.0988E-04
 -9.7771E+00  9.0518E-04
 -9.7652E+00  1.1405E-03
 -9.7533E+00  1.3723E-03
 -9.7414E+00  1.5620E-03
 -9.7295E+00  1.6760E-03
 -9.7176E+00  1.6894E-03
 -9.7057E+00  1.5926E-03
 -9.6938E+00  1.3972E-03
 -9.6819E+00  1.1376E-03
 -9.6700E+00  8.6567E-04
 -9.6580E+00  6.3808E-04
 -9.6461E+00  5.0045E-04
 -9.6342E+00  4.7365E-04
 -9.6223E+00  5.4748E-04
 -9.6104E+00  6.8469E-04
 -9.5985E+00  8.3385E-04
 -9.5866E+00  9.4624E-04
 -9.5747E+00  9.9014E-04
 -9.5628E+00  9.5748E-04
 -9.5509E+00  8.6156E-04
 -9.5390E+00  7.2811E-04
 -9.5271E+00  5.8470E-04
 -9.5151E+00  4.5348E-04
 -9.5032E+00  3.4975E-04
 -9.4913E+00  2.8577E-04
 -9.4794E+00  2.7588E-04
 -9.4675E+00  3.3848E-04
 -9.4556E+00  4.9181E-04
 -9.4437E+00  7.4405E-04
 -9.4318E+00  1.0820E-03
 -9.4199E+00  1.4648E-03
 -9.4080E+00  1.8268E-03
 -9.3961E+00  2.0927E-03
 -9.3841E+00  2.1983E-03
 -9.3722E+00  2.1118E-03
 -9.3603E+00  1.8461E-03
 -9.3484E+00  1.4576E-03
 -9.3365E+00  1.0307E-03
 -9.3246E+00  6.5317E-04
 -9.3127E+00  3.9130E-04
 -9.3008E+00  2.7303E-04
 -9.2889E+00  2.8550E-04
 -9.2770E+00  3.8631E-04
 -9.2651E+00  5.2286E-04
 -9.2531E+00  6.5120E-04
 -9.2412E+00  7.4740E-04
 -9.2293E+00  8.0815E-04
 -9.2174E+00  8.4249E-04
 -9.2055E+00  8.6012E-04
 -9.1936E+00  8.6284E-04
 -9.1817E+00  8.4365E-04
 -9.1698E+00  7.9340E-04
 -9.1579E+00  7.1097E-04
 -9.1460E+00  6.1066E-04
 -9.1341E+00  5.2186E-04
 -9.1222E+00  4.7981E-04
 -9.1102E+00  5.1099E-04
 -9.0983E+00  6.1979E-04
 -9.0864E+00  7.8291E-04
 -9.0745E+00  9.5485E-04
 -9.0626E+00  1.0828E-03
 -9.0507E+00  1.1253E-03
 -9.0388E+00  1.0670E-03
 -9.0269E+00  9.2386E-04
 -9.0150E+00  7.3685E-04
 -9.0031E+00  5.5681E-04
 -8.9912E+00  4.2812E-04
 -8.9792E+00  3.7727E-04
 -8.9673E+00  4.1072E-04
 -8.9554E+00  5.2087E-04
 -8.9435E+00  6.9553E-04
 -8.9316E+00  9.2476E-04
 -8.9197E+00  1.2011E-03
 -8.9078E+00  1.5131E-03
 -8.8959E+00  1.8367E-03
 -8.8840E+00  2.1307E-03
 -8.8721E+00  2.3409E-03
 -8.8602E+00  2.4137E-03
 -8.8482E+00  2.3160E-03
 -8.8363E+00  2.0515E-03
 -8.8244E+00  1.6664E-03
 -8.8125E+00  1.2396E-03
 -8.8006E+00  8.5958E-04
 -8.7887E+00  5.9721E-04
 -8.7768E+00  4.8426E-04
 -8.7649E+00  5.0718E-04
 -8.7530E+00  6.1754E-04
 -8.7411E+00  7.5448E-04
 -8.7292E+00  8.6933E-04
 -8.7173E+00  9.4160E-04
 -8.7053E+00  9.8000E-04
 -8.6934E+00  1.0091E-03
 -8.6815E+00  1.0496E-03
 -8.6696E+00  1.1038E-03
 -8.6577E+00  1.1531E-03
 -8.6458E+00  1.1715E-03
 -8.6339E+00  1.1464E-03
 -8.6220E+00  1.0966E-03
 -8.6101E+00  1.0762E-03
 -8.5982E+00  1.1580E-03
 -8.5863E+00  1.4031E-03
 -8.5743E+00  1.8272E-03
 -8.5624E+00  2.3810E-03
 -8.5505E+00  2.9538E-03
 -8.5386E+00  3.4045E-03
 -8.5267E+00  3.6084E-03
 -8.5148E+00  3.5037E-03
 -8.5029E+00  3.1169E-03
 -8.4910E+00  2.5579E-03
 -8.4791E+00  1.9850E-03
 -8.4672E+00  1.5555E-03
 -8.4553E+00  1.3816E-03
 -8.4433E+00  1.5070E-03
 -8.4314E+00  1.9123E-03
 -8.4195E+00  2.5419E-03
 -8.4076E+00  3.3368E-03
 -8.3957E+00  4.2548E-03
 -8.3838E+00  5.2670E-03
 -8.3719E+00  6.3322E-03
 -8.3600E+00  7.3660E-03
 -8.3481E+00  8.2256E-03
 -8.3362E+00  8.7277E-03
 -8.3243E+00  8.7003E-03
 -8.3124E+00  8.0532E-03
 -8.3004E+00  6.8369E-03
 -8.2885E+00  5.2613E-03
 -8.2766E+00  3.6596E-03
 -8.2647E+00  2.4006E-03
 -8.2528E+00  1.7760E-03
 -8.2409E+00  1.9031E-03
 -8.2290E+00  2.6797E-03
 -8.2171E+00  3.8139E-03
 -8.2052E+00  4.9227E-03
 -8.1933E+00  5.6639E-03
 -8.1814E+00  5.8556E-03
 -8.1694E+00  5.5403E-03
 -8.1575E+00  4.9732E-03
 -8.1456E+00  4.5417E-03
 -8.1337E+00  4.6448E-03
 -8.1218E+00  5.5770E-03
 -8.1099E+00  7.4540E-03
 -8.0980E+00  1.0199E-02
 -8.0861E+00  1.3580E-02
 -8.0742E+00  1.7275E-02
 -8.0623E+00  2.0924E-02
 -8.0504E+00  2.4161E-02
 -8.0384E+00  2.6624E-02
 -8.0265E+00  2.7965E-02
 -8.0146E+00  2.7885E-02
 -8.0027E+00  2.6209E-02
 -7.9908E+00  2.2983E-02
 -7.9789E+00  1.8577E-02
 -7.9670E+00  1.3728E-02
 -7.9551E+00  9.5000E-03
 -7.9432E+00  7.1070E-03
 -7.9313E+00  7.6492E-03
 -7.9194E+00  1.1807E-02
 -7.9075E+00  1.9595E-02
 -7.8955E+00  3.0262E-02
 -7.8836E+00  4.2369E-02
 -7.8717E+00  5.4047E-02
 -7.8598E+00  6.3378E-02
 -7.8479E+00  6.8801E-02
 -7.8360E+00  6.9446E-02
 -7.8241E+00  6.5304E-02
 -7.8122E+00  5.7187E-02
 -7.8003E+00  4.6504E-02
 -7.7884E+00  3.4938E-02
 -7.7765E+00  2.4116E-02
 -7.7645E+00  1.5332E-02
 -7.7526E+00  9.3890E-03
 -7.7407E+00  6.5496E-03
 -7.7288E+00  6.5863E-03
 -7.7169E+00  8.9017E-03
 -7.7050E+00  1.2676E-02
 -7.6931E+00  1.7006E-02
 -7.6812E+00  2.1032E-02
 -7.6693E+00  2.4032E-02
 -7.6574E+00  2.5508E-02
 -7.6455E+00  2.5238E-02
 -7.6335E+00  2.3304E-02
 -7.6216E+00  2.0052E-02
 -7.6097E+00  1.6019E-02
 -7.5978E+00  1.1819E-02
 -7.5859E+00  8.0156E-03
 -7.5740E+00  5.0184E-03
 -7.5621E+00  3.0154E-03
 -7.5502E+00  1.9675E-03
 -7.5383E+00  1.6587E-03
 -7.5264E+00  1.7847E-03
 -7.5145E+00  2.0482E-03
 -7.5026E+00  2.2326E-03
 -7.4906E+00  2.2334E-03
 -7.4787E+00  2.0496E-03
 -7.4668E+00  1.7460E-03
 -7.4549E+00  1.4082E-03
 -7.4430E+00  1.1078E-03
 -7.4311E+00  8.8832E-04
 -7.4192E+00  7.7023E-04
 -7.4073E+00  7.6482E-04
 -7.3954E+00  8.8524E-04
 -7.3835E+00  1.1461E-03
 -7.3716E+00  1.5517E-03
 -7.3596E+00  2.0800E-03
 -7.3477E+00  2.6723E-03
 -7.3358E+00  3.2380E-03
 -7.3239E+00  3.6742E-03
 -7.3120E+00  3.8933E-03
 -7.3001E+00  3.8496E-03
 -7.2882E+00  3.5519E-03
 -7.2763E+00  3.0611E-03
 -7.2644E+00  2.4709E-03
 -7.2525E+00  1.8817E-03
 -7.2406E+00  1.3756E-03
 -7.2286E+00  1.0013E-03
 -7.2167E+00  7.7294E-04
 -7.2048E+00  6.7839E-04
 -7.1929E+00  6.9238E-04
 -7.1810E+00  7.8660E-04
 -7.1691E+00  9.3378E-04
 -7.1572E+00  1.1066E-03
 -7.1453E+00  1.2750E-03
 -7.1334E+00  1.4063E-03
 -7.1215E+00  1.4697E-03
 -7.1096E+00  1.4443E-03
 -7.0977E+00  1.3270E-03
 -7.0857E+00  1.1359E-03
 -7.0738E+00  9.0655E-04
 -7.0619E+00  6.8155E-04
 -7.0500E+00  4.9792E-04
 -7.0381E+00  3.7657E-04
 -7.0262E+00  3.1870E-04
 -7.0143E+00  3.0972E-04
 -7.0024E+00  3.2817E-04
 -6.9905E+00  3.5514E-04
 -6.9786E+00  3.8003E-04
 -6.9667E+00  4.0070E-04
 -6.9547E+00  4.1919E-04
 -6.9428E+00  4.3617E-04
 -6.9309E+00  4.4771E-04
 -6.9190E+00  4.4637E-04
 -6.9071E+00  4.2576E-04
 -6.8952E+00  3.8600E-04
 -6.8833E+00  3.3659E-04
 -6.8714E+00  2.9469E-04
 -6.8595E+00  2.7928E-04
 -6.8476E+00  3.0367E-04
 -6.8357E+00  3.7004E-04
 -6.8237E+00  4.6868E-04
 -6.8118E+00  5.8195E-04
 -6.7999E+00  6.9091E-04
 -6.7880E+00  7.8116E-04
 -6.7761E+00  8.4526E-04
 -6.7642E+00  8.8132E-04
 -6.7523E+00  8.8910E-04
 -6.7404E+00  8.6687E-04
 -6.7285E+00  8.1116E-04
 -6.7166E+00  7.2012E-04
 -6.7047E+00  5.9851E-04
 -6.6928E+00  4.6106E-04
 -6.6808E+00  3.3133E-04
 -6.6689E+00  2.3528E-04
 -6.6570E+00  1.9192E-04
 -6.6451E+00  2.0528E-04
 -6.6332E+00  2.6200E-04
 -6.6213E+00  3.3635E-04
 -6.6094E+00  4.0059E-04
 -6.5975E+00  4.3612E-04
 -6.5856E+00  4.4010E-04
 -6.5737E+00  4.2460E-04
 -6.5618E+00  4.0884E-04
 -6.5498E+00  4.0880E-04
 -6.5379E+00  4.3004E-04
 -6.5260E+00  4.6788E-04
 -6.5141E+00  5.1484E-04
 -6.5022E+00  5.7077E-04
 -6.4903E+00  6.4908E-04
 -6.4784E+00  7.7359E-04
 -6.4665E+00  9.6572E-04
 -6.4546E+00  1.2271E-03
 -6.4427E+00  1.5273E-03
 -6.4308E+00  1.8043E-03
 -6.4188E+00  1.9816E-03
 -6.4069E+00  1.9971E-03
 -6.3950E+00  1.8311E-03
 -6.3831E+00  1.5223E-03
 -6.3712E+00  1.1618E-03
 -6.3593E+00  8.6593E-04
 -6.3474E+00  7.3611E-04
 -6.3355E+00  8.2487E-04
 -6.3236E+00  1.1213E-03
 -6.3117E+00  1.5634E-03
 -6.2998E+00  2.0696E-03
 -6.2879E+00  2.5751E-03
 -6.2759E+00  3.0535E-03
 -6.2640E+00  3.5133E-03
 -6.2521E+00  3.9697E-03
 -6.2402E+00  4.4082E-03
 -6.2283E+00  4.7607E-03
 -6.2164E+00  4.9129E-03
 -6.2045E+00  4.7477E-03
 -6.1926E+00  4.2081E-03
 -6.1807E+00  3.3527E-03
 -6.1688E+00  2.3714E-03
 -6.1569E+00  1.5429E-03
 -6.1449E+00  1.1421E-03
 -6.1330E+00  1.3309E-03
 -6.1211E+00  2.0760E-03
 -6.1092E+00  3.1368E-03
 -6.0973E+00  4.1364E-03
 -6.0854E+00  4.7002E-03
 -6.0735E+00  4.6156E-03
 -6.0616E+00  3.9511E-03
 -6.0497E+00  3.0826E-03
 -6.0378E+00  2.6089E-03
 -6.0259E+00  3.1797E-03
 -6.0140E+00  5.2935E-03
 -6.0020E+00  9.1334E-03
 -5.9901E+00  1.4491E-02
 -5.9782E+00  2.0800E-02
 -5.9663E+00  2.7257E-02
 -5.9544E+00  3.2996E-02
 -5.9425E+00  3.7246E-02
 -5.9306E+00  3.9438E-02
 -5.9187E+00  3.9255E-02
 -5.9068E+00  3.6643E-02
 -5.8949E+00  3.1825E-02
 -5.8830E+00  2.5337E-02
 -5.8710E+00  1.8069E-02
 -5.8591E+00  1.1259E-02
 -5.8472E+00  6.3950E-03
 -5.8353E+00  4.9905E-03
 -5.8234E+00  8.2613E-03
 -5.8115E+00  1.6762E-02
 -5.7996E+00  3.0089E-02
 -5.7877E+00  4.6766E-02
 -5.7758E+00  6.4397E-02
 -5.7639E+00  8.0107E-02
 -5.7520E+00  9.1155E-02
 -5.7400E+00  9.5561E-02
 -5.7281E+00  9.2562E-02
 -5.7162E+00  8.2770E-02
 -5.7043E+00  6.8014E-02
 -5.6924E+00  5.0892E-02
 -5.6805E+00  3.4176E-02
 -5.6686E+00  2.0217E-02
 -5.6567E+00  1.0520E-02
 -5.6448E+00  5.5861E-03
 -5.6329E+00  5.0177E-03
 -5.6210E+00  7.8050E-03
 -5.6091E+00  1.2661E-02
 -5.5971E+00  1.8309E-02
 -5.5852E+00  2.3663E-02
 -5.5733E+00  2.7905E-02
 -5.5614E+00  3.0484E-02
 -5.5495E+00  3.1097E-02
 -5.5376E+00  2.9680E-02
 -5.5257E+00  2.6421E-02
 -5.5138E+00  2.1780E-02
 -5.5019E+00  1.6453E-02
 -5.4900E+00  1.1265E-02
 -5.4781E+00  6.9961E-03
 -5.4661E+00  4.1962E-03
 -5.4542E+00  3.0455E-03
 -5.4423E+00  3.3247E-03
 -5.4304E+00  4.5034E-03
 -5.4185E+00  5.9161E-03
 -5.4066E+00  6.9683E-03
 -5.3947E+00  7.2980E-03
 -5.3828E+00  6.8424E-03
 -5.3709E+00  5.7953E-03
 -5.3590E+00  4.4851E-03
 -5.3471E+00  3.2350E-03
 -5.3351E+00  2.2646E-03
 -5.3232E+00  1.6667E-03
 -5.3113E+00  1.4519E-03
 -5.2994E+00  1.6231E-03
 -5.2875E+00  2.2271E-03
 -5.2756E+00  3.3499E-03
 -5.2637E+00  5.0534E-03
 -5.2518E+00  7.2851E-03
 -5.2399E+00  9.8121E-03
 -5.2280E+00  1.2224E-02
 -5.2161E+00  1.4017E-02
 -5.2042E+00  1.4743E-02
 -5.1922E+00  1.4170E-02
 -5.1803E+00  1.2373E-02
 -5.1684E+00  9.7395E-03
 -5.1565E+00  6.8498E-03
 -5.1446E+00  4.3047E-03
 -5.1327E+00  2.5490E-03
 -5.1208E+00  1.7609E-03
 -5.1089E+00  1.8400E-03
 -5.0970E+00  2.4885E-03
 -5.0851E+00  3.3472E-03
 -5.0732E+00  4.1268E-03
 -5.0612E+00  4.6838E-03
 -5.0493E+00  5.0171E-03
 -5.0374E+00  5.2029E-03
 -5.0255E+00  5.3093E-03
 -5.0136E+00  5.3382E-03
 -5.0017E+00  5.2204E-03
 -4.9898E+00  4.8631E-03
 -4.9779E+00  4.2207E-03
 -4.9660E+00  3.3481E-03
 -4.9541E+00  2.4064E-03
 -4.9422E+00  1.6126E-03
 -4.9302E+00  1.1553E-03
 -4.9183E+00  1.1145E-03
 -4.9064E+00  1.4240E-03
 -4.8945E+00  1.8949E-03
 -4.8826E+00  2.2928E-03
 -4.8707E+00  2.4328E-03
 -4.8588E+00  2.2503E-03
 -4.8469E+00  1.8173E-03
 -4.8350E+00  1.3007E-03
 -4.8231E+00  8.8245E-04
 -4.8112E+00  6.8148E-04
 -4.7993E+00  7.1074E-04
 -4.7873E+00  8.8821E-04
 -4.7754E+00  1.0920E-03
 -4.7635E+00  1.2295E-03
 -4.7516E+00  1.2847E-03
 -4.7397E+00  1.3202E-03
 -4.7278E+00  1.4348E-03
 -4.7159E+00  1.6983E-03
 -4.7040E+00  2.0997E-03
 -4.6921E+00  2.5361E-03
 -4.6802E+00  2.8509E-03
 -4.6683E+00  2.9045E-03
 -4.6563E+00  2.6425E-03
 -4.6444E+00  2.1290E-03
 -4.6325E+00  1.5270E-03
 -4.6206E+00  1.0330E-03
 -4.6087E+00  7.9475E-04
 -4.5968E+00  8.5020E-04
 -4.5849E+00  1.1161E-03
 -4.5730E+00  1.4323E-03
 -4.5611E+00  1.6393E-03
 -4.5492E+00  1.6528E-03
 -4.5373E+00  1.4984E-03
 -4.5253E+00  1.2933E-03
 -4.5134E+00  1.1821E-03
 -4.5015E+00  1.2597E-03
 -4.4896E+00  1.5195E-03
 -4.4777E+00  1.8537E-03
 -4.4658E+00  2.1065E-03
 -4.4539E+00  2.1536E-03
 -4.4420E+00  1.9697E-03
 -4.4301E+00  1.6499E-03
 -4.4182E+00  1.3710E-03
 -4.4063E+00  1.3104E-03
 -4.3944E+00  1.5584E-03
 -4.3824E+00  2.0687E-03
 -4.3705E+00  2.6710E-03
 -4.3586E+00  3.1428E-03
 -4.3467E+00  3.3083E-03
 -4.3348E+00  3.1180E-03
 -4.3229E+00  2.6750E-03
 -4.3110E+00  2.1905E-03
 -4.2991E+00  1.8908E-03
 -4.2872E+00  1.9169E-03
 -4.2753E+00  2.2653E-03
 -4.2634E+00  2.7971E-03
 -4.2514E+00  3.3104E-03
 -4.2395E+00  3.6412E-03
 -4.2276E+00  3.7450E-03
 -4.2157E+00  3.7164E-03
 -4.2038E+00  3.7384E-03
 -4.1919E+00  3.9812E-03
 -4.1800E+00  4.5012E-03
 -4.1681E+00  5.1917E-03
 -4.1562E+00  5.8124E-03
 -4.1443E+00  6.0902E-03
 -4.1324E+00  5.8486E-03
 -4.1204E+00  5.1078E-03
 -4.1085E+00  4.1026E-03
 -4.0966E+00  3.2051E-03
 -4.0847E+00  2.7802E-03
 -4.0728E+00  3.0350E-03
 -4.0609E+00  3.9260E-03
 -4.0490E+00  5.1666E-03
 -4.0371E+00  6.3346E-03
 -4.0252E+00  7.0394E-03
 -4.0133E+00  7.0848E-03
 -4.0014E+00  6.5586E-03
 -3.9895E+00  5.8177E-03
 -3.9775E+00  5.3798E-03
 -3.9656E+00  5.7713E-03
 -3.9537E+00  7.3916E-03
 -3.9418E+00  1.0438E-02
 -3.9299E+00  1.4901E-02
 -3.9180E+00  2.0617E-02
 -3.9061E+00  2.7320E-02
 -3.8942E+00  3.4672E-02
 -3.8823E+00  4.2231E-02
 -3.8704E+00  4.9404E-02
 -3.8585E+00  5.5417E-02
 -3.8465E+00  5.9384E-02
 -3.8346E+00  6.0500E-02
 -3.8227E+00  5.8310E-02
 -3.8108E+00  5.2985E-02
 -3.7989E+00  4.5476E-02
 -3.7870E+00  3.7479E-02
 -3.7751E+00  3.1178E-02
 -3.7632E+00  2.8811E-02
 -3.7513E+00  3.2147E-02
 -3.7394E+00  4.1999E-02
 -3.7275E+00  5.7929E-02
 -3.7155E+00  7.8248E-02
 -3.7036E+00  1.0031E-01
 -3.6917E+00  1.2100E-01
 -3.6798E+00  1.3731E-01
 -3.6679E+00  1.4688E-01
 -3.6560E+00  1.4838E-01
 -3.6441E+00  1.4175E-01
 -3.6322E+00  1.2813E-01
 -3.6203E+00  1.0965E-01
 -3.6084E+00  8.8924E-02
 -3.5965E+00  6.8673E-02
 -3.5846E+00  5.1258E-02
 -3.5726E+00  3.8406E-02
 -3.5607E+00  3.1009E-02
 -3.5488E+00  2.9044E-02
 -3.5369E+00  3.1654E-02
 -3.5250E+00  3.7352E-02
 -3.5131E+00  4.4332E-02
 -3.5012E+00  5.0802E-02
 -3.4893E+00  5.5288E-02
 -3.4774E+00  5.6850E-02
 -3.4655E+00  5.5197E-02
 -3.4536E+00  5.0651E-02
 -3.4416E+00  4.3987E-02
 -3.4297E+00  3.6195E-02
 -3.4178E+00  2.8249E-02
 -3.4059E+00  2.0944E-02
 -3.3940E+00  1.4805E-02
 -3.3821E+00  1.0089E-02
 -3.3702E+00  6.8143E-03
 -3.3583E+00  4.8218E-03
 -3.3464E+00  3.8450E-03
 -3.3345E+00  3.5698E-03
 -3.3226E+00  3.6852E-03
 -3.3106E+00  3.9235E-03
 -3.2987E+00  4.0920E-03
 -3.2868E+00  4.0920E-03
 -3.2749E+00  3.9197E-03
 -3.2630E+00  3.6439E-03
 -3.2511E+00  3.3636E-03
 -3.2392E+00  3.1595E-03
 -3.2273E+00  3.0581E-03
 -3.2154E+00  3.0252E-03
 -3.2035E+00  2.9911E-03
 -3.1916E+00  2.8963E-03
 -3.1797E+00  2.7353E-03
 -3.1677E+00  2.5735E-03
 -3.1558E+00  2.5248E-03
 -3.1439E+00  2.6971E-03
 -3.1320E+00  3.1300E-03
 -3.1201E+00  3.7570E-03
 -3.1082E+00  4.4122E-03
 -3.0963E+00  4.8869E-03
 -3.0844E+00  5.0138E-03
 -3.0725E+00  4.7449E-03
 -3.0606E+00  4.1824E-03
 -3.0487E+00  3.5443E-03
 -3.0367E+00  3.0775E-03
 -3.0248E+00  2.9553E-03
 -3.0129E+00  3.2042E-03
 -3.0010E+00  3.6932E-03
 -2.9891E+00  4.1902E-03
 -2.9772E+00  4.4646E-03
 -2.9653E+00  4.3894E-03
 -2.9534E+00  3.9952E-03
 -2.9415E+00  3.4499E-03
 -2.9296E+00  2.9774E-03
 -2.9177E+00  2.7544E-03
 -2.9058E+00  2.8336E-03
 -2.8938E+00  3.1280E-03
 -2.8819E+00  3.4644E-03
 -2.8700E+00  3.6802E-03
 -2.8581E+00  3.7126E-03
 -2.8462E+00  3.6354E-03
 -2.8343E+00  3.6212E-03
 -2.8224E+00  3.8476E-03
 -2.8105E+00  4.3911E-03
 -2.7986E+00  5.1634E-03
 -2.7867E+00  5.9261E-03
 -2.7748E+00  6.3841E-03
 -2.7628E+00  6.3152E-03
 -2.7509E+00  5.6753E-03
 -2.7390E+00  4.6320E-03
 -2.7271E+00  3.5102E-03
 -2.7152E+00  2.6712E-03
 -2.7033E+00  2.3757E-03
 -2.6914E+00  2.6922E-03
 -2.6795E+00  3.4927E-03
 -2.6676E+00  4.5336E-03
 -2.6557E+00  5.5746E-03
 -2.6438E+00  6.4734E-03
 -2.6318E+00  7.2131E-03
 -2.6199E+00  7.8544E-03
 -2.6080E+00  8.4436E-03
 -2.5961E+00  8.9330E-03
 -2.5842E+00  9.1629E-03
 -2.5723E+00  8.9253E-03
 -2.5604E+00  8.0828E-03
 -2.5485E+00  6.6839E-03
 -2.5366E+00  5.0092E-03
 -2.5247E+00  3.5035E-03
 -2.5128E+00  2.6099E-03
 -2.5009E+00  2.5772E-03
 -2.4889E+00  3.3407E-03
 -2.4770E+00  4.5387E-03
 -2.4651E+00  5.6617E-03
 -2.4532E+00  6.2751E-03
 -2.4413E+00  6.2218E-03
 -2.4294E+00  5.7019E-03
 -2.4175E+00  5.1783E-03
 -2.4056E+00  5.1421E-03
 -2.3937E+00  5.8556E-03
 -2.3818E+00  7.2032E-03
 -2.3699E+00  8.7244E-03
 -2.3579E+00  9.8253E-03
 -2.3460E+00  1.0080E-02
 -2.3341E+00  9.4810E-03
 -2.3222E+00  8.4894E-03
 -2.3103E+00  7.8453E-03
 -2.2984E+00  8.2130E-03
 -2.2865E+00  9.8317E-03
 -2.2746E+00  1.2336E-02
 -2.2627E+00  1.4858E-02
 -2.2508E+00  1.6399E-02
 -2.2389E+00  1.6329E-02
 -2.2269E+00  1.4748E-02
 -2.2150E+00  1.2526E-02
 -2.2031E+00  1.0974E-02
 -2.1912E+00  1.1297E-02
 -2.1793E+00  1.4020E-02
 -2.1674E+00  1.8667E-02
 -2.1555E+00  2.3879E-02
 -2.1436E+00  2.7974E-02
 -2.1317E+00  2.9686E-02
 -2.1198E+00  2.8756E-02
 -2.1079E+00  2.6086E-02
 -2.0960E+00  2.3395E-02
 -2.0840E+00  2.2443E-02
 -2.0721E+00  2.4153E-02
 -2.0602E+00  2.8066E-02
 -2.0483E+00  3.2450E-02
 -2.0364E+00  3.5047E-02
 -2.0245E+00  3.4156E-02
 -2.0126E+00  2.9624E-02
 -2.0007E+00  2.3263E-02
 -1.9888E+00  1.8352E-02
 -1.9769E+00  1.8284E-02
 -1.9650E+00  2.4964E-02
 -1.9530E+00  3.7680E-02
 -1.9411E+00  5.2950E-02
 -1.9292E+00  6.5525E-02
 -1.9173E+00  7.0434E-02
 -1.9054E+00  6.5473E-02
 -1.8935E+00  5.2988E-02
 -1.8816E+00  4.0101E-02
 -1.8697E+00  3.7389E-02
 -1.8578E+00  5.6516E-02
 -1.8459E+00  1.0722E-01
 -1.8340E+00  1.9423E-01
 -1.8220E+00  3.1544E-01
 -1.8101E+00  4.6233E-01
 -1.7982E+00  6.2191E-01
 -1.7863E+00  7.7808E-01
 -1.7744E+00  9.1212E-01
 -1.7625E+00  1.0042E+00
 -1.7506E+00  1.0379E+00
 -1.7387E+00  1.0050E+00
 -1.7268E+00  9.0842E-01
 -1.7149E+00  7.6008E-01
 -1.7030E+00  5.8115E-01
 -1.6911E+00  4.0391E-01
 -1.6791E+00  2.7175E-01
 -1.6672E+00  2.3198E-01
 -1.6553E+00  3.2401E-01
 -1.6434E+00  5.6983E-01
 -1.6315E+00  9.6725E-01
 -1.6196E+00  1.4823E+00
 -1.6077E+00  2.0464E+00
 -1.5958E+00  2.5705E+00
 -1.5839E+00  2.9746E+00
 -1.5720E+00  3.2053E+00
 -1.5601E+00  3.2294E+00
 -1.5481E+00  3.0284E+00
 -1.5362E+00  2.6177E+00
 -1.5243E+00  2.0704E+00
 -1.5124E+00  1.4950E+00
 -1.5005E+00  9.8271E-01
 -1.4886E+00  5.8687E-01
 -1.4767E+00  3.3733E-01
 -1.4648E+00  2.4502E-01
 -1.4529E+00  2.9353E-01
 -1.4410E+00  4.4186E-01
 -1.4291E+00  6.3574E-01
 -1.4171E+00  8.1966E-01
 -1.4052E+00  9.6208E-01
 -1.3933E+00  1.0970E+00
 -1.3814E+00  1.2047E+00
 -1.3695E+00  9.9126E-01
 -1.3576E+00  1.1513E+00
 -1.3457E+00  2.7700E-01
 -1.3338E+00  1.7545E+00
 -1.3219E+00  2.1144E-01
 -1.3100E+00  6.8109E-01
 -1.2981E+00  5.7281E-02
 -1.2862E+00  7.1893E-02
 -1.2742E+00  1.7775E-01
 -1.2623E+00  1.1063E-01
 -1.2504E+00  6.8434E-02
 -1.2385E+00  1.2968E-02
 -1.2266E+00  1.3892E-02
 -1.2147E+00  6.7678E-02
 -1.2028E+00  7.3735E-02
 -1.1909E+00  1.1384E-02
 -1.1790E+00  9.5816E-03
 -1.1671E+00  1.5697E-02
 -1.1552E+00  6.8721E-03
 -1.1432E+00  1.5811E-03
 -1.1313E+00  9.8096E-04
 -1.1194E+00  7.9716E-04
 -1.1075E+00  6.9872E-04
 -1.0956E+00  6.0031E-04
 -1.0837E+00  4.9779E-04
 -1.0718E+00  4.1539E-04
 -1.0599E+00  3.9002E-04
 -1.0480E+00  5.0368E-04
 -1.0361E+00  3.7238E-03
 -1.0242E+00  1.3975E-02
 -1.0122E+00  3.1741E-02
 -1.0003E+00  8.0836E-02
 -9.8843E-01  3.1335E-02
 -9.7652E-01  3.6029E-02
 -9.6461E-01  1.5423E-02
 -9.5271E-01  3.2799E-03
 -9.4080E-01  1.8877E-03
 -9.2889E-01  1.6801E-03
 -9.1698E-01  6.3585E-03
 -9.0507E-01  7.8374E-04
 -8.9316E-01  5.4522E-04
 -8.8125E-01  6.3672E-04
 -8.6934E-01  1.6055E-03
 -8.5743E-01  3.4492E-04
 -8.4553E-01  3.4654E-04
 -8.3362E-01  3.3815E-04
 -8.2171E-01  6.4343E-04
 -8.0980E-01  1.7328E-04
 -7.9789E-01  1.5630E-04
 -7.8598E-01  1.3137E-04
 -7.7407E-01  1.1497E-04
 -7.6216E-01  1.5279E-04
 -7.5026E-01  1.6502E-04
 -7.3835E-01  6.5710E-05
 -7.2644E-01  6.7491E-05
 -7.1453E-01  8.2647E-04
 -7.0262E-01  6.8903E-05
 -6.9071E-01  6.8630E-05
 -6.7880E-01  6.9978E-05
 -6.6689E-01  5.8999E-05
 -6.5498E-01  1.8316E-04
 -6.4308E-01  5.3752E-05
 -6.3117E-01  6.0028E-05
 -6.1926E-01  5.7233E-05
 -6.0735E-01  7.5021E-05
 -5.9544E-01  6.0202E-05
 -5.8353E-01  8.8516E-05
 -5.7162E-01  5.3939E-05
 -5.5971E-01  7.4976E-05
 -5.4781E-01  5.4258E-05
 -5.3590E-01  1.0259E-04
 -5.2399E-01  8.3541E-05
 -5.1208E-01  1.0482E-04
 -5.0017E-01  2.3489E-03
 -4.8826E-01  1.2042E-04
 -4.7635E-01  2.4271E-04
 -4.6444E-01  6.9388E-04
 -4.5253E-01  1.5268E-04
 -4.4063E-01  3.6641E-04
 -4.2872E-01  1.5003E-03
 -4.1681E-01  1.7377E-04
 -4.0490E-01  2.2304E-04
 -3.9299E-01  2.5764E-02
 -3.8108E-01  1.7859E-04
 -3.6917E-01  8.8136E-05
 -3.5726E-01  1.1942E-04
 -3.4536E-01  4.7530E-03
 -3.3345E-01  5.6274E-05
 -3.2154E-01  5.5269E-05
 -3.0963E-01  7.1895E-05
 -2.9772E-01  2.9150E-04
 -2.8581E-01  3.2040E-04
 -2.7390E-01  1.2005E-04
 -2.6199E-01  1.0981E-04
 -2.5009E-01  1.2838E-04
 -2.3818E-01  2.2271E-04
 -2.2627E-01  5.2281E-03
 -2.1436E-01  3.2980E-04
 -2.0245E-01  1.5276E-04
 -1.9054E-01  1.3186E-04
 -1.7863E-01  1.2401E-04
 -1.6672E-01  1.1534E-04
 -1.5481E-01  1.0450E-04
 -1.4291E-01  9.4570E-05
 -1.3100E-01  9.4725E-05
 -1.1909E-01  6.6304E-04
 -1.0718E-01  1.0030E-04
 -9.5271E-02  1.2279E-04
 -8.3362E-02  1.5595E-04
 -7.1453E-02  1.9252E-04
 -5.9544E-02  2.2561E-04
 -4.7635E-02  2.4925E-04
 -3.5726E-02  2.5981E-04
 -2.3818E-02  2.5686E-04
 -1.1909E-02  2.4287E-04
  0.0000E+00  2.2204E-04
  1.1909E-02  1.9869E-04
  2.3818E-02  1.7595E-04
  3.5726E-02  1.5524E-04
  4.7635E-02  1.3673E-04
  5.9544E-02  1.2045E-04
  7.1453E-02  1.0743E-04
  8.3362E-02  1.0017E-04
  9.5271E-02  1.0201E-04
  1.0718E-01  1.1592E-04
  1.1909E-01  2.8668E-04
  1.3100E-01  1.7833E-04
  1.4291E-01  2.1032E-04
  1.5481E-01  2.3559E-04
  1.6672E-01  2.4491E-04
  1.7863E-01  2.3539E-04
  1.9054E-01  2.1235E-04
  2.0245E-01  1.9022E-04
  2.1436E-01  1.9127E-04
  2.2627E-01  2.4209E-04
  2.3818E-01  3.6655E-04
  2.5009E-01  5.8498E-04
  2.6199E-01  9.0348E-04
  2.7390E-01  1.3136E-03
  2.8581E-01  1.7909E-03
  2.9772E-01  2.2932E-03
  3.0963E-01  2.7679E-03
  3.2154E-01  3.1577E-03
  3.3345E-01  3.4064E-03
  3.4536E-01  3.6499E-03
  3.5726E-01  3.3317E-03
  3.6917E-01  3.0060E-03
  3.8108E-01  2.5604E-03
  3.9299E-01  4.5605E-03
  4.0490E-01  1.6811E-03
  4.1681E-01  1.5185E-03
  4.2872E-01  1.9090E-03
  4.4063E-01  2.3521E-03
  4.5253E-01  3.4040E-03
  4.6444E-01  4.8577E-03
  4.7635E-01  6.5477E-03
  4.8826E-01  8.2605E-03
  5.0017E-01  1.2709E-02
  5.1208E-01  1.0786E-02
  5.2399E-01  1.1246E-02
  5.3590E-01  1.1096E-02
  5.4781E-01  9.9633E-03
  5.5971E-01  1.8083E-02
  5.7162E-01  6.9922E-03
  5.8353E-01  7.3796E-03
  5.9544E-01  4.0809E-03
  6.0735E-01  4.7498E-03
  6.1926E-01  2.2388E-03
  6.3117E-01  2.2671E-03
  6.4308E-01  2.1886E-03
  6.5498E-01  1.7562E-01
  6.6689E-01  5.7371E-03
  6.7880E-01  3.3442E-02
  6.9071E-01  2.0241E-02
  7.0262E-01  1.7441E-02
  7.1453E-01  2.8766E+00
  7.2644E-01  2.3991E-02
  7.3835E-01  1.9609E-02
  7.5026E-01  1.3508E-01
  7.6216E-01  5.4878E-02
  7.7407E-01  1.3073E-02
  7.8598E-01  8.5218E-03
  7.9789E-01  8.4795E-03
  8.0980E-01  1.0580E-02
  8.2171E-01  5.2832E-04
  8.3362E-01  7.7133E-03
  8.4553E-01  6.9496E-03
  8.5743E-01  4.4255E-03
  8.6934E-01  1.8422E-02
  8.8125E-01  5.6892E-03
  8.9316E-01  2.3276E-03
  9.0507E-01  1.3638E-03
  9.1698E-01  1.2682E-03
  9.2889E-01  8.6303E-04
  9.4080E-01  2.2436E-03
  9.5271E-01  5.8842E-03
  9.6461E-01  1.9607E-02
  9.7652E-01  2.3050E-02
  9.8843E-01  3.6661E-02
  1.0003E+00  3.6950E-02
  1.0122E+00  3.3647E-02
  1.0242E+00  7.7886E-02
  1.0361E+00  5.2730E-02
  1.0480E+00  3.4931E-03
  1.0599E+00  1.9141E-03
  1.0718E+00  1.4895E-03
  1.0837E+00  1.3376E-03
  1.0956E+00  1.2960E-03
  1.1075E+00  1.3606E-03
  1.1194E+00  1.8186E-03
  1.1313E+00  9.6783E-03
  1.1432E+00  1.0814E-02
  1.1552E+00  4.2036E-03
  1.1671E+00  1.8019E-02
  1.1790E+00  3.1660E-02
  1.1909E+00  1.4402E-02
  1.2028E+00  2.3616E-02
  1.2147E+00  1.5397E-02
  1.2266E+00  4.7617E-02
  1.2385E+00  1.4003E-02
  1.2504E+00  2.1555E-02
  1.2623E+00  1.2348E-02
  1.2742E+00  9.8305E-03
  1.2862E+00  1.7655E-02
  1.2981E+00  2.7583E-02
  1.3100E+00  2.2518E-02
  1.3219E+00  2.2932E-02
  1.3338E+00  1.4962E-02
  1.3457E+00  1.2737E-02
  1.3576E+00  1.7257E-02
  1.3695E+00  1.7783E-02
  1.3814E+00  1.7955E-02
  1.3933E+00  2.0276E-02
  1.4052E+00  2.2717E-02
  1.4171E+00  2.3183E-02
  1.4291E+00  2.0860E-02
  1.4410E+00  1.6831E-02
  1.4529E+00  1.2650E-02
  1.4648E+00  9.6560E-03
  1.4767E+00  8.9301E-03
  1.4886E+00  1.0809E-02
  1.5005E+00  1.4692E-02
  1.5124E+00  1.9413E-02
  1.5243E+00  2.3607E-02
  1.5362E+00  2.6071E-02
  1.5481E+00  2.6287E-02
  1.5601E+00  2.4650E-02
  1.5720E+00  2.2077E-02
  1.5839E+00  1.9395E-02
  1.5958E+00  1.7002E-02
  1.6077E+00  1.4873E-02
  1.6196E+00  1.2760E-02
  1.6315E+00  1.0475E-02
  1.6434E+00  8.0873E-03
  1.6553E+00  5.9617E-03
  1.6672E+00  4.6166E-03
  1.6791E+00  4.4824E-03
  1.6911E+00  5.6381E-03
  1.7030E+00  7.6812E-03
  1.7149E+00  9.8554E-03
  1.7268E+00  1.1367E-02
  1.7387E+00  1.1706E-02
  1.7506E+00  1.0852E-02
  1.7625E+00  9.2974E-03
  1.7744E+00  7.8547E-03
  1.7863E+00  7.2807E-03
  1.7982E+00  7.9212E-03
  1.8101E+00  9.5752E-03
  1.8220E+00  1.1623E-02
  1.8340E+00  1.3329E-02
  1.8459E+00  1.4184E-02
  1.8578E+00  1.4135E-02
  1.8697E+00  1.3577E-02
  1.8816E+00  1.3109E-02
  1.8935E+00  1.3174E-02
  1.9054E+00  1.3784E-02
  1.9173E+00  1.4487E-02
  1.9292E+00  1.4628E-02
  1.9411E+00  1.3763E-02
  1.9530E+00  1.2006E-02
  1.9650E+00  1.0100E-02
  1.9769E+00  9.1944E-03
  1.9888E+00  1.0384E-02
  2.0007E+00  1.4191E-02
  2.0126E+00  2.0210E-02
  2.0245E+00  2.7131E-02
  2.0364E+00  3.3181E-02
  2.0483E+00  3.6764E-02
  2.0602E+00  3.7013E-02
  2.0721E+00  3.4068E-02
  2.0840E+00  2.9000E-02
  2.0960E+00  2.3384E-02
  2.1079E+00  1.8671E-02
  2.1198E+00  1.5629E-02
  2.1317E+00  1.4144E-02
  2.1436E+00  1.3465E-02
  2.1555E+00  1.2740E-02
  2.1674E+00  1.1543E-02
  2.1793E+00  1.0167E-02
  2.1912E+00  9.5055E-03
  2.2031E+00  1.0557E-02
  2.2150E+00  1.3807E-02
  2.2269E+00  1.8791E-02
  2.2389E+00  2.4087E-02
  2.2508E+00  2.7790E-02
  2.2627E+00  2.8318E-02
  2.2746E+00  2.5255E-02
  2.2865E+00  1.9851E-02
  2.2984E+00  1.4899E-02
  2.3103E+00  1.4002E-02
  2.3222E+00  2.0535E-02
  2.3341E+00  3.6640E-02
  2.3460E+00  6.2554E-02
  2.3579E+00  9.6435E-02
  2.3699E+00  1.3475E-01
  2.3818E+00  1.7308E-01
  2.3937E+00  2.0704E-01
  2.4056E+00  2.3290E-01
  2.4175E+00  2.4774E-01
  2.4294E+00  2.4947E-01
  2.4413E+00  2.3707E-01
  2.4532E+00  2.1125E-01
  2.4651E+00  1.7525E-01
  2.4770E+00  1.3521E-01
  2.4889E+00  9.9786E-02
  2.5009E+00  7.9175E-02
  2.5128E+00  8.3350E-02
  2.5247E+00  1.1967E-01
  2.5366E+00  1.9031E-01
  2.5485E+00  2.9057E-01
  2.5604E+00  4.0888E-01
  2.5723E+00  5.2862E-01
  2.5842E+00  6.3120E-01
  2.5961E+00  6.9958E-01
  2.6080E+00  7.2184E-01
  2.6199E+00  6.9400E-01
  2.6318E+00  6.2121E-01
  2.6438E+00  5.1655E-01
  2.6557E+00  3.9765E-01
  2.6676E+00  2.8264E-01
  2.6795E+00  1.8664E-01
  2.6914E+00  1.1953E-01
  2.7033E+00  8.5171E-02
  2.7152E+00  8.1686E-02
  2.7271E+00  1.0276E-01
  2.7390E+00  1.3951E-01
  2.7509E+00  1.8240E-01
  2.7628E+00  2.2277E-01
  2.7748E+00  2.5366E-01
  2.7867E+00  2.7025E-01
  2.7986E+00  2.7022E-01
  2.8105E+00  2.5378E-01
  2.8224E+00  2.2359E-01
  2.8343E+00  1.8418E-01
  2.8462E+00  1.4103E-01
  2.8581E+00  9.9614E-02
  2.8700E+00  6.4435E-02
  2.8819E+00  3.8340E-02
  2.8938E+00  2.2129E-02
  2.9058E+00  1.4636E-02
  2.9177E+00  1.3286E-02
  2.9296E+00  1.4978E-02
  2.9415E+00  1.6978E-02
  2.9534E+00  1.7547E-02
  2.9653E+00  1.6148E-02
  2.9772E+00  1.3258E-02
  2.9891E+00  9.9052E-03
  3.0010E+00  7.1342E-03
  3.0129E+00  5.5889E-03
  3.0248E+00  5.3530E-03
  3.0367E+00  6.0487E-03
  3.0487E+00  7.0951E-03
  3.0606E+00  7.9834E-03
  3.0725E+00  8.4567E-03
  3.0844E+00  8.5395E-03
  3.0963E+00  8.4357E-03
  3.1082E+00  8.3674E-03
  3.1201E+00  8.4400E-03
  3.1320E+00  8.5953E-03
  3.1439E+00  8.6569E-03
  3.1558E+00  8.4331E-03
  3.1677E+00  7.8195E-03
  3.1797E+00  6.8534E-03
  3.1916E+00  5.6994E-03
  3.2035E+00  4.5807E-03
  3.2154E+00  3.6950E-03
  3.2273E+00  3.1547E-03
  3.2392E+00  2.9719E-03
  3.2511E+00  3.0810E-03
  3.2630E+00  3.3801E-03
  3.2749E+00  3.7668E-03
  3.2868E+00  4.1554E-03
  3.2987E+00  4.4758E-03
  3.3106E+00  4.6661E-03
  3.3226E+00  4.6718E-03
  3.3345E+00  4.4588E-03
  3.3464E+00  4.0331E-03
  3.3583E+00  3.4538E-03
  3.3702E+00  2.8254E-03
  3.3821E+00  2.2673E-03
  3.3940E+00  1.8711E-03
  3.4059E+00  1.6678E-03
  3.4178E+00  1.6197E-03
  3.4297E+00  1.6439E-03
  3.4416E+00  1.6547E-03
  3.4536E+00  1.6062E-03
  3.4655E+00  1.5131E-03
  3.4774E+00  1.4389E-03
  3.4893E+00  1.4569E-03
  3.5012E+00  1.6043E-03
  3.5131E+00  1.8537E-03
  3.5250E+00  2.1181E-03
  3.5369E+00  2.2859E-03
  3.5488E+00  2.2731E-03
  3.5607E+00  2.0634E-03
  3.5726E+00  1.7183E-03
  3.5846E+00  1.3504E-03
  3.5965E+00  1.0723E-03
  3.6084E+00  9.4721E-04
  3.6203E+00  9.6535E-04
  3.6322E+00  1.0551E-03
  3.6441E+00  1.1236E-03
  3.6560E+00  1.1045E-03
  3.6679E+00  9.9046E-04
  3.6798E+00  8.3221E-04
  3.6917E+00  7.0712E-04
  3.7036E+00  6.7481E-04
  3.7155E+00  7.4378E-04
  3.7275E+00  8.6655E-04
  3.7394E+00  9.6560E-04
  3.7513E+00  9.7614E-04
  3.7632E+00  8.8261E-04
  3.7751E+00  7.2803E-04
  3.7870E+00  5.9070E-04
  3.7989E+00  5.4059E-04
  3.8108E+00  5.9936E-04
  3.8227E+00  7.2629E-04
  3.8346E+00  8.3929E-04
  3.8465E+00  8.6208E-04
  3.8585E+00  7.7362E-04
  3.8704E+00  6.3200E-04
  3.8823E+00  5.5744E-04
  3.8942E+00  6.7963E-04
  3.9061E+00  1.0743E-03
  3.9180E+00  1.7198E-03
  3.9299E+00  2.4955E-03
  3.9418E+00  3.2257E-03
  3.9537E+00  3.7494E-03
  3.9656E+00  3.9819E-03
  3.9775E+00  3.9394E-03
  3.9895E+00  3.7136E-03
  4.0014E+00  3.4137E-03
  4.0133E+00  3.1080E-03
  4.0252E+00  2.7998E-03
  4.0371E+00  2.4521E-03
  4.0490E+00  2.0492E-03
  4.0609E+00  1.6592E-03
  4.0728E+00  1.4557E-03
  4.0847E+00  1.6764E-03
  4.0966E+00  2.5250E-03
  4.1085E+00  4.0560E-03
  4.1204E+00  6.0981E-03
  4.1324E+00  8.2620E-03
  4.1443E+00  1.0046E-02
  4.1562E+00  1.1003E-02
  4.1681E+00  1.0908E-02
  4.1800E+00  9.8337E-03
  4.1919E+00  8.1267E-03
  4.2038E+00  6.2671E-03
  4.2157E+00  4.6878E-03
  4.2276E+00  3.6224E-03
  4.2395E+00  3.0536E-03
  4.2514E+00  2.7828E-03
  4.2634E+00  2.5868E-03
  4.2753E+00  2.3757E-03
  4.2872E+00  2.2689E-03
  4.2991E+00  2.5386E-03
  4.3110E+00  3.4414E-03
  4.3229E+00  5.0156E-03
  4.3348E+00  6.9580E-03
  4.3467E+00  8.6656E-03
  4.3586E+00  9.4628E-03
  4.3705E+00  8.9420E-03
  4.3824E+00  7.2828E-03
  4.3944E+00  5.4067E-03
  4.4063E+00  4.8702E-03
  4.4182E+00  7.4917E-03
  4.4301E+00  1.4808E-02
  4.4420E+00  2.7534E-02
  4.4539E+00  4.5217E-02
  4.4658E+00  6.6203E-02
  4.4777E+00  8.7912E-02
  4.4896E+00  1.0733E-01
  4.5015E+00  1.2156E-01
  4.5134E+00  1.2838E-01
  4.5253E+00  1.2658E-01
  4.5373E+00  1.1622E-01
  4.5492E+00  9.8662E-02
  4.5611E+00  7.6527E-02
  4.5730E+00  5.3492E-02
  4.5849E+00  3.4026E-02
  4.5968E+00  2.2939E-02
  4.6087E+00  2.4665E-02
  4.6206E+00  4.2333E-02
  4.6325E+00  7.6790E-02
  4.6444E+00  1.2590E-01
  4.6563E+00  1.8438E-01
  4.6683E+00  2.4437E-01
  4.6802E+00  2.9662E-01
  4.6921E+00  3.3232E-01
  4.7040E+00  3.4500E-01
  4.7159E+00  3.3212E-01
  4.7278E+00  2.9577E-01
  4.7397E+00  2.4228E-01
  4.7516E+00  1.8075E-01
  4.7635E+00  1.2105E-01
  4.7754E+00  7.1743E-02
  4.7873E+00  3.8578E-02
  4.7993E+00  2.3659E-02
  4.8112E+00  2.5565E-02
  4.8231E+00  4.0207E-02
  4.8350E+00  6.2133E-02
  4.8469E+00  8.5845E-02
  4.8588E+00  1.0677E-01
  4.8707E+00  1.2177E-01
  4.8826E+00  1.2917E-01
  4.8945E+00  1.2859E-01
  4.9064E+00  1.2066E-01
  4.9183E+00  1.0672E-01
  4.9302E+00  8.8676E-02
  4.9422E+00  6.8722E-02
  4.9541E+00  4.9174E-02
  4.9660E+00  3.2160E-02
  4.9779E+00  1.9278E-02
  4.9898E+00  1.1289E-02
  5.0017E+00  7.9533E-03
  5.0136E+00  8.1205E-03
  5.0255E+00  1.0082E-02
  5.0374E+00  1.2080E-02
  5.0493E+00  1.2816E-02
  5.0612E+00  1.1769E-02
  5.0732E+00  9.2500E-03
  5.0851E+00  6.1677E-03
  5.0970E+00  3.6153E-03
  5.1089E+00  2.4340E-03
  5.1208E+00  2.9162E-03
  5.1327E+00  4.7481E-03
  5.1446E+00  7.1877E-03
  5.1565E+00  9.3803E-03
  5.1684E+00  1.0675E-02
  5.1803E+00  1.0823E-02
  5.1922E+00  9.9928E-03
  5.2042E+00  8.6294E-03
  5.2161E+00  7.2239E-03
  5.2280E+00  6.1121E-03
  5.2399E+00  5.3783E-03
  5.2518E+00  4.8906E-03
  5.2637E+00  4.4303E-03
  5.2756E+00  3.8408E-03
  5.2875E+00  3.1218E-03
  5.2994E+00  2.4292E-03
  5.3113E+00  1.9867E-03
  5.3232E+00  1.9618E-03
  5.3351E+00  2.3686E-03
  5.3471E+00  3.0458E-03
  5.3590E+00  3.7182E-03
  5.3709E+00  4.1104E-03
  5.3828E+00  4.0610E-03
  5.3947E+00  3.5855E-03
  5.4066E+00  2.8604E-03
  5.4185E+00  2.1406E-03
  5.4304E+00  1.6500E-03
  5.4423E+00  1.4959E-03
  5.4542E+00  1.6415E-03
  5.4661E+00  1.9434E-03
  5.4781E+00  2.2289E-03
  5.4900E+00  2.3763E-03
  5.5019E+00  2.3601E-03
  5.5138E+00  2.2441E-03
  5.5257E+00  2.1306E-03
  5.5376E+00  2.0958E-03
  5.5495E+00  2.1450E-03
  5.5614E+00  2.2091E-03
  5.5733E+00  2.1841E-03
  5.5852E+00  1.9918E-03
  5.5971E+00  1.6321E-03
  5.6091E+00  1.1997E-03
  5.6210E+00  8.5548E-04
  5.6329E+00  7.6565E-04
  5.6448E+00  1.0354E-03
  5.6567E+00  1.6648E-03
  5.6686E+00  2.5438E-03
  5.6805E+00  3.4894E-03
  5.6924E+00  4.3054E-03
  5.7043E+00  4.8424E-03
  5.7162E+00  5.0341E-03
  5.7281E+00  4.8986E-03
  5.7400E+00  4.5119E-03
  5.7520E+00  3.9691E-03
  5.7639E+00  3.3539E-03
  5.7758E+00  2.7247E-03
  5.7877E+00  2.1207E-03
  5.7996E+00  1.5761E-03
  5.8115E+00  1.1317E-03
  5.8234E+00  8.3425E-04
  5.8353E+00  7.2313E-04
  5.8472E+00  8.1002E-04
  5.8591E+00  1.0643E-03
  5.8710E+00  1.4131E-03
  5.8830E+00  1.7585E-03
  5.8949E+00  2.0068E-03
  5.9068E+00  2.0968E-03
  5.9187E+00  2.0169E-03
  5.9306E+00  1.8020E-03
  5.9425E+00  1.5163E-03
  5.9544E+00  1.2276E-03
  5.9663E+00  9.8529E-04
  5.9782E+00  8.1030E-04
  5.9901E+00  6.9818E-04
  6.0020E+00  6.3178E-04
  6.0140E+00  5.9512E-04
  6.0259E+00  5.8120E-04
  6.0378E+00  5.9066E-04
  6.0497E+00  6.2387E-04
  6.0616E+00  6.7249E-04
  6.0735E+00  7.1661E-04
  6.0854E+00  7.3037E-04
  6.0973E+00  6.9355E-04
  6.1092E+00  6.0329E-04
  6.1211E+00  4.7930E-04
  6.1330E+00  3.5936E-04
  6.1449E+00  2.8643E-04
  6.1569E+00  2.9287E-04
  6.1688E+00  3.8853E-04
  6.1807E+00  5.5787E-04
  6.1926E+00  7.6688E-04
  6.2045E+00  9.7616E-04
  6.2164E+00  1.1536E-03
  6.2283E+00  1.2813E-03
  6.2402E+00  1.3549E-03
  6.2521E+00  1.3770E-03
  6.2640E+00  1.3501E-03
  6.2759E+00  1.2740E-03
  6.2879E+00  1.1479E-03
  6.2998E+00  9.7704E-04
  6.3117E+00  7.7832E-04
  6.3236E+00  5.8091E-04
  6.3355E+00  4.1990E-04
  6.3474E+00  3.2504E-04
  6.3593E+00  3.0973E-04
  6.3712E+00  3.6556E-04
  6.3831E+00  4.6572E-04
  6.3950E+00  5.7595E-04
  6.4069E+00  6.6778E-04
  6.4188E+00  7.2741E-04
  6.4308E+00  7.5628E-04
  6.4427E+00  7.6362E-04
  6.4546E+00  7.5652E-04
  6.4665E+00  7.3436E-04
  6.4784E+00  6.9302E-04
  6.4903E+00  6.3868E-04
  6.5022E+00  6.0473E-04
  6.5141E+00  6.6160E-04
  6.5260E+00  9.1041E-04
  6.5379E+00  1.4574E-03
  6.5498E+00  2.3742E-03
  6.5618E+00  3.6579E-03
  6.5737E+00  5.2063E-03
  6.5856E+00  6.8228E-03
  6.5975E+00  8.2535E-03
  6.6094E+00  9.2459E-03
  6.6213E+00  9.6128E-03
  6.6332E+00  9.2806E-03
  6.6451E+00  8.3097E-03
  6.6570E+00  6.8837E-03
  6.6689E+00  5.2728E-03
  6.6808E+00  3.7831E-03
  6.6928E+00  2.7057E-03
  6.7047E+00  2.2777E-03
  6.7166E+00  2.6562E-03
  6.7285E+00  3.9033E-03
  6.7404E+00  5.9737E-03
  6.7523E+00  8.7033E-03
  6.7642E+00  1.1807E-02
  6.7761E+00  1.4894E-02
  6.7880E+00  1.7518E-02
  6.7999E+00  1.9246E-02
  6.8118E+00  1.9750E-02
  6.8237E+00  1.8887E-02
  6.8357E+00  1.6756E-02
  6.8476E+00  1.3697E-02
  6.8595E+00  1.0227E-02
  6.8714E+00  6.9285E-03
  6.8833E+00  4.3131E-03
  6.8952E+00  2.7034E-03
  6.9071E+00  2.1737E-03
  6.9190E+00  2.5599E-03
  6.9309E+00  3.5330E-03
  6.9428E+00  4.7057E-03
  6.9547E+00  5.7405E-03
  6.9667E+00  6.4225E-03
  6.9786E+00  6.6831E-03
  6.9905E+00  6.5711E-03
  7.0024E+00  6.1958E-03
  7.0143E+00  5.6680E-03
  7.0262E+00  5.0639E-03
  7.0381E+00  4.4209E-03
  7.0500E+00  3.7575E-03
  7.0619E+00  3.1014E-03
  7.0738E+00  2.5044E-03
  7.0857E+00  2.0373E-03
  7.0977E+00  1.7629E-03
  7.1096E+00  1.7040E-03
  7.1215E+00  1.8211E-03
  7.1334E+00  2.0156E-03
  7.1453E+00  2.1600E-03
  7.1572E+00  2.1443E-03
  7.1691E+00  1.9210E-03
  7.1810E+00  1.5272E-03
  7.1929E+00  1.0744E-03
  7.2048E+00  7.0930E-04
  7.2167E+00  5.6008E-04
  7.2286E+00  6.9076E-04
  7.2406E+00  1.0795E-03
  7.2525E+00  1.6287E-03
  7.2644E+00  2.2024E-03
  7.2763E+00  2.6727E-03
  7.2882E+00  2.9586E-03
  7.3001E+00  3.0415E-03
  7.3120E+00  2.9546E-03
  7.3239E+00  2.7557E-03
  7.3358E+00  2.4980E-03
  7.3477E+00  2.2118E-03
  7.3596E+00  1.9047E-03
  7.3716E+00  1.5761E-03
  7.3835E+00  1.2376E-03
  7.3954E+00  9.2392E-04
  7.4073E+00  6.8978E-04
  7.4192E+00  5.9061E-04
  7.4311E+00  6.5676E-04
  7.4430E+00  8.7380E-04
  7.4549E+00  1.1795E-03
  7.4668E+00  1.4811E-03
  7.4787E+00  1.6871E-03
  7.4906E+00  1.7391E-03
  7.5026E+00  1.6325E-03
  7.5145E+00  1.4146E-03
  7.5264E+00  1.1641E-03
  7.5383E+00  9.5898E-04
  7.5502E+00  8.4809E-04
  7.5621E+00  8.3644E-04
  7.5740E+00  8.9110E-04
  7.5859E+00  9.6253E-04
  7.5978E+00  1.0106E-03
  7.6097E+00  1.0224E-03
  7.6216E+00  1.0142E-03
  7.6335E+00  1.0167E-03
  7.6455E+00  1.0537E-03
  7.6574E+00  1.1226E-03
  7.6693E+00  1.1908E-03
  7.6812E+00  1.2084E-03
  7.6931E+00  1.1327E-03
  7.7050E+00  9.5323E-04
  7.7169E+00  7.0479E-04
  7.7288E+00  4.6165E-04
  7.7407E+00  3.1300E-04
  7.7526E+00  3.2946E-04
  7.7645E+00  5.3421E-04
  7.7765E+00  8.9131E-04
  7.7884E+00  1.3161E-03
  7.8003E+00  1.7036E-03
  7.8122E+00  1.9623E-03
  7.8241E+00  2.0424E-03
  7.8360E+00  1.9453E-03
  7.8479E+00  1.7160E-03
  7.8598E+00  1.4199E-03
  7.8717E+00  1.1176E-03
  7.8836E+00  8.4752E-04
  7.8955E+00  6.2265E-04
  7.9075E+00  4.3993E-04
  7.9194E+00  2.9527E-04
  7.9313E+00  1.9447E-04
  7.9432E+00  1.5389E-04
  7.9551E+00  1.9046E-04
  7.9670E+00  3.0709E-04
  7.9789E+00  4.8201E-04
  7.9908E+00  6.6940E-04
  8.0027E+00  8.1281E-04
  8.0146E+00  8.6651E-04
  8.0265E+00  8.1568E-04
  8.0384E+00  6.8561E-04
  8.0504E+00  5.3474E-04
  8.0623E+00  4.3341E-04
  8.0742E+00  4.3684E-04
  8.0861E+00  5.6400E-04
  8.0980E+00  7.9110E-04
  8.1099E+00  1.0618E-03
  8.1218E+00  1.3094E-03
  8.1337E+00  1.4801E-03
  8.1456E+00  1.5493E-03
  8.1575E+00  1.5226E-03
  8.1694E+00  1.4245E-03
  8.1814E+00  1.2823E-03
  8.1933E+00  1.1136E-03
  8.2052E+00  9.2613E-04
  8.2171E+00  7.2816E-04
  8.2290E+00  5.4468E-04
  8.2409E+00  4.2677E-04
  8.2528E+00  4.4618E-04
  8.2647E+00  6.7325E-04
  8.2766E+00  1.1452E-03
  8.2885E+00  1.8385E-03
  8.3004E+00  2.6587E-03
  8.3124E+00  3.4559E-03
  8.3243E+00  4.0633E-03
  8.3362E+00  4.3472E-03
  8.3481E+00  4.2495E-03
  8.3600E+00  3.8059E-03
  8.3719E+00  3.1313E-03
  8.3838E+00  2.3795E-03
  8.3957E+00  1.6933E-03
  8.4076E+00  1.1650E-03
  8.4195E+00  8.2179E-04
  8.4314E+00  6.3877E-04
  8.4433E+00  5.7108E-04
  8.4553E+00  5.8693E-04
  8.4672E+00  6.8478E-04
  8.4791E+00  8.8536E-04
  8.4910E+00  1.2031E-03
  8.5029E+00  1.6133E-03
  8.5148E+00  2.0349E-03
  8.5267E+00  2.3450E-03
  8.5386E+00  2.4248E-03
  8.5505E+00  2.2235E-03
  8.5624E+00  1.8121E-03
  8.5743E+00  1.4020E-03
  8.5863E+00  1.3127E-03
  8.5982E+00  1.8917E-03
  8.6101E+00  3.4104E-03
  8.6220E+00  5.9659E-03
  8.6339E+00  9.4230E-03
  8.6458E+00  1.3417E-02
  8.6577E+00  1.7418E-02
  8.6696E+00  2.0839E-02
  8.6815E+00  2.3150E-02
  8.6934E+00  2.3981E-02
  8.7053E+00  2.3183E-02
  8.7173E+00  2.0851E-02
  8.7292E+00  1.7328E-02
  8.7411E+00  1.3178E-02
  8.7530E+00  9.1419E-03
  8.7649E+00  6.0719E-03
  8.7768E+00  4.8263E-03
  8.7887E+00  6.1377E-03
  8.8006E+00  1.0454E-02
  8.8125E+00  1.7782E-02
  8.8244E+00  2.7578E-02
  8.8363E+00  3.8739E-02
  8.8482E+00  4.9732E-02
  8.8602E+00  5.8851E-02
  8.8721E+00  6.4554E-02
  8.8840E+00  6.5802E-02
  8.8959E+00  6.2301E-02
  8.9078E+00  5.4601E-02
  8.9197E+00  4.4001E-02
  8.9316E+00  3.2279E-02
  8.9435E+00  2.1308E-02
  8.9554E+00  1.2660E-02
  8.9673E+00  7.3104E-03
  8.9792E+00  5.5038E-03
  8.9912E+00  6.8111E-03
  9.0031E+00  1.0322E-02
  9.0150E+00  1.4913E-02
  9.0269E+00  1.9502E-02
  9.0388E+00  2.3246E-02
  9.0507E+00  2.5632E-02
  9.0626E+00  2.6468E-02
  9.0745E+00  2.5817E-02
  9.0864E+00  2.3905E-02
  9.0983E+00  2.1054E-02
  9.1102E+00  1.7636E-02
  9.1222E+00  1.4051E-02
  9.1341E+00  1.0698E-02
  9.1460E+00  7.9281E-03
  9.1579E+00  5.9930E-03
  9.1698E+00  4.9833E-03
  9.1817E+00  4.8009E-03
  9.1936E+00  5.1727E-03
  9.2055E+00  5.7177E-03
  9.2174E+00  6.0511E-03
  9.2293E+00  5.8989E-03
  9.2412E+00  5.1808E-03
  9.2531E+00  4.0340E-03
  9.2651E+00  2.7663E-03
  9.2770E+00  1.7562E-03
  9.2889E+00  1.3334E-03
  9.3008E+00  1.6780E-03
  9.3127E+00  2.7706E-03
  9.3246E+00  4.4036E-03
  9.3365E+00  6.2477E-03
  9.3484E+00  7.9464E-03
  9.3603E+00  9.2050E-03
  9.3722E+00  9.8483E-03
  9.3841E+00  9.8350E-03
  9.3961E+00  9.2355E-03
  9.4080E+00  8.1900E-03
  9.4199E+00  6.8662E-03
  9.4318E+00  5.4285E-03
  9.4437E+00  4.0240E-03
  9.4556E+00  2.7795E-03
  9.4675E+00  1.8014E-03
  9.4794E+00  1.1716E-03
  9.4913E+00  9.3526E-04
  9.5032E+00  1.0851E-03
  9.5151E+00  1.5521E-03
  9.5271E+00  2.2103E-03
  9.5390E+00  2.8994E-03
  9.5509E+00  3.4605E-03
  9.5628E+00  3.7731E-03
  9.5747E+00  3.7818E-03
  9.5866E+00  3.5046E-03
  9.5985E+00  3.0202E-03
  9.6104E+00  2.4406E-03
  9.6223E+00  1.8777E-03
  9.6342E+00  1.4158E-03
  9.6461E+00  1.0973E-03
  9.6580E+00  9.2322E-04
  9.6700E+00  8.6595E-04
  9.6819E+00  8.8513E-04
  9.6938E+00  9.4123E-04
  9.7057E+00  1.0026E-03
  9.7176E+00  1.0464E-03
  9.7295E+00  1.0565E-03
  9.7414E+00  1.0225E-03
  9.7533E+00  9.4077E-04
  9.7652E+00  8.1824E-04
  9.7771E+00  6.7549E-04
  9.7890E+00  5.4636E-04
  9.8010E+00  4.7224E-04
  9.8129E+00  4.9165E-04
  9.8248E+00  6.2816E-04
  9.8367E+00  8.8126E-04
  9.8486E+00  1.2238E-03
  9.8605E+00  1.6069E-03
  9.8724E+00  1.9718E-03
  9.8843E+00  2.2623E-03
  9.8962E+00  2.4371E-03
  9.9081E+00  2.4765E-03
  9.9200E+00  2.3836E-03
  9.9319E+00  2.1800E-03
  9.9439E+00  1.8994E-03
  9.9558E+00  1.5802E-03
  9.9677E+00  1.2604E-03
  9.9796E+00  9.7317E-04
  9.9915E+00  7.4534E-04
  1.0003E+01  5.9486E-04
  1.0015E+01  5.2906E-04
  1.0027E+01  5.4317E-04
  1.0039E+01  6.2056E-04
  1.0051E+01  7.3520E-04
  1.0063E+01  8.5656E-04
  1.0075E+01  9.5561E-04
  1.0087E+01  1.0107E-03
  1.0099E+01  1.0112E-03
  1.0111E+01  9.5889E-04
  1.0122E+01  8.6554E-04
  1.0134E+01  7.4910E-04
  1.0146E+01  6.2895E-04
  1.0158E+01  5.2201E-04
  1.0170E+01  4.4048E-04
  1.0182E+01  3.9093E-04
  1.0194E+01  3.7442E-04
  1.0206E+01  3.8701E-04
  1.0218E+01  4.2041E-04
  1.0230E+01  4.6308E-04
  1.0242E+01  5.0193E-04
  1.0253E+01  5.2476E-04
  1.0265E+01  5.2289E-04
  1.0277E+01  4.9353E-04
  1.0289E+01  4.4078E-04
  1.0301E+01  3.7512E-04
  1.0313E+01  3.1117E-04
  1.0325E+01  2.6456E-04
  1.0337E+01  2.4866E-04
  1.0349E+01  2.7223E-04
  1.0361E+01  3.3835E-04
  1.0373E+01  4.4430E-04
  1.0384E+01  5.8214E-04
  1.0396E+01  7.3927E-04
  1.0408E+01  8.9923E-04
  1.0420E+01  1.0430E-03
  1.0432E+01  1.1510E-03
  1.0444E+01  1.2068E-03
  1.0456E+01  1.2002E-03
  1.0468E+01  1.1305E-03
  1.0480E+01  1.0075E-03
  1.0492E+01  8.5036E-04
  1.0504E+01  6.8306E-04
  1.0515E+01  5.2944E-04
  1.0527E+01  4.0792E-04
  1.0539E+01  3.2856E-04
  1.0551E+01  2.9302E-04
  1.0563E+01  2.9679E-04
  1.0575E+01  3.3217E-04
  1.0587E+01  3.9021E-04
  1.0599E+01  4.6087E-04
  1.0611E+01  5.3214E-04
  1.0623E+01  5.8989E-04
  1.0635E+01  6.2036E-04
  1.0646E+01  6.1616E-04
  1.0658E+01  5.8433E-04
  1.0670E+01  5.5299E-04
  1.0682E+01  5.7255E-04
  1.0694E+01  7.0791E-04
  1.0706E+01  1.0217E-03
  1.0718E+01  1.5520E-03
  1.0730E+01  2.2917E-03
  1.0742E+01  3.1778E-03
  1.0754E+01  4.0957E-03
  1.0766E+01  4.8995E-03
  1.0777E+01  5.4436E-03
  1.0789E+01  5.6177E-03
  1.0801E+01  5.3755E-03
  1.0813E+01  4.7501E-03
  1.0825E+01  3.8514E-03
  1.0837E+01  2.8485E-03
  1.0849E+01  1.9406E-03
  1.0861E+01  1.3266E-03
  1.0873E+01  1.1768E-03
  1.0885E+01  1.6098E-03
  1.0897E+01  2.6742E-03
  1.0908E+01  4.3331E-03
  1.0920E+01  6.4558E-03
  1.0932E+01  8.8199E-03
  1.0944E+01  1.1130E-02
  1.0956E+01  1.3053E-02
  1.0968E+01  1.4274E-02
  1.0980E+01  1.4562E-02
  1.0992E+01  1.3824E-02
  1.1004E+01  1.2148E-02
  1.1016E+01  9.7966E-03
  1.1028E+01  7.1614E-03
  1.1039E+01  4.6796E-03
  1.1051E+01  2.7368E-03
  1.1063E+01  1.5836E-03
  1.1075E+01  1.2877E-03
  1.1087E+01  1.7352E-03
  1.1099E+01  2.6771E-03
  1.1111E+01  3.8061E-03
  1.1123E+01  4.8389E-03
  1.1135E+01  5.5789E-03
  1.1147E+01  5.9419E-03
  1.1159E+01  5.9451E-03
  1.1170E+01  5.6701E-03
  1.1182E+01  5.2190E-03
  1.1194E+01  4.6807E-03
  1.1206E+01  4.1170E-03
  1.1218E+01  3.5679E-03
  1.1230E+01  3.0654E-03
  1.1242E+01  2.6453E-03
  1.1254E+01  2.3473E-03
  1.1266E+01  2.2006E-03
  1.1278E+01  2.2045E-03
  1.1290E+01  2.3141E-03
  1.1301E+01  2.4431E-03
  1.1313E+01  2.4866E-03
  1.1325E+01  2.3586E-03
  1.1337E+01  2.0287E-03
  1.1349E+01  1.5436E-03
  1.1361E+01  1.0220E-03
  1.1373E+01  6.2214E-04
  1.1385E+01  4.9262E-04
  1.1397E+01  7.2217E-04
  1.1409E+01  1.3071E-03
  1.1421E+01  2.1485E-03
  1.1432E+01  3.0793E-03
  1.1444E+01  3.9120E-03
  1.1456E+01  4.4894E-03
  1.1468E+01  4.7207E-03
  1.1480E+01  4.5957E-03
  1.1492E+01  4.1735E-03
  1.1504E+01  3.5550E-03
  1.1516E+01  2.8508E-03
  1.1528E+01  2.1553E-03
  1.1540E+01  1.5355E-03
  1.1552E+01  1.0322E-03
  1.1563E+01  6.6890E-04
  1.1575E+01  4.5959E-04
  1.1587E+01  4.1049E-04
  1.1599E+01  5.1485E-04
  1.1611E+01  7.4559E-04
  1.1623E+01  1.0518E-03
  1.1635E+01  1.3641E-03
  1.1647E+01  1.6090E-03
  1.1659E+01  1.7280E-03
  1.1671E+01  1.6946E-03
  1.1683E+01  1.5220E-03
  1.1694E+01  1.2584E-03
  1.1706E+01  9.7071E-04
  1.1718E+01  7.2339E-04
  1.1730E+01  5.5970E-04
  1.1742E+01  4.9259E-04
  1.1754E+01  5.0696E-04
  1.1766E+01  5.7085E-04
  1.1778E+01  6.4970E-04
  1.1790E+01  7.1766E-04
  1.1802E+01  7.6187E-04
  1.1814E+01  7.7992E-04
  1.1825E+01  7.7329E-04
  1.1837E+01  7.4181E-04
  1.1849E+01  6.8245E-04
  1.1861E+01  5.9335E-04
  1.1873E+01  4.8067E-04
  1.1885E+01  3.6379E-04
  1.1897E+01  2.7514E-04
  1.1909E+01  2.5285E-04
  1.1921E+01  3.2849E-04
  1.1933E+01  5.1442E-04
  1.1945E+01  7.9609E-04
  1.1956E+01  1.1327E-03
  1.1968E+01  1.4666E-03
  1.1980E+01  1.7378E-03
  1.1992E+01  1.8999E-03
  1.2004E+01  1.9305E-03
  1.2016E+01  1.8341E-03
  1.2028E+01  1.6372E-03
  1.2040E+01  1.3788E-03
  1.2052E+01  1.0989E-03
  1.2064E+01  8.3190E-04
  1.2076E+01  6.0259E-04
  1.2087E+01  4.2704E-04
  1.2099E+01  3.1444E-04
  1.2111E+01  2.6850E-04
  1.2123E+01  2.8708E-04
  1.2135E+01  3.6068E-04
  1.2147E+01  4.7137E-04
  1.2159E+01  5.9396E-04
  1.2171E+01  7.0022E-04
  1.2183E+01  7.6536E-04
  1.2195E+01  7.7464E-04
  1.2207E+01  7.2742E-04
  1.2218E+01  6.3690E-04
  1.2230E+01  5.2547E-04
  1.2242E+01  4.1743E-04
  1.2254E+01  3.3182E-04
  1.2266E+01  2.7793E-04
  1.2278E+01  2.5471E-04
  1.2290E+01  2.5363E-04
  1.2302E+01  2.6348E-04
  1.2314E+01  2.7463E-04
  1.2326E+01  2.8135E-04
  1.2338E+01  2.8155E-04
  1.2349E+01  2.7504E-04
  1.2361E+01  2.6161E-04
  1.2373E+01  2.4051E-04
  1.2385E+01  2.1152E-04
  1.2397E+01  1.7697E-04
  1.2409E+01  1.4327E-04
  1.2421E+01  1.2052E-04
  1.2433E+01  1.2009E-04
  1.2445E+01  1.5057E-04
  1.2457E+01  2.1397E-04
  1.2469E+01  3.0375E-04
  1.2480E+01  4.0577E-04
  1.2492E+01  5.0193E-04
  1.2504E+01  5.7527E-04
  1.2516E+01  6.1450E-04
  1.2528E+01  6.1636E-04
  1.2540E+01  5.8509E-04
  1.2552E+01  5.2975E-04
  1.2564E+01  4.6068E-04
  1.2576E+01  3.8682E-04
  1.2588E+01  3.1456E-04
  1.2600E+01  2.4840E-04
  1.2611E+01  1.9216E-04
  1.2623E+01  1.5003E-04
  1.2635E+01  1.2620E-04
  1.2647E+01  1.2344E-04
  1.2659E+01  1.4113E-04
  1.2671E+01  1.7408E-04
  1.2683E+01  2.1304E-04
  1.2695E+01  2.4693E-04
  1.2707E+01  2.6626E-04
  1.2719E+01  2.6617E-04
  1.2731E+01  2.4798E-04
  1.2742E+01  2.1845E-04
  1.2754E+01  1.8727E-04
  1.2766E+01  1.6380E-04
  1.2778E+01  1.5430E-04
  1.2790E+01  1.6083E-04
  1.2802E+01  1.8174E-04
  1.2814E+01  2.1337E-04
  1.2826E+01  2.5164E-04
  1.2838E+01  2.9291E-04
  1.2850E+01  3.3361E-04
  1.2862E+01  3.6929E-04
  1.2873E+01  3.9404E-04
  1.2885E+01  4.0115E-04
  1.2897E+01  3.8515E-04
  1.2909E+01  3.4475E-04
  1.2921E+01  2.8513E-04
  1.2933E+01  2.1847E-04
  1.2945E+01  1.6196E-04
  1.2957E+01  1.3362E-04
  1.2969E+01  1.4735E-04
  1.2981E+01  2.0867E-04
  1.2993E+01  3.1292E-04
  1.3004E+01  4.4636E-04
  1.3016E+01  5.8969E-04
  1.3028E+01  7.2272E-04
  1.3040E+01  8.2832E-04
  1.3052E+01  8.9486E-04
  1.3064E+01  9.1658E-04
  1.3076E+01  8.9288E-04
  1.3088E+01  8.2724E-04
  1.3100E+01  7.2662E-04
  1.3112E+01  6.0151E-04
  1.3124E+01  4.6594E-04
  1.3135E+01  3.3679E-04
  1.3147E+01  2.3167E-04
  1.3159E+01  1.6540E-04
  1.3171E+01  1.4607E-04
  1.3183E+01  1.7214E-04
  1.3195E+01  2.3202E-04
  1.3207E+01  3.0671E-04
  1.3219E+01  3.7502E-04
  1.3231E+01  4.1948E-04
  1.3243E+01  4.3099E-04
  1.3255E+01  4.1064E-04
  1.3266E+01  3.6799E-04
  1.3278E+01  3.1689E-04
  1.3290E+01  2.7032E-04
  1.3302E+01  2.3642E-04
  1.3314E+01  2.1709E-04
  1.3326E+01  2.0923E-04
  1.3338E+01  2.0775E-04
  1.3350E+01  2.0863E-04
  1.3362E+01  2.1062E-04
  1.3374E+01  2.1477E-04
  1.3386E+01  2.2257E-04
  1.3397E+01  2.3357E-04
  1.3409E+01  2.4427E-04
  1.3421E+01  2.4887E-04
  1.3433E+01  2.4170E-04
  1.3445E+01  2.2037E-04
  1.3457E+01  1.8792E-04
  1.3469E+01  1.5288E-04
  1.3481E+01  1.2700E-04
  1.3493E+01  1.2125E-04
  1.3505E+01  1.4184E-04
  1.3517E+01  1.8785E-04
  1.3528E+01  2.5135E-04
  1.3540E+01  3.1999E-04
  1.3552E+01  3.8084E-04
  1.3564E+01  4.2411E-04
  1.3576E+01  4.4515E-04
  1.3588E+01  4.4447E-04
  1.3600E+01  4.2599E-04
  1.3612E+01  3.9464E-04
  1.3624E+01  3.5458E-04
  1.3636E+01  3.0869E-04
  1.3647E+01  2.5938E-04
  1.3659E+01  2.0987E-04
  1.3671E+01  1.6494E-04
  1.3683E+01  1.3048E-04
  1.3695E+01  1.1175E-04
  1.3707E+01  1.1123E-04
  1.3719E+01  1.2702E-04
  1.3731E+01  1.5282E-04
  1.3743E+01  1.7961E-04
  1.3755E+01  1.9858E-04
  1.3767E+01  2.0400E-04
  1.3778E+01  1.9502E-04
  1.3790E+01  1.7542E-04
  1.3802E+01  1.5172E-04
  1.3814E+01  1.3025E-04
  1.3826E+01  1.1470E-04
  1.3838E+01  1.0508E-04
  1.3850E+01  9.8497E-05
  1.3862E+01  9.1181E-05
  1.3874E+01  8.0763E-05
  1.3886E+01  6.7656E-05
  1.3898E+01  5.4885E-05
  1.3909E+01  4.6509E-05
  1.3921E+01  4.5436E-05
  1.3933E+01  5.1747E-05
  1.3945E+01  6.2377E-05
  1.3957E+01  7.2321E-05
  1.3969E+01  7.6812E-05
  1.3981E+01  7.3455E-05
  1.3993E+01  6.3291E-05
  1.4005E+01  5.0294E-05
  1.4017E+01  3.9557E-05
  1.4029E+01  3.5006E-05
  1.4040E+01  3.7739E-05
  1.4052E+01  4.5699E-05
  1.4064E+01  5.4827E-05
  1.4076E+01  6.1075E-05
  1.4088E+01  6.2319E-05
  1.4100E+01  5.9250E-05
  1.4112E+01  5.4853E-05
  1.4124E+01  5.2757E-05
  1.4136E+01  5.5295E-05
  1.4148E+01  6.2222E-05
  1.4160E+01  7.0702E-05
  1.4171E+01  7.6592E-05
  1.4183E+01  7.6375E-05
  1.4195E+01  6.8842E-05
  1.4207E+01  5.5704E-05
  1.4219E+01  4.0870E-05
  1.4231E+01  2.8739E-05
  1.4243E+01  2.2327E-05
  1.4255E+01  2.2093E-05
  1.4267E+01  2.5986E-05
  1.4279E+01  3.0630E-05
  1.4291E+01  3.3068E-05
  1.4302E+01  3.2183E-05
  1.4314E+01  2.9140E-05
  1.4326E+01  2.6666E-05
  1.4338E+01  2.7560E-05
  1.4350E+01  3.3185E-05
  1.4362E+01  4.2681E-05
  1.4374E+01  5.3286E-05
  1.4386E+01  6.1580E-05
  1.4398E+01  6.5056E-05
  1.4410E+01  6.3228E-05
  1.4422E+01  5.7761E-05
  1.4433E+01  5.1586E-05
  1.4445E+01  4.7450E-05
  1.4457E+01  4.6648E-05
  1.4469E+01  4.8545E-05
  1.4481E+01  5.1125E-05
  1.4493E+01  5.2261E-05
  1.4505E+01  5.1055E-05
  1.4517E+01  4.8524E-05
  1.4529E+01  4.7262E-05
  1.4541E+01  5.0199E-05
  1.4553E+01  5.9046E-05
  1.4564E+01  7.3208E-05
  1.4576E+01  8.9721E-05
  1.4588E+01  1.0432E-04
  1.4600E+01  1.1321E-04
  1.4612E+01  1.1462E-04
  1.4624E+01  1.0960E-04
  1.4636E+01  1.0145E-04
  1.4648E+01  9.4211E-05
  1.4660E+01  9.0790E-05
  1.4672E+01  9.1653E-05
  1.4684E+01  9.4683E-05
  1.4695E+01  9.6289E-05
  1.4707E+01  9.3251E-05
  1.4719E+01  8.4426E-05
  1.4731E+01  7.1493E-05
  1.4743E+01  5.8347E-05
  1.4755E+01  4.9395E-05
  1.4767E+01  4.7520E-05
  1.4779E+01  5.2665E-05
  1.4791E+01  6.1755E-05
  1.4803E+01  7.0060E-05
  1.4815E+01  7.3445E-05
  1.4826E+01  7.0536E-05
  1.4838E+01  6.3809E-05
  1.4850E+01  5.9076E-05
  1.4862E+01  6.3490E-05
  1.4874E+01  8.2836E-05
  1.4886E+01  1.1917E-04
  1.4898E+01  1.6974E-04
  1.4910E+01  2.2760E-04
  1.4922E+01  2.8354E-04
  1.4934E+01  3.2874E-04
  1.4946E+01  3.5684E-04
  1.4957E+01  3.6515E-04
  1.4969E+01  3.5450E-04
  1.4981E+01  3.2837E-04
  1.4993E+01  2.9174E-04
  1.5005E+01  2.5043E-04
  1.5017E+01  2.1104E-04
  1.5029E+01  1.8125E-04
  1.5041E+01  1.6988E-04
  1.5053E+01  1.8607E-04
  1.5065E+01  2.3724E-04
  1.5077E+01  3.2640E-04
  1.5088E+01  4.4956E-04
  1.5100E+01  5.9446E-04
  1.5112E+01  7.4159E-04
  1.5124E+01  8.6753E-04
  1.5136E+01  9.4999E-04
  1.5148E+01  9.7331E-04
  1.5160E+01  9.3268E-04
  1.5172E+01  8.3569E-04
  1.5184E+01  7.0075E-04
  1.5196E+01  5.5266E-04
  1.5208E+01  4.1668E-04
  1.5219E+01  3.1293E-04
  1.5231E+01  2.5256E-04
  1.5243E+01  2.3659E-04
  1.5255E+01  2.5734E-04
  1.5267E+01  3.0170E-04
  1.5279E+01  3.5504E-04
  1.5291E+01  4.0455E-04
  1.5303E+01  4.4131E-04
  1.5315E+01  4.6087E-04
  1.5327E+01  4.6272E-04
  1.5339E+01  4.4939E-04
  1.5350E+01  4.2555E-04
  1.5362E+01  3.9758E-04
  1.5374E+01  3.7311E-04
  1.5386E+01  3.6054E-04
  1.5398E+01  3.6784E-04
  1.5410E+01  4.0082E-04
  1.5422E+01  4.6110E-04
  1.5434E+01  5.4435E-04
  1.5446E+01  6.3970E-04
  1.5458E+01  7.3082E-04
  1.5470E+01  7.9887E-04
  1.5481E+01  8.2680E-04
  1.5493E+01  8.0405E-04
  1.5505E+01  7.3031E-04
  1.5517E+01  6.1717E-04
  1.5529E+01  4.8718E-04
  1.5541E+01  3.7013E-04
  1.5553E+01  2.9737E-04
  1.5565E+01  2.9527E-04
  1.5577E+01  3.7932E-04
  1.5589E+01  5.5020E-04
  1.5601E+01  7.9269E-04
  1.5612E+01  1.0778E-03
  1.5624E+01  1.3673E-03
  1.5636E+01  1.6203E-03
  1.5648E+01  1.8003E-03
  1.5660E+01  1.8810E-03
  1.5672E+01  1.8510E-03
  1.5684E+01  1.7154E-03
  1.5696E+01  1.4947E-03
  1.5708E+01  1.2208E-03
  1.5720E+01  9.3183E-04
  1.5732E+01  6.6580E-04
  1.5743E+01  4.5444E-04
  1.5755E+01  3.1873E-04
  1.5767E+01  2.6609E-04
  1.5779E+01  2.9022E-04
  1.5791E+01  3.7319E-04
  1.5803E+01  4.8952E-04
  1.5815E+01  6.1120E-04
  1.5827E+01  7.1279E-04
  1.5839E+01  7.7551E-04
  1.5851E+01  7.8978E-04
  1.5863E+01  7.5582E-04
  1.5874E+01  6.8223E-04
  1.5886E+01  5.8322E-04
  1.5898E+01  4.7506E-04
  1.5910E+01  3.7272E-04
  1.5922E+01  2.8727E-04
  1.5934E+01  2.2451E-04
  1.5946E+01  1.8498E-04
  1.5958E+01  1.6491E-04
  1.5970E+01  1.5801E-04
  1.5982E+01  1.5739E-04
  1.5994E+01  1.5721E-04
  1.6005E+01  1.5379E-04
  1.6017E+01  1.4600E-04
  1.6029E+01  1.3501E-04
  1.6041E+01  1.2357E-04
  1.6053E+01  1.1510E-04
  1.6065E+01  1.1270E-04
  1.6077E+01  1.1845E-04
  1.6089E+01  1.3289E-04
  1.6101E+01  1.5499E-04
  1.6113E+01  1.8228E-04
  1.6125E+01  2.1135E-04
  1.6136E+01  2.3845E-04
  1.6148E+01  2.6013E-04
  1.6160E+01  2.7377E-04
  1.6172E+01  2.7803E-04
  1.6184E+01  2.7289E-04
  1.6196E+01  2.5959E-04
  1.6208E+01  2.4022E-04
  1.6220E+01  2.1733E-04
  1.6232E+01  1.9346E-04
  1.6244E+01  1.7079E-04
  1.6256E+01  1.5094E-04
  1.6267E+01  1.3493E-04
  1.6279E+01  1.2318E-04
  1.6291E+01  1.1565E-04
  1.6303E+01  1.1192E-04
  1.6315E+01  1.1124E-04
  1.6327E+01  1.1259E-04
  1.6339E+01  1.1480E-04
  1.6351E+01  1.1662E-04
  1.6363E+01  1.1698E-04
  1.6375E+01  1.1524E-04
  1.6387E+01  1.1136E-04
  1.6398E+01  1.0605E-04
  1.6410E+01  1.0067E-04
  1.6422E+01  9.6974E-05
  1.6434E+01  9.6704E-05
  1.6446E+01  1.0113E-04
  1.6458E+01  1.1067E-04
  1.6470E+01  1.2469E-04
  1.6482E+01  1.4151E-04
  1.6494E+01  1.5872E-04
  1.6506E+01  1.7357E-04
  1.6518E+01  1.8351E-04
  1.6529E+01  1.8671E-04
  1.6541E+01  1.8244E-04
  1.6553E+01  1.7133E-04
  1.6565E+01  1.5547E-04
  1.6577E+01  1.3821E-04
  1.6589E+01  1.2382E-04
  1.6601E+01  1.1683E-04
  1.6613E+01  1.2129E-04
  1.6625E+01  1.3993E-04
  1.6637E+01  1.7343E-04
  1.6649E+01  2.1993E-04
  1.6660E+01  2.7508E-04
  1.6672E+01  3.3252E-04
  1.6684E+01  3.8489E-04
  1.6696E+01  4.2516E-04
  1.6708E+01  4.4787E-04
  1.6720E+01  4.5013E-04
  1.6732E+01  4.3205E-04
  1.6744E+01  3.9664E-04
  1.6756E+01  3.4909E-04
  1.6768E+01  2.9575E-04
  1.6780E+01  2.4304E-04
  1.6791E+01  1.9655E-04
  1.6803E+01  1.6039E-04
  1.6815E+01  1.3697E-04
  1.6827E+01  1.2691E-04
  1.6839E+01  1.2912E-04
  1.6851E+01  1.4104E-04
  1.6863E+01  1.5885E-04
  1.6875E+01  1.7801E-04
  1.6887E+01  1.9398E-04
  1.6899E+01  2.0315E-04
  1.6911E+01  2.0382E-04
  1.6922E+01  1.9689E-04
  1.6934E+01  1.8599E-04
  1.6946E+01  1.7687E-04
  1.6958E+01  1.7601E-04
  1.6970E+01  1.8885E-04
  1.6982E+01  2.1796E-04
  1.6994E+01  2.6201E-04
  1.7006E+01  3.1557E-04
  1.7018E+01  3.7013E-04
  1.7030E+01  4.1600E-04
  1.7042E+01  4.4453E-04
  1.7053E+01  4.5024E-04
  1.7065E+01  4.3213E-04
  1.7077E+01  3.9404E-04
  1.7089E+01  3.4403E-04
  1.7101E+01  2.9302E-04
  1.7113E+01  2.5317E-04
  1.7125E+01  2.3614E-04
  1.7137E+01  2.5155E-04
  1.7149E+01  3.0550E-04
  1.7161E+01  3.9932E-04
  1.7173E+01  5.2856E-04
  1.7184E+01  6.8258E-04
  1.7196E+01  8.4499E-04
  1.7208E+01  9.9534E-04
  1.7220E+01  1.1121E-03
  1.7232E+01  1.1766E-03
  1.7244E+01  1.1769E-03
  1.7256E+01  1.1113E-03
  1.7268E+01  9.8896E-04
  1.7280E+01  8.2926E-04
  1.7292E+01  6.5753E-04
  1.7304E+01  5.0000E-04
  1.7315E+01  3.7831E-04
  1.7327E+01  3.0527E-04
  1.7339E+01  2.8303E-04
  1.7351E+01  3.0379E-04
  1.7363E+01  3.5294E-04
  1.7375E+01  4.1328E-04
  1.7387E+01  4.6924E-04
  1.7399E+01  5.0976E-04
  1.7411E+01  5.2949E-04
  1.7423E+01  5.2830E-04
  1.7435E+01  5.0973E-04
  1.7446E+01  4.7925E-04
  1.7458E+01  4.4293E-04
  1.7470E+01  4.0665E-04
  1.7482E+01  3.7588E-04
  1.7494E+01  3.5544E-04
  1.7506E+01  3.4891E-04
  1.7518E+01  3.5769E-04
  1.7530E+01  3.7989E-04
  1.7542E+01  4.0970E-04
  1.7554E+01  4.3790E-04
  1.7565E+01  4.5367E-04
  1.7577E+01  4.4755E-04
  1.7589E+01  4.1472E-04
  1.7601E+01  3.5743E-04
  1.7613E+01  2.8579E-04
  1.7625E+01  2.1626E-04
  1.7637E+01  1.6813E-04
  1.7649E+01  1.5881E-04
  1.7661E+01  1.9919E-04
  1.7673E+01  2.9050E-04
  1.7685E+01  4.2345E-04
  1.7696E+01  5.7989E-04
  1.7708E+01  7.3650E-04
  1.7720E+01  8.6951E-04
  1.7732E+01  9.5918E-04
  1.7744E+01  9.9317E-04
  1.7756E+01  9.6820E-04
  1.7768E+01  8.8980E-04
  1.7780E+01  7.7065E-04
  1.7792E+01  6.2797E-04
  1.7804E+01  4.8068E-04
  1.7816E+01  3.4662E-04
  1.7827E+01  2.4037E-04
  1.7839E+01  1.7155E-04
  1.7851E+01  1.4381E-04
  1.7863E+01  1.5463E-04
  1.7875E+01  1.9597E-04
  1.7887E+01  2.5572E-04
  1.7899E+01  3.1981E-04
  1.7911E+01  3.7472E-04
  1.7923E+01  4.0977E-04
  1.7935E+01  4.1888E-04
  1.7947E+01  4.0133E-04
  1.7958E+01  3.6132E-04
  1.7970E+01  3.0662E-04
  1.7982E+01  2.4652E-04
  1.7994E+01  1.8972E-04
  1.8006E+01  1.4270E-04
  1.8018E+01  1.0874E-04
  1.8030E+01  8.7950E-05
  1.8042E+01  7.7885E-05
  1.8054E+01  7.4714E-05
  1.8066E+01  7.4420E-05
  1.8078E+01  7.3801E-05
  1.8089E+01  7.1037E-05
  1.8101E+01  6.5817E-05
  1.8113E+01  5.9057E-05
  1.8125E+01  5.2401E-05
  1.8137E+01  4.7642E-05
  1.8149E+01  4.6220E-05
  1.8161E+01  4.8883E-05
  1.8173E+01  5.5560E-05
  1.8185E+01  6.5419E-05
  1.8197E+01  7.7076E-05
  1.8209E+01  8.8885E-05
  1.8220E+01  9.9233E-05
  1.8232E+01  1.0679E-04
  1.8244E+01  1.1068E-04
  1.8256E+01  1.1056E-04
  1.8268E+01  1.0659E-04
  1.8280E+01  9.9407E-05
  1.8292E+01  8.9941E-05
  1.8304E+01  7.9329E-05
  1.8316E+01  6.8756E-05
  1.8328E+01  5.9304E-05
  1.8340E+01  5.1814E-05
  1.8351E+01  4.6771E-05
  1.8363E+01  4.4241E-05
  1.8375E+01  4.3887E-05
  1.8387E+01  4.5065E-05
  1.8399E+01  4.6982E-05
  1.8411E+01  4.8872E-05
  1.8423E+01  5.0150E-05
  1.8435E+01  5.0490E-05
  1.8447E+01  4.9829E-05
  1.8459E+01  4.8315E-05
  1.8471E+01  4.6238E-05
  1.8482E+01  4.3988E-05
  1.8494E+01  4.2049E-05
  1.8506E+01  4.1019E-05
  1.8518E+01  4.1594E-05
  1.8530E+01  4.4488E-05
  1.8542E+01  5.0246E-05
  1.8554E+01  5.9008E-05
  1.8566E+01  7.0287E-05
  1.8578E+01  8.2883E-05
  1.8590E+01  9.4989E-05
  1.8602E+01  1.0452E-04
  1.8613E+01  1.0959E-04
  1.8625E+01  1.0904E-04
  1.8637E+01  1.0282E-04
  1.8649E+01  9.2112E-05
  1.8661E+01  7.9221E-05
  1.8673E+01  6.7144E-05
  1.8685E+01  5.9025E-05
  1.8697E+01  5.7588E-05
  1.8709E+01  6.4669E-05
  1.8721E+01  8.0902E-05
  1.8733E+01  1.0559E-04
  1.8744E+01  1.3675E-04
  1.8756E+01  1.7125E-04
  1.8768E+01  2.0519E-04
  1.8780E+01  2.3432E-04
  1.8792E+01  2.5467E-04
  1.8804E+01  2.6318E-04
  1.8816E+01  2.5835E-04
  1.8828E+01  2.4060E-04
  1.8840E+01  2.1238E-04
  1.8852E+01  1.7773E-04
  1.8864E+01  1.4158E-04
  1.8875E+01  1.0880E-04
  1.8887E+01  8.3257E-05
  1.8899E+01  6.7191E-05
  1.8911E+01  6.0994E-05
  1.8923E+01  6.3407E-05
  1.8935E+01  7.2026E-05
  1.8947E+01  8.3934E-05
  1.8959E+01  9.6277E-05
  1.8971E+01  1.0667E-04
  1.8983E+01  1.1343E-04
  1.8995E+01  1.1572E-04
  1.9006E+01  1.1361E-04
  1.9018E+01  1.0818E-04
  1.9030E+01  1.0150E-04
  1.9042E+01  9.6407E-05
  1.9054E+01  9.6033E-05
  1.9066E+01  1.0303E-04
  1.9078E+01  1.1869E-04
  1.9090E+01  1.4229E-04
  1.9102E+01  1.7079E-04
  1.9114E+01  1.9927E-04
  1.9126E+01  2.2200E-04
  1.9137E+01  2.3380E-04
  1.9149E+01  2.3158E-04
  1.9161E+01  2.1526E-04
  1.9173E+01  1.8806E-04
  1.9185E+01  1.5590E-04
  1.9197E+01  1.2624E-04
  1.9209E+01  1.0661E-04
  1.9221E+01  1.0329E-04
  1.9233E+01  1.2035E-04
  1.9245E+01  1.5910E-04
  1.9257E+01  2.1803E-04
  1.9268E+01  2.9284E-04
  1.9280E+01  3.7668E-04
  1.9292E+01  4.6060E-04
  1.9304E+01  5.3429E-04
  1.9316E+01  5.8733E-04
  1.9328E+01  6.1088E-04
  1.9340E+01  5.9966E-04
  1.9352E+01  5.5358E-04
  1.9364E+01  4.7854E-04
  1.9376E+01  3.8579E-04
  1.9388E+01  2.8998E-04
  1.9399E+01  2.0612E-04
  1.9411E+01  1.4622E-04
  1.9423E+01  1.1669E-04
  1.9435E+01  1.1719E-04
  1.9447E+01  1.4122E-04
  1.9459E+01  1.7839E-04
  1.9471E+01  2.1741E-04
  1.9483E+01  2.4904E-04
  1.9495E+01  2.6787E-04
  1.9507E+01  2.7279E-04
  1.9519E+01  2.6608E-04
  1.9530E+01  2.5167E-04
  1.9542E+01  2.3351E-04
  1.9554E+01  2.1448E-04
  1.9566E+01  1.9620E-04
  1.9578E+01  1.7947E-04
  1.9590E+01  1.6502E-04
  1.9602E+01  1.5384E-04
  1.9614E+01  1.4699E-04
  1.9626E+01  1.4494E-04
  1.9638E+01  1.4674E-04
  1.9650E+01  1.4974E-04
  1.9661E+01  1.5003E-04
  1.9673E+01  1.4380E-04
  1.9685E+01  1.2898E-04
  1.9697E+01  1.0661E-04
  1.9709E+01  8.1323E-05
  1.9721E+01  6.0425E-05
  1.9733E+01  5.1908E-05
  1.9745E+01  6.1894E-05
  1.9757E+01  9.2439E-05
  1.9769E+01  1.4047E-04
  1.9781E+01  1.9826E-04
  1.9792E+01  2.5532E-04
  1.9804E+01  3.0105E-04
  1.9816E+01  3.2736E-04
  1.9828E+01  3.3038E-04
  1.9840E+01  3.1098E-04
  1.9852E+01  2.7394E-04
  1.9864E+01  2.2635E-04
  1.9876E+01  1.7573E-04
  1.9888E+01  1.2859E-04
  1.9900E+01  8.9656E-05
  1.9912E+01  6.1674E-05
  1.9923E+01  4.5731E-05
  1.9935E+01  4.1604E-05
  1.9947E+01  4.7997E-05
  1.9959E+01  6.2626E-05
  1.9971E+01  8.2263E-05
  1.9983E+01  1.0295E-04
  1.9995E+01  1.2050E-04
  2.0007E+01  1.3124E-04
  2.0019E+01  1.3284E-04
  2.0031E+01  1.2483E-04
  2.0043E+01  1.0876E-04
  2.0054E+01  8.7693E-05
  2.0066E+01  6.5386E-05
  2.0078E+01  4.5271E-05
  2.0090E+01  2.9671E-05
  2.0102E+01  1.9438E-05
  2.0114E+01  1.4075E-05
  2.0126E+01  1.2241E-05
  2.0138E+01  1.2373E-05
  2.0150E+01  1.3201E-05
  2.0162E+01  1.3996E-05
  2.0174E+01  1.4526E-05
  2.0185E+01  1.4837E-05
  2.0197E+01  1.5002E-05
  2.0209E+01  1.4987E-05
  2.0221E+01  1.4660E-05
  2.0233E+01  1.3912E-05
  2.0245E+01  1.2778E-05
  2.0257E+01  1.1491E-05
  2.0269E+01  1.0412E-05
  2.0281E+01  9.8873E-06
  2.0293E+01  1.0110E-05
  2.0305E+01  1.1052E-05
  2.0316E+01  1.2506E-05
  2.0328E+01  1.4205E-05
  2.0340E+01  1.5945E-05
  2.0352E+01  1.7643E-05
  2.0364E+01  1.9303E-05
  2.0376E+01  2.0903E-05
  2.0388E+01  2.2295E-05
  2.0400E+01  2.3172E-05
  2.0412E+01  2.3145E-05
  2.0424E+01  2.1913E-05
  2.0436E+01  1.9435E-05
  2.0447E+01  1.6026E-05
  2.0459E+01  1.2312E-05
  2.0471E+01  9.0508E-06
  2.0483E+01  6.8834E-06
  2.0495E+01  6.1236E-06
  2.0507E+01  6.6681E-06
  2.0519E+01  8.0653E-06
  2.0531E+01  9.7048E-06
  2.0543E+01  1.1045E-05
  2.0555E+01  1.1782E-05
  2.0567E+01  1.1902E-05
  2.0578E+01  1.1616E-05
  2.0590E+01  1.1224E-05
  2.0602E+01  1.0999E-05
  2.0614E+01  1.1125E-05
  2.0626E+01  1.1717E-05
  2.0638E+01  1.2877E-05
  2.0650E+01  1.4728E-05
  2.0662E+01  1.7383E-05
  2.0674E+01  2.0843E-05
  2.0686E+01  2.4885E-05
  2.0698E+01  2.8991E-05
  2.0709E+01  3.2405E-05
  2.0721E+01  3.4313E-05
  2.0733E+01  3.4096E-05
  2.0745E+01  3.1577E-05
  2.0757E+01  2.7145E-05
  2.0769E+01  2.1717E-05
  2.0781E+01  1.6534E-05
  2.0793E+01  1.2872E-05
  2.0805E+01  1.1762E-05
  2.0817E+01  1.3799E-05
  2.0829E+01  1.9079E-05
  2.0840E+01  2.7240E-05
  2.0852E+01  3.7555E-05
  2.0864E+01  4.9014E-05
  2.0876E+01  6.0389E-05
  2.0888E+01  7.0306E-05
  2.0900E+01  7.7363E-05
  2.0912E+01  8.0335E-05
  2.0924E+01  7.8451E-05
  2.0936E+01  7.1664E-05
  2.0948E+01  6.0804E-05
  2.0960E+01  4.7514E-05
  2.0971E+01  3.3949E-05
  2.0983E+01  2.2292E-05
  2.0995E+01  1.4231E-05
  2.1007E+01  1.0576E-05
  2.1019E+01  1.1125E-05
  2.1031E+01  1.4831E-05
  2.1043E+01  2.0185E-05
  2.1055E+01  2.5675E-05
  2.1067E+01  3.0148E-05
  2.1079E+01  3.2991E-05
  2.1091E+01  3.4097E-05
  2.1102E+01  3.3723E-05
  2.1114E+01  3.2329E-05
  2.1126E+01  3.0499E-05
  2.1138E+01  2.8939E-05
  2.1150E+01  2.8508E-05
  2.1162E+01  3.0158E-05
  2.1174E+01  3.4732E-05
  2.1186E+01  4.2635E-05
  2.1198E+01  5.3488E-05
  2.1210E+01  6.5944E-05
  2.1222E+01  7.7800E-05
  2.1233E+01  8.6462E-05
  2.1245E+01  8.9653E-05
  2.1257E+01  8.6137E-05
  2.1269E+01  7.6221E-05
  2.1281E+01  6.1824E-05
  2.1293E+01  4.6090E-05
  2.1305E+01  3.2667E-05
  2.1317E+01  2.4889E-05
  2.1329E+01  2.5121E-05
  2.1341E+01  3.4414E-05
  2.1353E+01  5.2502E-05
  2.1364E+01  7.8008E-05
  2.1376E+01  1.0870E-04
  2.1388E+01  1.4168E-04
  2.1400E+01  1.7347E-04
  2.1412E+01  2.0018E-04
  2.1424E+01  2.1784E-04
  2.1436E+01  2.2304E-04
  2.1448E+01  2.1382E-04
  2.1460E+01  1.9043E-04
  2.1472E+01  1.5587E-04
  2.1483E+01  1.1557E-04
  2.1495E+01  7.6458E-05
  2.1507E+01  4.5315E-05
  2.1519E+01  2.7083E-05
  2.1531E+01  2.3546E-05
  2.1543E+01  3.2935E-05
  2.1555E+01  5.0581E-05
  2.1567E+01  7.0438E-05
  2.1579E+01  8.6934E-05
  2.1591E+01  9.6522E-05
  2.1603E+01  9.8424E-05
  2.1614E+01  9.4362E-05
  2.1626E+01  8.7488E-05
  2.1638E+01  8.0986E-05
  2.1650E+01  7.6918E-05
  2.1662E+01  7.5737E-05
  2.1674E+01  7.6553E-05
  2.1686E+01  7.7915E-05
  2.1698E+01  7.8671E-05
  2.1710E+01  7.8466E-05
  2.1722E+01  7.7677E-05
  2.1734E+01  7.6857E-05
  2.1745E+01  7.6052E-05
  2.1757E+01  7.4418E-05
  2.1769E+01  7.0405E-05
  2.1781E+01  6.2535E-05
  2.1793E+01  5.0430E-05
  2.1805E+01  3.5609E-05
  2.1817E+01  2.1592E-05
  2.1829E+01  1.3128E-05
  2.1841E+01  1.4713E-05
  2.1853E+01  2.8932E-05
  2.1865E+01  5.5232E-05
  2.1876E+01  8.9665E-05
  2.1888E+01  1.2574E-04
  2.1900E+01  1.5613E-04
  2.1912E+01  1.7470E-04
  2.1924E+01  1.7811E-04
  2.1936E+01  1.6655E-04
  2.1948E+01  1.4332E-04
  2.1960E+01  1.1365E-04
  2.1972E+01  8.3068E-05
  2.1984E+01  5.6054E-05
  2.1996E+01  3.5296E-05
  2.2007E+01  2.1665E-05
  2.2019E+01  1.4745E-05
  2.2031E+01  1.3534E-05
  2.2043E+01  1.6969E-05
  2.2055E+01  2.4075E-05
  2.2067E+01  3.3798E-05
  2.2079E+01  4.4729E-05
  2.2091E+01  5.4989E-05
  2.2103E+01  6.2458E-05
  2.2115E+01  6.5291E-05
  2.2127E+01  6.2542E-05
  2.2138E+01  5.4584E-05
  2.2150E+01  4.3103E-05
  2.2162E+01  3.0626E-05
  2.2174E+01  1.9727E-05
  2.2186E+01  1.2226E-05
  2.2198E+01  8.6869E-06
  2.2210E+01  8.3962E-06
  2.2222E+01  9.8178E-06
  2.2234E+01  1.1297E-05
  2.2246E+01  1.1717E-05
  2.2258E+01  1.0841E-05
  2.2269E+01  9.2257E-06
  2.2281E+01  7.7952E-06
  2.2293E+01  7.3021E-06
  2.2305E+01  7.9323E-06
  2.2317E+01  9.2333E-06
  2.2329E+01  1.0376E-05
  2.2341E+01  1.0606E-05
  2.2353E+01  9.6499E-06
  2.2365E+01  7.8859E-06
  2.2377E+01  6.1872E-06
  2.2389E+01  5.5219E-06
  2.2400E+01  6.4945E-06
  2.2412E+01  9.0452E-06
  2.2424E+01  1.2444E-05
  2.2436E+01  1.5578E-05
  2.2448E+01  1.7409E-05
  2.2460E+01  1.7382E-05
  2.2472E+01  1.5628E-05
  2.2484E+01  1.2865E-05
  2.2496E+01  1.0075E-05
  2.2508E+01  8.0877E-06
  2.2520E+01  7.2827E-06
  2.2531E+01  7.5013E-06
  2.2543E+01  8.2048E-06
  2.2555E+01  8.7775E-06
  2.2567E+01  8.8228E-06
  2.2579E+01  8.3201E-06
  2.2591E+01  7.5809E-06
  2.2603E+01  7.0457E-06
  2.2615E+01  7.0328E-06
  2.2627E+01  7.5663E-06
  2.2639E+01  8.3644E-06
  2.2651E+01  8.9874E-06
  2.2662E+01  9.0653E-06
  2.2674E+01  8.4920E-06
  2.2686E+01  7.4937E-06
  2.2698E+01  6.5383E-06
  2.2710E+01  6.1354E-06
  2.2722E+01  6.6184E-06
  2.2734E+01  8.0099E-06
  2.2746E+01  1.0023E-05
  2.2758E+01  1.2193E-05
  2.2770E+01  1.4060E-05
  2.2782E+01  1.5336E-05
  2.2793E+01  1.5965E-05
  2.2805E+01  1.6085E-05
  2.2817E+01  1.5905E-05
  2.2829E+01  1.5597E-05
  2.2841E+01  1.5233E-05
  2.2853E+01  1.4810E-05
  2.2865E+01  1.4334E-05
  2.2877E+01  1.3906E-05
  2.2889E+01  1.3754E-05
  2.2901E+01  1.4182E-05
  2.2913E+01  1.5452E-05
  2.2924E+01  1.7665E-05
  2.2936E+01  2.0676E-05
  2.2948E+01  2.4113E-05
  2.2960E+01  2.7474E-05
  2.2972E+01  3.0274E-05
  2.2984E+01  3.2173E-05
  2.2996E+01  3.3029E-05
  2.3008E+01  3.2881E-05
  2.3020E+01  3.1861E-05
  2.3032E+01  3.0112E-05
  2.3044E+01  2.7744E-05
  2.3055E+01  2.4854E-05
  2.3067E+01  2.1595E-05
  2.3079E+01  1.8234E-05
  2.3091E+01  1.5161E-05
  2.3103E+01  1.2815E-05
  2.3115E+01  1.1552E-05
  2.3127E+01  1.1507E-05
  2.3139E+01  1.2513E-05
  2.3151E+01  1.4132E-05
  2.3163E+01  1.5793E-05
  2.3175E+01  1.6985E-05
  2.3186E+01  1.7440E-05
  2.3198E+01  1.7217E-05
  2.3210E+01  1.6667E-05
  2.3222E+01  1.6286E-05
  2.3234E+01  1.6526E-05
  2.3246E+01  1.7638E-05
  2.3258E+01  1.9609E-05
  2.3270E+01  2.2202E-05
  2.3282E+01  2.5070E-05
  2.3294E+01  2.7885E-05
  2.3306E+01  3.0409E-05
  2.3317E+01  3.2505E-05
  2.3329E+01  3.4079E-05
  2.3341E+01  3.5030E-05
  2.3353E+01  3.5240E-05
  2.3365E+01  3.4632E-05
  2.3377E+01  3.3284E-05
  2.3389E+01  3.1533E-05
  2.3401E+01  2.9994E-05
  2.3413E+01  2.9470E-05
  2.3425E+01  3.0747E-05
  2.3437E+01  3.4339E-05
  2.3448E+01  4.0287E-05
  2.3460E+01  4.8081E-05
  2.3472E+01  5.6755E-05
  2.3484E+01  6.5113E-05
  2.3496E+01  7.2016E-05
  2.3508E+01  7.6627E-05
  2.3520E+01  7.8530E-05
  2.3532E+01  7.7717E-05
  2.3544E+01  7.4470E-05
  2.3556E+01  6.9228E-05
  2.3568E+01  6.2494E-05
  2.3579E+01  5.4830E-05
  2.3591E+01  4.6900E-05
  2.3603E+01  3.9504E-05
  2.3615E+01  3.3529E-05
  2.3627E+01  2.9786E-05
  2.3639E+01  2.8772E-05
  2.3651E+01  3.0451E-05
  2.3663E+01  3.4158E-05
  2.3675E+01  3.8714E-05
  2.3687E+01  4.2745E-05
  2.3699E+01  4.5123E-05
  2.3710E+01  4.5368E-05
  2.3722E+01  4.3867E-05
  2.3734E+01  4.1790E-05
  2.3746E+01  4.0741E-05
  2.3758E+01  4.2234E-05
  2.3770E+01  4.7176E-05
  2.3782E+01  5.5549E-05
  2.3794E+01  6.6376E-05
  2.3806E+01  7.7981E-05
  2.3818E+01  8.8438E-05
  2.3830E+01  9.6049E-05
  2.3841E+01  9.9710E-05
  2.3853E+01  9.9073E-05
  2.3865E+01  9.4522E-05
  2.3877E+01  8.7020E-05
  2.3889E+01  7.7943E-05
  2.3901E+01  6.8936E-05
  2.3913E+01  6.1809E-05
  2.3925E+01  5.8410E-05
  2.3937E+01  6.0416E-05
  2.3949E+01  6.9004E-05
  2.3961E+01  8.4464E-05
  2.3972E+01  1.0586E-04
  2.3984E+01  1.3093E-04
  2.3996E+01  1.5627E-04
  2.4008E+01  1.7790E-04
  2.4020E+01  1.9212E-04
  2.4032E+01  1.9630E-04
  2.4044E+01  1.8955E-04
  2.4056E+01  1.7292E-04
  2.4068E+01  1.4918E-04
  2.4080E+01  1.2212E-04
  2.4092E+01  9.5696E-05
  2.4103E+01  7.3243E-05
  2.4115E+01  5.6891E-05
  2.4127E+01  4.7396E-05
  2.4139E+01  4.4289E-05
  2.4151E+01  4.6252E-05
  2.4163E+01  5.1544E-05
  2.4175E+01  5.8347E-05
  2.4187E+01  6.4989E-05
  2.4199E+01  7.0055E-05
  2.4211E+01  7.2450E-05
  2.4223E+01  7.1488E-05
  2.4234E+01  6.6990E-05
  2.4246E+01  5.9376E-05
  2.4258E+01  4.9648E-05
  2.4270E+01  3.9234E-05
  2.4282E+01  2.9671E-05
  2.4294E+01  2.2236E-05
  2.4306E+01  1.7609E-05
  2.4318E+01  1.5738E-05
  2.4330E+01  1.5918E-05
  2.4342E+01  1.7095E-05
  2.4354E+01  1.8258E-05
  2.4365E+01  1.8757E-05
  2.4377E+01  1.8452E-05
  2.4389E+01  1.7627E-05
  2.4401E+01  1.6735E-05
  2.4413E+01  1.6115E-05
  2.4425E+01  1.5815E-05
  2.4437E+01  1.5605E-05
  2.4449E+01  1.5169E-05
  2.4461E+01  1.4366E-05
  2.4473E+01  1.3417E-05
  2.4485E+01  1.2904E-05
  2.4496E+01  1.3545E-05
  2.4508E+01  1.5846E-05
  2.4520E+01  1.9775E-05
  2.4532E+01  2.4633E-05
  2.4544E+01  2.9202E-05
  2.4556E+01  3.2132E-05
  2.4568E+01  3.2442E-05
  2.4580E+01  2.9902E-05
  2.4592E+01  2.5161E-05
  2.4604E+01  1.9529E-05
  2.4616E+01  1.4523E-05
  2.4627E+01  1.1329E-05
  2.4639E+01  1.0421E-05
  2.4651E+01  1.1465E-05
  2.4663E+01  1.3546E-05
  2.4675E+01  1.5591E-05
  2.4687E+01  1.6817E-05
  2.4699E+01  1.6993E-05
  2.4711E+01  1.6431E-05
  2.4723E+01  1.5737E-05
  2.4735E+01  1.5452E-05
  2.4747E+01  1.5768E-05
  2.4758E+01  1.6466E-05
  2.4770E+01  1.7074E-05
  2.4782E+01  1.7185E-05
  2.4794E+01  1.6741E-05
  2.4806E+01  1.6145E-05
  2.4818E+01  1.6120E-05
  2.4830E+01  1.7370E-05
  2.4842E+01  2.0204E-05
  2.4854E+01  2.4290E-05
  2.4866E+01  2.8685E-05
  2.4878E+01  3.2136E-05
  2.4889E+01  3.3538E-05
  2.4901E+01  3.2368E-05
  2.4913E+01  2.8899E-05
  2.4925E+01  2.4124E-05
  2.4937E+01  1.9420E-05
  2.4949E+01  1.6098E-05
  2.4961E+01  1.5035E-05
  2.4973E+01  1.6507E-05
  2.4985E+01  2.0271E-05
  2.4997E+01  2.5801E-05
  2.5009E+01  3.2538E-05
  2.5020E+01  4.0010E-05
  2.5032E+01  4.7795E-05
  2.5044E+01  5.5354E-05
  2.5056E+01  6.1897E-05
  2.5068E+01  6.6388E-05
  2.5080E+01  6.7768E-05
  2.5092E+01  6.5323E-05
  2.5104E+01  5.9059E-05
  2.5116E+01  4.9875E-05
  2.5128E+01  3.9432E-05
  2.5140E+01  2.9724E-05
  2.5151E+01  2.2489E-05
  2.5163E+01  1.8689E-05
  2.5175E+01  1.8280E-05
  2.5187E+01  2.0339E-05
  2.5199E+01  2.3507E-05
  2.5211E+01  2.6543E-05
  2.5223E+01  2.8739E-05
  2.5235E+01  3.0042E-05
  2.5247E+01  3.0858E-05
  2.5259E+01  3.1655E-05
  2.5271E+01  3.2607E-05
  2.5282E+01  3.3465E-05
  2.5294E+01  3.3734E-05
  2.5306E+01  3.3063E-05
  2.5318E+01  3.1629E-05
  2.5330E+01  3.0291E-05
  2.5342E+01  3.0359E-05
  2.5354E+01  3.3055E-05
  2.5366E+01  3.8869E-05
  2.5378E+01  4.7127E-05
  2.5390E+01  5.6016E-05
  2.5401E+01  6.3103E-05
  2.5413E+01  6.6201E-05
  2.5425E+01  6.4224E-05
  2.5437E+01  5.7685E-05
  2.5449E+01  4.8603E-05
  2.5461E+01  3.9851E-05
  2.5473E+01  3.4203E-05
  2.5485E+01  3.3475E-05
  2.5497E+01  3.8099E-05
  2.5509E+01  4.7270E-05
  2.5521E+01  5.9541E-05
  2.5532E+01  7.3544E-05
  2.5544E+01  8.8446E-05
  2.5556E+01  1.0393E-04
  2.5568E+01  1.1969E-04
  2.5580E+01  1.3481E-04
  2.5592E+01  1.4737E-04
  2.5604E+01  1.5456E-04
  2.5616E+01  1.5360E-04
  2.5628E+01  1.4285E-04
  2.5640E+01  1.2295E-04
  2.5652E+01  9.7194E-05
  2.5663E+01  7.0974E-05
  2.5675E+01  5.0305E-05
  2.5687E+01  3.9924E-05
  2.5699E+01  4.1669E-05
  2.5711E+01  5.3788E-05
  2.5723E+01  7.1506E-05
  2.5735E+01  8.8683E-05
  2.5747E+01  9.9974E-05
  2.5759E+01  1.0270E-04
  2.5771E+01  9.7715E-05
  2.5783E+01  8.9053E-05
  2.5794E+01  8.2440E-05
  2.5806E+01  8.3383E-05
  2.5818E+01  9.5509E-05
  2.5830E+01  1.1974E-04
  2.5842E+01  1.5444E-04
  2.5854E+01  1.9631E-04
  2.5866E+01  2.4145E-04
  2.5878E+01  2.8601E-04
  2.5890E+01  3.2635E-04
  2.5902E+01  3.5865E-04
  2.5914E+01  3.7861E-04
  2.5925E+01  3.8172E-04
  2.5937E+01  3.6437E-04
  2.5949E+01  3.2573E-04
  2.5961E+01  2.6961E-04
  2.5973E+01  2.0557E-04
  2.5985E+01  1.4833E-04
  2.5997E+01  1.1524E-04
  2.6009E+01  1.2223E-04
  2.6021E+01  1.7929E-04
  2.6033E+01  2.8685E-04
  2.6045E+01  4.3430E-04
  2.6056E+01  6.0132E-04
  2.6068E+01  7.6180E-04
  2.6080E+01  8.8941E-04
  2.6092E+01  9.6320E-04
  2.6104E+01  9.7192E-04
  2.6116E+01  9.1590E-04
  2.6128E+01  8.0624E-04
  2.6140E+01  6.6179E-04
  2.6152E+01  5.0492E-04
  2.6164E+01  3.5723E-04
  2.6176E+01  2.3609E-04
  2.6187E+01  1.5265E-04
  2.6199E+01  1.1119E-04
  2.6211E+01  1.0965E-04
  2.6223E+01  1.4085E-04
  2.6235E+01  1.9407E-04
  2.6247E+01  2.5675E-04
  2.6259E+01  3.1622E-04
  2.6271E+01  3.6136E-04
  2.6283E+01  3.8420E-04
  2.6295E+01  3.8098E-04
  2.6307E+01  3.5259E-04
  2.6318E+01  3.0419E-04
  2.6330E+01  2.4391E-04
  2.6342E+01  1.8098E-04
  2.6354E+01  1.2375E-04
  2.6366E+01  7.8050E-05
  2.6378E+01  4.6406E-05
  2.6390E+01  2.8105E-05
  2.6402E+01  2.0113E-05
  2.6414E+01  1.8388E-05
  2.6426E+01  1.9161E-05
  2.6438E+01  1.9808E-05
  2.6449E+01  1.9141E-05
  2.6461E+01  1.7174E-05
  2.6473E+01  1.4589E-05
  2.6485E+01  1.2180E-05
  2.6497E+01  1.0483E-05
  2.6509E+01  9.6687E-06
  2.6521E+01  9.6504E-06
  2.6533E+01  1.0262E-05
  2.6545E+01  1.1389E-05
  2.6557E+01  1.2980E-05
  2.6569E+01  1.4973E-05
  2.6580E+01  1.7191E-05
  2.6592E+01  1.9308E-05
  2.6604E+01  2.0916E-05
  2.6616E+01  2.1654E-05
  2.6628E+01  2.1347E-05
  2.6640E+01  2.0081E-05
  2.6652E+01  1.8157E-05
  2.6664E+01  1.5976E-05
  2.6676E+01  1.3888E-05
  2.6688E+01  1.2094E-05
  2.6700E+01  1.0635E-05
  2.6711E+01  9.4556E-06
  2.6723E+01  8.5117E-06
  2.6735E+01  7.8328E-06
  2.6747E+01  7.5203E-06
  2.6759E+01  7.6739E-06
  2.6771E+01  8.2946E-06
  2.6783E+01  9.2237E-06
  2.6795E+01  1.0161E-05
  2.6807E+01  1.0765E-05
  2.6819E+01  1.0785E-05
  2.6831E+01  1.0173E-05
  2.6842E+01  9.1019E-06
  2.6854E+01  7.9005E-06
  2.6866E+01  6.9168E-06
  2.6878E+01  6.3874E-06
  2.6890E+01  6.3678E-06
  2.6902E+01  6.7521E-06
  2.6914E+01  7.3636E-06
  2.6926E+01  8.0609E-06
  2.6938E+01  8.8003E-06
  2.6950E+01  9.6215E-06
  2.6962E+01  1.0568E-05
  2.6973E+01  1.1591E-05
  2.6985E+01  1.2508E-05
  2.6997E+01  1.3032E-05
  2.7009E+01  1.2897E-05
  2.7021E+01  1.1996E-05
  2.7033E+01  1.0484E-05
  2.7045E+01  8.7715E-06
  2.7057E+01  7.4122E-06
  2.7069E+01  6.9257E-06
  2.7081E+01  7.6226E-06
  2.7093E+01  9.5133E-06
  2.7104E+01  1.2329E-05
  2.7116E+01  1.5638E-05
  2.7128E+01  1.8990E-05
  2.7140E+01  2.2029E-05
  2.7152E+01  2.4517E-05
  2.7164E+01  2.6286E-05
  2.7176E+01  2.7175E-05
  2.7188E+01  2.6991E-05
  2.7200E+01  2.5565E-05
  2.7212E+01  2.2859E-05
  2.7224E+01  1.9094E-05
  2.7235E+01  1.4792E-05
  2.7247E+01  1.0703E-05
  2.7259E+01  7.5971E-06
  2.7271E+01  6.0238E-06
  2.7283E+01  6.1116E-06
  2.7295E+01  7.5238E-06
  2.7307E+01  9.5905E-06
  2.7319E+01  1.1568E-05
  2.7331E+01  1.2915E-05
  2.7343E+01  1.3462E-05
  2.7355E+01  1.3405E-05
  2.7366E+01  1.3135E-05
  2.7378E+01  1.2999E-05
  2.7390E+01  1.3123E-05
  2.7402E+01  1.3390E-05
  2.7414E+01  1.3578E-05
  2.7426E+01  1.3594E-05
  2.7438E+01  1.3639E-05
  2.7450E+01  1.4215E-05
  2.7462E+01  1.5909E-05
  2.7474E+01  1.9063E-05
  2.7486E+01  2.3465E-05
  2.7497E+01  2.8261E-05
  2.7509E+01  3.2158E-05
  2.7521E+01  3.3883E-05
  2.7533E+01  3.2715E-05
  2.7545E+01  2.8861E-05
  2.7557E+01  2.3479E-05
  2.7569E+01  1.8325E-05
  2.7581E+01  1.5145E-05
  2.7593E+01  1.5071E-05
  2.7605E+01  1.8278E-05
  2.7617E+01  2.4051E-05
  2.7628E+01  3.1217E-05
  2.7640E+01  3.8715E-05
  2.7652E+01  4.6019E-05
  2.7664E+01  5.3187E-05
  2.7676E+01  6.0507E-05
  2.7688E+01  6.7932E-05
  2.7700E+01  7.4624E-05
  2.7712E+01  7.8918E-05
  2.7724E+01  7.8832E-05
  2.7736E+01  7.2968E-05
  2.7748E+01  6.1424E-05
  2.7759E+01  4.6260E-05
  2.7771E+01  3.1191E-05
  2.7783E+01  2.0497E-05
  2.7795E+01  1.7496E-05
  2.7807E+01  2.3183E-05
  2.7819E+01  3.5625E-05
  2.7831E+01  5.0457E-05
  2.7843E+01  6.2399E-05
  2.7855E+01  6.7282E-05
  2.7867E+01  6.3825E-05
  2.7879E+01  5.4461E-05
  2.7890E+01  4.4855E-05
  2.7902E+01  4.2256E-05
  2.7914E+01  5.3239E-05
  2.7926E+01  8.1647E-05
  2.7938E+01  1.2741E-04
  2.7950E+01  1.8655E-04
  2.7962E+01  2.5224E-04
  2.7974E+01  3.1638E-04
  2.7986E+01  3.7111E-04
  2.7998E+01  4.0981E-04
  2.8010E+01  4.2754E-04
  2.8021E+01  4.2121E-04
  2.8033E+01  3.8984E-04
  2.8045E+01  3.3529E-04
  2.8057E+01  2.6331E-04
  2.8069E+01  1.8431E-04
  2.8081E+01  1.1331E-04
  2.8093E+01  6.8221E-05
  2.8105E+01  6.6521E-05
  2.8117E+01  1.2078E-04
  2.8129E+01  2.3432E-04
  2.8141E+01  3.9840E-04
  2.8152E+01  5.9224E-04
  2.8164E+01  7.8622E-04
  2.8176E+01  9.4780E-04
  2.8188E+01  1.0487E-03
  2.8200E+01  1.0712E-03
  2.8212E+01  1.0121E-03
  2.8224E+01  8.8335E-04
  2.8236E+01  7.0835E-04
  2.8248E+01  5.1670E-04
  2.8260E+01  3.3754E-04
  2.8272E+01  1.9397E-04
  2.8283E+01  9.9666E-05
  2.8295E+01  5.8057E-05
  2.8307E+01  6.3809E-05
  2.8319E+01  1.0563E-04
  2.8331E+01  1.6936E-04
  2.8343E+01  2.4061E-04
  2.8355E+01  3.0650E-04
  2.8367E+01  3.5669E-04
  2.8379E+01  3.8398E-04
  2.8391E+01  3.8475E-04
  2.8403E+01  3.5922E-04
  2.8414E+01  3.1150E-04
  2.8426E+01  2.4906E-04
  2.8438E+01  1.8150E-04
  2.8450E+01  1.1865E-04
  2.8462E+01  6.8526E-05
  2.8474E+01  3.5648E-05
  2.8486E+01  2.0311E-05
  2.8498E+01  1.9003E-05
  2.8510E+01  2.5872E-05
  2.8522E+01  3.4692E-05
  2.8534E+01  4.0667E-05
  2.8545E+01  4.1486E-05
  2.8557E+01  3.7387E-05
  2.8569E+01  3.0336E-05
  2.8581E+01  2.2814E-05
  2.8593E+01  1.6717E-05
  2.8605E+01  1.2823E-05
  2.8617E+01  1.0916E-05
  2.8629E+01  1.0387E-05
  2.8641E+01  1.0913E-05
  2.8653E+01  1.2830E-05
  2.8665E+01  1.6999E-05
  2.8676E+01  2.4239E-05
  2.8688E+01  3.4637E-05
  2.8700E+01  4.7088E-05
  2.8712E+01  5.9356E-05
  2.8724E+01  6.8668E-05
  2.8736E+01  7.2623E-05
  2.8748E+01  7.0051E-05
  2.8760E+01  6.1463E-05
  2.8772E+01  4.8901E-05
  2.8784E+01  3.5266E-05
  2.8796E+01  2.3379E-05
  2.8807E+01  1.5166E-05
  2.8819E+01  1.1240E-05
  2.8831E+01  1.0998E-05
  2.8843E+01  1.3115E-05
  2.8855E+01  1.6188E-05
  2.8867E+01  1.9234E-05
  2.8879E+01  2.1861E-05
  2.8891E+01  2.4117E-05
  2.8903E+01  2.6139E-05
  2.8915E+01  2.7847E-05
  2.8927E+01  2.8830E-05
  2.8938E+01  2.8497E-05
  2.8950E+01  2.6400E-05
  2.8962E+01  2.2539E-05
  2.8974E+01  1.7498E-05
  2.8986E+01  1.2301E-05
  2.8998E+01  8.0612E-06
  2.9010E+01  5.5673E-06
  2.9022E+01  4.9922E-06
  2.9034E+01  5.8579E-06
  2.9046E+01  7.2644E-06
  2.9058E+01  8.2796E-06
  2.9069E+01  8.3121E-06
  2.9081E+01  7.3101E-06
  2.9093E+01  5.7125E-06
  2.9105E+01  4.1926E-06
  2.9117E+01  3.3264E-06
  2.9129E+01  3.3404E-06
  2.9141E+01  4.0461E-06
  2.9153E+01  4.9731E-06
  2.9165E+01  5.6223E-06
  2.9177E+01  5.7061E-06
  2.9188E+01  5.2657E-06
  2.9200E+01  4.6151E-06
  2.9212E+01  4.1558E-06
  2.9224E+01  4.1612E-06
  2.9236E+01  4.6397E-06
  2.9248E+01  5.3415E-06
  2.9260E+01  5.8963E-06
  2.9272E+01  6.0083E-06
  2.9284E+01  5.6052E-06
  2.9296E+01  4.8701E-06
  2.9308E+01  4.1423E-06
  2.9319E+01  3.7416E-06
  2.9331E+01  3.8070E-06
  2.9343E+01  4.2309E-06
  2.9355E+01  4.7191E-06
  2.9367E+01  4.9453E-06
  2.9379E+01  4.7199E-06
  2.9391E+01  4.0881E-06
  2.9403E+01  3.3096E-06
  2.9415E+01  2.7310E-06
  2.9427E+01  2.6155E-06
  2.9439E+01  3.0150E-06
  2.9450E+01  3.7474E-06
  2.9462E+01  4.4887E-06
  2.9474E+01  4.9337E-06
  2.9486E+01  4.9429E-06
  2.9498E+01  4.6058E-06
  2.9510E+01  4.1881E-06
  2.9522E+01  3.9926E-06
  2.9534E+01  4.2026E-06
  2.9546E+01  4.7864E-06
  2.9558E+01  5.5115E-06
  2.9570E+01  6.0591E-06
  2.9581E+01  6.1843E-06
  2.9593E+01  5.8409E-06
  2.9605E+01  5.2108E-06
  2.9617E+01  4.6236E-06
  2.9629E+01  4.4043E-06
  2.9641E+01  4.7252E-06
  2.9653E+01  5.5305E-06
  2.9665E+01  6.5699E-06
  2.9677E+01  7.5210E-06
  2.9689E+01  8.1378E-06
  2.9701E+01  8.3545E-06
  2.9712E+01  8.2941E-06
  2.9724E+01  8.1821E-06
  2.9736E+01  8.2141E-06
  2.9748E+01  8.4465E-06
  2.9760E+01  8.7677E-06
  2.9772E+01  8.9652E-06
  2.9784E+01  8.8508E-06
  2.9796E+01  8.3803E-06
  2.9808E+01  7.6999E-06
  2.9820E+01  7.0919E-06
  2.9832E+01  6.8447E-06
  2.9843E+01  7.1087E-06
  2.9855E+01  7.8149E-06
  2.9867E+01  8.6995E-06
  2.9879E+01  9.4269E-06
  2.9891E+01  9.7528E-06
  2.9903E+01  9.6451E-06
  2.9915E+01  9.3005E-06
  2.9927E+01  9.0446E-06
  2.9939E+01  9.1656E-06
  2.9951E+01  9.7689E-06
  2.9963E+01  1.0738E-05
  2.9974E+01  1.1833E-05
  2.9986E+01  1.2899E-05
  2.9998E+01  1.4074E-05
  3.0010E+01  1.5892E-05
  3.0022E+01  1.9203E-05
  3.0034E+01  2.4894E-05
  3.0046E+01  3.3512E-05
  3.0058E+01  4.4928E-05
  3.0070E+01  5.8185E-05
  3.0082E+01  7.1609E-05
  3.0094E+01  8.3182E-05
  3.0105E+01  9.1049E-05
  3.0117E+01  9.4011E-05
  3.0129E+01  9.1841E-05
  3.0141E+01  8.5342E-05
  3.0153E+01  7.6155E-05
  3.0165E+01  6.6399E-05
  3.0177E+01  5.8274E-05
  3.0189E+01  5.3725E-05
  3.0201E+01  5.4214E-05
  3.0213E+01  6.0591E-05
  3.0225E+01  7.3005E-05
  3.0236E+01  9.0826E-05
  3.0248E+01  1.1259E-04
  3.0260E+01  1.3599E-04
  3.0272E+01  1.5807E-04
  3.0284E+01  1.7561E-04
  3.0296E+01  1.8564E-04
  3.0308E+01  1.8615E-04
  3.0320E+01  1.7662E-04
  3.0332E+01  1.5824E-04
  3.0344E+01  1.3380E-04
  3.0356E+01  1.0708E-04
  3.0367E+01  8.2029E-05
  3.0379E+01  6.1932E-05
  3.0391E+01  4.8717E-05
  3.0403E+01  4.2718E-05
  3.0415E+01  4.2835E-05
  3.0427E+01  4.7041E-05
  3.0439E+01  5.3021E-05
  3.0451E+01  5.8736E-05
  3.0463E+01  6.2763E-05
  3.0475E+01  6.4370E-05
  3.0487E+01  6.3383E-05
  3.0498E+01  5.9972E-05
  3.0510E+01  5.4480E-05
  3.0522E+01  4.7353E-05
  3.0534E+01  3.9155E-05
  3.0546E+01  3.0612E-05
  3.0558E+01  2.2582E-05
  3.0570E+01  1.5928E-05
  3.0582E+01  1.1315E-05
  3.0594E+01  9.0056E-06
  3.0606E+01  8.7567E-06
  3.0618E+01  9.8804E-06
  3.0629E+01  1.1459E-05
  3.0641E+01  1.2640E-05
  3.0653E+01  1.2894E-05
  3.0665E+01  1.2143E-05
  3.0677E+01  1.0695E-05
  3.0689E+01  9.0602E-06
  3.0701E+01  7.7028E-06
  3.0713E+01  6.8744E-06
  3.0725E+01  6.5761E-06
  3.0737E+01  6.6604E-06
  3.0749E+01  6.9977E-06
  3.0760E+01  7.6080E-06
  3.0772E+01  8.6754E-06
  3.0784E+01  1.0429E-05
  3.0796E+01  1.2947E-05
  3.0808E+01  1.5994E-05
  3.0820E+01  1.8987E-05
  3.0832E+01  2.1138E-05
  3.0844E+01  2.1735E-05
  3.0856E+01  2.0444E-05
  3.0868E+01  1.7495E-05
  3.0880E+01  1.3659E-05
  3.0891E+01  1.0007E-05
  3.0903E+01  7.5352E-06
  3.0915E+01  6.8121E-06
  3.0927E+01  7.7861E-06
  3.0939E+01  9.8414E-06
  3.0951E+01  1.2071E-05
  3.0963E+01  1.3647E-05
  3.0975E+01  1.4135E-05
  3.0987E+01  1.3614E-05
  3.0999E+01  1.2567E-05
  3.1011E+01  1.1608E-05
  3.1022E+01  1.1173E-05
  3.1034E+01  1.1323E-05
  3.1046E+01  1.1753E-05
  3.1058E+01  1.1985E-05
  3.1070E+01  1.1651E-05
  3.1082E+01  1.0718E-05
  3.1094E+01  9.5359E-06
  3.1106E+01  8.6908E-06
  3.1118E+01  8.7154E-06
  3.1130E+01  9.8058E-06
  3.1142E+01  1.1680E-05
  3.1153E+01  1.3653E-05
  3.1165E+01  1.4908E-05
  3.1177E+01  1.4845E-05
  3.1189E+01  1.3343E-05
  3.1201E+01  1.0836E-05
  3.1213E+01  8.1445E-06
  3.1225E+01  6.1503E-06
  3.1237E+01  5.4591E-06
  3.1249E+01  6.1891E-06
  3.1261E+01  7.9773E-06
  3.1273E+01  1.0184E-05
  3.1284E+01  1.2188E-05
  3.1296E+01  1.3637E-05
  3.1308E+01  1.4527E-05
  3.1320E+01  1.5098E-05
  3.1332E+01  1.5614E-05
  3.1344E+01  1.6142E-05
  3.1356E+01  1.6472E-05
  3.1368E+01  1.6208E-05
  3.1380E+01  1.4998E-05
  3.1392E+01  1.2784E-05
  3.1404E+01  9.9250E-06
  3.1415E+01  7.1247E-06
  3.1427E+01  5.1719E-06
  3.1439E+01  4.6094E-06
  3.1451E+01  5.4875E-06
  3.1463E+01  7.3257E-06
  3.1475E+01  9.3135E-06
  3.1487E+01  1.0664E-05
  3.1499E+01  1.0963E-05
  3.1511E+01  1.0341E-05
  3.1523E+01  9.3930E-06
  3.1535E+01  8.8719E-06
  3.1546E+01  9.3069E-06
  3.1558E+01  1.0728E-05
  3.1570E+01  1.2636E-05
  3.1582E+01  1.4242E-05
  3.1594E+01  1.4861E-05
  3.1606E+01  1.4268E-05
  3.1618E+01  1.2839E-05
  3.1630E+01  1.1390E-05
  3.1642E+01  1.0781E-05
  3.1654E+01  1.1482E-05
  3.1666E+01  1.3301E-05
  3.1677E+01  1.5442E-05
  3.1689E+01  1.6876E-05
  3.1701E+01  1.6865E-05
  3.1713E+01  1.5391E-05
  3.1725E+01  1.3262E-05
  3.1737E+01  1.1814E-05
  3.1749E+01  1.2324E-05
  3.1761E+01  1.5378E-05
  3.1773E+01  2.0513E-05
  3.1785E+01  2.6307E-05
  3.1797E+01  3.0922E-05
  3.1808E+01  3.2869E-05
  3.1820E+01  3.1668E-05
  3.1832E+01  2.8081E-05
  3.1844E+01  2.3793E-05
  3.1856E+01  2.0671E-05
  3.1868E+01  1.9916E-05
  3.1880E+01  2.1503E-05
  3.1892E+01  2.4196E-05
  3.1904E+01  2.6147E-05
  3.1916E+01  2.5841E-05
  3.1928E+01  2.2937E-05
  3.1939E+01  1.8597E-05
  3.1951E+01  1.5105E-05
  3.1963E+01  1.4879E-05
  3.1975E+01  1.9286E-05
  3.1987E+01  2.7806E-05
  3.1999E+01  3.7961E-05
  3.2011E+01  4.6148E-05
  3.2023E+01  4.9105E-05
  3.2035E+01  4.5479E-05
  3.2047E+01  3.6843E-05
  3.2059E+01  2.7746E-05
  3.2070E+01  2.4680E-05
  3.2082E+01  3.4308E-05
  3.2094E+01  6.1530E-05
  3.2106E+01  1.0802E-04
  3.2118E+01  1.7166E-04
  3.2130E+01  2.4693E-04
  3.2142E+01  3.2597E-04
  3.2154E+01  3.9995E-04
  3.2166E+01  4.6023E-04
  3.2178E+01  4.9930E-04
  3.2190E+01  5.1146E-04
  3.2201E+01  4.9356E-04
  3.2213E+01  4.4600E-04
  3.2225E+01  3.7387E-04
  3.2237E+01  2.8778E-04
  3.2249E+01  2.0382E-04
  3.2261E+01  1.4207E-04
  3.2273E+01  1.2328E-04
  3.2285E+01  1.6431E-04
  3.2297E+01  2.7334E-04
  3.2309E+01  4.4613E-04
  3.2321E+01  6.6478E-04
  3.2332E+01  8.9979E-04
  3.2344E+01  1.1152E-03
  3.2356E+01  1.2756E-03
  3.2368E+01  1.3542E-03
  3.2380E+01  1.3377E-03
  3.2392E+01  1.2299E-03
  3.2404E+01  1.0500E-03
  3.2416E+01  8.2827E-04
  3.2428E+01  5.9948E-04
  3.2440E+01  3.9593E-04
  3.2452E+01  2.4188E-04
  3.2463E+01  1.5034E-04
  3.2475E+01  1.2252E-04
  3.2487E+01  1.4965E-04
  3.2499E+01  2.1614E-04
  3.2511E+01  3.0320E-04
  3.2523E+01  3.9214E-04
  3.2535E+01  4.6685E-04
  3.2547E+01  5.1543E-04
  3.2559E+01  5.3112E-04
  3.2571E+01  5.1247E-04
  3.2583E+01  4.6311E-04
  3.2594E+01  3.9088E-04
  3.2606E+01  3.0634E-04
  3.2618E+01  2.2093E-04
  3.2630E+01  1.4487E-04
  3.2642E+01  8.5420E-05
  3.2654E+01  4.5730E-05
  3.2666E+01  2.4774E-05
  3.2678E+01  1.8237E-05
  3.2690E+01  2.0123E-05
  3.2702E+01  2.4572E-05
  3.2714E+01  2.7334E-05
  3.2725E+01  2.6497E-05
  3.2737E+01  2.2369E-05
  3.2749E+01  1.6677E-05
  3.2761E+01  1.1487E-05
  3.2773E+01  8.2650E-06
  3.2785E+01  7.4030E-06
  3.2797E+01  8.2825E-06
  3.2809E+01  9.7502E-06
  3.2821E+01  1.0726E-05
  3.2833E+01  1.0661E-05
  3.2845E+01  9.6806E-06
  3.2856E+01  8.3922E-06
  3.2868E+01  7.5120E-06
  3.2880E+01  7.4941E-06
  3.2892E+01  8.3361E-06
  3.2904E+01  9.6219E-06
  3.2916E+01  1.0750E-05
  3.2928E+01  1.1215E-05
  3.2940E+01  1.0815E-05
  3.2952E+01  9.6884E-06
  3.2964E+01  8.2042E-06
  3.2976E+01  6.7666E-06
  3.2987E+01  5.6443E-06
  3.2999E+01  4.8966E-06
  3.3011E+01  4.4151E-06
  3.3023E+01  4.0381E-06
  3.3035E+01  3.6671E-06
  3.3047E+01  3.3214E-06
  3.3059E+01  3.1102E-06
  3.3071E+01  3.1468E-06
  3.3083E+01  3.4594E-06
  3.3095E+01  3.9503E-06
  3.3106E+01  4.4265E-06
  3.3118E+01  4.6833E-06
  3.3130E+01  4.5965E-06
  3.3142E+01  4.1747E-06
  3.3154E+01  3.5471E-06
  3.3166E+01  2.8954E-06
  3.3178E+01  2.3678E-06
  3.3190E+01  2.0205E-06
  3.3202E+01  1.8119E-06
  3.3214E+01  1.6508E-06
  3.3226E+01  1.4652E-06
  3.3237E+01  1.2546E-06
  3.3249E+01  1.0953E-06
  3.3261E+01  1.0974E-06
  3.3273E+01  1.3373E-06
  3.3285E+01  1.8032E-06
  3.3297E+01  2.3843E-06
  3.3309E+01  2.9096E-06
  3.3321E+01  3.2193E-06
  3.3333E+01  3.2307E-06
  3.3345E+01  2.9684E-06
  3.3357E+01  2.5452E-06
  3.3368E+01  2.1053E-06
  3.3380E+01  1.7601E-06
  3.3392E+01  1.5497E-06
  3.3404E+01  1.4449E-06
  3.3416E+01  1.3848E-06
  3.3428E+01  1.3252E-06
  3.3440E+01  1.2684E-06
  3.3452E+01  1.2586E-06
  3.3464E+01  1.3464E-06
  3.3476E+01  1.5456E-06
  3.3488E+01  1.8090E-06
  3.3499E+01  2.0406E-06
  3.3511E+01  2.1393E-06
  3.3523E+01  2.0515E-06
  3.3535E+01  1.8025E-06
  3.3547E+01  1.4878E-06
  3.3559E+01  1.2266E-06
  3.3571E+01  1.1023E-06
  3.3583E+01  1.1214E-06
  3.3595E+01  1.2154E-06
  3.3607E+01  1.2858E-06
  3.3619E+01  1.2681E-06
  3.3630E+01  1.1782E-06
  3.3642E+01  1.1124E-06
  3.3654E+01  1.1965E-06
  3.3666E+01  1.5084E-06
  3.3678E+01  2.0168E-06
  3.3690E+01  2.5735E-06
  3.3702E+01  2.9704E-06
  3.3714E+01  3.0385E-06
  3.3726E+01  2.7388E-06
  3.3738E+01  2.1965E-06
  3.3750E+01  1.6536E-06
  3.3761E+01  1.3588E-06
  3.3773E+01  1.4464E-06
  3.3785E+01  1.8684E-06
  3.3797E+01  2.4201E-06
  3.3809E+01  2.8521E-06
  3.3821E+01  3.0154E-06
  3.3833E+01  2.9604E-06
  3.3845E+01  2.9312E-06
  3.3857E+01  3.2446E-06
  3.3869E+01  4.1052E-06
  3.3881E+01  5.4521E-06
  3.3892E+01  6.9237E-06
  3.3904E+01  7.9809E-06
  3.3916E+01  8.1450E-06
  3.3928E+01  7.2456E-06
  3.3940E+01  5.5516E-06
  3.3952E+01  3.7034E-06
  3.3964E+01  2.4559E-06
  3.3976E+01  2.3376E-06
  3.3988E+01  3.3863E-06
  3.4000E+01  5.1024E-06
  3.4012E+01  6.6665E-06
  3.4023E+01  7.3413E-06
  3.4035E+01  6.8752E-06
  3.4047E+01  5.7011E-06
  3.4059E+01  4.8008E-06
  3.4071E+01  5.2562E-06
  3.4083E+01  7.6689E-06
  3.4095E+01  1.1722E-05
  3.4107E+01  1.6133E-05
  3.4119E+01  1.9103E-05
  3.4131E+01  1.9150E-05
  3.4143E+01  1.6020E-05
  3.4154E+01  1.1293E-05
  3.4166E+01  8.3848E-06
  3.4178E+01  1.1818E-05
  3.4190E+01  2.5964E-05
  3.4202E+01  5.3613E-05
  3.4214E+01  9.4864E-05
  3.4226E+01  1.4668E-04
  3.4238E+01  2.0327E-04
  3.4250E+01  2.5716E-04
  3.4262E+01  3.0063E-04
  3.4274E+01  3.2712E-04
  3.4285E+01  3.3238E-04
  3.4297E+01  3.1507E-04
  3.4309E+01  2.7709E-04
  3.4321E+01  2.2355E-04
  3.4333E+01  1.6254E-04
  3.4345E+01  1.0465E-04
  3.4357E+01  6.2021E-05
  3.4369E+01  4.6821E-05
  3.4381E+01  6.9021E-05
  3.4393E+01  1.3391E-04
  3.4405E+01  2.3984E-04
  3.4416E+01  3.7706E-04
  3.4428E+01  5.2821E-04
  3.4440E+01  6.7082E-04
  3.4452E+01  7.8146E-04
  3.4464E+01  8.4066E-04
  3.4476E+01  8.3740E-04
  3.4488E+01  7.7179E-04
  3.4500E+01  6.5527E-04
  3.4512E+01  5.0806E-04
  3.4524E+01  3.5465E-04
  3.4536E+01  2.1850E-04
  3.4547E+01  1.1736E-04
  3.4559E+01  6.0342E-05
  3.4571E+01  4.7370E-05
  3.4583E+01  7.0751E-05
  3.4595E+01  1.1812E-04
  3.4607E+01  1.7576E-04
  3.4619E+01  2.3137E-04
  3.4631E+01  2.7572E-04
  3.4643E+01  3.0319E-04
  3.4655E+01  3.1144E-04
  3.4667E+01  3.0073E-04
  3.4678E+01  2.7334E-04
  3.4690E+01  2.3310E-04
  3.4702E+01  1.8507E-04
  3.4714E+01  1.3512E-04
  3.4726E+01  8.9182E-05
  3.4738E+01  5.2299E-05
  3.4750E+01  2.7587E-05
  3.4762E+01  1.5560E-05
  3.4774E+01  1.4082E-05
  3.4786E+01  1.9072E-05
  3.4798E+01  2.5777E-05
  3.4809E+01  3.0193E-05
  3.4821E+01  3.0155E-05
  3.4833E+01  2.5716E-05
  3.4845E+01  1.8735E-05
  3.4857E+01  1.1871E-05
  3.4869E+01  7.4183E-06
  3.4881E+01  6.4411E-06
  3.4893E+01  8.5151E-06
  3.4905E+01  1.2112E-05
  3.4917E+01  1.5398E-05
  3.4929E+01  1.7065E-05
  3.4940E+01  1.6825E-05
  3.4952E+01  1.5396E-05
  3.4964E+01  1.4026E-05
  3.4976E+01  1.3802E-05
  3.4988E+01  1.5108E-05
  3.5000E+01  1.7437E-05
